solid CATIA STL
  facet normal  0.000000e+00  0.000000e+00 -1.000000e+00
    outer loop
      vertex  2.337061e+00  1.111140e+00  0.000000e+00
      vertex -8.439340e+00  5.560660e+00  0.000000e+00
      vertex -8.666645e+00  5.747204e+00  0.000000e+00
    endloop
  endfacet
  facet normal  -0.000000e+00  0.000000e+00 -1.000000e+00
    outer loop
      vertex -9.500000e+00  3.000000e+00  0.000000e+00
      vertex -1.056066e+01 -3.439340e+00  0.000000e+00
      vertex -1.074720e+01 -3.666645e+00  0.000000e+00
    endloop
  endfacet
  facet normal  -0.000000e+00  0.000000e+00 -1.000000e+00
    outer loop
      vertex -9.500000e+00  3.000000e+00  0.000000e+00
      vertex -1.033335e+01 -3.252796e+00  0.000000e+00
      vertex -1.056066e+01 -3.439340e+00  0.000000e+00
    endloop
  endfacet
  facet normal  -0.000000e+00  0.000000e+00 -1.000000e+00
    outer loop
      vertex -9.500000e+00  3.000000e+00  0.000000e+00
      vertex -1.007403e+01 -3.114181e+00  0.000000e+00
      vertex -1.033335e+01 -3.252796e+00  0.000000e+00
    endloop
  endfacet
  facet normal  -0.000000e+00  0.000000e+00 -1.000000e+00
    outer loop
      vertex -9.500000e+00  3.000000e+00  0.000000e+00
      vertex -9.792636e+00 -3.028822e+00  0.000000e+00
      vertex -1.007403e+01 -3.114181e+00  0.000000e+00
    endloop
  endfacet
  facet normal  0.000000e+00  0.000000e+00 -9.999999e-01
    outer loop
      vertex -8.925975e+00 -3.114181e+00  0.000000e+00
      vertex -9.207364e+00 -3.028822e+00  0.000000e+00
      vertex -2.165064e+00 -3.250000e+00  0.000000e+00
    endloop
  endfacet
  facet normal  0.000000e+00  0.000000e+00 -1.000000e+00
    outer loop
      vertex -2.349231e+00 -3.644950e+00  0.000000e+00
      vertex -8.252795e+00 -3.666645e+00  0.000000e+00
      vertex -8.439340e+00 -3.439340e+00  0.000000e+00
    endloop
  endfacet
  facet normal  0.000000e+00  -0.000000e+00 -9.999999e-01
    outer loop
      vertex -9.500000e+00 -6.000000e+00  0.000000e+00
      vertex -9.207364e+00 -5.971178e+00  0.000000e+00
      vertex -1.915111e+00 -6.106969e+00  0.000000e+00
    endloop
  endfacet
  facet normal  0.000000e+00  0.000000e+00 -1.000000e+00
    outer loop
      vertex  8.000000e+00 -4.500000e+00  0.000000e+00
      vertex  1.250000e+00 -6.665063e+00  0.000000e+00
      vertex  1.606969e+00 -6.415111e+00  0.000000e+00
    endloop
  endfacet
  facet normal  0.000000e+00  0.000000e+00 -1.000000e+00
    outer loop
      vertex  8.000000e+00 -4.500000e+00  0.000000e+00
      vertex  1.606969e+00 -6.415111e+00  0.000000e+00
      vertex  1.915111e+00 -6.106969e+00  0.000000e+00
    endloop
  endfacet
  facet normal  0.000000e+00  0.000000e+00 -1.000000e+00
    outer loop
      vertex  8.000000e+00 -4.500000e+00  0.000000e+00
      vertex  1.915111e+00 -6.106969e+00  0.000000e+00
      vertex  2.165064e+00 -5.750000e+00  0.000000e+00
    endloop
  endfacet
  facet normal  0.000000e+00  0.000000e+00 -1.000000e+00
    outer loop
      vertex  8.000000e+00 -4.500000e+00  0.000000e+00
      vertex  2.165064e+00 -5.750000e+00  0.000000e+00
      vertex  2.349231e+00 -5.355051e+00  0.000000e+00
    endloop
  endfacet
  facet normal  0.000000e+00  0.000000e+00 -1.000000e+00
    outer loop
      vertex  8.000000e+00 -4.500000e+00  0.000000e+00
      vertex  2.349231e+00 -5.355051e+00  0.000000e+00
      vertex  2.462019e+00 -4.934121e+00  0.000000e+00
    endloop
  endfacet
  facet normal  0.000000e+00  0.000000e+00 -1.000000e+00
    outer loop
      vertex  8.000000e+00 -4.500000e+00  0.000000e+00
      vertex  2.462019e+00 -4.934121e+00  0.000000e+00
      vertex  4.000000e+00 -2.000000e+00  0.000000e+00
    endloop
  endfacet
  facet normal  0.000000e+00  0.000000e+00 -1.000000e+00
    outer loop
      vertex -1.250000e+01 -6.500000e+00  0.000000e+00
      vertex -1.097118e+01  4.792635e+00  0.000000e+00
      vertex -1.100000e+01  4.500000e+00  0.000000e+00
    endloop
  endfacet
  facet normal  0.000000e+00  -0.000000e+00 -1.000000e+00
    outer loop
      vertex -1.250000e+01 -6.500000e+00  0.000000e+00
      vertex -1.100000e+01  4.500000e+00  0.000000e+00
      vertex -1.097118e+01  4.207365e+00  0.000000e+00
    endloop
  endfacet
  facet normal  0.000000e+00  -0.000000e+00 -9.999999e-01
    outer loop
      vertex -1.250000e+01 -6.500000e+00  0.000000e+00
      vertex -1.097118e+01  4.207365e+00  0.000000e+00
      vertex -1.088582e+01  3.925975e+00  0.000000e+00
    endloop
  endfacet
  facet normal  0.000000e+00  -0.000000e+00 -1.000000e+00
    outer loop
      vertex -1.250000e+01 -6.500000e+00  0.000000e+00
      vertex -1.088582e+01  3.925975e+00  0.000000e+00
      vertex -1.074720e+01  3.666645e+00  0.000000e+00
    endloop
  endfacet
  facet normal  0.000000e+00  -0.000000e+00 -1.000000e+00
    outer loop
      vertex -1.250000e+01 -6.500000e+00  0.000000e+00
      vertex -1.074720e+01  3.666645e+00  0.000000e+00
      vertex -1.056066e+01  3.439340e+00  0.000000e+00
    endloop
  endfacet
  facet normal  0.000000e+00  -0.000000e+00 -1.000000e+00
    outer loop
      vertex -1.250000e+01 -6.500000e+00  0.000000e+00
      vertex -1.056066e+01  3.439340e+00  0.000000e+00
      vertex -1.033335e+01  3.252796e+00  0.000000e+00
    endloop
  endfacet
  facet normal  0.000000e+00  -0.000000e+00 -1.000000e+00
    outer loop
      vertex -1.250000e+01 -6.500000e+00  0.000000e+00
      vertex -1.033335e+01  3.252796e+00  0.000000e+00
      vertex -1.007403e+01  3.114181e+00  0.000000e+00
    endloop
  endfacet
  facet normal  0.000000e+00  -0.000000e+00 -1.000000e+00
    outer loop
      vertex -1.250000e+01 -6.500000e+00  0.000000e+00
      vertex -1.007403e+01  3.114181e+00  0.000000e+00
      vertex -9.792636e+00  3.028822e+00  0.000000e+00
    endloop
  endfacet
  facet normal  0.000000e+00  -0.000000e+00 -1.000000e+00
    outer loop
      vertex -1.250000e+01 -6.500000e+00  0.000000e+00
      vertex -9.792636e+00  3.028822e+00  0.000000e+00
      vertex -9.500000e+00  3.000000e+00  0.000000e+00
    endloop
  endfacet
  facet normal  0.000000e+00  0.000000e+00 -1.000000e+00
    outer loop
      vertex -1.250000e+01 -6.500000e+00  0.000000e+00
      vertex -9.500000e+00  3.000000e+00  0.000000e+00
      vertex -1.074720e+01 -3.666645e+00  0.000000e+00
    endloop
  endfacet
  facet normal  0.000000e+00  0.000000e+00 -1.000000e+00
    outer loop
      vertex -1.250000e+01 -6.500000e+00  0.000000e+00
      vertex -1.074720e+01 -3.666645e+00  0.000000e+00
      vertex -1.088582e+01 -3.925975e+00  0.000000e+00
    endloop
  endfacet
  facet normal  0.000000e+00  0.000000e+00 -1.000000e+00
    outer loop
      vertex -1.250000e+01 -6.500000e+00  0.000000e+00
      vertex -1.088582e+01 -3.925975e+00  0.000000e+00
      vertex -1.097118e+01 -4.207365e+00  0.000000e+00
    endloop
  endfacet
  facet normal  0.000000e+00  0.000000e+00 -1.000000e+00
    outer loop
      vertex -1.250000e+01 -6.500000e+00  0.000000e+00
      vertex -1.097118e+01 -4.207365e+00  0.000000e+00
      vertex -1.100000e+01 -4.500000e+00  0.000000e+00
    endloop
  endfacet
  facet normal  0.000000e+00  -0.000000e+00 -1.000000e+00
    outer loop
      vertex -1.250000e+01 -6.500000e+00  0.000000e+00
      vertex -1.100000e+01 -4.500000e+00  0.000000e+00
      vertex -1.097118e+01 -4.792635e+00  0.000000e+00
    endloop
  endfacet
  facet normal  0.000000e+00  -0.000000e+00 -1.000000e+00
    outer loop
      vertex -1.250000e+01 -6.500000e+00  0.000000e+00
      vertex -1.097118e+01 -4.792635e+00  0.000000e+00
      vertex -1.088582e+01 -5.074025e+00  0.000000e+00
    endloop
  endfacet
  facet normal  0.000000e+00  -0.000000e+00 -1.000000e+00
    outer loop
      vertex -1.250000e+01 -6.500000e+00  0.000000e+00
      vertex -1.088582e+01 -5.074025e+00  0.000000e+00
      vertex -1.074720e+01 -5.333355e+00  0.000000e+00
    endloop
  endfacet
  facet normal  0.000000e+00  -0.000000e+00 -1.000000e+00
    outer loop
      vertex -1.250000e+01 -6.500000e+00  0.000000e+00
      vertex -1.074720e+01 -5.333355e+00  0.000000e+00
      vertex -1.056066e+01 -5.560660e+00  0.000000e+00
    endloop
  endfacet
  facet normal  0.000000e+00  -0.000000e+00 -1.000000e+00
    outer loop
      vertex -1.250000e+01 -6.500000e+00  0.000000e+00
      vertex -1.056066e+01 -5.560660e+00  0.000000e+00
      vertex -1.033335e+01 -5.747204e+00  0.000000e+00
    endloop
  endfacet
  facet normal  0.000000e+00  -0.000000e+00 -1.000000e+00
    outer loop
      vertex -1.250000e+01 -6.500000e+00  0.000000e+00
      vertex -1.033335e+01 -5.747204e+00  0.000000e+00
      vertex -1.007403e+01 -5.885819e+00  0.000000e+00
    endloop
  endfacet
  facet normal  0.000000e+00  -0.000000e+00 -1.000000e+00
    outer loop
      vertex -1.250000e+01 -6.500000e+00  0.000000e+00
      vertex -1.007403e+01 -5.885819e+00  0.000000e+00
      vertex -9.792636e+00 -5.971178e+00  0.000000e+00
    endloop
  endfacet
  facet normal  0.000000e+00  -0.000000e+00 -1.000000e+00
    outer loop
      vertex -1.250000e+01 -6.500000e+00  0.000000e+00
      vertex -9.792636e+00 -5.971178e+00  0.000000e+00
      vertex -9.500000e+00 -6.000000e+00  0.000000e+00
    endloop
  endfacet
  facet normal  0.000000e+00  0.000000e+00 -1.000000e+00
    outer loop
      vertex -1.250000e+01 -6.500000e+00  0.000000e+00
      vertex -9.500000e+00 -6.000000e+00  0.000000e+00
      vertex -1.150000e+01 -7.500000e+00  0.000000e+00
    endloop
  endfacet
  facet normal  0.000000e+00  0.000000e+00 -1.000000e+00
    outer loop
      vertex -1.250000e+01 -6.500000e+00  0.000000e+00
      vertex -1.150000e+01 -7.500000e+00  0.000000e+00
      vertex -1.169509e+01 -7.480785e+00  0.000000e+00
    endloop
  endfacet
  facet normal  0.000000e+00  0.000000e+00 -1.000000e+00
    outer loop
      vertex -1.250000e+01 -6.500000e+00  0.000000e+00
      vertex -1.169509e+01 -7.480785e+00  0.000000e+00
      vertex -1.188268e+01 -7.423880e+00  0.000000e+00
    endloop
  endfacet
  facet normal  0.000000e+00  0.000000e+00 -1.000000e+00
    outer loop
      vertex -1.250000e+01 -6.500000e+00  0.000000e+00
      vertex -1.188268e+01 -7.423880e+00  0.000000e+00
      vertex -1.205557e+01 -7.331470e+00  0.000000e+00
    endloop
  endfacet
  facet normal  0.000000e+00  0.000000e+00 -1.000000e+00
    outer loop
      vertex -1.250000e+01 -6.500000e+00  0.000000e+00
      vertex -1.205557e+01 -7.331470e+00  0.000000e+00
      vertex -1.220711e+01 -7.207107e+00  0.000000e+00
    endloop
  endfacet
  facet normal  0.000000e+00  0.000000e+00 -1.000000e+00
    outer loop
      vertex -1.250000e+01 -6.500000e+00  0.000000e+00
      vertex -1.220711e+01 -7.207107e+00  0.000000e+00
      vertex -1.233147e+01 -7.055570e+00  0.000000e+00
    endloop
  endfacet
  facet normal  0.000000e+00  0.000000e+00 -1.000000e+00
    outer loop
      vertex -1.250000e+01 -6.500000e+00  0.000000e+00
      vertex -1.233147e+01 -7.055570e+00  0.000000e+00
      vertex -1.242388e+01 -6.882683e+00  0.000000e+00
    endloop
  endfacet
  facet normal  0.000000e+00  0.000000e+00 -9.999999e-01
    outer loop
      vertex -1.250000e+01 -6.500000e+00  0.000000e+00
      vertex -1.242388e+01 -6.882683e+00  0.000000e+00
      vertex -1.248079e+01 -6.695090e+00  0.000000e+00
    endloop
  endfacet
  facet normal  0.000000e+00  -0.000000e+00 -1.000000e+00
    outer loop
      vertex -1.150000e+01 -7.500000e+00  0.000000e+00
      vertex -9.500000e+00 -6.000000e+00  0.000000e+00
      vertex -1.915111e+00 -6.106969e+00  0.000000e+00
    endloop
  endfacet
  facet normal  0.000000e+00  -0.000000e+00 -1.000000e+00
    outer loop
      vertex -1.150000e+01 -7.500000e+00  0.000000e+00
      vertex -1.915111e+00 -6.106969e+00  0.000000e+00
      vertex -1.606969e+00 -6.415111e+00  0.000000e+00
    endloop
  endfacet
  facet normal  0.000000e+00  -0.000000e+00 -1.000000e+00
    outer loop
      vertex -1.150000e+01 -7.500000e+00  0.000000e+00
      vertex -1.606969e+00 -6.415111e+00  0.000000e+00
      vertex -1.250000e+00 -6.665063e+00  0.000000e+00
    endloop
  endfacet
  facet normal  0.000000e+00  -0.000000e+00 -1.000000e+00
    outer loop
      vertex -1.150000e+01 -7.500000e+00  0.000000e+00
      vertex -1.250000e+00 -6.665063e+00  0.000000e+00
      vertex -8.550504e-01 -6.849232e+00  0.000000e+00
    endloop
  endfacet
  facet normal  0.000000e+00  -0.000000e+00 -1.000000e+00
    outer loop
      vertex -1.150000e+01 -7.500000e+00  0.000000e+00
      vertex -8.550504e-01 -6.849232e+00  0.000000e+00
      vertex -4.341204e-01 -6.962019e+00  0.000000e+00
    endloop
  endfacet
  facet normal  0.000000e+00  -0.000000e+00 -1.000000e+00
    outer loop
      vertex -1.150000e+01 -7.500000e+00  0.000000e+00
      vertex -4.341204e-01 -6.962019e+00  0.000000e+00
      vertex -4.592425e-16 -7.000000e+00  0.000000e+00
    endloop
  endfacet
  facet normal  0.000000e+00  -0.000000e+00 -1.000000e+00
    outer loop
      vertex  8.550504e-01 -6.849232e+00  0.000000e+00
      vertex  1.250000e+00 -6.665063e+00  0.000000e+00
      vertex  8.000000e+00 -4.500000e+00  0.000000e+00
    endloop
  endfacet
  facet normal  0.000000e+00  -0.000000e+00 -1.000000e+00
    outer loop
      vertex  8.550504e-01 -6.849232e+00  0.000000e+00
      vertex  8.000000e+00 -4.500000e+00  0.000000e+00
      vertex  8.028822e+00 -4.792635e+00  0.000000e+00
    endloop
  endfacet
  facet normal  0.000000e+00  -0.000000e+00 -1.000000e+00
    outer loop
      vertex  8.550504e-01 -6.849232e+00  0.000000e+00
      vertex  8.028822e+00 -4.792635e+00  0.000000e+00
      vertex  8.114181e+00 -5.074025e+00  0.000000e+00
    endloop
  endfacet
  facet normal  0.000000e+00  -0.000000e+00 -1.000000e+00
    outer loop
      vertex  8.550504e-01 -6.849232e+00  0.000000e+00
      vertex  8.114181e+00 -5.074025e+00  0.000000e+00
      vertex  8.252795e+00 -5.333355e+00  0.000000e+00
    endloop
  endfacet
  facet normal  0.000000e+00  -0.000000e+00 -1.000000e+00
    outer loop
      vertex  4.341204e-01 -6.962019e+00  0.000000e+00
      vertex  8.550504e-01 -6.849232e+00  0.000000e+00
      vertex  8.252795e+00 -5.333355e+00  0.000000e+00
    endloop
  endfacet
  facet normal  0.000000e+00  -0.000000e+00 -1.000000e+00
    outer loop
      vertex  4.341204e-01 -6.962019e+00  0.000000e+00
      vertex  8.252795e+00 -5.333355e+00  0.000000e+00
      vertex  8.439340e+00 -5.560660e+00  0.000000e+00
    endloop
  endfacet
  facet normal  0.000000e+00  -0.000000e+00 -1.000000e+00
    outer loop
      vertex  4.341204e-01 -6.962019e+00  0.000000e+00
      vertex  8.439340e+00 -5.560660e+00  0.000000e+00
      vertex  8.666645e+00 -5.747204e+00  0.000000e+00
    endloop
  endfacet
  facet normal  0.000000e+00  -0.000000e+00 -1.000000e+00
    outer loop
      vertex  4.341204e-01 -6.962019e+00  0.000000e+00
      vertex  8.666645e+00 -5.747204e+00  0.000000e+00
      vertex  8.925975e+00 -5.885819e+00  0.000000e+00
    endloop
  endfacet
  facet normal  0.000000e+00  -0.000000e+00 -1.000000e+00
    outer loop
      vertex  4.341204e-01 -6.962019e+00  0.000000e+00
      vertex  8.925975e+00 -5.885819e+00  0.000000e+00
      vertex  9.207364e+00 -5.971178e+00  0.000000e+00
    endloop
  endfacet
  facet normal  0.000000e+00  -0.000000e+00 -1.000000e+00
    outer loop
      vertex  4.341204e-01 -6.962019e+00  0.000000e+00
      vertex  9.207364e+00 -5.971178e+00  0.000000e+00
      vertex  9.500000e+00 -6.000000e+00  0.000000e+00
    endloop
  endfacet
  facet normal  0.000000e+00  0.000000e+00 -1.000000e+00
    outer loop
      vertex  1.150000e+01 -7.500000e+00  0.000000e+00
      vertex -1.150000e+01 -7.500000e+00  0.000000e+00
      vertex -4.592425e-16 -7.000000e+00  0.000000e+00
    endloop
  endfacet
  facet normal  0.000000e+00  0.000000e+00 -1.000000e+00
    outer loop
      vertex  1.150000e+01 -7.500000e+00  0.000000e+00
      vertex -4.592425e-16 -7.000000e+00  0.000000e+00
      vertex  4.341204e-01 -6.962019e+00  0.000000e+00
    endloop
  endfacet
  facet normal  0.000000e+00  0.000000e+00 -1.000000e+00
    outer loop
      vertex  1.150000e+01 -7.500000e+00  0.000000e+00
      vertex  4.341204e-01 -6.962019e+00  0.000000e+00
      vertex  9.500000e+00 -6.000000e+00  0.000000e+00
    endloop
  endfacet
  facet normal  -0.000000e+00  0.000000e+00 -1.000000e+00
    outer loop
      vertex  9.500000e+00 -6.000000e+00  0.000000e+00
      vertex  1.250000e+01 -6.500000e+00  0.000000e+00
      vertex  1.248079e+01 -6.695090e+00  0.000000e+00
    endloop
  endfacet
  facet normal  -0.000000e+00  0.000000e+00 -1.000000e+00
    outer loop
      vertex  9.500000e+00 -6.000000e+00  0.000000e+00
      vertex  1.248079e+01 -6.695090e+00  0.000000e+00
      vertex  1.242388e+01 -6.882683e+00  0.000000e+00
    endloop
  endfacet
  facet normal  -0.000000e+00  0.000000e+00 -1.000000e+00
    outer loop
      vertex  9.500000e+00 -6.000000e+00  0.000000e+00
      vertex  1.242388e+01 -6.882683e+00  0.000000e+00
      vertex  1.233147e+01 -7.055570e+00  0.000000e+00
    endloop
  endfacet
  facet normal  -0.000000e+00  0.000000e+00 -1.000000e+00
    outer loop
      vertex  9.500000e+00 -6.000000e+00  0.000000e+00
      vertex  1.233147e+01 -7.055570e+00  0.000000e+00
      vertex  1.220711e+01 -7.207107e+00  0.000000e+00
    endloop
  endfacet
  facet normal  -0.000000e+00  0.000000e+00 -1.000000e+00
    outer loop
      vertex  9.500000e+00 -6.000000e+00  0.000000e+00
      vertex  1.220711e+01 -7.207107e+00  0.000000e+00
      vertex  1.205557e+01 -7.331470e+00  0.000000e+00
    endloop
  endfacet
  facet normal  -0.000000e+00  0.000000e+00 -1.000000e+00
    outer loop
      vertex  9.500000e+00 -6.000000e+00  0.000000e+00
      vertex  1.205557e+01 -7.331470e+00  0.000000e+00
      vertex  1.188268e+01 -7.423880e+00  0.000000e+00
    endloop
  endfacet
  facet normal  -0.000000e+00  0.000000e+00 -1.000000e+00
    outer loop
      vertex  9.500000e+00 -6.000000e+00  0.000000e+00
      vertex  1.188268e+01 -7.423880e+00  0.000000e+00
      vertex  1.169509e+01 -7.480785e+00  0.000000e+00
    endloop
  endfacet
  facet normal  -0.000000e+00  0.000000e+00 -1.000000e+00
    outer loop
      vertex  9.500000e+00 -6.000000e+00  0.000000e+00
      vertex  1.169509e+01 -7.480785e+00  0.000000e+00
      vertex  1.150000e+01 -7.500000e+00  0.000000e+00
    endloop
  endfacet
  facet normal  -0.000000e+00  0.000000e+00 -9.999999e-01
    outer loop
      vertex  4.000000e+00 -2.000000e+00  0.000000e+00
      vertex  9.500000e+00 -3.000000e+00  0.000000e+00
      vertex  9.207364e+00 -3.028822e+00  0.000000e+00
    endloop
  endfacet
  facet normal  -0.000000e+00  0.000000e+00 -1.000000e+00
    outer loop
      vertex  4.000000e+00 -2.000000e+00  0.000000e+00
      vertex  9.207364e+00 -3.028822e+00  0.000000e+00
      vertex  8.925975e+00 -3.114181e+00  0.000000e+00
    endloop
  endfacet
  facet normal  -0.000000e+00  0.000000e+00 -9.999999e-01
    outer loop
      vertex  4.000000e+00 -2.000000e+00  0.000000e+00
      vertex  8.925975e+00 -3.114181e+00  0.000000e+00
      vertex  8.666645e+00 -3.252796e+00  0.000000e+00
    endloop
  endfacet
  facet normal  -0.000000e+00  0.000000e+00 -9.999999e-01
    outer loop
      vertex  4.000000e+00 -2.000000e+00  0.000000e+00
      vertex  8.666645e+00 -3.252796e+00  0.000000e+00
      vertex  8.439340e+00 -3.439340e+00  0.000000e+00
    endloop
  endfacet
  facet normal  -0.000000e+00  0.000000e+00 -1.000000e+00
    outer loop
      vertex  4.000000e+00 -2.000000e+00  0.000000e+00
      vertex  8.439340e+00 -3.439340e+00  0.000000e+00
      vertex  8.252795e+00 -3.666645e+00  0.000000e+00
    endloop
  endfacet
  facet normal  -0.000000e+00  0.000000e+00 -1.000000e+00
    outer loop
      vertex  4.000000e+00 -2.000000e+00  0.000000e+00
      vertex  8.252795e+00 -3.666645e+00  0.000000e+00
      vertex  8.114181e+00 -3.925975e+00  0.000000e+00
    endloop
  endfacet
  facet normal  -0.000000e+00  0.000000e+00 -1.000000e+00
    outer loop
      vertex  4.000000e+00 -2.000000e+00  0.000000e+00
      vertex  8.114181e+00 -3.925975e+00  0.000000e+00
      vertex  8.028822e+00 -4.207365e+00  0.000000e+00
    endloop
  endfacet
  facet normal  -0.000000e+00  0.000000e+00 -1.000000e+00
    outer loop
      vertex  4.000000e+00 -2.000000e+00  0.000000e+00
      vertex  8.028822e+00 -4.207365e+00  0.000000e+00
      vertex  8.000000e+00 -4.500000e+00  0.000000e+00
    endloop
  endfacet
  facet normal  -0.000000e+00  0.000000e+00 -1.000000e+00
    outer loop
      vertex -1.150000e+01  7.500000e+00  0.000000e+00
      vertex  1.150000e+01  7.500000e+00  0.000000e+00
      vertex  9.500000e+00  6.000000e+00  0.000000e+00
    endloop
  endfacet
  facet normal  -0.000000e+00  0.000000e+00 -1.000000e+00
    outer loop
      vertex -1.150000e+01  7.500000e+00  0.000000e+00
      vertex  9.500000e+00  6.000000e+00  0.000000e+00
      vertex  9.207364e+00  5.971178e+00  0.000000e+00
    endloop
  endfacet
  facet normal  -0.000000e+00  0.000000e+00 -1.000000e+00
    outer loop
      vertex -1.150000e+01  7.500000e+00  0.000000e+00
      vertex  9.207364e+00  5.971178e+00  0.000000e+00
      vertex  8.925975e+00  5.885819e+00  0.000000e+00
    endloop
  endfacet
  facet normal  -0.000000e+00  0.000000e+00 -1.000000e+00
    outer loop
      vertex -1.150000e+01  7.500000e+00  0.000000e+00
      vertex  8.925975e+00  5.885819e+00  0.000000e+00
      vertex  8.666645e+00  5.747204e+00  0.000000e+00
    endloop
  endfacet
  facet normal  -0.000000e+00  0.000000e+00 -1.000000e+00
    outer loop
      vertex -1.150000e+01  7.500000e+00  0.000000e+00
      vertex  8.666645e+00  5.747204e+00  0.000000e+00
      vertex  8.439340e+00  5.560660e+00  0.000000e+00
    endloop
  endfacet
  facet normal  -0.000000e+00  0.000000e+00 -1.000000e+00
    outer loop
      vertex -1.150000e+01  7.500000e+00  0.000000e+00
      vertex  8.439340e+00  5.560660e+00  0.000000e+00
      vertex  4.000000e+00  2.000000e+00  0.000000e+00
    endloop
  endfacet
  facet normal  -0.000000e+00  0.000000e+00 -9.999999e-01
    outer loop
      vertex -1.150000e+01  7.500000e+00  0.000000e+00
      vertex  4.000000e+00  2.000000e+00  0.000000e+00
      vertex  3.609819e+00  1.961571e+00  0.000000e+00
    endloop
  endfacet
  facet normal  -0.000000e+00  0.000000e+00 -9.999999e-01
    outer loop
      vertex -1.150000e+01  7.500000e+00  0.000000e+00
      vertex  3.609819e+00  1.961571e+00  0.000000e+00
      vertex  3.234633e+00  1.847759e+00  0.000000e+00
    endloop
  endfacet
  facet normal  -0.000000e+00  0.000000e+00 -1.000000e+00
    outer loop
      vertex -1.150000e+01  7.500000e+00  0.000000e+00
      vertex  3.234633e+00  1.847759e+00  0.000000e+00
      vertex  2.888860e+00  1.662939e+00  0.000000e+00
    endloop
  endfacet
  facet normal  -0.000000e+00  0.000000e+00 -1.000000e+00
    outer loop
      vertex -1.150000e+01  7.500000e+00  0.000000e+00
      vertex  2.888860e+00  1.662939e+00  0.000000e+00
      vertex  2.585786e+00  1.414214e+00  0.000000e+00
    endloop
  endfacet
  facet normal  -0.000000e+00  0.000000e+00 -1.000000e+00
    outer loop
      vertex -1.150000e+01  7.500000e+00  0.000000e+00
      vertex  2.585786e+00  1.414214e+00  0.000000e+00
      vertex  2.337061e+00  1.111140e+00  0.000000e+00
    endloop
  endfacet
  facet normal  0.000000e+00  0.000000e+00 -1.000000e+00
    outer loop
      vertex -1.150000e+01  7.500000e+00  0.000000e+00
      vertex  2.337061e+00  1.111140e+00  0.000000e+00
      vertex -8.666645e+00  5.747204e+00  0.000000e+00
    endloop
  endfacet
  facet normal  0.000000e+00  0.000000e+00 -1.000000e+00
    outer loop
      vertex -1.150000e+01  7.500000e+00  0.000000e+00
      vertex -8.666645e+00  5.747204e+00  0.000000e+00
      vertex -8.925975e+00  5.885819e+00  0.000000e+00
    endloop
  endfacet
  facet normal  0.000000e+00  0.000000e+00 -9.999999e-01
    outer loop
      vertex -1.150000e+01  7.500000e+00  0.000000e+00
      vertex -8.925975e+00  5.885819e+00  0.000000e+00
      vertex -9.207364e+00  5.971178e+00  0.000000e+00
    endloop
  endfacet
  facet normal  0.000000e+00  0.000000e+00 -9.999999e-01
    outer loop
      vertex -1.150000e+01  7.500000e+00  0.000000e+00
      vertex -9.207364e+00  5.971178e+00  0.000000e+00
      vertex -9.500000e+00  6.000000e+00  0.000000e+00
    endloop
  endfacet
  facet normal  0.000000e+00  0.000000e+00 -1.000000e+00
    outer loop
      vertex -1.150000e+01  7.500000e+00  0.000000e+00
      vertex -9.500000e+00  6.000000e+00  0.000000e+00
      vertex -1.169509e+01  7.480785e+00  0.000000e+00
    endloop
  endfacet
  facet normal  0.000000e+00  0.000000e+00 -1.000000e+00
    outer loop
      vertex -9.500000e+00  6.000000e+00  0.000000e+00
      vertex -1.250000e+01  6.500000e+00  0.000000e+00
      vertex -1.248079e+01  6.695090e+00  0.000000e+00
    endloop
  endfacet
  facet normal  0.000000e+00  0.000000e+00 -1.000000e+00
    outer loop
      vertex -9.500000e+00  6.000000e+00  0.000000e+00
      vertex -1.248079e+01  6.695090e+00  0.000000e+00
      vertex -1.242388e+01  6.882683e+00  0.000000e+00
    endloop
  endfacet
  facet normal  0.000000e+00  0.000000e+00 -1.000000e+00
    outer loop
      vertex -9.500000e+00  6.000000e+00  0.000000e+00
      vertex -1.242388e+01  6.882683e+00  0.000000e+00
      vertex -1.233147e+01  7.055570e+00  0.000000e+00
    endloop
  endfacet
  facet normal  0.000000e+00  0.000000e+00 -1.000000e+00
    outer loop
      vertex -9.500000e+00  6.000000e+00  0.000000e+00
      vertex -1.233147e+01  7.055570e+00  0.000000e+00
      vertex -1.220711e+01  7.207107e+00  0.000000e+00
    endloop
  endfacet
  facet normal  0.000000e+00  0.000000e+00 -1.000000e+00
    outer loop
      vertex -9.500000e+00  6.000000e+00  0.000000e+00
      vertex -1.220711e+01  7.207107e+00  0.000000e+00
      vertex -1.205557e+01  7.331470e+00  0.000000e+00
    endloop
  endfacet
  facet normal  0.000000e+00  0.000000e+00 -1.000000e+00
    outer loop
      vertex -9.500000e+00  6.000000e+00  0.000000e+00
      vertex -1.205557e+01  7.331470e+00  0.000000e+00
      vertex -1.188268e+01  7.423880e+00  0.000000e+00
    endloop
  endfacet
  facet normal  0.000000e+00  0.000000e+00 -1.000000e+00
    outer loop
      vertex -9.500000e+00  6.000000e+00  0.000000e+00
      vertex -1.188268e+01  7.423880e+00  0.000000e+00
      vertex -1.169509e+01  7.480785e+00  0.000000e+00
    endloop
  endfacet
  facet normal  -0.000000e+00  0.000000e+00 -1.000000e+00
    outer loop
      vertex -1.250000e+01  6.500000e+00  0.000000e+00
      vertex -9.500000e+00  6.000000e+00  0.000000e+00
      vertex -9.792636e+00  5.971178e+00  0.000000e+00
    endloop
  endfacet
  facet normal  -0.000000e+00  0.000000e+00 -1.000000e+00
    outer loop
      vertex -1.250000e+01  6.500000e+00  0.000000e+00
      vertex -9.792636e+00  5.971178e+00  0.000000e+00
      vertex -1.007403e+01  5.885819e+00  0.000000e+00
    endloop
  endfacet
  facet normal  -0.000000e+00  0.000000e+00 -9.999999e-01
    outer loop
      vertex -1.250000e+01  6.500000e+00  0.000000e+00
      vertex -1.007403e+01  5.885819e+00  0.000000e+00
      vertex -1.033335e+01  5.747204e+00  0.000000e+00
    endloop
  endfacet
  facet normal  -0.000000e+00  0.000000e+00 -1.000000e+00
    outer loop
      vertex -1.250000e+01  6.500000e+00  0.000000e+00
      vertex -1.033335e+01  5.747204e+00  0.000000e+00
      vertex -1.056066e+01  5.560660e+00  0.000000e+00
    endloop
  endfacet
  facet normal  -0.000000e+00  0.000000e+00 -1.000000e+00
    outer loop
      vertex -1.250000e+01  6.500000e+00  0.000000e+00
      vertex -1.056066e+01  5.560660e+00  0.000000e+00
      vertex -1.074720e+01  5.333355e+00  0.000000e+00
    endloop
  endfacet
  facet normal  -0.000000e+00  0.000000e+00 -1.000000e+00
    outer loop
      vertex -1.250000e+01  6.500000e+00  0.000000e+00
      vertex -1.074720e+01  5.333355e+00  0.000000e+00
      vertex -1.088582e+01  5.074025e+00  0.000000e+00
    endloop
  endfacet
  facet normal  -0.000000e+00  0.000000e+00 -1.000000e+00
    outer loop
      vertex -1.250000e+01  6.500000e+00  0.000000e+00
      vertex -1.088582e+01  5.074025e+00  0.000000e+00
      vertex -1.097118e+01  4.792635e+00  0.000000e+00
    endloop
  endfacet
  facet normal  -0.000000e+00  0.000000e+00 -1.000000e+00
    outer loop
      vertex -1.250000e+01  6.500000e+00  0.000000e+00
      vertex -1.097118e+01  4.792635e+00  0.000000e+00
      vertex -1.250000e+01 -6.500000e+00  0.000000e+00
    endloop
  endfacet
  facet normal  0.000000e+00  0.000000e+00 -1.000000e+00
    outer loop
      vertex -9.500000e+00 -3.000000e+00  0.000000e+00
      vertex -9.792636e+00 -3.028822e+00  0.000000e+00
      vertex -9.500000e+00  3.000000e+00  0.000000e+00
    endloop
  endfacet
  facet normal  0.000000e+00  0.000000e+00 -1.000000e+00
    outer loop
      vertex -9.500000e+00 -3.000000e+00  0.000000e+00
      vertex -9.500000e+00  3.000000e+00  0.000000e+00
      vertex -4.341204e-01 -2.037981e+00  0.000000e+00
    endloop
  endfacet
  facet normal  0.000000e+00  0.000000e+00 -1.000000e+00
    outer loop
      vertex -9.500000e+00 -3.000000e+00  0.000000e+00
      vertex -4.341204e-01 -2.037981e+00  0.000000e+00
      vertex -8.550504e-01 -2.150769e+00  0.000000e+00
    endloop
  endfacet
  facet normal  0.000000e+00  0.000000e+00 -9.999999e-01
    outer loop
      vertex -9.500000e+00 -3.000000e+00  0.000000e+00
      vertex -8.550504e-01 -2.150769e+00  0.000000e+00
      vertex -1.250000e+00 -2.334936e+00  0.000000e+00
    endloop
  endfacet
  facet normal  0.000000e+00  0.000000e+00 -9.999999e-01
    outer loop
      vertex -9.500000e+00 -3.000000e+00  0.000000e+00
      vertex -1.250000e+00 -2.334936e+00  0.000000e+00
      vertex -1.606969e+00 -2.584889e+00  0.000000e+00
    endloop
  endfacet
  facet normal  0.000000e+00  0.000000e+00 -1.000000e+00
    outer loop
      vertex -9.500000e+00 -3.000000e+00  0.000000e+00
      vertex -1.606969e+00 -2.584889e+00  0.000000e+00
      vertex -1.915111e+00 -2.893031e+00  0.000000e+00
    endloop
  endfacet
  facet normal  0.000000e+00  0.000000e+00 -1.000000e+00
    outer loop
      vertex -9.500000e+00 -3.000000e+00  0.000000e+00
      vertex -1.915111e+00 -2.893031e+00  0.000000e+00
      vertex -2.165064e+00 -3.250000e+00  0.000000e+00
    endloop
  endfacet
  facet normal  0.000000e+00  0.000000e+00 -1.000000e+00
    outer loop
      vertex -9.500000e+00 -3.000000e+00  0.000000e+00
      vertex -2.165064e+00 -3.250000e+00  0.000000e+00
      vertex -9.207364e+00 -3.028822e+00  0.000000e+00
    endloop
  endfacet
  facet normal  0.000000e+00  0.000000e+00 -1.000000e+00
    outer loop
      vertex  1.530808e-16 -2.000000e+00  0.000000e+00
      vertex -4.341204e-01 -2.037981e+00  0.000000e+00
      vertex -9.500000e+00  3.000000e+00  0.000000e+00
    endloop
  endfacet
  facet normal  0.000000e+00  0.000000e+00 -1.000000e+00
    outer loop
      vertex  1.530808e-16 -2.000000e+00  0.000000e+00
      vertex -9.500000e+00  3.000000e+00  0.000000e+00
      vertex -9.207364e+00  3.028822e+00  0.000000e+00
    endloop
  endfacet
  facet normal  0.000000e+00  0.000000e+00 -1.000000e+00
    outer loop
      vertex  1.530808e-16 -2.000000e+00  0.000000e+00
      vertex -9.207364e+00  3.028822e+00  0.000000e+00
      vertex -8.925975e+00  3.114181e+00  0.000000e+00
    endloop
  endfacet
  facet normal  0.000000e+00  0.000000e+00 -1.000000e+00
    outer loop
      vertex  1.530808e-16 -2.000000e+00  0.000000e+00
      vertex -8.925975e+00  3.114181e+00  0.000000e+00
      vertex -8.666645e+00  3.252796e+00  0.000000e+00
    endloop
  endfacet
  facet normal  0.000000e+00  0.000000e+00 -1.000000e+00
    outer loop
      vertex  1.530808e-16 -2.000000e+00  0.000000e+00
      vertex -8.666645e+00  3.252796e+00  0.000000e+00
      vertex -8.439340e+00  3.439340e+00  0.000000e+00
    endloop
  endfacet
  facet normal  0.000000e+00  0.000000e+00 -1.000000e+00
    outer loop
      vertex  1.530808e-16 -2.000000e+00  0.000000e+00
      vertex -8.439340e+00  3.439340e+00  0.000000e+00
      vertex -8.252795e+00  3.666645e+00  0.000000e+00
    endloop
  endfacet
  facet normal  0.000000e+00  0.000000e+00 -1.000000e+00
    outer loop
      vertex  1.530808e-16 -2.000000e+00  0.000000e+00
      vertex -8.252795e+00  3.666645e+00  0.000000e+00
      vertex -8.114181e+00  3.925975e+00  0.000000e+00
    endloop
  endfacet
  facet normal  0.000000e+00  0.000000e+00 -1.000000e+00
    outer loop
      vertex  1.530808e-16 -2.000000e+00  0.000000e+00
      vertex -8.114181e+00  3.925975e+00  0.000000e+00
      vertex -8.028822e+00  4.207365e+00  0.000000e+00
    endloop
  endfacet
  facet normal  0.000000e+00  0.000000e+00 -1.000000e+00
    outer loop
      vertex  1.530808e-16 -2.000000e+00  0.000000e+00
      vertex -8.028822e+00  4.207365e+00  0.000000e+00
      vertex -8.000000e+00  4.500000e+00  0.000000e+00
    endloop
  endfacet
  facet normal  0.000000e+00  0.000000e+00 -1.000000e+00
    outer loop
      vertex  1.530808e-16 -2.000000e+00  0.000000e+00
      vertex -8.000000e+00  4.500000e+00  0.000000e+00
      vertex -8.028822e+00  4.792635e+00  0.000000e+00
    endloop
  endfacet
  facet normal  0.000000e+00  0.000000e+00 -9.999999e-01
    outer loop
      vertex  1.530808e-16 -2.000000e+00  0.000000e+00
      vertex -8.028822e+00  4.792635e+00  0.000000e+00
      vertex -8.114181e+00  5.074025e+00  0.000000e+00
    endloop
  endfacet
  facet normal  0.000000e+00  0.000000e+00 -1.000000e+00
    outer loop
      vertex  1.530808e-16 -2.000000e+00  0.000000e+00
      vertex -8.114181e+00  5.074025e+00  0.000000e+00
      vertex -8.252795e+00  5.333355e+00  0.000000e+00
    endloop
  endfacet
  facet normal  0.000000e+00  0.000000e+00 -1.000000e+00
    outer loop
      vertex  1.530808e-16 -2.000000e+00  0.000000e+00
      vertex -8.252795e+00  5.333355e+00  0.000000e+00
      vertex -8.439340e+00  5.560660e+00  0.000000e+00
    endloop
  endfacet
  facet normal  0.000000e+00  0.000000e+00 -1.000000e+00
    outer loop
      vertex  1.530808e-16 -2.000000e+00  0.000000e+00
      vertex -8.439340e+00  5.560660e+00  0.000000e+00
      vertex  2.337061e+00  1.111140e+00  0.000000e+00
    endloop
  endfacet
  facet normal  0.000000e+00  0.000000e+00 -1.000000e+00
    outer loop
      vertex  1.530808e-16 -2.000000e+00  0.000000e+00
      vertex  2.337061e+00  1.111140e+00  0.000000e+00
      vertex  2.152241e+00  7.653669e-01  0.000000e+00
    endloop
  endfacet
  facet normal  0.000000e+00  0.000000e+00 -9.999999e-01
    outer loop
      vertex  1.530808e-16 -2.000000e+00  0.000000e+00
      vertex  2.152241e+00  7.653669e-01  0.000000e+00
      vertex  2.038429e+00  3.901806e-01  0.000000e+00
    endloop
  endfacet
  facet normal  0.000000e+00  0.000000e+00 -1.000000e+00
    outer loop
      vertex  1.530808e-16 -2.000000e+00  0.000000e+00
      vertex  2.038429e+00  3.901806e-01  0.000000e+00
      vertex  2.000000e+00  2.449294e-16  0.000000e+00
    endloop
  endfacet
  facet normal  0.000000e+00  -0.000000e+00 -1.000000e+00
    outer loop
      vertex  1.530808e-16 -2.000000e+00  0.000000e+00
      vertex  2.000000e+00  2.449294e-16  0.000000e+00
      vertex  2.038429e+00 -3.901806e-01  0.000000e+00
    endloop
  endfacet
  facet normal  0.000000e+00  -0.000000e+00 -1.000000e+00
    outer loop
      vertex  1.530808e-16 -2.000000e+00  0.000000e+00
      vertex  2.038429e+00 -3.901806e-01  0.000000e+00
      vertex  2.152241e+00 -7.653669e-01  0.000000e+00
    endloop
  endfacet
  facet normal  0.000000e+00  -0.000000e+00 -1.000000e+00
    outer loop
      vertex  1.530808e-16 -2.000000e+00  0.000000e+00
      vertex  2.152241e+00 -7.653669e-01  0.000000e+00
      vertex  2.337061e+00 -1.111140e+00  0.000000e+00
    endloop
  endfacet
  facet normal  0.000000e+00  -0.000000e+00 -1.000000e+00
    outer loop
      vertex  1.530808e-16 -2.000000e+00  0.000000e+00
      vertex  2.337061e+00 -1.111140e+00  0.000000e+00
      vertex  2.585786e+00 -1.414214e+00  0.000000e+00
    endloop
  endfacet
  facet normal  0.000000e+00  -0.000000e+00 -1.000000e+00
    outer loop
      vertex  1.530808e-16 -2.000000e+00  0.000000e+00
      vertex  2.585786e+00 -1.414214e+00  0.000000e+00
      vertex  2.888860e+00 -1.662939e+00  0.000000e+00
    endloop
  endfacet
  facet normal  0.000000e+00  -0.000000e+00 -1.000000e+00
    outer loop
      vertex  1.530808e-16 -2.000000e+00  0.000000e+00
      vertex  2.888860e+00 -1.662939e+00  0.000000e+00
      vertex  3.234633e+00 -1.847759e+00  0.000000e+00
    endloop
  endfacet
  facet normal  0.000000e+00  -0.000000e+00 -1.000000e+00
    outer loop
      vertex  1.530808e-16 -2.000000e+00  0.000000e+00
      vertex  3.234633e+00 -1.847759e+00  0.000000e+00
      vertex  3.609819e+00 -1.961571e+00  0.000000e+00
    endloop
  endfacet
  facet normal  0.000000e+00  -0.000000e+00 -1.000000e+00
    outer loop
      vertex  1.530808e-16 -2.000000e+00  0.000000e+00
      vertex  3.609819e+00 -1.961571e+00  0.000000e+00
      vertex  4.000000e+00 -2.000000e+00  0.000000e+00
    endloop
  endfacet
  facet normal  -0.000000e+00  0.000000e+00 -1.000000e+00
    outer loop
      vertex  1.530808e-16 -2.000000e+00  0.000000e+00
      vertex  4.000000e+00 -2.000000e+00  0.000000e+00
      vertex  4.341204e-01 -2.037981e+00  0.000000e+00
    endloop
  endfacet
  facet normal  0.000000e+00  0.000000e+00 -1.000000e+00
    outer loop
      vertex  4.000000e+00 -2.000000e+00  0.000000e+00
      vertex  2.462019e+00 -4.934121e+00  0.000000e+00
      vertex  2.500000e+00 -4.500000e+00  0.000000e+00
    endloop
  endfacet
  facet normal  0.000000e+00  0.000000e+00 -1.000000e+00
    outer loop
      vertex  4.000000e+00 -2.000000e+00  0.000000e+00
      vertex  2.500000e+00 -4.500000e+00  0.000000e+00
      vertex  2.462019e+00 -4.065879e+00  0.000000e+00
    endloop
  endfacet
  facet normal  0.000000e+00  0.000000e+00 -1.000000e+00
    outer loop
      vertex  4.000000e+00 -2.000000e+00  0.000000e+00
      vertex  2.462019e+00 -4.065879e+00  0.000000e+00
      vertex  2.349231e+00 -3.644950e+00  0.000000e+00
    endloop
  endfacet
  facet normal  0.000000e+00  0.000000e+00 -1.000000e+00
    outer loop
      vertex  4.000000e+00 -2.000000e+00  0.000000e+00
      vertex  2.349231e+00 -3.644950e+00  0.000000e+00
      vertex  2.165064e+00 -3.250000e+00  0.000000e+00
    endloop
  endfacet
  facet normal  0.000000e+00  0.000000e+00 -1.000000e+00
    outer loop
      vertex  4.000000e+00 -2.000000e+00  0.000000e+00
      vertex  2.165064e+00 -3.250000e+00  0.000000e+00
      vertex  1.915111e+00 -2.893031e+00  0.000000e+00
    endloop
  endfacet
  facet normal  0.000000e+00  0.000000e+00 -1.000000e+00
    outer loop
      vertex  4.000000e+00 -2.000000e+00  0.000000e+00
      vertex  1.915111e+00 -2.893031e+00  0.000000e+00
      vertex  1.606969e+00 -2.584889e+00  0.000000e+00
    endloop
  endfacet
  facet normal  0.000000e+00  0.000000e+00 -1.000000e+00
    outer loop
      vertex  4.000000e+00 -2.000000e+00  0.000000e+00
      vertex  1.606969e+00 -2.584889e+00  0.000000e+00
      vertex  1.250000e+00 -2.334936e+00  0.000000e+00
    endloop
  endfacet
  facet normal  0.000000e+00  0.000000e+00 -1.000000e+00
    outer loop
      vertex  4.000000e+00 -2.000000e+00  0.000000e+00
      vertex  1.250000e+00 -2.334936e+00  0.000000e+00
      vertex  8.550504e-01 -2.150769e+00  0.000000e+00
    endloop
  endfacet
  facet normal  0.000000e+00  0.000000e+00 -1.000000e+00
    outer loop
      vertex  4.000000e+00 -2.000000e+00  0.000000e+00
      vertex  8.550504e-01 -2.150769e+00  0.000000e+00
      vertex  4.341204e-01 -2.037981e+00  0.000000e+00
    endloop
  endfacet
  facet normal  0.000000e+00  0.000000e+00 -1.000000e+00
    outer loop
      vertex  4.000000e+00  2.000000e+00  0.000000e+00
      vertex  8.439340e+00  5.560660e+00  0.000000e+00
      vertex  8.252795e+00  5.333355e+00  0.000000e+00
    endloop
  endfacet
  facet normal  0.000000e+00  0.000000e+00 -1.000000e+00
    outer loop
      vertex  4.000000e+00  2.000000e+00  0.000000e+00
      vertex  8.252795e+00  5.333355e+00  0.000000e+00
      vertex  8.114181e+00  5.074025e+00  0.000000e+00
    endloop
  endfacet
  facet normal  0.000000e+00  0.000000e+00 -1.000000e+00
    outer loop
      vertex  4.000000e+00  2.000000e+00  0.000000e+00
      vertex  8.114181e+00  5.074025e+00  0.000000e+00
      vertex  8.028822e+00  4.792635e+00  0.000000e+00
    endloop
  endfacet
  facet normal  0.000000e+00  0.000000e+00 -1.000000e+00
    outer loop
      vertex  4.000000e+00  2.000000e+00  0.000000e+00
      vertex  8.028822e+00  4.792635e+00  0.000000e+00
      vertex  8.000000e+00  4.500000e+00  0.000000e+00
    endloop
  endfacet
  facet normal  0.000000e+00  -0.000000e+00 -1.000000e+00
    outer loop
      vertex  4.000000e+00  2.000000e+00  0.000000e+00
      vertex  8.000000e+00  4.500000e+00  0.000000e+00
      vertex  8.028822e+00  4.207365e+00  0.000000e+00
    endloop
  endfacet
  facet normal  0.000000e+00  -0.000000e+00 -1.000000e+00
    outer loop
      vertex  4.000000e+00  2.000000e+00  0.000000e+00
      vertex  8.028822e+00  4.207365e+00  0.000000e+00
      vertex  8.114181e+00  3.925975e+00  0.000000e+00
    endloop
  endfacet
  facet normal  0.000000e+00  -0.000000e+00 -1.000000e+00
    outer loop
      vertex  4.000000e+00  2.000000e+00  0.000000e+00
      vertex  8.114181e+00  3.925975e+00  0.000000e+00
      vertex  8.252795e+00  3.666645e+00  0.000000e+00
    endloop
  endfacet
  facet normal  0.000000e+00  -0.000000e+00 -1.000000e+00
    outer loop
      vertex  4.000000e+00  2.000000e+00  0.000000e+00
      vertex  8.252795e+00  3.666645e+00  0.000000e+00
      vertex  8.439340e+00  3.439340e+00  0.000000e+00
    endloop
  endfacet
  facet normal  0.000000e+00  -0.000000e+00 -9.999999e-01
    outer loop
      vertex  4.000000e+00  2.000000e+00  0.000000e+00
      vertex  8.439340e+00  3.439340e+00  0.000000e+00
      vertex  8.666645e+00  3.252796e+00  0.000000e+00
    endloop
  endfacet
  facet normal  0.000000e+00  -0.000000e+00 -9.999999e-01
    outer loop
      vertex  4.000000e+00  2.000000e+00  0.000000e+00
      vertex  8.666645e+00  3.252796e+00  0.000000e+00
      vertex  8.925975e+00  3.114181e+00  0.000000e+00
    endloop
  endfacet
  facet normal  0.000000e+00  -0.000000e+00 -1.000000e+00
    outer loop
      vertex  4.000000e+00  2.000000e+00  0.000000e+00
      vertex  8.925975e+00  3.114181e+00  0.000000e+00
      vertex  9.207364e+00  3.028822e+00  0.000000e+00
    endloop
  endfacet
  facet normal  0.000000e+00  -0.000000e+00 -9.999999e-01
    outer loop
      vertex  4.000000e+00  2.000000e+00  0.000000e+00
      vertex  9.207364e+00  3.028822e+00  0.000000e+00
      vertex  9.500000e+00  3.000000e+00  0.000000e+00
    endloop
  endfacet
  facet normal  0.000000e+00  0.000000e+00 -1.000000e+00
    outer loop
      vertex  4.000000e+00  2.000000e+00  0.000000e+00
      vertex  9.500000e+00  3.000000e+00  0.000000e+00
      vertex  4.390181e+00  1.961571e+00  0.000000e+00
    endloop
  endfacet
  facet normal  0.000000e+00  0.000000e+00 -1.000000e+00
    outer loop
      vertex  9.500000e+00 -3.000000e+00  0.000000e+00
      vertex  4.000000e+00 -2.000000e+00  0.000000e+00
      vertex  4.390181e+00 -1.961571e+00  0.000000e+00
    endloop
  endfacet
  facet normal  0.000000e+00  0.000000e+00 -1.000000e+00
    outer loop
      vertex  9.500000e+00 -3.000000e+00  0.000000e+00
      vertex  4.390181e+00 -1.961571e+00  0.000000e+00
      vertex  4.765367e+00 -1.847759e+00  0.000000e+00
    endloop
  endfacet
  facet normal  0.000000e+00  0.000000e+00 -1.000000e+00
    outer loop
      vertex  9.500000e+00 -3.000000e+00  0.000000e+00
      vertex  4.765367e+00 -1.847759e+00  0.000000e+00
      vertex  5.111140e+00 -1.662939e+00  0.000000e+00
    endloop
  endfacet
  facet normal  0.000000e+00  0.000000e+00 -1.000000e+00
    outer loop
      vertex  9.500000e+00 -3.000000e+00  0.000000e+00
      vertex  5.111140e+00 -1.662939e+00  0.000000e+00
      vertex  5.414214e+00 -1.414214e+00  0.000000e+00
    endloop
  endfacet
  facet normal  0.000000e+00  0.000000e+00 -1.000000e+00
    outer loop
      vertex  9.500000e+00 -3.000000e+00  0.000000e+00
      vertex  5.414214e+00 -1.414214e+00  0.000000e+00
      vertex  5.662939e+00 -1.111140e+00  0.000000e+00
    endloop
  endfacet
  facet normal  0.000000e+00  0.000000e+00 -9.999999e-01
    outer loop
      vertex  9.500000e+00 -3.000000e+00  0.000000e+00
      vertex  5.662939e+00 -1.111140e+00  0.000000e+00
      vertex  5.847759e+00 -7.653669e-01  0.000000e+00
    endloop
  endfacet
  facet normal  0.000000e+00  0.000000e+00 -1.000000e+00
    outer loop
      vertex  9.500000e+00 -3.000000e+00  0.000000e+00
      vertex  5.847759e+00 -7.653669e-01  0.000000e+00
      vertex  5.961571e+00 -3.901806e-01  0.000000e+00
    endloop
  endfacet
  facet normal  0.000000e+00  0.000000e+00 -1.000000e+00
    outer loop
      vertex  9.500000e+00 -3.000000e+00  0.000000e+00
      vertex  5.961571e+00 -3.901806e-01  0.000000e+00
      vertex  6.000000e+00  0.000000e+00  0.000000e+00
    endloop
  endfacet
  facet normal  0.000000e+00  0.000000e+00 -1.000000e+00
    outer loop
      vertex  9.500000e+00 -3.000000e+00  0.000000e+00
      vertex  6.000000e+00  0.000000e+00  0.000000e+00
      vertex  5.961571e+00  3.901806e-01  0.000000e+00
    endloop
  endfacet
  facet normal  0.000000e+00  0.000000e+00 -1.000000e+00
    outer loop
      vertex  9.500000e+00 -3.000000e+00  0.000000e+00
      vertex  5.961571e+00  3.901806e-01  0.000000e+00
      vertex  5.847759e+00  7.653669e-01  0.000000e+00
    endloop
  endfacet
  facet normal  0.000000e+00  0.000000e+00 -1.000000e+00
    outer loop
      vertex  9.500000e+00 -3.000000e+00  0.000000e+00
      vertex  5.847759e+00  7.653669e-01  0.000000e+00
      vertex  5.662939e+00  1.111140e+00  0.000000e+00
    endloop
  endfacet
  facet normal  0.000000e+00  0.000000e+00 -1.000000e+00
    outer loop
      vertex  9.500000e+00 -3.000000e+00  0.000000e+00
      vertex  5.662939e+00  1.111140e+00  0.000000e+00
      vertex  5.414214e+00  1.414214e+00  0.000000e+00
    endloop
  endfacet
  facet normal  0.000000e+00  0.000000e+00 -1.000000e+00
    outer loop
      vertex  9.500000e+00  3.000000e+00  0.000000e+00
      vertex  1.074720e+01 -3.666645e+00  0.000000e+00
      vertex  1.056066e+01 -3.439340e+00  0.000000e+00
    endloop
  endfacet
  facet normal  0.000000e+00  0.000000e+00 -1.000000e+00
    outer loop
      vertex  9.500000e+00  3.000000e+00  0.000000e+00
      vertex  1.056066e+01 -3.439340e+00  0.000000e+00
      vertex  1.033335e+01 -3.252796e+00  0.000000e+00
    endloop
  endfacet
  facet normal  0.000000e+00  0.000000e+00 -1.000000e+00
    outer loop
      vertex  9.500000e+00  3.000000e+00  0.000000e+00
      vertex  1.033335e+01 -3.252796e+00  0.000000e+00
      vertex  1.007403e+01 -3.114181e+00  0.000000e+00
    endloop
  endfacet
  facet normal  0.000000e+00  0.000000e+00 -1.000000e+00
    outer loop
      vertex  9.500000e+00  3.000000e+00  0.000000e+00
      vertex  1.007403e+01 -3.114181e+00  0.000000e+00
      vertex  9.792636e+00 -3.028822e+00  0.000000e+00
    endloop
  endfacet
  facet normal  0.000000e+00  0.000000e+00 -1.000000e+00
    outer loop
      vertex  9.500000e+00  3.000000e+00  0.000000e+00
      vertex  9.792636e+00 -3.028822e+00  0.000000e+00
      vertex  9.500000e+00 -3.000000e+00  0.000000e+00
    endloop
  endfacet
  facet normal  0.000000e+00  0.000000e+00 -1.000000e+00
    outer loop
      vertex  9.500000e+00  3.000000e+00  0.000000e+00
      vertex  9.500000e+00 -3.000000e+00  0.000000e+00
      vertex  5.414214e+00  1.414214e+00  0.000000e+00
    endloop
  endfacet
  facet normal  0.000000e+00  0.000000e+00 -1.000000e+00
    outer loop
      vertex  9.500000e+00  3.000000e+00  0.000000e+00
      vertex  5.414214e+00  1.414214e+00  0.000000e+00
      vertex  5.111140e+00  1.662939e+00  0.000000e+00
    endloop
  endfacet
  facet normal  0.000000e+00  0.000000e+00 -1.000000e+00
    outer loop
      vertex  9.500000e+00  3.000000e+00  0.000000e+00
      vertex  5.111140e+00  1.662939e+00  0.000000e+00
      vertex  4.765367e+00  1.847759e+00  0.000000e+00
    endloop
  endfacet
  facet normal  0.000000e+00  0.000000e+00 -1.000000e+00
    outer loop
      vertex  9.500000e+00  3.000000e+00  0.000000e+00
      vertex  4.765367e+00  1.847759e+00  0.000000e+00
      vertex  4.390181e+00  1.961571e+00  0.000000e+00
    endloop
  endfacet
  facet normal  0.000000e+00  -0.000000e+00 -1.000000e+00
    outer loop
      vertex  9.500000e+00  6.000000e+00  0.000000e+00
      vertex  1.150000e+01  7.500000e+00  0.000000e+00
      vertex  1.169509e+01  7.480785e+00  0.000000e+00
    endloop
  endfacet
  facet normal  0.000000e+00  -0.000000e+00 -1.000000e+00
    outer loop
      vertex  9.500000e+00  6.000000e+00  0.000000e+00
      vertex  1.169509e+01  7.480785e+00  0.000000e+00
      vertex  1.188268e+01  7.423880e+00  0.000000e+00
    endloop
  endfacet
  facet normal  0.000000e+00  -0.000000e+00 -1.000000e+00
    outer loop
      vertex  9.500000e+00  6.000000e+00  0.000000e+00
      vertex  1.188268e+01  7.423880e+00  0.000000e+00
      vertex  1.205557e+01  7.331470e+00  0.000000e+00
    endloop
  endfacet
  facet normal  0.000000e+00  -0.000000e+00 -1.000000e+00
    outer loop
      vertex  9.500000e+00  6.000000e+00  0.000000e+00
      vertex  1.205557e+01  7.331470e+00  0.000000e+00
      vertex  1.220711e+01  7.207107e+00  0.000000e+00
    endloop
  endfacet
  facet normal  0.000000e+00  -0.000000e+00 -1.000000e+00
    outer loop
      vertex  9.500000e+00  6.000000e+00  0.000000e+00
      vertex  1.220711e+01  7.207107e+00  0.000000e+00
      vertex  1.233147e+01  7.055570e+00  0.000000e+00
    endloop
  endfacet
  facet normal  0.000000e+00  -0.000000e+00 -1.000000e+00
    outer loop
      vertex  9.500000e+00  6.000000e+00  0.000000e+00
      vertex  1.233147e+01  7.055570e+00  0.000000e+00
      vertex  1.242388e+01  6.882683e+00  0.000000e+00
    endloop
  endfacet
  facet normal  0.000000e+00  -0.000000e+00 -1.000000e+00
    outer loop
      vertex  9.500000e+00  6.000000e+00  0.000000e+00
      vertex  1.242388e+01  6.882683e+00  0.000000e+00
      vertex  1.248079e+01  6.695090e+00  0.000000e+00
    endloop
  endfacet
  facet normal  0.000000e+00  -0.000000e+00 -1.000000e+00
    outer loop
      vertex  9.500000e+00  6.000000e+00  0.000000e+00
      vertex  1.248079e+01  6.695090e+00  0.000000e+00
      vertex  1.250000e+01  6.500000e+00  0.000000e+00
    endloop
  endfacet
  facet normal  0.000000e+00  0.000000e+00 -1.000000e+00
    outer loop
      vertex  9.500000e+00  6.000000e+00  0.000000e+00
      vertex  1.250000e+01  6.500000e+00  0.000000e+00
      vertex  9.792636e+00  5.971178e+00  0.000000e+00
    endloop
  endfacet
  facet normal  0.000000e+00  0.000000e+00 -1.000000e+00
    outer loop
      vertex  1.250000e+01 -6.500000e+00  0.000000e+00
      vertex  9.500000e+00 -6.000000e+00  0.000000e+00
      vertex  9.792636e+00 -5.971178e+00  0.000000e+00
    endloop
  endfacet
  facet normal  0.000000e+00  0.000000e+00 -1.000000e+00
    outer loop
      vertex  1.250000e+01 -6.500000e+00  0.000000e+00
      vertex  9.792636e+00 -5.971178e+00  0.000000e+00
      vertex  1.007403e+01 -5.885819e+00  0.000000e+00
    endloop
  endfacet
  facet normal  0.000000e+00  0.000000e+00 -9.999999e-01
    outer loop
      vertex  1.250000e+01 -6.500000e+00  0.000000e+00
      vertex  1.007403e+01 -5.885819e+00  0.000000e+00
      vertex  1.033335e+01 -5.747204e+00  0.000000e+00
    endloop
  endfacet
  facet normal  0.000000e+00  0.000000e+00 -1.000000e+00
    outer loop
      vertex  1.250000e+01 -6.500000e+00  0.000000e+00
      vertex  1.033335e+01 -5.747204e+00  0.000000e+00
      vertex  1.056066e+01 -5.560660e+00  0.000000e+00
    endloop
  endfacet
  facet normal  0.000000e+00  0.000000e+00 -1.000000e+00
    outer loop
      vertex  1.250000e+01 -6.500000e+00  0.000000e+00
      vertex  1.056066e+01 -5.560660e+00  0.000000e+00
      vertex  1.074720e+01 -5.333355e+00  0.000000e+00
    endloop
  endfacet
  facet normal  0.000000e+00  0.000000e+00 -1.000000e+00
    outer loop
      vertex  1.250000e+01 -6.500000e+00  0.000000e+00
      vertex  1.074720e+01 -5.333355e+00  0.000000e+00
      vertex  1.088582e+01 -5.074025e+00  0.000000e+00
    endloop
  endfacet
  facet normal  0.000000e+00  0.000000e+00 -1.000000e+00
    outer loop
      vertex  1.250000e+01 -6.500000e+00  0.000000e+00
      vertex  1.088582e+01 -5.074025e+00  0.000000e+00
      vertex  1.097118e+01 -4.792635e+00  0.000000e+00
    endloop
  endfacet
  facet normal  0.000000e+00  0.000000e+00 -1.000000e+00
    outer loop
      vertex  1.250000e+01 -6.500000e+00  0.000000e+00
      vertex  1.097118e+01 -4.792635e+00  0.000000e+00
      vertex  1.100000e+01 -4.500000e+00  0.000000e+00
    endloop
  endfacet
  facet normal  0.000000e+00  0.000000e+00 -1.000000e+00
    outer loop
      vertex  1.250000e+01 -6.500000e+00  0.000000e+00
      vertex  1.100000e+01 -4.500000e+00  0.000000e+00
      vertex  1.097118e+01 -4.207365e+00  0.000000e+00
    endloop
  endfacet
  facet normal  0.000000e+00  0.000000e+00 -1.000000e+00
    outer loop
      vertex  1.250000e+01 -6.500000e+00  0.000000e+00
      vertex  1.097118e+01 -4.207365e+00  0.000000e+00
      vertex  1.088582e+01 -3.925975e+00  0.000000e+00
    endloop
  endfacet
  facet normal  0.000000e+00  0.000000e+00 -1.000000e+00
    outer loop
      vertex  1.250000e+01 -6.500000e+00  0.000000e+00
      vertex  1.088582e+01 -3.925975e+00  0.000000e+00
      vertex  1.074720e+01 -3.666645e+00  0.000000e+00
    endloop
  endfacet
  facet normal  0.000000e+00  0.000000e+00 -1.000000e+00
    outer loop
      vertex  1.250000e+01 -6.500000e+00  0.000000e+00
      vertex  1.074720e+01 -3.666645e+00  0.000000e+00
      vertex  9.500000e+00  3.000000e+00  0.000000e+00
    endloop
  endfacet
  facet normal  0.000000e+00  0.000000e+00 -1.000000e+00
    outer loop
      vertex  1.250000e+01 -6.500000e+00  0.000000e+00
      vertex  9.500000e+00  3.000000e+00  0.000000e+00
      vertex  9.792636e+00  3.028822e+00  0.000000e+00
    endloop
  endfacet
  facet normal  0.000000e+00  0.000000e+00 -1.000000e+00
    outer loop
      vertex  1.250000e+01 -6.500000e+00  0.000000e+00
      vertex  9.792636e+00  3.028822e+00  0.000000e+00
      vertex  1.007403e+01  3.114181e+00  0.000000e+00
    endloop
  endfacet
  facet normal  0.000000e+00  0.000000e+00 -1.000000e+00
    outer loop
      vertex  1.250000e+01 -6.500000e+00  0.000000e+00
      vertex  1.007403e+01  3.114181e+00  0.000000e+00
      vertex  1.033335e+01  3.252796e+00  0.000000e+00
    endloop
  endfacet
  facet normal  0.000000e+00  0.000000e+00 -1.000000e+00
    outer loop
      vertex  1.250000e+01 -6.500000e+00  0.000000e+00
      vertex  1.033335e+01  3.252796e+00  0.000000e+00
      vertex  1.056066e+01  3.439340e+00  0.000000e+00
    endloop
  endfacet
  facet normal  0.000000e+00  0.000000e+00 -1.000000e+00
    outer loop
      vertex  1.250000e+01 -6.500000e+00  0.000000e+00
      vertex  1.056066e+01  3.439340e+00  0.000000e+00
      vertex  1.074720e+01  3.666645e+00  0.000000e+00
    endloop
  endfacet
  facet normal  0.000000e+00  0.000000e+00 -1.000000e+00
    outer loop
      vertex  1.250000e+01 -6.500000e+00  0.000000e+00
      vertex  1.074720e+01  3.666645e+00  0.000000e+00
      vertex  1.088582e+01  3.925975e+00  0.000000e+00
    endloop
  endfacet
  facet normal  0.000000e+00  0.000000e+00 -1.000000e+00
    outer loop
      vertex  1.250000e+01 -6.500000e+00  0.000000e+00
      vertex  1.088582e+01  3.925975e+00  0.000000e+00
      vertex  1.097118e+01  4.207365e+00  0.000000e+00
    endloop
  endfacet
  facet normal  0.000000e+00  0.000000e+00 -1.000000e+00
    outer loop
      vertex  1.250000e+01 -6.500000e+00  0.000000e+00
      vertex  1.097118e+01  4.207365e+00  0.000000e+00
      vertex  1.100000e+01  4.500000e+00  0.000000e+00
    endloop
  endfacet
  facet normal  0.000000e+00  0.000000e+00 -1.000000e+00
    outer loop
      vertex  1.250000e+01 -6.500000e+00  0.000000e+00
      vertex  1.100000e+01  4.500000e+00  0.000000e+00
      vertex  1.097118e+01  4.792635e+00  0.000000e+00
    endloop
  endfacet
  facet normal  0.000000e+00  0.000000e+00 -1.000000e+00
    outer loop
      vertex  1.250000e+01  6.500000e+00  0.000000e+00
      vertex  1.250000e+01 -6.500000e+00  0.000000e+00
      vertex  1.097118e+01  4.792635e+00  0.000000e+00
    endloop
  endfacet
  facet normal  0.000000e+00  0.000000e+00 -1.000000e+00
    outer loop
      vertex  1.250000e+01  6.500000e+00  0.000000e+00
      vertex  1.097118e+01  4.792635e+00  0.000000e+00
      vertex  1.088582e+01  5.074025e+00  0.000000e+00
    endloop
  endfacet
  facet normal  0.000000e+00  0.000000e+00 -1.000000e+00
    outer loop
      vertex  1.250000e+01  6.500000e+00  0.000000e+00
      vertex  1.088582e+01  5.074025e+00  0.000000e+00
      vertex  1.074720e+01  5.333355e+00  0.000000e+00
    endloop
  endfacet
  facet normal  0.000000e+00  0.000000e+00 -1.000000e+00
    outer loop
      vertex  1.250000e+01  6.500000e+00  0.000000e+00
      vertex  1.074720e+01  5.333355e+00  0.000000e+00
      vertex  1.056066e+01  5.560660e+00  0.000000e+00
    endloop
  endfacet
  facet normal  0.000000e+00  0.000000e+00 -1.000000e+00
    outer loop
      vertex  1.250000e+01  6.500000e+00  0.000000e+00
      vertex  1.056066e+01  5.560660e+00  0.000000e+00
      vertex  1.033335e+01  5.747204e+00  0.000000e+00
    endloop
  endfacet
  facet normal  0.000000e+00  0.000000e+00 -1.000000e+00
    outer loop
      vertex  1.250000e+01  6.500000e+00  0.000000e+00
      vertex  1.033335e+01  5.747204e+00  0.000000e+00
      vertex  1.007403e+01  5.885819e+00  0.000000e+00
    endloop
  endfacet
  facet normal  0.000000e+00  0.000000e+00 -1.000000e+00
    outer loop
      vertex  1.250000e+01  6.500000e+00  0.000000e+00
      vertex  1.007403e+01  5.885819e+00  0.000000e+00
      vertex  9.792636e+00  5.971178e+00  0.000000e+00
    endloop
  endfacet
  facet normal  -0.000000e+00  0.000000e+00 -1.000000e+00
    outer loop
      vertex -8.925975e+00 -3.114181e+00  0.000000e+00
      vertex -2.165064e+00 -3.250000e+00  0.000000e+00
      vertex -8.666645e+00 -3.252796e+00  0.000000e+00
    endloop
  endfacet
  facet normal  0.000000e+00  0.000000e+00 -1.000000e+00
    outer loop
      vertex -8.666645e+00 -3.252796e+00  0.000000e+00
      vertex -2.165064e+00 -3.250000e+00  0.000000e+00
      vertex -2.349231e+00 -3.644950e+00  0.000000e+00
    endloop
  endfacet
  facet normal  0.000000e+00  0.000000e+00 -1.000000e+00
    outer loop
      vertex -8.666645e+00 -3.252796e+00  0.000000e+00
      vertex -2.349231e+00 -3.644950e+00  0.000000e+00
      vertex -8.439340e+00 -3.439340e+00  0.000000e+00
    endloop
  endfacet
  facet normal  6.055762e-17  5.964378e-18 -1.000000e+00
    outer loop
      vertex -8.000000e+00 -4.500000e+00  0.000000e+00
      vertex -8.028822e+00 -4.207365e+00  0.000000e+00
      vertex -2.500000e+00 -4.500000e+00  3.330669e-16
    endloop
  endfacet
  facet normal  6.122494e-17  1.857231e-17 -1.000000e+00
    outer loop
      vertex -2.500000e+00 -4.500000e+00  3.330669e-16
      vertex -8.028822e+00 -4.207365e+00  0.000000e+00
      vertex -8.114181e+00 -3.925975e+00  0.000000e+00
    endloop
  endfacet
  facet normal -1.894954e-17 -7.655642e-16 -1.000000e+00
    outer loop
      vertex -2.500000e+00 -4.500000e+00  3.330669e-16
      vertex -8.114181e+00 -3.925975e+00  0.000000e+00
      vertex -2.462019e+00 -4.065879e+00  0.000000e+00
    endloop
  endfacet
  facet normal  0.000000e+00  0.000000e+00 -1.000000e+00
    outer loop
      vertex -2.462019e+00 -4.065879e+00  0.000000e+00
      vertex -8.114181e+00 -3.925975e+00  0.000000e+00
      vertex -8.252795e+00 -3.666645e+00  0.000000e+00
    endloop
  endfacet
  facet normal  0.000000e+00  0.000000e+00 -1.000000e+00
    outer loop
      vertex -2.462019e+00 -4.065879e+00  0.000000e+00
      vertex -8.252795e+00 -3.666645e+00  0.000000e+00
      vertex -2.349231e+00 -3.644950e+00  0.000000e+00
    endloop
  endfacet
  facet normal  0.000000e+00  -0.000000e+00 -1.000000e+00
    outer loop
      vertex -8.114181e+00 -5.074025e+00  0.000000e+00
      vertex -8.028822e+00 -4.792635e+00  0.000000e+00
      vertex -2.462019e+00 -4.934121e+00  0.000000e+00
    endloop
  endfacet
  facet normal  0.000000e+00  0.000000e+00 -9.999999e-01
    outer loop
      vertex -2.462019e+00 -4.934121e+00  0.000000e+00
      vertex -8.028822e+00 -4.792635e+00  0.000000e+00
      vertex -8.000000e+00 -4.500000e+00  0.000000e+00
    endloop
  endfacet
  facet normal  6.055761e-17  7.725200e-16 -1.000000e+00
    outer loop
      vertex -2.462019e+00 -4.934121e+00  0.000000e+00
      vertex -8.000000e+00 -4.500000e+00  0.000000e+00
      vertex -2.500000e+00 -4.500000e+00  3.330669e-16
    endloop
  endfacet
  facet normal  0.000000e+00  -0.000000e+00 -1.000000e+00
    outer loop
      vertex -8.666645e+00 -5.747204e+00  0.000000e+00
      vertex -8.439340e+00 -5.560660e+00  0.000000e+00
      vertex -2.165064e+00 -5.750000e+00  0.000000e+00
    endloop
  endfacet
  facet normal  0.000000e+00  0.000000e+00 -1.000000e+00
    outer loop
      vertex -2.165064e+00 -5.750000e+00  0.000000e+00
      vertex -8.439340e+00 -5.560660e+00  0.000000e+00
      vertex -8.252795e+00 -5.333355e+00  0.000000e+00
    endloop
  endfacet
  facet normal  0.000000e+00  0.000000e+00 -1.000000e+00
    outer loop
      vertex -2.165064e+00 -5.750000e+00  0.000000e+00
      vertex -8.252795e+00 -5.333355e+00  0.000000e+00
      vertex -2.349231e+00 -5.355051e+00  0.000000e+00
    endloop
  endfacet
  facet normal  0.000000e+00  0.000000e+00 -1.000000e+00
    outer loop
      vertex -2.349231e+00 -5.355051e+00  0.000000e+00
      vertex -8.252795e+00 -5.333355e+00  0.000000e+00
      vertex -8.114181e+00 -5.074025e+00  0.000000e+00
    endloop
  endfacet
  facet normal  0.000000e+00  0.000000e+00 -1.000000e+00
    outer loop
      vertex -2.349231e+00 -5.355051e+00  0.000000e+00
      vertex -8.114181e+00 -5.074025e+00  0.000000e+00
      vertex -2.462019e+00 -4.934121e+00  0.000000e+00
    endloop
  endfacet
  facet normal  0.000000e+00  -0.000000e+00 -1.000000e+00
    outer loop
      vertex -9.207364e+00 -5.971178e+00  0.000000e+00
      vertex -8.925975e+00 -5.885819e+00  0.000000e+00
      vertex -1.915111e+00 -6.106969e+00  0.000000e+00
    endloop
  endfacet
  facet normal  0.000000e+00  0.000000e+00 -1.000000e+00
    outer loop
      vertex -1.915111e+00 -6.106969e+00  0.000000e+00
      vertex -8.925975e+00 -5.885819e+00  0.000000e+00
      vertex -8.666645e+00 -5.747204e+00  0.000000e+00
    endloop
  endfacet
  facet normal  0.000000e+00  0.000000e+00 -1.000000e+00
    outer loop
      vertex -1.915111e+00 -6.106969e+00  0.000000e+00
      vertex -8.666645e+00 -5.747204e+00  0.000000e+00
      vertex -2.165064e+00 -5.750000e+00  0.000000e+00
    endloop
  endfacet
  facet normal  0.000000e+00 -1.000000e+00  0.000000e+00
    outer loop
      vertex  1.150000e+01 -7.500000e+00  6.000000e+00
      vertex -1.150000e+01 -7.500000e+00  6.000000e+00
      vertex  1.150000e+01 -7.500000e+00  0.000000e+00
    endloop
  endfacet
  facet normal  0.000000e+00 -1.000000e+00  0.000000e+00
    outer loop
      vertex  1.150000e+01 -7.500000e+00  0.000000e+00
      vertex -1.150000e+01 -7.500000e+00  6.000000e+00
      vertex -1.150000e+01 -7.500000e+00  0.000000e+00
    endloop
  endfacet
  facet normal -1.000000e+00  -0.000000e+00  0.000000e+00
    outer loop
      vertex -1.250000e+01 -6.500000e+00  6.000000e+00
      vertex -1.250000e+01  6.500000e+00  6.000000e+00
      vertex -1.250000e+01 -6.500000e+00  0.000000e+00
    endloop
  endfacet
  facet normal -1.000000e+00  0.000000e+00  0.000000e+00
    outer loop
      vertex -1.250000e+01 -6.500000e+00  0.000000e+00
      vertex -1.250000e+01  6.500000e+00  6.000000e+00
      vertex -1.250000e+01  6.500000e+00  0.000000e+00
    endloop
  endfacet
  facet normal  0.000000e+00  -0.000000e+00  1.000000e+00
    outer loop
      vertex -8.439340e+00 -3.439340e+00  6.000000e+00
      vertex -8.252795e+00 -3.666645e+00  6.000000e+00
      vertex -6.739427e+00 -3.570090e+00  6.000000e+00
    endloop
  endfacet
  facet normal  -0.000000e+00  0.000000e+00  1.000000e+00
    outer loop
      vertex  8.666645e+00  3.252796e+00  6.000000e+00
      vertex  7.181981e+00  3.181981e+00  6.000000e+00
      vertex  8.925975e+00  3.114181e+00  6.000000e+00
    endloop
  endfacet
  facet normal  0.000000e+00  0.000000e+00  1.000000e+00
    outer loop
      vertex -4.000000e+00  4.500000e+00  6.000000e+00
      vertex -8.666645e+00  5.747204e+00  6.000000e+00
      vertex -8.439340e+00  5.560660e+00  6.000000e+00
    endloop
  endfacet
  facet normal  0.000000e+00  0.000000e+00  1.000000e+00
    outer loop
      vertex -4.000000e+00  4.500000e+00  6.000000e+00
      vertex -8.439340e+00  5.560660e+00  6.000000e+00
      vertex -8.252795e+00  5.333355e+00  6.000000e+00
    endloop
  endfacet
  facet normal  0.000000e+00  0.000000e+00  1.000000e+00
    outer loop
      vertex -4.000000e+00  4.500000e+00  6.000000e+00
      vertex -8.252795e+00  5.333355e+00  6.000000e+00
      vertex -8.114181e+00  5.074025e+00  6.000000e+00
    endloop
  endfacet
  facet normal  0.000000e+00  0.000000e+00  1.000000e+00
    outer loop
      vertex -4.000000e+00  4.500000e+00  6.000000e+00
      vertex -8.114181e+00  5.074025e+00  6.000000e+00
      vertex -8.028822e+00  4.792635e+00  6.000000e+00
    endloop
  endfacet
  facet normal  0.000000e+00  0.000000e+00  1.000000e+00
    outer loop
      vertex -4.000000e+00  4.500000e+00  6.000000e+00
      vertex -8.028822e+00  4.792635e+00  6.000000e+00
      vertex -8.000000e+00  4.500000e+00  6.000000e+00
    endloop
  endfacet
  facet normal  -0.000000e+00  0.000000e+00  1.000000e+00
    outer loop
      vertex -4.000000e+00  4.500000e+00  6.000000e+00
      vertex -8.000000e+00  4.500000e+00  6.000000e+00
      vertex -4.587368e+00  4.461502e+00  6.000000e+00
    endloop
  endfacet
  facet normal  0.000000e+00  0.000000e+00  1.000000e+00
    outer loop
      vertex -4.000000e+00 -4.500000e+00  6.000000e+00
      vertex -4.587368e+00 -4.461502e+00  6.000000e+00
      vertex -8.000000e+00 -4.500000e+00  6.000000e+00
    endloop
  endfacet
  facet normal  -0.000000e+00  0.000000e+00  1.000000e+00
    outer loop
      vertex -4.000000e+00 -4.500000e+00  6.000000e+00
      vertex -8.000000e+00 -4.500000e+00  6.000000e+00
      vertex -8.028822e+00 -4.792635e+00  6.000000e+00
    endloop
  endfacet
  facet normal  0.000000e+00  0.000000e+00  1.000000e+00
    outer loop
      vertex -4.000000e+00 -4.500000e+00  6.000000e+00
      vertex -8.028822e+00 -4.792635e+00  6.000000e+00
      vertex -1.471178e+00 -4.792635e+00  6.000000e+00
    endloop
  endfacet
  facet normal  0.000000e+00  0.000000e+00  1.000000e+00
    outer loop
      vertex -4.000000e+00 -4.500000e+00  6.000000e+00
      vertex -1.471178e+00 -4.792635e+00  6.000000e+00
      vertex -1.500000e+00 -4.500000e+00  6.000000e+00
    endloop
  endfacet
  facet normal  -0.000000e+00  0.000000e+00  1.000000e+00
    outer loop
      vertex -1.150000e+01  7.500000e+00  6.000000e+00
      vertex -1.169509e+01  7.480785e+00  6.000000e+00
      vertex -9.500000e+00  6.000000e+00  6.000000e+00
    endloop
  endfacet
  facet normal  -0.000000e+00  -0.000000e+00  9.999999e-01
    outer loop
      vertex -1.150000e+01  7.500000e+00  6.000000e+00
      vertex -9.500000e+00  6.000000e+00  6.000000e+00
      vertex -9.207364e+00  5.971178e+00  6.000000e+00
    endloop
  endfacet
  facet normal  -0.000000e+00  -0.000000e+00  1.000000e+00
    outer loop
      vertex -1.150000e+01  7.500000e+00  6.000000e+00
      vertex -9.207364e+00  5.971178e+00  6.000000e+00
      vertex -8.925975e+00  5.885819e+00  6.000000e+00
    endloop
  endfacet
  facet normal  -0.000000e+00  -0.000000e+00  1.000000e+00
    outer loop
      vertex -1.150000e+01  7.500000e+00  6.000000e+00
      vertex -8.925975e+00  5.885819e+00  6.000000e+00
      vertex -8.666645e+00  5.747204e+00  6.000000e+00
    endloop
  endfacet
  facet normal  -0.000000e+00  -0.000000e+00  1.000000e+00
    outer loop
      vertex -1.150000e+01  7.500000e+00  6.000000e+00
      vertex -8.666645e+00  5.747204e+00  6.000000e+00
      vertex -4.000000e+00  4.500000e+00  6.000000e+00
    endloop
  endfacet
  facet normal  0.000000e+00  -0.000000e+00  1.000000e+00
    outer loop
      vertex -1.150000e+01  7.500000e+00  6.000000e+00
      vertex -4.000000e+00  4.500000e+00  6.000000e+00
      vertex  4.000000e+00  4.500000e+00  6.000000e+00
    endloop
  endfacet
  facet normal  0.000000e+00  -0.000000e+00  1.000000e+00
    outer loop
      vertex -1.150000e+01  7.500000e+00  6.000000e+00
      vertex  4.000000e+00  4.500000e+00  6.000000e+00
      vertex  8.028822e+00  4.792635e+00  6.000000e+00
    endloop
  endfacet
  facet normal  0.000000e+00  -0.000000e+00  1.000000e+00
    outer loop
      vertex -1.150000e+01  7.500000e+00  6.000000e+00
      vertex  8.028822e+00  4.792635e+00  6.000000e+00
      vertex  8.114181e+00  5.074025e+00  6.000000e+00
    endloop
  endfacet
  facet normal  0.000000e+00  -0.000000e+00  1.000000e+00
    outer loop
      vertex -1.150000e+01  7.500000e+00  6.000000e+00
      vertex  8.114181e+00  5.074025e+00  6.000000e+00
      vertex  8.252795e+00  5.333355e+00  6.000000e+00
    endloop
  endfacet
  facet normal  0.000000e+00  -0.000000e+00  1.000000e+00
    outer loop
      vertex -1.150000e+01  7.500000e+00  6.000000e+00
      vertex  8.252795e+00  5.333355e+00  6.000000e+00
      vertex  8.439340e+00  5.560660e+00  6.000000e+00
    endloop
  endfacet
  facet normal  0.000000e+00  -0.000000e+00  1.000000e+00
    outer loop
      vertex -1.150000e+01  7.500000e+00  6.000000e+00
      vertex  8.439340e+00  5.560660e+00  6.000000e+00
      vertex  8.666645e+00  5.747204e+00  6.000000e+00
    endloop
  endfacet
  facet normal  0.000000e+00  -0.000000e+00  1.000000e+00
    outer loop
      vertex -1.150000e+01  7.500000e+00  6.000000e+00
      vertex  8.666645e+00  5.747204e+00  6.000000e+00
      vertex  8.925975e+00  5.885819e+00  6.000000e+00
    endloop
  endfacet
  facet normal  0.000000e+00  -0.000000e+00  1.000000e+00
    outer loop
      vertex -1.150000e+01  7.500000e+00  6.000000e+00
      vertex  8.925975e+00  5.885819e+00  6.000000e+00
      vertex  9.207364e+00  5.971178e+00  6.000000e+00
    endloop
  endfacet
  facet normal  0.000000e+00  -0.000000e+00  1.000000e+00
    outer loop
      vertex -1.150000e+01  7.500000e+00  6.000000e+00
      vertex  9.207364e+00  5.971178e+00  6.000000e+00
      vertex  9.500000e+00  6.000000e+00  6.000000e+00
    endloop
  endfacet
  facet normal  0.000000e+00  -0.000000e+00  1.000000e+00
    outer loop
      vertex -1.150000e+01  7.500000e+00  6.000000e+00
      vertex  9.500000e+00  6.000000e+00  6.000000e+00
      vertex  1.150000e+01  7.500000e+00  6.000000e+00
    endloop
  endfacet
  facet normal  -0.000000e+00  -0.000000e+00  1.000000e+00
    outer loop
      vertex -1.250000e+01 -6.500000e+00  6.000000e+00
      vertex -1.248079e+01 -6.695090e+00  6.000000e+00
      vertex -1.242388e+01 -6.882683e+00  6.000000e+00
    endloop
  endfacet
  facet normal  -0.000000e+00  -0.000000e+00  1.000000e+00
    outer loop
      vertex -1.250000e+01 -6.500000e+00  6.000000e+00
      vertex -1.242388e+01 -6.882683e+00  6.000000e+00
      vertex -1.233147e+01 -7.055570e+00  6.000000e+00
    endloop
  endfacet
  facet normal  -0.000000e+00  -0.000000e+00  1.000000e+00
    outer loop
      vertex -1.250000e+01 -6.500000e+00  6.000000e+00
      vertex -1.233147e+01 -7.055570e+00  6.000000e+00
      vertex -1.220711e+01 -7.207107e+00  6.000000e+00
    endloop
  endfacet
  facet normal  -0.000000e+00  -0.000000e+00  1.000000e+00
    outer loop
      vertex -1.250000e+01 -6.500000e+00  6.000000e+00
      vertex -1.220711e+01 -7.207107e+00  6.000000e+00
      vertex -1.205557e+01 -7.331470e+00  6.000000e+00
    endloop
  endfacet
  facet normal  -0.000000e+00  -0.000000e+00  1.000000e+00
    outer loop
      vertex -1.250000e+01 -6.500000e+00  6.000000e+00
      vertex -1.205557e+01 -7.331470e+00  6.000000e+00
      vertex -1.188268e+01 -7.423880e+00  6.000000e+00
    endloop
  endfacet
  facet normal  -0.000000e+00  -0.000000e+00  1.000000e+00
    outer loop
      vertex -1.250000e+01 -6.500000e+00  6.000000e+00
      vertex -1.188268e+01 -7.423880e+00  6.000000e+00
      vertex -1.169509e+01 -7.480785e+00  6.000000e+00
    endloop
  endfacet
  facet normal  -0.000000e+00  -0.000000e+00  1.000000e+00
    outer loop
      vertex -1.250000e+01 -6.500000e+00  6.000000e+00
      vertex -1.169509e+01 -7.480785e+00  6.000000e+00
      vertex -1.150000e+01 -7.500000e+00  6.000000e+00
    endloop
  endfacet
  facet normal  0.000000e+00  -0.000000e+00  1.000000e+00
    outer loop
      vertex  9.500000e+00 -6.000000e+00  6.000000e+00
      vertex  1.150000e+01 -7.500000e+00  6.000000e+00
      vertex  1.169509e+01 -7.480785e+00  6.000000e+00
    endloop
  endfacet
  facet normal  0.000000e+00  -0.000000e+00  1.000000e+00
    outer loop
      vertex  9.500000e+00 -6.000000e+00  6.000000e+00
      vertex  1.169509e+01 -7.480785e+00  6.000000e+00
      vertex  1.188268e+01 -7.423880e+00  6.000000e+00
    endloop
  endfacet
  facet normal  0.000000e+00  -0.000000e+00  1.000000e+00
    outer loop
      vertex  9.500000e+00 -6.000000e+00  6.000000e+00
      vertex  1.188268e+01 -7.423880e+00  6.000000e+00
      vertex  1.205557e+01 -7.331470e+00  6.000000e+00
    endloop
  endfacet
  facet normal  0.000000e+00  -0.000000e+00  1.000000e+00
    outer loop
      vertex  9.500000e+00 -6.000000e+00  6.000000e+00
      vertex  1.205557e+01 -7.331470e+00  6.000000e+00
      vertex  1.220711e+01 -7.207107e+00  6.000000e+00
    endloop
  endfacet
  facet normal  0.000000e+00  -0.000000e+00  1.000000e+00
    outer loop
      vertex  9.500000e+00 -6.000000e+00  6.000000e+00
      vertex  1.220711e+01 -7.207107e+00  6.000000e+00
      vertex  1.233147e+01 -7.055570e+00  6.000000e+00
    endloop
  endfacet
  facet normal  0.000000e+00  -0.000000e+00  1.000000e+00
    outer loop
      vertex  9.500000e+00 -6.000000e+00  6.000000e+00
      vertex  1.233147e+01 -7.055570e+00  6.000000e+00
      vertex  1.242388e+01 -6.882683e+00  6.000000e+00
    endloop
  endfacet
  facet normal  0.000000e+00  -0.000000e+00  1.000000e+00
    outer loop
      vertex  9.500000e+00 -6.000000e+00  6.000000e+00
      vertex  1.242388e+01 -6.882683e+00  6.000000e+00
      vertex  1.248079e+01 -6.695090e+00  6.000000e+00
    endloop
  endfacet
  facet normal  0.000000e+00  -0.000000e+00  1.000000e+00
    outer loop
      vertex  9.500000e+00 -6.000000e+00  6.000000e+00
      vertex  1.248079e+01 -6.695090e+00  6.000000e+00
      vertex  1.250000e+01 -6.500000e+00  6.000000e+00
    endloop
  endfacet
  facet normal  0.000000e+00  0.000000e+00  1.000000e+00
    outer loop
      vertex -9.500000e+00  6.000000e+00  6.000000e+00
      vertex -1.169509e+01  7.480785e+00  6.000000e+00
      vertex -1.188268e+01  7.423880e+00  6.000000e+00
    endloop
  endfacet
  facet normal  0.000000e+00  0.000000e+00  1.000000e+00
    outer loop
      vertex -9.500000e+00  6.000000e+00  6.000000e+00
      vertex -1.188268e+01  7.423880e+00  6.000000e+00
      vertex -1.205557e+01  7.331470e+00  6.000000e+00
    endloop
  endfacet
  facet normal  0.000000e+00  0.000000e+00  1.000000e+00
    outer loop
      vertex -9.500000e+00  6.000000e+00  6.000000e+00
      vertex -1.205557e+01  7.331470e+00  6.000000e+00
      vertex -1.220711e+01  7.207107e+00  6.000000e+00
    endloop
  endfacet
  facet normal  0.000000e+00  0.000000e+00  1.000000e+00
    outer loop
      vertex -9.500000e+00  6.000000e+00  6.000000e+00
      vertex -1.220711e+01  7.207107e+00  6.000000e+00
      vertex -1.233147e+01  7.055570e+00  6.000000e+00
    endloop
  endfacet
  facet normal  0.000000e+00  0.000000e+00  1.000000e+00
    outer loop
      vertex -9.500000e+00  6.000000e+00  6.000000e+00
      vertex -1.233147e+01  7.055570e+00  6.000000e+00
      vertex -1.242388e+01  6.882683e+00  6.000000e+00
    endloop
  endfacet
  facet normal  0.000000e+00  0.000000e+00  1.000000e+00
    outer loop
      vertex -9.500000e+00  6.000000e+00  6.000000e+00
      vertex -1.242388e+01  6.882683e+00  6.000000e+00
      vertex -1.248079e+01  6.695090e+00  6.000000e+00
    endloop
  endfacet
  facet normal  0.000000e+00  0.000000e+00  1.000000e+00
    outer loop
      vertex -9.500000e+00  6.000000e+00  6.000000e+00
      vertex -1.248079e+01  6.695090e+00  6.000000e+00
      vertex -1.250000e+01  6.500000e+00  6.000000e+00
    endloop
  endfacet
  facet normal  0.000000e+00  0.000000e+00  1.000000e+00
    outer loop
      vertex -1.250000e+01 -6.500000e+00  6.000000e+00
      vertex -9.500000e+00 -6.000000e+00  6.000000e+00
      vertex -9.792636e+00 -5.971178e+00  6.000000e+00
    endloop
  endfacet
  facet normal  0.000000e+00  0.000000e+00  1.000000e+00
    outer loop
      vertex -1.250000e+01 -6.500000e+00  6.000000e+00
      vertex -9.792636e+00 -5.971178e+00  6.000000e+00
      vertex -1.007403e+01 -5.885819e+00  6.000000e+00
    endloop
  endfacet
  facet normal  0.000000e+00  0.000000e+00  9.999999e-01
    outer loop
      vertex -1.250000e+01 -6.500000e+00  6.000000e+00
      vertex -1.007403e+01 -5.885819e+00  6.000000e+00
      vertex -1.033335e+01 -5.747204e+00  6.000000e+00
    endloop
  endfacet
  facet normal  0.000000e+00  0.000000e+00  1.000000e+00
    outer loop
      vertex -1.250000e+01 -6.500000e+00  6.000000e+00
      vertex -1.033335e+01 -5.747204e+00  6.000000e+00
      vertex -1.056066e+01 -5.560660e+00  6.000000e+00
    endloop
  endfacet
  facet normal  0.000000e+00  0.000000e+00  1.000000e+00
    outer loop
      vertex -1.250000e+01 -6.500000e+00  6.000000e+00
      vertex -1.056066e+01 -5.560660e+00  6.000000e+00
      vertex -1.074720e+01 -5.333355e+00  6.000000e+00
    endloop
  endfacet
  facet normal  0.000000e+00  0.000000e+00  1.000000e+00
    outer loop
      vertex -1.250000e+01 -6.500000e+00  6.000000e+00
      vertex -1.074720e+01 -5.333355e+00  6.000000e+00
      vertex -1.088582e+01 -5.074025e+00  6.000000e+00
    endloop
  endfacet
  facet normal  0.000000e+00  0.000000e+00  1.000000e+00
    outer loop
      vertex -1.250000e+01 -6.500000e+00  6.000000e+00
      vertex -1.088582e+01 -5.074025e+00  6.000000e+00
      vertex -1.097118e+01 -4.792635e+00  6.000000e+00
    endloop
  endfacet
  facet normal  0.000000e+00  0.000000e+00  1.000000e+00
    outer loop
      vertex -1.250000e+01 -6.500000e+00  6.000000e+00
      vertex -1.097118e+01 -4.792635e+00  6.000000e+00
      vertex -1.100000e+01 -4.500000e+00  6.000000e+00
    endloop
  endfacet
  facet normal  0.000000e+00  -0.000000e+00  1.000000e+00
    outer loop
      vertex -1.250000e+01 -6.500000e+00  6.000000e+00
      vertex -1.100000e+01 -4.500000e+00  6.000000e+00
      vertex -1.097118e+01 -4.207365e+00  6.000000e+00
    endloop
  endfacet
  facet normal  0.000000e+00  -0.000000e+00  1.000000e+00
    outer loop
      vertex -1.250000e+01 -6.500000e+00  6.000000e+00
      vertex -1.097118e+01 -4.207365e+00  6.000000e+00
      vertex -1.088582e+01 -3.925975e+00  6.000000e+00
    endloop
  endfacet
  facet normal  0.000000e+00  -0.000000e+00  1.000000e+00
    outer loop
      vertex -1.250000e+01 -6.500000e+00  6.000000e+00
      vertex -1.088582e+01 -3.925975e+00  6.000000e+00
      vertex -1.074720e+01 -3.666645e+00  6.000000e+00
    endloop
  endfacet
  facet normal  0.000000e+00  -0.000000e+00  1.000000e+00
    outer loop
      vertex -1.250000e+01 -6.500000e+00  6.000000e+00
      vertex -1.074720e+01 -3.666645e+00  6.000000e+00
      vertex -9.500000e+00  3.000000e+00  6.000000e+00
    endloop
  endfacet
  facet normal  0.000000e+00  0.000000e+00  1.000000e+00
    outer loop
      vertex -1.250000e+01 -6.500000e+00  6.000000e+00
      vertex -9.500000e+00  3.000000e+00  6.000000e+00
      vertex -9.792636e+00  3.028822e+00  6.000000e+00
    endloop
  endfacet
  facet normal  0.000000e+00  0.000000e+00  1.000000e+00
    outer loop
      vertex -1.250000e+01 -6.500000e+00  6.000000e+00
      vertex -9.792636e+00  3.028822e+00  6.000000e+00
      vertex -1.007403e+01  3.114181e+00  6.000000e+00
    endloop
  endfacet
  facet normal  0.000000e+00  0.000000e+00  1.000000e+00
    outer loop
      vertex -1.250000e+01 -6.500000e+00  6.000000e+00
      vertex -1.007403e+01  3.114181e+00  6.000000e+00
      vertex -1.033335e+01  3.252796e+00  6.000000e+00
    endloop
  endfacet
  facet normal  0.000000e+00  0.000000e+00  1.000000e+00
    outer loop
      vertex -1.250000e+01 -6.500000e+00  6.000000e+00
      vertex -1.033335e+01  3.252796e+00  6.000000e+00
      vertex -1.056066e+01  3.439340e+00  6.000000e+00
    endloop
  endfacet
  facet normal  0.000000e+00  0.000000e+00  1.000000e+00
    outer loop
      vertex -1.250000e+01 -6.500000e+00  6.000000e+00
      vertex -1.056066e+01  3.439340e+00  6.000000e+00
      vertex -1.074720e+01  3.666645e+00  6.000000e+00
    endloop
  endfacet
  facet normal  0.000000e+00  0.000000e+00  1.000000e+00
    outer loop
      vertex -1.250000e+01 -6.500000e+00  6.000000e+00
      vertex -1.074720e+01  3.666645e+00  6.000000e+00
      vertex -1.088582e+01  3.925975e+00  6.000000e+00
    endloop
  endfacet
  facet normal  0.000000e+00  0.000000e+00  1.000000e+00
    outer loop
      vertex -1.250000e+01 -6.500000e+00  6.000000e+00
      vertex -1.088582e+01  3.925975e+00  6.000000e+00
      vertex -1.097118e+01  4.207365e+00  6.000000e+00
    endloop
  endfacet
  facet normal  0.000000e+00  0.000000e+00  1.000000e+00
    outer loop
      vertex -1.250000e+01 -6.500000e+00  6.000000e+00
      vertex -1.097118e+01  4.207365e+00  6.000000e+00
      vertex -1.100000e+01  4.500000e+00  6.000000e+00
    endloop
  endfacet
  facet normal  0.000000e+00  -0.000000e+00  1.000000e+00
    outer loop
      vertex -1.250000e+01 -6.500000e+00  6.000000e+00
      vertex -1.100000e+01  4.500000e+00  6.000000e+00
      vertex -1.097118e+01  4.792635e+00  6.000000e+00
    endloop
  endfacet
  facet normal  0.000000e+00  0.000000e+00  1.000000e+00
    outer loop
      vertex -1.250000e+01  6.500000e+00  6.000000e+00
      vertex -1.250000e+01 -6.500000e+00  6.000000e+00
      vertex -1.097118e+01  4.792635e+00  6.000000e+00
    endloop
  endfacet
  facet normal  0.000000e+00  -0.000000e+00  1.000000e+00
    outer loop
      vertex -1.250000e+01  6.500000e+00  6.000000e+00
      vertex -1.097118e+01  4.792635e+00  6.000000e+00
      vertex -1.088582e+01  5.074025e+00  6.000000e+00
    endloop
  endfacet
  facet normal  0.000000e+00  -0.000000e+00  1.000000e+00
    outer loop
      vertex -1.250000e+01  6.500000e+00  6.000000e+00
      vertex -1.088582e+01  5.074025e+00  6.000000e+00
      vertex -1.074720e+01  5.333355e+00  6.000000e+00
    endloop
  endfacet
  facet normal  0.000000e+00  -0.000000e+00  1.000000e+00
    outer loop
      vertex -1.250000e+01  6.500000e+00  6.000000e+00
      vertex -1.074720e+01  5.333355e+00  6.000000e+00
      vertex -1.056066e+01  5.560660e+00  6.000000e+00
    endloop
  endfacet
  facet normal  0.000000e+00  -0.000000e+00  1.000000e+00
    outer loop
      vertex -1.250000e+01  6.500000e+00  6.000000e+00
      vertex -1.056066e+01  5.560660e+00  6.000000e+00
      vertex -1.033335e+01  5.747204e+00  6.000000e+00
    endloop
  endfacet
  facet normal  0.000000e+00  -0.000000e+00  1.000000e+00
    outer loop
      vertex -1.250000e+01  6.500000e+00  6.000000e+00
      vertex -1.033335e+01  5.747204e+00  6.000000e+00
      vertex -1.007403e+01  5.885819e+00  6.000000e+00
    endloop
  endfacet
  facet normal  0.000000e+00  -0.000000e+00  1.000000e+00
    outer loop
      vertex -1.250000e+01  6.500000e+00  6.000000e+00
      vertex -1.007403e+01  5.885819e+00  6.000000e+00
      vertex -9.792636e+00  5.971178e+00  6.000000e+00
    endloop
  endfacet
  facet normal  0.000000e+00  -0.000000e+00  1.000000e+00
    outer loop
      vertex -1.250000e+01  6.500000e+00  6.000000e+00
      vertex -9.792636e+00  5.971178e+00  6.000000e+00
      vertex -9.500000e+00  6.000000e+00  6.000000e+00
    endloop
  endfacet
  facet normal  0.000000e+00  -0.000000e+00  1.000000e+00
    outer loop
      vertex -9.500000e+00 -3.000000e+00  6.000000e+00
      vertex -9.207364e+00 -3.028822e+00  6.000000e+00
      vertex -7.570090e+00 -2.739426e+00  6.000000e+00
    endloop
  endfacet
  facet normal  0.000000e+00  0.000000e+00  1.000000e+00
    outer loop
      vertex -9.500000e+00 -3.000000e+00  6.000000e+00
      vertex -7.570090e+00 -2.739426e+00  6.000000e+00
      vertex -7.897114e+00 -2.250000e+00  6.000000e+00
    endloop
  endfacet
  facet normal  0.000000e+00  0.000000e+00  1.000000e+00
    outer loop
      vertex -9.500000e+00 -3.000000e+00  6.000000e+00
      vertex -7.897114e+00 -2.250000e+00  6.000000e+00
      vertex -8.157458e+00 -1.722075e+00  6.000000e+00
    endloop
  endfacet
  facet normal  0.000000e+00  0.000000e+00  9.999999e-01
    outer loop
      vertex -9.500000e+00 -3.000000e+00  6.000000e+00
      vertex -8.157458e+00 -1.722075e+00  6.000000e+00
      vertex -8.346666e+00 -1.164686e+00  6.000000e+00
    endloop
  endfacet
  facet normal  0.000000e+00  0.000000e+00  9.999999e-01
    outer loop
      vertex -9.500000e+00 -3.000000e+00  6.000000e+00
      vertex -8.346666e+00 -1.164686e+00  6.000000e+00
      vertex -8.461502e+00 -5.873679e-01  6.000000e+00
    endloop
  endfacet
  facet normal  0.000000e+00  0.000000e+00  1.000000e+00
    outer loop
      vertex -9.500000e+00 -3.000000e+00  6.000000e+00
      vertex -8.461502e+00 -5.873679e-01  6.000000e+00
      vertex -8.500000e+00  2.549493e-15  6.000000e+00
    endloop
  endfacet
  facet normal  0.000000e+00  -0.000000e+00  1.000000e+00
    outer loop
      vertex -9.500000e+00 -3.000000e+00  6.000000e+00
      vertex -8.500000e+00  2.549493e-15  6.000000e+00
      vertex -8.461502e+00  5.873679e-01  6.000000e+00
    endloop
  endfacet
  facet normal  0.000000e+00  -0.000000e+00  1.000000e+00
    outer loop
      vertex -9.500000e+00 -3.000000e+00  6.000000e+00
      vertex -8.461502e+00  5.873679e-01  6.000000e+00
      vertex -8.346666e+00  1.164686e+00  6.000000e+00
    endloop
  endfacet
  facet normal  0.000000e+00  0.000000e+00  1.000000e+00
    outer loop
      vertex -9.500000e+00  3.000000e+00  6.000000e+00
      vertex -1.074720e+01 -3.666645e+00  6.000000e+00
      vertex -1.056066e+01 -3.439340e+00  6.000000e+00
    endloop
  endfacet
  facet normal  0.000000e+00  0.000000e+00  1.000000e+00
    outer loop
      vertex -9.500000e+00  3.000000e+00  6.000000e+00
      vertex -1.056066e+01 -3.439340e+00  6.000000e+00
      vertex -1.033335e+01 -3.252796e+00  6.000000e+00
    endloop
  endfacet
  facet normal  0.000000e+00  0.000000e+00  1.000000e+00
    outer loop
      vertex -9.500000e+00  3.000000e+00  6.000000e+00
      vertex -1.033335e+01 -3.252796e+00  6.000000e+00
      vertex -1.007403e+01 -3.114181e+00  6.000000e+00
    endloop
  endfacet
  facet normal  0.000000e+00  0.000000e+00  1.000000e+00
    outer loop
      vertex -9.500000e+00  3.000000e+00  6.000000e+00
      vertex -1.007403e+01 -3.114181e+00  6.000000e+00
      vertex -9.792636e+00 -3.028822e+00  6.000000e+00
    endloop
  endfacet
  facet normal  0.000000e+00  0.000000e+00  1.000000e+00
    outer loop
      vertex -9.500000e+00  3.000000e+00  6.000000e+00
      vertex -9.792636e+00 -3.028822e+00  6.000000e+00
      vertex -9.500000e+00 -3.000000e+00  6.000000e+00
    endloop
  endfacet
  facet normal  0.000000e+00  0.000000e+00  1.000000e+00
    outer loop
      vertex -9.500000e+00  3.000000e+00  6.000000e+00
      vertex -9.500000e+00 -3.000000e+00  6.000000e+00
      vertex -8.346666e+00  1.164686e+00  6.000000e+00
    endloop
  endfacet
  facet normal  0.000000e+00  -0.000000e+00  9.999999e-01
    outer loop
      vertex -9.500000e+00  3.000000e+00  6.000000e+00
      vertex -8.346666e+00  1.164686e+00  6.000000e+00
      vertex -8.157458e+00  1.722075e+00  6.000000e+00
    endloop
  endfacet
  facet normal  0.000000e+00  -0.000000e+00  1.000000e+00
    outer loop
      vertex -9.500000e+00  3.000000e+00  6.000000e+00
      vertex -8.157458e+00  1.722075e+00  6.000000e+00
      vertex -7.897114e+00  2.250000e+00  6.000000e+00
    endloop
  endfacet
  facet normal  0.000000e+00  -0.000000e+00  1.000000e+00
    outer loop
      vertex -9.500000e+00  3.000000e+00  6.000000e+00
      vertex -7.897114e+00  2.250000e+00  6.000000e+00
      vertex -7.570090e+00  2.739426e+00  6.000000e+00
    endloop
  endfacet
  facet normal  0.000000e+00  0.000000e+00  1.000000e+00
    outer loop
      vertex -9.500000e+00  3.000000e+00  6.000000e+00
      vertex -7.570090e+00  2.739426e+00  6.000000e+00
      vertex -9.207364e+00  3.028822e+00  6.000000e+00
    endloop
  endfacet
  facet normal  0.000000e+00  0.000000e+00  1.000000e+00
    outer loop
      vertex  9.500000e+00 -3.000000e+00  6.000000e+00
      vertex  8.346666e+00  1.164686e+00  6.000000e+00
      vertex  8.461502e+00  5.873679e-01  6.000000e+00
    endloop
  endfacet
  facet normal  0.000000e+00  0.000000e+00  1.000000e+00
    outer loop
      vertex  9.500000e+00 -3.000000e+00  6.000000e+00
      vertex  8.461502e+00  5.873679e-01  6.000000e+00
      vertex  8.500000e+00 -1.102182e-15  6.000000e+00
    endloop
  endfacet
  facet normal  0.000000e+00  0.000000e+00  1.000000e+00
    outer loop
      vertex  9.500000e+00 -3.000000e+00  6.000000e+00
      vertex  8.500000e+00 -1.102182e-15  6.000000e+00
      vertex  8.461502e+00 -5.873679e-01  6.000000e+00
    endloop
  endfacet
  facet normal  0.000000e+00  0.000000e+00  9.999999e-01
    outer loop
      vertex  9.500000e+00 -3.000000e+00  6.000000e+00
      vertex  8.461502e+00 -5.873679e-01  6.000000e+00
      vertex  8.346666e+00 -1.164686e+00  6.000000e+00
    endloop
  endfacet
  facet normal  0.000000e+00  0.000000e+00  9.999999e-01
    outer loop
      vertex  9.500000e+00 -3.000000e+00  6.000000e+00
      vertex  8.346666e+00 -1.164686e+00  6.000000e+00
      vertex  8.157458e+00 -1.722075e+00  6.000000e+00
    endloop
  endfacet
  facet normal  0.000000e+00  0.000000e+00  1.000000e+00
    outer loop
      vertex  9.500000e+00 -3.000000e+00  6.000000e+00
      vertex  8.157458e+00 -1.722075e+00  6.000000e+00
      vertex  7.897114e+00 -2.250000e+00  6.000000e+00
    endloop
  endfacet
  facet normal  0.000000e+00  0.000000e+00  1.000000e+00
    outer loop
      vertex  9.500000e+00 -3.000000e+00  6.000000e+00
      vertex  7.897114e+00 -2.250000e+00  6.000000e+00
      vertex  7.570090e+00 -2.739426e+00  6.000000e+00
    endloop
  endfacet
  facet normal  0.000000e+00  0.000000e+00  1.000000e+00
    outer loop
      vertex  9.500000e+00 -3.000000e+00  6.000000e+00
      vertex  7.570090e+00 -2.739426e+00  6.000000e+00
      vertex  9.207364e+00 -3.028822e+00  6.000000e+00
    endloop
  endfacet
  facet normal  -0.000000e+00  0.000000e+00  1.000000e+00
    outer loop
      vertex  9.500000e+00  3.000000e+00  6.000000e+00
      vertex  7.570090e+00  2.739426e+00  6.000000e+00
      vertex  7.897114e+00  2.250000e+00  6.000000e+00
    endloop
  endfacet
  facet normal  -0.000000e+00  0.000000e+00  1.000000e+00
    outer loop
      vertex  9.500000e+00  3.000000e+00  6.000000e+00
      vertex  7.897114e+00  2.250000e+00  6.000000e+00
      vertex  8.157458e+00  1.722075e+00  6.000000e+00
    endloop
  endfacet
  facet normal  -0.000000e+00  0.000000e+00  9.999999e-01
    outer loop
      vertex  9.500000e+00  3.000000e+00  6.000000e+00
      vertex  8.157458e+00  1.722075e+00  6.000000e+00
      vertex  8.346666e+00  1.164686e+00  6.000000e+00
    endloop
  endfacet
  facet normal  -0.000000e+00  0.000000e+00  1.000000e+00
    outer loop
      vertex  9.500000e+00  3.000000e+00  6.000000e+00
      vertex  8.346666e+00  1.164686e+00  6.000000e+00
      vertex  9.500000e+00 -3.000000e+00  6.000000e+00
    endloop
  endfacet
  facet normal  -0.000000e+00  0.000000e+00  1.000000e+00
    outer loop
      vertex  9.500000e+00  3.000000e+00  6.000000e+00
      vertex  9.500000e+00 -3.000000e+00  6.000000e+00
      vertex  9.792636e+00 -3.028822e+00  6.000000e+00
    endloop
  endfacet
  facet normal  -0.000000e+00  -0.000000e+00  1.000000e+00
    outer loop
      vertex  9.500000e+00  3.000000e+00  6.000000e+00
      vertex  9.792636e+00 -3.028822e+00  6.000000e+00
      vertex  1.007403e+01 -3.114181e+00  6.000000e+00
    endloop
  endfacet
  facet normal  -0.000000e+00  -0.000000e+00  1.000000e+00
    outer loop
      vertex  9.500000e+00  3.000000e+00  6.000000e+00
      vertex  1.007403e+01 -3.114181e+00  6.000000e+00
      vertex  1.033335e+01 -3.252796e+00  6.000000e+00
    endloop
  endfacet
  facet normal  -0.000000e+00  -0.000000e+00  1.000000e+00
    outer loop
      vertex  9.500000e+00  3.000000e+00  6.000000e+00
      vertex  1.033335e+01 -3.252796e+00  6.000000e+00
      vertex  1.056066e+01 -3.439340e+00  6.000000e+00
    endloop
  endfacet
  facet normal  -0.000000e+00  -0.000000e+00  1.000000e+00
    outer loop
      vertex  9.500000e+00  3.000000e+00  6.000000e+00
      vertex  1.056066e+01 -3.439340e+00  6.000000e+00
      vertex  1.074720e+01 -3.666645e+00  6.000000e+00
    endloop
  endfacet
  facet normal  0.000000e+00  0.000000e+00  1.000000e+00
    outer loop
      vertex  7.570090e+00  2.739426e+00  6.000000e+00
      vertex  9.500000e+00  3.000000e+00  6.000000e+00
      vertex  9.207364e+00  3.028822e+00  6.000000e+00
    endloop
  endfacet
  facet normal  0.000000e+00  0.000000e+00  1.000000e+00
    outer loop
      vertex  7.570090e+00  2.739426e+00  6.000000e+00
      vertex  9.207364e+00  3.028822e+00  6.000000e+00
      vertex  8.925975e+00  3.114181e+00  6.000000e+00
    endloop
  endfacet
  facet normal  0.000000e+00  0.000000e+00  1.000000e+00
    outer loop
      vertex  7.570090e+00  2.739426e+00  6.000000e+00
      vertex  8.925975e+00  3.114181e+00  6.000000e+00
      vertex  7.181981e+00  3.181981e+00  6.000000e+00
    endloop
  endfacet
  facet normal  0.000000e+00  0.000000e+00  9.999999e-01
    outer loop
      vertex  8.000000e+00 -4.500000e+00  6.000000e+00
      vertex  8.028822e+00 -4.207365e+00  6.000000e+00
      vertex  5.722075e+00 -4.157458e+00  6.000000e+00
    endloop
  endfacet
  facet normal  0.000000e+00  0.000000e+00  1.000000e+00
    outer loop
      vertex  8.000000e+00 -4.500000e+00  6.000000e+00
      vertex  5.722075e+00 -4.157458e+00  6.000000e+00
      vertex  5.164686e+00 -4.346666e+00  6.000000e+00
    endloop
  endfacet
  facet normal  0.000000e+00  0.000000e+00  1.000000e+00
    outer loop
      vertex  8.000000e+00 -4.500000e+00  6.000000e+00
      vertex  5.164686e+00 -4.346666e+00  6.000000e+00
      vertex  4.587368e+00 -4.461502e+00  6.000000e+00
    endloop
  endfacet
  facet normal  0.000000e+00  0.000000e+00  1.000000e+00
    outer loop
      vertex  8.000000e+00 -4.500000e+00  6.000000e+00
      vertex  4.587368e+00 -4.461502e+00  6.000000e+00
      vertex  4.000000e+00 -4.500000e+00  6.000000e+00
    endloop
  endfacet
  facet normal  -0.000000e+00  0.000000e+00  1.000000e+00
    outer loop
      vertex  8.000000e+00 -4.500000e+00  6.000000e+00
      vertex  4.000000e+00 -4.500000e+00  6.000000e+00
      vertex  8.028822e+00 -4.792635e+00  6.000000e+00
    endloop
  endfacet
  facet normal  0.000000e+00  -0.000000e+00  1.000000e+00
    outer loop
      vertex  9.500000e+00  6.000000e+00  6.000000e+00
      vertex  9.792636e+00  5.971178e+00  6.000000e+00
      vertex  1.250000e+01  6.500000e+00  6.000000e+00
    endloop
  endfacet
  facet normal  0.000000e+00  0.000000e+00  1.000000e+00
    outer loop
      vertex  9.500000e+00  6.000000e+00  6.000000e+00
      vertex  1.250000e+01  6.500000e+00  6.000000e+00
      vertex  1.248079e+01  6.695090e+00  6.000000e+00
    endloop
  endfacet
  facet normal  0.000000e+00  0.000000e+00  1.000000e+00
    outer loop
      vertex  9.500000e+00  6.000000e+00  6.000000e+00
      vertex  1.248079e+01  6.695090e+00  6.000000e+00
      vertex  1.242388e+01  6.882683e+00  6.000000e+00
    endloop
  endfacet
  facet normal  0.000000e+00  0.000000e+00  1.000000e+00
    outer loop
      vertex  9.500000e+00  6.000000e+00  6.000000e+00
      vertex  1.242388e+01  6.882683e+00  6.000000e+00
      vertex  1.233147e+01  7.055570e+00  6.000000e+00
    endloop
  endfacet
  facet normal  0.000000e+00  0.000000e+00  1.000000e+00
    outer loop
      vertex  9.500000e+00  6.000000e+00  6.000000e+00
      vertex  1.233147e+01  7.055570e+00  6.000000e+00
      vertex  1.220711e+01  7.207107e+00  6.000000e+00
    endloop
  endfacet
  facet normal  0.000000e+00  0.000000e+00  1.000000e+00
    outer loop
      vertex  9.500000e+00  6.000000e+00  6.000000e+00
      vertex  1.220711e+01  7.207107e+00  6.000000e+00
      vertex  1.205557e+01  7.331470e+00  6.000000e+00
    endloop
  endfacet
  facet normal  0.000000e+00  0.000000e+00  1.000000e+00
    outer loop
      vertex  9.500000e+00  6.000000e+00  6.000000e+00
      vertex  1.205557e+01  7.331470e+00  6.000000e+00
      vertex  1.188268e+01  7.423880e+00  6.000000e+00
    endloop
  endfacet
  facet normal  0.000000e+00  0.000000e+00  1.000000e+00
    outer loop
      vertex  9.500000e+00  6.000000e+00  6.000000e+00
      vertex  1.188268e+01  7.423880e+00  6.000000e+00
      vertex  1.169509e+01  7.480785e+00  6.000000e+00
    endloop
  endfacet
  facet normal  0.000000e+00  0.000000e+00  1.000000e+00
    outer loop
      vertex  9.500000e+00  6.000000e+00  6.000000e+00
      vertex  1.169509e+01  7.480785e+00  6.000000e+00
      vertex  1.150000e+01  7.500000e+00  6.000000e+00
    endloop
  endfacet
  facet normal  0.000000e+00  0.000000e+00  1.000000e+00
    outer loop
      vertex  1.250000e+01 -6.500000e+00  6.000000e+00
      vertex  1.097118e+01  4.792635e+00  6.000000e+00
      vertex  1.100000e+01  4.500000e+00  6.000000e+00
    endloop
  endfacet
  facet normal  0.000000e+00  0.000000e+00  1.000000e+00
    outer loop
      vertex  1.250000e+01 -6.500000e+00  6.000000e+00
      vertex  1.100000e+01  4.500000e+00  6.000000e+00
      vertex  1.097118e+01  4.207365e+00  6.000000e+00
    endloop
  endfacet
  facet normal  0.000000e+00  0.000000e+00  9.999999e-01
    outer loop
      vertex  1.250000e+01 -6.500000e+00  6.000000e+00
      vertex  1.097118e+01  4.207365e+00  6.000000e+00
      vertex  1.088582e+01  3.925975e+00  6.000000e+00
    endloop
  endfacet
  facet normal  0.000000e+00  0.000000e+00  1.000000e+00
    outer loop
      vertex  1.250000e+01 -6.500000e+00  6.000000e+00
      vertex  1.088582e+01  3.925975e+00  6.000000e+00
      vertex  1.074720e+01  3.666645e+00  6.000000e+00
    endloop
  endfacet
  facet normal  0.000000e+00  0.000000e+00  1.000000e+00
    outer loop
      vertex  1.250000e+01 -6.500000e+00  6.000000e+00
      vertex  1.074720e+01  3.666645e+00  6.000000e+00
      vertex  1.056066e+01  3.439340e+00  6.000000e+00
    endloop
  endfacet
  facet normal  0.000000e+00  0.000000e+00  1.000000e+00
    outer loop
      vertex  1.250000e+01 -6.500000e+00  6.000000e+00
      vertex  1.056066e+01  3.439340e+00  6.000000e+00
      vertex  1.033335e+01  3.252796e+00  6.000000e+00
    endloop
  endfacet
  facet normal  0.000000e+00  0.000000e+00  1.000000e+00
    outer loop
      vertex  1.250000e+01 -6.500000e+00  6.000000e+00
      vertex  1.033335e+01  3.252796e+00  6.000000e+00
      vertex  1.007403e+01  3.114181e+00  6.000000e+00
    endloop
  endfacet
  facet normal  0.000000e+00  0.000000e+00  1.000000e+00
    outer loop
      vertex  1.250000e+01 -6.500000e+00  6.000000e+00
      vertex  1.007403e+01  3.114181e+00  6.000000e+00
      vertex  9.792636e+00  3.028822e+00  6.000000e+00
    endloop
  endfacet
  facet normal  0.000000e+00  0.000000e+00  1.000000e+00
    outer loop
      vertex  1.250000e+01 -6.500000e+00  6.000000e+00
      vertex  9.792636e+00  3.028822e+00  6.000000e+00
      vertex  9.500000e+00  3.000000e+00  6.000000e+00
    endloop
  endfacet
  facet normal  0.000000e+00  0.000000e+00  1.000000e+00
    outer loop
      vertex  1.250000e+01 -6.500000e+00  6.000000e+00
      vertex  9.500000e+00  3.000000e+00  6.000000e+00
      vertex  1.074720e+01 -3.666645e+00  6.000000e+00
    endloop
  endfacet
  facet normal  0.000000e+00  0.000000e+00  1.000000e+00
    outer loop
      vertex  1.250000e+01 -6.500000e+00  6.000000e+00
      vertex  1.074720e+01 -3.666645e+00  6.000000e+00
      vertex  1.088582e+01 -3.925975e+00  6.000000e+00
    endloop
  endfacet
  facet normal  0.000000e+00  0.000000e+00  1.000000e+00
    outer loop
      vertex  1.250000e+01 -6.500000e+00  6.000000e+00
      vertex  1.088582e+01 -3.925975e+00  6.000000e+00
      vertex  1.097118e+01 -4.207365e+00  6.000000e+00
    endloop
  endfacet
  facet normal  0.000000e+00  0.000000e+00  1.000000e+00
    outer loop
      vertex  1.250000e+01 -6.500000e+00  6.000000e+00
      vertex  1.097118e+01 -4.207365e+00  6.000000e+00
      vertex  1.100000e+01 -4.500000e+00  6.000000e+00
    endloop
  endfacet
  facet normal  0.000000e+00  0.000000e+00  1.000000e+00
    outer loop
      vertex  1.250000e+01 -6.500000e+00  6.000000e+00
      vertex  1.100000e+01 -4.500000e+00  6.000000e+00
      vertex  1.097118e+01 -4.792635e+00  6.000000e+00
    endloop
  endfacet
  facet normal  0.000000e+00  0.000000e+00  1.000000e+00
    outer loop
      vertex  1.250000e+01 -6.500000e+00  6.000000e+00
      vertex  1.097118e+01 -4.792635e+00  6.000000e+00
      vertex  1.088582e+01 -5.074025e+00  6.000000e+00
    endloop
  endfacet
  facet normal  0.000000e+00  0.000000e+00  1.000000e+00
    outer loop
      vertex  1.250000e+01 -6.500000e+00  6.000000e+00
      vertex  1.088582e+01 -5.074025e+00  6.000000e+00
      vertex  1.074720e+01 -5.333355e+00  6.000000e+00
    endloop
  endfacet
  facet normal  0.000000e+00  0.000000e+00  1.000000e+00
    outer loop
      vertex  1.250000e+01 -6.500000e+00  6.000000e+00
      vertex  1.074720e+01 -5.333355e+00  6.000000e+00
      vertex  1.056066e+01 -5.560660e+00  6.000000e+00
    endloop
  endfacet
  facet normal  0.000000e+00  0.000000e+00  1.000000e+00
    outer loop
      vertex  1.250000e+01 -6.500000e+00  6.000000e+00
      vertex  1.056066e+01 -5.560660e+00  6.000000e+00
      vertex  1.033335e+01 -5.747204e+00  6.000000e+00
    endloop
  endfacet
  facet normal  0.000000e+00  0.000000e+00  1.000000e+00
    outer loop
      vertex  1.250000e+01 -6.500000e+00  6.000000e+00
      vertex  1.033335e+01 -5.747204e+00  6.000000e+00
      vertex  1.007403e+01 -5.885819e+00  6.000000e+00
    endloop
  endfacet
  facet normal  0.000000e+00  0.000000e+00  1.000000e+00
    outer loop
      vertex  1.250000e+01 -6.500000e+00  6.000000e+00
      vertex  1.007403e+01 -5.885819e+00  6.000000e+00
      vertex  9.792636e+00 -5.971178e+00  6.000000e+00
    endloop
  endfacet
  facet normal  0.000000e+00  0.000000e+00  1.000000e+00
    outer loop
      vertex  1.250000e+01 -6.500000e+00  6.000000e+00
      vertex  9.792636e+00 -5.971178e+00  6.000000e+00
      vertex  9.500000e+00 -6.000000e+00  6.000000e+00
    endloop
  endfacet
  facet normal  -0.000000e+00  0.000000e+00  1.000000e+00
    outer loop
      vertex  1.250000e+01  6.500000e+00  6.000000e+00
      vertex  9.792636e+00  5.971178e+00  6.000000e+00
      vertex  1.007403e+01  5.885819e+00  6.000000e+00
    endloop
  endfacet
  facet normal  -0.000000e+00  0.000000e+00  9.999999e-01
    outer loop
      vertex  1.250000e+01  6.500000e+00  6.000000e+00
      vertex  1.007403e+01  5.885819e+00  6.000000e+00
      vertex  1.033335e+01  5.747204e+00  6.000000e+00
    endloop
  endfacet
  facet normal  -0.000000e+00  0.000000e+00  1.000000e+00
    outer loop
      vertex  1.250000e+01  6.500000e+00  6.000000e+00
      vertex  1.033335e+01  5.747204e+00  6.000000e+00
      vertex  1.056066e+01  5.560660e+00  6.000000e+00
    endloop
  endfacet
  facet normal  -0.000000e+00  0.000000e+00  1.000000e+00
    outer loop
      vertex  1.250000e+01  6.500000e+00  6.000000e+00
      vertex  1.056066e+01  5.560660e+00  6.000000e+00
      vertex  1.074720e+01  5.333355e+00  6.000000e+00
    endloop
  endfacet
  facet normal  -0.000000e+00  0.000000e+00  1.000000e+00
    outer loop
      vertex  1.250000e+01  6.500000e+00  6.000000e+00
      vertex  1.074720e+01  5.333355e+00  6.000000e+00
      vertex  1.088582e+01  5.074025e+00  6.000000e+00
    endloop
  endfacet
  facet normal  -0.000000e+00  0.000000e+00  1.000000e+00
    outer loop
      vertex  1.250000e+01  6.500000e+00  6.000000e+00
      vertex  1.088582e+01  5.074025e+00  6.000000e+00
      vertex  1.097118e+01  4.792635e+00  6.000000e+00
    endloop
  endfacet
  facet normal  -0.000000e+00  0.000000e+00  1.000000e+00
    outer loop
      vertex  1.250000e+01  6.500000e+00  6.000000e+00
      vertex  1.097118e+01  4.792635e+00  6.000000e+00
      vertex  1.250000e+01 -6.500000e+00  6.000000e+00
    endloop
  endfacet
  facet normal  0.000000e+00  0.000000e+00  1.000000e+00
    outer loop
      vertex  8.028822e+00  4.792635e+00  6.000000e+00
      vertex  4.000000e+00  4.500000e+00  6.000000e+00
      vertex  8.000000e+00  4.500000e+00  6.000000e+00
    endloop
  endfacet
  facet normal  0.000000e+00  0.000000e+00  1.000000e+00
    outer loop
      vertex  8.000000e+00  4.500000e+00  6.000000e+00
      vertex  4.000000e+00  4.500000e+00  6.000000e+00
      vertex  4.587368e+00  4.461502e+00  6.000000e+00
    endloop
  endfacet
  facet normal  -0.000000e+00  0.000000e+00  1.000000e+00
    outer loop
      vertex  8.000000e+00  4.500000e+00  6.000000e+00
      vertex  4.587368e+00  4.461502e+00  6.000000e+00
      vertex  8.028822e+00  4.207365e+00  6.000000e+00
    endloop
  endfacet
  facet normal  0.000000e+00  0.000000e+00  9.999999e-01
    outer loop
      vertex  8.028822e+00  4.207365e+00  6.000000e+00
      vertex  4.587368e+00  4.461502e+00  6.000000e+00
      vertex  5.164686e+00  4.346666e+00  6.000000e+00
    endloop
  endfacet
  facet normal  0.000000e+00  0.000000e+00  9.999999e-01
    outer loop
      vertex  8.028822e+00  4.207365e+00  6.000000e+00
      vertex  5.164686e+00  4.346666e+00  6.000000e+00
      vertex  5.722075e+00  4.157458e+00  6.000000e+00
    endloop
  endfacet
  facet normal  0.000000e+00  0.000000e+00  1.000000e+00
    outer loop
      vertex  1.150000e+01 -7.500000e+00  6.000000e+00
      vertex  9.500000e+00 -6.000000e+00  6.000000e+00
      vertex -1.150000e+01 -7.500000e+00  6.000000e+00
    endloop
  endfacet
  facet normal  0.000000e+00  0.000000e+00  1.000000e+00
    outer loop
      vertex -1.150000e+01 -7.500000e+00  6.000000e+00
      vertex  9.500000e+00 -6.000000e+00  6.000000e+00
      vertex -2.755455e-16 -6.000000e+00  6.000000e+00
    endloop
  endfacet
  facet normal  0.000000e+00  0.000000e+00  1.000000e+00
    outer loop
      vertex -1.150000e+01 -7.500000e+00  6.000000e+00
      vertex -2.755455e-16 -6.000000e+00  6.000000e+00
      vertex -1.250000e+01 -6.500000e+00  6.000000e+00
    endloop
  endfacet
  facet normal  0.000000e+00  0.000000e+00  1.000000e+00
    outer loop
      vertex -1.250000e+01 -6.500000e+00  6.000000e+00
      vertex -2.755455e-16 -6.000000e+00  6.000000e+00
      vertex -9.500000e+00 -6.000000e+00  6.000000e+00
    endloop
  endfacet
  facet normal  0.000000e+00  0.000000e+00  9.999999e-01
    outer loop
      vertex -4.587368e+00  4.461502e+00  6.000000e+00
      vertex -8.000000e+00  4.500000e+00  6.000000e+00
      vertex -5.164686e+00  4.346666e+00  6.000000e+00
    endloop
  endfacet
  facet normal  0.000000e+00  0.000000e+00  1.000000e+00
    outer loop
      vertex -5.164686e+00  4.346666e+00  6.000000e+00
      vertex -8.000000e+00  4.500000e+00  6.000000e+00
      vertex -8.028822e+00  4.207365e+00  6.000000e+00
    endloop
  endfacet
  facet normal  -0.000000e+00  0.000000e+00  1.000000e+00
    outer loop
      vertex -5.164686e+00  4.346666e+00  6.000000e+00
      vertex -8.028822e+00  4.207365e+00  6.000000e+00
      vertex -5.722075e+00  4.157458e+00  6.000000e+00
    endloop
  endfacet
  facet normal  0.000000e+00  0.000000e+00  1.000000e+00
    outer loop
      vertex -5.722075e+00  4.157458e+00  6.000000e+00
      vertex -8.028822e+00  4.207365e+00  6.000000e+00
      vertex -6.250000e+00  3.897114e+00  6.000000e+00
    endloop
  endfacet
  facet normal  0.000000e+00  0.000000e+00  1.000000e+00
    outer loop
      vertex -6.250000e+00  3.897114e+00  6.000000e+00
      vertex -8.028822e+00  4.207365e+00  6.000000e+00
      vertex -8.114181e+00  3.925975e+00  6.000000e+00
    endloop
  endfacet
  facet normal  0.000000e+00  0.000000e+00  1.000000e+00
    outer loop
      vertex -6.250000e+00  3.897114e+00  6.000000e+00
      vertex -8.114181e+00  3.925975e+00  6.000000e+00
      vertex -6.739427e+00  3.570090e+00  6.000000e+00
    endloop
  endfacet
  facet normal  0.000000e+00  0.000000e+00  1.000000e+00
    outer loop
      vertex -6.739427e+00  3.570090e+00  6.000000e+00
      vertex -8.114181e+00  3.925975e+00  6.000000e+00
      vertex -8.252795e+00  3.666645e+00  6.000000e+00
    endloop
  endfacet
  facet normal  0.000000e+00  0.000000e+00  9.999999e-01
    outer loop
      vertex -6.739427e+00  3.570090e+00  6.000000e+00
      vertex -8.252795e+00  3.666645e+00  6.000000e+00
      vertex -7.181981e+00  3.181981e+00  6.000000e+00
    endloop
  endfacet
  facet normal  0.000000e+00  0.000000e+00  1.000000e+00
    outer loop
      vertex -7.181981e+00  3.181981e+00  6.000000e+00
      vertex -8.252795e+00  3.666645e+00  6.000000e+00
      vertex -8.439340e+00  3.439340e+00  6.000000e+00
    endloop
  endfacet
  facet normal  0.000000e+00  0.000000e+00  9.999999e-01
    outer loop
      vertex -7.181981e+00  3.181981e+00  6.000000e+00
      vertex -8.439340e+00  3.439340e+00  6.000000e+00
      vertex -8.666645e+00  3.252796e+00  6.000000e+00
    endloop
  endfacet
  facet normal  0.000000e+00  0.000000e+00  1.000000e+00
    outer loop
      vertex -9.207364e+00  3.028822e+00  6.000000e+00
      vertex -7.570090e+00  2.739426e+00  6.000000e+00
      vertex -8.925975e+00  3.114181e+00  6.000000e+00
    endloop
  endfacet
  facet normal  -0.000000e+00  0.000000e+00  1.000000e+00
    outer loop
      vertex -8.925975e+00  3.114181e+00  6.000000e+00
      vertex -7.570090e+00  2.739426e+00  6.000000e+00
      vertex -7.181981e+00  3.181981e+00  6.000000e+00
    endloop
  endfacet
  facet normal  0.000000e+00  0.000000e+00  1.000000e+00
    outer loop
      vertex -8.925975e+00  3.114181e+00  6.000000e+00
      vertex -7.181981e+00  3.181981e+00  6.000000e+00
      vertex -8.666645e+00  3.252796e+00  6.000000e+00
    endloop
  endfacet
  facet normal  -0.000000e+00  0.000000e+00  1.000000e+00
    outer loop
      vertex -7.570090e+00 -2.739426e+00  6.000000e+00
      vertex -9.207364e+00 -3.028822e+00  6.000000e+00
      vertex -7.181981e+00 -3.181981e+00  6.000000e+00
    endloop
  endfacet
  facet normal  0.000000e+00  0.000000e+00  1.000000e+00
    outer loop
      vertex -7.181981e+00 -3.181981e+00  6.000000e+00
      vertex -9.207364e+00 -3.028822e+00  6.000000e+00
      vertex -8.925975e+00 -3.114181e+00  6.000000e+00
    endloop
  endfacet
  facet normal  0.000000e+00  0.000000e+00  9.999999e-01
    outer loop
      vertex -7.181981e+00 -3.181981e+00  6.000000e+00
      vertex -8.925975e+00 -3.114181e+00  6.000000e+00
      vertex -6.739427e+00 -3.570090e+00  6.000000e+00
    endloop
  endfacet
  facet normal  0.000000e+00  0.000000e+00  1.000000e+00
    outer loop
      vertex -6.739427e+00 -3.570090e+00  6.000000e+00
      vertex -8.925975e+00 -3.114181e+00  6.000000e+00
      vertex -8.666645e+00 -3.252796e+00  6.000000e+00
    endloop
  endfacet
  facet normal  0.000000e+00  0.000000e+00  1.000000e+00
    outer loop
      vertex -6.739427e+00 -3.570090e+00  6.000000e+00
      vertex -8.666645e+00 -3.252796e+00  6.000000e+00
      vertex -8.439340e+00 -3.439340e+00  6.000000e+00
    endloop
  endfacet
  facet normal  -0.000000e+00  0.000000e+00  1.000000e+00
    outer loop
      vertex -6.739427e+00 -3.570090e+00  6.000000e+00
      vertex -8.252795e+00 -3.666645e+00  6.000000e+00
      vertex -6.250000e+00 -3.897114e+00  6.000000e+00
    endloop
  endfacet
  facet normal  0.000000e+00  0.000000e+00  1.000000e+00
    outer loop
      vertex -6.250000e+00 -3.897114e+00  6.000000e+00
      vertex -8.252795e+00 -3.666645e+00  6.000000e+00
      vertex -8.114181e+00 -3.925975e+00  6.000000e+00
    endloop
  endfacet
  facet normal  -0.000000e+00  0.000000e+00  1.000000e+00
    outer loop
      vertex -6.250000e+00 -3.897114e+00  6.000000e+00
      vertex -8.114181e+00 -3.925975e+00  6.000000e+00
      vertex -5.722075e+00 -4.157458e+00  6.000000e+00
    endloop
  endfacet
  facet normal  0.000000e+00  0.000000e+00  1.000000e+00
    outer loop
      vertex -5.722075e+00 -4.157458e+00  6.000000e+00
      vertex -8.114181e+00 -3.925975e+00  6.000000e+00
      vertex -8.028822e+00 -4.207365e+00  6.000000e+00
    endloop
  endfacet
  facet normal  -0.000000e+00  0.000000e+00  1.000000e+00
    outer loop
      vertex -5.722075e+00 -4.157458e+00  6.000000e+00
      vertex -8.028822e+00 -4.207365e+00  6.000000e+00
      vertex -5.164686e+00 -4.346666e+00  6.000000e+00
    endloop
  endfacet
  facet normal  0.000000e+00  0.000000e+00  1.000000e+00
    outer loop
      vertex -5.164686e+00 -4.346666e+00  6.000000e+00
      vertex -8.028822e+00 -4.207365e+00  6.000000e+00
      vertex -8.000000e+00 -4.500000e+00  6.000000e+00
    endloop
  endfacet
  facet normal  0.000000e+00  0.000000e+00  9.999999e-01
    outer loop
      vertex -5.164686e+00 -4.346666e+00  6.000000e+00
      vertex -8.000000e+00 -4.500000e+00  6.000000e+00
      vertex -4.587368e+00 -4.461502e+00  6.000000e+00
    endloop
  endfacet
  facet normal  -0.000000e+00  0.000000e+00  9.999999e-01
    outer loop
      vertex -1.471178e+00 -4.792635e+00  6.000000e+00
      vertex -8.028822e+00 -4.792635e+00  6.000000e+00
      vertex -1.385819e+00 -5.074025e+00  6.000000e+00
    endloop
  endfacet
  facet normal  0.000000e+00  0.000000e+00  1.000000e+00
    outer loop
      vertex -1.385819e+00 -5.074025e+00  6.000000e+00
      vertex -8.028822e+00 -4.792635e+00  6.000000e+00
      vertex -8.114181e+00 -5.074025e+00  6.000000e+00
    endloop
  endfacet
  facet normal  -0.000000e+00  0.000000e+00  1.000000e+00
    outer loop
      vertex -1.385819e+00 -5.074025e+00  6.000000e+00
      vertex -8.114181e+00 -5.074025e+00  6.000000e+00
      vertex -1.247204e+00 -5.333355e+00  6.000000e+00
    endloop
  endfacet
  facet normal  0.000000e+00  0.000000e+00  1.000000e+00
    outer loop
      vertex -1.247204e+00 -5.333355e+00  6.000000e+00
      vertex -8.114181e+00 -5.074025e+00  6.000000e+00
      vertex -8.252795e+00 -5.333355e+00  6.000000e+00
    endloop
  endfacet
  facet normal  -0.000000e+00  0.000000e+00  1.000000e+00
    outer loop
      vertex -1.247204e+00 -5.333355e+00  6.000000e+00
      vertex -8.252795e+00 -5.333355e+00  6.000000e+00
      vertex -1.060660e+00 -5.560660e+00  6.000000e+00
    endloop
  endfacet
  facet normal  0.000000e+00  0.000000e+00  1.000000e+00
    outer loop
      vertex -1.060660e+00 -5.560660e+00  6.000000e+00
      vertex -8.252795e+00 -5.333355e+00  6.000000e+00
      vertex -8.439340e+00 -5.560660e+00  6.000000e+00
    endloop
  endfacet
  facet normal  -0.000000e+00  0.000000e+00  9.999999e-01
    outer loop
      vertex -1.060660e+00 -5.560660e+00  6.000000e+00
      vertex -8.439340e+00 -5.560660e+00  6.000000e+00
      vertex -8.333554e-01 -5.747204e+00  6.000000e+00
    endloop
  endfacet
  facet normal  0.000000e+00  0.000000e+00  1.000000e+00
    outer loop
      vertex -8.333554e-01 -5.747204e+00  6.000000e+00
      vertex -8.439340e+00 -5.560660e+00  6.000000e+00
      vertex -8.666645e+00 -5.747204e+00  6.000000e+00
    endloop
  endfacet
  facet normal  -0.000000e+00  0.000000e+00  1.000000e+00
    outer loop
      vertex -8.333554e-01 -5.747204e+00  6.000000e+00
      vertex -8.666645e+00 -5.747204e+00  6.000000e+00
      vertex -5.740252e-01 -5.885819e+00  6.000000e+00
    endloop
  endfacet
  facet normal  0.000000e+00  0.000000e+00  1.000000e+00
    outer loop
      vertex -5.740252e-01 -5.885819e+00  6.000000e+00
      vertex -8.666645e+00 -5.747204e+00  6.000000e+00
      vertex -8.925975e+00 -5.885819e+00  6.000000e+00
    endloop
  endfacet
  facet normal  -0.000000e+00  0.000000e+00  1.000000e+00
    outer loop
      vertex -5.740252e-01 -5.885819e+00  6.000000e+00
      vertex -8.925975e+00 -5.885819e+00  6.000000e+00
      vertex -2.926355e-01 -5.971178e+00  6.000000e+00
    endloop
  endfacet
  facet normal  0.000000e+00  0.000000e+00  1.000000e+00
    outer loop
      vertex -2.926355e-01 -5.971178e+00  6.000000e+00
      vertex -8.925975e+00 -5.885819e+00  6.000000e+00
      vertex -9.207364e+00 -5.971178e+00  6.000000e+00
    endloop
  endfacet
  facet normal  -0.000000e+00  0.000000e+00  1.000000e+00
    outer loop
      vertex -2.926355e-01 -5.971178e+00  6.000000e+00
      vertex -9.207364e+00 -5.971178e+00  6.000000e+00
      vertex -2.755455e-16 -6.000000e+00  6.000000e+00
    endloop
  endfacet
  facet normal  0.000000e+00  0.000000e+00  1.000000e+00
    outer loop
      vertex -2.755455e-16 -6.000000e+00  6.000000e+00
      vertex -9.207364e+00 -5.971178e+00  6.000000e+00
      vertex -9.500000e+00 -6.000000e+00  6.000000e+00
    endloop
  endfacet
  facet normal  -0.000000e+00  0.000000e+00  1.000000e+00
    outer loop
      vertex  8.028822e+00  4.207365e+00  6.000000e+00
      vertex  5.722075e+00  4.157458e+00  6.000000e+00
      vertex  8.114181e+00  3.925975e+00  6.000000e+00
    endloop
  endfacet
  facet normal  0.000000e+00  0.000000e+00  1.000000e+00
    outer loop
      vertex  8.114181e+00  3.925975e+00  6.000000e+00
      vertex  5.722075e+00  4.157458e+00  6.000000e+00
      vertex  6.250000e+00  3.897114e+00  6.000000e+00
    endloop
  endfacet
  facet normal  -0.000000e+00  0.000000e+00  1.000000e+00
    outer loop
      vertex  8.114181e+00  3.925975e+00  6.000000e+00
      vertex  6.250000e+00  3.897114e+00  6.000000e+00
      vertex  8.252795e+00  3.666645e+00  6.000000e+00
    endloop
  endfacet
  facet normal  0.000000e+00  0.000000e+00  1.000000e+00
    outer loop
      vertex  8.252795e+00  3.666645e+00  6.000000e+00
      vertex  6.250000e+00  3.897114e+00  6.000000e+00
      vertex  6.739427e+00  3.570090e+00  6.000000e+00
    endloop
  endfacet
  facet normal  -0.000000e+00  0.000000e+00  1.000000e+00
    outer loop
      vertex  8.252795e+00  3.666645e+00  6.000000e+00
      vertex  6.739427e+00  3.570090e+00  6.000000e+00
      vertex  8.439340e+00  3.439340e+00  6.000000e+00
    endloop
  endfacet
  facet normal  0.000000e+00  0.000000e+00  1.000000e+00
    outer loop
      vertex  8.439340e+00  3.439340e+00  6.000000e+00
      vertex  6.739427e+00  3.570090e+00  6.000000e+00
      vertex  7.181981e+00  3.181981e+00  6.000000e+00
    endloop
  endfacet
  facet normal  0.000000e+00  0.000000e+00  9.999999e-01
    outer loop
      vertex  8.439340e+00  3.439340e+00  6.000000e+00
      vertex  7.181981e+00  3.181981e+00  6.000000e+00
      vertex  8.666645e+00  3.252796e+00  6.000000e+00
    endloop
  endfacet
  facet normal  0.000000e+00  0.000000e+00  1.000000e+00
    outer loop
      vertex  9.207364e+00 -3.028822e+00  6.000000e+00
      vertex  7.570090e+00 -2.739426e+00  6.000000e+00
      vertex  8.925975e+00 -3.114181e+00  6.000000e+00
    endloop
  endfacet
  facet normal  0.000000e+00  0.000000e+00  1.000000e+00
    outer loop
      vertex  8.925975e+00 -3.114181e+00  6.000000e+00
      vertex  7.570090e+00 -2.739426e+00  6.000000e+00
      vertex  7.181981e+00 -3.181981e+00  6.000000e+00
    endloop
  endfacet
  facet normal  -0.000000e+00  0.000000e+00  1.000000e+00
    outer loop
      vertex  8.925975e+00 -3.114181e+00  6.000000e+00
      vertex  7.181981e+00 -3.181981e+00  6.000000e+00
      vertex  8.666645e+00 -3.252796e+00  6.000000e+00
    endloop
  endfacet
  facet normal  0.000000e+00  0.000000e+00  1.000000e+00
    outer loop
      vertex  8.666645e+00 -3.252796e+00  6.000000e+00
      vertex  7.181981e+00 -3.181981e+00  6.000000e+00
      vertex  6.739427e+00 -3.570090e+00  6.000000e+00
    endloop
  endfacet
  facet normal  0.000000e+00  0.000000e+00  1.000000e+00
    outer loop
      vertex  8.666645e+00 -3.252796e+00  6.000000e+00
      vertex  6.739427e+00 -3.570090e+00  6.000000e+00
      vertex  8.439340e+00 -3.439340e+00  6.000000e+00
    endloop
  endfacet
  facet normal  0.000000e+00  0.000000e+00  1.000000e+00
    outer loop
      vertex  5.722075e+00 -4.157458e+00  6.000000e+00
      vertex  8.028822e+00 -4.207365e+00  6.000000e+00
      vertex  6.250000e+00 -3.897114e+00  6.000000e+00
    endloop
  endfacet
  facet normal  0.000000e+00  0.000000e+00  1.000000e+00
    outer loop
      vertex  6.250000e+00 -3.897114e+00  6.000000e+00
      vertex  8.028822e+00 -4.207365e+00  6.000000e+00
      vertex  8.114181e+00 -3.925975e+00  6.000000e+00
    endloop
  endfacet
  facet normal  0.000000e+00  0.000000e+00  1.000000e+00
    outer loop
      vertex  6.250000e+00 -3.897114e+00  6.000000e+00
      vertex  8.114181e+00 -3.925975e+00  6.000000e+00
      vertex  6.739427e+00 -3.570090e+00  6.000000e+00
    endloop
  endfacet
  facet normal  0.000000e+00  0.000000e+00  1.000000e+00
    outer loop
      vertex  6.739427e+00 -3.570090e+00  6.000000e+00
      vertex  8.114181e+00 -3.925975e+00  6.000000e+00
      vertex  8.252795e+00 -3.666645e+00  6.000000e+00
    endloop
  endfacet
  facet normal  0.000000e+00  -0.000000e+00  1.000000e+00
    outer loop
      vertex  6.739427e+00 -3.570090e+00  6.000000e+00
      vertex  8.252795e+00 -3.666645e+00  6.000000e+00
      vertex  8.439340e+00 -3.439340e+00  6.000000e+00
    endloop
  endfacet
  facet normal  -0.000000e+00  0.000000e+00  1.000000e+00
    outer loop
      vertex  4.000000e+00 -4.500000e+00  6.000000e+00
      vertex  1.500000e+00 -4.500000e+00  6.000000e+00
      vertex  8.028822e+00 -4.792635e+00  6.000000e+00
    endloop
  endfacet
  facet normal  0.000000e+00  0.000000e+00  1.000000e+00
    outer loop
      vertex  8.028822e+00 -4.792635e+00  6.000000e+00
      vertex  1.500000e+00 -4.500000e+00  6.000000e+00
      vertex  1.471178e+00 -4.792635e+00  6.000000e+00
    endloop
  endfacet
  facet normal  -0.000000e+00  0.000000e+00  9.999999e-01
    outer loop
      vertex  8.028822e+00 -4.792635e+00  6.000000e+00
      vertex  1.471178e+00 -4.792635e+00  6.000000e+00
      vertex  8.114181e+00 -5.074025e+00  6.000000e+00
    endloop
  endfacet
  facet normal  0.000000e+00  0.000000e+00  1.000000e+00
    outer loop
      vertex  8.114181e+00 -5.074025e+00  6.000000e+00
      vertex  1.471178e+00 -4.792635e+00  6.000000e+00
      vertex  1.385819e+00 -5.074025e+00  6.000000e+00
    endloop
  endfacet
  facet normal  -0.000000e+00  0.000000e+00  1.000000e+00
    outer loop
      vertex  8.114181e+00 -5.074025e+00  6.000000e+00
      vertex  1.385819e+00 -5.074025e+00  6.000000e+00
      vertex  8.252795e+00 -5.333355e+00  6.000000e+00
    endloop
  endfacet
  facet normal  0.000000e+00  0.000000e+00  1.000000e+00
    outer loop
      vertex  8.252795e+00 -5.333355e+00  6.000000e+00
      vertex  1.385819e+00 -5.074025e+00  6.000000e+00
      vertex  1.247204e+00 -5.333355e+00  6.000000e+00
    endloop
  endfacet
  facet normal  -0.000000e+00  0.000000e+00  1.000000e+00
    outer loop
      vertex  8.252795e+00 -5.333355e+00  6.000000e+00
      vertex  1.247204e+00 -5.333355e+00  6.000000e+00
      vertex  8.439340e+00 -5.560660e+00  6.000000e+00
    endloop
  endfacet
  facet normal  0.000000e+00  0.000000e+00  1.000000e+00
    outer loop
      vertex  8.439340e+00 -5.560660e+00  6.000000e+00
      vertex  1.247204e+00 -5.333355e+00  6.000000e+00
      vertex  1.060660e+00 -5.560660e+00  6.000000e+00
    endloop
  endfacet
  facet normal  -0.000000e+00  0.000000e+00  9.999999e-01
    outer loop
      vertex  8.439340e+00 -5.560660e+00  6.000000e+00
      vertex  1.060660e+00 -5.560660e+00  6.000000e+00
      vertex  8.666645e+00 -5.747204e+00  6.000000e+00
    endloop
  endfacet
  facet normal  0.000000e+00  0.000000e+00  1.000000e+00
    outer loop
      vertex  8.666645e+00 -5.747204e+00  6.000000e+00
      vertex  1.060660e+00 -5.560660e+00  6.000000e+00
      vertex  8.333554e-01 -5.747204e+00  6.000000e+00
    endloop
  endfacet
  facet normal  -0.000000e+00  0.000000e+00  1.000000e+00
    outer loop
      vertex  8.666645e+00 -5.747204e+00  6.000000e+00
      vertex  8.333554e-01 -5.747204e+00  6.000000e+00
      vertex  8.925975e+00 -5.885819e+00  6.000000e+00
    endloop
  endfacet
  facet normal  0.000000e+00  0.000000e+00  1.000000e+00
    outer loop
      vertex  8.925975e+00 -5.885819e+00  6.000000e+00
      vertex  8.333554e-01 -5.747204e+00  6.000000e+00
      vertex  5.740252e-01 -5.885819e+00  6.000000e+00
    endloop
  endfacet
  facet normal  -0.000000e+00  0.000000e+00  1.000000e+00
    outer loop
      vertex  8.925975e+00 -5.885819e+00  6.000000e+00
      vertex  5.740252e-01 -5.885819e+00  6.000000e+00
      vertex  9.207364e+00 -5.971178e+00  6.000000e+00
    endloop
  endfacet
  facet normal  0.000000e+00  0.000000e+00  1.000000e+00
    outer loop
      vertex  9.207364e+00 -5.971178e+00  6.000000e+00
      vertex  5.740252e-01 -5.885819e+00  6.000000e+00
      vertex  2.926355e-01 -5.971178e+00  6.000000e+00
    endloop
  endfacet
  facet normal  -0.000000e+00  0.000000e+00  1.000000e+00
    outer loop
      vertex  9.207364e+00 -5.971178e+00  6.000000e+00
      vertex  2.926355e-01 -5.971178e+00  6.000000e+00
      vertex  9.500000e+00 -6.000000e+00  6.000000e+00
    endloop
  endfacet
  facet normal  0.000000e+00  0.000000e+00  1.000000e+00
    outer loop
      vertex  9.500000e+00 -6.000000e+00  6.000000e+00
      vertex  2.926355e-01 -5.971178e+00  6.000000e+00
      vertex -2.755455e-16 -6.000000e+00  6.000000e+00
    endloop
  endfacet
  facet normal -9.801671e-02 -9.951848e-01  -0.000000e+00
    outer loop
      vertex -1.150000e+01 -7.500000e+00  0.000000e+00
      vertex -1.150000e+01 -7.500000e+00  6.000000e+00
      vertex -1.169509e+01 -7.480785e+00  0.000000e+00
    endloop
  endfacet
  facet normal -9.801671e-02 -9.951848e-01  0.000000e+00
    outer loop
      vertex -1.169509e+01 -7.480785e+00  0.000000e+00
      vertex -1.150000e+01 -7.500000e+00  6.000000e+00
      vertex -1.169509e+01 -7.480785e+00  6.000000e+00
    endloop
  endfacet
  facet normal -2.902842e-01 -9.569405e-01  -0.000000e+00
    outer loop
      vertex -1.169509e+01 -7.480785e+00  0.000000e+00
      vertex -1.169509e+01 -7.480785e+00  6.000000e+00
      vertex -1.188268e+01 -7.423880e+00  0.000000e+00
    endloop
  endfacet
  facet normal -2.902842e-01 -9.569405e-01  0.000000e+00
    outer loop
      vertex -1.188268e+01 -7.423880e+00  0.000000e+00
      vertex -1.169509e+01 -7.480785e+00  6.000000e+00
      vertex -1.188268e+01 -7.423880e+00  6.000000e+00
    endloop
  endfacet
  facet normal -4.713973e-01 -8.819210e-01  -0.000000e+00
    outer loop
      vertex -1.188268e+01 -7.423880e+00  0.000000e+00
      vertex -1.188268e+01 -7.423880e+00  6.000000e+00
      vertex -1.205557e+01 -7.331470e+00  0.000000e+00
    endloop
  endfacet
  facet normal -4.713973e-01 -8.819210e-01  0.000000e+00
    outer loop
      vertex -1.205557e+01 -7.331470e+00  0.000000e+00
      vertex -1.188268e+01 -7.423880e+00  6.000000e+00
      vertex -1.205557e+01 -7.331470e+00  6.000000e+00
    endloop
  endfacet
  facet normal -6.343950e-01 -7.730090e-01  -0.000000e+00
    outer loop
      vertex -1.205557e+01 -7.331470e+00  0.000000e+00
      vertex -1.205557e+01 -7.331470e+00  6.000000e+00
      vertex -1.220711e+01 -7.207107e+00  0.000000e+00
    endloop
  endfacet
  facet normal -6.343950e-01 -7.730090e-01  0.000000e+00
    outer loop
      vertex -1.220711e+01 -7.207107e+00  0.000000e+00
      vertex -1.205557e+01 -7.331470e+00  6.000000e+00
      vertex -1.220711e+01 -7.207107e+00  6.000000e+00
    endloop
  endfacet
  facet normal -7.730100e-01 -6.343939e-01  -0.000000e+00
    outer loop
      vertex -1.220711e+01 -7.207107e+00  0.000000e+00
      vertex -1.220711e+01 -7.207107e+00  6.000000e+00
      vertex -1.233147e+01 -7.055570e+00  0.000000e+00
    endloop
  endfacet
  facet normal -7.730100e-01 -6.343939e-01  0.000000e+00
    outer loop
      vertex -1.233147e+01 -7.055570e+00  0.000000e+00
      vertex -1.220711e+01 -7.207107e+00  6.000000e+00
      vertex -1.233147e+01 -7.055570e+00  6.000000e+00
    endloop
  endfacet
  facet normal -8.819210e-01 -4.713973e-01  -0.000000e+00
    outer loop
      vertex -1.233147e+01 -7.055570e+00  0.000000e+00
      vertex -1.233147e+01 -7.055570e+00  6.000000e+00
      vertex -1.242388e+01 -6.882683e+00  0.000000e+00
    endloop
  endfacet
  facet normal -8.819210e-01 -4.713973e-01  0.000000e+00
    outer loop
      vertex -1.242388e+01 -6.882683e+00  0.000000e+00
      vertex -1.233147e+01 -7.055570e+00  6.000000e+00
      vertex -1.242388e+01 -6.882683e+00  6.000000e+00
    endloop
  endfacet
  facet normal -9.569404e-01 -2.902849e-01  -0.000000e+00
    outer loop
      vertex -1.242388e+01 -6.882683e+00  0.000000e+00
      vertex -1.242388e+01 -6.882683e+00  6.000000e+00
      vertex -1.248079e+01 -6.695090e+00  0.000000e+00
    endloop
  endfacet
  facet normal -9.569404e-01 -2.902849e-01  0.000000e+00
    outer loop
      vertex -1.248079e+01 -6.695090e+00  0.000000e+00
      vertex -1.242388e+01 -6.882683e+00  6.000000e+00
      vertex -1.248079e+01 -6.695090e+00  6.000000e+00
    endloop
  endfacet
  facet normal -9.951848e-01 -9.801671e-02  -0.000000e+00
    outer loop
      vertex -1.248079e+01 -6.695090e+00  0.000000e+00
      vertex -1.248079e+01 -6.695090e+00  6.000000e+00
      vertex -1.250000e+01 -6.500000e+00  0.000000e+00
    endloop
  endfacet
  facet normal -9.951848e-01 -9.801671e-02  0.000000e+00
    outer loop
      vertex -1.250000e+01 -6.500000e+00  0.000000e+00
      vertex -1.248079e+01 -6.695090e+00  6.000000e+00
      vertex -1.250000e+01 -6.500000e+00  6.000000e+00
    endloop
  endfacet
  facet normal  1.000000e+00  -0.000000e+00  0.000000e+00
    outer loop
      vertex  1.250000e+01  6.500000e+00  6.000000e+00
      vertex  1.250000e+01 -6.500000e+00  6.000000e+00
      vertex  1.250000e+01  6.500000e+00  0.000000e+00
    endloop
  endfacet
  facet normal  1.000000e+00  0.000000e+00  0.000000e+00
    outer loop
      vertex  1.250000e+01  6.500000e+00  0.000000e+00
      vertex  1.250000e+01 -6.500000e+00  6.000000e+00
      vertex  1.250000e+01 -6.500000e+00  0.000000e+00
    endloop
  endfacet
  facet normal  9.951848e-01 -9.801671e-02  0.000000e+00
    outer loop
      vertex  1.250000e+01 -6.500000e+00  0.000000e+00
      vertex  1.250000e+01 -6.500000e+00  6.000000e+00
      vertex  1.248079e+01 -6.695090e+00  0.000000e+00
    endloop
  endfacet
  facet normal  9.951848e-01 -9.801671e-02  0.000000e+00
    outer loop
      vertex  1.248079e+01 -6.695090e+00  0.000000e+00
      vertex  1.250000e+01 -6.500000e+00  6.000000e+00
      vertex  1.248079e+01 -6.695090e+00  6.000000e+00
    endloop
  endfacet
  facet normal  9.569404e-01 -2.902849e-01  0.000000e+00
    outer loop
      vertex  1.248079e+01 -6.695090e+00  0.000000e+00
      vertex  1.248079e+01 -6.695090e+00  6.000000e+00
      vertex  1.242388e+01 -6.882683e+00  0.000000e+00
    endloop
  endfacet
  facet normal  9.569404e-01 -2.902849e-01  0.000000e+00
    outer loop
      vertex  1.242388e+01 -6.882683e+00  0.000000e+00
      vertex  1.248079e+01 -6.695090e+00  6.000000e+00
      vertex  1.242388e+01 -6.882683e+00  6.000000e+00
    endloop
  endfacet
  facet normal  8.819210e-01 -4.713973e-01  0.000000e+00
    outer loop
      vertex  1.242388e+01 -6.882683e+00  0.000000e+00
      vertex  1.242388e+01 -6.882683e+00  6.000000e+00
      vertex  1.233147e+01 -7.055570e+00  0.000000e+00
    endloop
  endfacet
  facet normal  8.819210e-01 -4.713973e-01  0.000000e+00
    outer loop
      vertex  1.233147e+01 -7.055570e+00  0.000000e+00
      vertex  1.242388e+01 -6.882683e+00  6.000000e+00
      vertex  1.233147e+01 -7.055570e+00  6.000000e+00
    endloop
  endfacet
  facet normal  7.730100e-01 -6.343939e-01  0.000000e+00
    outer loop
      vertex  1.233147e+01 -7.055570e+00  0.000000e+00
      vertex  1.233147e+01 -7.055570e+00  6.000000e+00
      vertex  1.220711e+01 -7.207107e+00  0.000000e+00
    endloop
  endfacet
  facet normal  7.730100e-01 -6.343939e-01  0.000000e+00
    outer loop
      vertex  1.220711e+01 -7.207107e+00  0.000000e+00
      vertex  1.233147e+01 -7.055570e+00  6.000000e+00
      vertex  1.220711e+01 -7.207107e+00  6.000000e+00
    endloop
  endfacet
  facet normal  6.343950e-01 -7.730090e-01  0.000000e+00
    outer loop
      vertex  1.220711e+01 -7.207107e+00  0.000000e+00
      vertex  1.220711e+01 -7.207107e+00  6.000000e+00
      vertex  1.205557e+01 -7.331470e+00  0.000000e+00
    endloop
  endfacet
  facet normal  6.343950e-01 -7.730090e-01  0.000000e+00
    outer loop
      vertex  1.205557e+01 -7.331470e+00  0.000000e+00
      vertex  1.220711e+01 -7.207107e+00  6.000000e+00
      vertex  1.205557e+01 -7.331470e+00  6.000000e+00
    endloop
  endfacet
  facet normal  4.713973e-01 -8.819210e-01  0.000000e+00
    outer loop
      vertex  1.205557e+01 -7.331470e+00  0.000000e+00
      vertex  1.205557e+01 -7.331470e+00  6.000000e+00
      vertex  1.188268e+01 -7.423880e+00  0.000000e+00
    endloop
  endfacet
  facet normal  4.713973e-01 -8.819210e-01  0.000000e+00
    outer loop
      vertex  1.188268e+01 -7.423880e+00  0.000000e+00
      vertex  1.205557e+01 -7.331470e+00  6.000000e+00
      vertex  1.188268e+01 -7.423880e+00  6.000000e+00
    endloop
  endfacet
  facet normal  2.902842e-01 -9.569405e-01  0.000000e+00
    outer loop
      vertex  1.188268e+01 -7.423880e+00  0.000000e+00
      vertex  1.188268e+01 -7.423880e+00  6.000000e+00
      vertex  1.169509e+01 -7.480785e+00  0.000000e+00
    endloop
  endfacet
  facet normal  2.902842e-01 -9.569405e-01  0.000000e+00
    outer loop
      vertex  1.169509e+01 -7.480785e+00  0.000000e+00
      vertex  1.188268e+01 -7.423880e+00  6.000000e+00
      vertex  1.169509e+01 -7.480785e+00  6.000000e+00
    endloop
  endfacet
  facet normal  9.801671e-02 -9.951848e-01  0.000000e+00
    outer loop
      vertex  1.169509e+01 -7.480785e+00  0.000000e+00
      vertex  1.169509e+01 -7.480785e+00  6.000000e+00
      vertex  1.150000e+01 -7.500000e+00  0.000000e+00
    endloop
  endfacet
  facet normal  9.801671e-02 -9.951848e-01  0.000000e+00
    outer loop
      vertex  1.150000e+01 -7.500000e+00  0.000000e+00
      vertex  1.169509e+01 -7.480785e+00  6.000000e+00
      vertex  1.150000e+01 -7.500000e+00  6.000000e+00
    endloop
  endfacet
  facet normal  0.000000e+00  1.000000e+00  0.000000e+00
    outer loop
      vertex -1.150000e+01  7.500000e+00  0.000000e+00
      vertex -1.150000e+01  7.500000e+00  6.000000e+00
      vertex -3.423126e+00  7.500000e+00  2.778450e+00
    endloop
  endfacet
  facet normal  0.000000e+00  9.999999e-01  0.000000e+00
    outer loop
      vertex -1.150000e+01  7.500000e+00  0.000000e+00
      vertex -3.423126e+00  7.500000e+00  2.778450e+00
      vertex -3.385146e+00  7.500000e+00  2.344329e+00
    endloop
  endfacet
  facet normal  0.000000e+00  9.999999e-01  0.000000e+00
    outer loop
      vertex -1.150000e+01  7.500000e+00  0.000000e+00
      vertex -3.385146e+00  7.500000e+00  2.344329e+00
      vertex -3.272358e+00  7.500000e+00  1.923399e+00
    endloop
  endfacet
  facet normal  0.000000e+00  9.999999e-01  0.000000e+00
    outer loop
      vertex -1.150000e+01  7.500000e+00  0.000000e+00
      vertex -3.272358e+00  7.500000e+00  1.923399e+00
      vertex -3.088190e+00  7.500000e+00  1.528450e+00
    endloop
  endfacet
  facet normal  0.000000e+00  1.000000e+00  0.000000e+00
    outer loop
      vertex -1.150000e+01  7.500000e+00  0.000000e+00
      vertex -3.088190e+00  7.500000e+00  1.528450e+00
      vertex -2.838237e+00  7.500000e+00  1.171481e+00
    endloop
  endfacet
  facet normal  0.000000e+00  1.000000e+00  0.000000e+00
    outer loop
      vertex -1.150000e+01  7.500000e+00  0.000000e+00
      vertex -2.838237e+00  7.500000e+00  1.171481e+00
      vertex -2.530095e+00  7.500000e+00  8.633386e-01
    endloop
  endfacet
  facet normal  0.000000e+00  1.000000e+00  0.000000e+00
    outer loop
      vertex -1.150000e+01  7.500000e+00  0.000000e+00
      vertex -2.530095e+00  7.500000e+00  8.633386e-01
      vertex -2.173126e+00  7.500000e+00  6.133863e-01
    endloop
  endfacet
  facet normal  0.000000e+00  9.999999e-01  0.000000e+00
    outer loop
      vertex -1.150000e+01  7.500000e+00  0.000000e+00
      vertex -2.173126e+00  7.500000e+00  6.133863e-01
      vertex -1.778177e+00  7.500000e+00  4.292182e-01
    endloop
  endfacet
  facet normal  0.000000e+00  1.000000e+00  0.000000e+00
    outer loop
      vertex -1.150000e+01  7.500000e+00  0.000000e+00
      vertex -1.778177e+00  7.500000e+00  4.292182e-01
      vertex -1.357247e+00  7.500000e+00  3.164304e-01
    endloop
  endfacet
  facet normal  0.000000e+00  1.000000e+00  0.000000e+00
    outer loop
      vertex -1.150000e+01  7.500000e+00  0.000000e+00
      vertex -1.357247e+00  7.500000e+00  3.164304e-01
      vertex -9.231262e-01  7.500000e+00  2.784498e-01
    endloop
  endfacet
  facet normal  0.000000e+00  1.000000e+00  0.000000e+00
    outer loop
      vertex  1.150000e+01  7.500000e+00  0.000000e+00
      vertex -1.150000e+01  7.500000e+00  0.000000e+00
      vertex -9.231262e-01  7.500000e+00  2.784498e-01
    endloop
  endfacet
  facet normal  -0.000000e+00  1.000000e+00  0.000000e+00
    outer loop
      vertex  1.150000e+01  7.500000e+00  0.000000e+00
      vertex -9.231262e-01  7.500000e+00  2.784498e-01
      vertex -4.890058e-01  7.500000e+00  3.164304e-01
    endloop
  endfacet
  facet normal  -0.000000e+00  1.000000e+00  0.000000e+00
    outer loop
      vertex  1.150000e+01  7.500000e+00  0.000000e+00
      vertex -4.890058e-01  7.500000e+00  3.164304e-01
      vertex -6.807587e-02  7.500000e+00  4.292182e-01
    endloop
  endfacet
  facet normal  -0.000000e+00  1.000000e+00  0.000000e+00
    outer loop
      vertex  1.150000e+01  7.500000e+00  0.000000e+00
      vertex -6.807587e-02  7.500000e+00  4.292182e-01
      vertex  3.268738e-01  7.500000e+00  6.133863e-01
    endloop
  endfacet
  facet normal  -0.000000e+00  1.000000e+00  0.000000e+00
    outer loop
      vertex  1.150000e+01  7.500000e+00  0.000000e+00
      vertex  3.268738e-01  7.500000e+00  6.133863e-01
      vertex  6.838428e-01  7.500000e+00  8.633386e-01
    endloop
  endfacet
  facet normal  -0.000000e+00  1.000000e+00  0.000000e+00
    outer loop
      vertex  1.150000e+01  7.500000e+00  0.000000e+00
      vertex  6.838428e-01  7.500000e+00  8.633386e-01
      vertex  9.919849e-01  7.500000e+00  1.171481e+00
    endloop
  endfacet
  facet normal  -0.000000e+00  1.000000e+00  0.000000e+00
    outer loop
      vertex  1.150000e+01  7.500000e+00  0.000000e+00
      vertex  9.919849e-01  7.500000e+00  1.171481e+00
      vertex  1.241937e+00  7.500000e+00  1.528450e+00
    endloop
  endfacet
  facet normal  -0.000000e+00  1.000000e+00  0.000000e+00
    outer loop
      vertex  1.150000e+01  7.500000e+00  0.000000e+00
      vertex  1.241937e+00  7.500000e+00  1.528450e+00
      vertex  1.426105e+00  7.500000e+00  1.923399e+00
    endloop
  endfacet
  facet normal  -0.000000e+00  1.000000e+00  0.000000e+00
    outer loop
      vertex  1.150000e+01  7.500000e+00  0.000000e+00
      vertex  1.426105e+00  7.500000e+00  1.923399e+00
      vertex  1.538893e+00  7.500000e+00  2.344329e+00
    endloop
  endfacet
  facet normal  -0.000000e+00  1.000000e+00  0.000000e+00
    outer loop
      vertex  1.150000e+01  7.500000e+00  0.000000e+00
      vertex  1.538893e+00  7.500000e+00  2.344329e+00
      vertex  1.576874e+00  7.500000e+00  2.778450e+00
    endloop
  endfacet
  facet normal  -0.000000e+00  1.000000e+00  0.000000e+00
    outer loop
      vertex  1.150000e+01  7.500000e+00  0.000000e+00
      vertex  1.576874e+00  7.500000e+00  2.778450e+00
      vertex  1.150000e+01  7.500000e+00  6.000000e+00
    endloop
  endfacet
  facet normal  0.000000e+00  1.000000e+00  0.000000e+00
    outer loop
      vertex -1.150000e+01  7.500000e+00  6.000000e+00
      vertex -9.231262e-01  7.500000e+00  5.278450e+00
      vertex -1.357247e+00  7.500000e+00  5.240469e+00
    endloop
  endfacet
  facet normal  0.000000e+00  1.000000e+00  0.000000e+00
    outer loop
      vertex -1.150000e+01  7.500000e+00  6.000000e+00
      vertex -1.357247e+00  7.500000e+00  5.240469e+00
      vertex -1.778177e+00  7.500000e+00  5.127681e+00
    endloop
  endfacet
  facet normal  0.000000e+00  1.000000e+00  0.000000e+00
    outer loop
      vertex -1.150000e+01  7.500000e+00  6.000000e+00
      vertex -1.778177e+00  7.500000e+00  5.127681e+00
      vertex -2.173126e+00  7.500000e+00  4.943513e+00
    endloop
  endfacet
  facet normal  0.000000e+00  1.000000e+00  0.000000e+00
    outer loop
      vertex -1.150000e+01  7.500000e+00  6.000000e+00
      vertex -2.173126e+00  7.500000e+00  4.943513e+00
      vertex -2.530095e+00  7.500000e+00  4.693561e+00
    endloop
  endfacet
  facet normal  0.000000e+00  1.000000e+00  0.000000e+00
    outer loop
      vertex -1.150000e+01  7.500000e+00  6.000000e+00
      vertex -2.530095e+00  7.500000e+00  4.693561e+00
      vertex -2.838237e+00  7.500000e+00  4.385419e+00
    endloop
  endfacet
  facet normal  0.000000e+00  1.000000e+00  0.000000e+00
    outer loop
      vertex -1.150000e+01  7.500000e+00  6.000000e+00
      vertex -2.838237e+00  7.500000e+00  4.385419e+00
      vertex -3.088190e+00  7.500000e+00  4.028450e+00
    endloop
  endfacet
  facet normal  0.000000e+00  9.999999e-01  0.000000e+00
    outer loop
      vertex -1.150000e+01  7.500000e+00  6.000000e+00
      vertex -3.088190e+00  7.500000e+00  4.028450e+00
      vertex -3.272358e+00  7.500000e+00  3.633500e+00
    endloop
  endfacet
  facet normal  0.000000e+00  1.000000e+00  0.000000e+00
    outer loop
      vertex -1.150000e+01  7.500000e+00  6.000000e+00
      vertex -3.272358e+00  7.500000e+00  3.633500e+00
      vertex -3.385146e+00  7.500000e+00  3.212570e+00
    endloop
  endfacet
  facet normal  0.000000e+00  1.000000e+00  0.000000e+00
    outer loop
      vertex -1.150000e+01  7.500000e+00  6.000000e+00
      vertex -3.385146e+00  7.500000e+00  3.212570e+00
      vertex -3.423126e+00  7.500000e+00  2.778450e+00
    endloop
  endfacet
  facet normal  0.000000e+00  1.000000e+00  -0.000000e+00
    outer loop
      vertex  1.150000e+01  7.500000e+00  6.000000e+00
      vertex  1.576874e+00  7.500000e+00  2.778450e+00
      vertex  1.538893e+00  7.500000e+00  3.212570e+00
    endloop
  endfacet
  facet normal  0.000000e+00  1.000000e+00  -0.000000e+00
    outer loop
      vertex  1.150000e+01  7.500000e+00  6.000000e+00
      vertex  1.538893e+00  7.500000e+00  3.212570e+00
      vertex  1.426105e+00  7.500000e+00  3.633500e+00
    endloop
  endfacet
  facet normal  0.000000e+00  1.000000e+00  -0.000000e+00
    outer loop
      vertex  1.150000e+01  7.500000e+00  6.000000e+00
      vertex  1.426105e+00  7.500000e+00  3.633500e+00
      vertex  1.241937e+00  7.500000e+00  4.028450e+00
    endloop
  endfacet
  facet normal  0.000000e+00  1.000000e+00  -0.000000e+00
    outer loop
      vertex  1.150000e+01  7.500000e+00  6.000000e+00
      vertex  1.241937e+00  7.500000e+00  4.028450e+00
      vertex  9.919849e-01  7.500000e+00  4.385419e+00
    endloop
  endfacet
  facet normal  0.000000e+00  1.000000e+00  -0.000000e+00
    outer loop
      vertex  1.150000e+01  7.500000e+00  6.000000e+00
      vertex  9.919849e-01  7.500000e+00  4.385419e+00
      vertex  6.838428e-01  7.500000e+00  4.693561e+00
    endloop
  endfacet
  facet normal  0.000000e+00  1.000000e+00  -0.000000e+00
    outer loop
      vertex  1.150000e+01  7.500000e+00  6.000000e+00
      vertex  6.838428e-01  7.500000e+00  4.693561e+00
      vertex  3.268738e-01  7.500000e+00  4.943513e+00
    endloop
  endfacet
  facet normal  0.000000e+00  1.000000e+00  -0.000000e+00
    outer loop
      vertex  1.150000e+01  7.500000e+00  6.000000e+00
      vertex  3.268738e-01  7.500000e+00  4.943513e+00
      vertex -6.807587e-02  7.500000e+00  5.127681e+00
    endloop
  endfacet
  facet normal  0.000000e+00  9.999999e-01  -0.000000e+00
    outer loop
      vertex  1.150000e+01  7.500000e+00  6.000000e+00
      vertex -6.807587e-02  7.500000e+00  5.127681e+00
      vertex -4.890058e-01  7.500000e+00  5.240469e+00
    endloop
  endfacet
  facet normal  0.000000e+00  1.000000e+00  -0.000000e+00
    outer loop
      vertex  1.150000e+01  7.500000e+00  6.000000e+00
      vertex -4.890058e-01  7.500000e+00  5.240469e+00
      vertex -9.231262e-01  7.500000e+00  5.278450e+00
    endloop
  endfacet
  facet normal  0.000000e+00  1.000000e+00  -0.000000e+00
    outer loop
      vertex  1.150000e+01  7.500000e+00  6.000000e+00
      vertex -9.231262e-01  7.500000e+00  5.278450e+00
      vertex -1.150000e+01  7.500000e+00  6.000000e+00
    endloop
  endfacet
  facet normal -9.951848e-01  9.801671e-02  0.000000e+00
    outer loop
      vertex -1.250000e+01  6.500000e+00  0.000000e+00
      vertex -1.250000e+01  6.500000e+00  6.000000e+00
      vertex -1.248079e+01  6.695090e+00  0.000000e+00
    endloop
  endfacet
  facet normal -9.951848e-01  9.801671e-02  0.000000e+00
    outer loop
      vertex -1.248079e+01  6.695090e+00  0.000000e+00
      vertex -1.250000e+01  6.500000e+00  6.000000e+00
      vertex -1.248079e+01  6.695090e+00  6.000000e+00
    endloop
  endfacet
  facet normal -9.569404e-01  2.902849e-01  0.000000e+00
    outer loop
      vertex -1.248079e+01  6.695090e+00  0.000000e+00
      vertex -1.248079e+01  6.695090e+00  6.000000e+00
      vertex -1.242388e+01  6.882683e+00  0.000000e+00
    endloop
  endfacet
  facet normal -9.569404e-01  2.902849e-01  0.000000e+00
    outer loop
      vertex -1.242388e+01  6.882683e+00  0.000000e+00
      vertex -1.248079e+01  6.695090e+00  6.000000e+00
      vertex -1.242388e+01  6.882683e+00  6.000000e+00
    endloop
  endfacet
  facet normal -8.819210e-01  4.713973e-01  0.000000e+00
    outer loop
      vertex -1.242388e+01  6.882683e+00  0.000000e+00
      vertex -1.242388e+01  6.882683e+00  6.000000e+00
      vertex -1.233147e+01  7.055570e+00  0.000000e+00
    endloop
  endfacet
  facet normal -8.819210e-01  4.713973e-01  0.000000e+00
    outer loop
      vertex -1.233147e+01  7.055570e+00  0.000000e+00
      vertex -1.242388e+01  6.882683e+00  6.000000e+00
      vertex -1.233147e+01  7.055570e+00  6.000000e+00
    endloop
  endfacet
  facet normal -7.730100e-01  6.343939e-01  0.000000e+00
    outer loop
      vertex -1.233147e+01  7.055570e+00  0.000000e+00
      vertex -1.233147e+01  7.055570e+00  6.000000e+00
      vertex -1.220711e+01  7.207107e+00  0.000000e+00
    endloop
  endfacet
  facet normal -7.730100e-01  6.343939e-01  0.000000e+00
    outer loop
      vertex -1.220711e+01  7.207107e+00  0.000000e+00
      vertex -1.233147e+01  7.055570e+00  6.000000e+00
      vertex -1.220711e+01  7.207107e+00  6.000000e+00
    endloop
  endfacet
  facet normal -6.343950e-01  7.730090e-01  0.000000e+00
    outer loop
      vertex -1.220711e+01  7.207107e+00  0.000000e+00
      vertex -1.220711e+01  7.207107e+00  6.000000e+00
      vertex -1.205557e+01  7.331470e+00  0.000000e+00
    endloop
  endfacet
  facet normal -6.343950e-01  7.730090e-01  0.000000e+00
    outer loop
      vertex -1.205557e+01  7.331470e+00  0.000000e+00
      vertex -1.220711e+01  7.207107e+00  6.000000e+00
      vertex -1.205557e+01  7.331470e+00  6.000000e+00
    endloop
  endfacet
  facet normal -4.713973e-01  8.819210e-01  0.000000e+00
    outer loop
      vertex -1.205557e+01  7.331470e+00  0.000000e+00
      vertex -1.205557e+01  7.331470e+00  6.000000e+00
      vertex -1.188268e+01  7.423880e+00  0.000000e+00
    endloop
  endfacet
  facet normal -4.713973e-01  8.819210e-01  0.000000e+00
    outer loop
      vertex -1.188268e+01  7.423880e+00  0.000000e+00
      vertex -1.205557e+01  7.331470e+00  6.000000e+00
      vertex -1.188268e+01  7.423880e+00  6.000000e+00
    endloop
  endfacet
  facet normal -2.902842e-01  9.569405e-01  0.000000e+00
    outer loop
      vertex -1.188268e+01  7.423880e+00  0.000000e+00
      vertex -1.188268e+01  7.423880e+00  6.000000e+00
      vertex -1.169509e+01  7.480785e+00  0.000000e+00
    endloop
  endfacet
  facet normal -2.902842e-01  9.569405e-01  0.000000e+00
    outer loop
      vertex -1.169509e+01  7.480785e+00  0.000000e+00
      vertex -1.188268e+01  7.423880e+00  6.000000e+00
      vertex -1.169509e+01  7.480785e+00  6.000000e+00
    endloop
  endfacet
  facet normal -9.801671e-02  9.951848e-01  0.000000e+00
    outer loop
      vertex -1.169509e+01  7.480785e+00  0.000000e+00
      vertex -1.169509e+01  7.480785e+00  6.000000e+00
      vertex -1.150000e+01  7.500000e+00  0.000000e+00
    endloop
  endfacet
  facet normal -9.801671e-02  9.951848e-01  0.000000e+00
    outer loop
      vertex -1.150000e+01  7.500000e+00  0.000000e+00
      vertex -1.169509e+01  7.480785e+00  6.000000e+00
      vertex -1.150000e+01  7.500000e+00  6.000000e+00
    endloop
  endfacet
  facet normal  9.801671e-02  9.951848e-01  0.000000e+00
    outer loop
      vertex  1.150000e+01  7.500000e+00  0.000000e+00
      vertex  1.150000e+01  7.500000e+00  6.000000e+00
      vertex  1.169509e+01  7.480785e+00  0.000000e+00
    endloop
  endfacet
  facet normal  9.801671e-02  9.951848e-01  -0.000000e+00
    outer loop
      vertex  1.169509e+01  7.480785e+00  0.000000e+00
      vertex  1.150000e+01  7.500000e+00  6.000000e+00
      vertex  1.169509e+01  7.480785e+00  6.000000e+00
    endloop
  endfacet
  facet normal  2.902842e-01  9.569405e-01  0.000000e+00
    outer loop
      vertex  1.169509e+01  7.480785e+00  0.000000e+00
      vertex  1.169509e+01  7.480785e+00  6.000000e+00
      vertex  1.188268e+01  7.423880e+00  0.000000e+00
    endloop
  endfacet
  facet normal  2.902842e-01  9.569405e-01  -0.000000e+00
    outer loop
      vertex  1.188268e+01  7.423880e+00  0.000000e+00
      vertex  1.169509e+01  7.480785e+00  6.000000e+00
      vertex  1.188268e+01  7.423880e+00  6.000000e+00
    endloop
  endfacet
  facet normal  4.713973e-01  8.819210e-01  0.000000e+00
    outer loop
      vertex  1.188268e+01  7.423880e+00  0.000000e+00
      vertex  1.188268e+01  7.423880e+00  6.000000e+00
      vertex  1.205557e+01  7.331470e+00  0.000000e+00
    endloop
  endfacet
  facet normal  4.713973e-01  8.819210e-01  -0.000000e+00
    outer loop
      vertex  1.205557e+01  7.331470e+00  0.000000e+00
      vertex  1.188268e+01  7.423880e+00  6.000000e+00
      vertex  1.205557e+01  7.331470e+00  6.000000e+00
    endloop
  endfacet
  facet normal  6.343950e-01  7.730090e-01  0.000000e+00
    outer loop
      vertex  1.205557e+01  7.331470e+00  0.000000e+00
      vertex  1.205557e+01  7.331470e+00  6.000000e+00
      vertex  1.220711e+01  7.207107e+00  0.000000e+00
    endloop
  endfacet
  facet normal  6.343950e-01  7.730090e-01  -0.000000e+00
    outer loop
      vertex  1.220711e+01  7.207107e+00  0.000000e+00
      vertex  1.205557e+01  7.331470e+00  6.000000e+00
      vertex  1.220711e+01  7.207107e+00  6.000000e+00
    endloop
  endfacet
  facet normal  7.730100e-01  6.343939e-01  0.000000e+00
    outer loop
      vertex  1.220711e+01  7.207107e+00  0.000000e+00
      vertex  1.220711e+01  7.207107e+00  6.000000e+00
      vertex  1.233147e+01  7.055570e+00  0.000000e+00
    endloop
  endfacet
  facet normal  7.730100e-01  6.343939e-01  -0.000000e+00
    outer loop
      vertex  1.233147e+01  7.055570e+00  0.000000e+00
      vertex  1.220711e+01  7.207107e+00  6.000000e+00
      vertex  1.233147e+01  7.055570e+00  6.000000e+00
    endloop
  endfacet
  facet normal  8.819210e-01  4.713973e-01  0.000000e+00
    outer loop
      vertex  1.233147e+01  7.055570e+00  0.000000e+00
      vertex  1.233147e+01  7.055570e+00  6.000000e+00
      vertex  1.242388e+01  6.882683e+00  0.000000e+00
    endloop
  endfacet
  facet normal  8.819210e-01  4.713973e-01  -0.000000e+00
    outer loop
      vertex  1.242388e+01  6.882683e+00  0.000000e+00
      vertex  1.233147e+01  7.055570e+00  6.000000e+00
      vertex  1.242388e+01  6.882683e+00  6.000000e+00
    endloop
  endfacet
  facet normal  9.569404e-01  2.902849e-01  0.000000e+00
    outer loop
      vertex  1.242388e+01  6.882683e+00  0.000000e+00
      vertex  1.242388e+01  6.882683e+00  6.000000e+00
      vertex  1.248079e+01  6.695090e+00  0.000000e+00
    endloop
  endfacet
  facet normal  9.569404e-01  2.902849e-01  -0.000000e+00
    outer loop
      vertex  1.248079e+01  6.695090e+00  0.000000e+00
      vertex  1.242388e+01  6.882683e+00  6.000000e+00
      vertex  1.248079e+01  6.695090e+00  6.000000e+00
    endloop
  endfacet
  facet normal  9.951848e-01  9.801671e-02  0.000000e+00
    outer loop
      vertex  1.248079e+01  6.695090e+00  0.000000e+00
      vertex  1.248079e+01  6.695090e+00  6.000000e+00
      vertex  1.250000e+01  6.500000e+00  0.000000e+00
    endloop
  endfacet
  facet normal  9.951848e-01  9.801671e-02  -0.000000e+00
    outer loop
      vertex  1.250000e+01  6.500000e+00  0.000000e+00
      vertex  1.248079e+01  6.695090e+00  6.000000e+00
      vertex  1.250000e+01  6.500000e+00  6.000000e+00
    endloop
  endfacet
  facet normal  0.000000e+00 -1.000000e+00  0.000000e+00
    outer loop
      vertex  4.000000e+00  4.500000e+00  6.000000e+00
      vertex -7.810840e-01  4.500000e+00  4.271709e+00
      vertex -5.020943e-01  4.500000e+00  4.218148e+00
    endloop
  endfacet
  facet normal  0.000000e+00 -1.000000e+00  -0.000000e+00
    outer loop
      vertex  4.000000e+00  4.500000e+00  3.000000e+00
      vertex  4.000000e+00  4.500000e+00  6.000000e+00
      vertex -5.020943e-01  4.500000e+00  4.218148e+00
    endloop
  endfacet
  facet normal  0.000000e+00 -1.000000e+00  0.000000e+00
    outer loop
      vertex  4.000000e+00  4.500000e+00  3.000000e+00
      vertex -5.020943e-01  4.500000e+00  4.218148e+00
      vertex -2.382065e-01  4.500000e+00  4.112948e+00
    endloop
  endfacet
  facet normal  0.000000e+00 -1.000000e+00  0.000000e+00
    outer loop
      vertex  4.000000e+00  4.500000e+00  3.000000e+00
      vertex -2.382065e-01  4.500000e+00  4.112948e+00
      vertex  1.114414e-03  4.500000e+00  3.959881e+00
    endloop
  endfacet
  facet normal  0.000000e+00 -1.000000e+00  0.000000e+00
    outer loop
      vertex  4.000000e+00  4.500000e+00  3.000000e+00
      vertex  1.114414e-03  4.500000e+00  3.959881e+00
      vertex  2.072842e-01  4.500000e+00  3.764438e+00
    endloop
  endfacet
  facet normal  0.000000e+00 -1.000000e+00  0.000000e+00
    outer loop
      vertex  4.000000e+00  4.500000e+00  3.000000e+00
      vertex  2.072842e-01  4.500000e+00  3.764438e+00
      vertex  3.729080e-01  4.500000e+00  3.533629e+00
    endloop
  endfacet
  facet normal  0.000000e+00 -1.000000e+00  0.000000e+00
    outer loop
      vertex  4.000000e+00  4.500000e+00  3.000000e+00
      vertex  3.729080e-01  4.500000e+00  3.533629e+00
      vertex  4.920450e-01  4.500000e+00  3.275733e+00
    endloop
  endfacet
  facet normal  0.000000e+00 -9.999999e-01  0.000000e+00
    outer loop
      vertex  4.000000e+00  4.500000e+00  3.000000e+00
      vertex  4.920450e-01  4.500000e+00  3.275733e+00
      vertex  5.604221e-01  4.500000e+00  3.000000e+00
    endloop
  endfacet
  facet normal  0.000000e+00 -1.000000e+00  0.000000e+00
    outer loop
      vertex -4.000000e+00  4.500000e+00  6.000000e+00
      vertex -4.000000e+00  4.500000e+00  3.000000e+00
      vertex -2.406674e+00  4.500000e+00  3.000000e+00
    endloop
  endfacet
  facet normal  0.000000e+00 -1.000000e+00  0.000000e+00
    outer loop
      vertex -4.000000e+00  4.500000e+00  6.000000e+00
      vertex -2.406674e+00  4.500000e+00  3.000000e+00
      vertex -2.338297e+00  4.500000e+00  3.275733e+00
    endloop
  endfacet
  facet normal  0.000000e+00 -1.000000e+00  0.000000e+00
    outer loop
      vertex -4.000000e+00  4.500000e+00  6.000000e+00
      vertex -2.338297e+00  4.500000e+00  3.275733e+00
      vertex -2.219160e+00  4.500000e+00  3.533629e+00
    endloop
  endfacet
  facet normal  0.000000e+00 -9.999999e-01  0.000000e+00
    outer loop
      vertex -4.000000e+00  4.500000e+00  6.000000e+00
      vertex -2.219160e+00  4.500000e+00  3.533629e+00
      vertex -2.053537e+00  4.500000e+00  3.764438e+00
    endloop
  endfacet
  facet normal  0.000000e+00 -1.000000e+00  0.000000e+00
    outer loop
      vertex -4.000000e+00  4.500000e+00  6.000000e+00
      vertex -2.053537e+00  4.500000e+00  3.764438e+00
      vertex -1.847367e+00  4.500000e+00  3.959881e+00
    endloop
  endfacet
  facet normal  0.000000e+00 -1.000000e+00  0.000000e+00
    outer loop
      vertex -4.000000e+00  4.500000e+00  6.000000e+00
      vertex -1.847367e+00  4.500000e+00  3.959881e+00
      vertex -1.608046e+00  4.500000e+00  4.112948e+00
    endloop
  endfacet
  facet normal  0.000000e+00 -9.999999e-01  0.000000e+00
    outer loop
      vertex -4.000000e+00  4.500000e+00  6.000000e+00
      vertex -1.608046e+00  4.500000e+00  4.112948e+00
      vertex -1.344158e+00  4.500000e+00  4.218148e+00
    endloop
  endfacet
  facet normal  0.000000e+00 -1.000000e+00  0.000000e+00
    outer loop
      vertex -4.000000e+00  4.500000e+00  6.000000e+00
      vertex -1.344158e+00  4.500000e+00  4.218148e+00
      vertex -1.065168e+00  4.500000e+00  4.271709e+00
    endloop
  endfacet
  facet normal  0.000000e+00 -1.000000e+00  0.000000e+00
    outer loop
      vertex -4.000000e+00  4.500000e+00  6.000000e+00
      vertex -1.065168e+00  4.500000e+00  4.271709e+00
      vertex -7.810840e-01  4.500000e+00  4.271709e+00
    endloop
  endfacet
  facet normal  0.000000e+00 -1.000000e+00  0.000000e+00
    outer loop
      vertex -4.000000e+00  4.500000e+00  6.000000e+00
      vertex -7.810840e-01  4.500000e+00  4.271709e+00
      vertex  4.000000e+00  4.500000e+00  6.000000e+00
    endloop
  endfacet
  facet normal  -0.000000e+00  0.000000e+00  9.999999e-01
    outer loop
      vertex  2.585786e+00  1.414214e+00  3.000000e+00
      vertex -8.346666e+00  1.164686e+00  3.000000e+00
      vertex  2.337061e+00  1.111140e+00  3.000000e+00
    endloop
  endfacet
  facet normal  0.000000e+00  0.000000e+00  1.000000e+00
    outer loop
      vertex  3.609819e+00 -1.961571e+00  3.000000e+00
      vertex  3.234633e+00 -1.847759e+00  3.000000e+00
      vertex  1.530808e-16 -2.000000e+00  3.000000e+00
    endloop
  endfacet
  facet normal  0.000000e+00  0.000000e+00  1.000000e+00
    outer loop
      vertex -4.341204e-01 -2.037981e+00  3.000000e+00
      vertex  1.530808e-16 -2.000000e+00  3.000000e+00
      vertex -7.897114e+00 -2.250000e+00  3.000000e+00
    endloop
  endfacet
  facet normal  0.000000e+00  0.000000e+00  1.000000e+00
    outer loop
      vertex -8.550504e-01 -2.150769e+00  3.000000e+00
      vertex -4.341204e-01 -2.037981e+00  3.000000e+00
      vertex -7.897114e+00 -2.250000e+00  3.000000e+00
    endloop
  endfacet
  facet normal  -0.000000e+00  0.000000e+00  9.999999e-01
    outer loop
      vertex -1.606969e+00 -2.584889e+00  3.000000e+00
      vertex -7.570090e+00 -2.739426e+00  3.000000e+00
      vertex -1.915111e+00 -2.893031e+00  3.000000e+00
    endloop
  endfacet
  facet normal  0.000000e+00  0.000000e+00  9.999999e-01
    outer loop
      vertex  8.157458e+00  1.722075e+00  3.000000e+00
      vertex  4.390181e+00  1.961571e+00  3.000000e+00
      vertex  4.765367e+00  1.847759e+00  3.000000e+00
    endloop
  endfacet
  facet normal  0.000000e+00  -0.000000e+00  1.000000e+00
    outer loop
      vertex  5.414214e+00  1.414214e+00  3.000000e+00
      vertex  5.662939e+00  1.111140e+00  3.000000e+00
      vertex  8.346666e+00  1.164686e+00  3.000000e+00
    endloop
  endfacet
  facet normal  0.000000e+00  0.000000e+00  9.999999e-01
    outer loop
      vertex  7.897114e+00 -2.250000e+00  3.000000e+00
      vertex  4.390181e+00 -1.961571e+00  3.000000e+00
      vertex  4.000000e+00 -2.000000e+00  3.000000e+00
    endloop
  endfacet
  facet normal  -0.000000e+00  -0.000000e+00  1.000000e+00
    outer loop
      vertex  4.000000e+00  2.000000e+00  3.000000e+00
      vertex  4.390181e+00  1.961571e+00  3.000000e+00
      vertex  8.157458e+00  1.722075e+00  3.000000e+00
    endloop
  endfacet
  facet normal  0.000000e+00  0.000000e+00  1.000000e+00
    outer loop
      vertex  4.000000e+00  2.000000e+00  3.000000e+00
      vertex  8.157458e+00  1.722075e+00  3.000000e+00
      vertex  7.897114e+00  2.250000e+00  3.000000e+00
    endloop
  endfacet
  facet normal  0.000000e+00  0.000000e+00  1.000000e+00
    outer loop
      vertex  4.000000e+00  2.000000e+00  3.000000e+00
      vertex  7.897114e+00  2.250000e+00  3.000000e+00
      vertex  7.570090e+00  2.739426e+00  3.000000e+00
    endloop
  endfacet
  facet normal  0.000000e+00  0.000000e+00  1.000000e+00
    outer loop
      vertex  4.000000e+00  2.000000e+00  3.000000e+00
      vertex  7.570090e+00  2.739426e+00  3.000000e+00
      vertex  7.181981e+00  3.181981e+00  3.000000e+00
    endloop
  endfacet
  facet normal  0.000000e+00  0.000000e+00  1.000000e+00
    outer loop
      vertex  4.000000e+00  2.000000e+00  3.000000e+00
      vertex  7.181981e+00  3.181981e+00  3.000000e+00
      vertex  6.739427e+00  3.570090e+00  3.000000e+00
    endloop
  endfacet
  facet normal  0.000000e+00  0.000000e+00  1.000000e+00
    outer loop
      vertex  4.000000e+00  2.000000e+00  3.000000e+00
      vertex  6.739427e+00  3.570090e+00  3.000000e+00
      vertex  6.250000e+00  3.897114e+00  3.000000e+00
    endloop
  endfacet
  facet normal  0.000000e+00  0.000000e+00  1.000000e+00
    outer loop
      vertex  4.000000e+00  2.000000e+00  3.000000e+00
      vertex  6.250000e+00  3.897114e+00  3.000000e+00
      vertex  5.722075e+00  4.157458e+00  3.000000e+00
    endloop
  endfacet
  facet normal  0.000000e+00  0.000000e+00  9.999999e-01
    outer loop
      vertex  4.000000e+00  2.000000e+00  3.000000e+00
      vertex  5.722075e+00  4.157458e+00  3.000000e+00
      vertex  5.164686e+00  4.346666e+00  3.000000e+00
    endloop
  endfacet
  facet normal  0.000000e+00  0.000000e+00  9.999999e-01
    outer loop
      vertex  4.000000e+00  2.000000e+00  3.000000e+00
      vertex  5.164686e+00  4.346666e+00  3.000000e+00
      vertex  4.587368e+00  4.461502e+00  3.000000e+00
    endloop
  endfacet
  facet normal  0.000000e+00  0.000000e+00  1.000000e+00
    outer loop
      vertex  4.000000e+00  2.000000e+00  3.000000e+00
      vertex  4.587368e+00  4.461502e+00  3.000000e+00
      vertex  4.000000e+00  4.500000e+00  3.000000e+00
    endloop
  endfacet
  facet normal  0.000000e+00  0.000000e+00  1.000000e+00
    outer loop
      vertex  4.000000e+00  2.000000e+00  3.000000e+00
      vertex  4.000000e+00  4.500000e+00  3.000000e+00
      vertex -4.587368e+00  4.461502e+00  3.000000e+00
    endloop
  endfacet
  facet normal  0.000000e+00  0.000000e+00  9.999999e-01
    outer loop
      vertex  4.000000e+00  2.000000e+00  3.000000e+00
      vertex -4.587368e+00  4.461502e+00  3.000000e+00
      vertex -5.164686e+00  4.346666e+00  3.000000e+00
    endloop
  endfacet
  facet normal  0.000000e+00  0.000000e+00  1.000000e+00
    outer loop
      vertex  4.000000e+00  2.000000e+00  3.000000e+00
      vertex -5.164686e+00  4.346666e+00  3.000000e+00
      vertex -5.722075e+00  4.157458e+00  3.000000e+00
    endloop
  endfacet
  facet normal  0.000000e+00  0.000000e+00  1.000000e+00
    outer loop
      vertex  4.000000e+00  2.000000e+00  3.000000e+00
      vertex -5.722075e+00  4.157458e+00  3.000000e+00
      vertex -6.250000e+00  3.897114e+00  3.000000e+00
    endloop
  endfacet
  facet normal  0.000000e+00  0.000000e+00  1.000000e+00
    outer loop
      vertex  4.000000e+00  2.000000e+00  3.000000e+00
      vertex -6.250000e+00  3.897114e+00  3.000000e+00
      vertex -6.739427e+00  3.570090e+00  3.000000e+00
    endloop
  endfacet
  facet normal  0.000000e+00  0.000000e+00  1.000000e+00
    outer loop
      vertex  4.000000e+00  2.000000e+00  3.000000e+00
      vertex -6.739427e+00  3.570090e+00  3.000000e+00
      vertex -7.181981e+00  3.181981e+00  3.000000e+00
    endloop
  endfacet
  facet normal  0.000000e+00  0.000000e+00  1.000000e+00
    outer loop
      vertex  4.000000e+00  2.000000e+00  3.000000e+00
      vertex -7.181981e+00  3.181981e+00  3.000000e+00
      vertex -7.570090e+00  2.739426e+00  3.000000e+00
    endloop
  endfacet
  facet normal  0.000000e+00  0.000000e+00  1.000000e+00
    outer loop
      vertex  4.000000e+00  2.000000e+00  3.000000e+00
      vertex -7.570090e+00  2.739426e+00  3.000000e+00
      vertex -7.897114e+00  2.250000e+00  3.000000e+00
    endloop
  endfacet
  facet normal  0.000000e+00  0.000000e+00  1.000000e+00
    outer loop
      vertex -4.587368e+00  4.461502e+00  3.000000e+00
      vertex  4.000000e+00  4.500000e+00  3.000000e+00
      vertex  5.604221e-01  4.500000e+00  3.000000e+00
    endloop
  endfacet
  facet normal  0.000000e+00  0.000000e+00  1.000000e+00
    outer loop
      vertex -4.587368e+00  4.461502e+00  3.000000e+00
      vertex  5.604221e-01  4.500000e+00  3.000000e+00
      vertex -2.406674e+00  4.500000e+00  3.000000e+00
    endloop
  endfacet
  facet normal  0.000000e+00  0.000000e+00  1.000000e+00
    outer loop
      vertex -4.587368e+00  4.461502e+00  3.000000e+00
      vertex -2.406674e+00  4.500000e+00  3.000000e+00
      vertex -4.000000e+00  4.500000e+00  3.000000e+00
    endloop
  endfacet
  facet normal  0.000000e+00  0.000000e+00  1.000000e+00
    outer loop
      vertex -8.157458e+00  1.722075e+00  3.000000e+00
      vertex -8.346666e+00  1.164686e+00  3.000000e+00
      vertex  2.585786e+00  1.414214e+00  3.000000e+00
    endloop
  endfacet
  facet normal  0.000000e+00  -0.000000e+00  1.000000e+00
    outer loop
      vertex -8.157458e+00  1.722075e+00  3.000000e+00
      vertex  2.585786e+00  1.414214e+00  3.000000e+00
      vertex  2.888860e+00  1.662939e+00  3.000000e+00
    endloop
  endfacet
  facet normal  0.000000e+00  -0.000000e+00  1.000000e+00
    outer loop
      vertex -8.157458e+00  1.722075e+00  3.000000e+00
      vertex  2.888860e+00  1.662939e+00  3.000000e+00
      vertex  3.234633e+00  1.847759e+00  3.000000e+00
    endloop
  endfacet
  facet normal  0.000000e+00  -0.000000e+00  1.000000e+00
    outer loop
      vertex -8.157458e+00  1.722075e+00  3.000000e+00
      vertex  3.234633e+00  1.847759e+00  3.000000e+00
      vertex  3.609819e+00  1.961571e+00  3.000000e+00
    endloop
  endfacet
  facet normal  0.000000e+00  -0.000000e+00  1.000000e+00
    outer loop
      vertex -8.157458e+00  1.722075e+00  3.000000e+00
      vertex  3.609819e+00  1.961571e+00  3.000000e+00
      vertex  4.000000e+00  2.000000e+00  3.000000e+00
    endloop
  endfacet
  facet normal  0.000000e+00  0.000000e+00  1.000000e+00
    outer loop
      vertex -8.157458e+00  1.722075e+00  3.000000e+00
      vertex  4.000000e+00  2.000000e+00  3.000000e+00
      vertex -7.897114e+00  2.250000e+00  3.000000e+00
    endloop
  endfacet
  facet normal  0.000000e+00  0.000000e+00  1.000000e+00
    outer loop
      vertex -2.500000e+00 -4.500000e+00  3.000000e+00
      vertex -2.462019e+00 -4.065879e+00  3.000000e+00
      vertex -5.722075e+00 -4.157458e+00  3.000000e+00
    endloop
  endfacet
  facet normal  0.000000e+00  0.000000e+00  1.000000e+00
    outer loop
      vertex -2.500000e+00 -4.500000e+00  3.000000e+00
      vertex -5.722075e+00 -4.157458e+00  3.000000e+00
      vertex -5.164686e+00 -4.346666e+00  3.000000e+00
    endloop
  endfacet
  facet normal  0.000000e+00  0.000000e+00  1.000000e+00
    outer loop
      vertex -2.500000e+00 -4.500000e+00  3.000000e+00
      vertex -5.164686e+00 -4.346666e+00  3.000000e+00
      vertex -4.587368e+00 -4.461502e+00  3.000000e+00
    endloop
  endfacet
  facet normal  0.000000e+00  0.000000e+00  1.000000e+00
    outer loop
      vertex -2.500000e+00 -4.500000e+00  3.000000e+00
      vertex -4.587368e+00 -4.461502e+00  3.000000e+00
      vertex -4.000000e+00 -4.500000e+00  3.000000e+00
    endloop
  endfacet
  facet normal  0.000000e+00  0.000000e+00  1.000000e+00
    outer loop
      vertex  4.000000e+00 -4.500000e+00  3.000000e+00
      vertex  1.606969e+00 -2.584889e+00  3.000000e+00
      vertex  1.915111e+00 -2.893031e+00  3.000000e+00
    endloop
  endfacet
  facet normal  0.000000e+00  0.000000e+00  1.000000e+00
    outer loop
      vertex  4.000000e+00 -4.500000e+00  3.000000e+00
      vertex  1.915111e+00 -2.893031e+00  3.000000e+00
      vertex  2.165064e+00 -3.250000e+00  3.000000e+00
    endloop
  endfacet
  facet normal  0.000000e+00  0.000000e+00  1.000000e+00
    outer loop
      vertex  4.000000e+00 -4.500000e+00  3.000000e+00
      vertex  2.165064e+00 -3.250000e+00  3.000000e+00
      vertex  2.349231e+00 -3.644950e+00  3.000000e+00
    endloop
  endfacet
  facet normal  0.000000e+00  0.000000e+00  1.000000e+00
    outer loop
      vertex  4.000000e+00 -4.500000e+00  3.000000e+00
      vertex  2.349231e+00 -3.644950e+00  3.000000e+00
      vertex  2.462019e+00 -4.065879e+00  3.000000e+00
    endloop
  endfacet
  facet normal  0.000000e+00  0.000000e+00  1.000000e+00
    outer loop
      vertex  4.000000e+00 -4.500000e+00  3.000000e+00
      vertex  2.462019e+00 -4.065879e+00  3.000000e+00
      vertex  2.500000e+00 -4.500000e+00  3.000000e+00
    endloop
  endfacet
  facet normal  0.000000e+00  0.000000e+00  1.000000e+00
    outer loop
      vertex  4.000000e+00 -2.000000e+00  3.000000e+00
      vertex  3.609819e+00 -1.961571e+00  3.000000e+00
      vertex  1.530808e-16 -2.000000e+00  3.000000e+00
    endloop
  endfacet
  facet normal  -0.000000e+00  0.000000e+00  1.000000e+00
    outer loop
      vertex  4.000000e+00 -2.000000e+00  3.000000e+00
      vertex  1.530808e-16 -2.000000e+00  3.000000e+00
      vertex  4.341204e-01 -2.037981e+00  3.000000e+00
    endloop
  endfacet
  facet normal  -0.000000e+00  0.000000e+00  1.000000e+00
    outer loop
      vertex  4.000000e+00 -2.000000e+00  3.000000e+00
      vertex  4.341204e-01 -2.037981e+00  3.000000e+00
      vertex  8.550504e-01 -2.150769e+00  3.000000e+00
    endloop
  endfacet
  facet normal  -0.000000e+00  0.000000e+00  1.000000e+00
    outer loop
      vertex  4.000000e+00 -2.000000e+00  3.000000e+00
      vertex  8.550504e-01 -2.150769e+00  3.000000e+00
      vertex  1.250000e+00 -2.334936e+00  3.000000e+00
    endloop
  endfacet
  facet normal  -0.000000e+00  0.000000e+00  1.000000e+00
    outer loop
      vertex  4.000000e+00 -2.000000e+00  3.000000e+00
      vertex  1.250000e+00 -2.334936e+00  3.000000e+00
      vertex  1.606969e+00 -2.584889e+00  3.000000e+00
    endloop
  endfacet
  facet normal  -0.000000e+00  0.000000e+00  1.000000e+00
    outer loop
      vertex  4.000000e+00 -2.000000e+00  3.000000e+00
      vertex  1.606969e+00 -2.584889e+00  3.000000e+00
      vertex  4.000000e+00 -4.500000e+00  3.000000e+00
    endloop
  endfacet
  facet normal  0.000000e+00  -0.000000e+00  1.000000e+00
    outer loop
      vertex  4.000000e+00 -4.500000e+00  3.000000e+00
      vertex  4.587368e+00 -4.461502e+00  3.000000e+00
      vertex  5.164686e+00 -4.346666e+00  3.000000e+00
    endloop
  endfacet
  facet normal  0.000000e+00  -0.000000e+00  1.000000e+00
    outer loop
      vertex  4.000000e+00 -4.500000e+00  3.000000e+00
      vertex  5.164686e+00 -4.346666e+00  3.000000e+00
      vertex  5.722075e+00 -4.157458e+00  3.000000e+00
    endloop
  endfacet
  facet normal  0.000000e+00  -0.000000e+00  1.000000e+00
    outer loop
      vertex  4.000000e+00 -4.500000e+00  3.000000e+00
      vertex  5.722075e+00 -4.157458e+00  3.000000e+00
      vertex  6.250000e+00 -3.897114e+00  3.000000e+00
    endloop
  endfacet
  facet normal  0.000000e+00  -0.000000e+00  1.000000e+00
    outer loop
      vertex  4.000000e+00 -4.500000e+00  3.000000e+00
      vertex  6.250000e+00 -3.897114e+00  3.000000e+00
      vertex  6.739427e+00 -3.570090e+00  3.000000e+00
    endloop
  endfacet
  facet normal  0.000000e+00  -0.000000e+00  1.000000e+00
    outer loop
      vertex  4.000000e+00 -4.500000e+00  3.000000e+00
      vertex  6.739427e+00 -3.570090e+00  3.000000e+00
      vertex  7.181981e+00 -3.181981e+00  3.000000e+00
    endloop
  endfacet
  facet normal  0.000000e+00  -0.000000e+00  1.000000e+00
    outer loop
      vertex  4.000000e+00 -4.500000e+00  3.000000e+00
      vertex  7.181981e+00 -3.181981e+00  3.000000e+00
      vertex  7.570090e+00 -2.739426e+00  3.000000e+00
    endloop
  endfacet
  facet normal  0.000000e+00  -0.000000e+00  1.000000e+00
    outer loop
      vertex  4.000000e+00 -4.500000e+00  3.000000e+00
      vertex  7.570090e+00 -2.739426e+00  3.000000e+00
      vertex  7.897114e+00 -2.250000e+00  3.000000e+00
    endloop
  endfacet
  facet normal  0.000000e+00  0.000000e+00  1.000000e+00
    outer loop
      vertex  4.000000e+00 -4.500000e+00  3.000000e+00
      vertex  7.897114e+00 -2.250000e+00  3.000000e+00
      vertex  4.000000e+00 -2.000000e+00  3.000000e+00
    endloop
  endfacet
  facet normal  0.000000e+00  0.000000e+00  1.000000e+00
    outer loop
      vertex  2.337061e+00  1.111140e+00  3.000000e+00
      vertex -8.346666e+00  1.164686e+00  3.000000e+00
      vertex  2.152241e+00  7.653669e-01  3.000000e+00
    endloop
  endfacet
  facet normal  0.000000e+00  0.000000e+00  1.000000e+00
    outer loop
      vertex  2.152241e+00  7.653669e-01  3.000000e+00
      vertex -8.346666e+00  1.164686e+00  3.000000e+00
      vertex -8.461502e+00  5.873679e-01  3.000000e+00
    endloop
  endfacet
  facet normal  -0.000000e+00  0.000000e+00  1.000000e+00
    outer loop
      vertex  2.152241e+00  7.653669e-01  3.000000e+00
      vertex -8.461502e+00  5.873679e-01  3.000000e+00
      vertex  2.038429e+00  3.901806e-01  3.000000e+00
    endloop
  endfacet
  facet normal  0.000000e+00  0.000000e+00  1.000000e+00
    outer loop
      vertex  2.038429e+00  3.901806e-01  3.000000e+00
      vertex -8.461502e+00  5.873679e-01  3.000000e+00
      vertex -8.500000e+00  2.549493e-15  3.000000e+00
    endloop
  endfacet
  facet normal  -0.000000e+00  0.000000e+00  1.000000e+00
    outer loop
      vertex  2.038429e+00  3.901806e-01  3.000000e+00
      vertex -8.500000e+00  2.549493e-15  3.000000e+00
      vertex  2.000000e+00  2.449294e-16  3.000000e+00
    endloop
  endfacet
  facet normal  0.000000e+00  0.000000e+00  1.000000e+00
    outer loop
      vertex  2.000000e+00  2.449294e-16  3.000000e+00
      vertex -8.500000e+00  2.549493e-15  3.000000e+00
      vertex  2.038429e+00 -3.901806e-01  3.000000e+00
    endloop
  endfacet
  facet normal  0.000000e+00  0.000000e+00  1.000000e+00
    outer loop
      vertex  2.038429e+00 -3.901806e-01  3.000000e+00
      vertex -8.500000e+00  2.549493e-15  3.000000e+00
      vertex -8.461502e+00 -5.873679e-01  3.000000e+00
    endloop
  endfacet
  facet normal  -0.000000e+00  0.000000e+00  1.000000e+00
    outer loop
      vertex  2.038429e+00 -3.901806e-01  3.000000e+00
      vertex -8.461502e+00 -5.873679e-01  3.000000e+00
      vertex  2.152241e+00 -7.653669e-01  3.000000e+00
    endloop
  endfacet
  facet normal  0.000000e+00  0.000000e+00  1.000000e+00
    outer loop
      vertex  2.152241e+00 -7.653669e-01  3.000000e+00
      vertex -8.461502e+00 -5.873679e-01  3.000000e+00
      vertex  2.337061e+00 -1.111140e+00  3.000000e+00
    endloop
  endfacet
  facet normal  0.000000e+00  0.000000e+00  1.000000e+00
    outer loop
      vertex  2.337061e+00 -1.111140e+00  3.000000e+00
      vertex -8.461502e+00 -5.873679e-01  3.000000e+00
      vertex -8.346666e+00 -1.164686e+00  3.000000e+00
    endloop
  endfacet
  facet normal  -0.000000e+00  0.000000e+00  9.999999e-01
    outer loop
      vertex  2.337061e+00 -1.111140e+00  3.000000e+00
      vertex -8.346666e+00 -1.164686e+00  3.000000e+00
      vertex  2.585786e+00 -1.414214e+00  3.000000e+00
    endloop
  endfacet
  facet normal  0.000000e+00  0.000000e+00  1.000000e+00
    outer loop
      vertex  2.585786e+00 -1.414214e+00  3.000000e+00
      vertex -8.346666e+00 -1.164686e+00  3.000000e+00
      vertex -8.157458e+00 -1.722075e+00  3.000000e+00
    endloop
  endfacet
  facet normal  0.000000e+00  0.000000e+00  1.000000e+00
    outer loop
      vertex  2.585786e+00 -1.414214e+00  3.000000e+00
      vertex -8.157458e+00 -1.722075e+00  3.000000e+00
      vertex  2.888860e+00 -1.662939e+00  3.000000e+00
    endloop
  endfacet
  facet normal  -0.000000e+00  0.000000e+00  1.000000e+00
    outer loop
      vertex  2.888860e+00 -1.662939e+00  3.000000e+00
      vertex -8.157458e+00 -1.722075e+00  3.000000e+00
      vertex  3.234633e+00 -1.847759e+00  3.000000e+00
    endloop
  endfacet
  facet normal  0.000000e+00  0.000000e+00  1.000000e+00
    outer loop
      vertex  3.234633e+00 -1.847759e+00  3.000000e+00
      vertex -8.157458e+00 -1.722075e+00  3.000000e+00
      vertex -7.897114e+00 -2.250000e+00  3.000000e+00
    endloop
  endfacet
  facet normal  0.000000e+00  0.000000e+00  1.000000e+00
    outer loop
      vertex  3.234633e+00 -1.847759e+00  3.000000e+00
      vertex -7.897114e+00 -2.250000e+00  3.000000e+00
      vertex  1.530808e-16 -2.000000e+00  3.000000e+00
    endloop
  endfacet
  facet normal  0.000000e+00  0.000000e+00  1.000000e+00
    outer loop
      vertex -7.570090e+00 -2.739426e+00  3.000000e+00
      vertex -1.606969e+00 -2.584889e+00  3.000000e+00
      vertex -7.897114e+00 -2.250000e+00  3.000000e+00
    endloop
  endfacet
  facet normal  0.000000e+00  0.000000e+00  9.999999e-01
    outer loop
      vertex -7.897114e+00 -2.250000e+00  3.000000e+00
      vertex -1.606969e+00 -2.584889e+00  3.000000e+00
      vertex -1.250000e+00 -2.334936e+00  3.000000e+00
    endloop
  endfacet
  facet normal  0.000000e+00  -0.000000e+00  1.000000e+00
    outer loop
      vertex -7.897114e+00 -2.250000e+00  3.000000e+00
      vertex -1.250000e+00 -2.334936e+00  3.000000e+00
      vertex -8.550504e-01 -2.150769e+00  3.000000e+00
    endloop
  endfacet
  facet normal  0.000000e+00  0.000000e+00  1.000000e+00
    outer loop
      vertex -1.915111e+00 -2.893031e+00  3.000000e+00
      vertex -7.570090e+00 -2.739426e+00  3.000000e+00
      vertex -2.165064e+00 -3.250000e+00  3.000000e+00
    endloop
  endfacet
  facet normal  0.000000e+00  0.000000e+00  1.000000e+00
    outer loop
      vertex -2.165064e+00 -3.250000e+00  3.000000e+00
      vertex -7.570090e+00 -2.739426e+00  3.000000e+00
      vertex -7.181981e+00 -3.181981e+00  3.000000e+00
    endloop
  endfacet
  facet normal  0.000000e+00  0.000000e+00  9.999999e-01
    outer loop
      vertex -2.165064e+00 -3.250000e+00  3.000000e+00
      vertex -7.181981e+00 -3.181981e+00  3.000000e+00
      vertex -2.349231e+00 -3.644950e+00  3.000000e+00
    endloop
  endfacet
  facet normal  0.000000e+00  0.000000e+00  1.000000e+00
    outer loop
      vertex -2.349231e+00 -3.644950e+00  3.000000e+00
      vertex -7.181981e+00 -3.181981e+00  3.000000e+00
      vertex -6.739427e+00 -3.570090e+00  3.000000e+00
    endloop
  endfacet
  facet normal  0.000000e+00  0.000000e+00  1.000000e+00
    outer loop
      vertex -2.349231e+00 -3.644950e+00  3.000000e+00
      vertex -6.739427e+00 -3.570090e+00  3.000000e+00
      vertex -2.462019e+00 -4.065879e+00  3.000000e+00
    endloop
  endfacet
  facet normal  0.000000e+00  0.000000e+00  1.000000e+00
    outer loop
      vertex -2.462019e+00 -4.065879e+00  3.000000e+00
      vertex -6.739427e+00 -3.570090e+00  3.000000e+00
      vertex -6.250000e+00 -3.897114e+00  3.000000e+00
    endloop
  endfacet
  facet normal  0.000000e+00  0.000000e+00  1.000000e+00
    outer loop
      vertex -2.462019e+00 -4.065879e+00  3.000000e+00
      vertex -6.250000e+00 -3.897114e+00  3.000000e+00
      vertex -5.722075e+00 -4.157458e+00  3.000000e+00
    endloop
  endfacet
  facet normal  0.000000e+00  0.000000e+00  1.000000e+00
    outer loop
      vertex  5.414214e+00  1.414214e+00  3.000000e+00
      vertex  8.346666e+00  1.164686e+00  3.000000e+00
      vertex  5.111140e+00  1.662939e+00  3.000000e+00
    endloop
  endfacet
  facet normal  -0.000000e+00  0.000000e+00  1.000000e+00
    outer loop
      vertex  5.111140e+00  1.662939e+00  3.000000e+00
      vertex  8.346666e+00  1.164686e+00  3.000000e+00
      vertex  8.157458e+00  1.722075e+00  3.000000e+00
    endloop
  endfacet
  facet normal  0.000000e+00  0.000000e+00  1.000000e+00
    outer loop
      vertex  5.111140e+00  1.662939e+00  3.000000e+00
      vertex  8.157458e+00  1.722075e+00  3.000000e+00
      vertex  4.765367e+00  1.847759e+00  3.000000e+00
    endloop
  endfacet
  facet normal  -0.000000e+00  0.000000e+00  1.000000e+00
    outer loop
      vertex  8.346666e+00  1.164686e+00  3.000000e+00
      vertex  5.662939e+00  1.111140e+00  3.000000e+00
      vertex  8.461502e+00  5.873679e-01  3.000000e+00
    endloop
  endfacet
  facet normal  0.000000e+00  0.000000e+00  1.000000e+00
    outer loop
      vertex  8.461502e+00  5.873679e-01  3.000000e+00
      vertex  5.662939e+00  1.111140e+00  3.000000e+00
      vertex  5.847759e+00  7.653669e-01  3.000000e+00
    endloop
  endfacet
  facet normal  0.000000e+00  0.000000e+00  9.999999e-01
    outer loop
      vertex  8.461502e+00  5.873679e-01  3.000000e+00
      vertex  5.847759e+00  7.653669e-01  3.000000e+00
      vertex  8.500000e+00 -1.102182e-15  3.000000e+00
    endloop
  endfacet
  facet normal  0.000000e+00  0.000000e+00  1.000000e+00
    outer loop
      vertex  8.500000e+00 -1.102182e-15  3.000000e+00
      vertex  5.847759e+00  7.653669e-01  3.000000e+00
      vertex  5.961571e+00  3.901806e-01  3.000000e+00
    endloop
  endfacet
  facet normal  0.000000e+00  0.000000e+00  9.999999e-01
    outer loop
      vertex  8.500000e+00 -1.102182e-15  3.000000e+00
      vertex  5.961571e+00  3.901806e-01  3.000000e+00
      vertex  6.000000e+00  0.000000e+00  3.000000e+00
    endloop
  endfacet
  facet normal  0.000000e+00  0.000000e+00  1.000000e+00
    outer loop
      vertex  8.500000e+00 -1.102182e-15  3.000000e+00
      vertex  6.000000e+00  0.000000e+00  3.000000e+00
      vertex  8.461502e+00 -5.873679e-01  3.000000e+00
    endloop
  endfacet
  facet normal  0.000000e+00  0.000000e+00  9.999999e-01
    outer loop
      vertex  8.461502e+00 -5.873679e-01  3.000000e+00
      vertex  6.000000e+00  0.000000e+00  3.000000e+00
      vertex  5.961571e+00 -3.901806e-01  3.000000e+00
    endloop
  endfacet
  facet normal  0.000000e+00  0.000000e+00  9.999999e-01
    outer loop
      vertex  8.461502e+00 -5.873679e-01  3.000000e+00
      vertex  5.961571e+00 -3.901806e-01  3.000000e+00
      vertex  5.847759e+00 -7.653669e-01  3.000000e+00
    endloop
  endfacet
  facet normal  -0.000000e+00  0.000000e+00  9.999999e-01
    outer loop
      vertex  8.461502e+00 -5.873679e-01  3.000000e+00
      vertex  5.847759e+00 -7.653669e-01  3.000000e+00
      vertex  8.346666e+00 -1.164686e+00  3.000000e+00
    endloop
  endfacet
  facet normal  0.000000e+00  0.000000e+00  1.000000e+00
    outer loop
      vertex  8.346666e+00 -1.164686e+00  3.000000e+00
      vertex  5.847759e+00 -7.653669e-01  3.000000e+00
      vertex  5.662939e+00 -1.111140e+00  3.000000e+00
    endloop
  endfacet
  facet normal  0.000000e+00  0.000000e+00  9.999999e-01
    outer loop
      vertex  8.346666e+00 -1.164686e+00  3.000000e+00
      vertex  5.662939e+00 -1.111140e+00  3.000000e+00
      vertex  8.157458e+00 -1.722075e+00  3.000000e+00
    endloop
  endfacet
  facet normal  0.000000e+00  0.000000e+00  1.000000e+00
    outer loop
      vertex  8.157458e+00 -1.722075e+00  3.000000e+00
      vertex  5.662939e+00 -1.111140e+00  3.000000e+00
      vertex  5.414214e+00 -1.414214e+00  3.000000e+00
    endloop
  endfacet
  facet normal  0.000000e+00  0.000000e+00  9.999999e-01
    outer loop
      vertex  8.157458e+00 -1.722075e+00  3.000000e+00
      vertex  5.414214e+00 -1.414214e+00  3.000000e+00
      vertex  5.111140e+00 -1.662939e+00  3.000000e+00
    endloop
  endfacet
  facet normal  0.000000e+00  0.000000e+00  9.999999e-01
    outer loop
      vertex  8.157458e+00 -1.722075e+00  3.000000e+00
      vertex  5.111140e+00 -1.662939e+00  3.000000e+00
      vertex  7.897114e+00 -2.250000e+00  3.000000e+00
    endloop
  endfacet
  facet normal  0.000000e+00  0.000000e+00  9.999999e-01
    outer loop
      vertex  7.897114e+00 -2.250000e+00  3.000000e+00
      vertex  5.111140e+00 -1.662939e+00  3.000000e+00
      vertex  4.765367e+00 -1.847759e+00  3.000000e+00
    endloop
  endfacet
  facet normal  0.000000e+00  0.000000e+00  1.000000e+00
    outer loop
      vertex  7.897114e+00 -2.250000e+00  3.000000e+00
      vertex  4.765367e+00 -1.847759e+00  3.000000e+00
      vertex  4.390181e+00 -1.961571e+00  3.000000e+00
    endloop
  endfacet
  facet normal  8.715669e-02  0.000000e+00 -9.961945e-01
    outer loop
      vertex -9.231262e-01  7.500000e+00  5.278450e+00
      vertex -1.357247e+00  6.000000e+00  5.240469e+00
      vertex -1.357247e+00  7.500000e+00  5.240469e+00
    endloop
  endfacet
  facet normal  2.588188e-01  0.000000e+00 -9.659259e-01
    outer loop
      vertex -1.357247e+00  7.500000e+00  5.240469e+00
      vertex -1.357247e+00  6.000000e+00  5.240469e+00
      vertex -1.778177e+00  6.000000e+00  5.127681e+00
    endloop
  endfacet
  facet normal  2.588188e-01  0.000000e+00 -9.659259e-01
    outer loop
      vertex -1.357247e+00  7.500000e+00  5.240469e+00
      vertex -1.778177e+00  6.000000e+00  5.127681e+00
      vertex -1.778177e+00  7.500000e+00  5.127681e+00
    endloop
  endfacet
  facet normal  4.226179e-01  0.000000e+00 -9.063080e-01
    outer loop
      vertex -1.778177e+00  7.500000e+00  5.127681e+00
      vertex -1.778177e+00  6.000000e+00  5.127681e+00
      vertex -2.173126e+00  6.000000e+00  4.943513e+00
    endloop
  endfacet
  facet normal  4.226179e-01  0.000000e+00 -9.063080e-01
    outer loop
      vertex -1.778177e+00  7.500000e+00  5.127681e+00
      vertex -2.173126e+00  6.000000e+00  4.943513e+00
      vertex -2.173126e+00  7.500000e+00  4.943513e+00
    endloop
  endfacet
  facet normal  5.735762e-01  0.000000e+00 -8.191522e-01
    outer loop
      vertex -2.173126e+00  7.500000e+00  4.943513e+00
      vertex -2.173126e+00  6.000000e+00  4.943513e+00
      vertex -2.530095e+00  6.000000e+00  4.693561e+00
    endloop
  endfacet
  facet normal  5.735762e-01  0.000000e+00 -8.191522e-01
    outer loop
      vertex -2.173126e+00  7.500000e+00  4.943513e+00
      vertex -2.530095e+00  6.000000e+00  4.693561e+00
      vertex -2.530095e+00  7.500000e+00  4.693561e+00
    endloop
  endfacet
  facet normal  7.071071e-01  0.000000e+00 -7.071065e-01
    outer loop
      vertex -2.530095e+00  7.500000e+00  4.693561e+00
      vertex -2.530095e+00  6.000000e+00  4.693561e+00
      vertex -2.838237e+00  6.000000e+00  4.385419e+00
    endloop
  endfacet
  facet normal  7.071071e-01  0.000000e+00 -7.071065e-01
    outer loop
      vertex -2.530095e+00  7.500000e+00  4.693561e+00
      vertex -2.838237e+00  6.000000e+00  4.385419e+00
      vertex -2.838237e+00  7.500000e+00  4.385419e+00
    endloop
  endfacet
  facet normal  8.191518e-01  0.000000e+00 -5.735768e-01
    outer loop
      vertex -2.838237e+00  7.500000e+00  4.385419e+00
      vertex -2.838237e+00  6.000000e+00  4.385419e+00
      vertex -3.088190e+00  6.000000e+00  4.028450e+00
    endloop
  endfacet
  facet normal  8.191518e-01  0.000000e+00 -5.735768e-01
    outer loop
      vertex -2.838237e+00  7.500000e+00  4.385419e+00
      vertex -3.088190e+00  6.000000e+00  4.028450e+00
      vertex -3.088190e+00  7.500000e+00  4.028450e+00
    endloop
  endfacet
  facet normal  9.063081e-01  0.000000e+00 -4.226177e-01
    outer loop
      vertex -3.088190e+00  7.500000e+00  4.028450e+00
      vertex -3.088190e+00  6.000000e+00  4.028450e+00
      vertex -3.272358e+00  6.000000e+00  3.633500e+00
    endloop
  endfacet
  facet normal  9.063081e-01  0.000000e+00 -4.226177e-01
    outer loop
      vertex -3.088190e+00  7.500000e+00  4.028450e+00
      vertex -3.272358e+00  6.000000e+00  3.633500e+00
      vertex -3.272358e+00  7.500000e+00  3.633500e+00
    endloop
  endfacet
  facet normal  9.659258e-01  0.000000e+00 -2.588193e-01
    outer loop
      vertex -3.272358e+00  7.500000e+00  3.633500e+00
      vertex -3.272358e+00  6.000000e+00  3.633500e+00
      vertex -3.385146e+00  6.000000e+00  3.212570e+00
    endloop
  endfacet
  facet normal  9.659258e-01  0.000000e+00 -2.588193e-01
    outer loop
      vertex -3.272358e+00  7.500000e+00  3.633500e+00
      vertex -3.385146e+00  6.000000e+00  3.212570e+00
      vertex -3.385146e+00  7.500000e+00  3.212570e+00
    endloop
  endfacet
  facet normal  9.961947e-01  0.000000e+00 -8.715561e-02
    outer loop
      vertex -3.385146e+00  7.500000e+00  3.212570e+00
      vertex -3.385146e+00  6.000000e+00  3.212570e+00
      vertex -3.423126e+00  6.000000e+00  2.778450e+00
    endloop
  endfacet
  facet normal  9.961947e-01  0.000000e+00 -8.715561e-02
    outer loop
      vertex -3.385146e+00  7.500000e+00  3.212570e+00
      vertex -3.423126e+00  6.000000e+00  2.778450e+00
      vertex -3.423126e+00  7.500000e+00  2.778450e+00
    endloop
  endfacet
  facet normal  8.715669e-02  0.000000e+00 -9.961945e-01
    outer loop
      vertex -1.357247e+00  6.000000e+00  5.240469e+00
      vertex -9.231262e-01  7.500000e+00  5.278450e+00
      vertex -9.231262e-01  6.000000e+00  5.278450e+00
    endloop
  endfacet
  facet normal -8.715668e-02  0.000000e+00 -9.961945e-01
    outer loop
      vertex -9.231262e-01  6.000000e+00  5.278450e+00
      vertex -9.231262e-01  7.500000e+00  5.278450e+00
      vertex -4.890058e-01  7.500000e+00  5.240469e+00
    endloop
  endfacet
  facet normal -8.715668e-02  -0.000000e+00 -9.961945e-01
    outer loop
      vertex -9.231262e-01  6.000000e+00  5.278450e+00
      vertex -4.890058e-01  7.500000e+00  5.240469e+00
      vertex -4.890058e-01  6.000000e+00  5.240469e+00
    endloop
  endfacet
  facet normal -2.588188e-01  0.000000e+00 -9.659259e-01
    outer loop
      vertex -4.890058e-01  6.000000e+00  5.240469e+00
      vertex -4.890058e-01  7.500000e+00  5.240469e+00
      vertex -6.807587e-02  7.500000e+00  5.127681e+00
    endloop
  endfacet
  facet normal -2.588188e-01  -0.000000e+00 -9.659259e-01
    outer loop
      vertex -4.890058e-01  6.000000e+00  5.240469e+00
      vertex -6.807587e-02  7.500000e+00  5.127681e+00
      vertex -6.807587e-02  6.000000e+00  5.127681e+00
    endloop
  endfacet
  facet normal -4.226179e-01  0.000000e+00 -9.063080e-01
    outer loop
      vertex -6.807587e-02  6.000000e+00  5.127681e+00
      vertex -6.807587e-02  7.500000e+00  5.127681e+00
      vertex  3.268738e-01  7.500000e+00  4.943513e+00
    endloop
  endfacet
  facet normal -4.226179e-01  -0.000000e+00 -9.063080e-01
    outer loop
      vertex -6.807587e-02  6.000000e+00  5.127681e+00
      vertex  3.268738e-01  7.500000e+00  4.943513e+00
      vertex  3.268738e-01  6.000000e+00  4.943513e+00
    endloop
  endfacet
  facet normal -5.735764e-01  0.000000e+00 -8.191522e-01
    outer loop
      vertex  3.268738e-01  6.000000e+00  4.943513e+00
      vertex  3.268738e-01  7.500000e+00  4.943513e+00
      vertex  6.838428e-01  7.500000e+00  4.693561e+00
    endloop
  endfacet
  facet normal -5.735764e-01  -0.000000e+00 -8.191522e-01
    outer loop
      vertex  3.268738e-01  6.000000e+00  4.943513e+00
      vertex  6.838428e-01  7.500000e+00  4.693561e+00
      vertex  6.838428e-01  6.000000e+00  4.693561e+00
    endloop
  endfacet
  facet normal -7.071068e-01  0.000000e+00 -7.071067e-01
    outer loop
      vertex  6.838428e-01  6.000000e+00  4.693561e+00
      vertex  6.838428e-01  7.500000e+00  4.693561e+00
      vertex  9.919849e-01  7.500000e+00  4.385419e+00
    endloop
  endfacet
  facet normal -7.071068e-01  -0.000000e+00 -7.071067e-01
    outer loop
      vertex  6.838428e-01  6.000000e+00  4.693561e+00
      vertex  9.919849e-01  7.500000e+00  4.385419e+00
      vertex  9.919849e-01  6.000000e+00  4.385419e+00
    endloop
  endfacet
  facet normal -8.191519e-01  0.000000e+00 -5.735766e-01
    outer loop
      vertex  9.919849e-01  6.000000e+00  4.385419e+00
      vertex  9.919849e-01  7.500000e+00  4.385419e+00
      vertex  1.241937e+00  7.500000e+00  4.028450e+00
    endloop
  endfacet
  facet normal -8.191519e-01  -0.000000e+00 -5.735766e-01
    outer loop
      vertex  9.919849e-01  6.000000e+00  4.385419e+00
      vertex  1.241937e+00  7.500000e+00  4.028450e+00
      vertex  1.241937e+00  6.000000e+00  4.028450e+00
    endloop
  endfacet
  facet normal -9.063078e-01  0.000000e+00 -4.226181e-01
    outer loop
      vertex  1.241937e+00  6.000000e+00  4.028450e+00
      vertex  1.241937e+00  7.500000e+00  4.028450e+00
      vertex  1.426105e+00  7.500000e+00  3.633500e+00
    endloop
  endfacet
  facet normal -9.063078e-01  -0.000000e+00 -4.226181e-01
    outer loop
      vertex  1.241937e+00  6.000000e+00  4.028450e+00
      vertex  1.426105e+00  7.500000e+00  3.633500e+00
      vertex  1.426105e+00  6.000000e+00  3.633500e+00
    endloop
  endfacet
  facet normal -9.659259e-01  0.000000e+00 -2.588188e-01
    outer loop
      vertex  1.426105e+00  6.000000e+00  3.633500e+00
      vertex  1.426105e+00  7.500000e+00  3.633500e+00
      vertex  1.538893e+00  7.500000e+00  3.212570e+00
    endloop
  endfacet
  facet normal -9.659259e-01  -0.000000e+00 -2.588188e-01
    outer loop
      vertex  1.426105e+00  6.000000e+00  3.633500e+00
      vertex  1.538893e+00  7.500000e+00  3.212570e+00
      vertex  1.538893e+00  6.000000e+00  3.212570e+00
    endloop
  endfacet
  facet normal -9.961947e-01  0.000000e+00 -8.715589e-02
    outer loop
      vertex  1.538893e+00  6.000000e+00  3.212570e+00
      vertex  1.538893e+00  7.500000e+00  3.212570e+00
      vertex  1.576874e+00  7.500000e+00  2.778450e+00
    endloop
  endfacet
  facet normal -9.961947e-01  -0.000000e+00 -8.715589e-02
    outer loop
      vertex  1.538893e+00  6.000000e+00  3.212570e+00
      vertex  1.576874e+00  7.500000e+00  2.778450e+00
      vertex  1.576874e+00  6.000000e+00  2.778450e+00
    endloop
  endfacet
  facet normal -8.715573e-02  0.000000e+00  9.961947e-01
    outer loop
      vertex -9.231262e-01  7.500000e+00  2.784498e-01
      vertex -4.890058e-01  6.000000e+00  3.164304e-01
      vertex -4.890058e-01  7.500000e+00  3.164304e-01
    endloop
  endfacet
  facet normal -2.588191e-01  0.000000e+00  9.659259e-01
    outer loop
      vertex -4.890058e-01  7.500000e+00  3.164304e-01
      vertex -4.890058e-01  6.000000e+00  3.164304e-01
      vertex -6.807587e-02  6.000000e+00  4.292182e-01
    endloop
  endfacet
  facet normal -2.588191e-01  0.000000e+00  9.659259e-01
    outer loop
      vertex -4.890058e-01  7.500000e+00  3.164304e-01
      vertex -6.807587e-02  6.000000e+00  4.292182e-01
      vertex -6.807587e-02  7.500000e+00  4.292182e-01
    endloop
  endfacet
  facet normal -4.226183e-01  0.000000e+00  9.063078e-01
    outer loop
      vertex -6.807587e-02  7.500000e+00  4.292182e-01
      vertex -6.807587e-02  6.000000e+00  4.292182e-01
      vertex  3.268738e-01  6.000000e+00  6.133863e-01
    endloop
  endfacet
  facet normal -4.226183e-01  0.000000e+00  9.063078e-01
    outer loop
      vertex -6.807587e-02  7.500000e+00  4.292182e-01
      vertex  3.268738e-01  6.000000e+00  6.133863e-01
      vertex  3.268738e-01  7.500000e+00  6.133863e-01
    endloop
  endfacet
  facet normal -5.735765e-01  0.000000e+00  8.191521e-01
    outer loop
      vertex  3.268738e-01  7.500000e+00  6.133863e-01
      vertex  3.268738e-01  6.000000e+00  6.133863e-01
      vertex  6.838428e-01  6.000000e+00  8.633386e-01
    endloop
  endfacet
  facet normal -5.735765e-01  0.000000e+00  8.191521e-01
    outer loop
      vertex  3.268738e-01  7.500000e+00  6.133863e-01
      vertex  6.838428e-01  6.000000e+00  8.633386e-01
      vertex  6.838428e-01  7.500000e+00  8.633386e-01
    endloop
  endfacet
  facet normal -7.071068e-01  0.000000e+00  7.071068e-01
    outer loop
      vertex  6.838428e-01  7.500000e+00  8.633386e-01
      vertex  6.838428e-01  6.000000e+00  8.633386e-01
      vertex  9.919849e-01  6.000000e+00  1.171481e+00
    endloop
  endfacet
  facet normal -7.071068e-01  0.000000e+00  7.071068e-01
    outer loop
      vertex  6.838428e-01  7.500000e+00  8.633386e-01
      vertex  9.919849e-01  6.000000e+00  1.171481e+00
      vertex  9.919849e-01  7.500000e+00  1.171481e+00
    endloop
  endfacet
  facet normal -8.191521e-01  0.000000e+00  5.735765e-01
    outer loop
      vertex  9.919849e-01  7.500000e+00  1.171481e+00
      vertex  9.919849e-01  6.000000e+00  1.171481e+00
      vertex  1.241937e+00  6.000000e+00  1.528450e+00
    endloop
  endfacet
  facet normal -8.191521e-01  0.000000e+00  5.735765e-01
    outer loop
      vertex  9.919849e-01  7.500000e+00  1.171481e+00
      vertex  1.241937e+00  6.000000e+00  1.528450e+00
      vertex  1.241937e+00  7.500000e+00  1.528450e+00
    endloop
  endfacet
  facet normal -9.063077e-01  0.000000e+00  4.226183e-01
    outer loop
      vertex  1.241937e+00  7.500000e+00  1.528450e+00
      vertex  1.241937e+00  6.000000e+00  1.528450e+00
      vertex  1.426105e+00  6.000000e+00  1.923399e+00
    endloop
  endfacet
  facet normal -9.063077e-01  0.000000e+00  4.226183e-01
    outer loop
      vertex  1.241937e+00  7.500000e+00  1.528450e+00
      vertex  1.426105e+00  6.000000e+00  1.923399e+00
      vertex  1.426105e+00  7.500000e+00  1.923399e+00
    endloop
  endfacet
  facet normal -9.659259e-01  0.000000e+00  2.588188e-01
    outer loop
      vertex  1.426105e+00  7.500000e+00  1.923399e+00
      vertex  1.426105e+00  6.000000e+00  1.923399e+00
      vertex  1.538893e+00  6.000000e+00  2.344329e+00
    endloop
  endfacet
  facet normal -9.659259e-01  0.000000e+00  2.588188e-01
    outer loop
      vertex  1.426105e+00  7.500000e+00  1.923399e+00
      vertex  1.538893e+00  6.000000e+00  2.344329e+00
      vertex  1.538893e+00  7.500000e+00  2.344329e+00
    endloop
  endfacet
  facet normal -9.961947e-01  0.000000e+00  8.715589e-02
    outer loop
      vertex  1.538893e+00  7.500000e+00  2.344329e+00
      vertex  1.538893e+00  6.000000e+00  2.344329e+00
      vertex  1.576874e+00  6.000000e+00  2.778450e+00
    endloop
  endfacet
  facet normal -9.961947e-01  0.000000e+00  8.715589e-02
    outer loop
      vertex  1.538893e+00  7.500000e+00  2.344329e+00
      vertex  1.576874e+00  6.000000e+00  2.778450e+00
      vertex  1.576874e+00  7.500000e+00  2.778450e+00
    endloop
  endfacet
  facet normal -8.715573e-02  0.000000e+00  9.961947e-01
    outer loop
      vertex -4.890058e-01  6.000000e+00  3.164304e-01
      vertex -9.231262e-01  7.500000e+00  2.784498e-01
      vertex -9.231262e-01  6.000000e+00  2.784498e-01
    endloop
  endfacet
  facet normal  8.715574e-02  -0.000000e+00  9.961947e-01
    outer loop
      vertex -9.231262e-01  6.000000e+00  2.784498e-01
      vertex -9.231262e-01  7.500000e+00  2.784498e-01
      vertex -1.357247e+00  7.500000e+00  3.164304e-01
    endloop
  endfacet
  facet normal  8.715574e-02  0.000000e+00  9.961947e-01
    outer loop
      vertex -9.231262e-01  6.000000e+00  2.784498e-01
      vertex -1.357247e+00  7.500000e+00  3.164304e-01
      vertex -1.357247e+00  6.000000e+00  3.164304e-01
    endloop
  endfacet
  facet normal  2.588191e-01  -0.000000e+00  9.659259e-01
    outer loop
      vertex -1.357247e+00  6.000000e+00  3.164304e-01
      vertex -1.357247e+00  7.500000e+00  3.164304e-01
      vertex -1.778177e+00  7.500000e+00  4.292182e-01
    endloop
  endfacet
  facet normal  2.588191e-01  0.000000e+00  9.659259e-01
    outer loop
      vertex -1.357247e+00  6.000000e+00  3.164304e-01
      vertex -1.778177e+00  7.500000e+00  4.292182e-01
      vertex -1.778177e+00  6.000000e+00  4.292182e-01
    endloop
  endfacet
  facet normal  4.226182e-01  -0.000000e+00  9.063078e-01
    outer loop
      vertex -1.778177e+00  6.000000e+00  4.292182e-01
      vertex -1.778177e+00  7.500000e+00  4.292182e-01
      vertex -2.173126e+00  7.500000e+00  6.133863e-01
    endloop
  endfacet
  facet normal  4.226182e-01  0.000000e+00  9.063078e-01
    outer loop
      vertex -1.778177e+00  6.000000e+00  4.292182e-01
      vertex -2.173126e+00  7.500000e+00  6.133863e-01
      vertex -2.173126e+00  6.000000e+00  6.133863e-01
    endloop
  endfacet
  facet normal  5.735763e-01  -0.000000e+00  8.191521e-01
    outer loop
      vertex -2.173126e+00  6.000000e+00  6.133863e-01
      vertex -2.173126e+00  7.500000e+00  6.133863e-01
      vertex -2.530095e+00  7.500000e+00  8.633386e-01
    endloop
  endfacet
  facet normal  5.735763e-01  0.000000e+00  8.191521e-01
    outer loop
      vertex -2.173126e+00  6.000000e+00  6.133863e-01
      vertex -2.530095e+00  7.500000e+00  8.633386e-01
      vertex -2.530095e+00  6.000000e+00  8.633386e-01
    endloop
  endfacet
  facet normal  7.071071e-01  -0.000000e+00  7.071066e-01
    outer loop
      vertex -2.530095e+00  6.000000e+00  8.633386e-01
      vertex -2.530095e+00  7.500000e+00  8.633386e-01
      vertex -2.838237e+00  7.500000e+00  1.171481e+00
    endloop
  endfacet
  facet normal  7.071071e-01  0.000000e+00  7.071066e-01
    outer loop
      vertex -2.530095e+00  6.000000e+00  8.633386e-01
      vertex -2.838237e+00  7.500000e+00  1.171481e+00
      vertex -2.838237e+00  6.000000e+00  1.171481e+00
    endloop
  endfacet
  facet normal  8.191519e-01  -0.000000e+00  5.735767e-01
    outer loop
      vertex -2.838237e+00  6.000000e+00  1.171481e+00
      vertex -2.838237e+00  7.500000e+00  1.171481e+00
      vertex -3.088190e+00  7.500000e+00  1.528450e+00
    endloop
  endfacet
  facet normal  8.191519e-01  0.000000e+00  5.735767e-01
    outer loop
      vertex -2.838237e+00  6.000000e+00  1.171481e+00
      vertex -3.088190e+00  7.500000e+00  1.528450e+00
      vertex -3.088190e+00  6.000000e+00  1.528450e+00
    endloop
  endfacet
  facet normal  9.063080e-01  -0.000000e+00  4.226179e-01
    outer loop
      vertex -3.088190e+00  6.000000e+00  1.528450e+00
      vertex -3.088190e+00  7.500000e+00  1.528450e+00
      vertex -3.272358e+00  7.500000e+00  1.923399e+00
    endloop
  endfacet
  facet normal  9.063080e-01  0.000000e+00  4.226179e-01
    outer loop
      vertex -3.088190e+00  6.000000e+00  1.528450e+00
      vertex -3.272358e+00  7.500000e+00  1.923399e+00
      vertex -3.272358e+00  6.000000e+00  1.923399e+00
    endloop
  endfacet
  facet normal  9.659258e-01  -0.000000e+00  2.588193e-01
    outer loop
      vertex -3.272358e+00  6.000000e+00  1.923399e+00
      vertex -3.272358e+00  7.500000e+00  1.923399e+00
      vertex -3.385146e+00  7.500000e+00  2.344329e+00
    endloop
  endfacet
  facet normal  9.659258e-01  0.000000e+00  2.588193e-01
    outer loop
      vertex -3.272358e+00  6.000000e+00  1.923399e+00
      vertex -3.385146e+00  7.500000e+00  2.344329e+00
      vertex -3.385146e+00  6.000000e+00  2.344329e+00
    endloop
  endfacet
  facet normal  9.961947e-01  -0.000000e+00  8.715561e-02
    outer loop
      vertex -3.385146e+00  6.000000e+00  2.344329e+00
      vertex -3.385146e+00  7.500000e+00  2.344329e+00
      vertex -3.423126e+00  7.500000e+00  2.778450e+00
    endloop
  endfacet
  facet normal  9.961947e-01  0.000000e+00  8.715561e-02
    outer loop
      vertex -3.385146e+00  6.000000e+00  2.344329e+00
      vertex -3.423126e+00  7.500000e+00  2.778450e+00
      vertex -3.423126e+00  6.000000e+00  2.778450e+00
    endloop
  endfacet
  facet normal  0.000000e+00  9.999999e-01  0.000000e+00
    outer loop
      vertex  5.768738e-01  4.500000e+00  2.778450e+00
      vertex  5.480517e-01  4.500000e+00  2.485814e+00
      vertex  5.604221e-01  4.500000e+00  3.000000e+00
    endloop
  endfacet
  facet normal  0.000000e+00  1.000000e+00  0.000000e+00
    outer loop
      vertex -2.406674e+00  4.500000e+00  3.000000e+00
      vertex  5.604221e-01  4.500000e+00  3.000000e+00
      vertex  5.480517e-01  4.500000e+00  2.485814e+00
    endloop
  endfacet
  facet normal  0.000000e+00  1.000000e+00  0.000000e+00
    outer loop
      vertex -2.406674e+00  4.500000e+00  3.000000e+00
      vertex  5.480517e-01  4.500000e+00  2.485814e+00
      vertex  4.626931e-01  4.500000e+00  2.204425e+00
    endloop
  endfacet
  facet normal  0.000000e+00  1.000000e+00  0.000000e+00
    outer loop
      vertex -2.406674e+00  4.500000e+00  3.000000e+00
      vertex  4.626931e-01  4.500000e+00  2.204425e+00
      vertex  3.240782e-01  4.500000e+00  1.945094e+00
    endloop
  endfacet
  facet normal  0.000000e+00  1.000000e+00  0.000000e+00
    outer loop
      vertex -2.406674e+00  4.500000e+00  3.000000e+00
      vertex  3.240782e-01  4.500000e+00  1.945094e+00
      vertex  1.375339e-01  4.500000e+00  1.717790e+00
    endloop
  endfacet
  facet normal  0.000000e+00  1.000000e+00  0.000000e+00
    outer loop
      vertex -2.406674e+00  4.500000e+00  3.000000e+00
      vertex  1.375339e-01  4.500000e+00  1.717790e+00
      vertex -8.977087e-02  4.500000e+00  1.531245e+00
    endloop
  endfacet
  facet normal  0.000000e+00  1.000000e+00  0.000000e+00
    outer loop
      vertex -2.406674e+00  4.500000e+00  3.000000e+00
      vertex -8.977087e-02  4.500000e+00  1.531245e+00
      vertex -3.491011e-01  4.500000e+00  1.392630e+00
    endloop
  endfacet
  facet normal  0.000000e+00  1.000000e+00  0.000000e+00
    outer loop
      vertex -2.406674e+00  4.500000e+00  3.000000e+00
      vertex -3.491011e-01  4.500000e+00  1.392630e+00
      vertex -6.304907e-01  4.500000e+00  1.307272e+00
    endloop
  endfacet
  facet normal  0.000000e+00  1.000000e+00  0.000000e+00
    outer loop
      vertex -2.406674e+00  4.500000e+00  3.000000e+00
      vertex -6.304907e-01  4.500000e+00  1.307272e+00
      vertex -9.231262e-01  4.500000e+00  1.278450e+00
    endloop
  endfacet
  facet normal  0.000000e+00  9.999999e-01  0.000000e+00
    outer loop
      vertex -2.406674e+00  4.500000e+00  3.000000e+00
      vertex -9.231262e-01  4.500000e+00  1.278450e+00
      vertex -1.215762e+00  4.500000e+00  1.307272e+00
    endloop
  endfacet
  facet normal  0.000000e+00  1.000000e+00  0.000000e+00
    outer loop
      vertex -2.406674e+00  4.500000e+00  3.000000e+00
      vertex -1.215762e+00  4.500000e+00  1.307272e+00
      vertex -1.497151e+00  4.500000e+00  1.392630e+00
    endloop
  endfacet
  facet normal  0.000000e+00  1.000000e+00  0.000000e+00
    outer loop
      vertex -2.406674e+00  4.500000e+00  3.000000e+00
      vertex -1.497151e+00  4.500000e+00  1.392630e+00
      vertex -1.756482e+00  4.500000e+00  1.531245e+00
    endloop
  endfacet
  facet normal  0.000000e+00  9.999999e-01  0.000000e+00
    outer loop
      vertex -2.406674e+00  4.500000e+00  3.000000e+00
      vertex -1.756482e+00  4.500000e+00  1.531245e+00
      vertex -1.983786e+00  4.500000e+00  1.717790e+00
    endloop
  endfacet
  facet normal  0.000000e+00  1.000000e+00  0.000000e+00
    outer loop
      vertex -2.406674e+00  4.500000e+00  3.000000e+00
      vertex -1.983786e+00  4.500000e+00  1.717790e+00
      vertex -2.170331e+00  4.500000e+00  1.945094e+00
    endloop
  endfacet
  facet normal  0.000000e+00  1.000000e+00  0.000000e+00
    outer loop
      vertex -2.406674e+00  4.500000e+00  3.000000e+00
      vertex -2.170331e+00  4.500000e+00  1.945094e+00
      vertex -2.308945e+00  4.500000e+00  2.204425e+00
    endloop
  endfacet
  facet normal  0.000000e+00  1.000000e+00  0.000000e+00
    outer loop
      vertex -2.406674e+00  4.500000e+00  3.000000e+00
      vertex -2.308945e+00  4.500000e+00  2.204425e+00
      vertex -2.394304e+00  4.500000e+00  2.485814e+00
    endloop
  endfacet
  facet normal  0.000000e+00  1.000000e+00  0.000000e+00
    outer loop
      vertex -2.406674e+00  4.500000e+00  3.000000e+00
      vertex -2.394304e+00  4.500000e+00  2.485814e+00
      vertex -2.423126e+00  4.500000e+00  2.778450e+00
    endloop
  endfacet
  facet normal  9.569331e-01 -3.873965e-03 -2.902824e-01
    outer loop
      vertex -2.308945e+00  6.000000e+00  3.352475e+00
      vertex -2.338297e+00  4.500000e+00  3.275733e+00
      vertex -2.394304e+00  6.000000e+00  3.071085e+00
    endloop
  endfacet
  facet normal  9.078082e-01  3.691569e-03 -4.193691e-01
    outer loop
      vertex -2.219160e+00  4.500000e+00  3.533629e+00
      vertex -2.338297e+00  4.500000e+00  3.275733e+00
      vertex -2.308945e+00  6.000000e+00  3.352475e+00
    endloop
  endfacet
  facet normal  8.819137e-01 -4.141227e-03 -4.713926e-01
    outer loop
      vertex -2.170331e+00  6.000000e+00  3.611805e+00
      vertex -2.219160e+00  4.500000e+00  3.533629e+00
      vertex -2.308945e+00  6.000000e+00  3.352475e+00
    endloop
  endfacet
  facet normal  8.124597e-01  3.936647e-03 -5.830040e-01
    outer loop
      vertex -2.053537e+00  4.500000e+00  3.764438e+00
      vertex -2.219160e+00  4.500000e+00  3.533629e+00
      vertex -2.170331e+00  6.000000e+00  3.611805e+00
    endloop
  endfacet
  facet normal  7.730031e-01 -4.364062e-03 -6.343874e-01
    outer loop
      vertex -1.983786e+00  6.000000e+00  3.839110e+00
      vertex -2.053537e+00  4.500000e+00  3.764438e+00
      vertex -2.170331e+00  6.000000e+00  3.611805e+00
    endloop
  endfacet
  facet normal  6.879694e-01  4.137091e-03 -7.257279e-01
    outer loop
      vertex -1.847367e+00  4.500000e+00  3.959881e+00
      vertex -2.053537e+00  4.500000e+00  3.764438e+00
      vertex -1.983786e+00  6.000000e+00  3.839110e+00
    endloop
  endfacet
  facet normal  6.343871e-01 -4.542266e-03 -7.730021e-01
    outer loop
      vertex -1.756482e+00  6.000000e+00  4.025654e+00
      vertex -1.847367e+00  4.500000e+00  3.959881e+00
      vertex -1.983786e+00  6.000000e+00  3.839110e+00
    endloop
  endfacet
  facet normal  5.388033e-01  4.293098e-03 -8.424206e-01
    outer loop
      vertex -1.608046e+00  4.500000e+00  4.112948e+00
      vertex -1.847367e+00  4.500000e+00  3.959881e+00
      vertex -1.756482e+00  6.000000e+00  4.025654e+00
    endloop
  endfacet
  facet normal  4.713911e-01 -4.676051e-03 -8.819119e-01
    outer loop
      vertex -1.497151e+00  6.000000e+00  4.164269e+00
      vertex -1.608046e+00  4.500000e+00  4.112948e+00
      vertex -1.756482e+00  6.000000e+00  4.025654e+00
    endloop
  endfacet
  facet normal  3.703100e-01  4.404419e-03 -9.288977e-01
    outer loop
      vertex -1.344158e+00  4.500000e+00  4.218148e+00
      vertex -1.608046e+00  4.500000e+00  4.112948e+00
      vertex -1.497151e+00  6.000000e+00  4.164269e+00
    endloop
  endfacet
  facet normal  2.902813e-01 -4.765033e-03 -9.569295e-01
    outer loop
      vertex -1.215762e+00  6.000000e+00  4.249628e+00
      vertex -1.344158e+00  4.500000e+00  4.218148e+00
      vertex -1.497151e+00  6.000000e+00  4.164269e+00
    endloop
  endfacet
  facet normal  1.885379e-01  4.471269e-03 -9.820558e-01
    outer loop
      vertex -1.065168e+00  4.500000e+00  4.271709e+00
      vertex -1.344158e+00  4.500000e+00  4.218148e+00
      vertex -1.215762e+00  6.000000e+00  4.249628e+00
    endloop
  endfacet
  facet normal  9.801718e-02 -4.809699e-03 -9.951732e-01
    outer loop
      vertex -9.231262e-01  6.000000e+00  4.278450e+00
      vertex -1.065168e+00  4.500000e+00  4.271709e+00
      vertex -1.215762e+00  6.000000e+00  4.249628e+00
    endloop
  endfacet
  facet normal  0.000000e+00  4.493668e-03 -9.999899e-01
    outer loop
      vertex -9.231262e-01  6.000000e+00  4.278450e+00
      vertex -7.810840e-01  4.500000e+00  4.271709e+00
      vertex -1.065168e+00  4.500000e+00  4.271709e+00
    endloop
  endfacet
  facet normal -9.801716e-02 -4.809694e-03 -9.951732e-01
    outer loop
      vertex -7.810840e-01  4.500000e+00  4.271709e+00
      vertex -9.231262e-01  6.000000e+00  4.278450e+00
      vertex -6.304907e-01  6.000000e+00  4.249628e+00
    endloop
  endfacet
  facet normal -1.885378e-01  4.471275e-03 -9.820558e-01
    outer loop
      vertex -6.304907e-01  6.000000e+00  4.249628e+00
      vertex -5.020943e-01  4.500000e+00  4.218148e+00
      vertex -7.810840e-01  4.500000e+00  4.271709e+00
    endloop
  endfacet
  facet normal -2.902814e-01 -4.765039e-03 -9.569295e-01
    outer loop
      vertex -5.020943e-01  4.500000e+00  4.218148e+00
      vertex -6.304907e-01  6.000000e+00  4.249628e+00
      vertex -3.491011e-01  6.000000e+00  4.164269e+00
    endloop
  endfacet
  facet normal -3.703100e-01  4.404406e-03 -9.288977e-01
    outer loop
      vertex -3.491011e-01  6.000000e+00  4.164269e+00
      vertex -2.382065e-01  4.500000e+00  4.112948e+00
      vertex -5.020943e-01  4.500000e+00  4.218148e+00
    endloop
  endfacet
  facet normal -4.713910e-01 -4.676059e-03 -8.819119e-01
    outer loop
      vertex -2.382065e-01  4.500000e+00  4.112948e+00
      vertex -3.491011e-01  6.000000e+00  4.164269e+00
      vertex -8.977087e-02  6.000000e+00  4.025654e+00
    endloop
  endfacet
  facet normal -5.388033e-01  4.293098e-03 -8.424206e-01
    outer loop
      vertex -8.977087e-02  6.000000e+00  4.025654e+00
      vertex  1.114414e-03  4.500000e+00  3.959881e+00
      vertex -2.382065e-01  4.500000e+00  4.112948e+00
    endloop
  endfacet
  facet normal -6.343871e-01 -4.542269e-03 -7.730021e-01
    outer loop
      vertex  1.114414e-03  4.500000e+00  3.959881e+00
      vertex -8.977087e-02  6.000000e+00  4.025654e+00
      vertex  1.375339e-01  6.000000e+00  3.839110e+00
    endloop
  endfacet
  facet normal -6.879694e-01  4.137098e-03 -7.257278e-01
    outer loop
      vertex  1.375339e-01  6.000000e+00  3.839110e+00
      vertex  2.072842e-01  4.500000e+00  3.764438e+00
      vertex  1.114414e-03  4.500000e+00  3.959881e+00
    endloop
  endfacet
  facet normal -7.730029e-01 -4.364029e-03 -6.343875e-01
    outer loop
      vertex  2.072842e-01  4.500000e+00  3.764438e+00
      vertex  1.375339e-01  6.000000e+00  3.839110e+00
      vertex  3.240782e-01  6.000000e+00  3.611805e+00
    endloop
  endfacet
  facet normal -8.124596e-01  3.936677e-03 -5.830042e-01
    outer loop
      vertex  3.240782e-01  6.000000e+00  3.611805e+00
      vertex  3.729080e-01  4.500000e+00  3.533629e+00
      vertex  2.072842e-01  4.500000e+00  3.764438e+00
    endloop
  endfacet
  facet normal -8.819137e-01 -4.141215e-03 -4.713925e-01
    outer loop
      vertex  3.729080e-01  4.500000e+00  3.533629e+00
      vertex  3.240782e-01  6.000000e+00  3.611805e+00
      vertex  4.626931e-01  6.000000e+00  3.352475e+00
    endloop
  endfacet
  facet normal -9.078082e-01  3.691569e-03 -4.193691e-01
    outer loop
      vertex  4.626931e-01  6.000000e+00  3.352475e+00
      vertex  4.920450e-01  4.500000e+00  3.275733e+00
      vertex  3.729080e-01  4.500000e+00  3.533629e+00
    endloop
  endfacet
  facet normal -9.569331e-01 -3.873960e-03 -2.902825e-01
    outer loop
      vertex  4.920450e-01  4.500000e+00  3.275733e+00
      vertex  4.626931e-01  6.000000e+00  3.352475e+00
      vertex  5.480517e-01  6.000000e+00  3.071085e+00
    endloop
  endfacet
  facet normal  9.705957e-01  3.401985e-03 -2.406912e-01
    outer loop
      vertex -2.338297e+00  4.500000e+00  3.275733e+00
      vertex -2.406674e+00  4.500000e+00  3.000000e+00
      vertex -2.394304e+00  6.000000e+00  3.071085e+00
    endloop
  endfacet
  facet normal  9.972432e-01 -4.714776e-03 -7.405310e-02
    outer loop
      vertex -2.394304e+00  6.000000e+00  3.071085e+00
      vertex -2.406674e+00  4.500000e+00  3.000000e+00
      vertex -2.423126e+00  4.500000e+00  2.778450e+00
    endloop
  endfacet
  facet normal  9.951847e-01  0.000000e+00 -9.801750e-02
    outer loop
      vertex -2.394304e+00  6.000000e+00  3.071085e+00
      vertex -2.423126e+00  4.500000e+00  2.778450e+00
      vertex -2.423126e+00  6.000000e+00  2.778450e+00
    endloop
  endfacet
  facet normal -9.705957e-01  3.401990e-03 -2.406913e-01
    outer loop
      vertex  4.920450e-01  4.500000e+00  3.275733e+00
      vertex  5.480517e-01  6.000000e+00  3.071085e+00
      vertex  5.604221e-01  4.500000e+00  3.000000e+00
    endloop
  endfacet
  facet normal -9.951784e-01 -3.562120e-03 -9.801648e-02
    outer loop
      vertex  5.604221e-01  4.500000e+00  3.000000e+00
      vertex  5.480517e-01  6.000000e+00  3.071085e+00
      vertex  5.768738e-01  6.000000e+00  2.778450e+00
    endloop
  endfacet
  facet normal -9.972543e-01  -0.000000e+00 -7.405338e-02
    outer loop
      vertex  5.604221e-01  4.500000e+00  3.000000e+00
      vertex  5.768738e-01  6.000000e+00  2.778450e+00
      vertex  5.768738e-01  4.500000e+00  2.778450e+00
    endloop
  endfacet
  facet normal  0.000000e+00  1.000000e+00  0.000000e+00
    outer loop
      vertex -1.215762e+00  6.000000e+00  1.307272e+00
      vertex -9.231262e-01  6.000000e+00  1.278450e+00
      vertex -2.838237e+00  6.000000e+00  1.171481e+00
    endloop
  endfacet
  facet normal  0.000000e+00  1.000000e+00  0.000000e+00
    outer loop
      vertex -9.231262e-01  6.000000e+00  1.278450e+00
      vertex -6.304907e-01  6.000000e+00  1.307272e+00
      vertex  9.919849e-01  6.000000e+00  1.171481e+00
    endloop
  endfacet
  facet normal  0.000000e+00  1.000000e+00  -0.000000e+00
    outer loop
      vertex -9.231262e-01  6.000000e+00  4.278450e+00
      vertex -1.215762e+00  6.000000e+00  4.249628e+00
      vertex -2.838237e+00  6.000000e+00  4.385419e+00
    endloop
  endfacet
  facet normal  -0.000000e+00  1.000000e+00  0.000000e+00
    outer loop
      vertex -9.231262e-01  6.000000e+00  4.278450e+00
      vertex -2.838237e+00  6.000000e+00  4.385419e+00
      vertex -2.530095e+00  6.000000e+00  4.693561e+00
    endloop
  endfacet
  facet normal  -0.000000e+00  1.000000e+00  0.000000e+00
    outer loop
      vertex -9.231262e-01  6.000000e+00  4.278450e+00
      vertex -2.530095e+00  6.000000e+00  4.693561e+00
      vertex -2.173126e+00  6.000000e+00  4.943513e+00
    endloop
  endfacet
  facet normal  -0.000000e+00  1.000000e+00  0.000000e+00
    outer loop
      vertex -9.231262e-01  6.000000e+00  4.278450e+00
      vertex -2.173126e+00  6.000000e+00  4.943513e+00
      vertex -1.778177e+00  6.000000e+00  5.127681e+00
    endloop
  endfacet
  facet normal  -0.000000e+00  9.999999e-01  0.000000e+00
    outer loop
      vertex -9.231262e-01  6.000000e+00  4.278450e+00
      vertex -1.778177e+00  6.000000e+00  5.127681e+00
      vertex -1.357247e+00  6.000000e+00  5.240469e+00
    endloop
  endfacet
  facet normal  -0.000000e+00  1.000000e+00  0.000000e+00
    outer loop
      vertex -9.231262e-01  6.000000e+00  4.278450e+00
      vertex -1.357247e+00  6.000000e+00  5.240469e+00
      vertex -9.231262e-01  6.000000e+00  5.278450e+00
    endloop
  endfacet
  facet normal  0.000000e+00  1.000000e+00  0.000000e+00
    outer loop
      vertex -9.231262e-01  6.000000e+00  4.278450e+00
      vertex -9.231262e-01  6.000000e+00  5.278450e+00
      vertex -4.890058e-01  6.000000e+00  5.240469e+00
    endloop
  endfacet
  facet normal  0.000000e+00  9.999999e-01  0.000000e+00
    outer loop
      vertex -9.231262e-01  6.000000e+00  4.278450e+00
      vertex -4.890058e-01  6.000000e+00  5.240469e+00
      vertex -6.807587e-02  6.000000e+00  5.127681e+00
    endloop
  endfacet
  facet normal  0.000000e+00  1.000000e+00  0.000000e+00
    outer loop
      vertex -9.231262e-01  6.000000e+00  4.278450e+00
      vertex -6.807587e-02  6.000000e+00  5.127681e+00
      vertex  3.268738e-01  6.000000e+00  4.943513e+00
    endloop
  endfacet
  facet normal  0.000000e+00  1.000000e+00  0.000000e+00
    outer loop
      vertex -9.231262e-01  6.000000e+00  4.278450e+00
      vertex  3.268738e-01  6.000000e+00  4.943513e+00
      vertex  6.838428e-01  6.000000e+00  4.693561e+00
    endloop
  endfacet
  facet normal  0.000000e+00  1.000000e+00  0.000000e+00
    outer loop
      vertex -9.231262e-01  6.000000e+00  4.278450e+00
      vertex  6.838428e-01  6.000000e+00  4.693561e+00
      vertex  9.919849e-01  6.000000e+00  4.385419e+00
    endloop
  endfacet
  facet normal  0.000000e+00  1.000000e+00  0.000000e+00
    outer loop
      vertex -9.231262e-01  6.000000e+00  4.278450e+00
      vertex  9.919849e-01  6.000000e+00  4.385419e+00
      vertex -6.304907e-01  6.000000e+00  4.249628e+00
    endloop
  endfacet
  facet normal  -0.000000e+00  1.000000e+00  -0.000000e+00
    outer loop
      vertex -9.231262e-01  6.000000e+00  2.784498e-01
      vertex -1.357247e+00  6.000000e+00  3.164304e-01
      vertex -1.778177e+00  6.000000e+00  4.292182e-01
    endloop
  endfacet
  facet normal  -0.000000e+00  9.999999e-01  -0.000000e+00
    outer loop
      vertex -9.231262e-01  6.000000e+00  2.784498e-01
      vertex -1.778177e+00  6.000000e+00  4.292182e-01
      vertex -2.173126e+00  6.000000e+00  6.133863e-01
    endloop
  endfacet
  facet normal  -0.000000e+00  1.000000e+00  -0.000000e+00
    outer loop
      vertex -9.231262e-01  6.000000e+00  2.784498e-01
      vertex -2.173126e+00  6.000000e+00  6.133863e-01
      vertex -2.530095e+00  6.000000e+00  8.633386e-01
    endloop
  endfacet
  facet normal  -0.000000e+00  1.000000e+00  -0.000000e+00
    outer loop
      vertex -9.231262e-01  6.000000e+00  2.784498e-01
      vertex -2.530095e+00  6.000000e+00  8.633386e-01
      vertex -2.838237e+00  6.000000e+00  1.171481e+00
    endloop
  endfacet
  facet normal  -0.000000e+00  1.000000e+00  0.000000e+00
    outer loop
      vertex -9.231262e-01  6.000000e+00  2.784498e-01
      vertex -2.838237e+00  6.000000e+00  1.171481e+00
      vertex -9.231262e-01  6.000000e+00  1.278450e+00
    endloop
  endfacet
  facet normal  0.000000e+00  1.000000e+00  0.000000e+00
    outer loop
      vertex -9.231262e-01  6.000000e+00  2.784498e-01
      vertex -9.231262e-01  6.000000e+00  1.278450e+00
      vertex  9.919849e-01  6.000000e+00  1.171481e+00
    endloop
  endfacet
  facet normal  0.000000e+00  9.999999e-01  0.000000e+00
    outer loop
      vertex -9.231262e-01  6.000000e+00  2.784498e-01
      vertex  9.919849e-01  6.000000e+00  1.171481e+00
      vertex  6.838428e-01  6.000000e+00  8.633386e-01
    endloop
  endfacet
  facet normal  0.000000e+00  1.000000e+00  0.000000e+00
    outer loop
      vertex -9.231262e-01  6.000000e+00  2.784498e-01
      vertex  6.838428e-01  6.000000e+00  8.633386e-01
      vertex  3.268738e-01  6.000000e+00  6.133863e-01
    endloop
  endfacet
  facet normal  0.000000e+00  1.000000e+00  0.000000e+00
    outer loop
      vertex -9.231262e-01  6.000000e+00  2.784498e-01
      vertex  3.268738e-01  6.000000e+00  6.133863e-01
      vertex -6.807587e-02  6.000000e+00  4.292182e-01
    endloop
  endfacet
  facet normal  0.000000e+00  1.000000e+00  0.000000e+00
    outer loop
      vertex -9.231262e-01  6.000000e+00  2.784498e-01
      vertex -6.807587e-02  6.000000e+00  4.292182e-01
      vertex -4.890058e-01  6.000000e+00  3.164304e-01
    endloop
  endfacet
  facet normal  -0.000000e+00  1.000000e+00  0.000000e+00
    outer loop
      vertex -1.756482e+00  6.000000e+00  4.025654e+00
      vertex -3.088190e+00  6.000000e+00  4.028450e+00
      vertex -1.497151e+00  6.000000e+00  4.164269e+00
    endloop
  endfacet
  facet normal  0.000000e+00  1.000000e+00  0.000000e+00
    outer loop
      vertex -1.497151e+00  6.000000e+00  4.164269e+00
      vertex -3.088190e+00  6.000000e+00  4.028450e+00
      vertex -2.838237e+00  6.000000e+00  4.385419e+00
    endloop
  endfacet
  facet normal  0.000000e+00  9.999999e-01  0.000000e+00
    outer loop
      vertex -1.497151e+00  6.000000e+00  4.164269e+00
      vertex -2.838237e+00  6.000000e+00  4.385419e+00
      vertex -1.215762e+00  6.000000e+00  4.249628e+00
    endloop
  endfacet
  facet normal  -0.000000e+00  1.000000e+00  0.000000e+00
    outer loop
      vertex -2.170331e+00  6.000000e+00  3.611805e+00
      vertex -3.272358e+00  6.000000e+00  3.633500e+00
      vertex -1.983786e+00  6.000000e+00  3.839110e+00
    endloop
  endfacet
  facet normal  0.000000e+00  1.000000e+00  0.000000e+00
    outer loop
      vertex -1.983786e+00  6.000000e+00  3.839110e+00
      vertex -3.272358e+00  6.000000e+00  3.633500e+00
      vertex -3.088190e+00  6.000000e+00  4.028450e+00
    endloop
  endfacet
  facet normal  0.000000e+00  9.999999e-01  0.000000e+00
    outer loop
      vertex -1.983786e+00  6.000000e+00  3.839110e+00
      vertex -3.088190e+00  6.000000e+00  4.028450e+00
      vertex -1.756482e+00  6.000000e+00  4.025654e+00
    endloop
  endfacet
  facet normal  0.000000e+00  1.000000e+00  0.000000e+00
    outer loop
      vertex -2.423126e+00  6.000000e+00  2.778450e+00
      vertex -3.423126e+00  6.000000e+00  2.778450e+00
      vertex -2.394304e+00  6.000000e+00  3.071085e+00
    endloop
  endfacet
  facet normal  0.000000e+00  1.000000e+00  0.000000e+00
    outer loop
      vertex -2.394304e+00  6.000000e+00  3.071085e+00
      vertex -3.423126e+00  6.000000e+00  2.778450e+00
      vertex -3.385146e+00  6.000000e+00  3.212570e+00
    endloop
  endfacet
  facet normal  -0.000000e+00  1.000000e+00  0.000000e+00
    outer loop
      vertex -2.394304e+00  6.000000e+00  3.071085e+00
      vertex -3.385146e+00  6.000000e+00  3.212570e+00
      vertex -2.308945e+00  6.000000e+00  3.352475e+00
    endloop
  endfacet
  facet normal  0.000000e+00  1.000000e+00  0.000000e+00
    outer loop
      vertex -2.308945e+00  6.000000e+00  3.352475e+00
      vertex -3.385146e+00  6.000000e+00  3.212570e+00
      vertex -3.272358e+00  6.000000e+00  3.633500e+00
    endloop
  endfacet
  facet normal  0.000000e+00  1.000000e+00  0.000000e+00
    outer loop
      vertex -2.308945e+00  6.000000e+00  3.352475e+00
      vertex -3.272358e+00  6.000000e+00  3.633500e+00
      vertex -2.170331e+00  6.000000e+00  3.611805e+00
    endloop
  endfacet
  facet normal  -0.000000e+00  1.000000e+00  0.000000e+00
    outer loop
      vertex -2.308945e+00  6.000000e+00  2.204425e+00
      vertex -3.385146e+00  6.000000e+00  2.344329e+00
      vertex -2.394304e+00  6.000000e+00  2.485814e+00
    endloop
  endfacet
  facet normal  0.000000e+00  1.000000e+00  0.000000e+00
    outer loop
      vertex -2.394304e+00  6.000000e+00  2.485814e+00
      vertex -3.385146e+00  6.000000e+00  2.344329e+00
      vertex -3.423126e+00  6.000000e+00  2.778450e+00
    endloop
  endfacet
  facet normal  -0.000000e+00  1.000000e+00  0.000000e+00
    outer loop
      vertex -2.394304e+00  6.000000e+00  2.485814e+00
      vertex -3.423126e+00  6.000000e+00  2.778450e+00
      vertex -2.423126e+00  6.000000e+00  2.778450e+00
    endloop
  endfacet
  facet normal  0.000000e+00  1.000000e+00  0.000000e+00
    outer loop
      vertex -1.756482e+00  6.000000e+00  1.531245e+00
      vertex -3.088190e+00  6.000000e+00  1.528450e+00
      vertex -1.983786e+00  6.000000e+00  1.717790e+00
    endloop
  endfacet
  facet normal  0.000000e+00  1.000000e+00  0.000000e+00
    outer loop
      vertex -1.983786e+00  6.000000e+00  1.717790e+00
      vertex -3.088190e+00  6.000000e+00  1.528450e+00
      vertex -3.272358e+00  6.000000e+00  1.923399e+00
    endloop
  endfacet
  facet normal  -0.000000e+00  1.000000e+00  0.000000e+00
    outer loop
      vertex -1.983786e+00  6.000000e+00  1.717790e+00
      vertex -3.272358e+00  6.000000e+00  1.923399e+00
      vertex -2.170331e+00  6.000000e+00  1.945094e+00
    endloop
  endfacet
  facet normal  0.000000e+00  9.999999e-01  0.000000e+00
    outer loop
      vertex -2.170331e+00  6.000000e+00  1.945094e+00
      vertex -3.272358e+00  6.000000e+00  1.923399e+00
      vertex -3.385146e+00  6.000000e+00  2.344329e+00
    endloop
  endfacet
  facet normal  0.000000e+00  1.000000e+00  0.000000e+00
    outer loop
      vertex -2.170331e+00  6.000000e+00  1.945094e+00
      vertex -3.385146e+00  6.000000e+00  2.344329e+00
      vertex -2.308945e+00  6.000000e+00  2.204425e+00
    endloop
  endfacet
  facet normal  0.000000e+00  9.999999e-01  0.000000e+00
    outer loop
      vertex -1.215762e+00  6.000000e+00  1.307272e+00
      vertex -2.838237e+00  6.000000e+00  1.171481e+00
      vertex -1.497151e+00  6.000000e+00  1.392630e+00
    endloop
  endfacet
  facet normal  0.000000e+00  1.000000e+00  0.000000e+00
    outer loop
      vertex -1.497151e+00  6.000000e+00  1.392630e+00
      vertex -2.838237e+00  6.000000e+00  1.171481e+00
      vertex -3.088190e+00  6.000000e+00  1.528450e+00
    endloop
  endfacet
  facet normal  -0.000000e+00  1.000000e+00  0.000000e+00
    outer loop
      vertex -1.497151e+00  6.000000e+00  1.392630e+00
      vertex -3.088190e+00  6.000000e+00  1.528450e+00
      vertex -1.756482e+00  6.000000e+00  1.531245e+00
    endloop
  endfacet
  facet normal  0.000000e+00  1.000000e+00  0.000000e+00
    outer loop
      vertex -8.977087e-02  6.000000e+00  4.025654e+00
      vertex -3.491011e-01  6.000000e+00  4.164269e+00
      vertex  1.241937e+00  6.000000e+00  4.028450e+00
    endloop
  endfacet
  facet normal  0.000000e+00  1.000000e+00  0.000000e+00
    outer loop
      vertex  1.241937e+00  6.000000e+00  4.028450e+00
      vertex -3.491011e-01  6.000000e+00  4.164269e+00
      vertex -6.304907e-01  6.000000e+00  4.249628e+00
    endloop
  endfacet
  facet normal  -0.000000e+00  9.999999e-01  0.000000e+00
    outer loop
      vertex  1.241937e+00  6.000000e+00  4.028450e+00
      vertex -6.304907e-01  6.000000e+00  4.249628e+00
      vertex  9.919849e-01  6.000000e+00  4.385419e+00
    endloop
  endfacet
  facet normal  0.000000e+00  1.000000e+00  0.000000e+00
    outer loop
      vertex  3.240782e-01  6.000000e+00  3.611805e+00
      vertex  1.375339e-01  6.000000e+00  3.839110e+00
      vertex  1.426105e+00  6.000000e+00  3.633500e+00
    endloop
  endfacet
  facet normal  0.000000e+00  1.000000e+00  0.000000e+00
    outer loop
      vertex  1.426105e+00  6.000000e+00  3.633500e+00
      vertex  1.375339e-01  6.000000e+00  3.839110e+00
      vertex -8.977087e-02  6.000000e+00  4.025654e+00
    endloop
  endfacet
  facet normal  -0.000000e+00  1.000000e+00  0.000000e+00
    outer loop
      vertex  1.426105e+00  6.000000e+00  3.633500e+00
      vertex -8.977087e-02  6.000000e+00  4.025654e+00
      vertex  1.241937e+00  6.000000e+00  4.028450e+00
    endloop
  endfacet
  facet normal  0.000000e+00  1.000000e+00  0.000000e+00
    outer loop
      vertex  5.768738e-01  6.000000e+00  2.778450e+00
      vertex  5.480517e-01  6.000000e+00  3.071085e+00
      vertex  1.576874e+00  6.000000e+00  2.778450e+00
    endloop
  endfacet
  facet normal  0.000000e+00  1.000000e+00  0.000000e+00
    outer loop
      vertex  1.576874e+00  6.000000e+00  2.778450e+00
      vertex  5.480517e-01  6.000000e+00  3.071085e+00
      vertex  4.626931e-01  6.000000e+00  3.352475e+00
    endloop
  endfacet
  facet normal  0.000000e+00  1.000000e+00  0.000000e+00
    outer loop
      vertex  1.576874e+00  6.000000e+00  2.778450e+00
      vertex  4.626931e-01  6.000000e+00  3.352475e+00
      vertex  1.538893e+00  6.000000e+00  3.212570e+00
    endloop
  endfacet
  facet normal  0.000000e+00  1.000000e+00  0.000000e+00
    outer loop
      vertex  1.538893e+00  6.000000e+00  3.212570e+00
      vertex  4.626931e-01  6.000000e+00  3.352475e+00
      vertex  3.240782e-01  6.000000e+00  3.611805e+00
    endloop
  endfacet
  facet normal  -0.000000e+00  9.999999e-01  0.000000e+00
    outer loop
      vertex  1.538893e+00  6.000000e+00  3.212570e+00
      vertex  3.240782e-01  6.000000e+00  3.611805e+00
      vertex  1.426105e+00  6.000000e+00  3.633500e+00
    endloop
  endfacet
  facet normal  0.000000e+00  1.000000e+00  0.000000e+00
    outer loop
      vertex  4.626931e-01  6.000000e+00  2.204425e+00
      vertex  5.480517e-01  6.000000e+00  2.485814e+00
      vertex  1.538893e+00  6.000000e+00  2.344329e+00
    endloop
  endfacet
  facet normal  0.000000e+00  1.000000e+00  0.000000e+00
    outer loop
      vertex  1.538893e+00  6.000000e+00  2.344329e+00
      vertex  5.480517e-01  6.000000e+00  2.485814e+00
      vertex  5.768738e-01  6.000000e+00  2.778450e+00
    endloop
  endfacet
  facet normal  -0.000000e+00  1.000000e+00  0.000000e+00
    outer loop
      vertex  1.538893e+00  6.000000e+00  2.344329e+00
      vertex  5.768738e-01  6.000000e+00  2.778450e+00
      vertex  1.576874e+00  6.000000e+00  2.778450e+00
    endloop
  endfacet
  facet normal  0.000000e+00  1.000000e+00  0.000000e+00
    outer loop
      vertex -8.977087e-02  6.000000e+00  1.531245e+00
      vertex  1.375339e-01  6.000000e+00  1.717790e+00
      vertex  1.241937e+00  6.000000e+00  1.528450e+00
    endloop
  endfacet
  facet normal  0.000000e+00  1.000000e+00  0.000000e+00
    outer loop
      vertex  1.241937e+00  6.000000e+00  1.528450e+00
      vertex  1.375339e-01  6.000000e+00  1.717790e+00
      vertex  3.240782e-01  6.000000e+00  1.945094e+00
    endloop
  endfacet
  facet normal  0.000000e+00  1.000000e+00  0.000000e+00
    outer loop
      vertex  1.241937e+00  6.000000e+00  1.528450e+00
      vertex  3.240782e-01  6.000000e+00  1.945094e+00
      vertex  1.426105e+00  6.000000e+00  1.923399e+00
    endloop
  endfacet
  facet normal  0.000000e+00  1.000000e+00  0.000000e+00
    outer loop
      vertex  1.426105e+00  6.000000e+00  1.923399e+00
      vertex  3.240782e-01  6.000000e+00  1.945094e+00
      vertex  4.626931e-01  6.000000e+00  2.204425e+00
    endloop
  endfacet
  facet normal  -0.000000e+00  1.000000e+00  0.000000e+00
    outer loop
      vertex  1.426105e+00  6.000000e+00  1.923399e+00
      vertex  4.626931e-01  6.000000e+00  2.204425e+00
      vertex  1.538893e+00  6.000000e+00  2.344329e+00
    endloop
  endfacet
  facet normal  0.000000e+00  9.999999e-01  0.000000e+00
    outer loop
      vertex -6.304907e-01  6.000000e+00  1.307272e+00
      vertex -3.491011e-01  6.000000e+00  1.392630e+00
      vertex  9.919849e-01  6.000000e+00  1.171481e+00
    endloop
  endfacet
  facet normal  0.000000e+00  1.000000e+00  0.000000e+00
    outer loop
      vertex  9.919849e-01  6.000000e+00  1.171481e+00
      vertex -3.491011e-01  6.000000e+00  1.392630e+00
      vertex -8.977087e-02  6.000000e+00  1.531245e+00
    endloop
  endfacet
  facet normal  0.000000e+00  1.000000e+00  0.000000e+00
    outer loop
      vertex  9.919849e-01  6.000000e+00  1.171481e+00
      vertex -8.977087e-02  6.000000e+00  1.531245e+00
      vertex  1.241937e+00  6.000000e+00  1.528450e+00
    endloop
  endfacet
  facet normal -9.801709e-02  0.000000e+00  9.951848e-01
    outer loop
      vertex -9.231262e-01  6.000000e+00  1.278450e+00
      vertex -6.304907e-01  4.500000e+00  1.307272e+00
      vertex -6.304907e-01  6.000000e+00  1.307272e+00
    endloop
  endfacet
  facet normal -2.902847e-01  0.000000e+00  9.569404e-01
    outer loop
      vertex -6.304907e-01  6.000000e+00  1.307272e+00
      vertex -6.304907e-01  4.500000e+00  1.307272e+00
      vertex -3.491011e-01  4.500000e+00  1.392630e+00
    endloop
  endfacet
  facet normal -2.902847e-01  0.000000e+00  9.569404e-01
    outer loop
      vertex -6.304907e-01  6.000000e+00  1.307272e+00
      vertex -3.491011e-01  4.500000e+00  1.392630e+00
      vertex -3.491011e-01  6.000000e+00  1.392630e+00
    endloop
  endfacet
  facet normal -4.713968e-01  0.000000e+00  8.819213e-01
    outer loop
      vertex -3.491011e-01  6.000000e+00  1.392630e+00
      vertex -3.491011e-01  4.500000e+00  1.392630e+00
      vertex -8.977087e-02  4.500000e+00  1.531245e+00
    endloop
  endfacet
  facet normal -4.713968e-01  0.000000e+00  8.819213e-01
    outer loop
      vertex -3.491011e-01  6.000000e+00  1.392630e+00
      vertex -8.977087e-02  4.500000e+00  1.531245e+00
      vertex -8.977087e-02  6.000000e+00  1.531245e+00
    endloop
  endfacet
  facet normal -6.343934e-01  0.000000e+00  7.730103e-01
    outer loop
      vertex -8.977087e-02  6.000000e+00  1.531245e+00
      vertex -8.977087e-02  4.500000e+00  1.531245e+00
      vertex  1.375339e-01  4.500000e+00  1.717790e+00
    endloop
  endfacet
  facet normal -6.343934e-01  0.000000e+00  7.730103e-01
    outer loop
      vertex -8.977087e-02  6.000000e+00  1.531245e+00
      vertex  1.375339e-01  4.500000e+00  1.717790e+00
      vertex  1.375339e-01  6.000000e+00  1.717790e+00
    endloop
  endfacet
  facet normal -7.730104e-01  0.000000e+00  6.343933e-01
    outer loop
      vertex  1.375339e-01  6.000000e+00  1.717790e+00
      vertex  1.375339e-01  4.500000e+00  1.717790e+00
      vertex  3.240782e-01  4.500000e+00  1.945094e+00
    endloop
  endfacet
  facet normal -7.730104e-01  0.000000e+00  6.343933e-01
    outer loop
      vertex  1.375339e-01  6.000000e+00  1.717790e+00
      vertex  3.240782e-01  4.500000e+00  1.945094e+00
      vertex  3.240782e-01  6.000000e+00  1.945094e+00
    endloop
  endfacet
  facet normal -8.819213e-01  0.000000e+00  4.713968e-01
    outer loop
      vertex  3.240782e-01  6.000000e+00  1.945094e+00
      vertex  3.240782e-01  4.500000e+00  1.945094e+00
      vertex  4.626931e-01  4.500000e+00  2.204425e+00
    endloop
  endfacet
  facet normal -8.819213e-01  0.000000e+00  4.713968e-01
    outer loop
      vertex  3.240782e-01  6.000000e+00  1.945094e+00
      vertex  4.626931e-01  4.500000e+00  2.204425e+00
      vertex  4.626931e-01  6.000000e+00  2.204425e+00
    endloop
  endfacet
  facet normal -9.569404e-01  0.000000e+00  2.902847e-01
    outer loop
      vertex  4.626931e-01  6.000000e+00  2.204425e+00
      vertex  4.626931e-01  4.500000e+00  2.204425e+00
      vertex  5.480517e-01  4.500000e+00  2.485814e+00
    endloop
  endfacet
  facet normal -9.569404e-01  0.000000e+00  2.902847e-01
    outer loop
      vertex  4.626931e-01  6.000000e+00  2.204425e+00
      vertex  5.480517e-01  4.500000e+00  2.485814e+00
      vertex  5.480517e-01  6.000000e+00  2.485814e+00
    endloop
  endfacet
  facet normal -9.951848e-01  0.000000e+00  9.801710e-02
    outer loop
      vertex  5.480517e-01  6.000000e+00  2.485814e+00
      vertex  5.480517e-01  4.500000e+00  2.485814e+00
      vertex  5.768738e-01  4.500000e+00  2.778450e+00
    endloop
  endfacet
  facet normal -9.951848e-01  0.000000e+00  9.801710e-02
    outer loop
      vertex  5.480517e-01  6.000000e+00  2.485814e+00
      vertex  5.768738e-01  4.500000e+00  2.778450e+00
      vertex  5.768738e-01  6.000000e+00  2.778450e+00
    endloop
  endfacet
  facet normal -9.801709e-02  0.000000e+00  9.951848e-01
    outer loop
      vertex -6.304907e-01  4.500000e+00  1.307272e+00
      vertex -9.231262e-01  6.000000e+00  1.278450e+00
      vertex -9.231262e-01  4.500000e+00  1.278450e+00
    endloop
  endfacet
  facet normal  9.801710e-02  -0.000000e+00  9.951848e-01
    outer loop
      vertex -9.231262e-01  4.500000e+00  1.278450e+00
      vertex -9.231262e-01  6.000000e+00  1.278450e+00
      vertex -1.215762e+00  6.000000e+00  1.307272e+00
    endloop
  endfacet
  facet normal  9.801710e-02  0.000000e+00  9.951848e-01
    outer loop
      vertex -9.231262e-01  4.500000e+00  1.278450e+00
      vertex -1.215762e+00  6.000000e+00  1.307272e+00
      vertex -1.215762e+00  4.500000e+00  1.307272e+00
    endloop
  endfacet
  facet normal  2.902846e-01  -0.000000e+00  9.569404e-01
    outer loop
      vertex -1.215762e+00  4.500000e+00  1.307272e+00
      vertex -1.215762e+00  6.000000e+00  1.307272e+00
      vertex -1.497151e+00  6.000000e+00  1.392630e+00
    endloop
  endfacet
  facet normal  2.902846e-01  0.000000e+00  9.569404e-01
    outer loop
      vertex -1.215762e+00  4.500000e+00  1.307272e+00
      vertex -1.497151e+00  6.000000e+00  1.392630e+00
      vertex -1.497151e+00  4.500000e+00  1.392630e+00
    endloop
  endfacet
  facet normal  4.713969e-01  -0.000000e+00  8.819213e-01
    outer loop
      vertex -1.497151e+00  4.500000e+00  1.392630e+00
      vertex -1.497151e+00  6.000000e+00  1.392630e+00
      vertex -1.756482e+00  6.000000e+00  1.531245e+00
    endloop
  endfacet
  facet normal  4.713969e-01  0.000000e+00  8.819213e-01
    outer loop
      vertex -1.497151e+00  4.500000e+00  1.392630e+00
      vertex -1.756482e+00  6.000000e+00  1.531245e+00
      vertex -1.756482e+00  4.500000e+00  1.531245e+00
    endloop
  endfacet
  facet normal  6.343934e-01  -0.000000e+00  7.730103e-01
    outer loop
      vertex -1.756482e+00  4.500000e+00  1.531245e+00
      vertex -1.756482e+00  6.000000e+00  1.531245e+00
      vertex -1.983786e+00  6.000000e+00  1.717790e+00
    endloop
  endfacet
  facet normal  6.343934e-01  0.000000e+00  7.730103e-01
    outer loop
      vertex -1.756482e+00  4.500000e+00  1.531245e+00
      vertex -1.983786e+00  6.000000e+00  1.717790e+00
      vertex -1.983786e+00  4.500000e+00  1.717790e+00
    endloop
  endfacet
  facet normal  7.730106e-01  -0.000000e+00  6.343932e-01
    outer loop
      vertex -1.983786e+00  4.500000e+00  1.717790e+00
      vertex -1.983786e+00  6.000000e+00  1.717790e+00
      vertex -2.170331e+00  6.000000e+00  1.945094e+00
    endloop
  endfacet
  facet normal  7.730106e-01  0.000000e+00  6.343932e-01
    outer loop
      vertex -1.983786e+00  4.500000e+00  1.717790e+00
      vertex -2.170331e+00  6.000000e+00  1.945094e+00
      vertex -2.170331e+00  4.500000e+00  1.945094e+00
    endloop
  endfacet
  facet normal  8.819213e-01  -0.000000e+00  4.713969e-01
    outer loop
      vertex -2.170331e+00  4.500000e+00  1.945094e+00
      vertex -2.170331e+00  6.000000e+00  1.945094e+00
      vertex -2.308945e+00  6.000000e+00  2.204425e+00
    endloop
  endfacet
  facet normal  8.819213e-01  0.000000e+00  4.713969e-01
    outer loop
      vertex -2.170331e+00  4.500000e+00  1.945094e+00
      vertex -2.308945e+00  6.000000e+00  2.204425e+00
      vertex -2.308945e+00  4.500000e+00  2.204425e+00
    endloop
  endfacet
  facet normal  9.569404e-01  -0.000000e+00  2.902846e-01
    outer loop
      vertex -2.308945e+00  4.500000e+00  2.204425e+00
      vertex -2.308945e+00  6.000000e+00  2.204425e+00
      vertex -2.394304e+00  6.000000e+00  2.485814e+00
    endloop
  endfacet
  facet normal  9.569404e-01  0.000000e+00  2.902846e-01
    outer loop
      vertex -2.308945e+00  4.500000e+00  2.204425e+00
      vertex -2.394304e+00  6.000000e+00  2.485814e+00
      vertex -2.394304e+00  4.500000e+00  2.485814e+00
    endloop
  endfacet
  facet normal  9.951847e-01  -0.000000e+00  9.801750e-02
    outer loop
      vertex -2.394304e+00  4.500000e+00  2.485814e+00
      vertex -2.394304e+00  6.000000e+00  2.485814e+00
      vertex -2.423126e+00  6.000000e+00  2.778450e+00
    endloop
  endfacet
  facet normal  9.951847e-01  0.000000e+00  9.801750e-02
    outer loop
      vertex -2.394304e+00  4.500000e+00  2.485814e+00
      vertex -2.423126e+00  6.000000e+00  2.778450e+00
      vertex -2.423126e+00  4.500000e+00  2.778450e+00
    endloop
  endfacet
  facet normal -9.801669e-02  9.951848e-01  0.000000e+00
    outer loop
      vertex -2.755455e-16 -6.000000e+00  3.000000e+00
      vertex  2.926355e-01 -5.971178e+00  6.000000e+00
      vertex  2.926355e-01 -5.971178e+00  3.000000e+00
    endloop
  endfacet
  facet normal -2.902847e-01  9.569404e-01  0.000000e+00
    outer loop
      vertex  2.926355e-01 -5.971178e+00  3.000000e+00
      vertex  2.926355e-01 -5.971178e+00  6.000000e+00
      vertex  5.740252e-01 -5.885819e+00  6.000000e+00
    endloop
  endfacet
  facet normal -2.902847e-01  9.569404e-01  0.000000e+00
    outer loop
      vertex  2.926355e-01 -5.971178e+00  3.000000e+00
      vertex  5.740252e-01 -5.885819e+00  6.000000e+00
      vertex  5.740252e-01 -5.885819e+00  3.000000e+00
    endloop
  endfacet
  facet normal -4.713974e-01  8.819209e-01  0.000000e+00
    outer loop
      vertex  5.740252e-01 -5.885819e+00  3.000000e+00
      vertex  5.740252e-01 -5.885819e+00  6.000000e+00
      vertex  8.333554e-01 -5.747204e+00  6.000000e+00
    endloop
  endfacet
  facet normal -4.713974e-01  8.819209e-01  0.000000e+00
    outer loop
      vertex  5.740252e-01 -5.885819e+00  3.000000e+00
      vertex  8.333554e-01 -5.747204e+00  6.000000e+00
      vertex  8.333554e-01 -5.747204e+00  3.000000e+00
    endloop
  endfacet
  facet normal -6.343927e-01  7.730108e-01  0.000000e+00
    outer loop
      vertex  8.333554e-01 -5.747204e+00  3.000000e+00
      vertex  8.333554e-01 -5.747204e+00  6.000000e+00
      vertex  1.060660e+00 -5.560660e+00  6.000000e+00
    endloop
  endfacet
  facet normal -6.343927e-01  7.730108e-01  0.000000e+00
    outer loop
      vertex  8.333554e-01 -5.747204e+00  3.000000e+00
      vertex  1.060660e+00 -5.560660e+00  6.000000e+00
      vertex  1.060660e+00 -5.560660e+00  3.000000e+00
    endloop
  endfacet
  facet normal -7.730105e-01  6.343932e-01  0.000000e+00
    outer loop
      vertex  1.060660e+00 -5.560660e+00  3.000000e+00
      vertex  1.060660e+00 -5.560660e+00  6.000000e+00
      vertex  1.247204e+00 -5.333355e+00  6.000000e+00
    endloop
  endfacet
  facet normal -7.730105e-01  6.343932e-01  0.000000e+00
    outer loop
      vertex  1.060660e+00 -5.560660e+00  3.000000e+00
      vertex  1.247204e+00 -5.333355e+00  6.000000e+00
      vertex  1.247204e+00 -5.333355e+00  3.000000e+00
    endloop
  endfacet
  facet normal -8.819213e-01  4.713967e-01  0.000000e+00
    outer loop
      vertex  1.247204e+00 -5.333355e+00  3.000000e+00
      vertex  1.247204e+00 -5.333355e+00  6.000000e+00
      vertex  1.385819e+00 -5.074025e+00  6.000000e+00
    endloop
  endfacet
  facet normal -8.819213e-01  4.713967e-01  0.000000e+00
    outer loop
      vertex  1.247204e+00 -5.333355e+00  3.000000e+00
      vertex  1.385819e+00 -5.074025e+00  6.000000e+00
      vertex  1.385819e+00 -5.074025e+00  3.000000e+00
    endloop
  endfacet
  facet normal -9.569404e-01  2.902846e-01  0.000000e+00
    outer loop
      vertex  1.385819e+00 -5.074025e+00  3.000000e+00
      vertex  1.385819e+00 -5.074025e+00  6.000000e+00
      vertex  1.471178e+00 -4.792635e+00  6.000000e+00
    endloop
  endfacet
  facet normal -9.569404e-01  2.902846e-01  0.000000e+00
    outer loop
      vertex  1.385819e+00 -5.074025e+00  3.000000e+00
      vertex  1.471178e+00 -4.792635e+00  6.000000e+00
      vertex  1.471178e+00 -4.792635e+00  3.000000e+00
    endloop
  endfacet
  facet normal -9.951848e-01  9.801710e-02  0.000000e+00
    outer loop
      vertex  1.471178e+00 -4.792635e+00  3.000000e+00
      vertex  1.471178e+00 -4.792635e+00  6.000000e+00
      vertex  1.500000e+00 -4.500000e+00  6.000000e+00
    endloop
  endfacet
  facet normal -9.951848e-01  9.801710e-02  0.000000e+00
    outer loop
      vertex  1.471178e+00 -4.792635e+00  3.000000e+00
      vertex  1.500000e+00 -4.500000e+00  6.000000e+00
      vertex  1.500000e+00 -4.500000e+00  3.000000e+00
    endloop
  endfacet
  facet normal -9.801669e-02  9.951848e-01  0.000000e+00
    outer loop
      vertex  2.926355e-01 -5.971178e+00  6.000000e+00
      vertex -2.755455e-16 -6.000000e+00  3.000000e+00
      vertex -2.755455e-16 -6.000000e+00  6.000000e+00
    endloop
  endfacet
  facet normal  9.801669e-02  9.951848e-01  0.000000e+00
    outer loop
      vertex -2.755455e-16 -6.000000e+00  6.000000e+00
      vertex -2.755455e-16 -6.000000e+00  3.000000e+00
      vertex -2.926355e-01 -5.971178e+00  3.000000e+00
    endloop
  endfacet
  facet normal  9.801669e-02  9.951848e-01  -0.000000e+00
    outer loop
      vertex -2.755455e-16 -6.000000e+00  6.000000e+00
      vertex -2.926355e-01 -5.971178e+00  3.000000e+00
      vertex -2.926355e-01 -5.971178e+00  6.000000e+00
    endloop
  endfacet
  facet normal  2.902847e-01  9.569404e-01  0.000000e+00
    outer loop
      vertex -2.926355e-01 -5.971178e+00  6.000000e+00
      vertex -2.926355e-01 -5.971178e+00  3.000000e+00
      vertex -5.740252e-01 -5.885819e+00  3.000000e+00
    endloop
  endfacet
  facet normal  2.902847e-01  9.569404e-01  -0.000000e+00
    outer loop
      vertex -2.926355e-01 -5.971178e+00  6.000000e+00
      vertex -5.740252e-01 -5.885819e+00  3.000000e+00
      vertex -5.740252e-01 -5.885819e+00  6.000000e+00
    endloop
  endfacet
  facet normal  4.713974e-01  8.819209e-01  0.000000e+00
    outer loop
      vertex -5.740252e-01 -5.885819e+00  6.000000e+00
      vertex -5.740252e-01 -5.885819e+00  3.000000e+00
      vertex -8.333554e-01 -5.747204e+00  3.000000e+00
    endloop
  endfacet
  facet normal  4.713974e-01  8.819209e-01  -0.000000e+00
    outer loop
      vertex -5.740252e-01 -5.885819e+00  6.000000e+00
      vertex -8.333554e-01 -5.747204e+00  3.000000e+00
      vertex -8.333554e-01 -5.747204e+00  6.000000e+00
    endloop
  endfacet
  facet normal  6.343927e-01  7.730108e-01  0.000000e+00
    outer loop
      vertex -8.333554e-01 -5.747204e+00  6.000000e+00
      vertex -8.333554e-01 -5.747204e+00  3.000000e+00
      vertex -1.060660e+00 -5.560660e+00  3.000000e+00
    endloop
  endfacet
  facet normal  6.343927e-01  7.730108e-01  -0.000000e+00
    outer loop
      vertex -8.333554e-01 -5.747204e+00  6.000000e+00
      vertex -1.060660e+00 -5.560660e+00  3.000000e+00
      vertex -1.060660e+00 -5.560660e+00  6.000000e+00
    endloop
  endfacet
  facet normal  7.730105e-01  6.343932e-01  0.000000e+00
    outer loop
      vertex -1.060660e+00 -5.560660e+00  6.000000e+00
      vertex -1.060660e+00 -5.560660e+00  3.000000e+00
      vertex -1.247204e+00 -5.333355e+00  3.000000e+00
    endloop
  endfacet
  facet normal  7.730105e-01  6.343932e-01  -0.000000e+00
    outer loop
      vertex -1.060660e+00 -5.560660e+00  6.000000e+00
      vertex -1.247204e+00 -5.333355e+00  3.000000e+00
      vertex -1.247204e+00 -5.333355e+00  6.000000e+00
    endloop
  endfacet
  facet normal  8.819213e-01  4.713967e-01  0.000000e+00
    outer loop
      vertex -1.247204e+00 -5.333355e+00  6.000000e+00
      vertex -1.247204e+00 -5.333355e+00  3.000000e+00
      vertex -1.385819e+00 -5.074025e+00  3.000000e+00
    endloop
  endfacet
  facet normal  8.819213e-01  4.713967e-01  -0.000000e+00
    outer loop
      vertex -1.247204e+00 -5.333355e+00  6.000000e+00
      vertex -1.385819e+00 -5.074025e+00  3.000000e+00
      vertex -1.385819e+00 -5.074025e+00  6.000000e+00
    endloop
  endfacet
  facet normal  9.569404e-01  2.902846e-01  0.000000e+00
    outer loop
      vertex -1.385819e+00 -5.074025e+00  6.000000e+00
      vertex -1.385819e+00 -5.074025e+00  3.000000e+00
      vertex -1.471178e+00 -4.792635e+00  3.000000e+00
    endloop
  endfacet
  facet normal  9.569404e-01  2.902846e-01  -0.000000e+00
    outer loop
      vertex -1.385819e+00 -5.074025e+00  6.000000e+00
      vertex -1.471178e+00 -4.792635e+00  3.000000e+00
      vertex -1.471178e+00 -4.792635e+00  6.000000e+00
    endloop
  endfacet
  facet normal  9.951848e-01  9.801710e-02  0.000000e+00
    outer loop
      vertex -1.471178e+00 -4.792635e+00  6.000000e+00
      vertex -1.471178e+00 -4.792635e+00  3.000000e+00
      vertex -1.500000e+00 -4.500000e+00  3.000000e+00
    endloop
  endfacet
  facet normal  9.951848e-01  9.801710e-02  -0.000000e+00
    outer loop
      vertex -1.471178e+00 -4.792635e+00  6.000000e+00
      vertex -1.500000e+00 -4.500000e+00  3.000000e+00
      vertex -1.500000e+00 -4.500000e+00  6.000000e+00
    endloop
  endfacet
  facet normal  0.000000e+00  1.000000e+00  0.000000e+00
    outer loop
      vertex -4.000000e+00 -4.500000e+00  3.000000e+00
      vertex -4.000000e+00 -4.500000e+00  6.000000e+00
      vertex -2.500000e+00 -4.500000e+00  3.000000e+00
    endloop
  endfacet
  facet normal  0.000000e+00  1.000000e+00  -0.000000e+00
    outer loop
      vertex -2.500000e+00 -4.500000e+00  3.000000e+00
      vertex -4.000000e+00 -4.500000e+00  6.000000e+00
      vertex -1.500000e+00 -4.500000e+00  6.000000e+00
    endloop
  endfacet
  facet normal  0.000000e+00  1.000000e+00  0.000000e+00
    outer loop
      vertex -2.500000e+00 -4.500000e+00  3.000000e+00
      vertex -1.500000e+00 -4.500000e+00  6.000000e+00
      vertex -1.500000e+00 -4.500000e+00  3.000000e+00
    endloop
  endfacet
  facet normal  0.000000e+00  1.000000e+00  0.000000e+00
    outer loop
      vertex  1.500000e+00 -4.500000e+00  3.000000e+00
      vertex  1.500000e+00 -4.500000e+00  6.000000e+00
      vertex  2.500000e+00 -4.500000e+00  3.000000e+00
    endloop
  endfacet
  facet normal  0.000000e+00  1.000000e+00  -0.000000e+00
    outer loop
      vertex  2.500000e+00 -4.500000e+00  3.000000e+00
      vertex  1.500000e+00 -4.500000e+00  6.000000e+00
      vertex  4.000000e+00 -4.500000e+00  6.000000e+00
    endloop
  endfacet
  facet normal  0.000000e+00  1.000000e+00  0.000000e+00
    outer loop
      vertex  2.500000e+00 -4.500000e+00  3.000000e+00
      vertex  4.000000e+00 -4.500000e+00  6.000000e+00
      vertex  4.000000e+00 -4.500000e+00  3.000000e+00
    endloop
  endfacet
  facet normal  8.715560e-02 -9.961947e-01  0.000000e+00
    outer loop
      vertex  1.530808e-16 -2.000000e+00  0.000000e+00
      vertex -4.341204e-01 -2.037981e+00  3.000000e+00
      vertex -4.341204e-01 -2.037981e+00  0.000000e+00
    endloop
  endfacet
  facet normal  2.588193e-01 -9.659258e-01  0.000000e+00
    outer loop
      vertex -4.341204e-01 -2.037981e+00  0.000000e+00
      vertex -4.341204e-01 -2.037981e+00  3.000000e+00
      vertex -8.550504e-01 -2.150769e+00  3.000000e+00
    endloop
  endfacet
  facet normal  2.588193e-01 -9.659258e-01  0.000000e+00
    outer loop
      vertex -4.341204e-01 -2.037981e+00  0.000000e+00
      vertex -8.550504e-01 -2.150769e+00  3.000000e+00
      vertex -8.550504e-01 -2.150769e+00  0.000000e+00
    endloop
  endfacet
  facet normal  4.226180e-01 -9.063079e-01  0.000000e+00
    outer loop
      vertex -8.550504e-01 -2.150769e+00  0.000000e+00
      vertex -8.550504e-01 -2.150769e+00  3.000000e+00
      vertex -1.250000e+00 -2.334936e+00  3.000000e+00
    endloop
  endfacet
  facet normal  4.226180e-01 -9.063079e-01  0.000000e+00
    outer loop
      vertex -8.550504e-01 -2.150769e+00  0.000000e+00
      vertex -1.250000e+00 -2.334936e+00  3.000000e+00
      vertex -1.250000e+00 -2.334936e+00  0.000000e+00
    endloop
  endfacet
  facet normal  5.735767e-01 -8.191519e-01  0.000000e+00
    outer loop
      vertex -1.250000e+00 -2.334936e+00  0.000000e+00
      vertex -1.250000e+00 -2.334936e+00  3.000000e+00
      vertex -1.606969e+00 -2.584889e+00  3.000000e+00
    endloop
  endfacet
  facet normal  5.735767e-01 -8.191519e-01  0.000000e+00
    outer loop
      vertex -1.250000e+00 -2.334936e+00  0.000000e+00
      vertex -1.606969e+00 -2.584889e+00  3.000000e+00
      vertex -1.606969e+00 -2.584889e+00  0.000000e+00
    endloop
  endfacet
  facet normal  7.071066e-01 -7.071069e-01  0.000000e+00
    outer loop
      vertex -1.606969e+00 -2.584889e+00  0.000000e+00
      vertex -1.606969e+00 -2.584889e+00  3.000000e+00
      vertex -1.915111e+00 -2.893031e+00  3.000000e+00
    endloop
  endfacet
  facet normal  7.071066e-01 -7.071069e-01  0.000000e+00
    outer loop
      vertex -1.606969e+00 -2.584889e+00  0.000000e+00
      vertex -1.915111e+00 -2.893031e+00  3.000000e+00
      vertex -1.915111e+00 -2.893031e+00  0.000000e+00
    endloop
  endfacet
  facet normal  8.191519e-01 -5.735766e-01  0.000000e+00
    outer loop
      vertex -1.915111e+00 -2.893031e+00  0.000000e+00
      vertex -1.915111e+00 -2.893031e+00  3.000000e+00
      vertex -2.165064e+00 -3.250000e+00  3.000000e+00
    endloop
  endfacet
  facet normal  8.191519e-01 -5.735766e-01  0.000000e+00
    outer loop
      vertex -1.915111e+00 -2.893031e+00  0.000000e+00
      vertex -2.165064e+00 -3.250000e+00  3.000000e+00
      vertex -2.165064e+00 -3.250000e+00  0.000000e+00
    endloop
  endfacet
  facet normal  9.063080e-01 -4.226179e-01  0.000000e+00
    outer loop
      vertex -2.165064e+00 -3.250000e+00  0.000000e+00
      vertex -2.165064e+00 -3.250000e+00  3.000000e+00
      vertex -2.349231e+00 -3.644950e+00  3.000000e+00
    endloop
  endfacet
  facet normal  9.063080e-01 -4.226179e-01  0.000000e+00
    outer loop
      vertex -2.165064e+00 -3.250000e+00  0.000000e+00
      vertex -2.349231e+00 -3.644950e+00  3.000000e+00
      vertex -2.349231e+00 -3.644950e+00  0.000000e+00
    endloop
  endfacet
  facet normal  9.659257e-01 -2.588195e-01  0.000000e+00
    outer loop
      vertex -2.349231e+00 -3.644950e+00  0.000000e+00
      vertex -2.349231e+00 -3.644950e+00  3.000000e+00
      vertex -2.462019e+00 -4.065879e+00  3.000000e+00
    endloop
  endfacet
  facet normal  9.659257e-01 -2.588195e-01  0.000000e+00
    outer loop
      vertex -2.349231e+00 -3.644950e+00  0.000000e+00
      vertex -2.462019e+00 -4.065879e+00  3.000000e+00
      vertex -2.462019e+00 -4.065879e+00  0.000000e+00
    endloop
  endfacet
  facet normal  9.961947e-01 -8.715556e-02  0.000000e+00
    outer loop
      vertex -2.462019e+00 -4.065879e+00  0.000000e+00
      vertex -2.462019e+00 -4.065879e+00  3.000000e+00
      vertex -2.500000e+00 -4.500000e+00  3.000000e+00
    endloop
  endfacet
  facet normal  9.961947e-01 -8.715556e-02  0.000000e+00
    outer loop
      vertex -2.462019e+00 -4.065879e+00  0.000000e+00
      vertex -2.500000e+00 -4.500000e+00  3.000000e+00
      vertex -2.500000e+00 -4.500000e+00  3.330669e-16
    endloop
  endfacet
  facet normal  8.715560e-02 -9.961947e-01  0.000000e+00
    outer loop
      vertex -4.341204e-01 -2.037981e+00  3.000000e+00
      vertex  1.530808e-16 -2.000000e+00  0.000000e+00
      vertex  1.530808e-16 -2.000000e+00  3.000000e+00
    endloop
  endfacet
  facet normal -8.715560e-02 -9.961947e-01  -0.000000e+00
    outer loop
      vertex  1.530808e-16 -2.000000e+00  3.000000e+00
      vertex  1.530808e-16 -2.000000e+00  0.000000e+00
      vertex  4.341204e-01 -2.037981e+00  0.000000e+00
    endloop
  endfacet
  facet normal -8.715560e-02 -9.961947e-01  0.000000e+00
    outer loop
      vertex  1.530808e-16 -2.000000e+00  3.000000e+00
      vertex  4.341204e-01 -2.037981e+00  0.000000e+00
      vertex  4.341204e-01 -2.037981e+00  3.000000e+00
    endloop
  endfacet
  facet normal -2.588193e-01 -9.659258e-01  -0.000000e+00
    outer loop
      vertex  4.341204e-01 -2.037981e+00  3.000000e+00
      vertex  4.341204e-01 -2.037981e+00  0.000000e+00
      vertex  8.550504e-01 -2.150769e+00  0.000000e+00
    endloop
  endfacet
  facet normal -2.588193e-01 -9.659258e-01  0.000000e+00
    outer loop
      vertex  4.341204e-01 -2.037981e+00  3.000000e+00
      vertex  8.550504e-01 -2.150769e+00  0.000000e+00
      vertex  8.550504e-01 -2.150769e+00  3.000000e+00
    endloop
  endfacet
  facet normal -4.226180e-01 -9.063079e-01  -0.000000e+00
    outer loop
      vertex  8.550504e-01 -2.150769e+00  3.000000e+00
      vertex  8.550504e-01 -2.150769e+00  0.000000e+00
      vertex  1.250000e+00 -2.334936e+00  0.000000e+00
    endloop
  endfacet
  facet normal -4.226180e-01 -9.063079e-01  0.000000e+00
    outer loop
      vertex  8.550504e-01 -2.150769e+00  3.000000e+00
      vertex  1.250000e+00 -2.334936e+00  0.000000e+00
      vertex  1.250000e+00 -2.334936e+00  3.000000e+00
    endloop
  endfacet
  facet normal -5.735767e-01 -8.191519e-01  -0.000000e+00
    outer loop
      vertex  1.250000e+00 -2.334936e+00  3.000000e+00
      vertex  1.250000e+00 -2.334936e+00  0.000000e+00
      vertex  1.606969e+00 -2.584889e+00  0.000000e+00
    endloop
  endfacet
  facet normal -5.735767e-01 -8.191519e-01  0.000000e+00
    outer loop
      vertex  1.250000e+00 -2.334936e+00  3.000000e+00
      vertex  1.606969e+00 -2.584889e+00  0.000000e+00
      vertex  1.606969e+00 -2.584889e+00  3.000000e+00
    endloop
  endfacet
  facet normal -7.071066e-01 -7.071069e-01  -0.000000e+00
    outer loop
      vertex  1.606969e+00 -2.584889e+00  3.000000e+00
      vertex  1.606969e+00 -2.584889e+00  0.000000e+00
      vertex  1.915111e+00 -2.893031e+00  0.000000e+00
    endloop
  endfacet
  facet normal -7.071066e-01 -7.071069e-01  0.000000e+00
    outer loop
      vertex  1.606969e+00 -2.584889e+00  3.000000e+00
      vertex  1.915111e+00 -2.893031e+00  0.000000e+00
      vertex  1.915111e+00 -2.893031e+00  3.000000e+00
    endloop
  endfacet
  facet normal -8.191519e-01 -5.735766e-01  -0.000000e+00
    outer loop
      vertex  1.915111e+00 -2.893031e+00  3.000000e+00
      vertex  1.915111e+00 -2.893031e+00  0.000000e+00
      vertex  2.165064e+00 -3.250000e+00  0.000000e+00
    endloop
  endfacet
  facet normal -8.191519e-01 -5.735766e-01  0.000000e+00
    outer loop
      vertex  1.915111e+00 -2.893031e+00  3.000000e+00
      vertex  2.165064e+00 -3.250000e+00  0.000000e+00
      vertex  2.165064e+00 -3.250000e+00  3.000000e+00
    endloop
  endfacet
  facet normal -9.063080e-01 -4.226179e-01  -0.000000e+00
    outer loop
      vertex  2.165064e+00 -3.250000e+00  3.000000e+00
      vertex  2.165064e+00 -3.250000e+00  0.000000e+00
      vertex  2.349231e+00 -3.644950e+00  0.000000e+00
    endloop
  endfacet
  facet normal -9.063080e-01 -4.226179e-01  0.000000e+00
    outer loop
      vertex  2.165064e+00 -3.250000e+00  3.000000e+00
      vertex  2.349231e+00 -3.644950e+00  0.000000e+00
      vertex  2.349231e+00 -3.644950e+00  3.000000e+00
    endloop
  endfacet
  facet normal -9.659257e-01 -2.588195e-01  -0.000000e+00
    outer loop
      vertex  2.349231e+00 -3.644950e+00  3.000000e+00
      vertex  2.349231e+00 -3.644950e+00  0.000000e+00
      vertex  2.462019e+00 -4.065879e+00  0.000000e+00
    endloop
  endfacet
  facet normal -9.659257e-01 -2.588195e-01  0.000000e+00
    outer loop
      vertex  2.349231e+00 -3.644950e+00  3.000000e+00
      vertex  2.462019e+00 -4.065879e+00  0.000000e+00
      vertex  2.462019e+00 -4.065879e+00  3.000000e+00
    endloop
  endfacet
  facet normal -9.961947e-01 -8.715556e-02  -0.000000e+00
    outer loop
      vertex  2.462019e+00 -4.065879e+00  3.000000e+00
      vertex  2.462019e+00 -4.065879e+00  0.000000e+00
      vertex  2.500000e+00 -4.500000e+00  0.000000e+00
    endloop
  endfacet
  facet normal -9.961947e-01 -8.715556e-02  0.000000e+00
    outer loop
      vertex  2.462019e+00 -4.065879e+00  3.000000e+00
      vertex  2.500000e+00 -4.500000e+00  0.000000e+00
      vertex  2.500000e+00 -4.500000e+00  3.000000e+00
    endloop
  endfacet
  facet normal -8.715560e-02  9.961947e-01  0.000000e+00
    outer loop
      vertex -4.592425e-16 -7.000000e+00  0.000000e+00
      vertex  4.341204e-01 -6.962019e+00  3.000000e+00
      vertex  4.341204e-01 -6.962019e+00  0.000000e+00
    endloop
  endfacet
  facet normal -2.588188e-01  9.659258e-01  0.000000e+00
    outer loop
      vertex  4.341204e-01 -6.962019e+00  0.000000e+00
      vertex  4.341204e-01 -6.962019e+00  3.000000e+00
      vertex  8.550504e-01 -6.849232e+00  3.000000e+00
    endloop
  endfacet
  facet normal -2.588188e-01  9.659258e-01  0.000000e+00
    outer loop
      vertex  4.341204e-01 -6.962019e+00  0.000000e+00
      vertex  8.550504e-01 -6.849232e+00  3.000000e+00
      vertex  8.550504e-01 -6.849232e+00  0.000000e+00
    endloop
  endfacet
  facet normal -4.226189e-01  9.063075e-01  0.000000e+00
    outer loop
      vertex  8.550504e-01 -6.849232e+00  0.000000e+00
      vertex  8.550504e-01 -6.849232e+00  3.000000e+00
      vertex  1.250000e+00 -6.665063e+00  3.000000e+00
    endloop
  endfacet
  facet normal -4.226189e-01  9.063075e-01  0.000000e+00
    outer loop
      vertex  8.550504e-01 -6.849232e+00  0.000000e+00
      vertex  1.250000e+00 -6.665063e+00  3.000000e+00
      vertex  1.250000e+00 -6.665063e+00  0.000000e+00
    endloop
  endfacet
  facet normal -5.735764e-01  8.191522e-01  0.000000e+00
    outer loop
      vertex  1.250000e+00 -6.665063e+00  0.000000e+00
      vertex  1.250000e+00 -6.665063e+00  3.000000e+00
      vertex  1.606969e+00 -6.415111e+00  3.000000e+00
    endloop
  endfacet
  facet normal -5.735764e-01  8.191522e-01  0.000000e+00
    outer loop
      vertex  1.250000e+00 -6.665063e+00  0.000000e+00
      vertex  1.606969e+00 -6.415111e+00  3.000000e+00
      vertex  1.606969e+00 -6.415111e+00  0.000000e+00
    endloop
  endfacet
  facet normal -7.071069e-01  7.071066e-01  0.000000e+00
    outer loop
      vertex  1.606969e+00 -6.415111e+00  0.000000e+00
      vertex  1.606969e+00 -6.415111e+00  3.000000e+00
      vertex  1.915111e+00 -6.106969e+00  3.000000e+00
    endloop
  endfacet
  facet normal -7.071069e-01  7.071066e-01  0.000000e+00
    outer loop
      vertex  1.606969e+00 -6.415111e+00  0.000000e+00
      vertex  1.915111e+00 -6.106969e+00  3.000000e+00
      vertex  1.915111e+00 -6.106969e+00  0.000000e+00
    endloop
  endfacet
  facet normal -8.191518e-01  5.735768e-01  0.000000e+00
    outer loop
      vertex  1.915111e+00 -6.106969e+00  0.000000e+00
      vertex  1.915111e+00 -6.106969e+00  3.000000e+00
      vertex  2.165064e+00 -5.750000e+00  3.000000e+00
    endloop
  endfacet
  facet normal -8.191518e-01  5.735768e-01  0.000000e+00
    outer loop
      vertex  1.915111e+00 -6.106969e+00  0.000000e+00
      vertex  2.165064e+00 -5.750000e+00  3.000000e+00
      vertex  2.165064e+00 -5.750000e+00  0.000000e+00
    endloop
  endfacet
  facet normal -9.063079e-01  4.226181e-01  0.000000e+00
    outer loop
      vertex  2.165064e+00 -5.750000e+00  0.000000e+00
      vertex  2.165064e+00 -5.750000e+00  3.000000e+00
      vertex  2.349231e+00 -5.355051e+00  3.000000e+00
    endloop
  endfacet
  facet normal -9.063079e-01  4.226181e-01  0.000000e+00
    outer loop
      vertex  2.165064e+00 -5.750000e+00  0.000000e+00
      vertex  2.349231e+00 -5.355051e+00  3.000000e+00
      vertex  2.349231e+00 -5.355051e+00  0.000000e+00
    endloop
  endfacet
  facet normal -9.659258e-01  2.588193e-01  0.000000e+00
    outer loop
      vertex  2.349231e+00 -5.355051e+00  0.000000e+00
      vertex  2.349231e+00 -5.355051e+00  3.000000e+00
      vertex  2.462019e+00 -4.934121e+00  3.000000e+00
    endloop
  endfacet
  facet normal -9.659258e-01  2.588193e-01  0.000000e+00
    outer loop
      vertex  2.349231e+00 -5.355051e+00  0.000000e+00
      vertex  2.462019e+00 -4.934121e+00  3.000000e+00
      vertex  2.462019e+00 -4.934121e+00  0.000000e+00
    endloop
  endfacet
  facet normal -9.961947e-01  8.715556e-02  0.000000e+00
    outer loop
      vertex  2.462019e+00 -4.934121e+00  0.000000e+00
      vertex  2.462019e+00 -4.934121e+00  3.000000e+00
      vertex  2.500000e+00 -4.500000e+00  3.000000e+00
    endloop
  endfacet
  facet normal -9.961947e-01  8.715556e-02  0.000000e+00
    outer loop
      vertex  2.462019e+00 -4.934121e+00  0.000000e+00
      vertex  2.500000e+00 -4.500000e+00  3.000000e+00
      vertex  2.500000e+00 -4.500000e+00  0.000000e+00
    endloop
  endfacet
  facet normal -8.715560e-02  9.961947e-01  0.000000e+00
    outer loop
      vertex  4.341204e-01 -6.962019e+00  3.000000e+00
      vertex -4.592425e-16 -7.000000e+00  0.000000e+00
      vertex -4.592425e-16 -7.000000e+00  3.000000e+00
    endloop
  endfacet
  facet normal  8.715560e-02  9.961947e-01  0.000000e+00
    outer loop
      vertex -4.592425e-16 -7.000000e+00  3.000000e+00
      vertex -4.592425e-16 -7.000000e+00  0.000000e+00
      vertex -4.341204e-01 -6.962019e+00  0.000000e+00
    endloop
  endfacet
  facet normal  8.715560e-02  9.961947e-01  -0.000000e+00
    outer loop
      vertex -4.592425e-16 -7.000000e+00  3.000000e+00
      vertex -4.341204e-01 -6.962019e+00  0.000000e+00
      vertex -4.341204e-01 -6.962019e+00  3.000000e+00
    endloop
  endfacet
  facet normal  2.588188e-01  9.659258e-01  0.000000e+00
    outer loop
      vertex -4.341204e-01 -6.962019e+00  3.000000e+00
      vertex -4.341204e-01 -6.962019e+00  0.000000e+00
      vertex -8.550504e-01 -6.849232e+00  0.000000e+00
    endloop
  endfacet
  facet normal  2.588188e-01  9.659258e-01  -0.000000e+00
    outer loop
      vertex -4.341204e-01 -6.962019e+00  3.000000e+00
      vertex -8.550504e-01 -6.849232e+00  0.000000e+00
      vertex -8.550504e-01 -6.849232e+00  3.000000e+00
    endloop
  endfacet
  facet normal  4.226189e-01  9.063075e-01  0.000000e+00
    outer loop
      vertex -8.550504e-01 -6.849232e+00  3.000000e+00
      vertex -8.550504e-01 -6.849232e+00  0.000000e+00
      vertex -1.250000e+00 -6.665063e+00  0.000000e+00
    endloop
  endfacet
  facet normal  4.226189e-01  9.063075e-01  -0.000000e+00
    outer loop
      vertex -8.550504e-01 -6.849232e+00  3.000000e+00
      vertex -1.250000e+00 -6.665063e+00  0.000000e+00
      vertex -1.250000e+00 -6.665063e+00  3.000000e+00
    endloop
  endfacet
  facet normal  5.735764e-01  8.191522e-01  0.000000e+00
    outer loop
      vertex -1.250000e+00 -6.665063e+00  3.000000e+00
      vertex -1.250000e+00 -6.665063e+00  0.000000e+00
      vertex -1.606969e+00 -6.415111e+00  0.000000e+00
    endloop
  endfacet
  facet normal  5.735764e-01  8.191522e-01  -0.000000e+00
    outer loop
      vertex -1.250000e+00 -6.665063e+00  3.000000e+00
      vertex -1.606969e+00 -6.415111e+00  0.000000e+00
      vertex -1.606969e+00 -6.415111e+00  3.000000e+00
    endloop
  endfacet
  facet normal  7.071069e-01  7.071066e-01  0.000000e+00
    outer loop
      vertex -1.606969e+00 -6.415111e+00  3.000000e+00
      vertex -1.606969e+00 -6.415111e+00  0.000000e+00
      vertex -1.915111e+00 -6.106969e+00  0.000000e+00
    endloop
  endfacet
  facet normal  7.071069e-01  7.071066e-01  -0.000000e+00
    outer loop
      vertex -1.606969e+00 -6.415111e+00  3.000000e+00
      vertex -1.915111e+00 -6.106969e+00  0.000000e+00
      vertex -1.915111e+00 -6.106969e+00  3.000000e+00
    endloop
  endfacet
  facet normal  8.191518e-01  5.735768e-01  0.000000e+00
    outer loop
      vertex -1.915111e+00 -6.106969e+00  3.000000e+00
      vertex -1.915111e+00 -6.106969e+00  0.000000e+00
      vertex -2.165064e+00 -5.750000e+00  0.000000e+00
    endloop
  endfacet
  facet normal  8.191518e-01  5.735768e-01  -0.000000e+00
    outer loop
      vertex -1.915111e+00 -6.106969e+00  3.000000e+00
      vertex -2.165064e+00 -5.750000e+00  0.000000e+00
      vertex -2.165064e+00 -5.750000e+00  3.000000e+00
    endloop
  endfacet
  facet normal  9.063079e-01  4.226181e-01  0.000000e+00
    outer loop
      vertex -2.165064e+00 -5.750000e+00  3.000000e+00
      vertex -2.165064e+00 -5.750000e+00  0.000000e+00
      vertex -2.349231e+00 -5.355051e+00  0.000000e+00
    endloop
  endfacet
  facet normal  9.063079e-01  4.226181e-01  -0.000000e+00
    outer loop
      vertex -2.165064e+00 -5.750000e+00  3.000000e+00
      vertex -2.349231e+00 -5.355051e+00  0.000000e+00
      vertex -2.349231e+00 -5.355051e+00  3.000000e+00
    endloop
  endfacet
  facet normal  9.659258e-01  2.588193e-01  0.000000e+00
    outer loop
      vertex -2.349231e+00 -5.355051e+00  3.000000e+00
      vertex -2.349231e+00 -5.355051e+00  0.000000e+00
      vertex -2.462019e+00 -4.934121e+00  0.000000e+00
    endloop
  endfacet
  facet normal  9.659258e-01  2.588193e-01  -0.000000e+00
    outer loop
      vertex -2.349231e+00 -5.355051e+00  3.000000e+00
      vertex -2.462019e+00 -4.934121e+00  0.000000e+00
      vertex -2.462019e+00 -4.934121e+00  3.000000e+00
    endloop
  endfacet
  facet normal  9.961947e-01  8.715556e-02  0.000000e+00
    outer loop
      vertex -2.462019e+00 -4.934121e+00  3.000000e+00
      vertex -2.462019e+00 -4.934121e+00  0.000000e+00
      vertex -2.500000e+00 -4.500000e+00  3.330669e-16
    endloop
  endfacet
  facet normal  9.961947e-01  8.715556e-02  -0.000000e+00
    outer loop
      vertex -2.462019e+00 -4.934121e+00  3.000000e+00
      vertex -2.500000e+00 -4.500000e+00  3.330669e-16
      vertex -2.500000e+00 -4.500000e+00  3.000000e+00
    endloop
  endfacet
  facet normal  -0.000000e+00  0.000000e+00 -1.000000e+00
    outer loop
      vertex -2.926355e-01 -5.971178e+00  3.000000e+00
      vertex -2.755455e-16 -6.000000e+00  3.000000e+00
      vertex -1.915111e+00 -6.106969e+00  3.000000e+00
    endloop
  endfacet
  facet normal  0.000000e+00  0.000000e+00 -1.000000e+00
    outer loop
      vertex  1.915111e+00 -6.106969e+00  3.000000e+00
      vertex  1.606969e+00 -6.415111e+00  3.000000e+00
      vertex -1.606969e+00 -6.415111e+00  3.000000e+00
    endloop
  endfacet
  facet normal  0.000000e+00  0.000000e+00 -1.000000e+00
    outer loop
      vertex  1.915111e+00 -6.106969e+00  3.000000e+00
      vertex -1.606969e+00 -6.415111e+00  3.000000e+00
      vertex -1.915111e+00 -6.106969e+00  3.000000e+00
    endloop
  endfacet
  facet normal  0.000000e+00  0.000000e+00 -9.999999e-01
    outer loop
      vertex  1.915111e+00 -6.106969e+00  3.000000e+00
      vertex -1.915111e+00 -6.106969e+00  3.000000e+00
      vertex -2.755455e-16 -6.000000e+00  3.000000e+00
    endloop
  endfacet
  facet normal  0.000000e+00  0.000000e+00 -1.000000e+00
    outer loop
      vertex  1.915111e+00 -6.106969e+00  3.000000e+00
      vertex -2.755455e-16 -6.000000e+00  3.000000e+00
      vertex  2.926355e-01 -5.971178e+00  3.000000e+00
    endloop
  endfacet
  facet normal  0.000000e+00  0.000000e+00 -1.000000e+00
    outer loop
      vertex  1.915111e+00 -6.106969e+00  3.000000e+00
      vertex  2.926355e-01 -5.971178e+00  3.000000e+00
      vertex  5.740252e-01 -5.885819e+00  3.000000e+00
    endloop
  endfacet
  facet normal  0.000000e+00  0.000000e+00 -9.999999e-01
    outer loop
      vertex  1.915111e+00 -6.106969e+00  3.000000e+00
      vertex  5.740252e-01 -5.885819e+00  3.000000e+00
      vertex  8.333554e-01 -5.747204e+00  3.000000e+00
    endloop
  endfacet
  facet normal  0.000000e+00  0.000000e+00 -1.000000e+00
    outer loop
      vertex  1.915111e+00 -6.106969e+00  3.000000e+00
      vertex  8.333554e-01 -5.747204e+00  3.000000e+00
      vertex  2.165064e+00 -5.750000e+00  3.000000e+00
    endloop
  endfacet
  facet normal  0.000000e+00  -0.000000e+00 -1.000000e+00
    outer loop
      vertex  1.385819e+00 -5.074025e+00  3.000000e+00
      vertex  1.471178e+00 -4.792635e+00  3.000000e+00
      vertex  2.462019e+00 -4.934121e+00  3.000000e+00
    endloop
  endfacet
  facet normal  0.000000e+00  0.000000e+00 -1.000000e+00
    outer loop
      vertex  2.462019e+00 -4.934121e+00  3.000000e+00
      vertex  1.471178e+00 -4.792635e+00  3.000000e+00
      vertex  1.500000e+00 -4.500000e+00  3.000000e+00
    endloop
  endfacet
  facet normal  0.000000e+00  0.000000e+00 -1.000000e+00
    outer loop
      vertex  2.462019e+00 -4.934121e+00  3.000000e+00
      vertex  1.500000e+00 -4.500000e+00  3.000000e+00
      vertex  2.500000e+00 -4.500000e+00  3.000000e+00
    endloop
  endfacet
  facet normal  0.000000e+00  -0.000000e+00 -1.000000e+00
    outer loop
      vertex  8.333554e-01 -5.747204e+00  3.000000e+00
      vertex  1.060660e+00 -5.560660e+00  3.000000e+00
      vertex  2.165064e+00 -5.750000e+00  3.000000e+00
    endloop
  endfacet
  facet normal  0.000000e+00  0.000000e+00 -1.000000e+00
    outer loop
      vertex  2.165064e+00 -5.750000e+00  3.000000e+00
      vertex  1.060660e+00 -5.560660e+00  3.000000e+00
      vertex  1.247204e+00 -5.333355e+00  3.000000e+00
    endloop
  endfacet
  facet normal  0.000000e+00  0.000000e+00 -1.000000e+00
    outer loop
      vertex  2.165064e+00 -5.750000e+00  3.000000e+00
      vertex  1.247204e+00 -5.333355e+00  3.000000e+00
      vertex  2.349231e+00 -5.355051e+00  3.000000e+00
    endloop
  endfacet
  facet normal  0.000000e+00  0.000000e+00 -1.000000e+00
    outer loop
      vertex  2.349231e+00 -5.355051e+00  3.000000e+00
      vertex  1.247204e+00 -5.333355e+00  3.000000e+00
      vertex  1.385819e+00 -5.074025e+00  3.000000e+00
    endloop
  endfacet
  facet normal  0.000000e+00  0.000000e+00 -1.000000e+00
    outer loop
      vertex  2.349231e+00 -5.355051e+00  3.000000e+00
      vertex  1.385819e+00 -5.074025e+00  3.000000e+00
      vertex  2.462019e+00 -4.934121e+00  3.000000e+00
    endloop
  endfacet
  facet normal  0.000000e+00  0.000000e+00 -1.000000e+00
    outer loop
      vertex -4.592425e-16 -7.000000e+00  3.000000e+00
      vertex -4.341204e-01 -6.962019e+00  3.000000e+00
      vertex  4.341204e-01 -6.962019e+00  3.000000e+00
    endloop
  endfacet
  facet normal  0.000000e+00  0.000000e+00 -1.000000e+00
    outer loop
      vertex  4.341204e-01 -6.962019e+00  3.000000e+00
      vertex -4.341204e-01 -6.962019e+00  3.000000e+00
      vertex -8.550504e-01 -6.849232e+00  3.000000e+00
    endloop
  endfacet
  facet normal  0.000000e+00  0.000000e+00 -1.000000e+00
    outer loop
      vertex  4.341204e-01 -6.962019e+00  3.000000e+00
      vertex -8.550504e-01 -6.849232e+00  3.000000e+00
      vertex  8.550504e-01 -6.849232e+00  3.000000e+00
    endloop
  endfacet
  facet normal  0.000000e+00  0.000000e+00 -1.000000e+00
    outer loop
      vertex  8.550504e-01 -6.849232e+00  3.000000e+00
      vertex -8.550504e-01 -6.849232e+00  3.000000e+00
      vertex -1.250000e+00 -6.665063e+00  3.000000e+00
    endloop
  endfacet
  facet normal  0.000000e+00  0.000000e+00 -1.000000e+00
    outer loop
      vertex  8.550504e-01 -6.849232e+00  3.000000e+00
      vertex -1.250000e+00 -6.665063e+00  3.000000e+00
      vertex  1.250000e+00 -6.665063e+00  3.000000e+00
    endloop
  endfacet
  facet normal  0.000000e+00  0.000000e+00 -1.000000e+00
    outer loop
      vertex  1.250000e+00 -6.665063e+00  3.000000e+00
      vertex -1.250000e+00 -6.665063e+00  3.000000e+00
      vertex -1.606969e+00 -6.415111e+00  3.000000e+00
    endloop
  endfacet
  facet normal  0.000000e+00  0.000000e+00 -1.000000e+00
    outer loop
      vertex  1.250000e+00 -6.665063e+00  3.000000e+00
      vertex -1.606969e+00 -6.415111e+00  3.000000e+00
      vertex  1.606969e+00 -6.415111e+00  3.000000e+00
    endloop
  endfacet
  facet normal  0.000000e+00  0.000000e+00 -1.000000e+00
    outer loop
      vertex -1.385819e+00 -5.074025e+00  3.000000e+00
      vertex -2.462019e+00 -4.934121e+00  3.000000e+00
      vertex -1.471178e+00 -4.792635e+00  3.000000e+00
    endloop
  endfacet
  facet normal  -0.000000e+00  0.000000e+00 -1.000000e+00
    outer loop
      vertex -1.471178e+00 -4.792635e+00  3.000000e+00
      vertex -2.462019e+00 -4.934121e+00  3.000000e+00
      vertex -2.500000e+00 -4.500000e+00  3.000000e+00
    endloop
  endfacet
  facet normal  0.000000e+00  0.000000e+00 -1.000000e+00
    outer loop
      vertex -1.471178e+00 -4.792635e+00  3.000000e+00
      vertex -2.500000e+00 -4.500000e+00  3.000000e+00
      vertex -1.500000e+00 -4.500000e+00  3.000000e+00
    endloop
  endfacet
  facet normal  0.000000e+00  0.000000e+00 -1.000000e+00
    outer loop
      vertex -8.333554e-01 -5.747204e+00  3.000000e+00
      vertex -2.165064e+00 -5.750000e+00  3.000000e+00
      vertex -1.060660e+00 -5.560660e+00  3.000000e+00
    endloop
  endfacet
  facet normal  -0.000000e+00  0.000000e+00 -1.000000e+00
    outer loop
      vertex -1.060660e+00 -5.560660e+00  3.000000e+00
      vertex -2.165064e+00 -5.750000e+00  3.000000e+00
      vertex -2.349231e+00 -5.355051e+00  3.000000e+00
    endloop
  endfacet
  facet normal  0.000000e+00  0.000000e+00 -1.000000e+00
    outer loop
      vertex -1.060660e+00 -5.560660e+00  3.000000e+00
      vertex -2.349231e+00 -5.355051e+00  3.000000e+00
      vertex -1.247204e+00 -5.333355e+00  3.000000e+00
    endloop
  endfacet
  facet normal  -0.000000e+00  0.000000e+00 -1.000000e+00
    outer loop
      vertex -1.247204e+00 -5.333355e+00  3.000000e+00
      vertex -2.349231e+00 -5.355051e+00  3.000000e+00
      vertex -2.462019e+00 -4.934121e+00  3.000000e+00
    endloop
  endfacet
  facet normal  0.000000e+00  0.000000e+00 -1.000000e+00
    outer loop
      vertex -1.247204e+00 -5.333355e+00  3.000000e+00
      vertex -2.462019e+00 -4.934121e+00  3.000000e+00
      vertex -1.385819e+00 -5.074025e+00  3.000000e+00
    endloop
  endfacet
  facet normal  0.000000e+00  0.000000e+00 -1.000000e+00
    outer loop
      vertex -2.926355e-01 -5.971178e+00  3.000000e+00
      vertex -1.915111e+00 -6.106969e+00  3.000000e+00
      vertex -5.740252e-01 -5.885819e+00  3.000000e+00
    endloop
  endfacet
  facet normal  -0.000000e+00  0.000000e+00 -1.000000e+00
    outer loop
      vertex -5.740252e-01 -5.885819e+00  3.000000e+00
      vertex -1.915111e+00 -6.106969e+00  3.000000e+00
      vertex -2.165064e+00 -5.750000e+00  3.000000e+00
    endloop
  endfacet
  facet normal  0.000000e+00  0.000000e+00 -1.000000e+00
    outer loop
      vertex -5.740252e-01 -5.885819e+00  3.000000e+00
      vertex -2.165064e+00 -5.750000e+00  3.000000e+00
      vertex -8.333554e-01 -5.747204e+00  3.000000e+00
    endloop
  endfacet
  facet normal  9.801731e-02 -9.951847e-01  0.000000e+00
    outer loop
      vertex  4.000000e+00  2.000000e+00  0.000000e+00
      vertex  3.609819e+00  1.961571e+00  3.000000e+00
      vertex  3.609819e+00  1.961571e+00  0.000000e+00
    endloop
  endfacet
  facet normal  2.902847e-01 -9.569404e-01  0.000000e+00
    outer loop
      vertex  3.609819e+00  1.961571e+00  0.000000e+00
      vertex  3.609819e+00  1.961571e+00  3.000000e+00
      vertex  3.234633e+00  1.847759e+00  3.000000e+00
    endloop
  endfacet
  facet normal  2.902847e-01 -9.569404e-01  0.000000e+00
    outer loop
      vertex  3.609819e+00  1.961571e+00  0.000000e+00
      vertex  3.234633e+00  1.847759e+00  3.000000e+00
      vertex  3.234633e+00  1.847759e+00  0.000000e+00
    endloop
  endfacet
  facet normal  4.713966e-01 -8.819214e-01  0.000000e+00
    outer loop
      vertex  3.234633e+00  1.847759e+00  0.000000e+00
      vertex  3.234633e+00  1.847759e+00  3.000000e+00
      vertex  2.888860e+00  1.662939e+00  3.000000e+00
    endloop
  endfacet
  facet normal  4.713966e-01 -8.819214e-01  0.000000e+00
    outer loop
      vertex  3.234633e+00  1.847759e+00  0.000000e+00
      vertex  2.888860e+00  1.662939e+00  3.000000e+00
      vertex  2.888860e+00  1.662939e+00  0.000000e+00
    endloop
  endfacet
  facet normal  6.343932e-01 -7.730105e-01  0.000000e+00
    outer loop
      vertex  2.888860e+00  1.662939e+00  0.000000e+00
      vertex  2.888860e+00  1.662939e+00  3.000000e+00
      vertex  2.585786e+00  1.414214e+00  3.000000e+00
    endloop
  endfacet
  facet normal  6.343932e-01 -7.730105e-01  0.000000e+00
    outer loop
      vertex  2.888860e+00  1.662939e+00  0.000000e+00
      vertex  2.585786e+00  1.414214e+00  3.000000e+00
      vertex  2.585786e+00  1.414214e+00  0.000000e+00
    endloop
  endfacet
  facet normal  7.730104e-01 -6.343933e-01  0.000000e+00
    outer loop
      vertex  2.585786e+00  1.414214e+00  0.000000e+00
      vertex  2.585786e+00  1.414214e+00  3.000000e+00
      vertex  2.337061e+00  1.111140e+00  3.000000e+00
    endloop
  endfacet
  facet normal  7.730104e-01 -6.343933e-01  0.000000e+00
    outer loop
      vertex  2.585786e+00  1.414214e+00  0.000000e+00
      vertex  2.337061e+00  1.111140e+00  3.000000e+00
      vertex  2.337061e+00  1.111140e+00  0.000000e+00
    endloop
  endfacet
  facet normal  8.819214e-01 -4.713964e-01  0.000000e+00
    outer loop
      vertex  2.337061e+00  1.111140e+00  0.000000e+00
      vertex  2.337061e+00  1.111140e+00  3.000000e+00
      vertex  2.152241e+00  7.653669e-01  3.000000e+00
    endloop
  endfacet
  facet normal  8.819214e-01 -4.713964e-01  0.000000e+00
    outer loop
      vertex  2.337061e+00  1.111140e+00  0.000000e+00
      vertex  2.152241e+00  7.653669e-01  3.000000e+00
      vertex  2.152241e+00  7.653669e-01  0.000000e+00
    endloop
  endfacet
  facet normal  9.569404e-01 -2.902847e-01  0.000000e+00
    outer loop
      vertex  2.152241e+00  7.653669e-01  0.000000e+00
      vertex  2.152241e+00  7.653669e-01  3.000000e+00
      vertex  2.038429e+00  3.901806e-01  3.000000e+00
    endloop
  endfacet
  facet normal  9.569404e-01 -2.902847e-01  0.000000e+00
    outer loop
      vertex  2.152241e+00  7.653669e-01  0.000000e+00
      vertex  2.038429e+00  3.901806e-01  3.000000e+00
      vertex  2.038429e+00  3.901806e-01  0.000000e+00
    endloop
  endfacet
  facet normal  9.951848e-01 -9.801729e-02  0.000000e+00
    outer loop
      vertex  2.038429e+00  3.901806e-01  0.000000e+00
      vertex  2.038429e+00  3.901806e-01  3.000000e+00
      vertex  2.000000e+00  2.449294e-16  3.000000e+00
    endloop
  endfacet
  facet normal  9.951848e-01 -9.801729e-02  0.000000e+00
    outer loop
      vertex  2.038429e+00  3.901806e-01  0.000000e+00
      vertex  2.000000e+00  2.449294e-16  3.000000e+00
      vertex  2.000000e+00  2.449294e-16  0.000000e+00
    endloop
  endfacet
  facet normal  9.801731e-02 -9.951847e-01  0.000000e+00
    outer loop
      vertex  3.609819e+00  1.961571e+00  3.000000e+00
      vertex  4.000000e+00  2.000000e+00  0.000000e+00
      vertex  4.000000e+00  2.000000e+00  3.000000e+00
    endloop
  endfacet
  facet normal -9.801731e-02 -9.951847e-01  -0.000000e+00
    outer loop
      vertex  4.000000e+00  2.000000e+00  3.000000e+00
      vertex  4.000000e+00  2.000000e+00  0.000000e+00
      vertex  4.390181e+00  1.961571e+00  0.000000e+00
    endloop
  endfacet
  facet normal -9.801731e-02 -9.951847e-01  0.000000e+00
    outer loop
      vertex  4.000000e+00  2.000000e+00  3.000000e+00
      vertex  4.390181e+00  1.961571e+00  0.000000e+00
      vertex  4.390181e+00  1.961571e+00  3.000000e+00
    endloop
  endfacet
  facet normal -2.902845e-01 -9.569404e-01  -0.000000e+00
    outer loop
      vertex  4.390181e+00  1.961571e+00  3.000000e+00
      vertex  4.390181e+00  1.961571e+00  0.000000e+00
      vertex  4.765367e+00  1.847759e+00  0.000000e+00
    endloop
  endfacet
  facet normal -2.902845e-01 -9.569404e-01  0.000000e+00
    outer loop
      vertex  4.390181e+00  1.961571e+00  3.000000e+00
      vertex  4.765367e+00  1.847759e+00  0.000000e+00
      vertex  4.765367e+00  1.847759e+00  3.000000e+00
    endloop
  endfacet
  facet normal -4.713971e-01 -8.819211e-01  -0.000000e+00
    outer loop
      vertex  4.765367e+00  1.847759e+00  3.000000e+00
      vertex  4.765367e+00  1.847759e+00  0.000000e+00
      vertex  5.111140e+00  1.662939e+00  0.000000e+00
    endloop
  endfacet
  facet normal -4.713971e-01 -8.819211e-01  0.000000e+00
    outer loop
      vertex  4.765367e+00  1.847759e+00  3.000000e+00
      vertex  5.111140e+00  1.662939e+00  0.000000e+00
      vertex  5.111140e+00  1.662939e+00  3.000000e+00
    endloop
  endfacet
  facet normal -6.343929e-01 -7.730108e-01  -0.000000e+00
    outer loop
      vertex  5.111140e+00  1.662939e+00  3.000000e+00
      vertex  5.111140e+00  1.662939e+00  0.000000e+00
      vertex  5.414214e+00  1.414214e+00  0.000000e+00
    endloop
  endfacet
  facet normal -6.343929e-01 -7.730108e-01  0.000000e+00
    outer loop
      vertex  5.111140e+00  1.662939e+00  3.000000e+00
      vertex  5.414214e+00  1.414214e+00  0.000000e+00
      vertex  5.414214e+00  1.414214e+00  3.000000e+00
    endloop
  endfacet
  facet normal -7.730107e-01 -6.343930e-01  -0.000000e+00
    outer loop
      vertex  5.414214e+00  1.414214e+00  3.000000e+00
      vertex  5.414214e+00  1.414214e+00  0.000000e+00
      vertex  5.662939e+00  1.111140e+00  0.000000e+00
    endloop
  endfacet
  facet normal -7.730107e-01 -6.343930e-01  0.000000e+00
    outer loop
      vertex  5.414214e+00  1.414214e+00  3.000000e+00
      vertex  5.662939e+00  1.111140e+00  0.000000e+00
      vertex  5.662939e+00  1.111140e+00  3.000000e+00
    endloop
  endfacet
  facet normal -8.819209e-01 -4.713974e-01  -0.000000e+00
    outer loop
      vertex  5.662939e+00  1.111140e+00  3.000000e+00
      vertex  5.662939e+00  1.111140e+00  0.000000e+00
      vertex  5.847759e+00  7.653669e-01  0.000000e+00
    endloop
  endfacet
  facet normal -8.819209e-01 -4.713974e-01  0.000000e+00
    outer loop
      vertex  5.662939e+00  1.111140e+00  3.000000e+00
      vertex  5.847759e+00  7.653669e-01  0.000000e+00
      vertex  5.847759e+00  7.653669e-01  3.000000e+00
    endloop
  endfacet
  facet normal -9.569404e-01 -2.902847e-01  -0.000000e+00
    outer loop
      vertex  5.847759e+00  7.653669e-01  3.000000e+00
      vertex  5.847759e+00  7.653669e-01  0.000000e+00
      vertex  5.961571e+00  3.901806e-01  0.000000e+00
    endloop
  endfacet
  facet normal -9.569404e-01 -2.902847e-01  0.000000e+00
    outer loop
      vertex  5.847759e+00  7.653669e-01  3.000000e+00
      vertex  5.961571e+00  3.901806e-01  0.000000e+00
      vertex  5.961571e+00  3.901806e-01  3.000000e+00
    endloop
  endfacet
  facet normal -9.951848e-01 -9.801669e-02  -0.000000e+00
    outer loop
      vertex  5.961571e+00  3.901806e-01  3.000000e+00
      vertex  5.961571e+00  3.901806e-01  0.000000e+00
      vertex  6.000000e+00  0.000000e+00  0.000000e+00
    endloop
  endfacet
  facet normal -9.951848e-01 -9.801669e-02  0.000000e+00
    outer loop
      vertex  5.961571e+00  3.901806e-01  3.000000e+00
      vertex  6.000000e+00  0.000000e+00  0.000000e+00
      vertex  6.000000e+00  0.000000e+00  3.000000e+00
    endloop
  endfacet
  facet normal -9.801731e-02  9.951847e-01  0.000000e+00
    outer loop
      vertex  4.000000e+00 -2.000000e+00  0.000000e+00
      vertex  4.390181e+00 -1.961571e+00  3.000000e+00
      vertex  4.390181e+00 -1.961571e+00  0.000000e+00
    endloop
  endfacet
  facet normal -2.902845e-01  9.569404e-01  0.000000e+00
    outer loop
      vertex  4.390181e+00 -1.961571e+00  0.000000e+00
      vertex  4.390181e+00 -1.961571e+00  3.000000e+00
      vertex  4.765367e+00 -1.847759e+00  3.000000e+00
    endloop
  endfacet
  facet normal -2.902845e-01  9.569404e-01  0.000000e+00
    outer loop
      vertex  4.390181e+00 -1.961571e+00  0.000000e+00
      vertex  4.765367e+00 -1.847759e+00  3.000000e+00
      vertex  4.765367e+00 -1.847759e+00  0.000000e+00
    endloop
  endfacet
  facet normal -4.713971e-01  8.819211e-01  0.000000e+00
    outer loop
      vertex  4.765367e+00 -1.847759e+00  0.000000e+00
      vertex  4.765367e+00 -1.847759e+00  3.000000e+00
      vertex  5.111140e+00 -1.662939e+00  3.000000e+00
    endloop
  endfacet
  facet normal -4.713971e-01  8.819211e-01  0.000000e+00
    outer loop
      vertex  4.765367e+00 -1.847759e+00  0.000000e+00
      vertex  5.111140e+00 -1.662939e+00  3.000000e+00
      vertex  5.111140e+00 -1.662939e+00  0.000000e+00
    endloop
  endfacet
  facet normal -6.343929e-01  7.730108e-01  0.000000e+00
    outer loop
      vertex  5.111140e+00 -1.662939e+00  0.000000e+00
      vertex  5.111140e+00 -1.662939e+00  3.000000e+00
      vertex  5.414214e+00 -1.414214e+00  3.000000e+00
    endloop
  endfacet
  facet normal -6.343929e-01  7.730108e-01  0.000000e+00
    outer loop
      vertex  5.111140e+00 -1.662939e+00  0.000000e+00
      vertex  5.414214e+00 -1.414214e+00  3.000000e+00
      vertex  5.414214e+00 -1.414214e+00  0.000000e+00
    endloop
  endfacet
  facet normal -7.730107e-01  6.343930e-01  0.000000e+00
    outer loop
      vertex  5.414214e+00 -1.414214e+00  0.000000e+00
      vertex  5.414214e+00 -1.414214e+00  3.000000e+00
      vertex  5.662939e+00 -1.111140e+00  3.000000e+00
    endloop
  endfacet
  facet normal -7.730107e-01  6.343930e-01  0.000000e+00
    outer loop
      vertex  5.414214e+00 -1.414214e+00  0.000000e+00
      vertex  5.662939e+00 -1.111140e+00  3.000000e+00
      vertex  5.662939e+00 -1.111140e+00  0.000000e+00
    endloop
  endfacet
  facet normal -8.819209e-01  4.713974e-01  0.000000e+00
    outer loop
      vertex  5.662939e+00 -1.111140e+00  0.000000e+00
      vertex  5.662939e+00 -1.111140e+00  3.000000e+00
      vertex  5.847759e+00 -7.653669e-01  3.000000e+00
    endloop
  endfacet
  facet normal -8.819209e-01  4.713974e-01  0.000000e+00
    outer loop
      vertex  5.662939e+00 -1.111140e+00  0.000000e+00
      vertex  5.847759e+00 -7.653669e-01  3.000000e+00
      vertex  5.847759e+00 -7.653669e-01  0.000000e+00
    endloop
  endfacet
  facet normal -9.569404e-01  2.902847e-01  0.000000e+00
    outer loop
      vertex  5.847759e+00 -7.653669e-01  0.000000e+00
      vertex  5.847759e+00 -7.653669e-01  3.000000e+00
      vertex  5.961571e+00 -3.901806e-01  3.000000e+00
    endloop
  endfacet
  facet normal -9.569404e-01  2.902847e-01  0.000000e+00
    outer loop
      vertex  5.847759e+00 -7.653669e-01  0.000000e+00
      vertex  5.961571e+00 -3.901806e-01  3.000000e+00
      vertex  5.961571e+00 -3.901806e-01  0.000000e+00
    endloop
  endfacet
  facet normal -9.951848e-01  9.801669e-02  0.000000e+00
    outer loop
      vertex  5.961571e+00 -3.901806e-01  0.000000e+00
      vertex  5.961571e+00 -3.901806e-01  3.000000e+00
      vertex  6.000000e+00  0.000000e+00  3.000000e+00
    endloop
  endfacet
  facet normal -9.951848e-01  9.801669e-02  0.000000e+00
    outer loop
      vertex  5.961571e+00 -3.901806e-01  0.000000e+00
      vertex  6.000000e+00  0.000000e+00  3.000000e+00
      vertex  6.000000e+00  0.000000e+00  0.000000e+00
    endloop
  endfacet
  facet normal -9.801731e-02  9.951847e-01  0.000000e+00
    outer loop
      vertex  4.390181e+00 -1.961571e+00  3.000000e+00
      vertex  4.000000e+00 -2.000000e+00  0.000000e+00
      vertex  4.000000e+00 -2.000000e+00  3.000000e+00
    endloop
  endfacet
  facet normal  9.801731e-02  9.951847e-01  0.000000e+00
    outer loop
      vertex  4.000000e+00 -2.000000e+00  3.000000e+00
      vertex  4.000000e+00 -2.000000e+00  0.000000e+00
      vertex  3.609819e+00 -1.961571e+00  0.000000e+00
    endloop
  endfacet
  facet normal  9.801731e-02  9.951847e-01  -0.000000e+00
    outer loop
      vertex  4.000000e+00 -2.000000e+00  3.000000e+00
      vertex  3.609819e+00 -1.961571e+00  0.000000e+00
      vertex  3.609819e+00 -1.961571e+00  3.000000e+00
    endloop
  endfacet
  facet normal  2.902847e-01  9.569404e-01  0.000000e+00
    outer loop
      vertex  3.609819e+00 -1.961571e+00  3.000000e+00
      vertex  3.609819e+00 -1.961571e+00  0.000000e+00
      vertex  3.234633e+00 -1.847759e+00  0.000000e+00
    endloop
  endfacet
  facet normal  2.902847e-01  9.569404e-01  -0.000000e+00
    outer loop
      vertex  3.609819e+00 -1.961571e+00  3.000000e+00
      vertex  3.234633e+00 -1.847759e+00  0.000000e+00
      vertex  3.234633e+00 -1.847759e+00  3.000000e+00
    endloop
  endfacet
  facet normal  4.713966e-01  8.819214e-01  0.000000e+00
    outer loop
      vertex  3.234633e+00 -1.847759e+00  3.000000e+00
      vertex  3.234633e+00 -1.847759e+00  0.000000e+00
      vertex  2.888860e+00 -1.662939e+00  0.000000e+00
    endloop
  endfacet
  facet normal  4.713966e-01  8.819214e-01  -0.000000e+00
    outer loop
      vertex  3.234633e+00 -1.847759e+00  3.000000e+00
      vertex  2.888860e+00 -1.662939e+00  0.000000e+00
      vertex  2.888860e+00 -1.662939e+00  3.000000e+00
    endloop
  endfacet
  facet normal  6.343932e-01  7.730105e-01  0.000000e+00
    outer loop
      vertex  2.888860e+00 -1.662939e+00  3.000000e+00
      vertex  2.888860e+00 -1.662939e+00  0.000000e+00
      vertex  2.585786e+00 -1.414214e+00  0.000000e+00
    endloop
  endfacet
  facet normal  6.343932e-01  7.730105e-01  -0.000000e+00
    outer loop
      vertex  2.888860e+00 -1.662939e+00  3.000000e+00
      vertex  2.585786e+00 -1.414214e+00  0.000000e+00
      vertex  2.585786e+00 -1.414214e+00  3.000000e+00
    endloop
  endfacet
  facet normal  7.730104e-01  6.343933e-01  0.000000e+00
    outer loop
      vertex  2.585786e+00 -1.414214e+00  3.000000e+00
      vertex  2.585786e+00 -1.414214e+00  0.000000e+00
      vertex  2.337061e+00 -1.111140e+00  0.000000e+00
    endloop
  endfacet
  facet normal  7.730104e-01  6.343933e-01  -0.000000e+00
    outer loop
      vertex  2.585786e+00 -1.414214e+00  3.000000e+00
      vertex  2.337061e+00 -1.111140e+00  0.000000e+00
      vertex  2.337061e+00 -1.111140e+00  3.000000e+00
    endloop
  endfacet
  facet normal  8.819214e-01  4.713964e-01  0.000000e+00
    outer loop
      vertex  2.337061e+00 -1.111140e+00  3.000000e+00
      vertex  2.337061e+00 -1.111140e+00  0.000000e+00
      vertex  2.152241e+00 -7.653669e-01  0.000000e+00
    endloop
  endfacet
  facet normal  8.819214e-01  4.713964e-01  -0.000000e+00
    outer loop
      vertex  2.337061e+00 -1.111140e+00  3.000000e+00
      vertex  2.152241e+00 -7.653669e-01  0.000000e+00
      vertex  2.152241e+00 -7.653669e-01  3.000000e+00
    endloop
  endfacet
  facet normal  9.569404e-01  2.902847e-01  0.000000e+00
    outer loop
      vertex  2.152241e+00 -7.653669e-01  3.000000e+00
      vertex  2.152241e+00 -7.653669e-01  0.000000e+00
      vertex  2.038429e+00 -3.901806e-01  0.000000e+00
    endloop
  endfacet
  facet normal  9.569404e-01  2.902847e-01  -0.000000e+00
    outer loop
      vertex  2.152241e+00 -7.653669e-01  3.000000e+00
      vertex  2.038429e+00 -3.901806e-01  0.000000e+00
      vertex  2.038429e+00 -3.901806e-01  3.000000e+00
    endloop
  endfacet
  facet normal  9.951848e-01  9.801729e-02  0.000000e+00
    outer loop
      vertex  2.038429e+00 -3.901806e-01  3.000000e+00
      vertex  2.038429e+00 -3.901806e-01  0.000000e+00
      vertex  2.000000e+00  2.449294e-16  0.000000e+00
    endloop
  endfacet
  facet normal  9.951848e-01  9.801729e-02  -0.000000e+00
    outer loop
      vertex  2.038429e+00 -3.901806e-01  3.000000e+00
      vertex  2.000000e+00  2.449294e-16  0.000000e+00
      vertex  2.000000e+00  2.449294e-16  3.000000e+00
    endloop
  endfacet
  facet normal -9.801655e-02  9.951848e-01  0.000000e+00
    outer loop
      vertex -9.500000e+00 -6.000000e+00  0.000000e+00
      vertex -9.207364e+00 -5.971178e+00  6.000000e+00
      vertex -9.207364e+00 -5.971178e+00  0.000000e+00
    endloop
  endfacet
  facet normal -2.902851e-01  9.569402e-01  0.000000e+00
    outer loop
      vertex -9.207364e+00 -5.971178e+00  0.000000e+00
      vertex -9.207364e+00 -5.971178e+00  6.000000e+00
      vertex -8.925975e+00 -5.885819e+00  6.000000e+00
    endloop
  endfacet
  facet normal -2.902851e-01  9.569402e-01  0.000000e+00
    outer loop
      vertex -9.207364e+00 -5.971178e+00  0.000000e+00
      vertex -8.925975e+00 -5.885819e+00  6.000000e+00
      vertex -8.925975e+00 -5.885819e+00  0.000000e+00
    endloop
  endfacet
  facet normal -4.713980e-01  8.819206e-01  0.000000e+00
    outer loop
      vertex -8.925975e+00 -5.885819e+00  0.000000e+00
      vertex -8.925975e+00 -5.885819e+00  6.000000e+00
      vertex -8.666645e+00 -5.747204e+00  6.000000e+00
    endloop
  endfacet
  facet normal -4.713980e-01  8.819206e-01  0.000000e+00
    outer loop
      vertex -8.925975e+00 -5.885819e+00  0.000000e+00
      vertex -8.666645e+00 -5.747204e+00  6.000000e+00
      vertex -8.666645e+00 -5.747204e+00  0.000000e+00
    endloop
  endfacet
  facet normal -6.343917e-01  7.730118e-01  0.000000e+00
    outer loop
      vertex -8.666645e+00 -5.747204e+00  0.000000e+00
      vertex -8.666645e+00 -5.747204e+00  6.000000e+00
      vertex -8.439340e+00 -5.560660e+00  6.000000e+00
    endloop
  endfacet
  facet normal -6.343917e-01  7.730118e-01  0.000000e+00
    outer loop
      vertex -8.666645e+00 -5.747204e+00  0.000000e+00
      vertex -8.439340e+00 -5.560660e+00  6.000000e+00
      vertex -8.439340e+00 -5.560660e+00  0.000000e+00
    endloop
  endfacet
  facet normal -7.730103e-01  6.343935e-01  0.000000e+00
    outer loop
      vertex -8.439340e+00 -5.560660e+00  0.000000e+00
      vertex -8.439340e+00 -5.560660e+00  6.000000e+00
      vertex -8.252795e+00 -5.333355e+00  6.000000e+00
    endloop
  endfacet
  facet normal -7.730103e-01  6.343935e-01  0.000000e+00
    outer loop
      vertex -8.439340e+00 -5.560660e+00  0.000000e+00
      vertex -8.252795e+00 -5.333355e+00  6.000000e+00
      vertex -8.252795e+00 -5.333355e+00  0.000000e+00
    endloop
  endfacet
  facet normal -8.819216e-01  4.713961e-01  0.000000e+00
    outer loop
      vertex -8.252795e+00 -5.333355e+00  0.000000e+00
      vertex -8.252795e+00 -5.333355e+00  6.000000e+00
      vertex -8.114181e+00 -5.074025e+00  6.000000e+00
    endloop
  endfacet
  facet normal -8.819216e-01  4.713961e-01  0.000000e+00
    outer loop
      vertex -8.252795e+00 -5.333355e+00  0.000000e+00
      vertex -8.114181e+00 -5.074025e+00  6.000000e+00
      vertex -8.114181e+00 -5.074025e+00  0.000000e+00
    endloop
  endfacet
  facet normal -9.569404e-01  2.902846e-01  0.000000e+00
    outer loop
      vertex -8.114181e+00 -5.074025e+00  0.000000e+00
      vertex -8.114181e+00 -5.074025e+00  6.000000e+00
      vertex -8.028822e+00 -4.792635e+00  6.000000e+00
    endloop
  endfacet
  facet normal -9.569404e-01  2.902846e-01  0.000000e+00
    outer loop
      vertex -8.114181e+00 -5.074025e+00  0.000000e+00
      vertex -8.028822e+00 -4.792635e+00  6.000000e+00
      vertex -8.028822e+00 -4.792635e+00  0.000000e+00
    endloop
  endfacet
  facet normal -9.951848e-01  9.801670e-02  0.000000e+00
    outer loop
      vertex -8.028822e+00 -4.792635e+00  0.000000e+00
      vertex -8.028822e+00 -4.792635e+00  6.000000e+00
      vertex -8.000000e+00 -4.500000e+00  6.000000e+00
    endloop
  endfacet
  facet normal -9.951848e-01  9.801670e-02  0.000000e+00
    outer loop
      vertex -8.028822e+00 -4.792635e+00  0.000000e+00
      vertex -8.000000e+00 -4.500000e+00  6.000000e+00
      vertex -8.000000e+00 -4.500000e+00  0.000000e+00
    endloop
  endfacet
  facet normal -9.801655e-02  9.951848e-01  0.000000e+00
    outer loop
      vertex -9.207364e+00 -5.971178e+00  6.000000e+00
      vertex -9.500000e+00 -6.000000e+00  0.000000e+00
      vertex -9.500000e+00 -6.000000e+00  6.000000e+00
    endloop
  endfacet
  facet normal  9.801655e-02  9.951848e-01  0.000000e+00
    outer loop
      vertex -9.500000e+00 -6.000000e+00  6.000000e+00
      vertex -9.500000e+00 -6.000000e+00  0.000000e+00
      vertex -9.792636e+00 -5.971178e+00  0.000000e+00
    endloop
  endfacet
  facet normal  9.801655e-02  9.951848e-01  -0.000000e+00
    outer loop
      vertex -9.500000e+00 -6.000000e+00  6.000000e+00
      vertex -9.792636e+00 -5.971178e+00  0.000000e+00
      vertex -9.792636e+00 -5.971178e+00  6.000000e+00
    endloop
  endfacet
  facet normal  2.902851e-01  9.569402e-01  0.000000e+00
    outer loop
      vertex -9.792636e+00 -5.971178e+00  6.000000e+00
      vertex -9.792636e+00 -5.971178e+00  0.000000e+00
      vertex -1.007403e+01 -5.885819e+00  0.000000e+00
    endloop
  endfacet
  facet normal  2.902851e-01  9.569402e-01  -0.000000e+00
    outer loop
      vertex -9.792636e+00 -5.971178e+00  6.000000e+00
      vertex -1.007403e+01 -5.885819e+00  0.000000e+00
      vertex -1.007403e+01 -5.885819e+00  6.000000e+00
    endloop
  endfacet
  facet normal  4.713980e-01  8.819206e-01  0.000000e+00
    outer loop
      vertex -1.007403e+01 -5.885819e+00  6.000000e+00
      vertex -1.007403e+01 -5.885819e+00  0.000000e+00
      vertex -1.033335e+01 -5.747204e+00  0.000000e+00
    endloop
  endfacet
  facet normal  4.713980e-01  8.819206e-01  -0.000000e+00
    outer loop
      vertex -1.007403e+01 -5.885819e+00  6.000000e+00
      vertex -1.033335e+01 -5.747204e+00  0.000000e+00
      vertex -1.033335e+01 -5.747204e+00  6.000000e+00
    endloop
  endfacet
  facet normal  6.343917e-01  7.730118e-01  0.000000e+00
    outer loop
      vertex -1.033335e+01 -5.747204e+00  6.000000e+00
      vertex -1.033335e+01 -5.747204e+00  0.000000e+00
      vertex -1.056066e+01 -5.560660e+00  0.000000e+00
    endloop
  endfacet
  facet normal  6.343917e-01  7.730118e-01  -0.000000e+00
    outer loop
      vertex -1.033335e+01 -5.747204e+00  6.000000e+00
      vertex -1.056066e+01 -5.560660e+00  0.000000e+00
      vertex -1.056066e+01 -5.560660e+00  6.000000e+00
    endloop
  endfacet
  facet normal  7.730103e-01  6.343935e-01  0.000000e+00
    outer loop
      vertex -1.056066e+01 -5.560660e+00  6.000000e+00
      vertex -1.056066e+01 -5.560660e+00  0.000000e+00
      vertex -1.074720e+01 -5.333355e+00  0.000000e+00
    endloop
  endfacet
  facet normal  7.730103e-01  6.343935e-01  -0.000000e+00
    outer loop
      vertex -1.056066e+01 -5.560660e+00  6.000000e+00
      vertex -1.074720e+01 -5.333355e+00  0.000000e+00
      vertex -1.074720e+01 -5.333355e+00  6.000000e+00
    endloop
  endfacet
  facet normal  8.819216e-01  4.713961e-01  0.000000e+00
    outer loop
      vertex -1.074720e+01 -5.333355e+00  6.000000e+00
      vertex -1.074720e+01 -5.333355e+00  0.000000e+00
      vertex -1.088582e+01 -5.074025e+00  0.000000e+00
    endloop
  endfacet
  facet normal  8.819216e-01  4.713961e-01  -0.000000e+00
    outer loop
      vertex -1.074720e+01 -5.333355e+00  6.000000e+00
      vertex -1.088582e+01 -5.074025e+00  0.000000e+00
      vertex -1.088582e+01 -5.074025e+00  6.000000e+00
    endloop
  endfacet
  facet normal  9.569404e-01  2.902846e-01  0.000000e+00
    outer loop
      vertex -1.088582e+01 -5.074025e+00  6.000000e+00
      vertex -1.088582e+01 -5.074025e+00  0.000000e+00
      vertex -1.097118e+01 -4.792635e+00  0.000000e+00
    endloop
  endfacet
  facet normal  9.569404e-01  2.902846e-01  -0.000000e+00
    outer loop
      vertex -1.088582e+01 -5.074025e+00  6.000000e+00
      vertex -1.097118e+01 -4.792635e+00  0.000000e+00
      vertex -1.097118e+01 -4.792635e+00  6.000000e+00
    endloop
  endfacet
  facet normal  9.951848e-01  9.801670e-02  0.000000e+00
    outer loop
      vertex -1.097118e+01 -4.792635e+00  6.000000e+00
      vertex -1.097118e+01 -4.792635e+00  0.000000e+00
      vertex -1.100000e+01 -4.500000e+00  0.000000e+00
    endloop
  endfacet
  facet normal  9.951848e-01  9.801670e-02  -0.000000e+00
    outer loop
      vertex -1.097118e+01 -4.792635e+00  6.000000e+00
      vertex -1.100000e+01 -4.500000e+00  0.000000e+00
      vertex -1.100000e+01 -4.500000e+00  6.000000e+00
    endloop
  endfacet
  facet normal  9.801735e-02 -9.951847e-01  0.000000e+00
    outer loop
      vertex -9.500000e+00 -3.000000e+00  0.000000e+00
      vertex -9.792636e+00 -3.028822e+00  6.000000e+00
      vertex -9.792636e+00 -3.028822e+00  0.000000e+00
    endloop
  endfacet
  facet normal  2.902851e-01 -9.569402e-01  0.000000e+00
    outer loop
      vertex -9.792636e+00 -3.028822e+00  0.000000e+00
      vertex -9.792636e+00 -3.028822e+00  6.000000e+00
      vertex -1.007403e+01 -3.114181e+00  6.000000e+00
    endloop
  endfacet
  facet normal  2.902851e-01 -9.569402e-01  0.000000e+00
    outer loop
      vertex -9.792636e+00 -3.028822e+00  0.000000e+00
      vertex -1.007403e+01 -3.114181e+00  6.000000e+00
      vertex -1.007403e+01 -3.114181e+00  0.000000e+00
    endloop
  endfacet
  facet normal  4.713974e-01 -8.819210e-01  0.000000e+00
    outer loop
      vertex -1.007403e+01 -3.114181e+00  0.000000e+00
      vertex -1.007403e+01 -3.114181e+00  6.000000e+00
      vertex -1.033335e+01 -3.252796e+00  6.000000e+00
    endloop
  endfacet
  facet normal  4.713974e-01 -8.819210e-01  0.000000e+00
    outer loop
      vertex -1.007403e+01 -3.114181e+00  0.000000e+00
      vertex -1.033335e+01 -3.252796e+00  6.000000e+00
      vertex -1.033335e+01 -3.252796e+00  0.000000e+00
    endloop
  endfacet
  facet normal  6.343922e-01 -7.730114e-01  0.000000e+00
    outer loop
      vertex -1.033335e+01 -3.252796e+00  0.000000e+00
      vertex -1.033335e+01 -3.252796e+00  6.000000e+00
      vertex -1.056066e+01 -3.439340e+00  6.000000e+00
    endloop
  endfacet
  facet normal  6.343922e-01 -7.730114e-01  0.000000e+00
    outer loop
      vertex -1.033335e+01 -3.252796e+00  0.000000e+00
      vertex -1.056066e+01 -3.439340e+00  6.000000e+00
      vertex -1.056066e+01 -3.439340e+00  0.000000e+00
    endloop
  endfacet
  facet normal  7.730100e-01 -6.343939e-01  0.000000e+00
    outer loop
      vertex -1.056066e+01 -3.439340e+00  0.000000e+00
      vertex -1.056066e+01 -3.439340e+00  6.000000e+00
      vertex -1.074720e+01 -3.666645e+00  6.000000e+00
    endloop
  endfacet
  facet normal  7.730100e-01 -6.343939e-01  0.000000e+00
    outer loop
      vertex -1.056066e+01 -3.439340e+00  0.000000e+00
      vertex -1.074720e+01 -3.666645e+00  6.000000e+00
      vertex -1.074720e+01 -3.666645e+00  0.000000e+00
    endloop
  endfacet
  facet normal  8.819216e-01 -4.713961e-01  0.000000e+00
    outer loop
      vertex -1.074720e+01 -3.666645e+00  0.000000e+00
      vertex -1.074720e+01 -3.666645e+00  6.000000e+00
      vertex -1.088582e+01 -3.925975e+00  6.000000e+00
    endloop
  endfacet
  facet normal  8.819216e-01 -4.713961e-01  0.000000e+00
    outer loop
      vertex -1.074720e+01 -3.666645e+00  0.000000e+00
      vertex -1.088582e+01 -3.925975e+00  6.000000e+00
      vertex -1.088582e+01 -3.925975e+00  0.000000e+00
    endloop
  endfacet
  facet normal  9.569404e-01 -2.902846e-01  0.000000e+00
    outer loop
      vertex -1.088582e+01 -3.925975e+00  0.000000e+00
      vertex -1.088582e+01 -3.925975e+00  6.000000e+00
      vertex -1.097118e+01 -4.207365e+00  6.000000e+00
    endloop
  endfacet
  facet normal  9.569404e-01 -2.902846e-01  0.000000e+00
    outer loop
      vertex -1.088582e+01 -3.925975e+00  0.000000e+00
      vertex -1.097118e+01 -4.207365e+00  6.000000e+00
      vertex -1.097118e+01 -4.207365e+00  0.000000e+00
    endloop
  endfacet
  facet normal  9.951848e-01 -9.801670e-02  0.000000e+00
    outer loop
      vertex -1.097118e+01 -4.207365e+00  0.000000e+00
      vertex -1.097118e+01 -4.207365e+00  6.000000e+00
      vertex -1.100000e+01 -4.500000e+00  6.000000e+00
    endloop
  endfacet
  facet normal  9.951848e-01 -9.801670e-02  0.000000e+00
    outer loop
      vertex -1.097118e+01 -4.207365e+00  0.000000e+00
      vertex -1.100000e+01 -4.500000e+00  6.000000e+00
      vertex -1.100000e+01 -4.500000e+00  0.000000e+00
    endloop
  endfacet
  facet normal  9.801735e-02 -9.951847e-01  0.000000e+00
    outer loop
      vertex -9.792636e+00 -3.028822e+00  6.000000e+00
      vertex -9.500000e+00 -3.000000e+00  0.000000e+00
      vertex -9.500000e+00 -3.000000e+00  6.000000e+00
    endloop
  endfacet
  facet normal -9.801735e-02 -9.951847e-01  -0.000000e+00
    outer loop
      vertex -9.500000e+00 -3.000000e+00  6.000000e+00
      vertex -9.500000e+00 -3.000000e+00  0.000000e+00
      vertex -9.207364e+00 -3.028822e+00  0.000000e+00
    endloop
  endfacet
  facet normal -9.801735e-02 -9.951847e-01  0.000000e+00
    outer loop
      vertex -9.500000e+00 -3.000000e+00  6.000000e+00
      vertex -9.207364e+00 -3.028822e+00  0.000000e+00
      vertex -9.207364e+00 -3.028822e+00  6.000000e+00
    endloop
  endfacet
  facet normal -2.902851e-01 -9.569402e-01  -0.000000e+00
    outer loop
      vertex -9.207364e+00 -3.028822e+00  6.000000e+00
      vertex -9.207364e+00 -3.028822e+00  0.000000e+00
      vertex -8.925975e+00 -3.114181e+00  0.000000e+00
    endloop
  endfacet
  facet normal -2.902851e-01 -9.569402e-01  0.000000e+00
    outer loop
      vertex -9.207364e+00 -3.028822e+00  6.000000e+00
      vertex -8.925975e+00 -3.114181e+00  0.000000e+00
      vertex -8.925975e+00 -3.114181e+00  6.000000e+00
    endloop
  endfacet
  facet normal -4.713974e-01 -8.819210e-01  -0.000000e+00
    outer loop
      vertex -8.925975e+00 -3.114181e+00  6.000000e+00
      vertex -8.925975e+00 -3.114181e+00  0.000000e+00
      vertex -8.666645e+00 -3.252796e+00  0.000000e+00
    endloop
  endfacet
  facet normal -4.713974e-01 -8.819210e-01  0.000000e+00
    outer loop
      vertex -8.925975e+00 -3.114181e+00  6.000000e+00
      vertex -8.666645e+00 -3.252796e+00  0.000000e+00
      vertex -8.666645e+00 -3.252796e+00  6.000000e+00
    endloop
  endfacet
  facet normal -6.343922e-01 -7.730114e-01  -0.000000e+00
    outer loop
      vertex -8.666645e+00 -3.252796e+00  6.000000e+00
      vertex -8.666645e+00 -3.252796e+00  0.000000e+00
      vertex -8.439340e+00 -3.439340e+00  0.000000e+00
    endloop
  endfacet
  facet normal -6.343922e-01 -7.730114e-01  0.000000e+00
    outer loop
      vertex -8.666645e+00 -3.252796e+00  6.000000e+00
      vertex -8.439340e+00 -3.439340e+00  0.000000e+00
      vertex -8.439340e+00 -3.439340e+00  6.000000e+00
    endloop
  endfacet
  facet normal -7.730100e-01 -6.343939e-01  -0.000000e+00
    outer loop
      vertex -8.439340e+00 -3.439340e+00  6.000000e+00
      vertex -8.439340e+00 -3.439340e+00  0.000000e+00
      vertex -8.252795e+00 -3.666645e+00  0.000000e+00
    endloop
  endfacet
  facet normal -7.730100e-01 -6.343939e-01  0.000000e+00
    outer loop
      vertex -8.439340e+00 -3.439340e+00  6.000000e+00
      vertex -8.252795e+00 -3.666645e+00  0.000000e+00
      vertex -8.252795e+00 -3.666645e+00  6.000000e+00
    endloop
  endfacet
  facet normal -8.819216e-01 -4.713961e-01  -0.000000e+00
    outer loop
      vertex -8.252795e+00 -3.666645e+00  6.000000e+00
      vertex -8.252795e+00 -3.666645e+00  0.000000e+00
      vertex -8.114181e+00 -3.925975e+00  0.000000e+00
    endloop
  endfacet
  facet normal -8.819216e-01 -4.713961e-01  0.000000e+00
    outer loop
      vertex -8.252795e+00 -3.666645e+00  6.000000e+00
      vertex -8.114181e+00 -3.925975e+00  0.000000e+00
      vertex -8.114181e+00 -3.925975e+00  6.000000e+00
    endloop
  endfacet
  facet normal -9.569404e-01 -2.902846e-01  -0.000000e+00
    outer loop
      vertex -8.114181e+00 -3.925975e+00  6.000000e+00
      vertex -8.114181e+00 -3.925975e+00  0.000000e+00
      vertex -8.028822e+00 -4.207365e+00  0.000000e+00
    endloop
  endfacet
  facet normal -9.569404e-01 -2.902846e-01  0.000000e+00
    outer loop
      vertex -8.114181e+00 -3.925975e+00  6.000000e+00
      vertex -8.028822e+00 -4.207365e+00  0.000000e+00
      vertex -8.028822e+00 -4.207365e+00  6.000000e+00
    endloop
  endfacet
  facet normal -9.951848e-01 -9.801670e-02  -0.000000e+00
    outer loop
      vertex -8.028822e+00 -4.207365e+00  6.000000e+00
      vertex -8.028822e+00 -4.207365e+00  0.000000e+00
      vertex -8.000000e+00 -4.500000e+00  0.000000e+00
    endloop
  endfacet
  facet normal -9.951848e-01 -9.801670e-02  0.000000e+00
    outer loop
      vertex -8.028822e+00 -4.207365e+00  6.000000e+00
      vertex -8.000000e+00 -4.500000e+00  0.000000e+00
      vertex -8.000000e+00 -4.500000e+00  6.000000e+00
    endloop
  endfacet
  facet normal  9.801735e-02 -9.951847e-01  0.000000e+00
    outer loop
      vertex  9.500000e+00 -3.000000e+00  0.000000e+00
      vertex  9.207364e+00 -3.028822e+00  6.000000e+00
      vertex  9.207364e+00 -3.028822e+00  0.000000e+00
    endloop
  endfacet
  facet normal  2.902851e-01 -9.569402e-01  0.000000e+00
    outer loop
      vertex  9.207364e+00 -3.028822e+00  0.000000e+00
      vertex  9.207364e+00 -3.028822e+00  6.000000e+00
      vertex  8.925975e+00 -3.114181e+00  6.000000e+00
    endloop
  endfacet
  facet normal  2.902851e-01 -9.569402e-01  0.000000e+00
    outer loop
      vertex  9.207364e+00 -3.028822e+00  0.000000e+00
      vertex  8.925975e+00 -3.114181e+00  6.000000e+00
      vertex  8.925975e+00 -3.114181e+00  0.000000e+00
    endloop
  endfacet
  facet normal  4.713974e-01 -8.819210e-01  0.000000e+00
    outer loop
      vertex  8.925975e+00 -3.114181e+00  0.000000e+00
      vertex  8.925975e+00 -3.114181e+00  6.000000e+00
      vertex  8.666645e+00 -3.252796e+00  6.000000e+00
    endloop
  endfacet
  facet normal  4.713974e-01 -8.819210e-01  0.000000e+00
    outer loop
      vertex  8.925975e+00 -3.114181e+00  0.000000e+00
      vertex  8.666645e+00 -3.252796e+00  6.000000e+00
      vertex  8.666645e+00 -3.252796e+00  0.000000e+00
    endloop
  endfacet
  facet normal  6.343922e-01 -7.730114e-01  0.000000e+00
    outer loop
      vertex  8.666645e+00 -3.252796e+00  0.000000e+00
      vertex  8.666645e+00 -3.252796e+00  6.000000e+00
      vertex  8.439340e+00 -3.439340e+00  6.000000e+00
    endloop
  endfacet
  facet normal  6.343922e-01 -7.730114e-01  0.000000e+00
    outer loop
      vertex  8.666645e+00 -3.252796e+00  0.000000e+00
      vertex  8.439340e+00 -3.439340e+00  6.000000e+00
      vertex  8.439340e+00 -3.439340e+00  0.000000e+00
    endloop
  endfacet
  facet normal  7.730100e-01 -6.343939e-01  0.000000e+00
    outer loop
      vertex  8.439340e+00 -3.439340e+00  0.000000e+00
      vertex  8.439340e+00 -3.439340e+00  6.000000e+00
      vertex  8.252795e+00 -3.666645e+00  6.000000e+00
    endloop
  endfacet
  facet normal  7.730100e-01 -6.343939e-01  0.000000e+00
    outer loop
      vertex  8.439340e+00 -3.439340e+00  0.000000e+00
      vertex  8.252795e+00 -3.666645e+00  6.000000e+00
      vertex  8.252795e+00 -3.666645e+00  0.000000e+00
    endloop
  endfacet
  facet normal  8.819216e-01 -4.713961e-01  0.000000e+00
    outer loop
      vertex  8.252795e+00 -3.666645e+00  0.000000e+00
      vertex  8.252795e+00 -3.666645e+00  6.000000e+00
      vertex  8.114181e+00 -3.925975e+00  6.000000e+00
    endloop
  endfacet
  facet normal  8.819216e-01 -4.713961e-01  0.000000e+00
    outer loop
      vertex  8.252795e+00 -3.666645e+00  0.000000e+00
      vertex  8.114181e+00 -3.925975e+00  6.000000e+00
      vertex  8.114181e+00 -3.925975e+00  0.000000e+00
    endloop
  endfacet
  facet normal  9.569404e-01 -2.902846e-01  0.000000e+00
    outer loop
      vertex  8.114181e+00 -3.925975e+00  0.000000e+00
      vertex  8.114181e+00 -3.925975e+00  6.000000e+00
      vertex  8.028822e+00 -4.207365e+00  6.000000e+00
    endloop
  endfacet
  facet normal  9.569404e-01 -2.902846e-01  0.000000e+00
    outer loop
      vertex  8.114181e+00 -3.925975e+00  0.000000e+00
      vertex  8.028822e+00 -4.207365e+00  6.000000e+00
      vertex  8.028822e+00 -4.207365e+00  0.000000e+00
    endloop
  endfacet
  facet normal  9.951848e-01 -9.801670e-02  0.000000e+00
    outer loop
      vertex  8.028822e+00 -4.207365e+00  0.000000e+00
      vertex  8.028822e+00 -4.207365e+00  6.000000e+00
      vertex  8.000000e+00 -4.500000e+00  6.000000e+00
    endloop
  endfacet
  facet normal  9.951848e-01 -9.801670e-02  0.000000e+00
    outer loop
      vertex  8.028822e+00 -4.207365e+00  0.000000e+00
      vertex  8.000000e+00 -4.500000e+00  6.000000e+00
      vertex  8.000000e+00 -4.500000e+00  0.000000e+00
    endloop
  endfacet
  facet normal  9.801735e-02 -9.951847e-01  0.000000e+00
    outer loop
      vertex  9.207364e+00 -3.028822e+00  6.000000e+00
      vertex  9.500000e+00 -3.000000e+00  0.000000e+00
      vertex  9.500000e+00 -3.000000e+00  6.000000e+00
    endloop
  endfacet
  facet normal -9.801735e-02 -9.951847e-01  -0.000000e+00
    outer loop
      vertex  9.500000e+00 -3.000000e+00  6.000000e+00
      vertex  9.500000e+00 -3.000000e+00  0.000000e+00
      vertex  9.792636e+00 -3.028822e+00  0.000000e+00
    endloop
  endfacet
  facet normal -9.801735e-02 -9.951847e-01  0.000000e+00
    outer loop
      vertex  9.500000e+00 -3.000000e+00  6.000000e+00
      vertex  9.792636e+00 -3.028822e+00  0.000000e+00
      vertex  9.792636e+00 -3.028822e+00  6.000000e+00
    endloop
  endfacet
  facet normal -2.902851e-01 -9.569402e-01  -0.000000e+00
    outer loop
      vertex  9.792636e+00 -3.028822e+00  6.000000e+00
      vertex  9.792636e+00 -3.028822e+00  0.000000e+00
      vertex  1.007403e+01 -3.114181e+00  0.000000e+00
    endloop
  endfacet
  facet normal -2.902851e-01 -9.569402e-01  0.000000e+00
    outer loop
      vertex  9.792636e+00 -3.028822e+00  6.000000e+00
      vertex  1.007403e+01 -3.114181e+00  0.000000e+00
      vertex  1.007403e+01 -3.114181e+00  6.000000e+00
    endloop
  endfacet
  facet normal -4.713974e-01 -8.819210e-01  -0.000000e+00
    outer loop
      vertex  1.007403e+01 -3.114181e+00  6.000000e+00
      vertex  1.007403e+01 -3.114181e+00  0.000000e+00
      vertex  1.033335e+01 -3.252796e+00  0.000000e+00
    endloop
  endfacet
  facet normal -4.713974e-01 -8.819210e-01  0.000000e+00
    outer loop
      vertex  1.007403e+01 -3.114181e+00  6.000000e+00
      vertex  1.033335e+01 -3.252796e+00  0.000000e+00
      vertex  1.033335e+01 -3.252796e+00  6.000000e+00
    endloop
  endfacet
  facet normal -6.343922e-01 -7.730114e-01  -0.000000e+00
    outer loop
      vertex  1.033335e+01 -3.252796e+00  6.000000e+00
      vertex  1.033335e+01 -3.252796e+00  0.000000e+00
      vertex  1.056066e+01 -3.439340e+00  0.000000e+00
    endloop
  endfacet
  facet normal -6.343922e-01 -7.730114e-01  0.000000e+00
    outer loop
      vertex  1.033335e+01 -3.252796e+00  6.000000e+00
      vertex  1.056066e+01 -3.439340e+00  0.000000e+00
      vertex  1.056066e+01 -3.439340e+00  6.000000e+00
    endloop
  endfacet
  facet normal -7.730100e-01 -6.343939e-01  -0.000000e+00
    outer loop
      vertex  1.056066e+01 -3.439340e+00  6.000000e+00
      vertex  1.056066e+01 -3.439340e+00  0.000000e+00
      vertex  1.074720e+01 -3.666645e+00  0.000000e+00
    endloop
  endfacet
  facet normal -7.730100e-01 -6.343939e-01  0.000000e+00
    outer loop
      vertex  1.056066e+01 -3.439340e+00  6.000000e+00
      vertex  1.074720e+01 -3.666645e+00  0.000000e+00
      vertex  1.074720e+01 -3.666645e+00  6.000000e+00
    endloop
  endfacet
  facet normal -8.819216e-01 -4.713961e-01  -0.000000e+00
    outer loop
      vertex  1.074720e+01 -3.666645e+00  6.000000e+00
      vertex  1.074720e+01 -3.666645e+00  0.000000e+00
      vertex  1.088582e+01 -3.925975e+00  0.000000e+00
    endloop
  endfacet
  facet normal -8.819216e-01 -4.713961e-01  0.000000e+00
    outer loop
      vertex  1.074720e+01 -3.666645e+00  6.000000e+00
      vertex  1.088582e+01 -3.925975e+00  0.000000e+00
      vertex  1.088582e+01 -3.925975e+00  6.000000e+00
    endloop
  endfacet
  facet normal -9.569404e-01 -2.902846e-01  -0.000000e+00
    outer loop
      vertex  1.088582e+01 -3.925975e+00  6.000000e+00
      vertex  1.088582e+01 -3.925975e+00  0.000000e+00
      vertex  1.097118e+01 -4.207365e+00  0.000000e+00
    endloop
  endfacet
  facet normal -9.569404e-01 -2.902846e-01  0.000000e+00
    outer loop
      vertex  1.088582e+01 -3.925975e+00  6.000000e+00
      vertex  1.097118e+01 -4.207365e+00  0.000000e+00
      vertex  1.097118e+01 -4.207365e+00  6.000000e+00
    endloop
  endfacet
  facet normal -9.951848e-01 -9.801670e-02  -0.000000e+00
    outer loop
      vertex  1.097118e+01 -4.207365e+00  6.000000e+00
      vertex  1.097118e+01 -4.207365e+00  0.000000e+00
      vertex  1.100000e+01 -4.500000e+00  0.000000e+00
    endloop
  endfacet
  facet normal -9.951848e-01 -9.801670e-02  0.000000e+00
    outer loop
      vertex  1.097118e+01 -4.207365e+00  6.000000e+00
      vertex  1.100000e+01 -4.500000e+00  0.000000e+00
      vertex  1.100000e+01 -4.500000e+00  6.000000e+00
    endloop
  endfacet
  facet normal -9.801655e-02  9.951848e-01  0.000000e+00
    outer loop
      vertex  9.500000e+00 -6.000000e+00  0.000000e+00
      vertex  9.792636e+00 -5.971178e+00  6.000000e+00
      vertex  9.792636e+00 -5.971178e+00  0.000000e+00
    endloop
  endfacet
  facet normal -2.902851e-01  9.569402e-01  0.000000e+00
    outer loop
      vertex  9.792636e+00 -5.971178e+00  0.000000e+00
      vertex  9.792636e+00 -5.971178e+00  6.000000e+00
      vertex  1.007403e+01 -5.885819e+00  6.000000e+00
    endloop
  endfacet
  facet normal -2.902851e-01  9.569402e-01  0.000000e+00
    outer loop
      vertex  9.792636e+00 -5.971178e+00  0.000000e+00
      vertex  1.007403e+01 -5.885819e+00  6.000000e+00
      vertex  1.007403e+01 -5.885819e+00  0.000000e+00
    endloop
  endfacet
  facet normal -4.713980e-01  8.819206e-01  0.000000e+00
    outer loop
      vertex  1.007403e+01 -5.885819e+00  0.000000e+00
      vertex  1.007403e+01 -5.885819e+00  6.000000e+00
      vertex  1.033335e+01 -5.747204e+00  6.000000e+00
    endloop
  endfacet
  facet normal -4.713980e-01  8.819206e-01  0.000000e+00
    outer loop
      vertex  1.007403e+01 -5.885819e+00  0.000000e+00
      vertex  1.033335e+01 -5.747204e+00  6.000000e+00
      vertex  1.033335e+01 -5.747204e+00  0.000000e+00
    endloop
  endfacet
  facet normal -6.343917e-01  7.730118e-01  0.000000e+00
    outer loop
      vertex  1.033335e+01 -5.747204e+00  0.000000e+00
      vertex  1.033335e+01 -5.747204e+00  6.000000e+00
      vertex  1.056066e+01 -5.560660e+00  6.000000e+00
    endloop
  endfacet
  facet normal -6.343917e-01  7.730118e-01  0.000000e+00
    outer loop
      vertex  1.033335e+01 -5.747204e+00  0.000000e+00
      vertex  1.056066e+01 -5.560660e+00  6.000000e+00
      vertex  1.056066e+01 -5.560660e+00  0.000000e+00
    endloop
  endfacet
  facet normal -7.730103e-01  6.343935e-01  0.000000e+00
    outer loop
      vertex  1.056066e+01 -5.560660e+00  0.000000e+00
      vertex  1.056066e+01 -5.560660e+00  6.000000e+00
      vertex  1.074720e+01 -5.333355e+00  6.000000e+00
    endloop
  endfacet
  facet normal -7.730103e-01  6.343935e-01  0.000000e+00
    outer loop
      vertex  1.056066e+01 -5.560660e+00  0.000000e+00
      vertex  1.074720e+01 -5.333355e+00  6.000000e+00
      vertex  1.074720e+01 -5.333355e+00  0.000000e+00
    endloop
  endfacet
  facet normal -8.819216e-01  4.713961e-01  0.000000e+00
    outer loop
      vertex  1.074720e+01 -5.333355e+00  0.000000e+00
      vertex  1.074720e+01 -5.333355e+00  6.000000e+00
      vertex  1.088582e+01 -5.074025e+00  6.000000e+00
    endloop
  endfacet
  facet normal -8.819216e-01  4.713961e-01  0.000000e+00
    outer loop
      vertex  1.074720e+01 -5.333355e+00  0.000000e+00
      vertex  1.088582e+01 -5.074025e+00  6.000000e+00
      vertex  1.088582e+01 -5.074025e+00  0.000000e+00
    endloop
  endfacet
  facet normal -9.569404e-01  2.902846e-01  0.000000e+00
    outer loop
      vertex  1.088582e+01 -5.074025e+00  0.000000e+00
      vertex  1.088582e+01 -5.074025e+00  6.000000e+00
      vertex  1.097118e+01 -4.792635e+00  6.000000e+00
    endloop
  endfacet
  facet normal -9.569404e-01  2.902846e-01  0.000000e+00
    outer loop
      vertex  1.088582e+01 -5.074025e+00  0.000000e+00
      vertex  1.097118e+01 -4.792635e+00  6.000000e+00
      vertex  1.097118e+01 -4.792635e+00  0.000000e+00
    endloop
  endfacet
  facet normal -9.951848e-01  9.801670e-02  0.000000e+00
    outer loop
      vertex  1.097118e+01 -4.792635e+00  0.000000e+00
      vertex  1.097118e+01 -4.792635e+00  6.000000e+00
      vertex  1.100000e+01 -4.500000e+00  6.000000e+00
    endloop
  endfacet
  facet normal -9.951848e-01  9.801670e-02  0.000000e+00
    outer loop
      vertex  1.097118e+01 -4.792635e+00  0.000000e+00
      vertex  1.100000e+01 -4.500000e+00  6.000000e+00
      vertex  1.100000e+01 -4.500000e+00  0.000000e+00
    endloop
  endfacet
  facet normal -9.801655e-02  9.951848e-01  0.000000e+00
    outer loop
      vertex  9.792636e+00 -5.971178e+00  6.000000e+00
      vertex  9.500000e+00 -6.000000e+00  0.000000e+00
      vertex  9.500000e+00 -6.000000e+00  6.000000e+00
    endloop
  endfacet
  facet normal  9.801655e-02  9.951848e-01  0.000000e+00
    outer loop
      vertex  9.500000e+00 -6.000000e+00  6.000000e+00
      vertex  9.500000e+00 -6.000000e+00  0.000000e+00
      vertex  9.207364e+00 -5.971178e+00  0.000000e+00
    endloop
  endfacet
  facet normal  9.801655e-02  9.951848e-01  -0.000000e+00
    outer loop
      vertex  9.500000e+00 -6.000000e+00  6.000000e+00
      vertex  9.207364e+00 -5.971178e+00  0.000000e+00
      vertex  9.207364e+00 -5.971178e+00  6.000000e+00
    endloop
  endfacet
  facet normal  2.902851e-01  9.569402e-01  0.000000e+00
    outer loop
      vertex  9.207364e+00 -5.971178e+00  6.000000e+00
      vertex  9.207364e+00 -5.971178e+00  0.000000e+00
      vertex  8.925975e+00 -5.885819e+00  0.000000e+00
    endloop
  endfacet
  facet normal  2.902851e-01  9.569402e-01  -0.000000e+00
    outer loop
      vertex  9.207364e+00 -5.971178e+00  6.000000e+00
      vertex  8.925975e+00 -5.885819e+00  0.000000e+00
      vertex  8.925975e+00 -5.885819e+00  6.000000e+00
    endloop
  endfacet
  facet normal  4.713980e-01  8.819206e-01  0.000000e+00
    outer loop
      vertex  8.925975e+00 -5.885819e+00  6.000000e+00
      vertex  8.925975e+00 -5.885819e+00  0.000000e+00
      vertex  8.666645e+00 -5.747204e+00  0.000000e+00
    endloop
  endfacet
  facet normal  4.713980e-01  8.819206e-01  -0.000000e+00
    outer loop
      vertex  8.925975e+00 -5.885819e+00  6.000000e+00
      vertex  8.666645e+00 -5.747204e+00  0.000000e+00
      vertex  8.666645e+00 -5.747204e+00  6.000000e+00
    endloop
  endfacet
  facet normal  6.343917e-01  7.730118e-01  0.000000e+00
    outer loop
      vertex  8.666645e+00 -5.747204e+00  6.000000e+00
      vertex  8.666645e+00 -5.747204e+00  0.000000e+00
      vertex  8.439340e+00 -5.560660e+00  0.000000e+00
    endloop
  endfacet
  facet normal  6.343917e-01  7.730118e-01  -0.000000e+00
    outer loop
      vertex  8.666645e+00 -5.747204e+00  6.000000e+00
      vertex  8.439340e+00 -5.560660e+00  0.000000e+00
      vertex  8.439340e+00 -5.560660e+00  6.000000e+00
    endloop
  endfacet
  facet normal  7.730103e-01  6.343935e-01  0.000000e+00
    outer loop
      vertex  8.439340e+00 -5.560660e+00  6.000000e+00
      vertex  8.439340e+00 -5.560660e+00  0.000000e+00
      vertex  8.252795e+00 -5.333355e+00  0.000000e+00
    endloop
  endfacet
  facet normal  7.730103e-01  6.343935e-01  -0.000000e+00
    outer loop
      vertex  8.439340e+00 -5.560660e+00  6.000000e+00
      vertex  8.252795e+00 -5.333355e+00  0.000000e+00
      vertex  8.252795e+00 -5.333355e+00  6.000000e+00
    endloop
  endfacet
  facet normal  8.819216e-01  4.713961e-01  0.000000e+00
    outer loop
      vertex  8.252795e+00 -5.333355e+00  6.000000e+00
      vertex  8.252795e+00 -5.333355e+00  0.000000e+00
      vertex  8.114181e+00 -5.074025e+00  0.000000e+00
    endloop
  endfacet
  facet normal  8.819216e-01  4.713961e-01  -0.000000e+00
    outer loop
      vertex  8.252795e+00 -5.333355e+00  6.000000e+00
      vertex  8.114181e+00 -5.074025e+00  0.000000e+00
      vertex  8.114181e+00 -5.074025e+00  6.000000e+00
    endloop
  endfacet
  facet normal  9.569404e-01  2.902846e-01  0.000000e+00
    outer loop
      vertex  8.114181e+00 -5.074025e+00  6.000000e+00
      vertex  8.114181e+00 -5.074025e+00  0.000000e+00
      vertex  8.028822e+00 -4.792635e+00  0.000000e+00
    endloop
  endfacet
  facet normal  9.569404e-01  2.902846e-01  -0.000000e+00
    outer loop
      vertex  8.114181e+00 -5.074025e+00  6.000000e+00
      vertex  8.028822e+00 -4.792635e+00  0.000000e+00
      vertex  8.028822e+00 -4.792635e+00  6.000000e+00
    endloop
  endfacet
  facet normal  9.951848e-01  9.801670e-02  0.000000e+00
    outer loop
      vertex  8.028822e+00 -4.792635e+00  6.000000e+00
      vertex  8.028822e+00 -4.792635e+00  0.000000e+00
      vertex  8.000000e+00 -4.500000e+00  0.000000e+00
    endloop
  endfacet
  facet normal  9.951848e-01  9.801670e-02  -0.000000e+00
    outer loop
      vertex  8.028822e+00 -4.792635e+00  6.000000e+00
      vertex  8.000000e+00 -4.500000e+00  0.000000e+00
      vertex  8.000000e+00 -4.500000e+00  6.000000e+00
    endloop
  endfacet
  facet normal  9.801655e-02 -9.951848e-01  0.000000e+00
    outer loop
      vertex  9.500000e+00  6.000000e+00  0.000000e+00
      vertex  9.207364e+00  5.971178e+00  6.000000e+00
      vertex  9.207364e+00  5.971178e+00  0.000000e+00
    endloop
  endfacet
  facet normal  2.902851e-01 -9.569402e-01  0.000000e+00
    outer loop
      vertex  9.207364e+00  5.971178e+00  0.000000e+00
      vertex  9.207364e+00  5.971178e+00  6.000000e+00
      vertex  8.925975e+00  5.885819e+00  6.000000e+00
    endloop
  endfacet
  facet normal  2.902851e-01 -9.569402e-01  0.000000e+00
    outer loop
      vertex  9.207364e+00  5.971178e+00  0.000000e+00
      vertex  8.925975e+00  5.885819e+00  6.000000e+00
      vertex  8.925975e+00  5.885819e+00  0.000000e+00
    endloop
  endfacet
  facet normal  4.713980e-01 -8.819206e-01  0.000000e+00
    outer loop
      vertex  8.925975e+00  5.885819e+00  0.000000e+00
      vertex  8.925975e+00  5.885819e+00  6.000000e+00
      vertex  8.666645e+00  5.747204e+00  6.000000e+00
    endloop
  endfacet
  facet normal  4.713980e-01 -8.819206e-01  0.000000e+00
    outer loop
      vertex  8.925975e+00  5.885819e+00  0.000000e+00
      vertex  8.666645e+00  5.747204e+00  6.000000e+00
      vertex  8.666645e+00  5.747204e+00  0.000000e+00
    endloop
  endfacet
  facet normal  6.343917e-01 -7.730118e-01  0.000000e+00
    outer loop
      vertex  8.666645e+00  5.747204e+00  0.000000e+00
      vertex  8.666645e+00  5.747204e+00  6.000000e+00
      vertex  8.439340e+00  5.560660e+00  6.000000e+00
    endloop
  endfacet
  facet normal  6.343917e-01 -7.730118e-01  0.000000e+00
    outer loop
      vertex  8.666645e+00  5.747204e+00  0.000000e+00
      vertex  8.439340e+00  5.560660e+00  6.000000e+00
      vertex  8.439340e+00  5.560660e+00  0.000000e+00
    endloop
  endfacet
  facet normal  7.730103e-01 -6.343935e-01  0.000000e+00
    outer loop
      vertex  8.439340e+00  5.560660e+00  0.000000e+00
      vertex  8.439340e+00  5.560660e+00  6.000000e+00
      vertex  8.252795e+00  5.333355e+00  6.000000e+00
    endloop
  endfacet
  facet normal  7.730103e-01 -6.343935e-01  0.000000e+00
    outer loop
      vertex  8.439340e+00  5.560660e+00  0.000000e+00
      vertex  8.252795e+00  5.333355e+00  6.000000e+00
      vertex  8.252795e+00  5.333355e+00  0.000000e+00
    endloop
  endfacet
  facet normal  8.819216e-01 -4.713961e-01  0.000000e+00
    outer loop
      vertex  8.252795e+00  5.333355e+00  0.000000e+00
      vertex  8.252795e+00  5.333355e+00  6.000000e+00
      vertex  8.114181e+00  5.074025e+00  6.000000e+00
    endloop
  endfacet
  facet normal  8.819216e-01 -4.713961e-01  0.000000e+00
    outer loop
      vertex  8.252795e+00  5.333355e+00  0.000000e+00
      vertex  8.114181e+00  5.074025e+00  6.000000e+00
      vertex  8.114181e+00  5.074025e+00  0.000000e+00
    endloop
  endfacet
  facet normal  9.569404e-01 -2.902846e-01  0.000000e+00
    outer loop
      vertex  8.114181e+00  5.074025e+00  0.000000e+00
      vertex  8.114181e+00  5.074025e+00  6.000000e+00
      vertex  8.028822e+00  4.792635e+00  6.000000e+00
    endloop
  endfacet
  facet normal  9.569404e-01 -2.902846e-01  0.000000e+00
    outer loop
      vertex  8.114181e+00  5.074025e+00  0.000000e+00
      vertex  8.028822e+00  4.792635e+00  6.000000e+00
      vertex  8.028822e+00  4.792635e+00  0.000000e+00
    endloop
  endfacet
  facet normal  9.951848e-01 -9.801670e-02  0.000000e+00
    outer loop
      vertex  8.028822e+00  4.792635e+00  0.000000e+00
      vertex  8.028822e+00  4.792635e+00  6.000000e+00
      vertex  8.000000e+00  4.500000e+00  6.000000e+00
    endloop
  endfacet
  facet normal  9.951848e-01 -9.801670e-02  0.000000e+00
    outer loop
      vertex  8.028822e+00  4.792635e+00  0.000000e+00
      vertex  8.000000e+00  4.500000e+00  6.000000e+00
      vertex  8.000000e+00  4.500000e+00  0.000000e+00
    endloop
  endfacet
  facet normal  9.801655e-02 -9.951848e-01  0.000000e+00
    outer loop
      vertex  9.207364e+00  5.971178e+00  6.000000e+00
      vertex  9.500000e+00  6.000000e+00  0.000000e+00
      vertex  9.500000e+00  6.000000e+00  6.000000e+00
    endloop
  endfacet
  facet normal -9.801655e-02 -9.951848e-01  -0.000000e+00
    outer loop
      vertex  9.500000e+00  6.000000e+00  6.000000e+00
      vertex  9.500000e+00  6.000000e+00  0.000000e+00
      vertex  9.792636e+00  5.971178e+00  0.000000e+00
    endloop
  endfacet
  facet normal -9.801655e-02 -9.951848e-01  0.000000e+00
    outer loop
      vertex  9.500000e+00  6.000000e+00  6.000000e+00
      vertex  9.792636e+00  5.971178e+00  0.000000e+00
      vertex  9.792636e+00  5.971178e+00  6.000000e+00
    endloop
  endfacet
  facet normal -2.902851e-01 -9.569402e-01  -0.000000e+00
    outer loop
      vertex  9.792636e+00  5.971178e+00  6.000000e+00
      vertex  9.792636e+00  5.971178e+00  0.000000e+00
      vertex  1.007403e+01  5.885819e+00  0.000000e+00
    endloop
  endfacet
  facet normal -2.902851e-01 -9.569402e-01  0.000000e+00
    outer loop
      vertex  9.792636e+00  5.971178e+00  6.000000e+00
      vertex  1.007403e+01  5.885819e+00  0.000000e+00
      vertex  1.007403e+01  5.885819e+00  6.000000e+00
    endloop
  endfacet
  facet normal -4.713980e-01 -8.819206e-01  -0.000000e+00
    outer loop
      vertex  1.007403e+01  5.885819e+00  6.000000e+00
      vertex  1.007403e+01  5.885819e+00  0.000000e+00
      vertex  1.033335e+01  5.747204e+00  0.000000e+00
    endloop
  endfacet
  facet normal -4.713980e-01 -8.819206e-01  0.000000e+00
    outer loop
      vertex  1.007403e+01  5.885819e+00  6.000000e+00
      vertex  1.033335e+01  5.747204e+00  0.000000e+00
      vertex  1.033335e+01  5.747204e+00  6.000000e+00
    endloop
  endfacet
  facet normal -6.343917e-01 -7.730118e-01  -0.000000e+00
    outer loop
      vertex  1.033335e+01  5.747204e+00  6.000000e+00
      vertex  1.033335e+01  5.747204e+00  0.000000e+00
      vertex  1.056066e+01  5.560660e+00  0.000000e+00
    endloop
  endfacet
  facet normal -6.343917e-01 -7.730118e-01  0.000000e+00
    outer loop
      vertex  1.033335e+01  5.747204e+00  6.000000e+00
      vertex  1.056066e+01  5.560660e+00  0.000000e+00
      vertex  1.056066e+01  5.560660e+00  6.000000e+00
    endloop
  endfacet
  facet normal -7.730103e-01 -6.343935e-01  -0.000000e+00
    outer loop
      vertex  1.056066e+01  5.560660e+00  6.000000e+00
      vertex  1.056066e+01  5.560660e+00  0.000000e+00
      vertex  1.074720e+01  5.333355e+00  0.000000e+00
    endloop
  endfacet
  facet normal -7.730103e-01 -6.343935e-01  0.000000e+00
    outer loop
      vertex  1.056066e+01  5.560660e+00  6.000000e+00
      vertex  1.074720e+01  5.333355e+00  0.000000e+00
      vertex  1.074720e+01  5.333355e+00  6.000000e+00
    endloop
  endfacet
  facet normal -8.819216e-01 -4.713961e-01  -0.000000e+00
    outer loop
      vertex  1.074720e+01  5.333355e+00  6.000000e+00
      vertex  1.074720e+01  5.333355e+00  0.000000e+00
      vertex  1.088582e+01  5.074025e+00  0.000000e+00
    endloop
  endfacet
  facet normal -8.819216e-01 -4.713961e-01  0.000000e+00
    outer loop
      vertex  1.074720e+01  5.333355e+00  6.000000e+00
      vertex  1.088582e+01  5.074025e+00  0.000000e+00
      vertex  1.088582e+01  5.074025e+00  6.000000e+00
    endloop
  endfacet
  facet normal -9.569404e-01 -2.902846e-01  -0.000000e+00
    outer loop
      vertex  1.088582e+01  5.074025e+00  6.000000e+00
      vertex  1.088582e+01  5.074025e+00  0.000000e+00
      vertex  1.097118e+01  4.792635e+00  0.000000e+00
    endloop
  endfacet
  facet normal -9.569404e-01 -2.902846e-01  0.000000e+00
    outer loop
      vertex  1.088582e+01  5.074025e+00  6.000000e+00
      vertex  1.097118e+01  4.792635e+00  0.000000e+00
      vertex  1.097118e+01  4.792635e+00  6.000000e+00
    endloop
  endfacet
  facet normal -9.951848e-01 -9.801670e-02  -0.000000e+00
    outer loop
      vertex  1.097118e+01  4.792635e+00  6.000000e+00
      vertex  1.097118e+01  4.792635e+00  0.000000e+00
      vertex  1.100000e+01  4.500000e+00  0.000000e+00
    endloop
  endfacet
  facet normal -9.951848e-01 -9.801670e-02  0.000000e+00
    outer loop
      vertex  1.097118e+01  4.792635e+00  6.000000e+00
      vertex  1.100000e+01  4.500000e+00  0.000000e+00
      vertex  1.100000e+01  4.500000e+00  6.000000e+00
    endloop
  endfacet
  facet normal -9.801735e-02  9.951847e-01  0.000000e+00
    outer loop
      vertex  9.500000e+00  3.000000e+00  0.000000e+00
      vertex  9.792636e+00  3.028822e+00  6.000000e+00
      vertex  9.792636e+00  3.028822e+00  0.000000e+00
    endloop
  endfacet
  facet normal -2.902851e-01  9.569402e-01  0.000000e+00
    outer loop
      vertex  9.792636e+00  3.028822e+00  0.000000e+00
      vertex  9.792636e+00  3.028822e+00  6.000000e+00
      vertex  1.007403e+01  3.114181e+00  6.000000e+00
    endloop
  endfacet
  facet normal -2.902851e-01  9.569402e-01  0.000000e+00
    outer loop
      vertex  9.792636e+00  3.028822e+00  0.000000e+00
      vertex  1.007403e+01  3.114181e+00  6.000000e+00
      vertex  1.007403e+01  3.114181e+00  0.000000e+00
    endloop
  endfacet
  facet normal -4.713974e-01  8.819210e-01  0.000000e+00
    outer loop
      vertex  1.007403e+01  3.114181e+00  0.000000e+00
      vertex  1.007403e+01  3.114181e+00  6.000000e+00
      vertex  1.033335e+01  3.252796e+00  6.000000e+00
    endloop
  endfacet
  facet normal -4.713974e-01  8.819210e-01  0.000000e+00
    outer loop
      vertex  1.007403e+01  3.114181e+00  0.000000e+00
      vertex  1.033335e+01  3.252796e+00  6.000000e+00
      vertex  1.033335e+01  3.252796e+00  0.000000e+00
    endloop
  endfacet
  facet normal -6.343922e-01  7.730114e-01  0.000000e+00
    outer loop
      vertex  1.033335e+01  3.252796e+00  0.000000e+00
      vertex  1.033335e+01  3.252796e+00  6.000000e+00
      vertex  1.056066e+01  3.439340e+00  6.000000e+00
    endloop
  endfacet
  facet normal -6.343922e-01  7.730114e-01  0.000000e+00
    outer loop
      vertex  1.033335e+01  3.252796e+00  0.000000e+00
      vertex  1.056066e+01  3.439340e+00  6.000000e+00
      vertex  1.056066e+01  3.439340e+00  0.000000e+00
    endloop
  endfacet
  facet normal -7.730100e-01  6.343939e-01  0.000000e+00
    outer loop
      vertex  1.056066e+01  3.439340e+00  0.000000e+00
      vertex  1.056066e+01  3.439340e+00  6.000000e+00
      vertex  1.074720e+01  3.666645e+00  6.000000e+00
    endloop
  endfacet
  facet normal -7.730100e-01  6.343939e-01  0.000000e+00
    outer loop
      vertex  1.056066e+01  3.439340e+00  0.000000e+00
      vertex  1.074720e+01  3.666645e+00  6.000000e+00
      vertex  1.074720e+01  3.666645e+00  0.000000e+00
    endloop
  endfacet
  facet normal -8.819216e-01  4.713961e-01  0.000000e+00
    outer loop
      vertex  1.074720e+01  3.666645e+00  0.000000e+00
      vertex  1.074720e+01  3.666645e+00  6.000000e+00
      vertex  1.088582e+01  3.925975e+00  6.000000e+00
    endloop
  endfacet
  facet normal -8.819216e-01  4.713961e-01  0.000000e+00
    outer loop
      vertex  1.074720e+01  3.666645e+00  0.000000e+00
      vertex  1.088582e+01  3.925975e+00  6.000000e+00
      vertex  1.088582e+01  3.925975e+00  0.000000e+00
    endloop
  endfacet
  facet normal -9.569404e-01  2.902846e-01  0.000000e+00
    outer loop
      vertex  1.088582e+01  3.925975e+00  0.000000e+00
      vertex  1.088582e+01  3.925975e+00  6.000000e+00
      vertex  1.097118e+01  4.207365e+00  6.000000e+00
    endloop
  endfacet
  facet normal -9.569404e-01  2.902846e-01  0.000000e+00
    outer loop
      vertex  1.088582e+01  3.925975e+00  0.000000e+00
      vertex  1.097118e+01  4.207365e+00  6.000000e+00
      vertex  1.097118e+01  4.207365e+00  0.000000e+00
    endloop
  endfacet
  facet normal -9.951848e-01  9.801670e-02  0.000000e+00
    outer loop
      vertex  1.097118e+01  4.207365e+00  0.000000e+00
      vertex  1.097118e+01  4.207365e+00  6.000000e+00
      vertex  1.100000e+01  4.500000e+00  6.000000e+00
    endloop
  endfacet
  facet normal -9.951848e-01  9.801670e-02  0.000000e+00
    outer loop
      vertex  1.097118e+01  4.207365e+00  0.000000e+00
      vertex  1.100000e+01  4.500000e+00  6.000000e+00
      vertex  1.100000e+01  4.500000e+00  0.000000e+00
    endloop
  endfacet
  facet normal -9.801735e-02  9.951847e-01  0.000000e+00
    outer loop
      vertex  9.792636e+00  3.028822e+00  6.000000e+00
      vertex  9.500000e+00  3.000000e+00  0.000000e+00
      vertex  9.500000e+00  3.000000e+00  6.000000e+00
    endloop
  endfacet
  facet normal  9.801735e-02  9.951847e-01  0.000000e+00
    outer loop
      vertex  9.500000e+00  3.000000e+00  6.000000e+00
      vertex  9.500000e+00  3.000000e+00  0.000000e+00
      vertex  9.207364e+00  3.028822e+00  0.000000e+00
    endloop
  endfacet
  facet normal  9.801735e-02  9.951847e-01  -0.000000e+00
    outer loop
      vertex  9.500000e+00  3.000000e+00  6.000000e+00
      vertex  9.207364e+00  3.028822e+00  0.000000e+00
      vertex  9.207364e+00  3.028822e+00  6.000000e+00
    endloop
  endfacet
  facet normal  2.902851e-01  9.569402e-01  0.000000e+00
    outer loop
      vertex  9.207364e+00  3.028822e+00  6.000000e+00
      vertex  9.207364e+00  3.028822e+00  0.000000e+00
      vertex  8.925975e+00  3.114181e+00  0.000000e+00
    endloop
  endfacet
  facet normal  2.902851e-01  9.569402e-01  -0.000000e+00
    outer loop
      vertex  9.207364e+00  3.028822e+00  6.000000e+00
      vertex  8.925975e+00  3.114181e+00  0.000000e+00
      vertex  8.925975e+00  3.114181e+00  6.000000e+00
    endloop
  endfacet
  facet normal  4.713974e-01  8.819210e-01  0.000000e+00
    outer loop
      vertex  8.925975e+00  3.114181e+00  6.000000e+00
      vertex  8.925975e+00  3.114181e+00  0.000000e+00
      vertex  8.666645e+00  3.252796e+00  0.000000e+00
    endloop
  endfacet
  facet normal  4.713974e-01  8.819210e-01  -0.000000e+00
    outer loop
      vertex  8.925975e+00  3.114181e+00  6.000000e+00
      vertex  8.666645e+00  3.252796e+00  0.000000e+00
      vertex  8.666645e+00  3.252796e+00  6.000000e+00
    endloop
  endfacet
  facet normal  6.343922e-01  7.730114e-01  0.000000e+00
    outer loop
      vertex  8.666645e+00  3.252796e+00  6.000000e+00
      vertex  8.666645e+00  3.252796e+00  0.000000e+00
      vertex  8.439340e+00  3.439340e+00  0.000000e+00
    endloop
  endfacet
  facet normal  6.343922e-01  7.730114e-01  -0.000000e+00
    outer loop
      vertex  8.666645e+00  3.252796e+00  6.000000e+00
      vertex  8.439340e+00  3.439340e+00  0.000000e+00
      vertex  8.439340e+00  3.439340e+00  6.000000e+00
    endloop
  endfacet
  facet normal  7.730100e-01  6.343939e-01  0.000000e+00
    outer loop
      vertex  8.439340e+00  3.439340e+00  6.000000e+00
      vertex  8.439340e+00  3.439340e+00  0.000000e+00
      vertex  8.252795e+00  3.666645e+00  0.000000e+00
    endloop
  endfacet
  facet normal  7.730100e-01  6.343939e-01  -0.000000e+00
    outer loop
      vertex  8.439340e+00  3.439340e+00  6.000000e+00
      vertex  8.252795e+00  3.666645e+00  0.000000e+00
      vertex  8.252795e+00  3.666645e+00  6.000000e+00
    endloop
  endfacet
  facet normal  8.819216e-01  4.713961e-01  0.000000e+00
    outer loop
      vertex  8.252795e+00  3.666645e+00  6.000000e+00
      vertex  8.252795e+00  3.666645e+00  0.000000e+00
      vertex  8.114181e+00  3.925975e+00  0.000000e+00
    endloop
  endfacet
  facet normal  8.819216e-01  4.713961e-01  -0.000000e+00
    outer loop
      vertex  8.252795e+00  3.666645e+00  6.000000e+00
      vertex  8.114181e+00  3.925975e+00  0.000000e+00
      vertex  8.114181e+00  3.925975e+00  6.000000e+00
    endloop
  endfacet
  facet normal  9.569404e-01  2.902846e-01  0.000000e+00
    outer loop
      vertex  8.114181e+00  3.925975e+00  6.000000e+00
      vertex  8.114181e+00  3.925975e+00  0.000000e+00
      vertex  8.028822e+00  4.207365e+00  0.000000e+00
    endloop
  endfacet
  facet normal  9.569404e-01  2.902846e-01  -0.000000e+00
    outer loop
      vertex  8.114181e+00  3.925975e+00  6.000000e+00
      vertex  8.028822e+00  4.207365e+00  0.000000e+00
      vertex  8.028822e+00  4.207365e+00  6.000000e+00
    endloop
  endfacet
  facet normal  9.951848e-01  9.801670e-02  0.000000e+00
    outer loop
      vertex  8.028822e+00  4.207365e+00  6.000000e+00
      vertex  8.028822e+00  4.207365e+00  0.000000e+00
      vertex  8.000000e+00  4.500000e+00  0.000000e+00
    endloop
  endfacet
  facet normal  9.951848e-01  9.801670e-02  -0.000000e+00
    outer loop
      vertex  8.028822e+00  4.207365e+00  6.000000e+00
      vertex  8.000000e+00  4.500000e+00  0.000000e+00
      vertex  8.000000e+00  4.500000e+00  6.000000e+00
    endloop
  endfacet
  facet normal -9.801735e-02  9.951847e-01  0.000000e+00
    outer loop
      vertex -9.500000e+00  3.000000e+00  0.000000e+00
      vertex -9.207364e+00  3.028822e+00  6.000000e+00
      vertex -9.207364e+00  3.028822e+00  0.000000e+00
    endloop
  endfacet
  facet normal -2.902851e-01  9.569402e-01  0.000000e+00
    outer loop
      vertex -9.207364e+00  3.028822e+00  0.000000e+00
      vertex -9.207364e+00  3.028822e+00  6.000000e+00
      vertex -8.925975e+00  3.114181e+00  6.000000e+00
    endloop
  endfacet
  facet normal -2.902851e-01  9.569402e-01  0.000000e+00
    outer loop
      vertex -9.207364e+00  3.028822e+00  0.000000e+00
      vertex -8.925975e+00  3.114181e+00  6.000000e+00
      vertex -8.925975e+00  3.114181e+00  0.000000e+00
    endloop
  endfacet
  facet normal -4.713974e-01  8.819210e-01  0.000000e+00
    outer loop
      vertex -8.925975e+00  3.114181e+00  0.000000e+00
      vertex -8.925975e+00  3.114181e+00  6.000000e+00
      vertex -8.666645e+00  3.252796e+00  6.000000e+00
    endloop
  endfacet
  facet normal -4.713974e-01  8.819210e-01  0.000000e+00
    outer loop
      vertex -8.925975e+00  3.114181e+00  0.000000e+00
      vertex -8.666645e+00  3.252796e+00  6.000000e+00
      vertex -8.666645e+00  3.252796e+00  0.000000e+00
    endloop
  endfacet
  facet normal -6.343922e-01  7.730114e-01  0.000000e+00
    outer loop
      vertex -8.666645e+00  3.252796e+00  0.000000e+00
      vertex -8.666645e+00  3.252796e+00  6.000000e+00
      vertex -8.439340e+00  3.439340e+00  6.000000e+00
    endloop
  endfacet
  facet normal -6.343922e-01  7.730114e-01  0.000000e+00
    outer loop
      vertex -8.666645e+00  3.252796e+00  0.000000e+00
      vertex -8.439340e+00  3.439340e+00  6.000000e+00
      vertex -8.439340e+00  3.439340e+00  0.000000e+00
    endloop
  endfacet
  facet normal -7.730100e-01  6.343939e-01  0.000000e+00
    outer loop
      vertex -8.439340e+00  3.439340e+00  0.000000e+00
      vertex -8.439340e+00  3.439340e+00  6.000000e+00
      vertex -8.252795e+00  3.666645e+00  6.000000e+00
    endloop
  endfacet
  facet normal -7.730100e-01  6.343939e-01  0.000000e+00
    outer loop
      vertex -8.439340e+00  3.439340e+00  0.000000e+00
      vertex -8.252795e+00  3.666645e+00  6.000000e+00
      vertex -8.252795e+00  3.666645e+00  0.000000e+00
    endloop
  endfacet
  facet normal -8.819216e-01  4.713961e-01  0.000000e+00
    outer loop
      vertex -8.252795e+00  3.666645e+00  0.000000e+00
      vertex -8.252795e+00  3.666645e+00  6.000000e+00
      vertex -8.114181e+00  3.925975e+00  6.000000e+00
    endloop
  endfacet
  facet normal -8.819216e-01  4.713961e-01  0.000000e+00
    outer loop
      vertex -8.252795e+00  3.666645e+00  0.000000e+00
      vertex -8.114181e+00  3.925975e+00  6.000000e+00
      vertex -8.114181e+00  3.925975e+00  0.000000e+00
    endloop
  endfacet
  facet normal -9.569404e-01  2.902846e-01  0.000000e+00
    outer loop
      vertex -8.114181e+00  3.925975e+00  0.000000e+00
      vertex -8.114181e+00  3.925975e+00  6.000000e+00
      vertex -8.028822e+00  4.207365e+00  6.000000e+00
    endloop
  endfacet
  facet normal -9.569404e-01  2.902846e-01  0.000000e+00
    outer loop
      vertex -8.114181e+00  3.925975e+00  0.000000e+00
      vertex -8.028822e+00  4.207365e+00  6.000000e+00
      vertex -8.028822e+00  4.207365e+00  0.000000e+00
    endloop
  endfacet
  facet normal -9.951848e-01  9.801670e-02  0.000000e+00
    outer loop
      vertex -8.028822e+00  4.207365e+00  0.000000e+00
      vertex -8.028822e+00  4.207365e+00  6.000000e+00
      vertex -8.000000e+00  4.500000e+00  6.000000e+00
    endloop
  endfacet
  facet normal -9.951848e-01  9.801670e-02  0.000000e+00
    outer loop
      vertex -8.028822e+00  4.207365e+00  0.000000e+00
      vertex -8.000000e+00  4.500000e+00  6.000000e+00
      vertex -8.000000e+00  4.500000e+00  0.000000e+00
    endloop
  endfacet
  facet normal -9.801735e-02  9.951847e-01  0.000000e+00
    outer loop
      vertex -9.207364e+00  3.028822e+00  6.000000e+00
      vertex -9.500000e+00  3.000000e+00  0.000000e+00
      vertex -9.500000e+00  3.000000e+00  6.000000e+00
    endloop
  endfacet
  facet normal  9.801735e-02  9.951847e-01  0.000000e+00
    outer loop
      vertex -9.500000e+00  3.000000e+00  6.000000e+00
      vertex -9.500000e+00  3.000000e+00  0.000000e+00
      vertex -9.792636e+00  3.028822e+00  0.000000e+00
    endloop
  endfacet
  facet normal  9.801735e-02  9.951847e-01  -0.000000e+00
    outer loop
      vertex -9.500000e+00  3.000000e+00  6.000000e+00
      vertex -9.792636e+00  3.028822e+00  0.000000e+00
      vertex -9.792636e+00  3.028822e+00  6.000000e+00
    endloop
  endfacet
  facet normal  2.902851e-01  9.569402e-01  0.000000e+00
    outer loop
      vertex -9.792636e+00  3.028822e+00  6.000000e+00
      vertex -9.792636e+00  3.028822e+00  0.000000e+00
      vertex -1.007403e+01  3.114181e+00  0.000000e+00
    endloop
  endfacet
  facet normal  2.902851e-01  9.569402e-01  -0.000000e+00
    outer loop
      vertex -9.792636e+00  3.028822e+00  6.000000e+00
      vertex -1.007403e+01  3.114181e+00  0.000000e+00
      vertex -1.007403e+01  3.114181e+00  6.000000e+00
    endloop
  endfacet
  facet normal  4.713974e-01  8.819210e-01  0.000000e+00
    outer loop
      vertex -1.007403e+01  3.114181e+00  6.000000e+00
      vertex -1.007403e+01  3.114181e+00  0.000000e+00
      vertex -1.033335e+01  3.252796e+00  0.000000e+00
    endloop
  endfacet
  facet normal  4.713974e-01  8.819210e-01  -0.000000e+00
    outer loop
      vertex -1.007403e+01  3.114181e+00  6.000000e+00
      vertex -1.033335e+01  3.252796e+00  0.000000e+00
      vertex -1.033335e+01  3.252796e+00  6.000000e+00
    endloop
  endfacet
  facet normal  6.343922e-01  7.730114e-01  0.000000e+00
    outer loop
      vertex -1.033335e+01  3.252796e+00  6.000000e+00
      vertex -1.033335e+01  3.252796e+00  0.000000e+00
      vertex -1.056066e+01  3.439340e+00  0.000000e+00
    endloop
  endfacet
  facet normal  6.343922e-01  7.730114e-01  -0.000000e+00
    outer loop
      vertex -1.033335e+01  3.252796e+00  6.000000e+00
      vertex -1.056066e+01  3.439340e+00  0.000000e+00
      vertex -1.056066e+01  3.439340e+00  6.000000e+00
    endloop
  endfacet
  facet normal  7.730100e-01  6.343939e-01  0.000000e+00
    outer loop
      vertex -1.056066e+01  3.439340e+00  6.000000e+00
      vertex -1.056066e+01  3.439340e+00  0.000000e+00
      vertex -1.074720e+01  3.666645e+00  0.000000e+00
    endloop
  endfacet
  facet normal  7.730100e-01  6.343939e-01  -0.000000e+00
    outer loop
      vertex -1.056066e+01  3.439340e+00  6.000000e+00
      vertex -1.074720e+01  3.666645e+00  0.000000e+00
      vertex -1.074720e+01  3.666645e+00  6.000000e+00
    endloop
  endfacet
  facet normal  8.819216e-01  4.713961e-01  0.000000e+00
    outer loop
      vertex -1.074720e+01  3.666645e+00  6.000000e+00
      vertex -1.074720e+01  3.666645e+00  0.000000e+00
      vertex -1.088582e+01  3.925975e+00  0.000000e+00
    endloop
  endfacet
  facet normal  8.819216e-01  4.713961e-01  -0.000000e+00
    outer loop
      vertex -1.074720e+01  3.666645e+00  6.000000e+00
      vertex -1.088582e+01  3.925975e+00  0.000000e+00
      vertex -1.088582e+01  3.925975e+00  6.000000e+00
    endloop
  endfacet
  facet normal  9.569404e-01  2.902846e-01  0.000000e+00
    outer loop
      vertex -1.088582e+01  3.925975e+00  6.000000e+00
      vertex -1.088582e+01  3.925975e+00  0.000000e+00
      vertex -1.097118e+01  4.207365e+00  0.000000e+00
    endloop
  endfacet
  facet normal  9.569404e-01  2.902846e-01  -0.000000e+00
    outer loop
      vertex -1.088582e+01  3.925975e+00  6.000000e+00
      vertex -1.097118e+01  4.207365e+00  0.000000e+00
      vertex -1.097118e+01  4.207365e+00  6.000000e+00
    endloop
  endfacet
  facet normal  9.951848e-01  9.801670e-02  0.000000e+00
    outer loop
      vertex -1.097118e+01  4.207365e+00  6.000000e+00
      vertex -1.097118e+01  4.207365e+00  0.000000e+00
      vertex -1.100000e+01  4.500000e+00  0.000000e+00
    endloop
  endfacet
  facet normal  9.951848e-01  9.801670e-02  -0.000000e+00
    outer loop
      vertex -1.097118e+01  4.207365e+00  6.000000e+00
      vertex -1.100000e+01  4.500000e+00  0.000000e+00
      vertex -1.100000e+01  4.500000e+00  6.000000e+00
    endloop
  endfacet
  facet normal  9.801655e-02 -9.951848e-01  0.000000e+00
    outer loop
      vertex -9.500000e+00  6.000000e+00  0.000000e+00
      vertex -9.792636e+00  5.971178e+00  6.000000e+00
      vertex -9.792636e+00  5.971178e+00  0.000000e+00
    endloop
  endfacet
  facet normal  2.902851e-01 -9.569402e-01  0.000000e+00
    outer loop
      vertex -9.792636e+00  5.971178e+00  0.000000e+00
      vertex -9.792636e+00  5.971178e+00  6.000000e+00
      vertex -1.007403e+01  5.885819e+00  6.000000e+00
    endloop
  endfacet
  facet normal  2.902851e-01 -9.569402e-01  0.000000e+00
    outer loop
      vertex -9.792636e+00  5.971178e+00  0.000000e+00
      vertex -1.007403e+01  5.885819e+00  6.000000e+00
      vertex -1.007403e+01  5.885819e+00  0.000000e+00
    endloop
  endfacet
  facet normal  4.713980e-01 -8.819206e-01  0.000000e+00
    outer loop
      vertex -1.007403e+01  5.885819e+00  0.000000e+00
      vertex -1.007403e+01  5.885819e+00  6.000000e+00
      vertex -1.033335e+01  5.747204e+00  6.000000e+00
    endloop
  endfacet
  facet normal  4.713980e-01 -8.819206e-01  0.000000e+00
    outer loop
      vertex -1.007403e+01  5.885819e+00  0.000000e+00
      vertex -1.033335e+01  5.747204e+00  6.000000e+00
      vertex -1.033335e+01  5.747204e+00  0.000000e+00
    endloop
  endfacet
  facet normal  6.343917e-01 -7.730118e-01  0.000000e+00
    outer loop
      vertex -1.033335e+01  5.747204e+00  0.000000e+00
      vertex -1.033335e+01  5.747204e+00  6.000000e+00
      vertex -1.056066e+01  5.560660e+00  6.000000e+00
    endloop
  endfacet
  facet normal  6.343917e-01 -7.730118e-01  0.000000e+00
    outer loop
      vertex -1.033335e+01  5.747204e+00  0.000000e+00
      vertex -1.056066e+01  5.560660e+00  6.000000e+00
      vertex -1.056066e+01  5.560660e+00  0.000000e+00
    endloop
  endfacet
  facet normal  7.730103e-01 -6.343935e-01  0.000000e+00
    outer loop
      vertex -1.056066e+01  5.560660e+00  0.000000e+00
      vertex -1.056066e+01  5.560660e+00  6.000000e+00
      vertex -1.074720e+01  5.333355e+00  6.000000e+00
    endloop
  endfacet
  facet normal  7.730103e-01 -6.343935e-01  0.000000e+00
    outer loop
      vertex -1.056066e+01  5.560660e+00  0.000000e+00
      vertex -1.074720e+01  5.333355e+00  6.000000e+00
      vertex -1.074720e+01  5.333355e+00  0.000000e+00
    endloop
  endfacet
  facet normal  8.819216e-01 -4.713961e-01  0.000000e+00
    outer loop
      vertex -1.074720e+01  5.333355e+00  0.000000e+00
      vertex -1.074720e+01  5.333355e+00  6.000000e+00
      vertex -1.088582e+01  5.074025e+00  6.000000e+00
    endloop
  endfacet
  facet normal  8.819216e-01 -4.713961e-01  0.000000e+00
    outer loop
      vertex -1.074720e+01  5.333355e+00  0.000000e+00
      vertex -1.088582e+01  5.074025e+00  6.000000e+00
      vertex -1.088582e+01  5.074025e+00  0.000000e+00
    endloop
  endfacet
  facet normal  9.569404e-01 -2.902846e-01  0.000000e+00
    outer loop
      vertex -1.088582e+01  5.074025e+00  0.000000e+00
      vertex -1.088582e+01  5.074025e+00  6.000000e+00
      vertex -1.097118e+01  4.792635e+00  6.000000e+00
    endloop
  endfacet
  facet normal  9.569404e-01 -2.902846e-01  0.000000e+00
    outer loop
      vertex -1.088582e+01  5.074025e+00  0.000000e+00
      vertex -1.097118e+01  4.792635e+00  6.000000e+00
      vertex -1.097118e+01  4.792635e+00  0.000000e+00
    endloop
  endfacet
  facet normal  9.951848e-01 -9.801670e-02  0.000000e+00
    outer loop
      vertex -1.097118e+01  4.792635e+00  0.000000e+00
      vertex -1.097118e+01  4.792635e+00  6.000000e+00
      vertex -1.100000e+01  4.500000e+00  6.000000e+00
    endloop
  endfacet
  facet normal  9.951848e-01 -9.801670e-02  0.000000e+00
    outer loop
      vertex -1.097118e+01  4.792635e+00  0.000000e+00
      vertex -1.100000e+01  4.500000e+00  6.000000e+00
      vertex -1.100000e+01  4.500000e+00  0.000000e+00
    endloop
  endfacet
  facet normal  9.801655e-02 -9.951848e-01  0.000000e+00
    outer loop
      vertex -9.792636e+00  5.971178e+00  6.000000e+00
      vertex -9.500000e+00  6.000000e+00  0.000000e+00
      vertex -9.500000e+00  6.000000e+00  6.000000e+00
    endloop
  endfacet
  facet normal -9.801655e-02 -9.951848e-01  -0.000000e+00
    outer loop
      vertex -9.500000e+00  6.000000e+00  6.000000e+00
      vertex -9.500000e+00  6.000000e+00  0.000000e+00
      vertex -9.207364e+00  5.971178e+00  0.000000e+00
    endloop
  endfacet
  facet normal -9.801655e-02 -9.951848e-01  0.000000e+00
    outer loop
      vertex -9.500000e+00  6.000000e+00  6.000000e+00
      vertex -9.207364e+00  5.971178e+00  0.000000e+00
      vertex -9.207364e+00  5.971178e+00  6.000000e+00
    endloop
  endfacet
  facet normal -2.902851e-01 -9.569402e-01  -0.000000e+00
    outer loop
      vertex -9.207364e+00  5.971178e+00  6.000000e+00
      vertex -9.207364e+00  5.971178e+00  0.000000e+00
      vertex -8.925975e+00  5.885819e+00  0.000000e+00
    endloop
  endfacet
  facet normal -2.902851e-01 -9.569402e-01  0.000000e+00
    outer loop
      vertex -9.207364e+00  5.971178e+00  6.000000e+00
      vertex -8.925975e+00  5.885819e+00  0.000000e+00
      vertex -8.925975e+00  5.885819e+00  6.000000e+00
    endloop
  endfacet
  facet normal -4.713980e-01 -8.819206e-01  -0.000000e+00
    outer loop
      vertex -8.925975e+00  5.885819e+00  6.000000e+00
      vertex -8.925975e+00  5.885819e+00  0.000000e+00
      vertex -8.666645e+00  5.747204e+00  0.000000e+00
    endloop
  endfacet
  facet normal -4.713980e-01 -8.819206e-01  0.000000e+00
    outer loop
      vertex -8.925975e+00  5.885819e+00  6.000000e+00
      vertex -8.666645e+00  5.747204e+00  0.000000e+00
      vertex -8.666645e+00  5.747204e+00  6.000000e+00
    endloop
  endfacet
  facet normal -6.343917e-01 -7.730118e-01  -0.000000e+00
    outer loop
      vertex -8.666645e+00  5.747204e+00  6.000000e+00
      vertex -8.666645e+00  5.747204e+00  0.000000e+00
      vertex -8.439340e+00  5.560660e+00  0.000000e+00
    endloop
  endfacet
  facet normal -6.343917e-01 -7.730118e-01  0.000000e+00
    outer loop
      vertex -8.666645e+00  5.747204e+00  6.000000e+00
      vertex -8.439340e+00  5.560660e+00  0.000000e+00
      vertex -8.439340e+00  5.560660e+00  6.000000e+00
    endloop
  endfacet
  facet normal -7.730103e-01 -6.343935e-01  -0.000000e+00
    outer loop
      vertex -8.439340e+00  5.560660e+00  6.000000e+00
      vertex -8.439340e+00  5.560660e+00  0.000000e+00
      vertex -8.252795e+00  5.333355e+00  0.000000e+00
    endloop
  endfacet
  facet normal -7.730103e-01 -6.343935e-01  0.000000e+00
    outer loop
      vertex -8.439340e+00  5.560660e+00  6.000000e+00
      vertex -8.252795e+00  5.333355e+00  0.000000e+00
      vertex -8.252795e+00  5.333355e+00  6.000000e+00
    endloop
  endfacet
  facet normal -8.819216e-01 -4.713961e-01  -0.000000e+00
    outer loop
      vertex -8.252795e+00  5.333355e+00  6.000000e+00
      vertex -8.252795e+00  5.333355e+00  0.000000e+00
      vertex -8.114181e+00  5.074025e+00  0.000000e+00
    endloop
  endfacet
  facet normal -8.819216e-01 -4.713961e-01  0.000000e+00
    outer loop
      vertex -8.252795e+00  5.333355e+00  6.000000e+00
      vertex -8.114181e+00  5.074025e+00  0.000000e+00
      vertex -8.114181e+00  5.074025e+00  6.000000e+00
    endloop
  endfacet
  facet normal -9.569404e-01 -2.902846e-01  -0.000000e+00
    outer loop
      vertex -8.114181e+00  5.074025e+00  6.000000e+00
      vertex -8.114181e+00  5.074025e+00  0.000000e+00
      vertex -8.028822e+00  4.792635e+00  0.000000e+00
    endloop
  endfacet
  facet normal -9.569404e-01 -2.902846e-01  0.000000e+00
    outer loop
      vertex -8.114181e+00  5.074025e+00  6.000000e+00
      vertex -8.028822e+00  4.792635e+00  0.000000e+00
      vertex -8.028822e+00  4.792635e+00  6.000000e+00
    endloop
  endfacet
  facet normal -9.951848e-01 -9.801670e-02  -0.000000e+00
    outer loop
      vertex -8.028822e+00  4.792635e+00  6.000000e+00
      vertex -8.028822e+00  4.792635e+00  0.000000e+00
      vertex -8.000000e+00  4.500000e+00  0.000000e+00
    endloop
  endfacet
  facet normal -9.951848e-01 -9.801670e-02  0.000000e+00
    outer loop
      vertex -8.028822e+00  4.792635e+00  6.000000e+00
      vertex -8.000000e+00  4.500000e+00  0.000000e+00
      vertex -8.000000e+00  4.500000e+00  6.000000e+00
    endloop
  endfacet
  facet normal -9.978590e-01 -6.540279e-02  -0.000000e+00
    outer loop
      vertex  8.500000e+00 -1.102182e-15  3.000000e+00
      vertex  8.461502e+00  5.873679e-01  6.000000e+00
      vertex  8.461502e+00  5.873679e-01  3.000000e+00
    endloop
  endfacet
  facet normal -9.807853e-01 -1.950905e-01  0.000000e+00
    outer loop
      vertex  8.461502e+00  5.873679e-01  3.000000e+00
      vertex  8.461502e+00  5.873679e-01  6.000000e+00
      vertex  8.346666e+00  1.164686e+00  6.000000e+00
    endloop
  endfacet
  facet normal -9.807853e-01 -1.950905e-01  -0.000000e+00
    outer loop
      vertex  8.461502e+00  5.873679e-01  3.000000e+00
      vertex  8.346666e+00  1.164686e+00  6.000000e+00
      vertex  8.346666e+00  1.164686e+00  3.000000e+00
    endloop
  endfacet
  facet normal -9.469302e-01 -3.214390e-01  0.000000e+00
    outer loop
      vertex  8.346666e+00  1.164686e+00  3.000000e+00
      vertex  8.346666e+00  1.164686e+00  6.000000e+00
      vertex  8.157458e+00  1.722075e+00  6.000000e+00
    endloop
  endfacet
  facet normal -9.469302e-01 -3.214390e-01  -0.000000e+00
    outer loop
      vertex  8.346666e+00  1.164686e+00  3.000000e+00
      vertex  8.157458e+00  1.722075e+00  6.000000e+00
      vertex  8.157458e+00  1.722075e+00  3.000000e+00
    endloop
  endfacet
  facet normal -8.968723e-01 -4.422893e-01  0.000000e+00
    outer loop
      vertex  8.157458e+00  1.722075e+00  3.000000e+00
      vertex  8.157458e+00  1.722075e+00  6.000000e+00
      vertex  7.897114e+00  2.250000e+00  6.000000e+00
    endloop
  endfacet
  facet normal -8.968723e-01 -4.422893e-01  -0.000000e+00
    outer loop
      vertex  8.157458e+00  1.722075e+00  3.000000e+00
      vertex  7.897114e+00  2.250000e+00  6.000000e+00
      vertex  7.897114e+00  2.250000e+00  3.000000e+00
    endloop
  endfacet
  facet normal -8.314695e-01 -5.555705e-01  0.000000e+00
    outer loop
      vertex  7.897114e+00  2.250000e+00  3.000000e+00
      vertex  7.897114e+00  2.250000e+00  6.000000e+00
      vertex  7.570090e+00  2.739426e+00  6.000000e+00
    endloop
  endfacet
  facet normal -8.314695e-01 -5.555705e-01  -0.000000e+00
    outer loop
      vertex  7.897114e+00  2.250000e+00  3.000000e+00
      vertex  7.570090e+00  2.739426e+00  6.000000e+00
      vertex  7.570090e+00  2.739426e+00  3.000000e+00
    endloop
  endfacet
  facet normal -7.518402e-01 -6.593454e-01  0.000000e+00
    outer loop
      vertex  7.570090e+00  2.739426e+00  3.000000e+00
      vertex  7.570090e+00  2.739426e+00  6.000000e+00
      vertex  7.181981e+00  3.181981e+00  6.000000e+00
    endloop
  endfacet
  facet normal -7.518402e-01 -6.593454e-01  -0.000000e+00
    outer loop
      vertex  7.570090e+00  2.739426e+00  3.000000e+00
      vertex  7.181981e+00  3.181981e+00  6.000000e+00
      vertex  7.181981e+00  3.181981e+00  3.000000e+00
    endloop
  endfacet
  facet normal -6.593459e-01 -7.518398e-01  0.000000e+00
    outer loop
      vertex  7.181981e+00  3.181981e+00  3.000000e+00
      vertex  7.181981e+00  3.181981e+00  6.000000e+00
      vertex  6.739427e+00  3.570090e+00  6.000000e+00
    endloop
  endfacet
  facet normal -6.593459e-01 -7.518398e-01  -0.000000e+00
    outer loop
      vertex  7.181981e+00  3.181981e+00  3.000000e+00
      vertex  6.739427e+00  3.570090e+00  6.000000e+00
      vertex  6.739427e+00  3.570090e+00  3.000000e+00
    endloop
  endfacet
  facet normal -5.555700e-01 -8.314698e-01  0.000000e+00
    outer loop
      vertex  6.739427e+00  3.570090e+00  3.000000e+00
      vertex  6.739427e+00  3.570090e+00  6.000000e+00
      vertex  6.250000e+00  3.897114e+00  6.000000e+00
    endloop
  endfacet
  facet normal -5.555700e-01 -8.314698e-01  -0.000000e+00
    outer loop
      vertex  6.739427e+00  3.570090e+00  3.000000e+00
      vertex  6.250000e+00  3.897114e+00  6.000000e+00
      vertex  6.250000e+00  3.897114e+00  3.000000e+00
    endloop
  endfacet
  facet normal -4.422887e-01 -8.968728e-01  0.000000e+00
    outer loop
      vertex  6.250000e+00  3.897114e+00  3.000000e+00
      vertex  6.250000e+00  3.897114e+00  6.000000e+00
      vertex  5.722075e+00  4.157458e+00  6.000000e+00
    endloop
  endfacet
  facet normal -4.422887e-01 -8.968728e-01  -0.000000e+00
    outer loop
      vertex  6.250000e+00  3.897114e+00  3.000000e+00
      vertex  5.722075e+00  4.157458e+00  6.000000e+00
      vertex  5.722075e+00  4.157458e+00  3.000000e+00
    endloop
  endfacet
  facet normal -3.214397e-01 -9.469301e-01  0.000000e+00
    outer loop
      vertex  5.722075e+00  4.157458e+00  3.000000e+00
      vertex  5.722075e+00  4.157458e+00  6.000000e+00
      vertex  5.164686e+00  4.346666e+00  6.000000e+00
    endloop
  endfacet
  facet normal -3.214397e-01 -9.469301e-01  -0.000000e+00
    outer loop
      vertex  5.722075e+00  4.157458e+00  3.000000e+00
      vertex  5.164686e+00  4.346666e+00  6.000000e+00
      vertex  5.164686e+00  4.346666e+00  3.000000e+00
    endloop
  endfacet
  facet normal -1.950905e-01 -9.807853e-01  0.000000e+00
    outer loop
      vertex  5.164686e+00  4.346666e+00  3.000000e+00
      vertex  5.164686e+00  4.346666e+00  6.000000e+00
      vertex  4.587368e+00  4.461502e+00  6.000000e+00
    endloop
  endfacet
  facet normal -1.950905e-01 -9.807853e-01  -0.000000e+00
    outer loop
      vertex  5.164686e+00  4.346666e+00  3.000000e+00
      vertex  4.587368e+00  4.461502e+00  6.000000e+00
      vertex  4.587368e+00  4.461502e+00  3.000000e+00
    endloop
  endfacet
  facet normal -6.540278e-02 -9.978590e-01  0.000000e+00
    outer loop
      vertex  4.587368e+00  4.461502e+00  3.000000e+00
      vertex  4.587368e+00  4.461502e+00  6.000000e+00
      vertex  4.000000e+00  4.500000e+00  6.000000e+00
    endloop
  endfacet
  facet normal -6.540278e-02 -9.978590e-01  -0.000000e+00
    outer loop
      vertex  4.587368e+00  4.461502e+00  3.000000e+00
      vertex  4.000000e+00  4.500000e+00  6.000000e+00
      vertex  4.000000e+00  4.500000e+00  3.000000e+00
    endloop
  endfacet
  facet normal -9.978590e-01 -6.540279e-02  0.000000e+00
    outer loop
      vertex  8.461502e+00  5.873679e-01  6.000000e+00
      vertex  8.500000e+00 -1.102182e-15  3.000000e+00
      vertex  8.500000e+00 -1.102182e-15  6.000000e+00
    endloop
  endfacet
  facet normal -9.978590e-01  6.540279e-02  0.000000e+00
    outer loop
      vertex  8.500000e+00 -1.102182e-15  6.000000e+00
      vertex  8.500000e+00 -1.102182e-15  3.000000e+00
      vertex  8.461502e+00 -5.873679e-01  3.000000e+00
    endloop
  endfacet
  facet normal -9.978590e-01  6.540279e-02  0.000000e+00
    outer loop
      vertex  8.500000e+00 -1.102182e-15  6.000000e+00
      vertex  8.461502e+00 -5.873679e-01  3.000000e+00
      vertex  8.461502e+00 -5.873679e-01  6.000000e+00
    endloop
  endfacet
  facet normal -9.807853e-01  1.950905e-01  0.000000e+00
    outer loop
      vertex  8.461502e+00 -5.873679e-01  6.000000e+00
      vertex  8.461502e+00 -5.873679e-01  3.000000e+00
      vertex  8.346666e+00 -1.164686e+00  3.000000e+00
    endloop
  endfacet
  facet normal -9.807853e-01  1.950905e-01  0.000000e+00
    outer loop
      vertex  8.461502e+00 -5.873679e-01  6.000000e+00
      vertex  8.346666e+00 -1.164686e+00  3.000000e+00
      vertex  8.346666e+00 -1.164686e+00  6.000000e+00
    endloop
  endfacet
  facet normal -9.469302e-01  3.214390e-01  0.000000e+00
    outer loop
      vertex  8.346666e+00 -1.164686e+00  6.000000e+00
      vertex  8.346666e+00 -1.164686e+00  3.000000e+00
      vertex  8.157458e+00 -1.722075e+00  3.000000e+00
    endloop
  endfacet
  facet normal -9.469302e-01  3.214390e-01  0.000000e+00
    outer loop
      vertex  8.346666e+00 -1.164686e+00  6.000000e+00
      vertex  8.157458e+00 -1.722075e+00  3.000000e+00
      vertex  8.157458e+00 -1.722075e+00  6.000000e+00
    endloop
  endfacet
  facet normal -8.968723e-01  4.422893e-01  0.000000e+00
    outer loop
      vertex  8.157458e+00 -1.722075e+00  6.000000e+00
      vertex  8.157458e+00 -1.722075e+00  3.000000e+00
      vertex  7.897114e+00 -2.250000e+00  3.000000e+00
    endloop
  endfacet
  facet normal -8.968723e-01  4.422893e-01  0.000000e+00
    outer loop
      vertex  8.157458e+00 -1.722075e+00  6.000000e+00
      vertex  7.897114e+00 -2.250000e+00  3.000000e+00
      vertex  7.897114e+00 -2.250000e+00  6.000000e+00
    endloop
  endfacet
  facet normal -8.314695e-01  5.555705e-01  0.000000e+00
    outer loop
      vertex  7.897114e+00 -2.250000e+00  6.000000e+00
      vertex  7.897114e+00 -2.250000e+00  3.000000e+00
      vertex  7.570090e+00 -2.739426e+00  3.000000e+00
    endloop
  endfacet
  facet normal -8.314695e-01  5.555705e-01  0.000000e+00
    outer loop
      vertex  7.897114e+00 -2.250000e+00  6.000000e+00
      vertex  7.570090e+00 -2.739426e+00  3.000000e+00
      vertex  7.570090e+00 -2.739426e+00  6.000000e+00
    endloop
  endfacet
  facet normal -7.518402e-01  6.593454e-01  0.000000e+00
    outer loop
      vertex  7.570090e+00 -2.739426e+00  6.000000e+00
      vertex  7.570090e+00 -2.739426e+00  3.000000e+00
      vertex  7.181981e+00 -3.181981e+00  3.000000e+00
    endloop
  endfacet
  facet normal -7.518402e-01  6.593454e-01  0.000000e+00
    outer loop
      vertex  7.570090e+00 -2.739426e+00  6.000000e+00
      vertex  7.181981e+00 -3.181981e+00  3.000000e+00
      vertex  7.181981e+00 -3.181981e+00  6.000000e+00
    endloop
  endfacet
  facet normal -6.593459e-01  7.518398e-01  0.000000e+00
    outer loop
      vertex  7.181981e+00 -3.181981e+00  6.000000e+00
      vertex  7.181981e+00 -3.181981e+00  3.000000e+00
      vertex  6.739427e+00 -3.570090e+00  3.000000e+00
    endloop
  endfacet
  facet normal -6.593459e-01  7.518398e-01  0.000000e+00
    outer loop
      vertex  7.181981e+00 -3.181981e+00  6.000000e+00
      vertex  6.739427e+00 -3.570090e+00  3.000000e+00
      vertex  6.739427e+00 -3.570090e+00  6.000000e+00
    endloop
  endfacet
  facet normal -5.555700e-01  8.314698e-01  0.000000e+00
    outer loop
      vertex  6.739427e+00 -3.570090e+00  6.000000e+00
      vertex  6.739427e+00 -3.570090e+00  3.000000e+00
      vertex  6.250000e+00 -3.897114e+00  3.000000e+00
    endloop
  endfacet
  facet normal -5.555700e-01  8.314698e-01  0.000000e+00
    outer loop
      vertex  6.739427e+00 -3.570090e+00  6.000000e+00
      vertex  6.250000e+00 -3.897114e+00  3.000000e+00
      vertex  6.250000e+00 -3.897114e+00  6.000000e+00
    endloop
  endfacet
  facet normal -4.422887e-01  8.968728e-01  0.000000e+00
    outer loop
      vertex  6.250000e+00 -3.897114e+00  6.000000e+00
      vertex  6.250000e+00 -3.897114e+00  3.000000e+00
      vertex  5.722075e+00 -4.157458e+00  3.000000e+00
    endloop
  endfacet
  facet normal -4.422887e-01  8.968728e-01  0.000000e+00
    outer loop
      vertex  6.250000e+00 -3.897114e+00  6.000000e+00
      vertex  5.722075e+00 -4.157458e+00  3.000000e+00
      vertex  5.722075e+00 -4.157458e+00  6.000000e+00
    endloop
  endfacet
  facet normal -3.214397e-01  9.469301e-01  0.000000e+00
    outer loop
      vertex  5.722075e+00 -4.157458e+00  6.000000e+00
      vertex  5.722075e+00 -4.157458e+00  3.000000e+00
      vertex  5.164686e+00 -4.346666e+00  3.000000e+00
    endloop
  endfacet
  facet normal -3.214397e-01  9.469301e-01  0.000000e+00
    outer loop
      vertex  5.722075e+00 -4.157458e+00  6.000000e+00
      vertex  5.164686e+00 -4.346666e+00  3.000000e+00
      vertex  5.164686e+00 -4.346666e+00  6.000000e+00
    endloop
  endfacet
  facet normal -1.950905e-01  9.807853e-01  0.000000e+00
    outer loop
      vertex  5.164686e+00 -4.346666e+00  6.000000e+00
      vertex  5.164686e+00 -4.346666e+00  3.000000e+00
      vertex  4.587368e+00 -4.461502e+00  3.000000e+00
    endloop
  endfacet
  facet normal -1.950905e-01  9.807853e-01  0.000000e+00
    outer loop
      vertex  5.164686e+00 -4.346666e+00  6.000000e+00
      vertex  4.587368e+00 -4.461502e+00  3.000000e+00
      vertex  4.587368e+00 -4.461502e+00  6.000000e+00
    endloop
  endfacet
  facet normal -6.540278e-02  9.978590e-01  0.000000e+00
    outer loop
      vertex  4.587368e+00 -4.461502e+00  6.000000e+00
      vertex  4.587368e+00 -4.461502e+00  3.000000e+00
      vertex  4.000000e+00 -4.500000e+00  3.000000e+00
    endloop
  endfacet
  facet normal -6.540278e-02  9.978590e-01  0.000000e+00
    outer loop
      vertex  4.587368e+00 -4.461502e+00  6.000000e+00
      vertex  4.000000e+00 -4.500000e+00  3.000000e+00
      vertex  4.000000e+00 -4.500000e+00  6.000000e+00
    endloop
  endfacet
  facet normal  9.978590e-01  6.540279e-02  0.000000e+00
    outer loop
      vertex -8.500000e+00  2.549493e-15  3.000000e+00
      vertex -8.461502e+00 -5.873679e-01  6.000000e+00
      vertex -8.461502e+00 -5.873679e-01  3.000000e+00
    endloop
  endfacet
  facet normal  9.807853e-01  1.950905e-01  -0.000000e+00
    outer loop
      vertex -8.461502e+00 -5.873679e-01  3.000000e+00
      vertex -8.461502e+00 -5.873679e-01  6.000000e+00
      vertex -8.346666e+00 -1.164686e+00  6.000000e+00
    endloop
  endfacet
  facet normal  9.807853e-01  1.950905e-01  0.000000e+00
    outer loop
      vertex -8.461502e+00 -5.873679e-01  3.000000e+00
      vertex -8.346666e+00 -1.164686e+00  6.000000e+00
      vertex -8.346666e+00 -1.164686e+00  3.000000e+00
    endloop
  endfacet
  facet normal  9.469302e-01  3.214390e-01  -0.000000e+00
    outer loop
      vertex -8.346666e+00 -1.164686e+00  3.000000e+00
      vertex -8.346666e+00 -1.164686e+00  6.000000e+00
      vertex -8.157458e+00 -1.722075e+00  6.000000e+00
    endloop
  endfacet
  facet normal  9.469302e-01  3.214390e-01  0.000000e+00
    outer loop
      vertex -8.346666e+00 -1.164686e+00  3.000000e+00
      vertex -8.157458e+00 -1.722075e+00  6.000000e+00
      vertex -8.157458e+00 -1.722075e+00  3.000000e+00
    endloop
  endfacet
  facet normal  8.968723e-01  4.422893e-01  -0.000000e+00
    outer loop
      vertex -8.157458e+00 -1.722075e+00  3.000000e+00
      vertex -8.157458e+00 -1.722075e+00  6.000000e+00
      vertex -7.897114e+00 -2.250000e+00  6.000000e+00
    endloop
  endfacet
  facet normal  8.968723e-01  4.422893e-01  0.000000e+00
    outer loop
      vertex -8.157458e+00 -1.722075e+00  3.000000e+00
      vertex -7.897114e+00 -2.250000e+00  6.000000e+00
      vertex -7.897114e+00 -2.250000e+00  3.000000e+00
    endloop
  endfacet
  facet normal  8.314695e-01  5.555705e-01  -0.000000e+00
    outer loop
      vertex -7.897114e+00 -2.250000e+00  3.000000e+00
      vertex -7.897114e+00 -2.250000e+00  6.000000e+00
      vertex -7.570090e+00 -2.739426e+00  6.000000e+00
    endloop
  endfacet
  facet normal  8.314695e-01  5.555705e-01  0.000000e+00
    outer loop
      vertex -7.897114e+00 -2.250000e+00  3.000000e+00
      vertex -7.570090e+00 -2.739426e+00  6.000000e+00
      vertex -7.570090e+00 -2.739426e+00  3.000000e+00
    endloop
  endfacet
  facet normal  7.518402e-01  6.593454e-01  -0.000000e+00
    outer loop
      vertex -7.570090e+00 -2.739426e+00  3.000000e+00
      vertex -7.570090e+00 -2.739426e+00  6.000000e+00
      vertex -7.181981e+00 -3.181981e+00  6.000000e+00
    endloop
  endfacet
  facet normal  7.518402e-01  6.593454e-01  0.000000e+00
    outer loop
      vertex -7.570090e+00 -2.739426e+00  3.000000e+00
      vertex -7.181981e+00 -3.181981e+00  6.000000e+00
      vertex -7.181981e+00 -3.181981e+00  3.000000e+00
    endloop
  endfacet
  facet normal  6.593459e-01  7.518398e-01  -0.000000e+00
    outer loop
      vertex -7.181981e+00 -3.181981e+00  3.000000e+00
      vertex -7.181981e+00 -3.181981e+00  6.000000e+00
      vertex -6.739427e+00 -3.570090e+00  6.000000e+00
    endloop
  endfacet
  facet normal  6.593459e-01  7.518398e-01  0.000000e+00
    outer loop
      vertex -7.181981e+00 -3.181981e+00  3.000000e+00
      vertex -6.739427e+00 -3.570090e+00  6.000000e+00
      vertex -6.739427e+00 -3.570090e+00  3.000000e+00
    endloop
  endfacet
  facet normal  5.555700e-01  8.314698e-01  -0.000000e+00
    outer loop
      vertex -6.739427e+00 -3.570090e+00  3.000000e+00
      vertex -6.739427e+00 -3.570090e+00  6.000000e+00
      vertex -6.250000e+00 -3.897114e+00  6.000000e+00
    endloop
  endfacet
  facet normal  5.555700e-01  8.314698e-01  0.000000e+00
    outer loop
      vertex -6.739427e+00 -3.570090e+00  3.000000e+00
      vertex -6.250000e+00 -3.897114e+00  6.000000e+00
      vertex -6.250000e+00 -3.897114e+00  3.000000e+00
    endloop
  endfacet
  facet normal  4.422887e-01  8.968728e-01  -0.000000e+00
    outer loop
      vertex -6.250000e+00 -3.897114e+00  3.000000e+00
      vertex -6.250000e+00 -3.897114e+00  6.000000e+00
      vertex -5.722075e+00 -4.157458e+00  6.000000e+00
    endloop
  endfacet
  facet normal  4.422887e-01  8.968728e-01  0.000000e+00
    outer loop
      vertex -6.250000e+00 -3.897114e+00  3.000000e+00
      vertex -5.722075e+00 -4.157458e+00  6.000000e+00
      vertex -5.722075e+00 -4.157458e+00  3.000000e+00
    endloop
  endfacet
  facet normal  3.214397e-01  9.469301e-01  -0.000000e+00
    outer loop
      vertex -5.722075e+00 -4.157458e+00  3.000000e+00
      vertex -5.722075e+00 -4.157458e+00  6.000000e+00
      vertex -5.164686e+00 -4.346666e+00  6.000000e+00
    endloop
  endfacet
  facet normal  3.214397e-01  9.469301e-01  0.000000e+00
    outer loop
      vertex -5.722075e+00 -4.157458e+00  3.000000e+00
      vertex -5.164686e+00 -4.346666e+00  6.000000e+00
      vertex -5.164686e+00 -4.346666e+00  3.000000e+00
    endloop
  endfacet
  facet normal  1.950905e-01  9.807853e-01  -0.000000e+00
    outer loop
      vertex -5.164686e+00 -4.346666e+00  3.000000e+00
      vertex -5.164686e+00 -4.346666e+00  6.000000e+00
      vertex -4.587368e+00 -4.461502e+00  6.000000e+00
    endloop
  endfacet
  facet normal  1.950905e-01  9.807853e-01  0.000000e+00
    outer loop
      vertex -5.164686e+00 -4.346666e+00  3.000000e+00
      vertex -4.587368e+00 -4.461502e+00  6.000000e+00
      vertex -4.587368e+00 -4.461502e+00  3.000000e+00
    endloop
  endfacet
  facet normal  6.540278e-02  9.978590e-01  -0.000000e+00
    outer loop
      vertex -4.587368e+00 -4.461502e+00  3.000000e+00
      vertex -4.587368e+00 -4.461502e+00  6.000000e+00
      vertex -4.000000e+00 -4.500000e+00  6.000000e+00
    endloop
  endfacet
  facet normal  6.540278e-02  9.978590e-01  0.000000e+00
    outer loop
      vertex -4.587368e+00 -4.461502e+00  3.000000e+00
      vertex -4.000000e+00 -4.500000e+00  6.000000e+00
      vertex -4.000000e+00 -4.500000e+00  3.000000e+00
    endloop
  endfacet
  facet normal  9.978590e-01  6.540279e-02  -0.000000e+00
    outer loop
      vertex -8.461502e+00 -5.873679e-01  6.000000e+00
      vertex -8.500000e+00  2.549493e-15  3.000000e+00
      vertex -8.500000e+00  2.549493e-15  6.000000e+00
    endloop
  endfacet
  facet normal  9.978590e-01 -6.540279e-02  0.000000e+00
    outer loop
      vertex -8.500000e+00  2.549493e-15  6.000000e+00
      vertex -8.500000e+00  2.549493e-15  3.000000e+00
      vertex -8.461502e+00  5.873679e-01  3.000000e+00
    endloop
  endfacet
  facet normal  9.978590e-01 -6.540279e-02  0.000000e+00
    outer loop
      vertex -8.500000e+00  2.549493e-15  6.000000e+00
      vertex -8.461502e+00  5.873679e-01  3.000000e+00
      vertex -8.461502e+00  5.873679e-01  6.000000e+00
    endloop
  endfacet
  facet normal  9.807853e-01 -1.950905e-01  0.000000e+00
    outer loop
      vertex -8.461502e+00  5.873679e-01  6.000000e+00
      vertex -8.461502e+00  5.873679e-01  3.000000e+00
      vertex -8.346666e+00  1.164686e+00  3.000000e+00
    endloop
  endfacet
  facet normal  9.807853e-01 -1.950905e-01  0.000000e+00
    outer loop
      vertex -8.461502e+00  5.873679e-01  6.000000e+00
      vertex -8.346666e+00  1.164686e+00  3.000000e+00
      vertex -8.346666e+00  1.164686e+00  6.000000e+00
    endloop
  endfacet
  facet normal  9.469302e-01 -3.214390e-01  0.000000e+00
    outer loop
      vertex -8.346666e+00  1.164686e+00  6.000000e+00
      vertex -8.346666e+00  1.164686e+00  3.000000e+00
      vertex -8.157458e+00  1.722075e+00  3.000000e+00
    endloop
  endfacet
  facet normal  9.469302e-01 -3.214390e-01  0.000000e+00
    outer loop
      vertex -8.346666e+00  1.164686e+00  6.000000e+00
      vertex -8.157458e+00  1.722075e+00  3.000000e+00
      vertex -8.157458e+00  1.722075e+00  6.000000e+00
    endloop
  endfacet
  facet normal  8.968723e-01 -4.422893e-01  0.000000e+00
    outer loop
      vertex -8.157458e+00  1.722075e+00  6.000000e+00
      vertex -8.157458e+00  1.722075e+00  3.000000e+00
      vertex -7.897114e+00  2.250000e+00  3.000000e+00
    endloop
  endfacet
  facet normal  8.968723e-01 -4.422893e-01  0.000000e+00
    outer loop
      vertex -8.157458e+00  1.722075e+00  6.000000e+00
      vertex -7.897114e+00  2.250000e+00  3.000000e+00
      vertex -7.897114e+00  2.250000e+00  6.000000e+00
    endloop
  endfacet
  facet normal  8.314695e-01 -5.555705e-01  0.000000e+00
    outer loop
      vertex -7.897114e+00  2.250000e+00  6.000000e+00
      vertex -7.897114e+00  2.250000e+00  3.000000e+00
      vertex -7.570090e+00  2.739426e+00  3.000000e+00
    endloop
  endfacet
  facet normal  8.314695e-01 -5.555705e-01  0.000000e+00
    outer loop
      vertex -7.897114e+00  2.250000e+00  6.000000e+00
      vertex -7.570090e+00  2.739426e+00  3.000000e+00
      vertex -7.570090e+00  2.739426e+00  6.000000e+00
    endloop
  endfacet
  facet normal  7.518402e-01 -6.593454e-01  0.000000e+00
    outer loop
      vertex -7.570090e+00  2.739426e+00  6.000000e+00
      vertex -7.570090e+00  2.739426e+00  3.000000e+00
      vertex -7.181981e+00  3.181981e+00  3.000000e+00
    endloop
  endfacet
  facet normal  7.518402e-01 -6.593454e-01  0.000000e+00
    outer loop
      vertex -7.570090e+00  2.739426e+00  6.000000e+00
      vertex -7.181981e+00  3.181981e+00  3.000000e+00
      vertex -7.181981e+00  3.181981e+00  6.000000e+00
    endloop
  endfacet
  facet normal  6.593459e-01 -7.518398e-01  0.000000e+00
    outer loop
      vertex -7.181981e+00  3.181981e+00  6.000000e+00
      vertex -7.181981e+00  3.181981e+00  3.000000e+00
      vertex -6.739427e+00  3.570090e+00  3.000000e+00
    endloop
  endfacet
  facet normal  6.593459e-01 -7.518398e-01  0.000000e+00
    outer loop
      vertex -7.181981e+00  3.181981e+00  6.000000e+00
      vertex -6.739427e+00  3.570090e+00  3.000000e+00
      vertex -6.739427e+00  3.570090e+00  6.000000e+00
    endloop
  endfacet
  facet normal  5.555700e-01 -8.314698e-01  0.000000e+00
    outer loop
      vertex -6.739427e+00  3.570090e+00  6.000000e+00
      vertex -6.739427e+00  3.570090e+00  3.000000e+00
      vertex -6.250000e+00  3.897114e+00  3.000000e+00
    endloop
  endfacet
  facet normal  5.555700e-01 -8.314698e-01  0.000000e+00
    outer loop
      vertex -6.739427e+00  3.570090e+00  6.000000e+00
      vertex -6.250000e+00  3.897114e+00  3.000000e+00
      vertex -6.250000e+00  3.897114e+00  6.000000e+00
    endloop
  endfacet
  facet normal  4.422887e-01 -8.968728e-01  0.000000e+00
    outer loop
      vertex -6.250000e+00  3.897114e+00  6.000000e+00
      vertex -6.250000e+00  3.897114e+00  3.000000e+00
      vertex -5.722075e+00  4.157458e+00  3.000000e+00
    endloop
  endfacet
  facet normal  4.422887e-01 -8.968728e-01  0.000000e+00
    outer loop
      vertex -6.250000e+00  3.897114e+00  6.000000e+00
      vertex -5.722075e+00  4.157458e+00  3.000000e+00
      vertex -5.722075e+00  4.157458e+00  6.000000e+00
    endloop
  endfacet
  facet normal  3.214397e-01 -9.469301e-01  0.000000e+00
    outer loop
      vertex -5.722075e+00  4.157458e+00  6.000000e+00
      vertex -5.722075e+00  4.157458e+00  3.000000e+00
      vertex -5.164686e+00  4.346666e+00  3.000000e+00
    endloop
  endfacet
  facet normal  3.214397e-01 -9.469301e-01  0.000000e+00
    outer loop
      vertex -5.722075e+00  4.157458e+00  6.000000e+00
      vertex -5.164686e+00  4.346666e+00  3.000000e+00
      vertex -5.164686e+00  4.346666e+00  6.000000e+00
    endloop
  endfacet
  facet normal  1.950905e-01 -9.807853e-01  0.000000e+00
    outer loop
      vertex -5.164686e+00  4.346666e+00  6.000000e+00
      vertex -5.164686e+00  4.346666e+00  3.000000e+00
      vertex -4.587368e+00  4.461502e+00  3.000000e+00
    endloop
  endfacet
  facet normal  1.950905e-01 -9.807853e-01  0.000000e+00
    outer loop
      vertex -5.164686e+00  4.346666e+00  6.000000e+00
      vertex -4.587368e+00  4.461502e+00  3.000000e+00
      vertex -4.587368e+00  4.461502e+00  6.000000e+00
    endloop
  endfacet
  facet normal  6.540278e-02 -9.978590e-01  0.000000e+00
    outer loop
      vertex -4.587368e+00  4.461502e+00  6.000000e+00
      vertex -4.587368e+00  4.461502e+00  3.000000e+00
      vertex -4.000000e+00  4.500000e+00  3.000000e+00
    endloop
  endfacet
  facet normal  6.540278e-02 -9.978590e-01  0.000000e+00
    outer loop
      vertex -4.587368e+00  4.461502e+00  6.000000e+00
      vertex -4.000000e+00  4.500000e+00  3.000000e+00
      vertex -4.000000e+00  4.500000e+00  6.000000e+00
    endloop
  endfacet
endsolid CATIA STL
