solid CATIA STL
  facet normal  -0.000000e+00  0.000000e+00 -1.000000e+00
    outer loop
      vertex -6.128817e+01  5.336806e-01  0.000000e+00
      vertex -8.750000e+00  2.124577e-15  0.000000e+00
      vertex -6.125000e+01 -4.249154e-15  0.000000e+00
    endloop
  endfacet
  facet normal  0.000000e+00  0.000000e+00 -1.000000e+00
    outer loop
      vertex -8.750000e+00  2.124577e-15  0.000000e+00
      vertex -6.128817e+01 -5.336806e-01  0.000000e+00
      vertex -6.125000e+01 -4.249154e-15  0.000000e+00
    endloop
  endfacet
  facet normal  0.000000e+00  0.000000e+00 -1.000000e+00
    outer loop
      vertex -8.750000e+00  2.124577e-15  0.000000e+00
      vertex -6.184530e+01 -2.027403e+00  0.000000e+00
      vertex -6.158888e+01 -1.557806e+00  0.000000e+00
    endloop
  endfacet
  facet normal  0.000000e+00  0.000000e+00 -1.000000e+00
    outer loop
      vertex -8.750000e+00  2.124577e-15  0.000000e+00
      vertex -6.158888e+01 -1.557806e+00  0.000000e+00
      vertex -6.140190e+01 -1.056497e+00  0.000000e+00
    endloop
  endfacet
  facet normal  0.000000e+00  0.000000e+00 -1.000000e+00
    outer loop
      vertex -8.750000e+00  2.124577e-15  0.000000e+00
      vertex -6.140190e+01 -1.056497e+00  0.000000e+00
      vertex -6.128817e+01 -5.336806e-01  0.000000e+00
    endloop
  endfacet
  facet normal  0.000000e+00  0.000000e+00 -9.999999e-01
    outer loop
      vertex -8.750000e+00  2.124577e-15  0.000000e+00
      vertex -6.128817e+01  5.336806e-01  0.000000e+00
      vertex -6.140190e+01  1.056497e+00  0.000000e+00
    endloop
  endfacet
  facet normal  0.000000e+00  0.000000e+00 -9.999999e-01
    outer loop
      vertex -8.750000e+00  2.124577e-15  0.000000e+00
      vertex -6.140190e+01  1.056497e+00  0.000000e+00
      vertex -6.158888e+01  1.557806e+00  0.000000e+00
    endloop
  endfacet
  facet normal  0.000000e+00  0.000000e+00 -1.000000e+00
    outer loop
      vertex -8.750000e+00  2.124577e-15  0.000000e+00
      vertex -6.158888e+01  1.557806e+00  0.000000e+00
      vertex -6.184530e+01  2.027403e+00  0.000000e+00
    endloop
  endfacet
  facet normal  0.000000e+00  0.000000e+00 -1.000000e+00
    outer loop
      vertex -7.000000e+01 -1.400000e+01  0.000000e+00
      vertex -7.060268e+01 -1.396354e+01  0.000000e+00
      vertex -7.119658e+01 -1.385471e+01  0.000000e+00
    endloop
  endfacet
  facet normal  0.000000e+00  0.000000e+00 -1.000000e+00
    outer loop
      vertex -7.000000e+01 -1.400000e+01  0.000000e+00
      vertex -7.119658e+01 -1.385471e+01  0.000000e+00
      vertex -7.177303e+01 -1.367508e+01  0.000000e+00
    endloop
  endfacet
  facet normal  0.000000e+00  0.000000e+00 -1.000000e+00
    outer loop
      vertex -7.000000e+01 -1.400000e+01  0.000000e+00
      vertex -7.177303e+01 -1.367508e+01  0.000000e+00
      vertex -7.232362e+01 -1.342728e+01  0.000000e+00
    endloop
  endfacet
  facet normal  0.000000e+00  0.000000e+00 -1.000000e+00
    outer loop
      vertex -7.000000e+01 -1.400000e+01  0.000000e+00
      vertex -7.232362e+01 -1.342728e+01  0.000000e+00
      vertex -7.284032e+01 -1.311492e+01  0.000000e+00
    endloop
  endfacet
  facet normal  0.000000e+00  0.000000e+00 -9.999999e-01
    outer loop
      vertex -7.000000e+01 -1.400000e+01  0.000000e+00
      vertex -7.284032e+01 -1.311492e+01  0.000000e+00
      vertex -7.331561e+01 -1.274255e+01  0.000000e+00
    endloop
  endfacet
  facet normal  0.000000e+00  0.000000e+00 -1.000000e+00
    outer loop
      vertex -7.000000e+01 -1.400000e+01  0.000000e+00
      vertex -7.331561e+01 -1.274255e+01  0.000000e+00
      vertex -7.374255e+01 -1.231561e+01  0.000000e+00
    endloop
  endfacet
  facet normal  0.000000e+00  0.000000e+00 -1.000000e+00
    outer loop
      vertex -7.000000e+01 -1.400000e+01  0.000000e+00
      vertex -7.374255e+01 -1.231561e+01  0.000000e+00
      vertex -7.411492e+01 -1.184032e+01  0.000000e+00
    endloop
  endfacet
  facet normal  0.000000e+00  0.000000e+00 -1.000000e+00
    outer loop
      vertex -7.000000e+01 -1.400000e+01  0.000000e+00
      vertex -7.411492e+01 -1.184032e+01  0.000000e+00
      vertex -7.442728e+01 -1.132362e+01  0.000000e+00
    endloop
  endfacet
  facet normal  0.000000e+00  0.000000e+00 -1.000000e+00
    outer loop
      vertex -7.000000e+01 -1.400000e+01  0.000000e+00
      vertex -7.442728e+01 -1.132362e+01  0.000000e+00
      vertex -7.467508e+01 -1.077302e+01  0.000000e+00
    endloop
  endfacet
  facet normal  0.000000e+00  0.000000e+00 -1.000000e+00
    outer loop
      vertex -7.000000e+01 -1.400000e+01  0.000000e+00
      vertex -7.467508e+01 -1.077302e+01  0.000000e+00
      vertex -7.485471e+01 -1.019658e+01  0.000000e+00
    endloop
  endfacet
  facet normal  0.000000e+00  0.000000e+00 -9.999999e-01
    outer loop
      vertex -7.000000e+01 -1.400000e+01  0.000000e+00
      vertex -7.485471e+01 -1.019658e+01  0.000000e+00
      vertex -7.496355e+01 -9.602683e+00  0.000000e+00
    endloop
  endfacet
  facet normal  0.000000e+00  0.000000e+00 -9.999999e-01
    outer loop
      vertex -7.000000e+01 -1.400000e+01  0.000000e+00
      vertex -7.496355e+01 -9.602683e+00  0.000000e+00
      vertex -7.500000e+01 -9.000000e+00  0.000000e+00
    endloop
  endfacet
  facet normal  0.000000e+00  0.000000e+00 -1.000000e+00
    outer loop
      vertex -7.000000e+01 -1.400000e+01  0.000000e+00
      vertex -7.500000e+01 -9.000000e+00  0.000000e+00
      vertex -7.500000e+01  9.000000e+00  0.000000e+00
    endloop
  endfacet
  facet normal  0.000000e+00  0.000000e+00 -1.000000e+00
    outer loop
      vertex -7.000000e+01 -1.400000e+01  0.000000e+00
      vertex -7.500000e+01  9.000000e+00  0.000000e+00
      vertex -6.875000e+01  2.124577e-15  0.000000e+00
    endloop
  endfacet
  facet normal  0.000000e+00  -0.000000e+00 -1.000000e+00
    outer loop
      vertex -7.000000e+01 -1.400000e+01  0.000000e+00
      vertex -6.875000e+01  2.124577e-15  0.000000e+00
      vertex -6.871183e+01 -5.336806e-01  0.000000e+00
    endloop
  endfacet
  facet normal  0.000000e+00  -0.000000e+00 -1.000000e+00
    outer loop
      vertex -7.000000e+01 -1.400000e+01  0.000000e+00
      vertex -6.871183e+01 -5.336806e-01  0.000000e+00
      vertex -6.859810e+01 -1.056497e+00  0.000000e+00
    endloop
  endfacet
  facet normal  0.000000e+00  -0.000000e+00 -1.000000e+00
    outer loop
      vertex -7.000000e+01 -1.400000e+01  0.000000e+00
      vertex -6.859810e+01 -1.056497e+00  0.000000e+00
      vertex -6.841112e+01 -1.557806e+00  0.000000e+00
    endloop
  endfacet
  facet normal  0.000000e+00  -0.000000e+00 -1.000000e+00
    outer loop
      vertex -7.000000e+01 -1.400000e+01  0.000000e+00
      vertex -6.841112e+01 -1.557806e+00  0.000000e+00
      vertex -6.815470e+01 -2.027403e+00  0.000000e+00
    endloop
  endfacet
  facet normal  0.000000e+00  -0.000000e+00 -1.000000e+00
    outer loop
      vertex -7.000000e+01 -1.400000e+01  0.000000e+00
      vertex -6.815470e+01 -2.027403e+00  0.000000e+00
      vertex -6.783406e+01 -2.455728e+00  0.000000e+00
    endloop
  endfacet
  facet normal  0.000000e+00  -0.000000e+00 -1.000000e+00
    outer loop
      vertex -7.000000e+01 -1.400000e+01  0.000000e+00
      vertex -6.783406e+01 -2.455728e+00  0.000000e+00
      vertex -6.745573e+01 -2.834061e+00  0.000000e+00
    endloop
  endfacet
  facet normal  0.000000e+00  -0.000000e+00 -1.000000e+00
    outer loop
      vertex -7.000000e+01 -1.400000e+01  0.000000e+00
      vertex -6.745573e+01 -2.834061e+00  0.000000e+00
      vertex -6.702740e+01 -3.154701e+00  0.000000e+00
    endloop
  endfacet
  facet normal  0.000000e+00  -0.000000e+00 -1.000000e+00
    outer loop
      vertex -7.000000e+01 -1.400000e+01  0.000000e+00
      vertex -6.702740e+01 -3.154701e+00  0.000000e+00
      vertex -6.655781e+01 -3.411120e+00  0.000000e+00
    endloop
  endfacet
  facet normal  0.000000e+00  -0.000000e+00 -1.000000e+00
    outer loop
      vertex -7.000000e+01 -1.400000e+01  0.000000e+00
      vertex -6.655781e+01 -3.411120e+00  0.000000e+00
      vertex -6.605650e+01 -3.598099e+00  0.000000e+00
    endloop
  endfacet
  facet normal  0.000000e+00  -0.000000e+00 -1.000000e+00
    outer loop
      vertex -7.000000e+01 -1.400000e+01  0.000000e+00
      vertex -6.605650e+01 -3.598099e+00  0.000000e+00
      vertex -6.553368e+01 -3.711830e+00  0.000000e+00
    endloop
  endfacet
  facet normal  0.000000e+00  -0.000000e+00 -1.000000e+00
    outer loop
      vertex -7.000000e+01 -1.400000e+01  0.000000e+00
      vertex -6.553368e+01 -3.711830e+00  0.000000e+00
      vertex -6.500000e+01 -3.750000e+00  0.000000e+00
    endloop
  endfacet
  facet normal  0.000000e+00  -0.000000e+00 -1.000000e+00
    outer loop
      vertex -7.000000e+01 -1.400000e+01  0.000000e+00
      vertex -6.500000e+01 -3.750000e+00  0.000000e+00
      vertex -6.446632e+01 -3.711830e+00  0.000000e+00
    endloop
  endfacet
  facet normal  0.000000e+00  -0.000000e+00 -1.000000e+00
    outer loop
      vertex -7.000000e+01 -1.400000e+01  0.000000e+00
      vertex -6.446632e+01 -3.711830e+00  0.000000e+00
      vertex -6.394350e+01 -3.598099e+00  0.000000e+00
    endloop
  endfacet
  facet normal  0.000000e+00  -0.000000e+00 -1.000000e+00
    outer loop
      vertex -7.000000e+01 -1.400000e+01  0.000000e+00
      vertex -6.394350e+01 -3.598099e+00  0.000000e+00
      vertex -6.344219e+01 -3.411120e+00  0.000000e+00
    endloop
  endfacet
  facet normal  0.000000e+00  -0.000000e+00 -1.000000e+00
    outer loop
      vertex -7.000000e+01 -1.400000e+01  0.000000e+00
      vertex -6.344219e+01 -3.411120e+00  0.000000e+00
      vertex -6.297260e+01 -3.154701e+00  0.000000e+00
    endloop
  endfacet
  facet normal  0.000000e+00  -0.000000e+00 -1.000000e+00
    outer loop
      vertex -7.000000e+01 -1.400000e+01  0.000000e+00
      vertex -6.297260e+01 -3.154701e+00  0.000000e+00
      vertex -6.254427e+01 -2.834061e+00  0.000000e+00
    endloop
  endfacet
  facet normal  0.000000e+00  -0.000000e+00 -1.000000e+00
    outer loop
      vertex -7.000000e+01 -1.400000e+01  0.000000e+00
      vertex -6.254427e+01 -2.834061e+00  0.000000e+00
      vertex -6.216594e+01 -2.455728e+00  0.000000e+00
    endloop
  endfacet
  facet normal  0.000000e+00  -0.000000e+00 -1.000000e+00
    outer loop
      vertex -7.000000e+01 -1.400000e+01  0.000000e+00
      vertex -6.216594e+01 -2.455728e+00  0.000000e+00
      vertex -6.184530e+01 -2.027403e+00  0.000000e+00
    endloop
  endfacet
  facet normal  0.000000e+00  -0.000000e+00 -1.000000e+00
    outer loop
      vertex -7.000000e+01 -1.400000e+01  0.000000e+00
      vertex -6.184530e+01 -2.027403e+00  0.000000e+00
      vertex -8.750000e+00  2.124577e-15  0.000000e+00
    endloop
  endfacet
  facet normal  0.000000e+00  -0.000000e+00 -1.000000e+00
    outer loop
      vertex -7.000000e+01 -1.400000e+01  0.000000e+00
      vertex -8.750000e+00  2.124577e-15  0.000000e+00
      vertex -8.711830e+00 -5.336806e-01  0.000000e+00
    endloop
  endfacet
  facet normal  0.000000e+00  -0.000000e+00 -1.000000e+00
    outer loop
      vertex -7.000000e+01 -1.400000e+01  0.000000e+00
      vertex -8.711830e+00 -5.336806e-01  0.000000e+00
      vertex -8.598099e+00 -1.056497e+00  0.000000e+00
    endloop
  endfacet
  facet normal  0.000000e+00  -0.000000e+00 -1.000000e+00
    outer loop
      vertex -7.000000e+01 -1.400000e+01  0.000000e+00
      vertex -8.598099e+00 -1.056497e+00  0.000000e+00
      vertex -8.411120e+00 -1.557806e+00  0.000000e+00
    endloop
  endfacet
  facet normal  0.000000e+00  -0.000000e+00 -1.000000e+00
    outer loop
      vertex -7.000000e+01 -1.400000e+01  0.000000e+00
      vertex -8.411120e+00 -1.557806e+00  0.000000e+00
      vertex -8.154700e+00 -2.027403e+00  0.000000e+00
    endloop
  endfacet
  facet normal  0.000000e+00  -0.000000e+00 -1.000000e+00
    outer loop
      vertex -7.000000e+01 -1.400000e+01  0.000000e+00
      vertex -8.154700e+00 -2.027403e+00  0.000000e+00
      vertex -7.834061e+00 -2.455728e+00  0.000000e+00
    endloop
  endfacet
  facet normal  0.000000e+00  -0.000000e+00 -9.999999e-01
    outer loop
      vertex -7.000000e+01 -1.400000e+01  0.000000e+00
      vertex -7.834061e+00 -2.455728e+00  0.000000e+00
      vertex -7.455728e+00 -2.834061e+00  0.000000e+00
    endloop
  endfacet
  facet normal  0.000000e+00  -0.000000e+00 -1.000000e+00
    outer loop
      vertex -7.000000e+01 -1.400000e+01  0.000000e+00
      vertex -7.455728e+00 -2.834061e+00  0.000000e+00
      vertex -7.027403e+00 -3.154701e+00  0.000000e+00
    endloop
  endfacet
  facet normal  0.000000e+00  -0.000000e+00 -1.000000e+00
    outer loop
      vertex -7.000000e+01 -1.400000e+01  0.000000e+00
      vertex -7.027403e+00 -3.154701e+00  0.000000e+00
      vertex -6.557806e+00 -3.411120e+00  0.000000e+00
    endloop
  endfacet
  facet normal  0.000000e+00  -0.000000e+00 -1.000000e+00
    outer loop
      vertex -7.000000e+01 -1.400000e+01  0.000000e+00
      vertex -6.557806e+00 -3.411120e+00  0.000000e+00
      vertex -6.056497e+00 -3.598099e+00  0.000000e+00
    endloop
  endfacet
  facet normal  0.000000e+00  -0.000000e+00 -9.999999e-01
    outer loop
      vertex -7.000000e+01 -1.400000e+01  0.000000e+00
      vertex -6.056497e+00 -3.598099e+00  0.000000e+00
      vertex -5.533680e+00 -3.711830e+00  0.000000e+00
    endloop
  endfacet
  facet normal  0.000000e+00  -0.000000e+00 -9.999999e-01
    outer loop
      vertex -7.000000e+01 -1.400000e+01  0.000000e+00
      vertex -5.533680e+00 -3.711830e+00  0.000000e+00
      vertex -5.000000e+00 -3.750000e+00  0.000000e+00
    endloop
  endfacet
  facet normal  0.000000e+00  -0.000000e+00 -1.000000e+00
    outer loop
      vertex -7.000000e+01 -1.400000e+01  0.000000e+00
      vertex -5.000000e+00 -3.750000e+00  0.000000e+00
      vertex -4.466320e+00 -3.711830e+00  0.000000e+00
    endloop
  endfacet
  facet normal  0.000000e+00  0.000000e+00 -1.000000e+00
    outer loop
      vertex -6.875000e+01  2.124577e-15  0.000000e+00
      vertex -7.500000e+01  9.000000e+00  0.000000e+00
      vertex -7.496355e+01  9.602683e+00  0.000000e+00
    endloop
  endfacet
  facet normal  0.000000e+00  0.000000e+00 -9.999999e-01
    outer loop
      vertex -6.875000e+01  2.124577e-15  0.000000e+00
      vertex -7.496355e+01  9.602683e+00  0.000000e+00
      vertex -7.485471e+01  1.019658e+01  0.000000e+00
    endloop
  endfacet
  facet normal  0.000000e+00  0.000000e+00 -1.000000e+00
    outer loop
      vertex -6.875000e+01  2.124577e-15  0.000000e+00
      vertex -7.485471e+01  1.019658e+01  0.000000e+00
      vertex -7.467508e+01  1.077302e+01  0.000000e+00
    endloop
  endfacet
  facet normal  0.000000e+00  0.000000e+00 -9.999999e-01
    outer loop
      vertex -6.875000e+01  2.124577e-15  0.000000e+00
      vertex -7.467508e+01  1.077302e+01  0.000000e+00
      vertex -7.442728e+01  1.132362e+01  0.000000e+00
    endloop
  endfacet
  facet normal  0.000000e+00  0.000000e+00 -1.000000e+00
    outer loop
      vertex -6.875000e+01  2.124577e-15  0.000000e+00
      vertex -7.442728e+01  1.132362e+01  0.000000e+00
      vertex -7.411492e+01  1.184032e+01  0.000000e+00
    endloop
  endfacet
  facet normal  0.000000e+00  0.000000e+00 -1.000000e+00
    outer loop
      vertex -6.875000e+01  2.124577e-15  0.000000e+00
      vertex -7.411492e+01  1.184032e+01  0.000000e+00
      vertex -7.374255e+01  1.231561e+01  0.000000e+00
    endloop
  endfacet
  facet normal  0.000000e+00  0.000000e+00 -1.000000e+00
    outer loop
      vertex -6.875000e+01  2.124577e-15  0.000000e+00
      vertex -7.374255e+01  1.231561e+01  0.000000e+00
      vertex -7.331561e+01  1.274255e+01  0.000000e+00
    endloop
  endfacet
  facet normal  0.000000e+00  0.000000e+00 -1.000000e+00
    outer loop
      vertex -6.875000e+01  2.124577e-15  0.000000e+00
      vertex -7.331561e+01  1.274255e+01  0.000000e+00
      vertex -7.284032e+01  1.311492e+01  0.000000e+00
    endloop
  endfacet
  facet normal  0.000000e+00  0.000000e+00 -1.000000e+00
    outer loop
      vertex -6.875000e+01  2.124577e-15  0.000000e+00
      vertex -7.284032e+01  1.311492e+01  0.000000e+00
      vertex -7.232362e+01  1.342728e+01  0.000000e+00
    endloop
  endfacet
  facet normal  0.000000e+00  0.000000e+00 -1.000000e+00
    outer loop
      vertex -6.875000e+01  2.124577e-15  0.000000e+00
      vertex -7.232362e+01  1.342728e+01  0.000000e+00
      vertex -7.177303e+01  1.367508e+01  0.000000e+00
    endloop
  endfacet
  facet normal  0.000000e+00  0.000000e+00 -1.000000e+00
    outer loop
      vertex -6.875000e+01  2.124577e-15  0.000000e+00
      vertex -7.177303e+01  1.367508e+01  0.000000e+00
      vertex -7.119658e+01  1.385471e+01  0.000000e+00
    endloop
  endfacet
  facet normal  0.000000e+00  0.000000e+00 -1.000000e+00
    outer loop
      vertex -6.875000e+01  2.124577e-15  0.000000e+00
      vertex -7.119658e+01  1.385471e+01  0.000000e+00
      vertex -7.060268e+01  1.396354e+01  0.000000e+00
    endloop
  endfacet
  facet normal  0.000000e+00  0.000000e+00 -1.000000e+00
    outer loop
      vertex -6.875000e+01  2.124577e-15  0.000000e+00
      vertex -7.060268e+01  1.396354e+01  0.000000e+00
      vertex -7.000000e+01  1.400000e+01  0.000000e+00
    endloop
  endfacet
  facet normal  0.000000e+00  -0.000000e+00 -1.000000e+00
    outer loop
      vertex -1.250000e+00  0.000000e+00  0.000000e+00
      vertex  0.000000e+00  1.400000e+01  0.000000e+00
      vertex  6.026834e-01  1.396354e+01  0.000000e+00
    endloop
  endfacet
  facet normal  0.000000e+00  -0.000000e+00 -1.000000e+00
    outer loop
      vertex -1.250000e+00  0.000000e+00  0.000000e+00
      vertex  6.026834e-01  1.396354e+01  0.000000e+00
      vertex  1.196578e+00  1.385471e+01  0.000000e+00
    endloop
  endfacet
  facet normal  0.000000e+00  -0.000000e+00 -1.000000e+00
    outer loop
      vertex -1.250000e+00  0.000000e+00  0.000000e+00
      vertex  1.196578e+00  1.385471e+01  0.000000e+00
      vertex  1.773024e+00  1.367508e+01  0.000000e+00
    endloop
  endfacet
  facet normal  0.000000e+00  -0.000000e+00 -1.000000e+00
    outer loop
      vertex -1.250000e+00  0.000000e+00  0.000000e+00
      vertex  1.773024e+00  1.367508e+01  0.000000e+00
      vertex  2.323616e+00  1.342728e+01  0.000000e+00
    endloop
  endfacet
  facet normal  0.000000e+00  -0.000000e+00 -1.000000e+00
    outer loop
      vertex -1.250000e+00  0.000000e+00  0.000000e+00
      vertex  2.323616e+00  1.342728e+01  0.000000e+00
      vertex  2.840324e+00  1.311492e+01  0.000000e+00
    endloop
  endfacet
  facet normal  0.000000e+00  -0.000000e+00 -1.000000e+00
    outer loop
      vertex -1.250000e+00  0.000000e+00  0.000000e+00
      vertex  2.840324e+00  1.311492e+01  0.000000e+00
      vertex  3.315613e+00  1.274255e+01  0.000000e+00
    endloop
  endfacet
  facet normal  0.000000e+00  -0.000000e+00 -1.000000e+00
    outer loop
      vertex -1.250000e+00  0.000000e+00  0.000000e+00
      vertex  3.315613e+00  1.274255e+01  0.000000e+00
      vertex  3.742554e+00  1.231561e+01  0.000000e+00
    endloop
  endfacet
  facet normal  0.000000e+00  -0.000000e+00 -1.000000e+00
    outer loop
      vertex -1.250000e+00  0.000000e+00  0.000000e+00
      vertex  3.742554e+00  1.231561e+01  0.000000e+00
      vertex  4.114919e+00  1.184032e+01  0.000000e+00
    endloop
  endfacet
  facet normal  0.000000e+00  -0.000000e+00 -1.000000e+00
    outer loop
      vertex -1.250000e+00  0.000000e+00  0.000000e+00
      vertex  4.114919e+00  1.184032e+01  0.000000e+00
      vertex  4.427280e+00  1.132362e+01  0.000000e+00
    endloop
  endfacet
  facet normal  0.000000e+00  -0.000000e+00 -1.000000e+00
    outer loop
      vertex -1.250000e+00  0.000000e+00  0.000000e+00
      vertex  4.427280e+00  1.132362e+01  0.000000e+00
      vertex  4.675081e+00  1.077302e+01  0.000000e+00
    endloop
  endfacet
  facet normal  0.000000e+00  -0.000000e+00 -1.000000e+00
    outer loop
      vertex -1.250000e+00  0.000000e+00  0.000000e+00
      vertex  4.675081e+00  1.077302e+01  0.000000e+00
      vertex  4.854709e+00  1.019658e+01  0.000000e+00
    endloop
  endfacet
  facet normal  0.000000e+00  -0.000000e+00 -1.000000e+00
    outer loop
      vertex -1.250000e+00  0.000000e+00  0.000000e+00
      vertex  4.854709e+00  1.019658e+01  0.000000e+00
      vertex  4.963544e+00  9.602683e+00  0.000000e+00
    endloop
  endfacet
  facet normal  0.000000e+00  -0.000000e+00 -1.000000e+00
    outer loop
      vertex -1.250000e+00  0.000000e+00  0.000000e+00
      vertex  4.963544e+00  9.602683e+00  0.000000e+00
      vertex  5.000000e+00  9.000000e+00  0.000000e+00
    endloop
  endfacet
  facet normal  0.000000e+00  -0.000000e+00 -1.000000e+00
    outer loop
      vertex -1.250000e+00  0.000000e+00  0.000000e+00
      vertex  5.000000e+00  9.000000e+00  0.000000e+00
      vertex  5.000000e+00 -9.000000e+00  0.000000e+00
    endloop
  endfacet
  facet normal  -0.000000e+00  0.000000e+00 -1.000000e+00
    outer loop
      vertex -1.250000e+00  0.000000e+00  0.000000e+00
      vertex  5.000000e+00 -9.000000e+00  0.000000e+00
      vertex  4.963544e+00 -9.602683e+00  0.000000e+00
    endloop
  endfacet
  facet normal  -0.000000e+00  0.000000e+00 -1.000000e+00
    outer loop
      vertex -1.250000e+00  0.000000e+00  0.000000e+00
      vertex  4.963544e+00 -9.602683e+00  0.000000e+00
      vertex  4.854709e+00 -1.019658e+01  0.000000e+00
    endloop
  endfacet
  facet normal  -0.000000e+00  0.000000e+00 -1.000000e+00
    outer loop
      vertex -1.250000e+00  0.000000e+00  0.000000e+00
      vertex  4.854709e+00 -1.019658e+01  0.000000e+00
      vertex  4.675081e+00 -1.077302e+01  0.000000e+00
    endloop
  endfacet
  facet normal  -0.000000e+00  0.000000e+00 -1.000000e+00
    outer loop
      vertex -1.250000e+00  0.000000e+00  0.000000e+00
      vertex  4.675081e+00 -1.077302e+01  0.000000e+00
      vertex  4.427280e+00 -1.132362e+01  0.000000e+00
    endloop
  endfacet
  facet normal  -0.000000e+00  0.000000e+00 -1.000000e+00
    outer loop
      vertex -1.250000e+00  0.000000e+00  0.000000e+00
      vertex  4.427280e+00 -1.132362e+01  0.000000e+00
      vertex  4.114919e+00 -1.184032e+01  0.000000e+00
    endloop
  endfacet
  facet normal  -0.000000e+00  0.000000e+00 -9.999999e-01
    outer loop
      vertex -1.250000e+00  0.000000e+00  0.000000e+00
      vertex  4.114919e+00 -1.184032e+01  0.000000e+00
      vertex  3.742554e+00 -1.231561e+01  0.000000e+00
    endloop
  endfacet
  facet normal  -0.000000e+00  0.000000e+00 -1.000000e+00
    outer loop
      vertex -1.250000e+00  0.000000e+00  0.000000e+00
      vertex  3.742554e+00 -1.231561e+01  0.000000e+00
      vertex  3.315613e+00 -1.274255e+01  0.000000e+00
    endloop
  endfacet
  facet normal  -0.000000e+00  0.000000e+00 -1.000000e+00
    outer loop
      vertex -1.250000e+00  0.000000e+00  0.000000e+00
      vertex  3.315613e+00 -1.274255e+01  0.000000e+00
      vertex  2.840324e+00 -1.311492e+01  0.000000e+00
    endloop
  endfacet
  facet normal  -0.000000e+00  0.000000e+00 -1.000000e+00
    outer loop
      vertex -1.250000e+00  0.000000e+00  0.000000e+00
      vertex  2.840324e+00 -1.311492e+01  0.000000e+00
      vertex  2.323616e+00 -1.342728e+01  0.000000e+00
    endloop
  endfacet
  facet normal  -0.000000e+00  0.000000e+00 -1.000000e+00
    outer loop
      vertex -1.250000e+00  0.000000e+00  0.000000e+00
      vertex  2.323616e+00 -1.342728e+01  0.000000e+00
      vertex  1.773024e+00 -1.367508e+01  0.000000e+00
    endloop
  endfacet
  facet normal  -0.000000e+00  0.000000e+00 -1.000000e+00
    outer loop
      vertex -1.250000e+00  0.000000e+00  0.000000e+00
      vertex  1.773024e+00 -1.367508e+01  0.000000e+00
      vertex  1.196578e+00 -1.385471e+01  0.000000e+00
    endloop
  endfacet
  facet normal  -0.000000e+00  0.000000e+00 -1.000000e+00
    outer loop
      vertex -1.250000e+00  0.000000e+00  0.000000e+00
      vertex  1.196578e+00 -1.385471e+01  0.000000e+00
      vertex  6.026834e-01 -1.396354e+01  0.000000e+00
    endloop
  endfacet
  facet normal  -0.000000e+00  0.000000e+00 -1.000000e+00
    outer loop
      vertex -1.250000e+00  0.000000e+00  0.000000e+00
      vertex  6.026834e-01 -1.396354e+01  0.000000e+00
      vertex  0.000000e+00 -1.400000e+01  0.000000e+00
    endloop
  endfacet
  facet normal  0.000000e+00  0.000000e+00 -1.000000e+00
    outer loop
      vertex -1.250000e+00  0.000000e+00  0.000000e+00
      vertex  0.000000e+00 -1.400000e+01  0.000000e+00
      vertex -1.288170e+00 -5.336806e-01  0.000000e+00
    endloop
  endfacet
  facet normal  0.000000e+00  0.000000e+00 -9.999999e-01
    outer loop
      vertex  0.000000e+00 -1.400000e+01  0.000000e+00
      vertex -7.000000e+01 -1.400000e+01  0.000000e+00
      vertex -4.466320e+00 -3.711830e+00  0.000000e+00
    endloop
  endfacet
  facet normal  0.000000e+00  0.000000e+00 -1.000000e+00
    outer loop
      vertex  0.000000e+00 -1.400000e+01  0.000000e+00
      vertex -4.466320e+00 -3.711830e+00  0.000000e+00
      vertex -3.943503e+00 -3.598099e+00  0.000000e+00
    endloop
  endfacet
  facet normal  0.000000e+00  0.000000e+00 -1.000000e+00
    outer loop
      vertex  0.000000e+00 -1.400000e+01  0.000000e+00
      vertex -3.943503e+00 -3.598099e+00  0.000000e+00
      vertex -3.442194e+00 -3.411120e+00  0.000000e+00
    endloop
  endfacet
  facet normal  0.000000e+00  0.000000e+00 -1.000000e+00
    outer loop
      vertex  0.000000e+00 -1.400000e+01  0.000000e+00
      vertex -3.442194e+00 -3.411120e+00  0.000000e+00
      vertex -2.972597e+00 -3.154701e+00  0.000000e+00
    endloop
  endfacet
  facet normal  0.000000e+00  0.000000e+00 -9.999999e-01
    outer loop
      vertex  0.000000e+00 -1.400000e+01  0.000000e+00
      vertex -2.972597e+00 -3.154701e+00  0.000000e+00
      vertex -2.544272e+00 -2.834061e+00  0.000000e+00
    endloop
  endfacet
  facet normal  0.000000e+00  0.000000e+00 -1.000000e+00
    outer loop
      vertex  0.000000e+00 -1.400000e+01  0.000000e+00
      vertex -2.544272e+00 -2.834061e+00  0.000000e+00
      vertex -2.165939e+00 -2.455728e+00  0.000000e+00
    endloop
  endfacet
  facet normal  0.000000e+00  0.000000e+00 -1.000000e+00
    outer loop
      vertex  0.000000e+00 -1.400000e+01  0.000000e+00
      vertex -2.165939e+00 -2.455728e+00  0.000000e+00
      vertex -1.845299e+00 -2.027403e+00  0.000000e+00
    endloop
  endfacet
  facet normal  0.000000e+00  0.000000e+00 -1.000000e+00
    outer loop
      vertex  0.000000e+00 -1.400000e+01  0.000000e+00
      vertex -1.845299e+00 -2.027403e+00  0.000000e+00
      vertex -1.588880e+00 -1.557806e+00  0.000000e+00
    endloop
  endfacet
  facet normal  0.000000e+00  0.000000e+00 -1.000000e+00
    outer loop
      vertex  0.000000e+00 -1.400000e+01  0.000000e+00
      vertex -1.588880e+00 -1.557806e+00  0.000000e+00
      vertex -1.401901e+00 -1.056497e+00  0.000000e+00
    endloop
  endfacet
  facet normal  0.000000e+00  0.000000e+00 -1.000000e+00
    outer loop
      vertex  0.000000e+00 -1.400000e+01  0.000000e+00
      vertex -1.401901e+00 -1.056497e+00  0.000000e+00
      vertex -1.288170e+00 -5.336806e-01  0.000000e+00
    endloop
  endfacet
  facet normal  0.000000e+00  0.000000e+00 -1.000000e+00
    outer loop
      vertex -7.000000e+01  1.400000e+01  0.000000e+00
      vertex -4.466320e+00  3.711830e+00  0.000000e+00
      vertex -5.000000e+00  3.750000e+00  0.000000e+00
    endloop
  endfacet
  facet normal  -0.000000e+00  0.000000e+00 -9.999999e-01
    outer loop
      vertex -7.000000e+01  1.400000e+01  0.000000e+00
      vertex -5.000000e+00  3.750000e+00  0.000000e+00
      vertex -5.533680e+00  3.711830e+00  0.000000e+00
    endloop
  endfacet
  facet normal  -0.000000e+00  0.000000e+00 -9.999999e-01
    outer loop
      vertex -7.000000e+01  1.400000e+01  0.000000e+00
      vertex -5.533680e+00  3.711830e+00  0.000000e+00
      vertex -6.056497e+00  3.598099e+00  0.000000e+00
    endloop
  endfacet
  facet normal  -0.000000e+00  0.000000e+00 -1.000000e+00
    outer loop
      vertex -7.000000e+01  1.400000e+01  0.000000e+00
      vertex -6.056497e+00  3.598099e+00  0.000000e+00
      vertex -6.557806e+00  3.411120e+00  0.000000e+00
    endloop
  endfacet
  facet normal  -0.000000e+00  0.000000e+00 -1.000000e+00
    outer loop
      vertex -7.000000e+01  1.400000e+01  0.000000e+00
      vertex -6.557806e+00  3.411120e+00  0.000000e+00
      vertex -7.027403e+00  3.154701e+00  0.000000e+00
    endloop
  endfacet
  facet normal  -0.000000e+00  0.000000e+00 -1.000000e+00
    outer loop
      vertex -7.000000e+01  1.400000e+01  0.000000e+00
      vertex -7.027403e+00  3.154701e+00  0.000000e+00
      vertex -7.455728e+00  2.834061e+00  0.000000e+00
    endloop
  endfacet
  facet normal  -0.000000e+00  0.000000e+00 -9.999999e-01
    outer loop
      vertex -7.000000e+01  1.400000e+01  0.000000e+00
      vertex -7.455728e+00  2.834061e+00  0.000000e+00
      vertex -7.834061e+00  2.455728e+00  0.000000e+00
    endloop
  endfacet
  facet normal  -0.000000e+00  0.000000e+00 -9.999999e-01
    outer loop
      vertex -7.000000e+01  1.400000e+01  0.000000e+00
      vertex -7.834061e+00  2.455728e+00  0.000000e+00
      vertex -8.154700e+00  2.027403e+00  0.000000e+00
    endloop
  endfacet
  facet normal  -0.000000e+00  0.000000e+00 -1.000000e+00
    outer loop
      vertex -7.000000e+01  1.400000e+01  0.000000e+00
      vertex -8.154700e+00  2.027403e+00  0.000000e+00
      vertex -8.411120e+00  1.557806e+00  0.000000e+00
    endloop
  endfacet
  facet normal  -0.000000e+00  0.000000e+00 -1.000000e+00
    outer loop
      vertex -7.000000e+01  1.400000e+01  0.000000e+00
      vertex -8.411120e+00  1.557806e+00  0.000000e+00
      vertex -8.598099e+00  1.056497e+00  0.000000e+00
    endloop
  endfacet
  facet normal  -0.000000e+00  0.000000e+00 -1.000000e+00
    outer loop
      vertex -7.000000e+01  1.400000e+01  0.000000e+00
      vertex -8.598099e+00  1.056497e+00  0.000000e+00
      vertex -8.711830e+00  5.336806e-01  0.000000e+00
    endloop
  endfacet
  facet normal  -0.000000e+00  0.000000e+00 -1.000000e+00
    outer loop
      vertex -7.000000e+01  1.400000e+01  0.000000e+00
      vertex -8.711830e+00  5.336806e-01  0.000000e+00
      vertex -8.750000e+00  2.124577e-15  0.000000e+00
    endloop
  endfacet
  facet normal  0.000000e+00  0.000000e+00 -1.000000e+00
    outer loop
      vertex -7.000000e+01  1.400000e+01  0.000000e+00
      vertex -8.750000e+00  2.124577e-15  0.000000e+00
      vertex -6.184530e+01  2.027403e+00  0.000000e+00
    endloop
  endfacet
  facet normal  0.000000e+00  0.000000e+00 -1.000000e+00
    outer loop
      vertex -7.000000e+01  1.400000e+01  0.000000e+00
      vertex -6.184530e+01  2.027403e+00  0.000000e+00
      vertex -6.216594e+01  2.455728e+00  0.000000e+00
    endloop
  endfacet
  facet normal  0.000000e+00  0.000000e+00 -1.000000e+00
    outer loop
      vertex -7.000000e+01  1.400000e+01  0.000000e+00
      vertex -6.216594e+01  2.455728e+00  0.000000e+00
      vertex -6.254427e+01  2.834061e+00  0.000000e+00
    endloop
  endfacet
  facet normal  0.000000e+00  0.000000e+00 -1.000000e+00
    outer loop
      vertex -7.000000e+01  1.400000e+01  0.000000e+00
      vertex -6.254427e+01  2.834061e+00  0.000000e+00
      vertex -6.297260e+01  3.154701e+00  0.000000e+00
    endloop
  endfacet
  facet normal  0.000000e+00  0.000000e+00 -1.000000e+00
    outer loop
      vertex -7.000000e+01  1.400000e+01  0.000000e+00
      vertex -6.297260e+01  3.154701e+00  0.000000e+00
      vertex -6.344219e+01  3.411120e+00  0.000000e+00
    endloop
  endfacet
  facet normal  0.000000e+00  0.000000e+00 -1.000000e+00
    outer loop
      vertex -7.000000e+01  1.400000e+01  0.000000e+00
      vertex -6.344219e+01  3.411120e+00  0.000000e+00
      vertex -6.394350e+01  3.598099e+00  0.000000e+00
    endloop
  endfacet
  facet normal  0.000000e+00  0.000000e+00 -1.000000e+00
    outer loop
      vertex -7.000000e+01  1.400000e+01  0.000000e+00
      vertex -6.394350e+01  3.598099e+00  0.000000e+00
      vertex -6.446632e+01  3.711830e+00  0.000000e+00
    endloop
  endfacet
  facet normal  0.000000e+00  0.000000e+00 -1.000000e+00
    outer loop
      vertex -7.000000e+01  1.400000e+01  0.000000e+00
      vertex -6.446632e+01  3.711830e+00  0.000000e+00
      vertex -6.500000e+01  3.750000e+00  0.000000e+00
    endloop
  endfacet
  facet normal  -0.000000e+00  0.000000e+00 -1.000000e+00
    outer loop
      vertex -7.000000e+01  1.400000e+01  0.000000e+00
      vertex -6.500000e+01  3.750000e+00  0.000000e+00
      vertex -6.553368e+01  3.711830e+00  0.000000e+00
    endloop
  endfacet
  facet normal  -0.000000e+00  0.000000e+00 -1.000000e+00
    outer loop
      vertex -7.000000e+01  1.400000e+01  0.000000e+00
      vertex -6.553368e+01  3.711830e+00  0.000000e+00
      vertex -6.605650e+01  3.598099e+00  0.000000e+00
    endloop
  endfacet
  facet normal  -0.000000e+00  0.000000e+00 -1.000000e+00
    outer loop
      vertex -7.000000e+01  1.400000e+01  0.000000e+00
      vertex -6.605650e+01  3.598099e+00  0.000000e+00
      vertex -6.655781e+01  3.411120e+00  0.000000e+00
    endloop
  endfacet
  facet normal  -0.000000e+00  0.000000e+00 -1.000000e+00
    outer loop
      vertex -7.000000e+01  1.400000e+01  0.000000e+00
      vertex -6.655781e+01  3.411120e+00  0.000000e+00
      vertex -6.702740e+01  3.154701e+00  0.000000e+00
    endloop
  endfacet
  facet normal  -0.000000e+00  0.000000e+00 -1.000000e+00
    outer loop
      vertex -7.000000e+01  1.400000e+01  0.000000e+00
      vertex -6.702740e+01  3.154701e+00  0.000000e+00
      vertex -6.745573e+01  2.834061e+00  0.000000e+00
    endloop
  endfacet
  facet normal  -0.000000e+00  0.000000e+00 -1.000000e+00
    outer loop
      vertex -7.000000e+01  1.400000e+01  0.000000e+00
      vertex -6.745573e+01  2.834061e+00  0.000000e+00
      vertex -6.783406e+01  2.455728e+00  0.000000e+00
    endloop
  endfacet
  facet normal  -0.000000e+00  0.000000e+00 -1.000000e+00
    outer loop
      vertex -7.000000e+01  1.400000e+01  0.000000e+00
      vertex -6.783406e+01  2.455728e+00  0.000000e+00
      vertex -6.815470e+01  2.027403e+00  0.000000e+00
    endloop
  endfacet
  facet normal  -0.000000e+00  0.000000e+00 -1.000000e+00
    outer loop
      vertex -7.000000e+01  1.400000e+01  0.000000e+00
      vertex -6.815470e+01  2.027403e+00  0.000000e+00
      vertex -6.841112e+01  1.557806e+00  0.000000e+00
    endloop
  endfacet
  facet normal  -0.000000e+00  0.000000e+00 -1.000000e+00
    outer loop
      vertex -7.000000e+01  1.400000e+01  0.000000e+00
      vertex -6.841112e+01  1.557806e+00  0.000000e+00
      vertex -6.859810e+01  1.056497e+00  0.000000e+00
    endloop
  endfacet
  facet normal  -0.000000e+00  0.000000e+00 -1.000000e+00
    outer loop
      vertex -7.000000e+01  1.400000e+01  0.000000e+00
      vertex -6.859810e+01  1.056497e+00  0.000000e+00
      vertex -6.871183e+01  5.336806e-01  0.000000e+00
    endloop
  endfacet
  facet normal  -0.000000e+00  0.000000e+00 -1.000000e+00
    outer loop
      vertex -7.000000e+01  1.400000e+01  0.000000e+00
      vertex -6.871183e+01  5.336806e-01  0.000000e+00
      vertex -6.875000e+01  2.124577e-15  0.000000e+00
    endloop
  endfacet
  facet normal  0.000000e+00  0.000000e+00 -1.000000e+00
    outer loop
      vertex  0.000000e+00  1.400000e+01  0.000000e+00
      vertex -1.250000e+00  0.000000e+00  0.000000e+00
      vertex -1.288170e+00  5.336806e-01  0.000000e+00
    endloop
  endfacet
  facet normal  0.000000e+00  0.000000e+00 -1.000000e+00
    outer loop
      vertex  0.000000e+00  1.400000e+01  0.000000e+00
      vertex -1.288170e+00  5.336806e-01  0.000000e+00
      vertex -1.401901e+00  1.056497e+00  0.000000e+00
    endloop
  endfacet
  facet normal  0.000000e+00  0.000000e+00 -1.000000e+00
    outer loop
      vertex  0.000000e+00  1.400000e+01  0.000000e+00
      vertex -1.401901e+00  1.056497e+00  0.000000e+00
      vertex -1.588880e+00  1.557806e+00  0.000000e+00
    endloop
  endfacet
  facet normal  0.000000e+00  0.000000e+00 -1.000000e+00
    outer loop
      vertex  0.000000e+00  1.400000e+01  0.000000e+00
      vertex -1.588880e+00  1.557806e+00  0.000000e+00
      vertex -1.845299e+00  2.027403e+00  0.000000e+00
    endloop
  endfacet
  facet normal  0.000000e+00  0.000000e+00 -1.000000e+00
    outer loop
      vertex  0.000000e+00  1.400000e+01  0.000000e+00
      vertex -1.845299e+00  2.027403e+00  0.000000e+00
      vertex -2.165939e+00  2.455728e+00  0.000000e+00
    endloop
  endfacet
  facet normal  0.000000e+00  0.000000e+00 -1.000000e+00
    outer loop
      vertex  0.000000e+00  1.400000e+01  0.000000e+00
      vertex -2.165939e+00  2.455728e+00  0.000000e+00
      vertex -2.544272e+00  2.834061e+00  0.000000e+00
    endloop
  endfacet
  facet normal  0.000000e+00  0.000000e+00 -9.999999e-01
    outer loop
      vertex  0.000000e+00  1.400000e+01  0.000000e+00
      vertex -2.544272e+00  2.834061e+00  0.000000e+00
      vertex -2.972597e+00  3.154701e+00  0.000000e+00
    endloop
  endfacet
  facet normal  0.000000e+00  0.000000e+00 -1.000000e+00
    outer loop
      vertex  0.000000e+00  1.400000e+01  0.000000e+00
      vertex -2.972597e+00  3.154701e+00  0.000000e+00
      vertex -3.442194e+00  3.411120e+00  0.000000e+00
    endloop
  endfacet
  facet normal  0.000000e+00  0.000000e+00 -1.000000e+00
    outer loop
      vertex  0.000000e+00  1.400000e+01  0.000000e+00
      vertex -3.442194e+00  3.411120e+00  0.000000e+00
      vertex -3.943503e+00  3.598099e+00  0.000000e+00
    endloop
  endfacet
  facet normal  0.000000e+00  0.000000e+00 -1.000000e+00
    outer loop
      vertex  0.000000e+00  1.400000e+01  0.000000e+00
      vertex -3.943503e+00  3.598099e+00  0.000000e+00
      vertex -4.466320e+00  3.711830e+00  0.000000e+00
    endloop
  endfacet
  facet normal  0.000000e+00  0.000000e+00 -9.999999e-01
    outer loop
      vertex  0.000000e+00  1.400000e+01  0.000000e+00
      vertex -4.466320e+00  3.711830e+00  0.000000e+00
      vertex -7.000000e+01  1.400000e+01  0.000000e+00
    endloop
  endfacet
  facet normal  0.000000e+00  0.000000e+00  1.000000e+00
    outer loop
      vertex -1.000000e+01 -3.000000e+00  1.200000e+01
      vertex  0.000000e+00 -1.400000e+01  1.200000e+01
      vertex -8.154700e+00 -2.027403e+00  1.200000e+01
    endloop
  endfacet
  facet normal  0.000000e+00  0.000000e+00  1.000000e+00
    outer loop
      vertex -1.000000e+01 -3.000000e+00  1.200000e+01
      vertex -8.154700e+00 -2.027403e+00  1.200000e+01
      vertex -8.411120e+00 -1.557806e+00  1.200000e+01
    endloop
  endfacet
  facet normal  0.000000e+00  0.000000e+00  1.000000e+00
    outer loop
      vertex -1.000000e+01 -3.000000e+00  1.200000e+01
      vertex -8.411120e+00 -1.557806e+00  1.200000e+01
      vertex -8.598099e+00 -1.056497e+00  1.200000e+01
    endloop
  endfacet
  facet normal  0.000000e+00  0.000000e+00  9.999999e-01
    outer loop
      vertex -1.000000e+01 -3.000000e+00  1.200000e+01
      vertex -8.598099e+00 -1.056497e+00  1.200000e+01
      vertex -8.711830e+00 -5.336806e-01  1.200000e+01
    endloop
  endfacet
  facet normal  0.000000e+00  0.000000e+00  9.999999e-01
    outer loop
      vertex -1.000000e+01 -3.000000e+00  1.200000e+01
      vertex -8.711830e+00 -5.336806e-01  1.200000e+01
      vertex -8.750000e+00  2.124577e-15  1.200000e+01
    endloop
  endfacet
  facet normal  0.000000e+00  -0.000000e+00  1.000000e+00
    outer loop
      vertex -1.000000e+01 -3.000000e+00  1.200000e+01
      vertex -8.750000e+00  2.124577e-15  1.200000e+01
      vertex -8.711830e+00  5.336806e-01  1.200000e+01
    endloop
  endfacet
  facet normal  0.000000e+00  -0.000000e+00  1.000000e+00
    outer loop
      vertex -1.000000e+01 -3.000000e+00  1.200000e+01
      vertex -8.711830e+00  5.336806e-01  1.200000e+01
      vertex -8.598099e+00  1.056497e+00  1.200000e+01
    endloop
  endfacet
  facet normal  0.000000e+00  0.000000e+00  1.000000e+00
    outer loop
      vertex -1.000000e+01  3.000000e+00  1.200000e+01
      vertex -1.000000e+01 -3.000000e+00  1.200000e+01
      vertex -8.598099e+00  1.056497e+00  1.200000e+01
    endloop
  endfacet
  facet normal  0.000000e+00  -0.000000e+00  1.000000e+00
    outer loop
      vertex -1.000000e+01  3.000000e+00  1.200000e+01
      vertex -8.598099e+00  1.056497e+00  1.200000e+01
      vertex -8.411120e+00  1.557806e+00  1.200000e+01
    endloop
  endfacet
  facet normal  0.000000e+00  -0.000000e+00  9.999999e-01
    outer loop
      vertex -1.000000e+01  3.000000e+00  1.200000e+01
      vertex -8.411120e+00  1.557806e+00  1.200000e+01
      vertex -8.154700e+00  2.027403e+00  1.200000e+01
    endloop
  endfacet
  facet normal  0.000000e+00  -0.000000e+00  9.999999e-01
    outer loop
      vertex -1.000000e+01  3.000000e+00  1.200000e+01
      vertex -8.154700e+00  2.027403e+00  1.200000e+01
      vertex  8.881784e-16  1.400000e+01  1.200000e+01
    endloop
  endfacet
  facet normal  0.000000e+00  0.000000e+00  1.000000e+00
    outer loop
      vertex  8.881784e-16  1.400000e+01  1.200000e+01
      vertex -6.553368e+01  3.711830e+00  1.200000e+01
      vertex -6.500000e+01  3.750000e+00  1.200000e+01
    endloop
  endfacet
  facet normal  -0.000000e+00  0.000000e+00  1.000000e+00
    outer loop
      vertex  8.881784e-16  1.400000e+01  1.200000e+01
      vertex -6.500000e+01  3.750000e+00  1.200000e+01
      vertex -6.446632e+01  3.711830e+00  1.200000e+01
    endloop
  endfacet
  facet normal  -0.000000e+00  0.000000e+00  1.000000e+00
    outer loop
      vertex  8.881784e-16  1.400000e+01  1.200000e+01
      vertex -6.446632e+01  3.711830e+00  1.200000e+01
      vertex -6.394350e+01  3.598099e+00  1.200000e+01
    endloop
  endfacet
  facet normal  -0.000000e+00  0.000000e+00  1.000000e+00
    outer loop
      vertex  8.881784e-16  1.400000e+01  1.200000e+01
      vertex -6.394350e+01  3.598099e+00  1.200000e+01
      vertex -6.344219e+01  3.411120e+00  1.200000e+01
    endloop
  endfacet
  facet normal  -0.000000e+00  0.000000e+00  1.000000e+00
    outer loop
      vertex  8.881784e-16  1.400000e+01  1.200000e+01
      vertex -6.344219e+01  3.411120e+00  1.200000e+01
      vertex -6.297260e+01  3.154701e+00  1.200000e+01
    endloop
  endfacet
  facet normal  -0.000000e+00  0.000000e+00  1.000000e+00
    outer loop
      vertex  8.881784e-16  1.400000e+01  1.200000e+01
      vertex -6.297260e+01  3.154701e+00  1.200000e+01
      vertex -6.254427e+01  2.834061e+00  1.200000e+01
    endloop
  endfacet
  facet normal  0.000000e+00  0.000000e+00  1.000000e+00
    outer loop
      vertex  8.881784e-16  1.400000e+01  1.200000e+01
      vertex -6.254427e+01  2.834061e+00  1.200000e+01
      vertex -6.000000e+01  3.000000e+00  1.200000e+01
    endloop
  endfacet
  facet normal  0.000000e+00  0.000000e+00  1.000000e+00
    outer loop
      vertex  8.881784e-16  1.400000e+01  1.200000e+01
      vertex -6.000000e+01  3.000000e+00  1.200000e+01
      vertex -1.000000e+01  3.000000e+00  1.200000e+01
    endloop
  endfacet
  facet normal  0.000000e+00  -0.000000e+00  1.000000e+00
    outer loop
      vertex  0.000000e+00 -1.400000e+01  1.200000e+01
      vertex  6.026834e-01 -1.396354e+01  1.200000e+01
      vertex  1.196578e+00 -1.385471e+01  1.200000e+01
    endloop
  endfacet
  facet normal  0.000000e+00  -0.000000e+00  1.000000e+00
    outer loop
      vertex  0.000000e+00 -1.400000e+01  1.200000e+01
      vertex  1.196578e+00 -1.385471e+01  1.200000e+01
      vertex  1.773024e+00 -1.367508e+01  1.200000e+01
    endloop
  endfacet
  facet normal  0.000000e+00  -0.000000e+00  1.000000e+00
    outer loop
      vertex  0.000000e+00 -1.400000e+01  1.200000e+01
      vertex  1.773024e+00 -1.367508e+01  1.200000e+01
      vertex  2.323616e+00 -1.342728e+01  1.200000e+01
    endloop
  endfacet
  facet normal  0.000000e+00  -0.000000e+00  9.999999e-01
    outer loop
      vertex  0.000000e+00 -1.400000e+01  1.200000e+01
      vertex  2.323616e+00 -1.342728e+01  1.200000e+01
      vertex  2.840324e+00 -1.311492e+01  1.200000e+01
    endloop
  endfacet
  facet normal  0.000000e+00  -0.000000e+00  1.000000e+00
    outer loop
      vertex  0.000000e+00 -1.400000e+01  1.200000e+01
      vertex  2.840324e+00 -1.311492e+01  1.200000e+01
      vertex  3.315613e+00 -1.274255e+01  1.200000e+01
    endloop
  endfacet
  facet normal  0.000000e+00  -0.000000e+00  1.000000e+00
    outer loop
      vertex  0.000000e+00 -1.400000e+01  1.200000e+01
      vertex  3.315613e+00 -1.274255e+01  1.200000e+01
      vertex  3.742554e+00 -1.231561e+01  1.200000e+01
    endloop
  endfacet
  facet normal  0.000000e+00  -0.000000e+00  1.000000e+00
    outer loop
      vertex  0.000000e+00 -1.400000e+01  1.200000e+01
      vertex  3.742554e+00 -1.231561e+01  1.200000e+01
      vertex  4.114919e+00 -1.184032e+01  1.200000e+01
    endloop
  endfacet
  facet normal  0.000000e+00  -0.000000e+00  1.000000e+00
    outer loop
      vertex  0.000000e+00 -1.400000e+01  1.200000e+01
      vertex  4.114919e+00 -1.184032e+01  1.200000e+01
      vertex  4.427280e+00 -1.132362e+01  1.200000e+01
    endloop
  endfacet
  facet normal  0.000000e+00  -0.000000e+00  1.000000e+00
    outer loop
      vertex  0.000000e+00 -1.400000e+01  1.200000e+01
      vertex  4.427280e+00 -1.132362e+01  1.200000e+01
      vertex  4.675081e+00 -1.077302e+01  1.200000e+01
    endloop
  endfacet
  facet normal  0.000000e+00  -0.000000e+00  1.000000e+00
    outer loop
      vertex  0.000000e+00 -1.400000e+01  1.200000e+01
      vertex  4.675081e+00 -1.077302e+01  1.200000e+01
      vertex  4.854709e+00 -1.019658e+01  1.200000e+01
    endloop
  endfacet
  facet normal  0.000000e+00  -0.000000e+00  1.000000e+00
    outer loop
      vertex  0.000000e+00 -1.400000e+01  1.200000e+01
      vertex  4.854709e+00 -1.019658e+01  1.200000e+01
      vertex  4.963544e+00 -9.602683e+00  1.200000e+01
    endloop
  endfacet
  facet normal  0.000000e+00  -0.000000e+00  1.000000e+00
    outer loop
      vertex  0.000000e+00 -1.400000e+01  1.200000e+01
      vertex  4.963544e+00 -9.602683e+00  1.200000e+01
      vertex  5.000000e+00 -9.000000e+00  1.200000e+01
    endloop
  endfacet
  facet normal  0.000000e+00  -0.000000e+00  1.000000e+00
    outer loop
      vertex  0.000000e+00 -1.400000e+01  1.200000e+01
      vertex  5.000000e+00 -9.000000e+00  1.200000e+01
      vertex  5.000000e+00  9.000000e+00  1.200000e+01
    endloop
  endfacet
  facet normal  0.000000e+00  0.000000e+00  1.000000e+00
    outer loop
      vertex  0.000000e+00 -1.400000e+01  1.200000e+01
      vertex  5.000000e+00  9.000000e+00  1.200000e+01
      vertex -1.250000e+00  7.105427e-15  1.200000e+01
    endloop
  endfacet
  facet normal  0.000000e+00  0.000000e+00  1.000000e+00
    outer loop
      vertex  0.000000e+00 -1.400000e+01  1.200000e+01
      vertex -1.250000e+00  7.105427e-15  1.200000e+01
      vertex -1.288170e+00 -5.336806e-01  1.200000e+01
    endloop
  endfacet
  facet normal  0.000000e+00  0.000000e+00  1.000000e+00
    outer loop
      vertex  0.000000e+00 -1.400000e+01  1.200000e+01
      vertex -1.288170e+00 -5.336806e-01  1.200000e+01
      vertex -1.401901e+00 -1.056497e+00  1.200000e+01
    endloop
  endfacet
  facet normal  0.000000e+00  0.000000e+00  1.000000e+00
    outer loop
      vertex  0.000000e+00 -1.400000e+01  1.200000e+01
      vertex -1.401901e+00 -1.056497e+00  1.200000e+01
      vertex -1.588880e+00 -1.557806e+00  1.200000e+01
    endloop
  endfacet
  facet normal  0.000000e+00  0.000000e+00  1.000000e+00
    outer loop
      vertex  0.000000e+00 -1.400000e+01  1.200000e+01
      vertex -1.588880e+00 -1.557806e+00  1.200000e+01
      vertex -1.845299e+00 -2.027403e+00  1.200000e+01
    endloop
  endfacet
  facet normal  0.000000e+00  0.000000e+00  1.000000e+00
    outer loop
      vertex  0.000000e+00 -1.400000e+01  1.200000e+01
      vertex -1.845299e+00 -2.027403e+00  1.200000e+01
      vertex -2.165939e+00 -2.455728e+00  1.200000e+01
    endloop
  endfacet
  facet normal  0.000000e+00  0.000000e+00  1.000000e+00
    outer loop
      vertex  0.000000e+00 -1.400000e+01  1.200000e+01
      vertex -2.165939e+00 -2.455728e+00  1.200000e+01
      vertex -2.544272e+00 -2.834061e+00  1.200000e+01
    endloop
  endfacet
  facet normal  0.000000e+00  0.000000e+00  9.999999e-01
    outer loop
      vertex  0.000000e+00 -1.400000e+01  1.200000e+01
      vertex -2.544272e+00 -2.834061e+00  1.200000e+01
      vertex -2.972597e+00 -3.154701e+00  1.200000e+01
    endloop
  endfacet
  facet normal  0.000000e+00  0.000000e+00  1.000000e+00
    outer loop
      vertex  0.000000e+00 -1.400000e+01  1.200000e+01
      vertex -2.972597e+00 -3.154701e+00  1.200000e+01
      vertex -3.442194e+00 -3.411120e+00  1.200000e+01
    endloop
  endfacet
  facet normal  0.000000e+00  0.000000e+00  1.000000e+00
    outer loop
      vertex  0.000000e+00 -1.400000e+01  1.200000e+01
      vertex -3.442194e+00 -3.411120e+00  1.200000e+01
      vertex -3.943503e+00 -3.598099e+00  1.200000e+01
    endloop
  endfacet
  facet normal  0.000000e+00  0.000000e+00  1.000000e+00
    outer loop
      vertex  0.000000e+00 -1.400000e+01  1.200000e+01
      vertex -3.943503e+00 -3.598099e+00  1.200000e+01
      vertex -4.466320e+00 -3.711830e+00  1.200000e+01
    endloop
  endfacet
  facet normal  0.000000e+00  0.000000e+00  1.000000e+00
    outer loop
      vertex  0.000000e+00 -1.400000e+01  1.200000e+01
      vertex -4.466320e+00 -3.711830e+00  1.200000e+01
      vertex -5.000000e+00 -3.750000e+00  1.200000e+01
    endloop
  endfacet
  facet normal  0.000000e+00  0.000000e+00  1.000000e+00
    outer loop
      vertex  0.000000e+00 -1.400000e+01  1.200000e+01
      vertex -5.000000e+00 -3.750000e+00  1.200000e+01
      vertex -5.533680e+00 -3.711830e+00  1.200000e+01
    endloop
  endfacet
  facet normal  0.000000e+00  0.000000e+00  1.000000e+00
    outer loop
      vertex  0.000000e+00 -1.400000e+01  1.200000e+01
      vertex -5.533680e+00 -3.711830e+00  1.200000e+01
      vertex -6.056497e+00 -3.598099e+00  1.200000e+01
    endloop
  endfacet
  facet normal  0.000000e+00  0.000000e+00  1.000000e+00
    outer loop
      vertex  0.000000e+00 -1.400000e+01  1.200000e+01
      vertex -6.056497e+00 -3.598099e+00  1.200000e+01
      vertex -6.557806e+00 -3.411120e+00  1.200000e+01
    endloop
  endfacet
  facet normal  0.000000e+00  0.000000e+00  1.000000e+00
    outer loop
      vertex  0.000000e+00 -1.400000e+01  1.200000e+01
      vertex -6.557806e+00 -3.411120e+00  1.200000e+01
      vertex -7.027403e+00 -3.154701e+00  1.200000e+01
    endloop
  endfacet
  facet normal  0.000000e+00  0.000000e+00  1.000000e+00
    outer loop
      vertex  0.000000e+00 -1.400000e+01  1.200000e+01
      vertex -7.027403e+00 -3.154701e+00  1.200000e+01
      vertex -7.455728e+00 -2.834061e+00  1.200000e+01
    endloop
  endfacet
  facet normal  0.000000e+00  0.000000e+00  9.999999e-01
    outer loop
      vertex  0.000000e+00 -1.400000e+01  1.200000e+01
      vertex -7.455728e+00 -2.834061e+00  1.200000e+01
      vertex -7.834061e+00 -2.455728e+00  1.200000e+01
    endloop
  endfacet
  facet normal  0.000000e+00  0.000000e+00  1.000000e+00
    outer loop
      vertex  0.000000e+00 -1.400000e+01  1.200000e+01
      vertex -7.834061e+00 -2.455728e+00  1.200000e+01
      vertex -8.154700e+00 -2.027403e+00  1.200000e+01
    endloop
  endfacet
  facet normal  0.000000e+00  0.000000e+00  1.000000e+00
    outer loop
      vertex -1.250000e+00  7.105427e-15  1.200000e+01
      vertex  5.000000e+00  9.000000e+00  1.200000e+01
      vertex  4.963544e+00  9.602683e+00  1.200000e+01
    endloop
  endfacet
  facet normal  0.000000e+00  0.000000e+00  1.000000e+00
    outer loop
      vertex -1.250000e+00  7.105427e-15  1.200000e+01
      vertex  4.963544e+00  9.602683e+00  1.200000e+01
      vertex  4.854709e+00  1.019658e+01  1.200000e+01
    endloop
  endfacet
  facet normal  0.000000e+00  0.000000e+00  1.000000e+00
    outer loop
      vertex -1.250000e+00  7.105427e-15  1.200000e+01
      vertex  4.854709e+00  1.019658e+01  1.200000e+01
      vertex  4.675081e+00  1.077302e+01  1.200000e+01
    endloop
  endfacet
  facet normal  0.000000e+00  0.000000e+00  1.000000e+00
    outer loop
      vertex -1.250000e+00  7.105427e-15  1.200000e+01
      vertex  4.675081e+00  1.077302e+01  1.200000e+01
      vertex  4.427280e+00  1.132362e+01  1.200000e+01
    endloop
  endfacet
  facet normal  0.000000e+00  0.000000e+00  1.000000e+00
    outer loop
      vertex -1.250000e+00  7.105427e-15  1.200000e+01
      vertex  4.427280e+00  1.132362e+01  1.200000e+01
      vertex  4.114919e+00  1.184032e+01  1.200000e+01
    endloop
  endfacet
  facet normal  0.000000e+00  0.000000e+00  9.999999e-01
    outer loop
      vertex -1.250000e+00  7.105427e-15  1.200000e+01
      vertex  4.114919e+00  1.184032e+01  1.200000e+01
      vertex  3.742554e+00  1.231561e+01  1.200000e+01
    endloop
  endfacet
  facet normal  0.000000e+00  0.000000e+00  1.000000e+00
    outer loop
      vertex -1.250000e+00  7.105427e-15  1.200000e+01
      vertex  3.742554e+00  1.231561e+01  1.200000e+01
      vertex  3.315613e+00  1.274255e+01  1.200000e+01
    endloop
  endfacet
  facet normal  0.000000e+00  0.000000e+00  1.000000e+00
    outer loop
      vertex -1.250000e+00  7.105427e-15  1.200000e+01
      vertex  3.315613e+00  1.274255e+01  1.200000e+01
      vertex  2.840324e+00  1.311492e+01  1.200000e+01
    endloop
  endfacet
  facet normal  0.000000e+00  0.000000e+00  1.000000e+00
    outer loop
      vertex -1.250000e+00  7.105427e-15  1.200000e+01
      vertex  2.840324e+00  1.311492e+01  1.200000e+01
      vertex  2.323616e+00  1.342728e+01  1.200000e+01
    endloop
  endfacet
  facet normal  0.000000e+00  0.000000e+00  1.000000e+00
    outer loop
      vertex -1.250000e+00  7.105427e-15  1.200000e+01
      vertex  2.323616e+00  1.342728e+01  1.200000e+01
      vertex  1.773024e+00  1.367508e+01  1.200000e+01
    endloop
  endfacet
  facet normal  0.000000e+00  0.000000e+00  1.000000e+00
    outer loop
      vertex -1.250000e+00  7.105427e-15  1.200000e+01
      vertex  1.773024e+00  1.367508e+01  1.200000e+01
      vertex  1.196578e+00  1.385471e+01  1.200000e+01
    endloop
  endfacet
  facet normal  0.000000e+00  0.000000e+00  1.000000e+00
    outer loop
      vertex -1.250000e+00  7.105427e-15  1.200000e+01
      vertex  1.196578e+00  1.385471e+01  1.200000e+01
      vertex  6.026834e-01  1.396354e+01  1.200000e+01
    endloop
  endfacet
  facet normal  0.000000e+00  0.000000e+00  1.000000e+00
    outer loop
      vertex -1.250000e+00  7.105427e-15  1.200000e+01
      vertex  6.026834e-01  1.396354e+01  1.200000e+01
      vertex  8.881784e-16  1.400000e+01  1.200000e+01
    endloop
  endfacet
  facet normal  0.000000e+00  0.000000e+00  1.000000e+00
    outer loop
      vertex -6.875000e+01  2.124577e-15  1.200000e+01
      vertex -7.000000e+01  1.400000e+01  1.200000e+01
      vertex -7.060268e+01  1.396354e+01  1.200000e+01
    endloop
  endfacet
  facet normal  0.000000e+00  0.000000e+00  1.000000e+00
    outer loop
      vertex -6.875000e+01  2.124577e-15  1.200000e+01
      vertex -7.060268e+01  1.396354e+01  1.200000e+01
      vertex -7.119658e+01  1.385471e+01  1.200000e+01
    endloop
  endfacet
  facet normal  0.000000e+00  0.000000e+00  1.000000e+00
    outer loop
      vertex -6.875000e+01  2.124577e-15  1.200000e+01
      vertex -7.119658e+01  1.385471e+01  1.200000e+01
      vertex -7.177303e+01  1.367508e+01  1.200000e+01
    endloop
  endfacet
  facet normal  0.000000e+00  0.000000e+00  1.000000e+00
    outer loop
      vertex -6.875000e+01  2.124577e-15  1.200000e+01
      vertex -7.177303e+01  1.367508e+01  1.200000e+01
      vertex -7.232362e+01  1.342728e+01  1.200000e+01
    endloop
  endfacet
  facet normal  0.000000e+00  0.000000e+00  1.000000e+00
    outer loop
      vertex -6.875000e+01  2.124577e-15  1.200000e+01
      vertex -7.232362e+01  1.342728e+01  1.200000e+01
      vertex -7.284032e+01  1.311492e+01  1.200000e+01
    endloop
  endfacet
  facet normal  0.000000e+00  0.000000e+00  9.999999e-01
    outer loop
      vertex -6.875000e+01  2.124577e-15  1.200000e+01
      vertex -7.284032e+01  1.311492e+01  1.200000e+01
      vertex -7.331561e+01  1.274255e+01  1.200000e+01
    endloop
  endfacet
  facet normal  0.000000e+00  0.000000e+00  1.000000e+00
    outer loop
      vertex -6.875000e+01  2.124577e-15  1.200000e+01
      vertex -7.331561e+01  1.274255e+01  1.200000e+01
      vertex -7.374255e+01  1.231561e+01  1.200000e+01
    endloop
  endfacet
  facet normal  0.000000e+00  0.000000e+00  1.000000e+00
    outer loop
      vertex -6.875000e+01  2.124577e-15  1.200000e+01
      vertex -7.374255e+01  1.231561e+01  1.200000e+01
      vertex -7.411492e+01  1.184032e+01  1.200000e+01
    endloop
  endfacet
  facet normal  0.000000e+00  0.000000e+00  1.000000e+00
    outer loop
      vertex -6.875000e+01  2.124577e-15  1.200000e+01
      vertex -7.411492e+01  1.184032e+01  1.200000e+01
      vertex -7.442728e+01  1.132362e+01  1.200000e+01
    endloop
  endfacet
  facet normal  0.000000e+00  0.000000e+00  9.999999e-01
    outer loop
      vertex -6.875000e+01  2.124577e-15  1.200000e+01
      vertex -7.442728e+01  1.132362e+01  1.200000e+01
      vertex -7.467508e+01  1.077302e+01  1.200000e+01
    endloop
  endfacet
  facet normal  0.000000e+00  0.000000e+00  1.000000e+00
    outer loop
      vertex -6.875000e+01  2.124577e-15  1.200000e+01
      vertex -7.467508e+01  1.077302e+01  1.200000e+01
      vertex -7.485471e+01  1.019658e+01  1.200000e+01
    endloop
  endfacet
  facet normal  0.000000e+00  0.000000e+00  9.999999e-01
    outer loop
      vertex -6.875000e+01  2.124577e-15  1.200000e+01
      vertex -7.485471e+01  1.019658e+01  1.200000e+01
      vertex -7.496355e+01  9.602683e+00  1.200000e+01
    endloop
  endfacet
  facet normal  0.000000e+00  0.000000e+00  1.000000e+00
    outer loop
      vertex -6.875000e+01  2.124577e-15  1.200000e+01
      vertex -7.496355e+01  9.602683e+00  1.200000e+01
      vertex -7.500000e+01  9.000000e+00  1.200000e+01
    endloop
  endfacet
  facet normal  0.000000e+00  0.000000e+00  1.000000e+00
    outer loop
      vertex -6.875000e+01  2.124577e-15  1.200000e+01
      vertex -7.500000e+01  9.000000e+00  1.200000e+01
      vertex -7.500000e+01 -9.000000e+00  1.200000e+01
    endloop
  endfacet
  facet normal  -0.000000e+00  0.000000e+00  1.000000e+00
    outer loop
      vertex -6.875000e+01  2.124577e-15  1.200000e+01
      vertex -7.500000e+01 -9.000000e+00  1.200000e+01
      vertex -7.496355e+01 -9.602683e+00  1.200000e+01
    endloop
  endfacet
  facet normal  -0.000000e+00  0.000000e+00  9.999999e-01
    outer loop
      vertex -6.875000e+01  2.124577e-15  1.200000e+01
      vertex -7.496355e+01 -9.602683e+00  1.200000e+01
      vertex -7.485471e+01 -1.019658e+01  1.200000e+01
    endloop
  endfacet
  facet normal  -0.000000e+00  0.000000e+00  1.000000e+00
    outer loop
      vertex -6.875000e+01  2.124577e-15  1.200000e+01
      vertex -7.485471e+01 -1.019658e+01  1.200000e+01
      vertex -7.467508e+01 -1.077302e+01  1.200000e+01
    endloop
  endfacet
  facet normal  -0.000000e+00  0.000000e+00  9.999999e-01
    outer loop
      vertex -6.875000e+01  2.124577e-15  1.200000e+01
      vertex -7.467508e+01 -1.077302e+01  1.200000e+01
      vertex -7.442728e+01 -1.132362e+01  1.200000e+01
    endloop
  endfacet
  facet normal  -0.000000e+00  0.000000e+00  1.000000e+00
    outer loop
      vertex -6.875000e+01  2.124577e-15  1.200000e+01
      vertex -7.442728e+01 -1.132362e+01  1.200000e+01
      vertex -7.411492e+01 -1.184032e+01  1.200000e+01
    endloop
  endfacet
  facet normal  -0.000000e+00  0.000000e+00  1.000000e+00
    outer loop
      vertex -6.875000e+01  2.124577e-15  1.200000e+01
      vertex -7.411492e+01 -1.184032e+01  1.200000e+01
      vertex -7.374255e+01 -1.231561e+01  1.200000e+01
    endloop
  endfacet
  facet normal  -0.000000e+00  0.000000e+00  1.000000e+00
    outer loop
      vertex -6.875000e+01  2.124577e-15  1.200000e+01
      vertex -7.374255e+01 -1.231561e+01  1.200000e+01
      vertex -7.331561e+01 -1.274255e+01  1.200000e+01
    endloop
  endfacet
  facet normal  -0.000000e+00  0.000000e+00  1.000000e+00
    outer loop
      vertex -6.875000e+01  2.124577e-15  1.200000e+01
      vertex -7.331561e+01 -1.274255e+01  1.200000e+01
      vertex -7.284032e+01 -1.311492e+01  1.200000e+01
    endloop
  endfacet
  facet normal  -0.000000e+00  0.000000e+00  1.000000e+00
    outer loop
      vertex -6.875000e+01  2.124577e-15  1.200000e+01
      vertex -7.284032e+01 -1.311492e+01  1.200000e+01
      vertex -7.232362e+01 -1.342728e+01  1.200000e+01
    endloop
  endfacet
  facet normal  -0.000000e+00  0.000000e+00  1.000000e+00
    outer loop
      vertex -6.875000e+01  2.124577e-15  1.200000e+01
      vertex -7.232362e+01 -1.342728e+01  1.200000e+01
      vertex -7.177303e+01 -1.367508e+01  1.200000e+01
    endloop
  endfacet
  facet normal  -0.000000e+00  0.000000e+00  1.000000e+00
    outer loop
      vertex -6.875000e+01  2.124577e-15  1.200000e+01
      vertex -7.177303e+01 -1.367508e+01  1.200000e+01
      vertex -7.119658e+01 -1.385471e+01  1.200000e+01
    endloop
  endfacet
  facet normal  -0.000000e+00  0.000000e+00  1.000000e+00
    outer loop
      vertex -6.875000e+01  2.124577e-15  1.200000e+01
      vertex -7.119658e+01 -1.385471e+01  1.200000e+01
      vertex -7.060268e+01 -1.396354e+01  1.200000e+01
    endloop
  endfacet
  facet normal  -0.000000e+00  0.000000e+00  1.000000e+00
    outer loop
      vertex -6.875000e+01  2.124577e-15  1.200000e+01
      vertex -7.060268e+01 -1.396354e+01  1.200000e+01
      vertex -7.000000e+01 -1.400000e+01  1.200000e+01
    endloop
  endfacet
  facet normal  0.000000e+00  0.000000e+00  9.999999e-01
    outer loop
      vertex -6.875000e+01  2.124577e-15  1.200000e+01
      vertex -7.000000e+01 -1.400000e+01  1.200000e+01
      vertex -6.871183e+01 -5.336806e-01  1.200000e+01
    endloop
  endfacet
  facet normal  0.000000e+00  0.000000e+00  1.000000e+00
    outer loop
      vertex  0.000000e+00 -1.400000e+01  1.200000e+01
      vertex -1.000000e+01 -3.000000e+00  1.200000e+01
      vertex -6.000000e+01 -3.000000e+00  1.200000e+01
    endloop
  endfacet
  facet normal  0.000000e+00  0.000000e+00  1.000000e+00
    outer loop
      vertex  0.000000e+00 -1.400000e+01  1.200000e+01
      vertex -6.000000e+01 -3.000000e+00  1.200000e+01
      vertex -6.254427e+01 -2.834061e+00  1.200000e+01
    endloop
  endfacet
  facet normal  0.000000e+00  0.000000e+00  1.000000e+00
    outer loop
      vertex  0.000000e+00 -1.400000e+01  1.200000e+01
      vertex -6.254427e+01 -2.834061e+00  1.200000e+01
      vertex -6.297260e+01 -3.154701e+00  1.200000e+01
    endloop
  endfacet
  facet normal  0.000000e+00  0.000000e+00  1.000000e+00
    outer loop
      vertex  0.000000e+00 -1.400000e+01  1.200000e+01
      vertex -6.297260e+01 -3.154701e+00  1.200000e+01
      vertex -6.344219e+01 -3.411120e+00  1.200000e+01
    endloop
  endfacet
  facet normal  0.000000e+00  0.000000e+00  1.000000e+00
    outer loop
      vertex  0.000000e+00 -1.400000e+01  1.200000e+01
      vertex -6.344219e+01 -3.411120e+00  1.200000e+01
      vertex -6.394350e+01 -3.598099e+00  1.200000e+01
    endloop
  endfacet
  facet normal  0.000000e+00  0.000000e+00  1.000000e+00
    outer loop
      vertex  0.000000e+00 -1.400000e+01  1.200000e+01
      vertex -6.394350e+01 -3.598099e+00  1.200000e+01
      vertex -6.446632e+01 -3.711830e+00  1.200000e+01
    endloop
  endfacet
  facet normal  0.000000e+00  0.000000e+00  1.000000e+00
    outer loop
      vertex  0.000000e+00 -1.400000e+01  1.200000e+01
      vertex -6.446632e+01 -3.711830e+00  1.200000e+01
      vertex -6.500000e+01 -3.750000e+00  1.200000e+01
    endloop
  endfacet
  facet normal  0.000000e+00  0.000000e+00  1.000000e+00
    outer loop
      vertex  0.000000e+00 -1.400000e+01  1.200000e+01
      vertex -6.500000e+01 -3.750000e+00  1.200000e+01
      vertex -6.553368e+01 -3.711830e+00  1.200000e+01
    endloop
  endfacet
  facet normal  0.000000e+00  0.000000e+00  1.000000e+00
    outer loop
      vertex -6.000000e+01 -3.000000e+00  1.200000e+01
      vertex -6.000000e+01  3.000000e+00  1.200000e+01
      vertex -6.125000e+01  7.105427e-15  1.200000e+01
    endloop
  endfacet
  facet normal  0.000000e+00  0.000000e+00  1.000000e+00
    outer loop
      vertex -6.000000e+01 -3.000000e+00  1.200000e+01
      vertex -6.125000e+01  7.105427e-15  1.200000e+01
      vertex -6.128817e+01 -5.336806e-01  1.200000e+01
    endloop
  endfacet
  facet normal  0.000000e+00  0.000000e+00  9.999999e-01
    outer loop
      vertex -6.000000e+01 -3.000000e+00  1.200000e+01
      vertex -6.128817e+01 -5.336806e-01  1.200000e+01
      vertex -6.140190e+01 -1.056497e+00  1.200000e+01
    endloop
  endfacet
  facet normal  0.000000e+00  0.000000e+00  1.000000e+00
    outer loop
      vertex -6.000000e+01 -3.000000e+00  1.200000e+01
      vertex -6.140190e+01 -1.056497e+00  1.200000e+01
      vertex -6.158888e+01 -1.557806e+00  1.200000e+01
    endloop
  endfacet
  facet normal  0.000000e+00  0.000000e+00  1.000000e+00
    outer loop
      vertex -6.000000e+01 -3.000000e+00  1.200000e+01
      vertex -6.158888e+01 -1.557806e+00  1.200000e+01
      vertex -6.184530e+01 -2.027403e+00  1.200000e+01
    endloop
  endfacet
  facet normal  0.000000e+00  0.000000e+00  1.000000e+00
    outer loop
      vertex -6.000000e+01 -3.000000e+00  1.200000e+01
      vertex -6.184530e+01 -2.027403e+00  1.200000e+01
      vertex -6.216594e+01 -2.455728e+00  1.200000e+01
    endloop
  endfacet
  facet normal  0.000000e+00  0.000000e+00  1.000000e+00
    outer loop
      vertex -6.000000e+01 -3.000000e+00  1.200000e+01
      vertex -6.216594e+01 -2.455728e+00  1.200000e+01
      vertex -6.254427e+01 -2.834061e+00  1.200000e+01
    endloop
  endfacet
  facet normal  0.000000e+00  0.000000e+00  9.999999e-01
    outer loop
      vertex -7.000000e+01 -1.400000e+01  1.200000e+01
      vertex  0.000000e+00 -1.400000e+01  1.200000e+01
      vertex -6.553368e+01 -3.711830e+00  1.200000e+01
    endloop
  endfacet
  facet normal  0.000000e+00  0.000000e+00  1.000000e+00
    outer loop
      vertex -7.000000e+01 -1.400000e+01  1.200000e+01
      vertex -6.553368e+01 -3.711830e+00  1.200000e+01
      vertex -6.605650e+01 -3.598099e+00  1.200000e+01
    endloop
  endfacet
  facet normal  0.000000e+00  0.000000e+00  1.000000e+00
    outer loop
      vertex -7.000000e+01 -1.400000e+01  1.200000e+01
      vertex -6.605650e+01 -3.598099e+00  1.200000e+01
      vertex -6.655781e+01 -3.411120e+00  1.200000e+01
    endloop
  endfacet
  facet normal  0.000000e+00  0.000000e+00  1.000000e+00
    outer loop
      vertex -7.000000e+01 -1.400000e+01  1.200000e+01
      vertex -6.655781e+01 -3.411120e+00  1.200000e+01
      vertex -6.702740e+01 -3.154701e+00  1.200000e+01
    endloop
  endfacet
  facet normal  0.000000e+00  0.000000e+00  1.000000e+00
    outer loop
      vertex -7.000000e+01 -1.400000e+01  1.200000e+01
      vertex -6.702740e+01 -3.154701e+00  1.200000e+01
      vertex -6.745573e+01 -2.834061e+00  1.200000e+01
    endloop
  endfacet
  facet normal  0.000000e+00  0.000000e+00  1.000000e+00
    outer loop
      vertex -7.000000e+01 -1.400000e+01  1.200000e+01
      vertex -6.745573e+01 -2.834061e+00  1.200000e+01
      vertex -6.783406e+01 -2.455728e+00  1.200000e+01
    endloop
  endfacet
  facet normal  0.000000e+00  0.000000e+00  1.000000e+00
    outer loop
      vertex -7.000000e+01 -1.400000e+01  1.200000e+01
      vertex -6.783406e+01 -2.455728e+00  1.200000e+01
      vertex -6.815470e+01 -2.027403e+00  1.200000e+01
    endloop
  endfacet
  facet normal  0.000000e+00  0.000000e+00  1.000000e+00
    outer loop
      vertex -7.000000e+01 -1.400000e+01  1.200000e+01
      vertex -6.815470e+01 -2.027403e+00  1.200000e+01
      vertex -6.841112e+01 -1.557806e+00  1.200000e+01
    endloop
  endfacet
  facet normal  0.000000e+00  0.000000e+00  1.000000e+00
    outer loop
      vertex -7.000000e+01 -1.400000e+01  1.200000e+01
      vertex -6.841112e+01 -1.557806e+00  1.200000e+01
      vertex -6.859810e+01 -1.056497e+00  1.200000e+01
    endloop
  endfacet
  facet normal  0.000000e+00  0.000000e+00  1.000000e+00
    outer loop
      vertex -7.000000e+01 -1.400000e+01  1.200000e+01
      vertex -6.859810e+01 -1.056497e+00  1.200000e+01
      vertex -6.871183e+01 -5.336806e-01  1.200000e+01
    endloop
  endfacet
  facet normal  0.000000e+00  0.000000e+00  1.000000e+00
    outer loop
      vertex  8.881784e-16  1.400000e+01  1.200000e+01
      vertex -8.154700e+00  2.027403e+00  1.200000e+01
      vertex -7.834061e+00  2.455728e+00  1.200000e+01
    endloop
  endfacet
  facet normal  0.000000e+00  0.000000e+00  9.999999e-01
    outer loop
      vertex  8.881784e-16  1.400000e+01  1.200000e+01
      vertex -7.834061e+00  2.455728e+00  1.200000e+01
      vertex -7.455728e+00  2.834061e+00  1.200000e+01
    endloop
  endfacet
  facet normal  0.000000e+00  0.000000e+00  1.000000e+00
    outer loop
      vertex  8.881784e-16  1.400000e+01  1.200000e+01
      vertex -7.455728e+00  2.834061e+00  1.200000e+01
      vertex -7.027403e+00  3.154701e+00  1.200000e+01
    endloop
  endfacet
  facet normal  0.000000e+00  0.000000e+00  1.000000e+00
    outer loop
      vertex  8.881784e-16  1.400000e+01  1.200000e+01
      vertex -7.027403e+00  3.154701e+00  1.200000e+01
      vertex -6.557806e+00  3.411120e+00  1.200000e+01
    endloop
  endfacet
  facet normal  0.000000e+00  0.000000e+00  1.000000e+00
    outer loop
      vertex  8.881784e-16  1.400000e+01  1.200000e+01
      vertex -6.557806e+00  3.411120e+00  1.200000e+01
      vertex -6.056497e+00  3.598099e+00  1.200000e+01
    endloop
  endfacet
  facet normal  0.000000e+00  0.000000e+00  1.000000e+00
    outer loop
      vertex  8.881784e-16  1.400000e+01  1.200000e+01
      vertex -6.056497e+00  3.598099e+00  1.200000e+01
      vertex -5.533680e+00  3.711830e+00  1.200000e+01
    endloop
  endfacet
  facet normal  0.000000e+00  0.000000e+00  1.000000e+00
    outer loop
      vertex  8.881784e-16  1.400000e+01  1.200000e+01
      vertex -5.533680e+00  3.711830e+00  1.200000e+01
      vertex -5.000000e+00  3.750000e+00  1.200000e+01
    endloop
  endfacet
  facet normal  -0.000000e+00  0.000000e+00  1.000000e+00
    outer loop
      vertex  8.881784e-16  1.400000e+01  1.200000e+01
      vertex -5.000000e+00  3.750000e+00  1.200000e+01
      vertex -4.466320e+00  3.711830e+00  1.200000e+01
    endloop
  endfacet
  facet normal  -0.000000e+00  0.000000e+00  1.000000e+00
    outer loop
      vertex  8.881784e-16  1.400000e+01  1.200000e+01
      vertex -4.466320e+00  3.711830e+00  1.200000e+01
      vertex -3.943503e+00  3.598099e+00  1.200000e+01
    endloop
  endfacet
  facet normal  -0.000000e+00  0.000000e+00  1.000000e+00
    outer loop
      vertex  8.881784e-16  1.400000e+01  1.200000e+01
      vertex -3.943503e+00  3.598099e+00  1.200000e+01
      vertex -3.442194e+00  3.411120e+00  1.200000e+01
    endloop
  endfacet
  facet normal  -0.000000e+00  0.000000e+00  1.000000e+00
    outer loop
      vertex  8.881784e-16  1.400000e+01  1.200000e+01
      vertex -3.442194e+00  3.411120e+00  1.200000e+01
      vertex -2.972597e+00  3.154701e+00  1.200000e+01
    endloop
  endfacet
  facet normal  -0.000000e+00  0.000000e+00  9.999999e-01
    outer loop
      vertex  8.881784e-16  1.400000e+01  1.200000e+01
      vertex -2.972597e+00  3.154701e+00  1.200000e+01
      vertex -2.544272e+00  2.834061e+00  1.200000e+01
    endloop
  endfacet
  facet normal  -0.000000e+00  0.000000e+00  1.000000e+00
    outer loop
      vertex  8.881784e-16  1.400000e+01  1.200000e+01
      vertex -2.544272e+00  2.834061e+00  1.200000e+01
      vertex -2.165939e+00  2.455728e+00  1.200000e+01
    endloop
  endfacet
  facet normal  -0.000000e+00  0.000000e+00  1.000000e+00
    outer loop
      vertex  8.881784e-16  1.400000e+01  1.200000e+01
      vertex -2.165939e+00  2.455728e+00  1.200000e+01
      vertex -1.845299e+00  2.027403e+00  1.200000e+01
    endloop
  endfacet
  facet normal  -0.000000e+00  0.000000e+00  1.000000e+00
    outer loop
      vertex  8.881784e-16  1.400000e+01  1.200000e+01
      vertex -1.845299e+00  2.027403e+00  1.200000e+01
      vertex -1.588880e+00  1.557806e+00  1.200000e+01
    endloop
  endfacet
  facet normal  -0.000000e+00  0.000000e+00  1.000000e+00
    outer loop
      vertex  8.881784e-16  1.400000e+01  1.200000e+01
      vertex -1.588880e+00  1.557806e+00  1.200000e+01
      vertex -1.401901e+00  1.056497e+00  1.200000e+01
    endloop
  endfacet
  facet normal  -0.000000e+00  0.000000e+00  1.000000e+00
    outer loop
      vertex  8.881784e-16  1.400000e+01  1.200000e+01
      vertex -1.401901e+00  1.056497e+00  1.200000e+01
      vertex -1.288170e+00  5.336806e-01  1.200000e+01
    endloop
  endfacet
  facet normal  -0.000000e+00  0.000000e+00  1.000000e+00
    outer loop
      vertex  8.881784e-16  1.400000e+01  1.200000e+01
      vertex -1.288170e+00  5.336806e-01  1.200000e+01
      vertex -1.250000e+00  7.105427e-15  1.200000e+01
    endloop
  endfacet
  facet normal  -0.000000e+00  0.000000e+00  1.000000e+00
    outer loop
      vertex -6.000000e+01  3.000000e+00  1.200000e+01
      vertex -6.254427e+01  2.834061e+00  1.200000e+01
      vertex -6.216594e+01  2.455728e+00  1.200000e+01
    endloop
  endfacet
  facet normal  -0.000000e+00  0.000000e+00  1.000000e+00
    outer loop
      vertex -6.000000e+01  3.000000e+00  1.200000e+01
      vertex -6.216594e+01  2.455728e+00  1.200000e+01
      vertex -6.184530e+01  2.027403e+00  1.200000e+01
    endloop
  endfacet
  facet normal  -0.000000e+00  0.000000e+00  1.000000e+00
    outer loop
      vertex -6.000000e+01  3.000000e+00  1.200000e+01
      vertex -6.184530e+01  2.027403e+00  1.200000e+01
      vertex -6.158888e+01  1.557806e+00  1.200000e+01
    endloop
  endfacet
  facet normal  -0.000000e+00  0.000000e+00  1.000000e+00
    outer loop
      vertex -6.000000e+01  3.000000e+00  1.200000e+01
      vertex -6.158888e+01  1.557806e+00  1.200000e+01
      vertex -6.140190e+01  1.056497e+00  1.200000e+01
    endloop
  endfacet
  facet normal  -0.000000e+00  0.000000e+00  9.999999e-01
    outer loop
      vertex -6.000000e+01  3.000000e+00  1.200000e+01
      vertex -6.140190e+01  1.056497e+00  1.200000e+01
      vertex -6.128817e+01  5.336806e-01  1.200000e+01
    endloop
  endfacet
  facet normal  -0.000000e+00  0.000000e+00  9.999999e-01
    outer loop
      vertex -6.000000e+01  3.000000e+00  1.200000e+01
      vertex -6.128817e+01  5.336806e-01  1.200000e+01
      vertex -6.125000e+01  7.105427e-15  1.200000e+01
    endloop
  endfacet
  facet normal  0.000000e+00  -0.000000e+00  1.000000e+00
    outer loop
      vertex -7.000000e+01  1.400000e+01  1.200000e+01
      vertex -6.875000e+01  2.124577e-15  1.200000e+01
      vertex -6.871183e+01  5.336806e-01  1.200000e+01
    endloop
  endfacet
  facet normal  0.000000e+00  -0.000000e+00  1.000000e+00
    outer loop
      vertex -7.000000e+01  1.400000e+01  1.200000e+01
      vertex -6.871183e+01  5.336806e-01  1.200000e+01
      vertex -6.859810e+01  1.056497e+00  1.200000e+01
    endloop
  endfacet
  facet normal  0.000000e+00  -0.000000e+00  1.000000e+00
    outer loop
      vertex -7.000000e+01  1.400000e+01  1.200000e+01
      vertex -6.859810e+01  1.056497e+00  1.200000e+01
      vertex -6.841112e+01  1.557806e+00  1.200000e+01
    endloop
  endfacet
  facet normal  0.000000e+00  -0.000000e+00  1.000000e+00
    outer loop
      vertex -7.000000e+01  1.400000e+01  1.200000e+01
      vertex -6.841112e+01  1.557806e+00  1.200000e+01
      vertex -6.815470e+01  2.027403e+00  1.200000e+01
    endloop
  endfacet
  facet normal  0.000000e+00  -0.000000e+00  1.000000e+00
    outer loop
      vertex -7.000000e+01  1.400000e+01  1.200000e+01
      vertex -6.815470e+01  2.027403e+00  1.200000e+01
      vertex -6.783406e+01  2.455728e+00  1.200000e+01
    endloop
  endfacet
  facet normal  0.000000e+00  -0.000000e+00  1.000000e+00
    outer loop
      vertex -7.000000e+01  1.400000e+01  1.200000e+01
      vertex -6.783406e+01  2.455728e+00  1.200000e+01
      vertex -6.745573e+01  2.834061e+00  1.200000e+01
    endloop
  endfacet
  facet normal  0.000000e+00  -0.000000e+00  1.000000e+00
    outer loop
      vertex -7.000000e+01  1.400000e+01  1.200000e+01
      vertex -6.745573e+01  2.834061e+00  1.200000e+01
      vertex -6.702740e+01  3.154701e+00  1.200000e+01
    endloop
  endfacet
  facet normal  0.000000e+00  -0.000000e+00  1.000000e+00
    outer loop
      vertex -7.000000e+01  1.400000e+01  1.200000e+01
      vertex -6.702740e+01  3.154701e+00  1.200000e+01
      vertex -6.655781e+01  3.411120e+00  1.200000e+01
    endloop
  endfacet
  facet normal  0.000000e+00  -0.000000e+00  1.000000e+00
    outer loop
      vertex -7.000000e+01  1.400000e+01  1.200000e+01
      vertex -6.655781e+01  3.411120e+00  1.200000e+01
      vertex -6.605650e+01  3.598099e+00  1.200000e+01
    endloop
  endfacet
  facet normal  0.000000e+00  -0.000000e+00  1.000000e+00
    outer loop
      vertex -7.000000e+01  1.400000e+01  1.200000e+01
      vertex -6.605650e+01  3.598099e+00  1.200000e+01
      vertex -6.553368e+01  3.711830e+00  1.200000e+01
    endloop
  endfacet
  facet normal  0.000000e+00  -0.000000e+00  9.999999e-01
    outer loop
      vertex -7.000000e+01  1.400000e+01  1.200000e+01
      vertex -6.553368e+01  3.711830e+00  1.200000e+01
      vertex  8.881784e-16  1.400000e+01  1.200000e+01
    endloop
  endfacet
  facet normal  0.000000e+00 -1.000000e+00  -0.000000e+00
    outer loop
      vertex  0.000000e+00 -1.400000e+01  0.000000e+00
      vertex  0.000000e+00 -1.400000e+01  1.200000e+01
      vertex -7.000000e+01 -1.400000e+01  0.000000e+00
    endloop
  endfacet
  facet normal  0.000000e+00 -1.000000e+00  0.000000e+00
    outer loop
      vertex -7.000000e+01 -1.400000e+01  0.000000e+00
      vertex  0.000000e+00 -1.400000e+01  1.200000e+01
      vertex -7.000000e+01 -1.400000e+01  1.200000e+01
    endloop
  endfacet
  facet normal  1.000000e+00  0.000000e+00  0.000000e+00
    outer loop
      vertex  5.000000e+00 -9.000000e+00  1.200000e+01
      vertex  5.000000e+00 -9.000000e+00  0.000000e+00
      vertex  5.000000e+00  9.000000e+00  1.200000e+01
    endloop
  endfacet
  facet normal  1.000000e+00  0.000000e+00  0.000000e+00
    outer loop
      vertex  5.000000e+00  9.000000e+00  1.200000e+01
      vertex  5.000000e+00 -9.000000e+00  0.000000e+00
      vertex  5.000000e+00  9.000000e+00  0.000000e+00
    endloop
  endfacet
  facet normal  6.037771e-02 -9.981756e-01  0.000000e+00
    outer loop
      vertex  0.000000e+00 -1.400000e+01  1.200000e+01
      vertex  0.000000e+00 -1.400000e+01  0.000000e+00
      vertex  6.026834e-01 -1.396354e+01  1.200000e+01
    endloop
  endfacet
  facet normal  6.037771e-02 -9.981756e-01  0.000000e+00
    outer loop
      vertex  6.026834e-01 -1.396354e+01  1.200000e+01
      vertex  0.000000e+00 -1.400000e+01  0.000000e+00
      vertex  6.026834e-01 -1.396354e+01  0.000000e+00
    endloop
  endfacet
  facet normal  1.802565e-01 -9.836197e-01  0.000000e+00
    outer loop
      vertex  6.026834e-01 -1.396354e+01  1.200000e+01
      vertex  6.026834e-01 -1.396354e+01  0.000000e+00
      vertex  1.196578e+00 -1.385471e+01  1.200000e+01
    endloop
  endfacet
  facet normal  1.802565e-01 -9.836197e-01  0.000000e+00
    outer loop
      vertex  1.196578e+00 -1.385471e+01  1.200000e+01
      vertex  6.026834e-01 -1.396354e+01  0.000000e+00
      vertex  1.196578e+00 -1.385471e+01  0.000000e+00
    endloop
  endfacet
  facet normal  2.975023e-01 -9.547210e-01  0.000000e+00
    outer loop
      vertex  1.196578e+00 -1.385471e+01  1.200000e+01
      vertex  1.196578e+00 -1.385471e+01  0.000000e+00
      vertex  1.773024e+00 -1.367508e+01  1.200000e+01
    endloop
  endfacet
  facet normal  2.975023e-01 -9.547210e-01  0.000000e+00
    outer loop
      vertex  1.773024e+00 -1.367508e+01  1.200000e+01
      vertex  1.196578e+00 -1.385471e+01  0.000000e+00
      vertex  1.773024e+00 -1.367508e+01  0.000000e+00
    endloop
  endfacet
  facet normal  4.104125e-01 -9.119000e-01  0.000000e+00
    outer loop
      vertex  1.773024e+00 -1.367508e+01  1.200000e+01
      vertex  1.773024e+00 -1.367508e+01  0.000000e+00
      vertex  2.323616e+00 -1.342728e+01  1.200000e+01
    endloop
  endfacet
  facet normal  4.104125e-01 -9.119000e-01  0.000000e+00
    outer loop
      vertex  2.323616e+00 -1.342728e+01  1.200000e+01
      vertex  1.773024e+00 -1.367508e+01  0.000000e+00
      vertex  2.323616e+00 -1.342728e+01  0.000000e+00
    endloop
  endfacet
  facet normal  5.173377e-01 -8.557813e-01  0.000000e+00
    outer loop
      vertex  2.323616e+00 -1.342728e+01  1.200000e+01
      vertex  2.323616e+00 -1.342728e+01  0.000000e+00
      vertex  2.840324e+00 -1.311492e+01  1.200000e+01
    endloop
  endfacet
  facet normal  5.173377e-01 -8.557813e-01  0.000000e+00
    outer loop
      vertex  2.840324e+00 -1.311492e+01  1.200000e+01
      vertex  2.323616e+00 -1.342728e+01  0.000000e+00
      vertex  2.840324e+00 -1.311492e+01  0.000000e+00
    endloop
  endfacet
  facet normal  6.167192e-01 -7.871832e-01  0.000000e+00
    outer loop
      vertex  2.840324e+00 -1.311492e+01  1.200000e+01
      vertex  2.840324e+00 -1.311492e+01  0.000000e+00
      vertex  3.315613e+00 -1.274255e+01  1.200000e+01
    endloop
  endfacet
  facet normal  6.167192e-01 -7.871832e-01  0.000000e+00
    outer loop
      vertex  3.315613e+00 -1.274255e+01  1.200000e+01
      vertex  2.840324e+00 -1.311492e+01  0.000000e+00
      vertex  3.315613e+00 -1.274255e+01  0.000000e+00
    endloop
  endfacet
  facet normal  7.071064e-01 -7.071072e-01  0.000000e+00
    outer loop
      vertex  3.315613e+00 -1.274255e+01  1.200000e+01
      vertex  3.315613e+00 -1.274255e+01  0.000000e+00
      vertex  3.742554e+00 -1.231561e+01  1.200000e+01
    endloop
  endfacet
  facet normal  7.071064e-01 -7.071072e-01  0.000000e+00
    outer loop
      vertex  3.742554e+00 -1.231561e+01  1.200000e+01
      vertex  3.315613e+00 -1.274255e+01  0.000000e+00
      vertex  3.742554e+00 -1.231561e+01  0.000000e+00
    endloop
  endfacet
  facet normal  7.871841e-01 -6.167182e-01  0.000000e+00
    outer loop
      vertex  3.742554e+00 -1.231561e+01  1.200000e+01
      vertex  3.742554e+00 -1.231561e+01  0.000000e+00
      vertex  4.114919e+00 -1.184032e+01  1.200000e+01
    endloop
  endfacet
  facet normal  7.871841e-01 -6.167182e-01  0.000000e+00
    outer loop
      vertex  4.114919e+00 -1.184032e+01  1.200000e+01
      vertex  3.742554e+00 -1.231561e+01  0.000000e+00
      vertex  4.114919e+00 -1.184032e+01  0.000000e+00
    endloop
  endfacet
  facet normal  8.557811e-01 -5.173381e-01  0.000000e+00
    outer loop
      vertex  4.114919e+00 -1.184032e+01  1.200000e+01
      vertex  4.114919e+00 -1.184032e+01  0.000000e+00
      vertex  4.427280e+00 -1.132362e+01  1.200000e+01
    endloop
  endfacet
  facet normal  8.557811e-01 -5.173381e-01  0.000000e+00
    outer loop
      vertex  4.427280e+00 -1.132362e+01  1.200000e+01
      vertex  4.114919e+00 -1.184032e+01  0.000000e+00
      vertex  4.427280e+00 -1.132362e+01  0.000000e+00
    endloop
  endfacet
  facet normal  9.118997e-01 -4.104131e-01  0.000000e+00
    outer loop
      vertex  4.427280e+00 -1.132362e+01  1.200000e+01
      vertex  4.427280e+00 -1.132362e+01  0.000000e+00
      vertex  4.675081e+00 -1.077302e+01  1.200000e+01
    endloop
  endfacet
  facet normal  9.118997e-01 -4.104131e-01  0.000000e+00
    outer loop
      vertex  4.675081e+00 -1.077302e+01  1.200000e+01
      vertex  4.427280e+00 -1.132362e+01  0.000000e+00
      vertex  4.675081e+00 -1.077302e+01  0.000000e+00
    endloop
  endfacet
  facet normal  9.547209e-01 -2.975029e-01  0.000000e+00
    outer loop
      vertex  4.675081e+00 -1.077302e+01  1.200000e+01
      vertex  4.675081e+00 -1.077302e+01  0.000000e+00
      vertex  4.854709e+00 -1.019658e+01  1.200000e+01
    endloop
  endfacet
  facet normal  9.547209e-01 -2.975029e-01  0.000000e+00
    outer loop
      vertex  4.854709e+00 -1.019658e+01  1.200000e+01
      vertex  4.675081e+00 -1.077302e+01  0.000000e+00
      vertex  4.854709e+00 -1.019658e+01  0.000000e+00
    endloop
  endfacet
  facet normal  9.836199e-01 -1.802549e-01  0.000000e+00
    outer loop
      vertex  4.854709e+00 -1.019658e+01  1.200000e+01
      vertex  4.854709e+00 -1.019658e+01  0.000000e+00
      vertex  4.963544e+00 -9.602683e+00  1.200000e+01
    endloop
  endfacet
  facet normal  9.836199e-01 -1.802549e-01  0.000000e+00
    outer loop
      vertex  4.963544e+00 -9.602683e+00  1.200000e+01
      vertex  4.854709e+00 -1.019658e+01  0.000000e+00
      vertex  4.963544e+00 -9.602683e+00  0.000000e+00
    endloop
  endfacet
  facet normal  9.981756e-01 -6.037854e-02  0.000000e+00
    outer loop
      vertex  4.963544e+00 -9.602683e+00  1.200000e+01
      vertex  4.963544e+00 -9.602683e+00  0.000000e+00
      vertex  5.000000e+00 -9.000000e+00  1.200000e+01
    endloop
  endfacet
  facet normal  9.981756e-01 -6.037854e-02  0.000000e+00
    outer loop
      vertex  5.000000e+00 -9.000000e+00  1.200000e+01
      vertex  4.963544e+00 -9.602683e+00  0.000000e+00
      vertex  5.000000e+00 -9.000000e+00  0.000000e+00
    endloop
  endfacet
  facet normal -1.000000e+00  0.000000e+00  0.000000e+00
    outer loop
      vertex -7.500000e+01 -9.000000e+00  0.000000e+00
      vertex -7.500000e+01 -9.000000e+00  1.200000e+01
      vertex -7.500000e+01  9.000000e+00  0.000000e+00
    endloop
  endfacet
  facet normal -1.000000e+00  0.000000e+00  0.000000e+00
    outer loop
      vertex -7.500000e+01  9.000000e+00  0.000000e+00
      vertex -7.500000e+01 -9.000000e+00  1.200000e+01
      vertex -7.500000e+01  9.000000e+00  1.200000e+01
    endloop
  endfacet
  facet normal -6.037765e-02 -9.981757e-01  -0.000000e+00
    outer loop
      vertex -7.000000e+01 -1.400000e+01  0.000000e+00
      vertex -7.000000e+01 -1.400000e+01  1.200000e+01
      vertex -7.060268e+01 -1.396354e+01  0.000000e+00
    endloop
  endfacet
  facet normal -6.037765e-02 -9.981757e-01  0.000000e+00
    outer loop
      vertex -7.060268e+01 -1.396354e+01  0.000000e+00
      vertex -7.000000e+01 -1.400000e+01  1.200000e+01
      vertex -7.060268e+01 -1.396354e+01  1.200000e+01
    endloop
  endfacet
  facet normal -1.802564e-01 -9.836196e-01  -0.000000e+00
    outer loop
      vertex -7.060268e+01 -1.396354e+01  0.000000e+00
      vertex -7.060268e+01 -1.396354e+01  1.200000e+01
      vertex -7.119658e+01 -1.385471e+01  0.000000e+00
    endloop
  endfacet
  facet normal -1.802564e-01 -9.836196e-01  0.000000e+00
    outer loop
      vertex -7.119658e+01 -1.385471e+01  0.000000e+00
      vertex -7.060268e+01 -1.396354e+01  1.200000e+01
      vertex -7.119658e+01 -1.385471e+01  1.200000e+01
    endloop
  endfacet
  facet normal -2.975022e-01 -9.547212e-01  -0.000000e+00
    outer loop
      vertex -7.119658e+01 -1.385471e+01  0.000000e+00
      vertex -7.119658e+01 -1.385471e+01  1.200000e+01
      vertex -7.177303e+01 -1.367508e+01  0.000000e+00
    endloop
  endfacet
  facet normal -2.975022e-01 -9.547212e-01  0.000000e+00
    outer loop
      vertex -7.177303e+01 -1.367508e+01  0.000000e+00
      vertex -7.119658e+01 -1.385471e+01  1.200000e+01
      vertex -7.177303e+01 -1.367508e+01  1.200000e+01
    endloop
  endfacet
  facet normal -4.104130e-01 -9.118997e-01  -0.000000e+00
    outer loop
      vertex -7.177303e+01 -1.367508e+01  0.000000e+00
      vertex -7.177303e+01 -1.367508e+01  1.200000e+01
      vertex -7.232362e+01 -1.342728e+01  0.000000e+00
    endloop
  endfacet
  facet normal -4.104130e-01 -9.118997e-01  0.000000e+00
    outer loop
      vertex -7.232362e+01 -1.342728e+01  0.000000e+00
      vertex -7.177303e+01 -1.367508e+01  1.200000e+01
      vertex -7.232362e+01 -1.342728e+01  1.200000e+01
    endloop
  endfacet
  facet normal -5.173374e-01 -8.557815e-01  -0.000000e+00
    outer loop
      vertex -7.232362e+01 -1.342728e+01  0.000000e+00
      vertex -7.232362e+01 -1.342728e+01  1.200000e+01
      vertex -7.284032e+01 -1.311492e+01  0.000000e+00
    endloop
  endfacet
  facet normal -5.173374e-01 -8.557815e-01  0.000000e+00
    outer loop
      vertex -7.284032e+01 -1.311492e+01  0.000000e+00
      vertex -7.232362e+01 -1.342728e+01  1.200000e+01
      vertex -7.284032e+01 -1.311492e+01  1.200000e+01
    endloop
  endfacet
  facet normal -6.167201e-01 -7.871825e-01  -0.000000e+00
    outer loop
      vertex -7.284032e+01 -1.311492e+01  0.000000e+00
      vertex -7.284032e+01 -1.311492e+01  1.200000e+01
      vertex -7.331561e+01 -1.274255e+01  0.000000e+00
    endloop
  endfacet
  facet normal -6.167201e-01 -7.871825e-01  0.000000e+00
    outer loop
      vertex -7.331561e+01 -1.274255e+01  0.000000e+00
      vertex -7.284032e+01 -1.311492e+01  1.200000e+01
      vertex -7.331561e+01 -1.274255e+01  1.200000e+01
    endloop
  endfacet
  facet normal -7.071060e-01 -7.071076e-01  -0.000000e+00
    outer loop
      vertex -7.331561e+01 -1.274255e+01  0.000000e+00
      vertex -7.331561e+01 -1.274255e+01  1.200000e+01
      vertex -7.374255e+01 -1.231561e+01  0.000000e+00
    endloop
  endfacet
  facet normal -7.071060e-01 -7.071076e-01  0.000000e+00
    outer loop
      vertex -7.374255e+01 -1.231561e+01  0.000000e+00
      vertex -7.331561e+01 -1.274255e+01  1.200000e+01
      vertex -7.374255e+01 -1.231561e+01  1.200000e+01
    endloop
  endfacet
  facet normal -7.871821e-01 -6.167206e-01  -0.000000e+00
    outer loop
      vertex -7.374255e+01 -1.231561e+01  0.000000e+00
      vertex -7.374255e+01 -1.231561e+01  1.200000e+01
      vertex -7.411492e+01 -1.184032e+01  0.000000e+00
    endloop
  endfacet
  facet normal -7.871821e-01 -6.167206e-01  0.000000e+00
    outer loop
      vertex -7.411492e+01 -1.184032e+01  0.000000e+00
      vertex -7.374255e+01 -1.231561e+01  1.200000e+01
      vertex -7.411492e+01 -1.184032e+01  1.200000e+01
    endloop
  endfacet
  facet normal -8.557853e-01 -5.173311e-01  -0.000000e+00
    outer loop
      vertex -7.411492e+01 -1.184032e+01  0.000000e+00
      vertex -7.411492e+01 -1.184032e+01  1.200000e+01
      vertex -7.442728e+01 -1.132362e+01  0.000000e+00
    endloop
  endfacet
  facet normal -8.557853e-01 -5.173311e-01  0.000000e+00
    outer loop
      vertex -7.442728e+01 -1.132362e+01  0.000000e+00
      vertex -7.411492e+01 -1.184032e+01  1.200000e+01
      vertex -7.442728e+01 -1.132362e+01  1.200000e+01
    endloop
  endfacet
  facet normal -9.118989e-01 -4.104151e-01  -0.000000e+00
    outer loop
      vertex -7.442728e+01 -1.132362e+01  0.000000e+00
      vertex -7.442728e+01 -1.132362e+01  1.200000e+01
      vertex -7.467508e+01 -1.077302e+01  0.000000e+00
    endloop
  endfacet
  facet normal -9.118989e-01 -4.104151e-01  0.000000e+00
    outer loop
      vertex -7.467508e+01 -1.077302e+01  0.000000e+00
      vertex -7.442728e+01 -1.132362e+01  1.200000e+01
      vertex -7.467508e+01 -1.077302e+01  1.200000e+01
    endloop
  endfacet
  facet normal -9.547216e-01 -2.975007e-01  -0.000000e+00
    outer loop
      vertex -7.467508e+01 -1.077302e+01  0.000000e+00
      vertex -7.467508e+01 -1.077302e+01  1.200000e+01
      vertex -7.485471e+01 -1.019658e+01  0.000000e+00
    endloop
  endfacet
  facet normal -9.547216e-01 -2.975007e-01  0.000000e+00
    outer loop
      vertex -7.485471e+01 -1.019658e+01  0.000000e+00
      vertex -7.467508e+01 -1.077302e+01  1.200000e+01
      vertex -7.485471e+01 -1.019658e+01  1.200000e+01
    endloop
  endfacet
  facet normal -9.836182e-01 -1.802641e-01  -0.000000e+00
    outer loop
      vertex -7.485471e+01 -1.019658e+01  0.000000e+00
      vertex -7.485471e+01 -1.019658e+01  1.200000e+01
      vertex -7.496355e+01 -9.602683e+00  0.000000e+00
    endloop
  endfacet
  facet normal -9.836182e-01 -1.802641e-01  0.000000e+00
    outer loop
      vertex -7.496355e+01 -9.602683e+00  0.000000e+00
      vertex -7.485471e+01 -1.019658e+01  1.200000e+01
      vertex -7.496355e+01 -9.602683e+00  1.200000e+01
    endloop
  endfacet
  facet normal -9.981758e-01 -6.037460e-02  -0.000000e+00
    outer loop
      vertex -7.496355e+01 -9.602683e+00  0.000000e+00
      vertex -7.496355e+01 -9.602683e+00  1.200000e+01
      vertex -7.500000e+01 -9.000000e+00  0.000000e+00
    endloop
  endfacet
  facet normal -9.981758e-01 -6.037460e-02  0.000000e+00
    outer loop
      vertex -7.500000e+01 -9.000000e+00  0.000000e+00
      vertex -7.496355e+01 -9.602683e+00  1.200000e+01
      vertex -7.500000e+01 -9.000000e+00  1.200000e+01
    endloop
  endfacet
  facet normal  0.000000e+00  1.000000e+00  0.000000e+00
    outer loop
      vertex  0.000000e+00  1.400000e+01  0.000000e+00
      vertex -7.000000e+01  1.400000e+01  0.000000e+00
      vertex  8.881784e-16  1.400000e+01  1.200000e+01
    endloop
  endfacet
  facet normal  0.000000e+00  1.000000e+00  0.000000e+00
    outer loop
      vertex  8.881784e-16  1.400000e+01  1.200000e+01
      vertex -7.000000e+01  1.400000e+01  0.000000e+00
      vertex -7.000000e+01  1.400000e+01  1.200000e+01
    endloop
  endfacet
  facet normal -9.981758e-01  6.037460e-02  0.000000e+00
    outer loop
      vertex -7.500000e+01  9.000000e+00  0.000000e+00
      vertex -7.500000e+01  9.000000e+00  1.200000e+01
      vertex -7.496355e+01  9.602683e+00  0.000000e+00
    endloop
  endfacet
  facet normal -9.981758e-01  6.037460e-02  0.000000e+00
    outer loop
      vertex -7.496355e+01  9.602683e+00  0.000000e+00
      vertex -7.500000e+01  9.000000e+00  1.200000e+01
      vertex -7.496355e+01  9.602683e+00  1.200000e+01
    endloop
  endfacet
  facet normal -9.836182e-01  1.802641e-01  0.000000e+00
    outer loop
      vertex -7.496355e+01  9.602683e+00  0.000000e+00
      vertex -7.496355e+01  9.602683e+00  1.200000e+01
      vertex -7.485471e+01  1.019658e+01  0.000000e+00
    endloop
  endfacet
  facet normal -9.836182e-01  1.802641e-01  0.000000e+00
    outer loop
      vertex -7.485471e+01  1.019658e+01  0.000000e+00
      vertex -7.496355e+01  9.602683e+00  1.200000e+01
      vertex -7.485471e+01  1.019658e+01  1.200000e+01
    endloop
  endfacet
  facet normal -9.547216e-01  2.975007e-01  0.000000e+00
    outer loop
      vertex -7.485471e+01  1.019658e+01  0.000000e+00
      vertex -7.485471e+01  1.019658e+01  1.200000e+01
      vertex -7.467508e+01  1.077302e+01  0.000000e+00
    endloop
  endfacet
  facet normal -9.547216e-01  2.975007e-01  0.000000e+00
    outer loop
      vertex -7.467508e+01  1.077302e+01  0.000000e+00
      vertex -7.485471e+01  1.019658e+01  1.200000e+01
      vertex -7.467508e+01  1.077302e+01  1.200000e+01
    endloop
  endfacet
  facet normal -9.118989e-01  4.104151e-01  0.000000e+00
    outer loop
      vertex -7.467508e+01  1.077302e+01  0.000000e+00
      vertex -7.467508e+01  1.077302e+01  1.200000e+01
      vertex -7.442728e+01  1.132362e+01  0.000000e+00
    endloop
  endfacet
  facet normal -9.118989e-01  4.104151e-01  0.000000e+00
    outer loop
      vertex -7.442728e+01  1.132362e+01  0.000000e+00
      vertex -7.467508e+01  1.077302e+01  1.200000e+01
      vertex -7.442728e+01  1.132362e+01  1.200000e+01
    endloop
  endfacet
  facet normal -8.557853e-01  5.173311e-01  0.000000e+00
    outer loop
      vertex -7.442728e+01  1.132362e+01  0.000000e+00
      vertex -7.442728e+01  1.132362e+01  1.200000e+01
      vertex -7.411492e+01  1.184032e+01  0.000000e+00
    endloop
  endfacet
  facet normal -8.557853e-01  5.173311e-01  0.000000e+00
    outer loop
      vertex -7.411492e+01  1.184032e+01  0.000000e+00
      vertex -7.442728e+01  1.132362e+01  1.200000e+01
      vertex -7.411492e+01  1.184032e+01  1.200000e+01
    endloop
  endfacet
  facet normal -7.871821e-01  6.167206e-01  0.000000e+00
    outer loop
      vertex -7.411492e+01  1.184032e+01  0.000000e+00
      vertex -7.411492e+01  1.184032e+01  1.200000e+01
      vertex -7.374255e+01  1.231561e+01  0.000000e+00
    endloop
  endfacet
  facet normal -7.871821e-01  6.167206e-01  0.000000e+00
    outer loop
      vertex -7.374255e+01  1.231561e+01  0.000000e+00
      vertex -7.411492e+01  1.184032e+01  1.200000e+01
      vertex -7.374255e+01  1.231561e+01  1.200000e+01
    endloop
  endfacet
  facet normal -7.071060e-01  7.071076e-01  0.000000e+00
    outer loop
      vertex -7.374255e+01  1.231561e+01  0.000000e+00
      vertex -7.374255e+01  1.231561e+01  1.200000e+01
      vertex -7.331561e+01  1.274255e+01  0.000000e+00
    endloop
  endfacet
  facet normal -7.071060e-01  7.071076e-01  0.000000e+00
    outer loop
      vertex -7.331561e+01  1.274255e+01  0.000000e+00
      vertex -7.374255e+01  1.231561e+01  1.200000e+01
      vertex -7.331561e+01  1.274255e+01  1.200000e+01
    endloop
  endfacet
  facet normal -6.167201e-01  7.871825e-01  0.000000e+00
    outer loop
      vertex -7.331561e+01  1.274255e+01  0.000000e+00
      vertex -7.331561e+01  1.274255e+01  1.200000e+01
      vertex -7.284032e+01  1.311492e+01  0.000000e+00
    endloop
  endfacet
  facet normal -6.167201e-01  7.871825e-01  0.000000e+00
    outer loop
      vertex -7.284032e+01  1.311492e+01  0.000000e+00
      vertex -7.331561e+01  1.274255e+01  1.200000e+01
      vertex -7.284032e+01  1.311492e+01  1.200000e+01
    endloop
  endfacet
  facet normal -5.173374e-01  8.557815e-01  0.000000e+00
    outer loop
      vertex -7.284032e+01  1.311492e+01  0.000000e+00
      vertex -7.284032e+01  1.311492e+01  1.200000e+01
      vertex -7.232362e+01  1.342728e+01  0.000000e+00
    endloop
  endfacet
  facet normal -5.173374e-01  8.557815e-01  0.000000e+00
    outer loop
      vertex -7.232362e+01  1.342728e+01  0.000000e+00
      vertex -7.284032e+01  1.311492e+01  1.200000e+01
      vertex -7.232362e+01  1.342728e+01  1.200000e+01
    endloop
  endfacet
  facet normal -4.104130e-01  9.118997e-01  0.000000e+00
    outer loop
      vertex -7.232362e+01  1.342728e+01  0.000000e+00
      vertex -7.232362e+01  1.342728e+01  1.200000e+01
      vertex -7.177303e+01  1.367508e+01  0.000000e+00
    endloop
  endfacet
  facet normal -4.104130e-01  9.118997e-01  0.000000e+00
    outer loop
      vertex -7.177303e+01  1.367508e+01  0.000000e+00
      vertex -7.232362e+01  1.342728e+01  1.200000e+01
      vertex -7.177303e+01  1.367508e+01  1.200000e+01
    endloop
  endfacet
  facet normal -2.975022e-01  9.547212e-01  0.000000e+00
    outer loop
      vertex -7.177303e+01  1.367508e+01  0.000000e+00
      vertex -7.177303e+01  1.367508e+01  1.200000e+01
      vertex -7.119658e+01  1.385471e+01  0.000000e+00
    endloop
  endfacet
  facet normal -2.975022e-01  9.547212e-01  0.000000e+00
    outer loop
      vertex -7.119658e+01  1.385471e+01  0.000000e+00
      vertex -7.177303e+01  1.367508e+01  1.200000e+01
      vertex -7.119658e+01  1.385471e+01  1.200000e+01
    endloop
  endfacet
  facet normal -1.802564e-01  9.836196e-01  0.000000e+00
    outer loop
      vertex -7.119658e+01  1.385471e+01  0.000000e+00
      vertex -7.119658e+01  1.385471e+01  1.200000e+01
      vertex -7.060268e+01  1.396354e+01  0.000000e+00
    endloop
  endfacet
  facet normal -1.802564e-01  9.836196e-01  0.000000e+00
    outer loop
      vertex -7.060268e+01  1.396354e+01  0.000000e+00
      vertex -7.119658e+01  1.385471e+01  1.200000e+01
      vertex -7.060268e+01  1.396354e+01  1.200000e+01
    endloop
  endfacet
  facet normal -6.037765e-02  9.981757e-01  0.000000e+00
    outer loop
      vertex -7.060268e+01  1.396354e+01  0.000000e+00
      vertex -7.060268e+01  1.396354e+01  1.200000e+01
      vertex -7.000000e+01  1.400000e+01  0.000000e+00
    endloop
  endfacet
  facet normal -6.037765e-02  9.981757e-01  0.000000e+00
    outer loop
      vertex -7.000000e+01  1.400000e+01  0.000000e+00
      vertex -7.060268e+01  1.396354e+01  1.200000e+01
      vertex -7.000000e+01  1.400000e+01  1.200000e+01
    endloop
  endfacet
  facet normal  9.981756e-01  6.037854e-02  -0.000000e+00
    outer loop
      vertex  5.000000e+00  9.000000e+00  1.200000e+01
      vertex  5.000000e+00  9.000000e+00  0.000000e+00
      vertex  4.963544e+00  9.602683e+00  1.200000e+01
    endloop
  endfacet
  facet normal  9.981756e-01  6.037854e-02  0.000000e+00
    outer loop
      vertex  4.963544e+00  9.602683e+00  1.200000e+01
      vertex  5.000000e+00  9.000000e+00  0.000000e+00
      vertex  4.963544e+00  9.602683e+00  0.000000e+00
    endloop
  endfacet
  facet normal  9.836199e-01  1.802549e-01  -0.000000e+00
    outer loop
      vertex  4.963544e+00  9.602683e+00  1.200000e+01
      vertex  4.963544e+00  9.602683e+00  0.000000e+00
      vertex  4.854709e+00  1.019658e+01  1.200000e+01
    endloop
  endfacet
  facet normal  9.836199e-01  1.802549e-01  0.000000e+00
    outer loop
      vertex  4.854709e+00  1.019658e+01  1.200000e+01
      vertex  4.963544e+00  9.602683e+00  0.000000e+00
      vertex  4.854709e+00  1.019658e+01  0.000000e+00
    endloop
  endfacet
  facet normal  9.547209e-01  2.975029e-01  -0.000000e+00
    outer loop
      vertex  4.854709e+00  1.019658e+01  1.200000e+01
      vertex  4.854709e+00  1.019658e+01  0.000000e+00
      vertex  4.675081e+00  1.077302e+01  1.200000e+01
    endloop
  endfacet
  facet normal  9.547209e-01  2.975029e-01  0.000000e+00
    outer loop
      vertex  4.675081e+00  1.077302e+01  1.200000e+01
      vertex  4.854709e+00  1.019658e+01  0.000000e+00
      vertex  4.675081e+00  1.077302e+01  0.000000e+00
    endloop
  endfacet
  facet normal  9.118997e-01  4.104131e-01  -0.000000e+00
    outer loop
      vertex  4.675081e+00  1.077302e+01  1.200000e+01
      vertex  4.675081e+00  1.077302e+01  0.000000e+00
      vertex  4.427280e+00  1.132362e+01  1.200000e+01
    endloop
  endfacet
  facet normal  9.118997e-01  4.104131e-01  0.000000e+00
    outer loop
      vertex  4.427280e+00  1.132362e+01  1.200000e+01
      vertex  4.675081e+00  1.077302e+01  0.000000e+00
      vertex  4.427280e+00  1.132362e+01  0.000000e+00
    endloop
  endfacet
  facet normal  8.557811e-01  5.173381e-01  -0.000000e+00
    outer loop
      vertex  4.427280e+00  1.132362e+01  1.200000e+01
      vertex  4.427280e+00  1.132362e+01  0.000000e+00
      vertex  4.114919e+00  1.184032e+01  1.200000e+01
    endloop
  endfacet
  facet normal  8.557811e-01  5.173381e-01  0.000000e+00
    outer loop
      vertex  4.114919e+00  1.184032e+01  1.200000e+01
      vertex  4.427280e+00  1.132362e+01  0.000000e+00
      vertex  4.114919e+00  1.184032e+01  0.000000e+00
    endloop
  endfacet
  facet normal  7.871841e-01  6.167182e-01  -0.000000e+00
    outer loop
      vertex  4.114919e+00  1.184032e+01  1.200000e+01
      vertex  4.114919e+00  1.184032e+01  0.000000e+00
      vertex  3.742554e+00  1.231561e+01  1.200000e+01
    endloop
  endfacet
  facet normal  7.871841e-01  6.167182e-01  0.000000e+00
    outer loop
      vertex  3.742554e+00  1.231561e+01  1.200000e+01
      vertex  4.114919e+00  1.184032e+01  0.000000e+00
      vertex  3.742554e+00  1.231561e+01  0.000000e+00
    endloop
  endfacet
  facet normal  7.071064e-01  7.071072e-01  -0.000000e+00
    outer loop
      vertex  3.742554e+00  1.231561e+01  1.200000e+01
      vertex  3.742554e+00  1.231561e+01  0.000000e+00
      vertex  3.315613e+00  1.274255e+01  1.200000e+01
    endloop
  endfacet
  facet normal  7.071064e-01  7.071072e-01  0.000000e+00
    outer loop
      vertex  3.315613e+00  1.274255e+01  1.200000e+01
      vertex  3.742554e+00  1.231561e+01  0.000000e+00
      vertex  3.315613e+00  1.274255e+01  0.000000e+00
    endloop
  endfacet
  facet normal  6.167192e-01  7.871832e-01  -0.000000e+00
    outer loop
      vertex  3.315613e+00  1.274255e+01  1.200000e+01
      vertex  3.315613e+00  1.274255e+01  0.000000e+00
      vertex  2.840324e+00  1.311492e+01  1.200000e+01
    endloop
  endfacet
  facet normal  6.167192e-01  7.871832e-01  0.000000e+00
    outer loop
      vertex  2.840324e+00  1.311492e+01  1.200000e+01
      vertex  3.315613e+00  1.274255e+01  0.000000e+00
      vertex  2.840324e+00  1.311492e+01  0.000000e+00
    endloop
  endfacet
  facet normal  5.173377e-01  8.557813e-01  -0.000000e+00
    outer loop
      vertex  2.840324e+00  1.311492e+01  1.200000e+01
      vertex  2.840324e+00  1.311492e+01  0.000000e+00
      vertex  2.323616e+00  1.342728e+01  1.200000e+01
    endloop
  endfacet
  facet normal  5.173377e-01  8.557813e-01  0.000000e+00
    outer loop
      vertex  2.323616e+00  1.342728e+01  1.200000e+01
      vertex  2.840324e+00  1.311492e+01  0.000000e+00
      vertex  2.323616e+00  1.342728e+01  0.000000e+00
    endloop
  endfacet
  facet normal  4.104125e-01  9.119000e-01  -0.000000e+00
    outer loop
      vertex  2.323616e+00  1.342728e+01  1.200000e+01
      vertex  2.323616e+00  1.342728e+01  0.000000e+00
      vertex  1.773024e+00  1.367508e+01  1.200000e+01
    endloop
  endfacet
  facet normal  4.104125e-01  9.119000e-01  0.000000e+00
    outer loop
      vertex  1.773024e+00  1.367508e+01  1.200000e+01
      vertex  2.323616e+00  1.342728e+01  0.000000e+00
      vertex  1.773024e+00  1.367508e+01  0.000000e+00
    endloop
  endfacet
  facet normal  2.975023e-01  9.547210e-01  -0.000000e+00
    outer loop
      vertex  1.773024e+00  1.367508e+01  1.200000e+01
      vertex  1.773024e+00  1.367508e+01  0.000000e+00
      vertex  1.196578e+00  1.385471e+01  1.200000e+01
    endloop
  endfacet
  facet normal  2.975023e-01  9.547210e-01  0.000000e+00
    outer loop
      vertex  1.196578e+00  1.385471e+01  1.200000e+01
      vertex  1.773024e+00  1.367508e+01  0.000000e+00
      vertex  1.196578e+00  1.385471e+01  0.000000e+00
    endloop
  endfacet
  facet normal  1.802565e-01  9.836197e-01  -0.000000e+00
    outer loop
      vertex  1.196578e+00  1.385471e+01  1.200000e+01
      vertex  1.196578e+00  1.385471e+01  0.000000e+00
      vertex  6.026834e-01  1.396354e+01  1.200000e+01
    endloop
  endfacet
  facet normal  1.802565e-01  9.836197e-01  0.000000e+00
    outer loop
      vertex  6.026834e-01  1.396354e+01  1.200000e+01
      vertex  1.196578e+00  1.385471e+01  0.000000e+00
      vertex  6.026834e-01  1.396354e+01  0.000000e+00
    endloop
  endfacet
  facet normal  6.037771e-02  9.981756e-01  -0.000000e+00
    outer loop
      vertex  6.026834e-01  1.396354e+01  1.200000e+01
      vertex  6.026834e-01  1.396354e+01  0.000000e+00
      vertex  8.881784e-16  1.400000e+01  1.200000e+01
    endloop
  endfacet
  facet normal  6.037771e-02  9.981756e-01 -4.468849e-18
    outer loop
      vertex  8.881784e-16  1.400000e+01  1.200000e+01
      vertex  6.026834e-01  1.396354e+01  0.000000e+00
      vertex  0.000000e+00  1.400000e+01  0.000000e+00
    endloop
  endfacet
  facet normal  1.000000e+00  0.000000e+00  0.000000e+00
    outer loop
      vertex -2.000000e+00 -1.400000e+01  8.886607e+01
      vertex -2.000000e+00 -9.000000e+00  8.886607e+01
      vertex -2.000000e+00 -1.400000e+01  9.200000e+01
    endloop
  endfacet
  facet normal  1.000000e+00  -0.000000e+00  0.000000e+00
    outer loop
      vertex -2.000000e+00 -1.400000e+01  9.200000e+01
      vertex -2.000000e+00 -9.000000e+00  8.886607e+01
      vertex -2.000000e+00 -9.000000e+00  9.200000e+01
    endloop
  endfacet
  facet normal  0.000000e+00  1.000000e+00  0.000000e+00
    outer loop
      vertex -2.000000e+00 -9.000000e+00  9.200000e+01
      vertex -2.421462e+01 -9.000000e+00  9.171023e+01
      vertex -2.328941e+01 -9.000000e+00  9.291040e+01
    endloop
  endfacet
  facet normal  0.000000e+00  1.000000e+00  -0.000000e+00
    outer loop
      vertex -1.197134e+01 -9.000000e+00  8.303809e+01
      vertex -1.258930e+01 -9.000000e+00  8.215533e+01
      vertex -2.884941e+01 -9.000000e+00  8.222871e+01
    endloop
  endfacet
  facet normal  0.000000e+00  1.000000e+00  -0.000000e+00
    outer loop
      vertex  5.329071e-15 -9.000000e+00  5.400000e+01
      vertex -2.230478e+01 -9.000000e+00  5.393768e+01
      vertex -2.328941e+01 -9.000000e+00  5.508960e+01
    endloop
  endfacet
  facet normal  0.000000e+00  1.000000e+00  -0.000000e+00
    outer loop
      vertex  0.000000e+00 -9.000000e+00  9.400000e+01
      vertex -2.000000e+00 -9.000000e+00  9.200000e+01
      vertex -2.328941e+01 -9.000000e+00  9.291040e+01
    endloop
  endfacet
  facet normal  0.000000e+00  9.999999e-01  0.000000e+00
    outer loop
      vertex  0.000000e+00 -9.000000e+00  9.400000e+01
      vertex -2.328941e+01 -9.000000e+00  9.291040e+01
      vertex -2.230478e+01 -9.000000e+00  9.406232e+01
    endloop
  endfacet
  facet normal  -0.000000e+00  1.000000e+00  0.000000e+00
    outer loop
      vertex  0.000000e+00 -9.000000e+00  9.400000e+01
      vertex -2.230478e+01 -9.000000e+00  9.406232e+01
      vertex -2.126324e+01 -9.000000e+00  9.516306e+01
    endloop
  endfacet
  facet normal  -0.000000e+00  9.999999e-01  0.000000e+00
    outer loop
      vertex  0.000000e+00 -9.000000e+00  9.400000e+01
      vertex -2.126324e+01 -9.000000e+00  9.516306e+01
      vertex -2.016744e+01 -9.000000e+00  9.620979e+01
    endloop
  endfacet
  facet normal  -0.000000e+00  1.000000e+00  0.000000e+00
    outer loop
      vertex  0.000000e+00 -9.000000e+00  9.400000e+01
      vertex -2.016744e+01 -9.000000e+00  9.620979e+01
      vertex -1.902018e+01 -9.000000e+00  9.719984e+01
    endloop
  endfacet
  facet normal  -0.000000e+00  1.000000e+00  0.000000e+00
    outer loop
      vertex  0.000000e+00 -9.000000e+00  9.400000e+01
      vertex -1.902018e+01 -9.000000e+00  9.719984e+01
      vertex -1.782439e+01 -9.000000e+00  9.813071e+01
    endloop
  endfacet
  facet normal  -0.000000e+00  1.000000e+00  0.000000e+00
    outer loop
      vertex  0.000000e+00 -9.000000e+00  9.400000e+01
      vertex -1.782439e+01 -9.000000e+00  9.813071e+01
      vertex -1.658312e+01 -9.000000e+00  9.900000e+01
    endloop
  endfacet
  facet normal  -0.000000e+00  1.000000e+00  0.000000e+00
    outer loop
      vertex  0.000000e+00 -9.000000e+00  9.400000e+01
      vertex -1.658312e+01 -9.000000e+00  9.900000e+01
      vertex  3.552714e-15 -9.000000e+00  9.900000e+01
    endloop
  endfacet
  facet normal  0.000000e+00  1.000000e+00  0.000000e+00
    outer loop
      vertex -2.000000e+00 -9.000000e+00  8.886607e+01
      vertex -2.661088e+01 -9.000000e+00  8.785140e+01
      vertex -2.587747e+01 -9.000000e+00  8.917750e+01
    endloop
  endfacet
  facet normal  -0.000000e+00  9.999999e-01  0.000000e+00
    outer loop
      vertex -2.000000e+00 -9.000000e+00  8.886607e+01
      vertex -2.587747e+01 -9.000000e+00  8.917750e+01
      vertex -2.507804e+01 -9.000000e+00  9.046487e+01
    endloop
  endfacet
  facet normal  -0.000000e+00  1.000000e+00  0.000000e+00
    outer loop
      vertex -2.000000e+00 -9.000000e+00  8.886607e+01
      vertex -2.507804e+01 -9.000000e+00  9.046487e+01
      vertex -2.421462e+01 -9.000000e+00  9.171023e+01
    endloop
  endfacet
  facet normal  -0.000000e+00  1.000000e+00  0.000000e+00
    outer loop
      vertex -2.000000e+00 -9.000000e+00  8.886607e+01
      vertex -2.421462e+01 -9.000000e+00  9.171023e+01
      vertex -2.000000e+00 -9.000000e+00  9.200000e+01
    endloop
  endfacet
  facet normal  0.000000e+00  1.000000e+00  0.000000e+00
    outer loop
      vertex -2.661088e+01 -9.000000e+00  8.785140e+01
      vertex -2.000000e+00 -9.000000e+00  8.886607e+01
      vertex -3.062096e+00 -9.000000e+00  8.868413e+01
    endloop
  endfacet
  facet normal  0.000000e+00  1.000000e+00  0.000000e+00
    outer loop
      vertex -2.661088e+01 -9.000000e+00  8.785140e+01
      vertex -3.062096e+00 -9.000000e+00  8.868413e+01
      vertex -4.108389e+00 -9.000000e+00  8.842641e+01
    endloop
  endfacet
  facet normal  0.000000e+00  1.000000e+00  0.000000e+00
    outer loop
      vertex -2.661088e+01 -9.000000e+00  8.785140e+01
      vertex -4.108389e+00 -9.000000e+00  8.842641e+01
      vertex -5.133480e+00 -9.000000e+00  8.809423e+01
    endloop
  endfacet
  facet normal  0.000000e+00  1.000000e+00  0.000000e+00
    outer loop
      vertex -2.661088e+01 -9.000000e+00  8.785140e+01
      vertex -5.133480e+00 -9.000000e+00  8.809423e+01
      vertex -6.132079e+00 -9.000000e+00  8.768932e+01
    endloop
  endfacet
  facet normal  0.000000e+00  1.000000e+00  0.000000e+00
    outer loop
      vertex -2.661088e+01 -9.000000e+00  8.785140e+01
      vertex -6.132079e+00 -9.000000e+00  8.768932e+01
      vertex -7.099032e+00 -9.000000e+00  8.721377e+01
    endloop
  endfacet
  facet normal  0.000000e+00  9.999999e-01  0.000000e+00
    outer loop
      vertex -2.661088e+01 -9.000000e+00  8.785140e+01
      vertex -7.099032e+00 -9.000000e+00  8.721377e+01
      vertex -2.727638e+01 -9.000000e+00  8.648996e+01
    endloop
  endfacet
  facet normal  -0.000000e+00  1.000000e+00  0.000000e+00
    outer loop
      vertex -2.587747e+01 -9.000000e+00  5.882250e+01
      vertex -2.661088e+01 -9.000000e+00  6.014860e+01
      vertex -6.132079e+00 -9.000000e+00  6.031068e+01
    endloop
  endfacet
  facet normal  0.000000e+00  1.000000e+00  0.000000e+00
    outer loop
      vertex -2.587747e+01 -9.000000e+00  5.882250e+01
      vertex -6.132079e+00 -9.000000e+00  6.031068e+01
      vertex -5.133480e+00 -9.000000e+00  5.990577e+01
    endloop
  endfacet
  facet normal  0.000000e+00  1.000000e+00  0.000000e+00
    outer loop
      vertex -2.587747e+01 -9.000000e+00  5.882250e+01
      vertex -5.133480e+00 -9.000000e+00  5.990577e+01
      vertex -4.108389e+00 -9.000000e+00  5.957360e+01
    endloop
  endfacet
  facet normal  0.000000e+00  1.000000e+00  0.000000e+00
    outer loop
      vertex -2.587747e+01 -9.000000e+00  5.882250e+01
      vertex -4.108389e+00 -9.000000e+00  5.957360e+01
      vertex -3.062096e+00 -9.000000e+00  5.931587e+01
    endloop
  endfacet
  facet normal  0.000000e+00  1.000000e+00  0.000000e+00
    outer loop
      vertex -2.587747e+01 -9.000000e+00  5.882250e+01
      vertex -3.062096e+00 -9.000000e+00  5.931587e+01
      vertex -2.000000e+00 -9.000000e+00  5.913393e+01
    endloop
  endfacet
  facet normal  0.000000e+00  1.000000e+00  0.000000e+00
    outer loop
      vertex -2.000000e+00 -9.000000e+00  5.600000e+01
      vertex  5.329071e-15 -9.000000e+00  5.400000e+01
      vertex -2.328941e+01 -9.000000e+00  5.508960e+01
    endloop
  endfacet
  facet normal  0.000000e+00  9.999999e-01  -0.000000e+00
    outer loop
      vertex -2.000000e+00 -9.000000e+00  5.600000e+01
      vertex -2.328941e+01 -9.000000e+00  5.508960e+01
      vertex -2.421462e+01 -9.000000e+00  5.628977e+01
    endloop
  endfacet
  facet normal  -0.000000e+00  1.000000e+00  -0.000000e+00
    outer loop
      vertex -2.000000e+00 -9.000000e+00  5.600000e+01
      vertex -2.421462e+01 -9.000000e+00  5.628977e+01
      vertex -2.507804e+01 -9.000000e+00  5.753513e+01
    endloop
  endfacet
  facet normal  -0.000000e+00  1.000000e+00  -0.000000e+00
    outer loop
      vertex -2.000000e+00 -9.000000e+00  5.600000e+01
      vertex -2.507804e+01 -9.000000e+00  5.753513e+01
      vertex -2.587747e+01 -9.000000e+00  5.882250e+01
    endloop
  endfacet
  facet normal  -0.000000e+00  1.000000e+00  0.000000e+00
    outer loop
      vertex -2.000000e+00 -9.000000e+00  5.600000e+01
      vertex -2.587747e+01 -9.000000e+00  5.882250e+01
      vertex -2.000000e+00 -9.000000e+00  5.913393e+01
    endloop
  endfacet
  facet normal  0.000000e+00  1.000000e+00  -0.000000e+00
    outer loop
      vertex  0.000000e+00 -9.000000e+00  4.900000e+01
      vertex -1.658312e+01 -9.000000e+00  4.900000e+01
      vertex -1.782439e+01 -9.000000e+00  4.986929e+01
    endloop
  endfacet
  facet normal  -0.000000e+00  1.000000e+00  -0.000000e+00
    outer loop
      vertex  0.000000e+00 -9.000000e+00  4.900000e+01
      vertex -1.782439e+01 -9.000000e+00  4.986929e+01
      vertex -1.902018e+01 -9.000000e+00  5.080016e+01
    endloop
  endfacet
  facet normal  -0.000000e+00  1.000000e+00  -0.000000e+00
    outer loop
      vertex  0.000000e+00 -9.000000e+00  4.900000e+01
      vertex -1.902018e+01 -9.000000e+00  5.080016e+01
      vertex -2.016744e+01 -9.000000e+00  5.179022e+01
    endloop
  endfacet
  facet normal  -0.000000e+00  1.000000e+00  -0.000000e+00
    outer loop
      vertex  0.000000e+00 -9.000000e+00  4.900000e+01
      vertex -2.016744e+01 -9.000000e+00  5.179022e+01
      vertex -2.126324e+01 -9.000000e+00  5.283695e+01
    endloop
  endfacet
  facet normal  -0.000000e+00  1.000000e+00  -0.000000e+00
    outer loop
      vertex  0.000000e+00 -9.000000e+00  4.900000e+01
      vertex -2.126324e+01 -9.000000e+00  5.283695e+01
      vertex -2.230478e+01 -9.000000e+00  5.393768e+01
    endloop
  endfacet
  facet normal  -0.000000e+00  1.000000e+00  0.000000e+00
    outer loop
      vertex  0.000000e+00 -9.000000e+00  4.900000e+01
      vertex -2.230478e+01 -9.000000e+00  5.393768e+01
      vertex  5.329071e-15 -9.000000e+00  5.400000e+01
    endloop
  endfacet
  facet normal  0.000000e+00  1.000000e+00  0.000000e+00
    outer loop
      vertex -8.918230e+00 -9.000000e+00  8.606090e+01
      vertex -2.787229e+01 -9.000000e+00  8.509665e+01
      vertex -8.029349e+00 -9.000000e+00  8.667003e+01
    endloop
  endfacet
  facet normal  0.000000e+00  1.000000e+00  0.000000e+00
    outer loop
      vertex -8.029349e+00 -9.000000e+00  8.667003e+01
      vertex -2.787229e+01 -9.000000e+00  8.509665e+01
      vertex -2.727638e+01 -9.000000e+00  8.648996e+01
    endloop
  endfacet
  facet normal  0.000000e+00  1.000000e+00  0.000000e+00
    outer loop
      vertex -8.029349e+00 -9.000000e+00  8.667003e+01
      vertex -2.727638e+01 -9.000000e+00  8.648996e+01
      vertex -7.099032e+00 -9.000000e+00  8.721377e+01
    endloop
  endfacet
  facet normal  0.000000e+00  1.000000e+00  0.000000e+00
    outer loop
      vertex -1.055357e+01 -9.000000e+00  8.465937e+01
      vertex -2.839708e+01 -9.000000e+00  8.367503e+01
      vertex -9.761087e+00 -9.000000e+00  8.538952e+01
    endloop
  endfacet
  facet normal  0.000000e+00  9.999999e-01  0.000000e+00
    outer loop
      vertex -9.761087e+00 -9.000000e+00  8.538952e+01
      vertex -2.839708e+01 -9.000000e+00  8.367503e+01
      vertex -2.787229e+01 -9.000000e+00  8.509665e+01
    endloop
  endfacet
  facet normal  0.000000e+00  1.000000e+00  0.000000e+00
    outer loop
      vertex -9.761087e+00 -9.000000e+00  8.538952e+01
      vertex -2.787229e+01 -9.000000e+00  8.509665e+01
      vertex -8.918230e+00 -9.000000e+00  8.606090e+01
    endloop
  endfacet
  facet normal  0.000000e+00  1.000000e+00  0.000000e+00
    outer loop
      vertex -1.197134e+01 -9.000000e+00  8.303809e+01
      vertex -2.884941e+01 -9.000000e+00  8.222871e+01
      vertex -1.129159e+01 -9.000000e+00  8.387421e+01
    endloop
  endfacet
  facet normal  0.000000e+00  1.000000e+00  0.000000e+00
    outer loop
      vertex -1.129159e+01 -9.000000e+00  8.387421e+01
      vertex -2.884941e+01 -9.000000e+00  8.222871e+01
      vertex -2.839708e+01 -9.000000e+00  8.367503e+01
    endloop
  endfacet
  facet normal  0.000000e+00  1.000000e+00  0.000000e+00
    outer loop
      vertex -1.129159e+01 -9.000000e+00  8.387421e+01
      vertex -2.839708e+01 -9.000000e+00  8.367503e+01
      vertex -1.055357e+01 -9.000000e+00  8.465937e+01
    endloop
  endfacet
  facet normal  0.000000e+00  1.000000e+00  0.000000e+00
    outer loop
      vertex -2.884941e+01 -9.000000e+00  8.222871e+01
      vertex -1.258930e+01 -9.000000e+00  8.215533e+01
      vertex -2.922813e+01 -9.000000e+00  8.076141e+01
    endloop
  endfacet
  facet normal  0.000000e+00  1.000000e+00  0.000000e+00
    outer loop
      vertex -2.922813e+01 -9.000000e+00  8.076141e+01
      vertex -1.258930e+01 -9.000000e+00  8.215533e+01
      vertex -1.314230e+01 -9.000000e+00  8.123048e+01
    endloop
  endfacet
  facet normal  0.000000e+00  1.000000e+00  0.000000e+00
    outer loop
      vertex -2.922813e+01 -9.000000e+00  8.076141e+01
      vertex -1.314230e+01 -9.000000e+00  8.123048e+01
      vertex -2.953227e+01 -9.000000e+00  7.927685e+01
    endloop
  endfacet
  facet normal  0.000000e+00  1.000000e+00  0.000000e+00
    outer loop
      vertex -2.953227e+01 -9.000000e+00  7.927685e+01
      vertex -1.314230e+01 -9.000000e+00  8.123048e+01
      vertex -1.362748e+01 -9.000000e+00  8.026832e+01
    endloop
  endfacet
  facet normal  0.000000e+00  1.000000e+00  0.000000e+00
    outer loop
      vertex -2.953227e+01 -9.000000e+00  7.927685e+01
      vertex -1.362748e+01 -9.000000e+00  8.026832e+01
      vertex -1.404233e+01 -9.000000e+00  7.927381e+01
    endloop
  endfacet
  facet normal  0.000000e+00  1.000000e+00  0.000000e+00
    outer loop
      vertex -2.953227e+01 -9.000000e+00  7.927685e+01
      vertex -1.404233e+01 -9.000000e+00  7.927381e+01
      vertex -2.976106e+01 -9.000000e+00  7.777882e+01
    endloop
  endfacet
  facet normal  0.000000e+00  1.000000e+00  0.000000e+00
    outer loop
      vertex -2.976106e+01 -9.000000e+00  7.777882e+01
      vertex -1.404233e+01 -9.000000e+00  7.927381e+01
      vertex -1.438471e+01 -9.000000e+00  7.825208e+01
    endloop
  endfacet
  facet normal  0.000000e+00  1.000000e+00  0.000000e+00
    outer loop
      vertex -2.976106e+01 -9.000000e+00  7.777882e+01
      vertex -1.438471e+01 -9.000000e+00  7.825208e+01
      vertex -2.991391e+01 -9.000000e+00  7.627116e+01
    endloop
  endfacet
  facet normal  0.000000e+00  1.000000e+00  0.000000e+00
    outer loop
      vertex -2.991391e+01 -9.000000e+00  7.627116e+01
      vertex -1.438471e+01 -9.000000e+00  7.825208e+01
      vertex -1.465285e+01 -9.000000e+00  7.720841e+01
    endloop
  endfacet
  facet normal  0.000000e+00  1.000000e+00  0.000000e+00
    outer loop
      vertex -2.991391e+01 -9.000000e+00  7.627116e+01
      vertex -1.465285e+01 -9.000000e+00  7.720841e+01
      vertex -1.484538e+01 -9.000000e+00  7.614819e+01
    endloop
  endfacet
  facet normal  0.000000e+00  1.000000e+00  0.000000e+00
    outer loop
      vertex -2.991391e+01 -9.000000e+00  7.627116e+01
      vertex -1.484538e+01 -9.000000e+00  7.614819e+01
      vertex -2.999043e+01 -9.000000e+00  7.475770e+01
    endloop
  endfacet
  facet normal  0.000000e+00  1.000000e+00  0.000000e+00
    outer loop
      vertex -2.999043e+01 -9.000000e+00  7.475770e+01
      vertex -1.484538e+01 -9.000000e+00  7.614819e+01
      vertex -1.496130e+01 -9.000000e+00  7.507687e+01
    endloop
  endfacet
  facet normal  0.000000e+00  9.999999e-01  0.000000e+00
    outer loop
      vertex -2.999043e+01 -9.000000e+00  7.475770e+01
      vertex -1.496130e+01 -9.000000e+00  7.507687e+01
      vertex -2.999043e+01 -9.000000e+00  7.324230e+01
    endloop
  endfacet
  facet normal  0.000000e+00  1.000000e+00  0.000000e+00
    outer loop
      vertex -2.999043e+01 -9.000000e+00  7.324230e+01
      vertex -1.496130e+01 -9.000000e+00  7.507687e+01
      vertex -1.500000e+01 -9.000000e+00  7.400000e+01
    endloop
  endfacet
  facet normal  0.000000e+00  1.000000e+00  0.000000e+00
    outer loop
      vertex -2.999043e+01 -9.000000e+00  7.324230e+01
      vertex -1.500000e+01 -9.000000e+00  7.400000e+01
      vertex -1.496130e+01 -9.000000e+00  7.292313e+01
    endloop
  endfacet
  facet normal  0.000000e+00  1.000000e+00  0.000000e+00
    outer loop
      vertex -2.999043e+01 -9.000000e+00  7.324230e+01
      vertex -1.496130e+01 -9.000000e+00  7.292313e+01
      vertex -2.991391e+01 -9.000000e+00  7.172884e+01
    endloop
  endfacet
  facet normal  0.000000e+00  1.000000e+00  0.000000e+00
    outer loop
      vertex -2.991391e+01 -9.000000e+00  7.172884e+01
      vertex -1.496130e+01 -9.000000e+00  7.292313e+01
      vertex -1.484538e+01 -9.000000e+00  7.185181e+01
    endloop
  endfacet
  facet normal  0.000000e+00  1.000000e+00  0.000000e+00
    outer loop
      vertex -2.991391e+01 -9.000000e+00  7.172884e+01
      vertex -1.484538e+01 -9.000000e+00  7.185181e+01
      vertex -2.976106e+01 -9.000000e+00  7.022118e+01
    endloop
  endfacet
  facet normal  0.000000e+00  1.000000e+00  0.000000e+00
    outer loop
      vertex -2.976106e+01 -9.000000e+00  7.022118e+01
      vertex -1.484538e+01 -9.000000e+00  7.185181e+01
      vertex -1.465285e+01 -9.000000e+00  7.079159e+01
    endloop
  endfacet
  facet normal  0.000000e+00  9.999999e-01  0.000000e+00
    outer loop
      vertex -2.976106e+01 -9.000000e+00  7.022118e+01
      vertex -1.465285e+01 -9.000000e+00  7.079159e+01
      vertex -1.438471e+01 -9.000000e+00  6.974792e+01
    endloop
  endfacet
  facet normal  0.000000e+00  9.999999e-01  0.000000e+00
    outer loop
      vertex -2.976106e+01 -9.000000e+00  7.022118e+01
      vertex -1.438471e+01 -9.000000e+00  6.974792e+01
      vertex -2.953227e+01 -9.000000e+00  6.872315e+01
    endloop
  endfacet
  facet normal  0.000000e+00  1.000000e+00  0.000000e+00
    outer loop
      vertex -2.953227e+01 -9.000000e+00  6.872315e+01
      vertex -1.438471e+01 -9.000000e+00  6.974792e+01
      vertex -1.404233e+01 -9.000000e+00  6.872619e+01
    endloop
  endfacet
  facet normal  0.000000e+00  9.999999e-01  0.000000e+00
    outer loop
      vertex -2.953227e+01 -9.000000e+00  6.872315e+01
      vertex -1.404233e+01 -9.000000e+00  6.872619e+01
      vertex -2.922813e+01 -9.000000e+00  6.723859e+01
    endloop
  endfacet
  facet normal  0.000000e+00  1.000000e+00  0.000000e+00
    outer loop
      vertex -2.922813e+01 -9.000000e+00  6.723859e+01
      vertex -1.404233e+01 -9.000000e+00  6.872619e+01
      vertex -1.362748e+01 -9.000000e+00  6.773168e+01
    endloop
  endfacet
  facet normal  0.000000e+00  1.000000e+00  0.000000e+00
    outer loop
      vertex -2.922813e+01 -9.000000e+00  6.723859e+01
      vertex -1.362748e+01 -9.000000e+00  6.773168e+01
      vertex -1.314230e+01 -9.000000e+00  6.676952e+01
    endloop
  endfacet
  facet normal  0.000000e+00  1.000000e+00  0.000000e+00
    outer loop
      vertex -2.922813e+01 -9.000000e+00  6.723859e+01
      vertex -1.314230e+01 -9.000000e+00  6.676952e+01
      vertex -2.884941e+01 -9.000000e+00  6.577129e+01
    endloop
  endfacet
  facet normal  0.000000e+00  9.999999e-01  0.000000e+00
    outer loop
      vertex -2.884941e+01 -9.000000e+00  6.577129e+01
      vertex -1.314230e+01 -9.000000e+00  6.676952e+01
      vertex -1.258930e+01 -9.000000e+00  6.584467e+01
    endloop
  endfacet
  facet normal  0.000000e+00  1.000000e+00  0.000000e+00
    outer loop
      vertex -2.884941e+01 -9.000000e+00  6.577129e+01
      vertex -1.258930e+01 -9.000000e+00  6.584467e+01
      vertex -2.839708e+01 -9.000000e+00  6.432497e+01
    endloop
  endfacet
  facet normal  0.000000e+00  1.000000e+00  0.000000e+00
    outer loop
      vertex -2.839708e+01 -9.000000e+00  6.432497e+01
      vertex -1.258930e+01 -9.000000e+00  6.584467e+01
      vertex -1.197134e+01 -9.000000e+00  6.496191e+01
    endloop
  endfacet
  facet normal  0.000000e+00  1.000000e+00  0.000000e+00
    outer loop
      vertex -2.839708e+01 -9.000000e+00  6.432497e+01
      vertex -1.197134e+01 -9.000000e+00  6.496191e+01
      vertex -1.129159e+01 -9.000000e+00  6.412579e+01
    endloop
  endfacet
  facet normal  0.000000e+00  1.000000e+00  0.000000e+00
    outer loop
      vertex -2.839708e+01 -9.000000e+00  6.432497e+01
      vertex -1.129159e+01 -9.000000e+00  6.412579e+01
      vertex -2.787229e+01 -9.000000e+00  6.290335e+01
    endloop
  endfacet
  facet normal  0.000000e+00  1.000000e+00  0.000000e+00
    outer loop
      vertex -2.787229e+01 -9.000000e+00  6.290335e+01
      vertex -1.129159e+01 -9.000000e+00  6.412579e+01
      vertex -1.055357e+01 -9.000000e+00  6.334063e+01
    endloop
  endfacet
  facet normal  0.000000e+00  1.000000e+00  0.000000e+00
    outer loop
      vertex -2.787229e+01 -9.000000e+00  6.290335e+01
      vertex -1.055357e+01 -9.000000e+00  6.334063e+01
      vertex -9.761087e+00 -9.000000e+00  6.261048e+01
    endloop
  endfacet
  facet normal  0.000000e+00  1.000000e+00  0.000000e+00
    outer loop
      vertex -2.787229e+01 -9.000000e+00  6.290335e+01
      vertex -9.761087e+00 -9.000000e+00  6.261048e+01
      vertex -2.727638e+01 -9.000000e+00  6.151004e+01
    endloop
  endfacet
  facet normal  0.000000e+00  1.000000e+00  0.000000e+00
    outer loop
      vertex -2.727638e+01 -9.000000e+00  6.151004e+01
      vertex -9.761087e+00 -9.000000e+00  6.261048e+01
      vertex -8.918230e+00 -9.000000e+00  6.193911e+01
    endloop
  endfacet
  facet normal  0.000000e+00  1.000000e+00  0.000000e+00
    outer loop
      vertex -2.727638e+01 -9.000000e+00  6.151004e+01
      vertex -8.918230e+00 -9.000000e+00  6.193911e+01
      vertex -8.029349e+00 -9.000000e+00  6.132998e+01
    endloop
  endfacet
  facet normal  0.000000e+00  1.000000e+00  0.000000e+00
    outer loop
      vertex -2.727638e+01 -9.000000e+00  6.151004e+01
      vertex -8.029349e+00 -9.000000e+00  6.132998e+01
      vertex -2.661088e+01 -9.000000e+00  6.014860e+01
    endloop
  endfacet
  facet normal  0.000000e+00  1.000000e+00  0.000000e+00
    outer loop
      vertex -2.661088e+01 -9.000000e+00  6.014860e+01
      vertex -8.029349e+00 -9.000000e+00  6.132998e+01
      vertex -7.099032e+00 -9.000000e+00  6.078623e+01
    endloop
  endfacet
  facet normal  0.000000e+00  1.000000e+00  0.000000e+00
    outer loop
      vertex -2.661088e+01 -9.000000e+00  6.014860e+01
      vertex -7.099032e+00 -9.000000e+00  6.078623e+01
      vertex -6.132079e+00 -9.000000e+00  6.031068e+01
    endloop
  endfacet
  facet normal  0.000000e+00 -1.000000e+00  0.000000e+00
    outer loop
      vertex -8.029349e+00 -1.400000e+01  8.667003e+01
      vertex -7.099032e+00 -1.400000e+01  8.721377e+01
      vertex -3.608817e+01 -1.400000e+01  8.590142e+01
    endloop
  endfacet
  facet normal  0.000000e+00 -1.000000e+00  0.000000e+00
    outer loop
      vertex -1.055357e+01 -1.400000e+01  8.465937e+01
      vertex -9.761087e+00 -1.400000e+01  8.538952e+01
      vertex -3.659223e+01 -1.400000e+01  8.424737e+01
    endloop
  endfacet
  facet normal  0.000000e+00 -1.000000e+00  0.000000e+00
    outer loop
      vertex -3.702052e+01 -1.400000e+01  8.257209e+01
      vertex -1.258930e+01 -1.400000e+01  8.215533e+01
      vertex -1.197134e+01 -1.400000e+01  8.303809e+01
    endloop
  endfacet
  facet normal  0.000000e+00 -1.000000e+00  0.000000e+00
    outer loop
      vertex -3.608817e+01 -1.400000e+01  6.209858e+01
      vertex -8.918230e+00 -1.400000e+01  6.193911e+01
      vertex -9.761087e+00 -1.400000e+01  6.261048e+01
    endloop
  endfacet
  facet normal  0.000000e+00 -1.000000e+00  0.000000e+00
    outer loop
      vertex -3.550939e+01 -1.400000e+01  6.046917e+01
      vertex -6.132079e+00 -1.400000e+01  6.031068e+01
      vertex -7.099032e+00 -1.400000e+01  6.078623e+01
    endloop
  endfacet
  facet normal  -0.000000e+00 -1.000000e+00  -0.000000e+00
    outer loop
      vertex -2.000000e+00 -1.400000e+01  8.886607e+01
      vertex -2.000000e+00 -1.400000e+01  9.200000e+01
      vertex -3.333743e+01 -1.400000e+01  9.223776e+01
    endloop
  endfacet
  facet normal  0.000000e+00 -1.000000e+00  -0.000000e+00
    outer loop
      vertex -2.000000e+00 -1.400000e+01  8.886607e+01
      vertex -3.333743e+01 -1.400000e+01  9.223776e+01
      vertex -3.413259e+01 -1.400000e+01  9.070229e+01
    endloop
  endfacet
  facet normal  0.000000e+00 -1.000000e+00  -0.000000e+00
    outer loop
      vertex -2.000000e+00 -1.400000e+01  8.886607e+01
      vertex -3.413259e+01 -1.400000e+01  9.070229e+01
      vertex -3.485708e+01 -1.400000e+01  8.913223e+01
    endloop
  endfacet
  facet normal  0.000000e+00 -1.000000e+00  -0.000000e+00
    outer loop
      vertex -2.000000e+00 -1.400000e+01  8.886607e+01
      vertex -3.485708e+01 -1.400000e+01  8.913223e+01
      vertex -3.550939e+01 -1.400000e+01  8.753083e+01
    endloop
  endfacet
  facet normal  -0.000000e+00 -1.000000e+00  0.000000e+00
    outer loop
      vertex -2.220446e-16 -1.400000e+01  9.400000e+01
      vertex  0.000000e+00 -1.400000e+01  1.060000e+02
      vertex -2.049390e+01 -1.400000e+01  1.060000e+02
    endloop
  endfacet
  facet normal  0.000000e+00 -1.000000e+00  -0.000000e+00
    outer loop
      vertex -2.220446e-16 -1.400000e+01  9.400000e+01
      vertex -2.049390e+01 -1.400000e+01  1.060000e+02
      vertex -2.192844e+01 -1.400000e+01  1.050346e+02
    endloop
  endfacet
  facet normal  0.000000e+00 -1.000000e+00  -0.000000e+00
    outer loop
      vertex -2.220446e-16 -1.400000e+01  9.400000e+01
      vertex -2.192844e+01 -1.400000e+01  1.050346e+02
      vertex -2.331757e+01 -1.400000e+01  1.040049e+02
    endloop
  endfacet
  facet normal  0.000000e+00 -1.000000e+00  -0.000000e+00
    outer loop
      vertex -2.220446e-16 -1.400000e+01  9.400000e+01
      vertex -2.331757e+01 -1.400000e+01  1.040049e+02
      vertex -2.465841e+01 -1.400000e+01  1.029130e+02
    endloop
  endfacet
  facet normal  0.000000e+00 -1.000000e+00  -0.000000e+00
    outer loop
      vertex -2.220446e-16 -1.400000e+01  9.400000e+01
      vertex -2.465841e+01 -1.400000e+01  1.029130e+02
      vertex -2.594820e+01 -1.400000e+01  1.017613e+02
    endloop
  endfacet
  facet normal  0.000000e+00 -1.000000e+00  -0.000000e+00
    outer loop
      vertex -2.220446e-16 -1.400000e+01  9.400000e+01
      vertex -2.594820e+01 -1.400000e+01  1.017613e+02
      vertex -2.718426e+01 -1.400000e+01  1.005521e+02
    endloop
  endfacet
  facet normal  0.000000e+00 -1.000000e+00  -0.000000e+00
    outer loop
      vertex -2.220446e-16 -1.400000e+01  9.400000e+01
      vertex -2.718426e+01 -1.400000e+01  1.005521e+02
      vertex -2.836403e+01 -1.400000e+01  9.928797e+01
    endloop
  endfacet
  facet normal  0.000000e+00 -1.000000e+00  -0.000000e+00
    outer loop
      vertex -2.220446e-16 -1.400000e+01  9.400000e+01
      vertex -2.836403e+01 -1.400000e+01  9.928797e+01
      vertex -2.948507e+01 -1.400000e+01  9.797145e+01
    endloop
  endfacet
  facet normal  0.000000e+00 -9.999999e-01  -0.000000e+00
    outer loop
      vertex -2.220446e-16 -1.400000e+01  9.400000e+01
      vertex -2.948507e+01 -1.400000e+01  9.797145e+01
      vertex -3.054506e+01 -1.400000e+01  9.660529e+01
    endloop
  endfacet
  facet normal  0.000000e+00 -1.000000e+00  -0.000000e+00
    outer loop
      vertex -2.220446e-16 -1.400000e+01  9.400000e+01
      vertex -3.054506e+01 -1.400000e+01  9.660529e+01
      vertex -3.154181e+01 -1.400000e+01  9.519232e+01
    endloop
  endfacet
  facet normal  0.000000e+00 -9.999999e-01  -0.000000e+00
    outer loop
      vertex -2.220446e-16 -1.400000e+01  9.400000e+01
      vertex -3.154181e+01 -1.400000e+01  9.519232e+01
      vertex -3.247324e+01 -1.400000e+01  9.373547e+01
    endloop
  endfacet
  facet normal  0.000000e+00 -1.000000e+00  -0.000000e+00
    outer loop
      vertex -2.220446e-16 -1.400000e+01  9.400000e+01
      vertex -3.247324e+01 -1.400000e+01  9.373547e+01
      vertex -3.333743e+01 -1.400000e+01  9.223776e+01
    endloop
  endfacet
  facet normal  0.000000e+00 -1.000000e+00  0.000000e+00
    outer loop
      vertex -2.220446e-16 -1.400000e+01  9.400000e+01
      vertex -3.333743e+01 -1.400000e+01  9.223776e+01
      vertex -2.000000e+00 -1.400000e+01  9.200000e+01
    endloop
  endfacet
  facet normal  0.000000e+00 -1.000000e+00  0.000000e+00
    outer loop
      vertex -3.550939e+01 -1.400000e+01  8.753083e+01
      vertex -3.608817e+01 -1.400000e+01  8.590142e+01
      vertex -7.099032e+00 -1.400000e+01  8.721377e+01
    endloop
  endfacet
  facet normal  0.000000e+00 -9.999999e-01  0.000000e+00
    outer loop
      vertex -3.550939e+01 -1.400000e+01  8.753083e+01
      vertex -7.099032e+00 -1.400000e+01  8.721377e+01
      vertex -6.132079e+00 -1.400000e+01  8.768932e+01
    endloop
  endfacet
  facet normal  -0.000000e+00 -1.000000e+00  0.000000e+00
    outer loop
      vertex -3.550939e+01 -1.400000e+01  8.753083e+01
      vertex -6.132079e+00 -1.400000e+01  8.768932e+01
      vertex -5.133480e+00 -1.400000e+01  8.809423e+01
    endloop
  endfacet
  facet normal  -0.000000e+00 -1.000000e+00  0.000000e+00
    outer loop
      vertex -3.550939e+01 -1.400000e+01  8.753083e+01
      vertex -5.133480e+00 -1.400000e+01  8.809423e+01
      vertex -4.108389e+00 -1.400000e+01  8.842641e+01
    endloop
  endfacet
  facet normal  -0.000000e+00 -9.999999e-01  0.000000e+00
    outer loop
      vertex -3.550939e+01 -1.400000e+01  8.753083e+01
      vertex -4.108389e+00 -1.400000e+01  8.842641e+01
      vertex -3.062096e+00 -1.400000e+01  8.868413e+01
    endloop
  endfacet
  facet normal  -0.000000e+00 -1.000000e+00  0.000000e+00
    outer loop
      vertex -3.550939e+01 -1.400000e+01  8.753083e+01
      vertex -3.062096e+00 -1.400000e+01  8.868413e+01
      vertex -2.000000e+00 -1.400000e+01  8.886607e+01
    endloop
  endfacet
  facet normal  0.000000e+00 -1.000000e+00  0.000000e+00
    outer loop
      vertex -3.485708e+01 -1.400000e+01  5.886778e+01
      vertex -3.413259e+01 -1.400000e+01  5.729772e+01
      vertex -2.000000e+00 -1.400000e+01  5.600000e+01
    endloop
  endfacet
  facet normal  0.000000e+00 -9.999999e-01  0.000000e+00
    outer loop
      vertex -3.485708e+01 -1.400000e+01  5.886778e+01
      vertex -2.000000e+00 -1.400000e+01  5.600000e+01
      vertex -2.000000e+00 -1.400000e+01  5.913393e+01
    endloop
  endfacet
  facet normal  -0.000000e+00 -1.000000e+00  0.000000e+00
    outer loop
      vertex -3.485708e+01 -1.400000e+01  5.886778e+01
      vertex -2.000000e+00 -1.400000e+01  5.913393e+01
      vertex -3.062096e+00 -1.400000e+01  5.931587e+01
    endloop
  endfacet
  facet normal  -0.000000e+00 -1.000000e+00  0.000000e+00
    outer loop
      vertex -3.485708e+01 -1.400000e+01  5.886778e+01
      vertex -3.062096e+00 -1.400000e+01  5.931587e+01
      vertex -4.108389e+00 -1.400000e+01  5.957360e+01
    endloop
  endfacet
  facet normal  -0.000000e+00 -1.000000e+00  0.000000e+00
    outer loop
      vertex -3.485708e+01 -1.400000e+01  5.886778e+01
      vertex -4.108389e+00 -1.400000e+01  5.957360e+01
      vertex -5.133480e+00 -1.400000e+01  5.990577e+01
    endloop
  endfacet
  facet normal  -0.000000e+00 -9.999999e-01  0.000000e+00
    outer loop
      vertex -3.485708e+01 -1.400000e+01  5.886778e+01
      vertex -5.133480e+00 -1.400000e+01  5.990577e+01
      vertex -6.132079e+00 -1.400000e+01  6.031068e+01
    endloop
  endfacet
  facet normal  -0.000000e+00 -1.000000e+00  0.000000e+00
    outer loop
      vertex -3.485708e+01 -1.400000e+01  5.886778e+01
      vertex -6.132079e+00 -1.400000e+01  6.031068e+01
      vertex -3.550939e+01 -1.400000e+01  6.046917e+01
    endloop
  endfacet
  facet normal  -0.000000e+00 -1.000000e+00  -0.000000e+00
    outer loop
      vertex  0.000000e+00 -1.400000e+01  4.200000e+01
      vertex  0.000000e+00 -1.400000e+01  5.400000e+01
      vertex -3.247324e+01 -1.400000e+01  5.426453e+01
    endloop
  endfacet
  facet normal  0.000000e+00 -1.000000e+00  0.000000e+00
    outer loop
      vertex  0.000000e+00 -1.400000e+01  4.200000e+01
      vertex -3.247324e+01 -1.400000e+01  5.426453e+01
      vertex -3.154181e+01 -1.400000e+01  5.280768e+01
    endloop
  endfacet
  facet normal  0.000000e+00 -1.000000e+00  0.000000e+00
    outer loop
      vertex  0.000000e+00 -1.400000e+01  4.200000e+01
      vertex -3.154181e+01 -1.400000e+01  5.280768e+01
      vertex -3.054506e+01 -1.400000e+01  5.139471e+01
    endloop
  endfacet
  facet normal  0.000000e+00 -9.999999e-01  0.000000e+00
    outer loop
      vertex  0.000000e+00 -1.400000e+01  4.200000e+01
      vertex -3.054506e+01 -1.400000e+01  5.139471e+01
      vertex -2.948507e+01 -1.400000e+01  5.002855e+01
    endloop
  endfacet
  facet normal  0.000000e+00 -9.999999e-01  0.000000e+00
    outer loop
      vertex  0.000000e+00 -1.400000e+01  4.200000e+01
      vertex -2.948507e+01 -1.400000e+01  5.002855e+01
      vertex -2.836403e+01 -1.400000e+01  4.871203e+01
    endloop
  endfacet
  facet normal  0.000000e+00 -1.000000e+00  0.000000e+00
    outer loop
      vertex  0.000000e+00 -1.400000e+01  4.200000e+01
      vertex -2.836403e+01 -1.400000e+01  4.871203e+01
      vertex -2.718426e+01 -1.400000e+01  4.744786e+01
    endloop
  endfacet
  facet normal  0.000000e+00 -9.999999e-01  0.000000e+00
    outer loop
      vertex  0.000000e+00 -1.400000e+01  4.200000e+01
      vertex -2.718426e+01 -1.400000e+01  4.744786e+01
      vertex -2.594820e+01 -1.400000e+01  4.623868e+01
    endloop
  endfacet
  facet normal  0.000000e+00 -1.000000e+00  0.000000e+00
    outer loop
      vertex  0.000000e+00 -1.400000e+01  4.200000e+01
      vertex -2.594820e+01 -1.400000e+01  4.623868e+01
      vertex -2.465841e+01 -1.400000e+01  4.508698e+01
    endloop
  endfacet
  facet normal  0.000000e+00 -1.000000e+00  0.000000e+00
    outer loop
      vertex  0.000000e+00 -1.400000e+01  4.200000e+01
      vertex -2.465841e+01 -1.400000e+01  4.508698e+01
      vertex -2.331757e+01 -1.400000e+01  4.399515e+01
    endloop
  endfacet
  facet normal  0.000000e+00 -9.999999e-01  0.000000e+00
    outer loop
      vertex  0.000000e+00 -1.400000e+01  4.200000e+01
      vertex -2.331757e+01 -1.400000e+01  4.399515e+01
      vertex -2.192844e+01 -1.400000e+01  4.296544e+01
    endloop
  endfacet
  facet normal  0.000000e+00 -1.000000e+00  0.000000e+00
    outer loop
      vertex  0.000000e+00 -1.400000e+01  4.200000e+01
      vertex -2.192844e+01 -1.400000e+01  4.296544e+01
      vertex -2.049390e+01 -1.400000e+01  4.200000e+01
    endloop
  endfacet
  facet normal  0.000000e+00 -1.000000e+00  0.000000e+00
    outer loop
      vertex -8.029349e+00 -1.400000e+01  8.667003e+01
      vertex -3.608817e+01 -1.400000e+01  8.590142e+01
      vertex -8.918230e+00 -1.400000e+01  8.606090e+01
    endloop
  endfacet
  facet normal  0.000000e+00 -1.000000e+00  0.000000e+00
    outer loop
      vertex -8.918230e+00 -1.400000e+01  8.606090e+01
      vertex -3.608817e+01 -1.400000e+01  8.590142e+01
      vertex -3.659223e+01 -1.400000e+01  8.424737e+01
    endloop
  endfacet
  facet normal  0.000000e+00 -1.000000e+00  0.000000e+00
    outer loop
      vertex -8.918230e+00 -1.400000e+01  8.606090e+01
      vertex -3.659223e+01 -1.400000e+01  8.424737e+01
      vertex -9.761087e+00 -1.400000e+01  8.538952e+01
    endloop
  endfacet
  facet normal  0.000000e+00 -1.000000e+00  0.000000e+00
    outer loop
      vertex -1.055357e+01 -1.400000e+01  8.465937e+01
      vertex -3.659223e+01 -1.400000e+01  8.424737e+01
      vertex -1.129159e+01 -1.400000e+01  8.387421e+01
    endloop
  endfacet
  facet normal  -0.000000e+00 -9.999999e-01  0.000000e+00
    outer loop
      vertex -1.129159e+01 -1.400000e+01  8.387421e+01
      vertex -3.659223e+01 -1.400000e+01  8.424737e+01
      vertex -3.702052e+01 -1.400000e+01  8.257209e+01
    endloop
  endfacet
  facet normal  0.000000e+00 -9.999999e-01  0.000000e+00
    outer loop
      vertex -1.129159e+01 -1.400000e+01  8.387421e+01
      vertex -3.702052e+01 -1.400000e+01  8.257209e+01
      vertex -1.197134e+01 -1.400000e+01  8.303809e+01
    endloop
  endfacet
  facet normal  0.000000e+00 -1.000000e+00  0.000000e+00
    outer loop
      vertex -1.404233e+01 -1.400000e+01  7.927381e+01
      vertex -1.362748e+01 -1.400000e+01  8.026832e+01
      vertex -3.764641e+01 -1.400000e+01  7.917181e+01
    endloop
  endfacet
  facet normal  0.000000e+00 -1.000000e+00  0.000000e+00
    outer loop
      vertex -3.764641e+01 -1.400000e+01  7.917181e+01
      vertex -1.362748e+01 -1.400000e+01  8.026832e+01
      vertex -1.314230e+01 -1.400000e+01  8.123048e+01
    endloop
  endfacet
  facet normal  0.000000e+00 -1.000000e+00  0.000000e+00
    outer loop
      vertex -3.764641e+01 -1.400000e+01  7.917181e+01
      vertex -1.314230e+01 -1.400000e+01  8.123048e+01
      vertex -3.737216e+01 -1.400000e+01  8.087907e+01
    endloop
  endfacet
  facet normal  0.000000e+00 -1.000000e+00  0.000000e+00
    outer loop
      vertex -3.737216e+01 -1.400000e+01  8.087907e+01
      vertex -1.314230e+01 -1.400000e+01  8.123048e+01
      vertex -1.258930e+01 -1.400000e+01  8.215533e+01
    endloop
  endfacet
  facet normal  -0.000000e+00 -1.000000e+00  0.000000e+00
    outer loop
      vertex -3.737216e+01 -1.400000e+01  8.087907e+01
      vertex -1.258930e+01 -1.400000e+01  8.215533e+01
      vertex -3.702052e+01 -1.400000e+01  8.257209e+01
    endloop
  endfacet
  facet normal  0.000000e+00 -1.000000e+00  0.000000e+00
    outer loop
      vertex -1.465285e+01 -1.400000e+01  7.720841e+01
      vertex -1.438471e+01 -1.400000e+01  7.825208e+01
      vertex -3.784272e+01 -1.400000e+01  7.745383e+01
    endloop
  endfacet
  facet normal  0.000000e+00 -1.000000e+00  0.000000e+00
    outer loop
      vertex -3.784272e+01 -1.400000e+01  7.745383e+01
      vertex -1.438471e+01 -1.400000e+01  7.825208e+01
      vertex -1.404233e+01 -1.400000e+01  7.927381e+01
    endloop
  endfacet
  facet normal  0.000000e+00 -1.000000e+00  0.000000e+00
    outer loop
      vertex -3.784272e+01 -1.400000e+01  7.745383e+01
      vertex -1.404233e+01 -1.400000e+01  7.927381e+01
      vertex -3.764641e+01 -1.400000e+01  7.917181e+01
    endloop
  endfacet
  facet normal  0.000000e+00 -9.999999e-01  0.000000e+00
    outer loop
      vertex -1.500000e+01 -1.400000e+01  7.400000e+01
      vertex -1.496130e+01 -1.400000e+01  7.507687e+01
      vertex -3.800000e+01 -1.400000e+01  7.400000e+01
    endloop
  endfacet
  facet normal  0.000000e+00 -1.000000e+00  0.000000e+00
    outer loop
      vertex -3.800000e+01 -1.400000e+01  7.400000e+01
      vertex -1.496130e+01 -1.400000e+01  7.507687e+01
      vertex -1.484538e+01 -1.400000e+01  7.614819e+01
    endloop
  endfacet
  facet normal  0.000000e+00 -1.000000e+00  0.000000e+00
    outer loop
      vertex -3.800000e+01 -1.400000e+01  7.400000e+01
      vertex -1.484538e+01 -1.400000e+01  7.614819e+01
      vertex -3.796066e+01 -1.400000e+01  7.572871e+01
    endloop
  endfacet
  facet normal  0.000000e+00 -1.000000e+00  0.000000e+00
    outer loop
      vertex -3.796066e+01 -1.400000e+01  7.572871e+01
      vertex -1.484538e+01 -1.400000e+01  7.614819e+01
      vertex -1.465285e+01 -1.400000e+01  7.720841e+01
    endloop
  endfacet
  facet normal  -0.000000e+00 -1.000000e+00  0.000000e+00
    outer loop
      vertex -3.796066e+01 -1.400000e+01  7.572871e+01
      vertex -1.465285e+01 -1.400000e+01  7.720841e+01
      vertex -3.784272e+01 -1.400000e+01  7.745383e+01
    endloop
  endfacet
  facet normal  0.000000e+00 -9.999999e-01  -0.000000e+00
    outer loop
      vertex -1.484538e+01 -1.400000e+01  7.185181e+01
      vertex -1.496130e+01 -1.400000e+01  7.292313e+01
      vertex -3.796066e+01 -1.400000e+01  7.227129e+01
    endloop
  endfacet
  facet normal  0.000000e+00 -1.000000e+00  0.000000e+00
    outer loop
      vertex -3.796066e+01 -1.400000e+01  7.227129e+01
      vertex -1.496130e+01 -1.400000e+01  7.292313e+01
      vertex -1.500000e+01 -1.400000e+01  7.400000e+01
    endloop
  endfacet
  facet normal  -0.000000e+00 -1.000000e+00  0.000000e+00
    outer loop
      vertex -3.796066e+01 -1.400000e+01  7.227129e+01
      vertex -1.500000e+01 -1.400000e+01  7.400000e+01
      vertex -3.800000e+01 -1.400000e+01  7.400000e+01
    endloop
  endfacet
  facet normal  0.000000e+00 -1.000000e+00  -0.000000e+00
    outer loop
      vertex -1.404233e+01 -1.400000e+01  6.872619e+01
      vertex -1.438471e+01 -1.400000e+01  6.974792e+01
      vertex -3.764641e+01 -1.400000e+01  6.882819e+01
    endloop
  endfacet
  facet normal  0.000000e+00 -1.000000e+00  0.000000e+00
    outer loop
      vertex -3.764641e+01 -1.400000e+01  6.882819e+01
      vertex -1.438471e+01 -1.400000e+01  6.974792e+01
      vertex -1.465285e+01 -1.400000e+01  7.079159e+01
    endloop
  endfacet
  facet normal  0.000000e+00 -1.000000e+00  0.000000e+00
    outer loop
      vertex -3.764641e+01 -1.400000e+01  6.882819e+01
      vertex -1.465285e+01 -1.400000e+01  7.079159e+01
      vertex -3.784272e+01 -1.400000e+01  7.054617e+01
    endloop
  endfacet
  facet normal  0.000000e+00 -9.999999e-01  0.000000e+00
    outer loop
      vertex -3.784272e+01 -1.400000e+01  7.054617e+01
      vertex -1.465285e+01 -1.400000e+01  7.079159e+01
      vertex -1.484538e+01 -1.400000e+01  7.185181e+01
    endloop
  endfacet
  facet normal  -0.000000e+00 -1.000000e+00  0.000000e+00
    outer loop
      vertex -3.784272e+01 -1.400000e+01  7.054617e+01
      vertex -1.484538e+01 -1.400000e+01  7.185181e+01
      vertex -3.796066e+01 -1.400000e+01  7.227129e+01
    endloop
  endfacet
  facet normal  0.000000e+00 -1.000000e+00  -0.000000e+00
    outer loop
      vertex -1.314230e+01 -1.400000e+01  6.676952e+01
      vertex -1.362748e+01 -1.400000e+01  6.773168e+01
      vertex -3.737216e+01 -1.400000e+01  6.712093e+01
    endloop
  endfacet
  facet normal  0.000000e+00 -1.000000e+00  0.000000e+00
    outer loop
      vertex -3.737216e+01 -1.400000e+01  6.712093e+01
      vertex -1.362748e+01 -1.400000e+01  6.773168e+01
      vertex -1.404233e+01 -1.400000e+01  6.872619e+01
    endloop
  endfacet
  facet normal  -0.000000e+00 -1.000000e+00  0.000000e+00
    outer loop
      vertex -3.737216e+01 -1.400000e+01  6.712093e+01
      vertex -1.404233e+01 -1.400000e+01  6.872619e+01
      vertex -3.764641e+01 -1.400000e+01  6.882819e+01
    endloop
  endfacet
  facet normal  0.000000e+00 -1.000000e+00  -0.000000e+00
    outer loop
      vertex -1.129159e+01 -1.400000e+01  6.412579e+01
      vertex -1.197134e+01 -1.400000e+01  6.496191e+01
      vertex -3.659223e+01 -1.400000e+01  6.375264e+01
    endloop
  endfacet
  facet normal  0.000000e+00 -1.000000e+00  0.000000e+00
    outer loop
      vertex -3.659223e+01 -1.400000e+01  6.375264e+01
      vertex -1.197134e+01 -1.400000e+01  6.496191e+01
      vertex -1.258930e+01 -1.400000e+01  6.584467e+01
    endloop
  endfacet
  facet normal  0.000000e+00 -1.000000e+00  0.000000e+00
    outer loop
      vertex -3.659223e+01 -1.400000e+01  6.375264e+01
      vertex -1.258930e+01 -1.400000e+01  6.584467e+01
      vertex -3.702052e+01 -1.400000e+01  6.542791e+01
    endloop
  endfacet
  facet normal  0.000000e+00 -1.000000e+00  0.000000e+00
    outer loop
      vertex -3.702052e+01 -1.400000e+01  6.542791e+01
      vertex -1.258930e+01 -1.400000e+01  6.584467e+01
      vertex -1.314230e+01 -1.400000e+01  6.676952e+01
    endloop
  endfacet
  facet normal  -0.000000e+00 -1.000000e+00  0.000000e+00
    outer loop
      vertex -3.702052e+01 -1.400000e+01  6.542791e+01
      vertex -1.314230e+01 -1.400000e+01  6.676952e+01
      vertex -3.737216e+01 -1.400000e+01  6.712093e+01
    endloop
  endfacet
  facet normal  0.000000e+00 -1.000000e+00  -0.000000e+00
    outer loop
      vertex -9.761087e+00 -1.400000e+01  6.261048e+01
      vertex -1.055357e+01 -1.400000e+01  6.334063e+01
      vertex -3.608817e+01 -1.400000e+01  6.209858e+01
    endloop
  endfacet
  facet normal  0.000000e+00 -1.000000e+00  0.000000e+00
    outer loop
      vertex -3.608817e+01 -1.400000e+01  6.209858e+01
      vertex -1.055357e+01 -1.400000e+01  6.334063e+01
      vertex -1.129159e+01 -1.400000e+01  6.412579e+01
    endloop
  endfacet
  facet normal  0.000000e+00 -1.000000e+00  0.000000e+00
    outer loop
      vertex -3.608817e+01 -1.400000e+01  6.209858e+01
      vertex -1.129159e+01 -1.400000e+01  6.412579e+01
      vertex -3.659223e+01 -1.400000e+01  6.375264e+01
    endloop
  endfacet
  facet normal  0.000000e+00 -1.000000e+00  -0.000000e+00
    outer loop
      vertex -7.099032e+00 -1.400000e+01  6.078623e+01
      vertex -8.029349e+00 -1.400000e+01  6.132998e+01
      vertex -3.550939e+01 -1.400000e+01  6.046917e+01
    endloop
  endfacet
  facet normal  0.000000e+00 -1.000000e+00  0.000000e+00
    outer loop
      vertex -3.550939e+01 -1.400000e+01  6.046917e+01
      vertex -8.029349e+00 -1.400000e+01  6.132998e+01
      vertex -8.918230e+00 -1.400000e+01  6.193911e+01
    endloop
  endfacet
  facet normal  -0.000000e+00 -9.999999e-01  0.000000e+00
    outer loop
      vertex -3.550939e+01 -1.400000e+01  6.046917e+01
      vertex -8.918230e+00 -1.400000e+01  6.193911e+01
      vertex -3.608817e+01 -1.400000e+01  6.209858e+01
    endloop
  endfacet
  facet normal  0.000000e+00 -1.000000e+00  0.000000e+00
    outer loop
      vertex -3.413259e+01 -1.400000e+01  5.729772e+01
      vertex -3.333743e+01 -1.400000e+01  5.576224e+01
      vertex -2.000000e+00 -1.400000e+01  5.600000e+01
    endloop
  endfacet
  facet normal  0.000000e+00 -9.999999e-01  0.000000e+00
    outer loop
      vertex -2.000000e+00 -1.400000e+01  5.600000e+01
      vertex -3.333743e+01 -1.400000e+01  5.576224e+01
      vertex -3.247324e+01 -1.400000e+01  5.426453e+01
    endloop
  endfacet
  facet normal  0.000000e+00 -1.000000e+00  0.000000e+00
    outer loop
      vertex -2.000000e+00 -1.400000e+01  5.600000e+01
      vertex -3.247324e+01 -1.400000e+01  5.426453e+01
      vertex  0.000000e+00 -1.400000e+01  5.400000e+01
    endloop
  endfacet
  facet normal  7.071068e-01  0.000000e+00 -7.071068e-01
    outer loop
      vertex -2.000000e+00 -9.000000e+00  9.200000e+01
      vertex  0.000000e+00 -9.000000e+00  9.400000e+01
      vertex -2.000000e+00 -1.400000e+01  9.200000e+01
    endloop
  endfacet
  facet normal  7.071068e-01  0.000000e+00 -7.071068e-01
    outer loop
      vertex -2.000000e+00 -1.400000e+01  9.200000e+01
      vertex  0.000000e+00 -9.000000e+00  9.400000e+01
      vertex -2.220446e-16 -1.400000e+01  9.400000e+01
    endloop
  endfacet
  facet normal  1.000000e+00  0.000000e+00  0.000000e+00
    outer loop
      vertex -2.000000e+00  9.000000e+00  8.886607e+01
      vertex -2.000000e+00  1.400000e+01  8.886607e+01
      vertex -2.000000e+00  9.000000e+00  9.200000e+01
    endloop
  endfacet
  facet normal  1.000000e+00  -0.000000e+00  0.000000e+00
    outer loop
      vertex -2.000000e+00  9.000000e+00  9.200000e+01
      vertex -2.000000e+00  1.400000e+01  8.886607e+01
      vertex -2.000000e+00  1.400000e+01  9.200000e+01
    endloop
  endfacet
  facet normal  0.000000e+00  1.000000e+00  0.000000e+00
    outer loop
      vertex -3.608817e+01  1.400000e+01  8.590142e+01
      vertex -7.099032e+00  1.400000e+01  8.721377e+01
      vertex -8.029349e+00  1.400000e+01  8.667003e+01
    endloop
  endfacet
  facet normal  0.000000e+00  1.000000e+00  0.000000e+00
    outer loop
      vertex -3.659223e+01  1.400000e+01  8.424737e+01
      vertex -9.761087e+00  1.400000e+01  8.538952e+01
      vertex -1.055357e+01  1.400000e+01  8.465937e+01
    endloop
  endfacet
  facet normal  0.000000e+00  1.000000e+00  -0.000000e+00
    outer loop
      vertex -1.197134e+01  1.400000e+01  8.303809e+01
      vertex -1.258930e+01  1.400000e+01  8.215533e+01
      vertex -3.702052e+01  1.400000e+01  8.257209e+01
    endloop
  endfacet
  facet normal  0.000000e+00  1.000000e+00  0.000000e+00
    outer loop
      vertex -9.761087e+00  1.400000e+01  6.261048e+01
      vertex -8.918230e+00  1.400000e+01  6.193911e+01
      vertex -3.608817e+01  1.400000e+01  6.209858e+01
    endloop
  endfacet
  facet normal  0.000000e+00  1.000000e+00  0.000000e+00
    outer loop
      vertex -7.099032e+00  1.400000e+01  6.078623e+01
      vertex -6.132079e+00  1.400000e+01  6.031068e+01
      vertex -3.550939e+01  1.400000e+01  6.046917e+01
    endloop
  endfacet
  facet normal  0.000000e+00  1.000000e+00  0.000000e+00
    outer loop
      vertex -2.000000e+00  1.400000e+01  8.886607e+01
      vertex -3.550939e+01  1.400000e+01  8.753083e+01
      vertex -3.485708e+01  1.400000e+01  8.913223e+01
    endloop
  endfacet
  facet normal  -0.000000e+00  1.000000e+00  0.000000e+00
    outer loop
      vertex -2.000000e+00  1.400000e+01  8.886607e+01
      vertex -3.485708e+01  1.400000e+01  8.913223e+01
      vertex -3.413259e+01  1.400000e+01  9.070229e+01
    endloop
  endfacet
  facet normal  -0.000000e+00  1.000000e+00  0.000000e+00
    outer loop
      vertex -2.000000e+00  1.400000e+01  8.886607e+01
      vertex -3.413259e+01  1.400000e+01  9.070229e+01
      vertex -3.333743e+01  1.400000e+01  9.223776e+01
    endloop
  endfacet
  facet normal  0.000000e+00  1.000000e+00  0.000000e+00
    outer loop
      vertex -2.000000e+00  1.400000e+01  8.886607e+01
      vertex -3.333743e+01  1.400000e+01  9.223776e+01
      vertex -2.000000e+00  1.400000e+01  9.200000e+01
    endloop
  endfacet
  facet normal  0.000000e+00  1.000000e+00  -0.000000e+00
    outer loop
      vertex  0.000000e+00  1.400000e+01  9.400000e+01
      vertex -2.000000e+00  1.400000e+01  9.200000e+01
      vertex -3.333743e+01  1.400000e+01  9.223776e+01
    endloop
  endfacet
  facet normal  0.000000e+00  1.000000e+00  0.000000e+00
    outer loop
      vertex  0.000000e+00  1.400000e+01  9.400000e+01
      vertex -3.333743e+01  1.400000e+01  9.223776e+01
      vertex -3.247324e+01  1.400000e+01  9.373547e+01
    endloop
  endfacet
  facet normal  0.000000e+00  9.999999e-01  0.000000e+00
    outer loop
      vertex  0.000000e+00  1.400000e+01  9.400000e+01
      vertex -3.247324e+01  1.400000e+01  9.373547e+01
      vertex -3.154181e+01  1.400000e+01  9.519232e+01
    endloop
  endfacet
  facet normal  -0.000000e+00  1.000000e+00  0.000000e+00
    outer loop
      vertex  0.000000e+00  1.400000e+01  9.400000e+01
      vertex -3.154181e+01  1.400000e+01  9.519232e+01
      vertex -3.054506e+01  1.400000e+01  9.660529e+01
    endloop
  endfacet
  facet normal  -0.000000e+00  9.999999e-01  0.000000e+00
    outer loop
      vertex  0.000000e+00  1.400000e+01  9.400000e+01
      vertex -3.054506e+01  1.400000e+01  9.660529e+01
      vertex -2.948507e+01  1.400000e+01  9.797145e+01
    endloop
  endfacet
  facet normal  -0.000000e+00  1.000000e+00  0.000000e+00
    outer loop
      vertex  0.000000e+00  1.400000e+01  9.400000e+01
      vertex -2.948507e+01  1.400000e+01  9.797145e+01
      vertex -2.836403e+01  1.400000e+01  9.928797e+01
    endloop
  endfacet
  facet normal  -0.000000e+00  1.000000e+00  0.000000e+00
    outer loop
      vertex  0.000000e+00  1.400000e+01  9.400000e+01
      vertex -2.836403e+01  1.400000e+01  9.928797e+01
      vertex -2.718426e+01  1.400000e+01  1.005521e+02
    endloop
  endfacet
  facet normal  -0.000000e+00  1.000000e+00  0.000000e+00
    outer loop
      vertex  0.000000e+00  1.400000e+01  9.400000e+01
      vertex -2.718426e+01  1.400000e+01  1.005521e+02
      vertex -2.594820e+01  1.400000e+01  1.017613e+02
    endloop
  endfacet
  facet normal  -0.000000e+00  1.000000e+00  0.000000e+00
    outer loop
      vertex  0.000000e+00  1.400000e+01  9.400000e+01
      vertex -2.594820e+01  1.400000e+01  1.017613e+02
      vertex -2.465841e+01  1.400000e+01  1.029130e+02
    endloop
  endfacet
  facet normal  -0.000000e+00  1.000000e+00  0.000000e+00
    outer loop
      vertex  0.000000e+00  1.400000e+01  9.400000e+01
      vertex -2.465841e+01  1.400000e+01  1.029130e+02
      vertex -2.331757e+01  1.400000e+01  1.040049e+02
    endloop
  endfacet
  facet normal  -0.000000e+00  1.000000e+00  0.000000e+00
    outer loop
      vertex  0.000000e+00  1.400000e+01  9.400000e+01
      vertex -2.331757e+01  1.400000e+01  1.040049e+02
      vertex -2.192844e+01  1.400000e+01  1.050346e+02
    endloop
  endfacet
  facet normal  -0.000000e+00  1.000000e+00  0.000000e+00
    outer loop
      vertex  0.000000e+00  1.400000e+01  9.400000e+01
      vertex -2.192844e+01  1.400000e+01  1.050346e+02
      vertex -2.049390e+01  1.400000e+01  1.060000e+02
    endloop
  endfacet
  facet normal  -0.000000e+00  1.000000e+00  0.000000e+00
    outer loop
      vertex  0.000000e+00  1.400000e+01  9.400000e+01
      vertex -2.049390e+01  1.400000e+01  1.060000e+02
      vertex  0.000000e+00  1.400000e+01  1.060000e+02
    endloop
  endfacet
  facet normal  0.000000e+00  1.000000e+00  0.000000e+00
    outer loop
      vertex -3.550939e+01  1.400000e+01  8.753083e+01
      vertex -2.000000e+00  1.400000e+01  8.886607e+01
      vertex -3.062096e+00  1.400000e+01  8.868413e+01
    endloop
  endfacet
  facet normal  0.000000e+00  1.000000e+00  0.000000e+00
    outer loop
      vertex -3.550939e+01  1.400000e+01  8.753083e+01
      vertex -3.062096e+00  1.400000e+01  8.868413e+01
      vertex -4.108389e+00  1.400000e+01  8.842641e+01
    endloop
  endfacet
  facet normal  0.000000e+00  9.999999e-01  0.000000e+00
    outer loop
      vertex -3.550939e+01  1.400000e+01  8.753083e+01
      vertex -4.108389e+00  1.400000e+01  8.842641e+01
      vertex -5.133480e+00  1.400000e+01  8.809423e+01
    endloop
  endfacet
  facet normal  0.000000e+00  1.000000e+00  0.000000e+00
    outer loop
      vertex -3.550939e+01  1.400000e+01  8.753083e+01
      vertex -5.133480e+00  1.400000e+01  8.809423e+01
      vertex -6.132079e+00  1.400000e+01  8.768932e+01
    endloop
  endfacet
  facet normal  0.000000e+00  9.999999e-01  0.000000e+00
    outer loop
      vertex -3.550939e+01  1.400000e+01  8.753083e+01
      vertex -6.132079e+00  1.400000e+01  8.768932e+01
      vertex -7.099032e+00  1.400000e+01  8.721377e+01
    endloop
  endfacet
  facet normal  0.000000e+00  1.000000e+00  0.000000e+00
    outer loop
      vertex -3.550939e+01  1.400000e+01  8.753083e+01
      vertex -7.099032e+00  1.400000e+01  8.721377e+01
      vertex -3.608817e+01  1.400000e+01  8.590142e+01
    endloop
  endfacet
  facet normal  0.000000e+00  1.000000e+00  0.000000e+00
    outer loop
      vertex -3.485708e+01  1.400000e+01  5.886778e+01
      vertex -3.550939e+01  1.400000e+01  6.046917e+01
      vertex -6.132079e+00  1.400000e+01  6.031068e+01
    endloop
  endfacet
  facet normal  0.000000e+00  9.999999e-01  0.000000e+00
    outer loop
      vertex -3.485708e+01  1.400000e+01  5.886778e+01
      vertex -6.132079e+00  1.400000e+01  6.031068e+01
      vertex -5.133480e+00  1.400000e+01  5.990577e+01
    endloop
  endfacet
  facet normal  0.000000e+00  1.000000e+00  0.000000e+00
    outer loop
      vertex -3.485708e+01  1.400000e+01  5.886778e+01
      vertex -5.133480e+00  1.400000e+01  5.990577e+01
      vertex -4.108389e+00  1.400000e+01  5.957360e+01
    endloop
  endfacet
  facet normal  0.000000e+00  1.000000e+00  0.000000e+00
    outer loop
      vertex -3.485708e+01  1.400000e+01  5.886778e+01
      vertex -4.108389e+00  1.400000e+01  5.957360e+01
      vertex -3.062096e+00  1.400000e+01  5.931587e+01
    endloop
  endfacet
  facet normal  0.000000e+00  1.000000e+00  0.000000e+00
    outer loop
      vertex -3.485708e+01  1.400000e+01  5.886778e+01
      vertex -3.062096e+00  1.400000e+01  5.931587e+01
      vertex -2.000000e+00  1.400000e+01  5.913393e+01
    endloop
  endfacet
  facet normal  0.000000e+00  9.999999e-01  0.000000e+00
    outer loop
      vertex -3.485708e+01  1.400000e+01  5.886778e+01
      vertex -2.000000e+00  1.400000e+01  5.913393e+01
      vertex -2.000000e+00  1.400000e+01  5.600000e+01
    endloop
  endfacet
  facet normal  0.000000e+00  1.000000e+00  0.000000e+00
    outer loop
      vertex -3.485708e+01  1.400000e+01  5.886778e+01
      vertex -2.000000e+00  1.400000e+01  5.600000e+01
      vertex -3.413259e+01  1.400000e+01  5.729772e+01
    endloop
  endfacet
  facet normal  0.000000e+00  1.000000e+00  -0.000000e+00
    outer loop
      vertex  0.000000e+00  1.400000e+01  4.200000e+01
      vertex -2.049390e+01  1.400000e+01  4.200000e+01
      vertex -2.192844e+01  1.400000e+01  4.296544e+01
    endloop
  endfacet
  facet normal  -0.000000e+00  1.000000e+00  -0.000000e+00
    outer loop
      vertex  0.000000e+00  1.400000e+01  4.200000e+01
      vertex -2.192844e+01  1.400000e+01  4.296544e+01
      vertex -2.331757e+01  1.400000e+01  4.399515e+01
    endloop
  endfacet
  facet normal  -0.000000e+00  1.000000e+00  -0.000000e+00
    outer loop
      vertex  0.000000e+00  1.400000e+01  4.200000e+01
      vertex -2.331757e+01  1.400000e+01  4.399515e+01
      vertex -2.465841e+01  1.400000e+01  4.508698e+01
    endloop
  endfacet
  facet normal  -0.000000e+00  1.000000e+00  -0.000000e+00
    outer loop
      vertex  0.000000e+00  1.400000e+01  4.200000e+01
      vertex -2.465841e+01  1.400000e+01  4.508698e+01
      vertex -2.594820e+01  1.400000e+01  4.623868e+01
    endloop
  endfacet
  facet normal  -0.000000e+00  9.999999e-01  -0.000000e+00
    outer loop
      vertex  0.000000e+00  1.400000e+01  4.200000e+01
      vertex -2.594820e+01  1.400000e+01  4.623868e+01
      vertex -2.718426e+01  1.400000e+01  4.744786e+01
    endloop
  endfacet
  facet normal  -0.000000e+00  9.999999e-01  -0.000000e+00
    outer loop
      vertex  0.000000e+00  1.400000e+01  4.200000e+01
      vertex -2.718426e+01  1.400000e+01  4.744786e+01
      vertex -2.836403e+01  1.400000e+01  4.871203e+01
    endloop
  endfacet
  facet normal  -0.000000e+00  1.000000e+00  -0.000000e+00
    outer loop
      vertex  0.000000e+00  1.400000e+01  4.200000e+01
      vertex -2.836403e+01  1.400000e+01  4.871203e+01
      vertex -2.948507e+01  1.400000e+01  5.002855e+01
    endloop
  endfacet
  facet normal  -0.000000e+00  9.999999e-01  -0.000000e+00
    outer loop
      vertex  0.000000e+00  1.400000e+01  4.200000e+01
      vertex -2.948507e+01  1.400000e+01  5.002855e+01
      vertex -3.054506e+01  1.400000e+01  5.139471e+01
    endloop
  endfacet
  facet normal  -0.000000e+00  1.000000e+00  -0.000000e+00
    outer loop
      vertex  0.000000e+00  1.400000e+01  4.200000e+01
      vertex -3.054506e+01  1.400000e+01  5.139471e+01
      vertex -3.154181e+01  1.400000e+01  5.280768e+01
    endloop
  endfacet
  facet normal  -0.000000e+00  1.000000e+00  -0.000000e+00
    outer loop
      vertex  0.000000e+00  1.400000e+01  4.200000e+01
      vertex -3.154181e+01  1.400000e+01  5.280768e+01
      vertex -3.247324e+01  1.400000e+01  5.426453e+01
    endloop
  endfacet
  facet normal  0.000000e+00  1.000000e+00  0.000000e+00
    outer loop
      vertex  0.000000e+00  1.400000e+01  4.200000e+01
      vertex -3.247324e+01  1.400000e+01  5.426453e+01
      vertex  0.000000e+00  1.400000e+01  5.400000e+01
    endloop
  endfacet
  facet normal  0.000000e+00  1.000000e+00  0.000000e+00
    outer loop
      vertex -9.761087e+00  1.400000e+01  8.538952e+01
      vertex -3.659223e+01  1.400000e+01  8.424737e+01
      vertex -8.918230e+00  1.400000e+01  8.606090e+01
    endloop
  endfacet
  facet normal  0.000000e+00  1.000000e+00  0.000000e+00
    outer loop
      vertex -8.918230e+00  1.400000e+01  8.606090e+01
      vertex -3.659223e+01  1.400000e+01  8.424737e+01
      vertex -3.608817e+01  1.400000e+01  8.590142e+01
    endloop
  endfacet
  facet normal  0.000000e+00  1.000000e+00  0.000000e+00
    outer loop
      vertex -8.918230e+00  1.400000e+01  8.606090e+01
      vertex -3.608817e+01  1.400000e+01  8.590142e+01
      vertex -8.029349e+00  1.400000e+01  8.667003e+01
    endloop
  endfacet
  facet normal  0.000000e+00  9.999999e-01  0.000000e+00
    outer loop
      vertex -1.197134e+01  1.400000e+01  8.303809e+01
      vertex -3.702052e+01  1.400000e+01  8.257209e+01
      vertex -1.129159e+01  1.400000e+01  8.387421e+01
    endloop
  endfacet
  facet normal  0.000000e+00  9.999999e-01  0.000000e+00
    outer loop
      vertex -1.129159e+01  1.400000e+01  8.387421e+01
      vertex -3.702052e+01  1.400000e+01  8.257209e+01
      vertex -3.659223e+01  1.400000e+01  8.424737e+01
    endloop
  endfacet
  facet normal  -0.000000e+00  1.000000e+00  0.000000e+00
    outer loop
      vertex -1.129159e+01  1.400000e+01  8.387421e+01
      vertex -3.659223e+01  1.400000e+01  8.424737e+01
      vertex -1.055357e+01  1.400000e+01  8.465937e+01
    endloop
  endfacet
  facet normal  0.000000e+00  1.000000e+00  0.000000e+00
    outer loop
      vertex -3.702052e+01  1.400000e+01  8.257209e+01
      vertex -1.258930e+01  1.400000e+01  8.215533e+01
      vertex -3.737216e+01  1.400000e+01  8.087907e+01
    endloop
  endfacet
  facet normal  0.000000e+00  1.000000e+00  0.000000e+00
    outer loop
      vertex -3.737216e+01  1.400000e+01  8.087907e+01
      vertex -1.258930e+01  1.400000e+01  8.215533e+01
      vertex -1.314230e+01  1.400000e+01  8.123048e+01
    endloop
  endfacet
  facet normal  0.000000e+00  1.000000e+00  0.000000e+00
    outer loop
      vertex -3.737216e+01  1.400000e+01  8.087907e+01
      vertex -1.314230e+01  1.400000e+01  8.123048e+01
      vertex -3.764641e+01  1.400000e+01  7.917181e+01
    endloop
  endfacet
  facet normal  0.000000e+00  1.000000e+00  0.000000e+00
    outer loop
      vertex -3.764641e+01  1.400000e+01  7.917181e+01
      vertex -1.314230e+01  1.400000e+01  8.123048e+01
      vertex -1.362748e+01  1.400000e+01  8.026832e+01
    endloop
  endfacet
  facet normal  0.000000e+00  1.000000e+00  0.000000e+00
    outer loop
      vertex -3.764641e+01  1.400000e+01  7.917181e+01
      vertex -1.362748e+01  1.400000e+01  8.026832e+01
      vertex -1.404233e+01  1.400000e+01  7.927381e+01
    endloop
  endfacet
  facet normal  0.000000e+00  1.000000e+00  0.000000e+00
    outer loop
      vertex -3.764641e+01  1.400000e+01  7.917181e+01
      vertex -1.404233e+01  1.400000e+01  7.927381e+01
      vertex -3.784272e+01  1.400000e+01  7.745383e+01
    endloop
  endfacet
  facet normal  0.000000e+00  1.000000e+00  0.000000e+00
    outer loop
      vertex -3.784272e+01  1.400000e+01  7.745383e+01
      vertex -1.404233e+01  1.400000e+01  7.927381e+01
      vertex -1.438471e+01  1.400000e+01  7.825208e+01
    endloop
  endfacet
  facet normal  0.000000e+00  1.000000e+00  0.000000e+00
    outer loop
      vertex -3.784272e+01  1.400000e+01  7.745383e+01
      vertex -1.438471e+01  1.400000e+01  7.825208e+01
      vertex -1.465285e+01  1.400000e+01  7.720841e+01
    endloop
  endfacet
  facet normal  0.000000e+00  1.000000e+00  0.000000e+00
    outer loop
      vertex -3.784272e+01  1.400000e+01  7.745383e+01
      vertex -1.465285e+01  1.400000e+01  7.720841e+01
      vertex -3.796066e+01  1.400000e+01  7.572871e+01
    endloop
  endfacet
  facet normal  0.000000e+00  1.000000e+00  0.000000e+00
    outer loop
      vertex -3.796066e+01  1.400000e+01  7.572871e+01
      vertex -1.465285e+01  1.400000e+01  7.720841e+01
      vertex -1.484538e+01  1.400000e+01  7.614819e+01
    endloop
  endfacet
  facet normal  0.000000e+00  1.000000e+00  0.000000e+00
    outer loop
      vertex -3.796066e+01  1.400000e+01  7.572871e+01
      vertex -1.484538e+01  1.400000e+01  7.614819e+01
      vertex -3.800000e+01  1.400000e+01  7.400000e+01
    endloop
  endfacet
  facet normal  0.000000e+00  1.000000e+00  0.000000e+00
    outer loop
      vertex -3.800000e+01  1.400000e+01  7.400000e+01
      vertex -1.484538e+01  1.400000e+01  7.614819e+01
      vertex -1.496130e+01  1.400000e+01  7.507687e+01
    endloop
  endfacet
  facet normal  0.000000e+00  9.999999e-01  0.000000e+00
    outer loop
      vertex -3.800000e+01  1.400000e+01  7.400000e+01
      vertex -1.496130e+01  1.400000e+01  7.507687e+01
      vertex -1.500000e+01  1.400000e+01  7.400000e+01
    endloop
  endfacet
  facet normal  0.000000e+00  1.000000e+00  0.000000e+00
    outer loop
      vertex -3.800000e+01  1.400000e+01  7.400000e+01
      vertex -1.500000e+01  1.400000e+01  7.400000e+01
      vertex -3.796066e+01  1.400000e+01  7.227129e+01
    endloop
  endfacet
  facet normal  0.000000e+00  1.000000e+00  0.000000e+00
    outer loop
      vertex -3.796066e+01  1.400000e+01  7.227129e+01
      vertex -1.500000e+01  1.400000e+01  7.400000e+01
      vertex -1.496130e+01  1.400000e+01  7.292313e+01
    endloop
  endfacet
  facet normal  0.000000e+00  9.999999e-01  0.000000e+00
    outer loop
      vertex -3.796066e+01  1.400000e+01  7.227129e+01
      vertex -1.496130e+01  1.400000e+01  7.292313e+01
      vertex -1.484538e+01  1.400000e+01  7.185181e+01
    endloop
  endfacet
  facet normal  0.000000e+00  1.000000e+00  0.000000e+00
    outer loop
      vertex -3.796066e+01  1.400000e+01  7.227129e+01
      vertex -1.484538e+01  1.400000e+01  7.185181e+01
      vertex -3.784272e+01  1.400000e+01  7.054617e+01
    endloop
  endfacet
  facet normal  0.000000e+00  9.999999e-01  0.000000e+00
    outer loop
      vertex -3.784272e+01  1.400000e+01  7.054617e+01
      vertex -1.484538e+01  1.400000e+01  7.185181e+01
      vertex -1.465285e+01  1.400000e+01  7.079159e+01
    endloop
  endfacet
  facet normal  0.000000e+00  1.000000e+00  0.000000e+00
    outer loop
      vertex -3.784272e+01  1.400000e+01  7.054617e+01
      vertex -1.465285e+01  1.400000e+01  7.079159e+01
      vertex -3.764641e+01  1.400000e+01  6.882819e+01
    endloop
  endfacet
  facet normal  0.000000e+00  1.000000e+00  0.000000e+00
    outer loop
      vertex -3.764641e+01  1.400000e+01  6.882819e+01
      vertex -1.465285e+01  1.400000e+01  7.079159e+01
      vertex -1.438471e+01  1.400000e+01  6.974792e+01
    endloop
  endfacet
  facet normal  0.000000e+00  1.000000e+00  0.000000e+00
    outer loop
      vertex -3.764641e+01  1.400000e+01  6.882819e+01
      vertex -1.438471e+01  1.400000e+01  6.974792e+01
      vertex -1.404233e+01  1.400000e+01  6.872619e+01
    endloop
  endfacet
  facet normal  0.000000e+00  1.000000e+00  0.000000e+00
    outer loop
      vertex -3.764641e+01  1.400000e+01  6.882819e+01
      vertex -1.404233e+01  1.400000e+01  6.872619e+01
      vertex -3.737216e+01  1.400000e+01  6.712093e+01
    endloop
  endfacet
  facet normal  0.000000e+00  1.000000e+00  0.000000e+00
    outer loop
      vertex -3.737216e+01  1.400000e+01  6.712093e+01
      vertex -1.404233e+01  1.400000e+01  6.872619e+01
      vertex -1.362748e+01  1.400000e+01  6.773168e+01
    endloop
  endfacet
  facet normal  0.000000e+00  1.000000e+00  0.000000e+00
    outer loop
      vertex -3.737216e+01  1.400000e+01  6.712093e+01
      vertex -1.362748e+01  1.400000e+01  6.773168e+01
      vertex -1.314230e+01  1.400000e+01  6.676952e+01
    endloop
  endfacet
  facet normal  0.000000e+00  1.000000e+00  0.000000e+00
    outer loop
      vertex -3.737216e+01  1.400000e+01  6.712093e+01
      vertex -1.314230e+01  1.400000e+01  6.676952e+01
      vertex -3.702052e+01  1.400000e+01  6.542791e+01
    endloop
  endfacet
  facet normal  0.000000e+00  1.000000e+00  0.000000e+00
    outer loop
      vertex -3.702052e+01  1.400000e+01  6.542791e+01
      vertex -1.314230e+01  1.400000e+01  6.676952e+01
      vertex -1.258930e+01  1.400000e+01  6.584467e+01
    endloop
  endfacet
  facet normal  0.000000e+00  1.000000e+00  0.000000e+00
    outer loop
      vertex -3.702052e+01  1.400000e+01  6.542791e+01
      vertex -1.258930e+01  1.400000e+01  6.584467e+01
      vertex -3.659223e+01  1.400000e+01  6.375264e+01
    endloop
  endfacet
  facet normal  0.000000e+00  1.000000e+00  0.000000e+00
    outer loop
      vertex -3.659223e+01  1.400000e+01  6.375264e+01
      vertex -1.258930e+01  1.400000e+01  6.584467e+01
      vertex -1.197134e+01  1.400000e+01  6.496191e+01
    endloop
  endfacet
  facet normal  0.000000e+00  1.000000e+00  0.000000e+00
    outer loop
      vertex -3.659223e+01  1.400000e+01  6.375264e+01
      vertex -1.197134e+01  1.400000e+01  6.496191e+01
      vertex -1.129159e+01  1.400000e+01  6.412579e+01
    endloop
  endfacet
  facet normal  0.000000e+00  1.000000e+00  0.000000e+00
    outer loop
      vertex -3.659223e+01  1.400000e+01  6.375264e+01
      vertex -1.129159e+01  1.400000e+01  6.412579e+01
      vertex -3.608817e+01  1.400000e+01  6.209858e+01
    endloop
  endfacet
  facet normal  0.000000e+00  1.000000e+00  0.000000e+00
    outer loop
      vertex -3.608817e+01  1.400000e+01  6.209858e+01
      vertex -1.129159e+01  1.400000e+01  6.412579e+01
      vertex -1.055357e+01  1.400000e+01  6.334063e+01
    endloop
  endfacet
  facet normal  0.000000e+00  1.000000e+00  0.000000e+00
    outer loop
      vertex -3.608817e+01  1.400000e+01  6.209858e+01
      vertex -1.055357e+01  1.400000e+01  6.334063e+01
      vertex -9.761087e+00  1.400000e+01  6.261048e+01
    endloop
  endfacet
  facet normal  0.000000e+00  9.999999e-01  0.000000e+00
    outer loop
      vertex -3.608817e+01  1.400000e+01  6.209858e+01
      vertex -8.918230e+00  1.400000e+01  6.193911e+01
      vertex -3.550939e+01  1.400000e+01  6.046917e+01
    endloop
  endfacet
  facet normal  0.000000e+00  1.000000e+00  0.000000e+00
    outer loop
      vertex -3.550939e+01  1.400000e+01  6.046917e+01
      vertex -8.918230e+00  1.400000e+01  6.193911e+01
      vertex -8.029349e+00  1.400000e+01  6.132998e+01
    endloop
  endfacet
  facet normal  0.000000e+00  1.000000e+00  0.000000e+00
    outer loop
      vertex -3.550939e+01  1.400000e+01  6.046917e+01
      vertex -8.029349e+00  1.400000e+01  6.132998e+01
      vertex -7.099032e+00  1.400000e+01  6.078623e+01
    endloop
  endfacet
  facet normal  -0.000000e+00  1.000000e+00  0.000000e+00
    outer loop
      vertex  0.000000e+00  1.400000e+01  5.400000e+01
      vertex -3.247324e+01  1.400000e+01  5.426453e+01
      vertex -2.000000e+00  1.400000e+01  5.600000e+01
    endloop
  endfacet
  facet normal  0.000000e+00  9.999999e-01  0.000000e+00
    outer loop
      vertex -2.000000e+00  1.400000e+01  5.600000e+01
      vertex -3.247324e+01  1.400000e+01  5.426453e+01
      vertex -3.333743e+01  1.400000e+01  5.576224e+01
    endloop
  endfacet
  facet normal  0.000000e+00  1.000000e+00  -0.000000e+00
    outer loop
      vertex -2.000000e+00  1.400000e+01  5.600000e+01
      vertex -3.333743e+01  1.400000e+01  5.576224e+01
      vertex -3.413259e+01  1.400000e+01  5.729772e+01
    endloop
  endfacet
  facet normal  0.000000e+00 -1.000000e+00  0.000000e+00
    outer loop
      vertex -2.328941e+01  9.000000e+00  9.291040e+01
      vertex -2.421462e+01  9.000000e+00  9.171023e+01
      vertex -2.000000e+00  9.000000e+00  9.200000e+01
    endloop
  endfacet
  facet normal  0.000000e+00 -1.000000e+00  0.000000e+00
    outer loop
      vertex -2.884941e+01  9.000000e+00  8.222871e+01
      vertex -1.258930e+01  9.000000e+00  8.215533e+01
      vertex -1.197134e+01  9.000000e+00  8.303809e+01
    endloop
  endfacet
  facet normal  0.000000e+00 -1.000000e+00  0.000000e+00
    outer loop
      vertex -2.328941e+01  9.000000e+00  5.508960e+01
      vertex -2.230478e+01  9.000000e+00  5.393768e+01
      vertex  0.000000e+00  9.000000e+00  5.400000e+01
    endloop
  endfacet
  facet normal  -0.000000e+00 -1.000000e+00  -0.000000e+00
    outer loop
      vertex  5.329071e-15  9.000000e+00  9.400000e+01
      vertex  0.000000e+00  9.000000e+00  9.900000e+01
      vertex -1.658312e+01  9.000000e+00  9.900000e+01
    endloop
  endfacet
  facet normal  0.000000e+00 -1.000000e+00  -0.000000e+00
    outer loop
      vertex  5.329071e-15  9.000000e+00  9.400000e+01
      vertex -1.658312e+01  9.000000e+00  9.900000e+01
      vertex -1.782439e+01  9.000000e+00  9.813071e+01
    endloop
  endfacet
  facet normal  0.000000e+00 -1.000000e+00  -0.000000e+00
    outer loop
      vertex  5.329071e-15  9.000000e+00  9.400000e+01
      vertex -1.782439e+01  9.000000e+00  9.813071e+01
      vertex -1.902018e+01  9.000000e+00  9.719984e+01
    endloop
  endfacet
  facet normal  0.000000e+00 -1.000000e+00  -0.000000e+00
    outer loop
      vertex  5.329071e-15  9.000000e+00  9.400000e+01
      vertex -1.902018e+01  9.000000e+00  9.719984e+01
      vertex -2.016744e+01  9.000000e+00  9.620979e+01
    endloop
  endfacet
  facet normal  0.000000e+00 -9.999999e-01  -0.000000e+00
    outer loop
      vertex  5.329071e-15  9.000000e+00  9.400000e+01
      vertex -2.016744e+01  9.000000e+00  9.620979e+01
      vertex -2.126324e+01  9.000000e+00  9.516306e+01
    endloop
  endfacet
  facet normal  0.000000e+00 -1.000000e+00  -0.000000e+00
    outer loop
      vertex  5.329071e-15  9.000000e+00  9.400000e+01
      vertex -2.126324e+01  9.000000e+00  9.516306e+01
      vertex -2.230478e+01  9.000000e+00  9.406232e+01
    endloop
  endfacet
  facet normal  0.000000e+00 -9.999999e-01  -0.000000e+00
    outer loop
      vertex  5.329071e-15  9.000000e+00  9.400000e+01
      vertex -2.230478e+01  9.000000e+00  9.406232e+01
      vertex -2.328941e+01  9.000000e+00  9.291040e+01
    endloop
  endfacet
  facet normal  0.000000e+00 -1.000000e+00  0.000000e+00
    outer loop
      vertex  5.329071e-15  9.000000e+00  9.400000e+01
      vertex -2.328941e+01  9.000000e+00  9.291040e+01
      vertex -2.000000e+00  9.000000e+00  9.200000e+01
    endloop
  endfacet
  facet normal  0.000000e+00 -1.000000e+00  -0.000000e+00
    outer loop
      vertex -2.000000e+00  9.000000e+00  8.886607e+01
      vertex -2.000000e+00  9.000000e+00  9.200000e+01
      vertex -2.421462e+01  9.000000e+00  9.171023e+01
    endloop
  endfacet
  facet normal  0.000000e+00 -1.000000e+00  -0.000000e+00
    outer loop
      vertex -2.000000e+00  9.000000e+00  8.886607e+01
      vertex -2.421462e+01  9.000000e+00  9.171023e+01
      vertex -2.507804e+01  9.000000e+00  9.046487e+01
    endloop
  endfacet
  facet normal  0.000000e+00 -1.000000e+00  -0.000000e+00
    outer loop
      vertex -2.000000e+00  9.000000e+00  8.886607e+01
      vertex -2.507804e+01  9.000000e+00  9.046487e+01
      vertex -2.587747e+01  9.000000e+00  8.917750e+01
    endloop
  endfacet
  facet normal  0.000000e+00 -9.999999e-01  -0.000000e+00
    outer loop
      vertex -2.000000e+00  9.000000e+00  8.886607e+01
      vertex -2.587747e+01  9.000000e+00  8.917750e+01
      vertex -2.661088e+01  9.000000e+00  8.785140e+01
    endloop
  endfacet
  facet normal  0.000000e+00 -9.999999e-01  0.000000e+00
    outer loop
      vertex -2.661088e+01  9.000000e+00  8.785140e+01
      vertex -2.727638e+01  9.000000e+00  8.648996e+01
      vertex -7.099032e+00  9.000000e+00  8.721377e+01
    endloop
  endfacet
  facet normal  0.000000e+00 -1.000000e+00  0.000000e+00
    outer loop
      vertex -2.661088e+01  9.000000e+00  8.785140e+01
      vertex -7.099032e+00  9.000000e+00  8.721377e+01
      vertex -6.132079e+00  9.000000e+00  8.768932e+01
    endloop
  endfacet
  facet normal  0.000000e+00 -1.000000e+00  0.000000e+00
    outer loop
      vertex -2.661088e+01  9.000000e+00  8.785140e+01
      vertex -6.132079e+00  9.000000e+00  8.768932e+01
      vertex -5.133480e+00  9.000000e+00  8.809423e+01
    endloop
  endfacet
  facet normal  -0.000000e+00 -1.000000e+00  0.000000e+00
    outer loop
      vertex -2.661088e+01  9.000000e+00  8.785140e+01
      vertex -5.133480e+00  9.000000e+00  8.809423e+01
      vertex -4.108389e+00  9.000000e+00  8.842641e+01
    endloop
  endfacet
  facet normal  -0.000000e+00 -1.000000e+00  0.000000e+00
    outer loop
      vertex -2.661088e+01  9.000000e+00  8.785140e+01
      vertex -4.108389e+00  9.000000e+00  8.842641e+01
      vertex -3.062096e+00  9.000000e+00  8.868413e+01
    endloop
  endfacet
  facet normal  -0.000000e+00 -9.999999e-01  0.000000e+00
    outer loop
      vertex -2.661088e+01  9.000000e+00  8.785140e+01
      vertex -3.062096e+00  9.000000e+00  8.868413e+01
      vertex -2.000000e+00  9.000000e+00  8.886607e+01
    endloop
  endfacet
  facet normal  -0.000000e+00 -1.000000e+00  0.000000e+00
    outer loop
      vertex -2.587747e+01  9.000000e+00  5.882250e+01
      vertex -2.000000e+00  9.000000e+00  5.913393e+01
      vertex -3.062096e+00  9.000000e+00  5.931587e+01
    endloop
  endfacet
  facet normal  -0.000000e+00 -1.000000e+00  0.000000e+00
    outer loop
      vertex -2.587747e+01  9.000000e+00  5.882250e+01
      vertex -3.062096e+00  9.000000e+00  5.931587e+01
      vertex -4.108389e+00  9.000000e+00  5.957360e+01
    endloop
  endfacet
  facet normal  -0.000000e+00 -1.000000e+00  0.000000e+00
    outer loop
      vertex -2.587747e+01  9.000000e+00  5.882250e+01
      vertex -4.108389e+00  9.000000e+00  5.957360e+01
      vertex -5.133480e+00  9.000000e+00  5.990577e+01
    endloop
  endfacet
  facet normal  -0.000000e+00 -1.000000e+00  0.000000e+00
    outer loop
      vertex -2.587747e+01  9.000000e+00  5.882250e+01
      vertex -5.133480e+00  9.000000e+00  5.990577e+01
      vertex -6.132079e+00  9.000000e+00  6.031068e+01
    endloop
  endfacet
  facet normal  0.000000e+00 -1.000000e+00  0.000000e+00
    outer loop
      vertex -2.587747e+01  9.000000e+00  5.882250e+01
      vertex -6.132079e+00  9.000000e+00  6.031068e+01
      vertex -2.661088e+01  9.000000e+00  6.014860e+01
    endloop
  endfacet
  facet normal  0.000000e+00 -1.000000e+00  -0.000000e+00
    outer loop
      vertex -2.000000e+00  9.000000e+00  5.600000e+01
      vertex -2.000000e+00  9.000000e+00  5.913393e+01
      vertex -2.587747e+01  9.000000e+00  5.882250e+01
    endloop
  endfacet
  facet normal  0.000000e+00 -1.000000e+00  0.000000e+00
    outer loop
      vertex -2.000000e+00  9.000000e+00  5.600000e+01
      vertex -2.587747e+01  9.000000e+00  5.882250e+01
      vertex -2.507804e+01  9.000000e+00  5.753513e+01
    endloop
  endfacet
  facet normal  0.000000e+00 -1.000000e+00  0.000000e+00
    outer loop
      vertex -2.000000e+00  9.000000e+00  5.600000e+01
      vertex -2.507804e+01  9.000000e+00  5.753513e+01
      vertex -2.421462e+01  9.000000e+00  5.628977e+01
    endloop
  endfacet
  facet normal  0.000000e+00 -9.999999e-01  0.000000e+00
    outer loop
      vertex -2.000000e+00  9.000000e+00  5.600000e+01
      vertex -2.421462e+01  9.000000e+00  5.628977e+01
      vertex -2.328941e+01  9.000000e+00  5.508960e+01
    endloop
  endfacet
  facet normal  0.000000e+00 -1.000000e+00  0.000000e+00
    outer loop
      vertex -2.000000e+00  9.000000e+00  5.600000e+01
      vertex -2.328941e+01  9.000000e+00  5.508960e+01
      vertex  0.000000e+00  9.000000e+00  5.400000e+01
    endloop
  endfacet
  facet normal  0.000000e+00 -1.000000e+00  -0.000000e+00
    outer loop
      vertex  0.000000e+00  9.000000e+00  4.900000e+01
      vertex  0.000000e+00  9.000000e+00  5.400000e+01
      vertex -2.230478e+01  9.000000e+00  5.393768e+01
    endloop
  endfacet
  facet normal  0.000000e+00 -1.000000e+00  0.000000e+00
    outer loop
      vertex  0.000000e+00  9.000000e+00  4.900000e+01
      vertex -2.230478e+01  9.000000e+00  5.393768e+01
      vertex -2.126324e+01  9.000000e+00  5.283695e+01
    endloop
  endfacet
  facet normal  0.000000e+00 -1.000000e+00  0.000000e+00
    outer loop
      vertex  0.000000e+00  9.000000e+00  4.900000e+01
      vertex -2.126324e+01  9.000000e+00  5.283695e+01
      vertex -2.016744e+01  9.000000e+00  5.179022e+01
    endloop
  endfacet
  facet normal  0.000000e+00 -1.000000e+00  0.000000e+00
    outer loop
      vertex  0.000000e+00  9.000000e+00  4.900000e+01
      vertex -2.016744e+01  9.000000e+00  5.179022e+01
      vertex -1.902018e+01  9.000000e+00  5.080016e+01
    endloop
  endfacet
  facet normal  0.000000e+00 -1.000000e+00  0.000000e+00
    outer loop
      vertex  0.000000e+00  9.000000e+00  4.900000e+01
      vertex -1.902018e+01  9.000000e+00  5.080016e+01
      vertex -1.782439e+01  9.000000e+00  4.986929e+01
    endloop
  endfacet
  facet normal  0.000000e+00 -1.000000e+00  0.000000e+00
    outer loop
      vertex  0.000000e+00  9.000000e+00  4.900000e+01
      vertex -1.782439e+01  9.000000e+00  4.986929e+01
      vertex -1.658312e+01  9.000000e+00  4.900000e+01
    endloop
  endfacet
  facet normal  0.000000e+00 -1.000000e+00  0.000000e+00
    outer loop
      vertex -7.099032e+00  9.000000e+00  8.721377e+01
      vertex -2.727638e+01  9.000000e+00  8.648996e+01
      vertex -8.029349e+00  9.000000e+00  8.667003e+01
    endloop
  endfacet
  facet normal  0.000000e+00 -1.000000e+00  0.000000e+00
    outer loop
      vertex -8.029349e+00  9.000000e+00  8.667003e+01
      vertex -2.727638e+01  9.000000e+00  8.648996e+01
      vertex -2.787229e+01  9.000000e+00  8.509665e+01
    endloop
  endfacet
  facet normal  0.000000e+00 -1.000000e+00  0.000000e+00
    outer loop
      vertex -8.029349e+00  9.000000e+00  8.667003e+01
      vertex -2.787229e+01  9.000000e+00  8.509665e+01
      vertex -8.918230e+00  9.000000e+00  8.606090e+01
    endloop
  endfacet
  facet normal  0.000000e+00 -1.000000e+00  0.000000e+00
    outer loop
      vertex -8.918230e+00  9.000000e+00  8.606090e+01
      vertex -2.787229e+01  9.000000e+00  8.509665e+01
      vertex -9.761087e+00  9.000000e+00  8.538952e+01
    endloop
  endfacet
  facet normal  0.000000e+00 -9.999999e-01  0.000000e+00
    outer loop
      vertex -9.761087e+00  9.000000e+00  8.538952e+01
      vertex -2.787229e+01  9.000000e+00  8.509665e+01
      vertex -2.839708e+01  9.000000e+00  8.367503e+01
    endloop
  endfacet
  facet normal  0.000000e+00 -1.000000e+00  0.000000e+00
    outer loop
      vertex -9.761087e+00  9.000000e+00  8.538952e+01
      vertex -2.839708e+01  9.000000e+00  8.367503e+01
      vertex -1.055357e+01  9.000000e+00  8.465937e+01
    endloop
  endfacet
  facet normal  0.000000e+00 -1.000000e+00  0.000000e+00
    outer loop
      vertex -1.055357e+01  9.000000e+00  8.465937e+01
      vertex -2.839708e+01  9.000000e+00  8.367503e+01
      vertex -1.129159e+01  9.000000e+00  8.387421e+01
    endloop
  endfacet
  facet normal  0.000000e+00 -1.000000e+00  0.000000e+00
    outer loop
      vertex -1.129159e+01  9.000000e+00  8.387421e+01
      vertex -2.839708e+01  9.000000e+00  8.367503e+01
      vertex -2.884941e+01  9.000000e+00  8.222871e+01
    endloop
  endfacet
  facet normal  0.000000e+00 -1.000000e+00  0.000000e+00
    outer loop
      vertex -1.129159e+01  9.000000e+00  8.387421e+01
      vertex -2.884941e+01  9.000000e+00  8.222871e+01
      vertex -1.197134e+01  9.000000e+00  8.303809e+01
    endloop
  endfacet
  facet normal  0.000000e+00 -1.000000e+00  0.000000e+00
    outer loop
      vertex -1.404233e+01  9.000000e+00  7.927381e+01
      vertex -1.362748e+01  9.000000e+00  8.026832e+01
      vertex -2.953227e+01  9.000000e+00  7.927685e+01
    endloop
  endfacet
  facet normal  0.000000e+00 -1.000000e+00  0.000000e+00
    outer loop
      vertex -2.953227e+01  9.000000e+00  7.927685e+01
      vertex -1.362748e+01  9.000000e+00  8.026832e+01
      vertex -1.314230e+01  9.000000e+00  8.123048e+01
    endloop
  endfacet
  facet normal  0.000000e+00 -1.000000e+00  0.000000e+00
    outer loop
      vertex -2.953227e+01  9.000000e+00  7.927685e+01
      vertex -1.314230e+01  9.000000e+00  8.123048e+01
      vertex -2.922813e+01  9.000000e+00  8.076141e+01
    endloop
  endfacet
  facet normal  0.000000e+00 -1.000000e+00  0.000000e+00
    outer loop
      vertex -2.922813e+01  9.000000e+00  8.076141e+01
      vertex -1.314230e+01  9.000000e+00  8.123048e+01
      vertex -1.258930e+01  9.000000e+00  8.215533e+01
    endloop
  endfacet
  facet normal  -0.000000e+00 -1.000000e+00  0.000000e+00
    outer loop
      vertex -2.922813e+01  9.000000e+00  8.076141e+01
      vertex -1.258930e+01  9.000000e+00  8.215533e+01
      vertex -2.884941e+01  9.000000e+00  8.222871e+01
    endloop
  endfacet
  facet normal  0.000000e+00 -1.000000e+00  0.000000e+00
    outer loop
      vertex -1.484538e+01  9.000000e+00  7.614819e+01
      vertex -1.465285e+01  9.000000e+00  7.720841e+01
      vertex -2.991391e+01  9.000000e+00  7.627116e+01
    endloop
  endfacet
  facet normal  0.000000e+00 -1.000000e+00  0.000000e+00
    outer loop
      vertex -2.991391e+01  9.000000e+00  7.627116e+01
      vertex -1.465285e+01  9.000000e+00  7.720841e+01
      vertex -1.438471e+01  9.000000e+00  7.825208e+01
    endloop
  endfacet
  facet normal  0.000000e+00 -1.000000e+00  0.000000e+00
    outer loop
      vertex -2.991391e+01  9.000000e+00  7.627116e+01
      vertex -1.438471e+01  9.000000e+00  7.825208e+01
      vertex -2.976106e+01  9.000000e+00  7.777882e+01
    endloop
  endfacet
  facet normal  0.000000e+00 -1.000000e+00  0.000000e+00
    outer loop
      vertex -2.976106e+01  9.000000e+00  7.777882e+01
      vertex -1.438471e+01  9.000000e+00  7.825208e+01
      vertex -1.404233e+01  9.000000e+00  7.927381e+01
    endloop
  endfacet
  facet normal  -0.000000e+00 -1.000000e+00  0.000000e+00
    outer loop
      vertex -2.976106e+01  9.000000e+00  7.777882e+01
      vertex -1.404233e+01  9.000000e+00  7.927381e+01
      vertex -2.953227e+01  9.000000e+00  7.927685e+01
    endloop
  endfacet
  facet normal  0.000000e+00 -1.000000e+00  -0.000000e+00
    outer loop
      vertex -1.496130e+01  9.000000e+00  7.292313e+01
      vertex -1.500000e+01  9.000000e+00  7.400000e+01
      vertex -2.999043e+01  9.000000e+00  7.324230e+01
    endloop
  endfacet
  facet normal  0.000000e+00 -1.000000e+00  0.000000e+00
    outer loop
      vertex -2.999043e+01  9.000000e+00  7.324230e+01
      vertex -1.500000e+01  9.000000e+00  7.400000e+01
      vertex -1.496130e+01  9.000000e+00  7.507687e+01
    endloop
  endfacet
  facet normal  0.000000e+00 -9.999999e-01  0.000000e+00
    outer loop
      vertex -2.999043e+01  9.000000e+00  7.324230e+01
      vertex -1.496130e+01  9.000000e+00  7.507687e+01
      vertex -2.999043e+01  9.000000e+00  7.475770e+01
    endloop
  endfacet
  facet normal  0.000000e+00 -1.000000e+00  0.000000e+00
    outer loop
      vertex -2.999043e+01  9.000000e+00  7.475770e+01
      vertex -1.496130e+01  9.000000e+00  7.507687e+01
      vertex -1.484538e+01  9.000000e+00  7.614819e+01
    endloop
  endfacet
  facet normal  -0.000000e+00 -1.000000e+00  0.000000e+00
    outer loop
      vertex -2.999043e+01  9.000000e+00  7.475770e+01
      vertex -1.484538e+01  9.000000e+00  7.614819e+01
      vertex -2.991391e+01  9.000000e+00  7.627116e+01
    endloop
  endfacet
  facet normal  0.000000e+00 -9.999999e-01  -0.000000e+00
    outer loop
      vertex -1.438471e+01  9.000000e+00  6.974792e+01
      vertex -1.465285e+01  9.000000e+00  7.079159e+01
      vertex -2.976106e+01  9.000000e+00  7.022118e+01
    endloop
  endfacet
  facet normal  0.000000e+00 -1.000000e+00  0.000000e+00
    outer loop
      vertex -2.976106e+01  9.000000e+00  7.022118e+01
      vertex -1.465285e+01  9.000000e+00  7.079159e+01
      vertex -1.484538e+01  9.000000e+00  7.185181e+01
    endloop
  endfacet
  facet normal  0.000000e+00 -1.000000e+00  0.000000e+00
    outer loop
      vertex -2.976106e+01  9.000000e+00  7.022118e+01
      vertex -1.484538e+01  9.000000e+00  7.185181e+01
      vertex -2.991391e+01  9.000000e+00  7.172884e+01
    endloop
  endfacet
  facet normal  0.000000e+00 -1.000000e+00  0.000000e+00
    outer loop
      vertex -2.991391e+01  9.000000e+00  7.172884e+01
      vertex -1.484538e+01  9.000000e+00  7.185181e+01
      vertex -1.496130e+01  9.000000e+00  7.292313e+01
    endloop
  endfacet
  facet normal  -0.000000e+00 -1.000000e+00  0.000000e+00
    outer loop
      vertex -2.991391e+01  9.000000e+00  7.172884e+01
      vertex -1.496130e+01  9.000000e+00  7.292313e+01
      vertex -2.999043e+01  9.000000e+00  7.324230e+01
    endloop
  endfacet
  facet normal  0.000000e+00 -1.000000e+00  -0.000000e+00
    outer loop
      vertex -1.314230e+01  9.000000e+00  6.676952e+01
      vertex -1.362748e+01  9.000000e+00  6.773168e+01
      vertex -2.922813e+01  9.000000e+00  6.723859e+01
    endloop
  endfacet
  facet normal  0.000000e+00 -1.000000e+00  0.000000e+00
    outer loop
      vertex -2.922813e+01  9.000000e+00  6.723859e+01
      vertex -1.362748e+01  9.000000e+00  6.773168e+01
      vertex -1.404233e+01  9.000000e+00  6.872619e+01
    endloop
  endfacet
  facet normal  0.000000e+00 -9.999999e-01  0.000000e+00
    outer loop
      vertex -2.922813e+01  9.000000e+00  6.723859e+01
      vertex -1.404233e+01  9.000000e+00  6.872619e+01
      vertex -2.953227e+01  9.000000e+00  6.872315e+01
    endloop
  endfacet
  facet normal  0.000000e+00 -1.000000e+00  0.000000e+00
    outer loop
      vertex -2.953227e+01  9.000000e+00  6.872315e+01
      vertex -1.404233e+01  9.000000e+00  6.872619e+01
      vertex -1.438471e+01  9.000000e+00  6.974792e+01
    endloop
  endfacet
  facet normal  -0.000000e+00 -9.999999e-01  0.000000e+00
    outer loop
      vertex -2.953227e+01  9.000000e+00  6.872315e+01
      vertex -1.438471e+01  9.000000e+00  6.974792e+01
      vertex -2.976106e+01  9.000000e+00  7.022118e+01
    endloop
  endfacet
  facet normal  0.000000e+00 -1.000000e+00  -0.000000e+00
    outer loop
      vertex -1.129159e+01  9.000000e+00  6.412579e+01
      vertex -1.197134e+01  9.000000e+00  6.496191e+01
      vertex -2.839708e+01  9.000000e+00  6.432497e+01
    endloop
  endfacet
  facet normal  0.000000e+00 -1.000000e+00  0.000000e+00
    outer loop
      vertex -2.839708e+01  9.000000e+00  6.432497e+01
      vertex -1.197134e+01  9.000000e+00  6.496191e+01
      vertex -1.258930e+01  9.000000e+00  6.584467e+01
    endloop
  endfacet
  facet normal  0.000000e+00 -1.000000e+00  0.000000e+00
    outer loop
      vertex -2.839708e+01  9.000000e+00  6.432497e+01
      vertex -1.258930e+01  9.000000e+00  6.584467e+01
      vertex -2.884941e+01  9.000000e+00  6.577129e+01
    endloop
  endfacet
  facet normal  0.000000e+00 -9.999999e-01  0.000000e+00
    outer loop
      vertex -2.884941e+01  9.000000e+00  6.577129e+01
      vertex -1.258930e+01  9.000000e+00  6.584467e+01
      vertex -1.314230e+01  9.000000e+00  6.676952e+01
    endloop
  endfacet
  facet normal  -0.000000e+00 -1.000000e+00  0.000000e+00
    outer loop
      vertex -2.884941e+01  9.000000e+00  6.577129e+01
      vertex -1.314230e+01  9.000000e+00  6.676952e+01
      vertex -2.922813e+01  9.000000e+00  6.723859e+01
    endloop
  endfacet
  facet normal  0.000000e+00 -1.000000e+00  -0.000000e+00
    outer loop
      vertex -9.761087e+00  9.000000e+00  6.261048e+01
      vertex -1.055357e+01  9.000000e+00  6.334063e+01
      vertex -2.787229e+01  9.000000e+00  6.290335e+01
    endloop
  endfacet
  facet normal  0.000000e+00 -1.000000e+00  0.000000e+00
    outer loop
      vertex -2.787229e+01  9.000000e+00  6.290335e+01
      vertex -1.055357e+01  9.000000e+00  6.334063e+01
      vertex -1.129159e+01  9.000000e+00  6.412579e+01
    endloop
  endfacet
  facet normal  -0.000000e+00 -1.000000e+00  0.000000e+00
    outer loop
      vertex -2.787229e+01  9.000000e+00  6.290335e+01
      vertex -1.129159e+01  9.000000e+00  6.412579e+01
      vertex -2.839708e+01  9.000000e+00  6.432497e+01
    endloop
  endfacet
  facet normal  0.000000e+00 -1.000000e+00  -0.000000e+00
    outer loop
      vertex -8.029349e+00  9.000000e+00  6.132998e+01
      vertex -8.918230e+00  9.000000e+00  6.193911e+01
      vertex -2.727638e+01  9.000000e+00  6.151004e+01
    endloop
  endfacet
  facet normal  0.000000e+00 -1.000000e+00  0.000000e+00
    outer loop
      vertex -2.727638e+01  9.000000e+00  6.151004e+01
      vertex -8.918230e+00  9.000000e+00  6.193911e+01
      vertex -9.761087e+00  9.000000e+00  6.261048e+01
    endloop
  endfacet
  facet normal  -0.000000e+00 -1.000000e+00  0.000000e+00
    outer loop
      vertex -2.727638e+01  9.000000e+00  6.151004e+01
      vertex -9.761087e+00  9.000000e+00  6.261048e+01
      vertex -2.787229e+01  9.000000e+00  6.290335e+01
    endloop
  endfacet
  facet normal  0.000000e+00 -1.000000e+00  -0.000000e+00
    outer loop
      vertex -6.132079e+00  9.000000e+00  6.031068e+01
      vertex -7.099032e+00  9.000000e+00  6.078623e+01
      vertex -2.661088e+01  9.000000e+00  6.014860e+01
    endloop
  endfacet
  facet normal  0.000000e+00 -1.000000e+00  0.000000e+00
    outer loop
      vertex -2.661088e+01  9.000000e+00  6.014860e+01
      vertex -7.099032e+00  9.000000e+00  6.078623e+01
      vertex -8.029349e+00  9.000000e+00  6.132998e+01
    endloop
  endfacet
  facet normal  -0.000000e+00 -1.000000e+00  0.000000e+00
    outer loop
      vertex -2.661088e+01  9.000000e+00  6.014860e+01
      vertex -8.029349e+00  9.000000e+00  6.132998e+01
      vertex -2.727638e+01  9.000000e+00  6.151004e+01
    endloop
  endfacet
  facet normal  1.000000e+00  2.414307e-16  2.759674e-15
    outer loop
      vertex  3.552714e-15 -9.000000e+00  9.900000e+01
      vertex  0.000000e+00 -3.902788e-16  9.950000e+01
      vertex  0.000000e+00 -4.341204e-01  9.953798e+01
    endloop
  endfacet
  facet normal  1.000000e+00  3.360000e-16  1.253912e-15
    outer loop
      vertex  3.552714e-15 -9.000000e+00  9.900000e+01
      vertex  0.000000e+00 -4.341204e-01  9.953798e+01
      vertex  0.000000e+00 -8.550504e-01  9.965077e+01
    endloop
  endfacet
  facet normal  1.000000e+00  3.723803e-16  7.985812e-16
    outer loop
      vertex  3.552714e-15 -9.000000e+00  9.900000e+01
      vertex  0.000000e+00 -8.550504e-01  9.965077e+01
      vertex  0.000000e+00 -1.250000e+00  9.983494e+01
    endloop
  endfacet
  facet normal  1.000000e+00  3.748877e-16  7.753075e-16
    outer loop
      vertex  3.552714e-15 -9.000000e+00  9.900000e+01
      vertex  0.000000e+00 -1.250000e+00  9.983494e+01
      vertex  0.000000e+00 -1.400000e+01  1.060000e+02
    endloop
  endfacet
  facet normal  1.000000e+00 -7.364480e-16 -1.850372e-17
    outer loop
      vertex  3.552714e-15 -9.000000e+00  9.900000e+01
      vertex  0.000000e+00 -1.400000e+01  1.060000e+02
      vertex -2.220446e-16 -1.400000e+01  9.400000e+01
    endloop
  endfacet
  facet normal  1.000000e+00 -4.440892e-17 -7.105427e-16
    outer loop
      vertex  3.552714e-15 -9.000000e+00  9.900000e+01
      vertex -2.220446e-16 -1.400000e+01  9.400000e+01
      vertex  0.000000e+00 -9.000000e+00  9.400000e+01
    endloop
  endfacet
  facet normal  1.000000e+00  0.000000e+00  0.000000e+00
    outer loop
      vertex  0.000000e+00  9.000000e+00  9.900000e+01
      vertex  0.000000e+00  1.400000e+01  1.060000e+02
      vertex  0.000000e+00  1.250000e+00  9.983494e+01
    endloop
  endfacet
  facet normal  9.999999e-01  0.000000e+00  0.000000e+00
    outer loop
      vertex  0.000000e+00  9.000000e+00  9.900000e+01
      vertex  0.000000e+00  1.250000e+00  9.983494e+01
      vertex  0.000000e+00  8.550504e-01  9.965077e+01
    endloop
  endfacet
  facet normal  1.000000e+00  0.000000e+00  0.000000e+00
    outer loop
      vertex  0.000000e+00  9.000000e+00  9.900000e+01
      vertex  0.000000e+00  8.550504e-01  9.965077e+01
      vertex  0.000000e+00  4.341204e-01  9.953798e+01
    endloop
  endfacet
  facet normal  1.000000e+00  0.000000e+00  0.000000e+00
    outer loop
      vertex  0.000000e+00  9.000000e+00  9.900000e+01
      vertex  0.000000e+00  4.341204e-01  9.953798e+01
      vertex  0.000000e+00 -3.902788e-16  9.950000e+01
    endloop
  endfacet
  facet normal  1.000000e+00  1.973730e-16  3.552714e-15
    outer loop
      vertex  0.000000e+00  9.000000e+00  9.900000e+01
      vertex  0.000000e+00 -3.902788e-16  9.950000e+01
      vertex  3.552714e-15 -9.000000e+00  9.900000e+01
    endloop
  endfacet
  facet normal  1.000000e+00  0.000000e+00  0.000000e+00
    outer loop
      vertex  0.000000e+00 -1.400000e+01  1.060000e+02
      vertex  0.000000e+00 -1.250000e+00  9.983494e+01
      vertex  0.000000e+00 -1.606969e+00  1.000849e+02
    endloop
  endfacet
  facet normal  9.999999e-01  0.000000e+00  0.000000e+00
    outer loop
      vertex  0.000000e+00 -1.400000e+01  1.060000e+02
      vertex  0.000000e+00 -1.606969e+00  1.000849e+02
      vertex  0.000000e+00 -1.915111e+00  1.003930e+02
    endloop
  endfacet
  facet normal  1.000000e+00  0.000000e+00  0.000000e+00
    outer loop
      vertex  0.000000e+00 -1.400000e+01  1.060000e+02
      vertex  0.000000e+00 -1.915111e+00  1.003930e+02
      vertex  0.000000e+00 -2.165064e+00  1.007500e+02
    endloop
  endfacet
  facet normal  1.000000e+00  0.000000e+00  0.000000e+00
    outer loop
      vertex  0.000000e+00 -1.400000e+01  1.060000e+02
      vertex  0.000000e+00 -2.165064e+00  1.007500e+02
      vertex  0.000000e+00 -2.349231e+00  1.011450e+02
    endloop
  endfacet
  facet normal  1.000000e+00  0.000000e+00  0.000000e+00
    outer loop
      vertex  0.000000e+00 -1.400000e+01  1.060000e+02
      vertex  0.000000e+00 -2.349231e+00  1.011450e+02
      vertex  0.000000e+00 -2.462019e+00  1.015659e+02
    endloop
  endfacet
  facet normal  1.000000e+00 -4.068094e-16 -1.058555e-15
    outer loop
      vertex  0.000000e+00 -1.400000e+01  1.060000e+02
      vertex  0.000000e+00 -2.462019e+00  1.015659e+02
      vertex  4.440892e-16 -2.500000e+00  1.020000e+02
    endloop
  endfacet
  facet normal  1.000000e+00  3.078295e-16  9.960322e-16
    outer loop
      vertex  0.000000e+00 -1.400000e+01  1.060000e+02
      vertex  4.440892e-16 -2.500000e+00  1.020000e+02
      vertex  0.000000e+00 -2.462019e+00  1.024341e+02
    endloop
  endfacet
  facet normal  1.000000e+00  0.000000e+00  -0.000000e+00
    outer loop
      vertex  0.000000e+00 -1.400000e+01  1.060000e+02
      vertex  0.000000e+00 -2.462019e+00  1.024341e+02
      vertex  0.000000e+00 -2.349231e+00  1.028550e+02
    endloop
  endfacet
  facet normal  1.000000e+00  0.000000e+00  -0.000000e+00
    outer loop
      vertex  0.000000e+00 -1.400000e+01  1.060000e+02
      vertex  0.000000e+00 -2.349231e+00  1.028550e+02
      vertex  0.000000e+00 -2.165064e+00  1.032500e+02
    endloop
  endfacet
  facet normal  9.999999e-01  0.000000e+00  -0.000000e+00
    outer loop
      vertex  0.000000e+00 -1.400000e+01  1.060000e+02
      vertex  0.000000e+00 -2.165064e+00  1.032500e+02
      vertex  0.000000e+00 -1.915111e+00  1.036070e+02
    endloop
  endfacet
  facet normal  1.000000e+00  0.000000e+00  -0.000000e+00
    outer loop
      vertex  0.000000e+00 -1.400000e+01  1.060000e+02
      vertex  0.000000e+00 -1.915111e+00  1.036070e+02
      vertex  0.000000e+00 -1.606969e+00  1.039151e+02
    endloop
  endfacet
  facet normal  1.000000e+00  0.000000e+00  -0.000000e+00
    outer loop
      vertex  0.000000e+00 -1.400000e+01  1.060000e+02
      vertex  0.000000e+00 -1.606969e+00  1.039151e+02
      vertex  0.000000e+00 -1.250000e+00  1.041651e+02
    endloop
  endfacet
  facet normal  1.000000e+00  0.000000e+00  -0.000000e+00
    outer loop
      vertex  0.000000e+00 -1.400000e+01  1.060000e+02
      vertex  0.000000e+00 -1.250000e+00  1.041651e+02
      vertex  0.000000e+00 -8.550504e-01  1.043492e+02
    endloop
  endfacet
  facet normal  1.000000e+00  0.000000e+00  -0.000000e+00
    outer loop
      vertex  0.000000e+00 -1.400000e+01  1.060000e+02
      vertex  0.000000e+00 -8.550504e-01  1.043492e+02
      vertex  0.000000e+00 -4.341204e-01  1.044620e+02
    endloop
  endfacet
  facet normal  1.000000e+00  0.000000e+00  -0.000000e+00
    outer loop
      vertex  0.000000e+00 -1.400000e+01  1.060000e+02
      vertex  0.000000e+00 -4.341204e-01  1.044620e+02
      vertex  0.000000e+00  5.282063e-16  1.045000e+02
    endloop
  endfacet
  facet normal  1.000000e+00  0.000000e+00  -0.000000e+00
    outer loop
      vertex  0.000000e+00 -1.400000e+01  1.060000e+02
      vertex  0.000000e+00  5.282063e-16  1.045000e+02
      vertex  0.000000e+00  1.400000e+01  1.060000e+02
    endloop
  endfacet
  facet normal  1.000000e+00  -0.000000e+00  0.000000e+00
    outer loop
      vertex  0.000000e+00  1.400000e+01  1.060000e+02
      vertex  0.000000e+00  5.282063e-16  1.045000e+02
      vertex  0.000000e+00  4.341204e-01  1.044620e+02
    endloop
  endfacet
  facet normal  1.000000e+00  -0.000000e+00  0.000000e+00
    outer loop
      vertex  0.000000e+00  1.400000e+01  1.060000e+02
      vertex  0.000000e+00  4.341204e-01  1.044620e+02
      vertex  0.000000e+00  8.550504e-01  1.043492e+02
    endloop
  endfacet
  facet normal  1.000000e+00  -0.000000e+00  0.000000e+00
    outer loop
      vertex  0.000000e+00  1.400000e+01  1.060000e+02
      vertex  0.000000e+00  8.550504e-01  1.043492e+02
      vertex  0.000000e+00  1.250000e+00  1.041651e+02
    endloop
  endfacet
  facet normal  9.999999e-01  -0.000000e+00  0.000000e+00
    outer loop
      vertex  0.000000e+00  1.400000e+01  1.060000e+02
      vertex  0.000000e+00  1.250000e+00  1.041651e+02
      vertex  0.000000e+00  1.606969e+00  1.039151e+02
    endloop
  endfacet
  facet normal  1.000000e+00  -0.000000e+00  0.000000e+00
    outer loop
      vertex  0.000000e+00  1.400000e+01  1.060000e+02
      vertex  0.000000e+00  1.606969e+00  1.039151e+02
      vertex  0.000000e+00  1.915111e+00  1.036070e+02
    endloop
  endfacet
  facet normal  1.000000e+00  -0.000000e+00  0.000000e+00
    outer loop
      vertex  0.000000e+00  1.400000e+01  1.060000e+02
      vertex  0.000000e+00  1.915111e+00  1.036070e+02
      vertex  0.000000e+00  2.165064e+00  1.032500e+02
    endloop
  endfacet
  facet normal  1.000000e+00  -0.000000e+00  0.000000e+00
    outer loop
      vertex  0.000000e+00  1.400000e+01  1.060000e+02
      vertex  0.000000e+00  2.165064e+00  1.032500e+02
      vertex  0.000000e+00  2.349231e+00  1.028550e+02
    endloop
  endfacet
  facet normal  1.000000e+00  -0.000000e+00  0.000000e+00
    outer loop
      vertex  0.000000e+00  1.400000e+01  1.060000e+02
      vertex  0.000000e+00  2.349231e+00  1.028550e+02
      vertex  0.000000e+00  2.462019e+00  1.024341e+02
    endloop
  endfacet
  facet normal  1.000000e+00  -0.000000e+00  0.000000e+00
    outer loop
      vertex  0.000000e+00  1.400000e+01  1.060000e+02
      vertex  0.000000e+00  2.462019e+00  1.024341e+02
      vertex  0.000000e+00  2.500000e+00  1.020000e+02
    endloop
  endfacet
  facet normal  1.000000e+00  -0.000000e+00  0.000000e+00
    outer loop
      vertex  0.000000e+00  1.400000e+01  1.060000e+02
      vertex  0.000000e+00  2.500000e+00  1.020000e+02
      vertex  0.000000e+00  2.462019e+00  1.015659e+02
    endloop
  endfacet
  facet normal  1.000000e+00  -0.000000e+00  0.000000e+00
    outer loop
      vertex  0.000000e+00  1.400000e+01  1.060000e+02
      vertex  0.000000e+00  2.462019e+00  1.015659e+02
      vertex  0.000000e+00  2.349231e+00  1.011450e+02
    endloop
  endfacet
  facet normal  1.000000e+00  -0.000000e+00  0.000000e+00
    outer loop
      vertex  0.000000e+00  1.400000e+01  1.060000e+02
      vertex  0.000000e+00  2.349231e+00  1.011450e+02
      vertex  0.000000e+00  2.165064e+00  1.007500e+02
    endloop
  endfacet
  facet normal  1.000000e+00  -0.000000e+00  0.000000e+00
    outer loop
      vertex  0.000000e+00  1.400000e+01  1.060000e+02
      vertex  0.000000e+00  2.165064e+00  1.007500e+02
      vertex  0.000000e+00  1.915111e+00  1.003930e+02
    endloop
  endfacet
  facet normal  1.000000e+00  -0.000000e+00  0.000000e+00
    outer loop
      vertex  0.000000e+00  1.400000e+01  1.060000e+02
      vertex  0.000000e+00  1.915111e+00  1.003930e+02
      vertex  0.000000e+00  1.606969e+00  1.000849e+02
    endloop
  endfacet
  facet normal  9.999999e-01  -0.000000e+00  0.000000e+00
    outer loop
      vertex  0.000000e+00  1.400000e+01  1.060000e+02
      vertex  0.000000e+00  1.606969e+00  1.000849e+02
      vertex  0.000000e+00  1.250000e+00  9.983494e+01
    endloop
  endfacet
  facet normal  1.000000e+00  1.065814e-15  0.000000e+00
    outer loop
      vertex  0.000000e+00  1.400000e+01  9.400000e+01
      vertex  0.000000e+00  1.400000e+01  1.060000e+02
      vertex  5.329071e-15  9.000000e+00  9.400000e+01
    endloop
  endfacet
  facet normal  1.000000e+00 -1.492140e-15  1.065814e-15
    outer loop
      vertex  5.329071e-15  9.000000e+00  9.400000e+01
      vertex  0.000000e+00  1.400000e+01  1.060000e+02
      vertex  0.000000e+00  9.000000e+00  9.900000e+01
    endloop
  endfacet
  facet normal  7.071068e-01  0.000000e+00 -7.071068e-01
    outer loop
      vertex -2.000000e+00  1.400000e+01  9.200000e+01
      vertex  0.000000e+00  1.400000e+01  9.400000e+01
      vertex -2.000000e+00  9.000000e+00  9.200000e+01
    endloop
  endfacet
  facet normal  7.071068e-01  0.000000e+00 -7.071068e-01
    outer loop
      vertex -2.000000e+00  9.000000e+00  9.200000e+01
      vertex  0.000000e+00  1.400000e+01  9.400000e+01
      vertex  5.329071e-15  9.000000e+00  9.400000e+01
    endloop
  endfacet
  facet normal  9.999999e-01  0.000000e+00  0.000000e+00
    outer loop
      vertex -2.000000e+00 -1.400000e+01  5.600000e+01
      vertex -2.000000e+00 -9.000000e+00  5.600000e+01
      vertex -2.000000e+00 -1.400000e+01  5.913393e+01
    endloop
  endfacet
  facet normal  9.999999e-01  -0.000000e+00  0.000000e+00
    outer loop
      vertex -2.000000e+00 -1.400000e+01  5.913393e+01
      vertex -2.000000e+00 -9.000000e+00  5.600000e+01
      vertex -2.000000e+00 -9.000000e+00  5.913393e+01
    endloop
  endfacet
  facet normal  7.071068e-01  0.000000e+00  7.071068e-01
    outer loop
      vertex  5.329071e-15 -9.000000e+00  5.400000e+01
      vertex -2.000000e+00 -9.000000e+00  5.600000e+01
      vertex  0.000000e+00 -1.400000e+01  5.400000e+01
    endloop
  endfacet
  facet normal  7.071068e-01  0.000000e+00  7.071068e-01
    outer loop
      vertex  0.000000e+00 -1.400000e+01  5.400000e+01
      vertex -2.000000e+00 -9.000000e+00  5.600000e+01
      vertex -2.000000e+00 -1.400000e+01  5.600000e+01
    endloop
  endfacet
  facet normal  9.999999e-01  0.000000e+00  0.000000e+00
    outer loop
      vertex -2.000000e+00  9.000000e+00  5.600000e+01
      vertex -2.000000e+00  1.400000e+01  5.600000e+01
      vertex -2.000000e+00  9.000000e+00  5.913393e+01
    endloop
  endfacet
  facet normal  9.999999e-01  -0.000000e+00  0.000000e+00
    outer loop
      vertex -2.000000e+00  9.000000e+00  5.913393e+01
      vertex -2.000000e+00  1.400000e+01  5.600000e+01
      vertex -2.000000e+00  1.400000e+01  5.913393e+01
    endloop
  endfacet
  facet normal  1.000000e+00 -3.394273e-15  6.788544e-15
    outer loop
      vertex  0.000000e+00 -3.000000e+00  4.200000e+01
      vertex  4.073127e-14 -3.000000e+00  3.600000e+01
      vertex  0.000000e+00 -6.123234e-16  4.350000e+01
    endloop
  endfacet
  facet normal  1.000000e+00  0.000000e+00  0.000000e+00
    outer loop
      vertex  0.000000e+00  3.000000e+00  4.200000e+01
      vertex  0.000000e+00  1.400000e+01  4.200000e+01
      vertex  0.000000e+00  9.000000e+00  4.900000e+01
    endloop
  endfacet
  facet normal  1.000000e+00  0.000000e+00  0.000000e+00
    outer loop
      vertex  0.000000e+00  3.000000e+00  4.200000e+01
      vertex  0.000000e+00  9.000000e+00  4.900000e+01
      vertex  0.000000e+00  1.250000e+00  4.383494e+01
    endloop
  endfacet
  facet normal  1.000000e+00  0.000000e+00  0.000000e+00
    outer loop
      vertex  0.000000e+00  3.000000e+00  4.200000e+01
      vertex  0.000000e+00  1.250000e+00  4.383494e+01
      vertex  0.000000e+00  8.550504e-01  4.365077e+01
    endloop
  endfacet
  facet normal  9.999999e-01  0.000000e+00  0.000000e+00
    outer loop
      vertex  0.000000e+00  3.000000e+00  4.200000e+01
      vertex  0.000000e+00  8.550504e-01  4.365077e+01
      vertex  0.000000e+00  4.341204e-01  4.353798e+01
    endloop
  endfacet
  facet normal  9.999999e-01  0.000000e+00  0.000000e+00
    outer loop
      vertex  0.000000e+00  3.000000e+00  4.200000e+01
      vertex  0.000000e+00  4.341204e-01  4.353798e+01
      vertex  0.000000e+00 -6.123234e-16  4.350000e+01
    endloop
  endfacet
  facet normal  1.000000e+00  2.262848e-15  4.525696e-15
    outer loop
      vertex  0.000000e+00  3.000000e+00  4.200000e+01
      vertex  0.000000e+00 -6.123234e-16  4.350000e+01
      vertex  4.073127e-14 -3.000000e+00  3.600000e+01
    endloop
  endfacet
  facet normal  1.000000e+00  -0.000000e+00  6.788544e-15
    outer loop
      vertex  0.000000e+00  3.000000e+00  4.200000e+01
      vertex  4.073127e-14 -3.000000e+00  3.600000e+01
      vertex  4.073127e-14  3.000000e+00  3.600000e+01
    endloop
  endfacet
  facet normal  1.000000e+00  0.000000e+00  0.000000e+00
    outer loop
      vertex  0.000000e+00 -9.000000e+00  4.900000e+01
      vertex  0.000000e+00 -1.250000e+00  4.383494e+01
      vertex  0.000000e+00 -1.606969e+00  4.408489e+01
    endloop
  endfacet
  facet normal  1.000000e+00  0.000000e+00  0.000000e+00
    outer loop
      vertex  0.000000e+00 -9.000000e+00  4.900000e+01
      vertex  0.000000e+00 -1.606969e+00  4.408489e+01
      vertex  0.000000e+00 -1.915111e+00  4.439303e+01
    endloop
  endfacet
  facet normal  1.000000e+00  0.000000e+00  0.000000e+00
    outer loop
      vertex  0.000000e+00 -9.000000e+00  4.900000e+01
      vertex  0.000000e+00 -1.915111e+00  4.439303e+01
      vertex  0.000000e+00 -2.165064e+00  4.475000e+01
    endloop
  endfacet
  facet normal  1.000000e+00  0.000000e+00  0.000000e+00
    outer loop
      vertex  0.000000e+00 -9.000000e+00  4.900000e+01
      vertex  0.000000e+00 -2.165064e+00  4.475000e+01
      vertex  0.000000e+00 -2.349231e+00  4.514495e+01
    endloop
  endfacet
  facet normal  1.000000e+00  0.000000e+00  0.000000e+00
    outer loop
      vertex  0.000000e+00 -9.000000e+00  4.900000e+01
      vertex  0.000000e+00 -2.349231e+00  4.514495e+01
      vertex  0.000000e+00 -2.462019e+00  4.556588e+01
    endloop
  endfacet
  facet normal  1.000000e+00 -5.632002e-16 -1.072237e-15
    outer loop
      vertex  0.000000e+00 -9.000000e+00  4.900000e+01
      vertex  0.000000e+00 -2.462019e+00  4.556588e+01
      vertex  4.440892e-16 -2.500000e+00  4.600000e+01
    endloop
  endfacet
  facet normal  1.000000e+00  3.881427e-16  9.890057e-16
    outer loop
      vertex  0.000000e+00 -9.000000e+00  4.900000e+01
      vertex  4.440892e-16 -2.500000e+00  4.600000e+01
      vertex  0.000000e+00 -2.462019e+00  4.643412e+01
    endloop
  endfacet
  facet normal  1.000000e+00  0.000000e+00  -0.000000e+00
    outer loop
      vertex  0.000000e+00 -9.000000e+00  4.900000e+01
      vertex  0.000000e+00 -2.462019e+00  4.643412e+01
      vertex  0.000000e+00 -2.349231e+00  4.685505e+01
    endloop
  endfacet
  facet normal  1.000000e+00  0.000000e+00  -0.000000e+00
    outer loop
      vertex  0.000000e+00 -9.000000e+00  4.900000e+01
      vertex  0.000000e+00 -2.349231e+00  4.685505e+01
      vertex  0.000000e+00 -2.165064e+00  4.725000e+01
    endloop
  endfacet
  facet normal  1.000000e+00  0.000000e+00  -0.000000e+00
    outer loop
      vertex  0.000000e+00 -9.000000e+00  4.900000e+01
      vertex  0.000000e+00 -2.165064e+00  4.725000e+01
      vertex  0.000000e+00 -1.915111e+00  4.760697e+01
    endloop
  endfacet
  facet normal  1.000000e+00  0.000000e+00  -0.000000e+00
    outer loop
      vertex  0.000000e+00 -9.000000e+00  4.900000e+01
      vertex  0.000000e+00 -1.915111e+00  4.760697e+01
      vertex  0.000000e+00 -1.606969e+00  4.791511e+01
    endloop
  endfacet
  facet normal  1.000000e+00  0.000000e+00  -0.000000e+00
    outer loop
      vertex  0.000000e+00 -9.000000e+00  4.900000e+01
      vertex  0.000000e+00 -1.606969e+00  4.791511e+01
      vertex  0.000000e+00 -1.250000e+00  4.816506e+01
    endloop
  endfacet
  facet normal  1.000000e+00  0.000000e+00  -0.000000e+00
    outer loop
      vertex  0.000000e+00 -9.000000e+00  4.900000e+01
      vertex  0.000000e+00 -1.250000e+00  4.816506e+01
      vertex  0.000000e+00 -8.550504e-01  4.834923e+01
    endloop
  endfacet
  facet normal  1.000000e+00  0.000000e+00  -0.000000e+00
    outer loop
      vertex  0.000000e+00 -9.000000e+00  4.900000e+01
      vertex  0.000000e+00 -8.550504e-01  4.834923e+01
      vertex  0.000000e+00 -4.341204e-01  4.846202e+01
    endloop
  endfacet
  facet normal  1.000000e+00  0.000000e+00  -0.000000e+00
    outer loop
      vertex  0.000000e+00 -9.000000e+00  4.900000e+01
      vertex  0.000000e+00 -4.341204e-01  4.846202e+01
      vertex  0.000000e+00  3.061617e-16  4.850000e+01
    endloop
  endfacet
  facet normal  1.000000e+00  0.000000e+00  -0.000000e+00
    outer loop
      vertex  0.000000e+00 -9.000000e+00  4.900000e+01
      vertex  0.000000e+00  3.061617e-16  4.850000e+01
      vertex  0.000000e+00  9.000000e+00  4.900000e+01
    endloop
  endfacet
  facet normal  1.000000e+00  0.000000e+00  -0.000000e+00
    outer loop
      vertex  0.000000e+00 -1.400000e+01  4.200000e+01
      vertex  0.000000e+00 -3.000000e+00  4.200000e+01
      vertex  0.000000e+00 -6.123234e-16  4.350000e+01
    endloop
  endfacet
  facet normal  1.000000e+00  0.000000e+00  0.000000e+00
    outer loop
      vertex  0.000000e+00 -1.400000e+01  4.200000e+01
      vertex  0.000000e+00 -6.123234e-16  4.350000e+01
      vertex  0.000000e+00 -4.341204e-01  4.353798e+01
    endloop
  endfacet
  facet normal  1.000000e+00  0.000000e+00  0.000000e+00
    outer loop
      vertex  0.000000e+00 -1.400000e+01  4.200000e+01
      vertex  0.000000e+00 -4.341204e-01  4.353798e+01
      vertex  0.000000e+00 -8.550504e-01  4.365077e+01
    endloop
  endfacet
  facet normal  1.000000e+00  0.000000e+00  0.000000e+00
    outer loop
      vertex  0.000000e+00 -1.400000e+01  4.200000e+01
      vertex  0.000000e+00 -8.550504e-01  4.365077e+01
      vertex  0.000000e+00 -1.250000e+00  4.383494e+01
    endloop
  endfacet
  facet normal  1.000000e+00  0.000000e+00  0.000000e+00
    outer loop
      vertex  0.000000e+00 -1.400000e+01  4.200000e+01
      vertex  0.000000e+00 -1.250000e+00  4.383494e+01
      vertex  0.000000e+00 -9.000000e+00  4.900000e+01
    endloop
  endfacet
  facet normal  1.000000e+00  1.492140e-15 -1.065814e-15
    outer loop
      vertex  0.000000e+00 -1.400000e+01  4.200000e+01
      vertex  0.000000e+00 -9.000000e+00  4.900000e+01
      vertex  5.329071e-15 -9.000000e+00  5.400000e+01
    endloop
  endfacet
  facet normal  1.000000e+00 -1.065814e-15  0.000000e+00
    outer loop
      vertex  0.000000e+00 -1.400000e+01  4.200000e+01
      vertex  5.329071e-15 -9.000000e+00  5.400000e+01
      vertex  0.000000e+00 -1.400000e+01  5.400000e+01
    endloop
  endfacet
  facet normal  1.000000e+00  -0.000000e+00  0.000000e+00
    outer loop
      vertex  0.000000e+00  9.000000e+00  4.900000e+01
      vertex  0.000000e+00  3.061617e-16  4.850000e+01
      vertex  0.000000e+00  4.341204e-01  4.846202e+01
    endloop
  endfacet
  facet normal  1.000000e+00  -0.000000e+00  0.000000e+00
    outer loop
      vertex  0.000000e+00  9.000000e+00  4.900000e+01
      vertex  0.000000e+00  4.341204e-01  4.846202e+01
      vertex  0.000000e+00  8.550504e-01  4.834923e+01
    endloop
  endfacet
  facet normal  1.000000e+00  -0.000000e+00  0.000000e+00
    outer loop
      vertex  0.000000e+00  9.000000e+00  4.900000e+01
      vertex  0.000000e+00  8.550504e-01  4.834923e+01
      vertex  0.000000e+00  1.250000e+00  4.816506e+01
    endloop
  endfacet
  facet normal  1.000000e+00  -0.000000e+00  0.000000e+00
    outer loop
      vertex  0.000000e+00  9.000000e+00  4.900000e+01
      vertex  0.000000e+00  1.250000e+00  4.816506e+01
      vertex  0.000000e+00  1.606969e+00  4.791511e+01
    endloop
  endfacet
  facet normal  1.000000e+00  -0.000000e+00  0.000000e+00
    outer loop
      vertex  0.000000e+00  9.000000e+00  4.900000e+01
      vertex  0.000000e+00  1.606969e+00  4.791511e+01
      vertex  0.000000e+00  1.915111e+00  4.760697e+01
    endloop
  endfacet
  facet normal  1.000000e+00  -0.000000e+00  0.000000e+00
    outer loop
      vertex  0.000000e+00  9.000000e+00  4.900000e+01
      vertex  0.000000e+00  1.915111e+00  4.760697e+01
      vertex  0.000000e+00  2.165064e+00  4.725000e+01
    endloop
  endfacet
  facet normal  1.000000e+00  -0.000000e+00  0.000000e+00
    outer loop
      vertex  0.000000e+00  9.000000e+00  4.900000e+01
      vertex  0.000000e+00  2.165064e+00  4.725000e+01
      vertex  0.000000e+00  2.349231e+00  4.685505e+01
    endloop
  endfacet
  facet normal  1.000000e+00  -0.000000e+00  0.000000e+00
    outer loop
      vertex  0.000000e+00  9.000000e+00  4.900000e+01
      vertex  0.000000e+00  2.349231e+00  4.685505e+01
      vertex  0.000000e+00  2.462019e+00  4.643412e+01
    endloop
  endfacet
  facet normal  1.000000e+00  -0.000000e+00  0.000000e+00
    outer loop
      vertex  0.000000e+00  9.000000e+00  4.900000e+01
      vertex  0.000000e+00  2.462019e+00  4.643412e+01
      vertex  0.000000e+00  2.500000e+00  4.600000e+01
    endloop
  endfacet
  facet normal  1.000000e+00  -0.000000e+00  0.000000e+00
    outer loop
      vertex  0.000000e+00  9.000000e+00  4.900000e+01
      vertex  0.000000e+00  2.500000e+00  4.600000e+01
      vertex  0.000000e+00  2.462019e+00  4.556588e+01
    endloop
  endfacet
  facet normal  1.000000e+00  -0.000000e+00  0.000000e+00
    outer loop
      vertex  0.000000e+00  9.000000e+00  4.900000e+01
      vertex  0.000000e+00  2.462019e+00  4.556588e+01
      vertex  0.000000e+00  2.349231e+00  4.514495e+01
    endloop
  endfacet
  facet normal  1.000000e+00  -0.000000e+00  0.000000e+00
    outer loop
      vertex  0.000000e+00  9.000000e+00  4.900000e+01
      vertex  0.000000e+00  2.349231e+00  4.514495e+01
      vertex  0.000000e+00  2.165064e+00  4.475000e+01
    endloop
  endfacet
  facet normal  1.000000e+00  -0.000000e+00  0.000000e+00
    outer loop
      vertex  0.000000e+00  9.000000e+00  4.900000e+01
      vertex  0.000000e+00  2.165064e+00  4.475000e+01
      vertex  0.000000e+00  1.915111e+00  4.439303e+01
    endloop
  endfacet
  facet normal  1.000000e+00  -0.000000e+00  0.000000e+00
    outer loop
      vertex  0.000000e+00  9.000000e+00  4.900000e+01
      vertex  0.000000e+00  1.915111e+00  4.439303e+01
      vertex  0.000000e+00  1.606969e+00  4.408489e+01
    endloop
  endfacet
  facet normal  1.000000e+00  -0.000000e+00  0.000000e+00
    outer loop
      vertex  0.000000e+00  9.000000e+00  4.900000e+01
      vertex  0.000000e+00  1.606969e+00  4.408489e+01
      vertex  0.000000e+00  1.250000e+00  4.383494e+01
    endloop
  endfacet
  facet normal  1.000000e+00  -0.000000e+00  0.000000e+00
    outer loop
      vertex  0.000000e+00  1.400000e+01  5.400000e+01
      vertex  0.000000e+00  9.000000e+00  5.400000e+01
      vertex  0.000000e+00  1.400000e+01  4.200000e+01
    endloop
  endfacet
  facet normal  1.000000e+00  0.000000e+00  0.000000e+00
    outer loop
      vertex  0.000000e+00  1.400000e+01  4.200000e+01
      vertex  0.000000e+00  9.000000e+00  5.400000e+01
      vertex  0.000000e+00  9.000000e+00  4.900000e+01
    endloop
  endfacet
  facet normal  7.071068e-01  0.000000e+00  7.071068e-01
    outer loop
      vertex  0.000000e+00  1.400000e+01  5.400000e+01
      vertex -2.000000e+00  1.400000e+01  5.600000e+01
      vertex  0.000000e+00  9.000000e+00  5.400000e+01
    endloop
  endfacet
  facet normal  7.071068e-01  0.000000e+00  7.071068e-01
    outer loop
      vertex  0.000000e+00  9.000000e+00  5.400000e+01
      vertex -2.000000e+00  1.400000e+01  5.600000e+01
      vertex -2.000000e+00  9.000000e+00  5.600000e+01
    endloop
  endfacet
  facet normal  9.993547e-01  0.000000e+00 -3.591869e-02
    outer loop
      vertex -1.500000e+01  9.000000e+00  7.400000e+01
      vertex -1.496130e+01  1.400000e+01  7.507687e+01
      vertex -1.496130e+01  9.000000e+00  7.507687e+01
    endloop
  endfacet
  facet normal  9.941974e-01  0.000000e+00 -1.075715e-01
    outer loop
      vertex -1.496130e+01  9.000000e+00  7.507687e+01
      vertex -1.496130e+01  1.400000e+01  7.507687e+01
      vertex -1.484538e+01  1.400000e+01  7.614819e+01
    endloop
  endfacet
  facet normal  9.941974e-01  0.000000e+00 -1.075715e-01
    outer loop
      vertex -1.496130e+01  9.000000e+00  7.507687e+01
      vertex -1.484538e+01  1.400000e+01  7.614819e+01
      vertex -1.484538e+01  9.000000e+00  7.614819e+01
    endloop
  endfacet
  facet normal  9.839092e-01  0.000000e+00 -1.786692e-01
    outer loop
      vertex -1.484538e+01  9.000000e+00  7.614819e+01
      vertex -1.484538e+01  1.400000e+01  7.614819e+01
      vertex -1.465285e+01  1.400000e+01  7.720841e+01
    endloop
  endfacet
  facet normal  9.839092e-01  0.000000e+00 -1.786692e-01
    outer loop
      vertex -1.484538e+01  9.000000e+00  7.614819e+01
      vertex -1.465285e+01  1.400000e+01  7.720841e+01
      vertex -1.465285e+01  9.000000e+00  7.720841e+01
    endloop
  endfacet
  facet normal  9.685437e-01  0.000000e+00 -2.488435e-01
    outer loop
      vertex -1.465285e+01  9.000000e+00  7.720841e+01
      vertex -1.465285e+01  1.400000e+01  7.720841e+01
      vertex -1.438471e+01  1.400000e+01  7.825208e+01
    endloop
  endfacet
  facet normal  9.685437e-01  0.000000e+00 -2.488435e-01
    outer loop
      vertex -1.465285e+01  9.000000e+00  7.720841e+01
      vertex -1.438471e+01  1.400000e+01  7.825208e+01
      vertex -1.438471e+01  9.000000e+00  7.825208e+01
    endloop
  endfacet
  facet normal  9.481798e-01  0.000000e+00 -3.177344e-01
    outer loop
      vertex -1.438471e+01  9.000000e+00  7.825208e+01
      vertex -1.438471e+01  1.400000e+01  7.825208e+01
      vertex -1.404233e+01  1.400000e+01  7.927381e+01
    endloop
  endfacet
  facet normal  9.481798e-01  0.000000e+00 -3.177344e-01
    outer loop
      vertex -1.438471e+01  9.000000e+00  7.825208e+01
      vertex -1.404233e+01  1.400000e+01  7.927381e+01
      vertex -1.404233e+01  9.000000e+00  7.927381e+01
    endloop
  endfacet
  facet normal  9.229218e-01  0.000000e+00 -3.849874e-01
    outer loop
      vertex -1.404233e+01  9.000000e+00  7.927381e+01
      vertex -1.404233e+01  1.400000e+01  7.927381e+01
      vertex -1.362748e+01  1.400000e+01  8.026832e+01
    endloop
  endfacet
  facet normal  9.229218e-01  0.000000e+00 -3.849874e-01
    outer loop
      vertex -1.404233e+01  9.000000e+00  7.927381e+01
      vertex -1.362748e+01  1.400000e+01  8.026832e+01
      vertex -1.362748e+01  9.000000e+00  8.026832e+01
    endloop
  endfacet
  facet normal  8.929029e-01  0.000000e+00 -4.502491e-01
    outer loop
      vertex -1.362748e+01  9.000000e+00  8.026832e+01
      vertex -1.362748e+01  1.400000e+01  8.026832e+01
      vertex -1.314230e+01  1.400000e+01  8.123048e+01
    endloop
  endfacet
  facet normal  8.929029e-01  0.000000e+00 -4.502491e-01
    outer loop
      vertex -1.362748e+01  9.000000e+00  8.026832e+01
      vertex -1.314230e+01  1.400000e+01  8.123048e+01
      vertex -1.314230e+01  9.000000e+00  8.123048e+01
    endloop
  endfacet
  facet normal  8.582731e-01  0.000000e+00 -5.131931e-01
    outer loop
      vertex -1.314230e+01  9.000000e+00  8.123048e+01
      vertex -1.314230e+01  1.400000e+01  8.123048e+01
      vertex -1.258930e+01  1.400000e+01  8.215533e+01
    endloop
  endfacet
  facet normal  8.582731e-01  0.000000e+00 -5.131931e-01
    outer loop
      vertex -1.314230e+01  9.000000e+00  8.123048e+01
      vertex -1.258930e+01  1.400000e+01  8.215533e+01
      vertex -1.258930e+01  9.000000e+00  8.215533e+01
    endloop
  endfacet
  facet normal  8.192185e-01  0.000000e+00 -5.734816e-01
    outer loop
      vertex -1.258930e+01  9.000000e+00  8.215533e+01
      vertex -1.258930e+01  1.400000e+01  8.215533e+01
      vertex -1.197134e+01  1.400000e+01  8.303809e+01
    endloop
  endfacet
  facet normal  8.192185e-01  0.000000e+00 -5.734816e-01
    outer loop
      vertex -1.258930e+01  9.000000e+00  8.215533e+01
      vertex -1.197134e+01  1.400000e+01  8.303809e+01
      vertex -1.197134e+01  9.000000e+00  8.303809e+01
    endloop
  endfacet
  facet normal  7.759297e-01  0.000000e+00 -6.308195e-01
    outer loop
      vertex -1.197134e+01  9.000000e+00  8.303809e+01
      vertex -1.197134e+01  1.400000e+01  8.303809e+01
      vertex -1.129159e+01  1.400000e+01  8.387421e+01
    endloop
  endfacet
  facet normal  7.759297e-01  0.000000e+00 -6.308195e-01
    outer loop
      vertex -1.197134e+01  9.000000e+00  8.303809e+01
      vertex -1.129159e+01  1.400000e+01  8.387421e+01
      vertex -1.129159e+01  9.000000e+00  8.387421e+01
    endloop
  endfacet
  facet normal  7.286435e-01  0.000000e+00 -6.848933e-01
    outer loop
      vertex -1.129159e+01  9.000000e+00  8.387421e+01
      vertex -1.129159e+01  1.400000e+01  8.387421e+01
      vertex -1.055357e+01  1.400000e+01  8.465937e+01
    endloop
  endfacet
  facet normal  7.286435e-01  0.000000e+00 -6.848933e-01
    outer loop
      vertex -1.129159e+01  9.000000e+00  8.387421e+01
      vertex -1.055357e+01  1.400000e+01  8.465937e+01
      vertex -1.055357e+01  9.000000e+00  8.465937e+01
    endloop
  endfacet
  facet normal  6.775914e-01  0.000000e+00 -7.354386e-01
    outer loop
      vertex -1.055357e+01  9.000000e+00  8.465937e+01
      vertex -1.055357e+01  1.400000e+01  8.465937e+01
      vertex -9.761087e+00  1.400000e+01  8.538952e+01
    endloop
  endfacet
  facet normal  6.775914e-01  0.000000e+00 -7.354386e-01
    outer loop
      vertex -1.055357e+01  9.000000e+00  8.465937e+01
      vertex -9.761087e+00  1.400000e+01  8.538952e+01
      vertex -9.761087e+00  9.000000e+00  8.538952e+01
    endloop
  endfacet
  facet normal  6.230488e-01  0.000000e+00 -7.821829e-01
    outer loop
      vertex -9.761087e+00  9.000000e+00  8.538952e+01
      vertex -9.761087e+00  1.400000e+01  8.538952e+01
      vertex -8.918230e+00  1.400000e+01  8.606090e+01
    endloop
  endfacet
  facet normal  6.230488e-01  0.000000e+00 -7.821829e-01
    outer loop
      vertex -9.761087e+00  9.000000e+00  8.538952e+01
      vertex -8.918230e+00  1.400000e+01  8.606090e+01
      vertex -8.918230e+00  9.000000e+00  8.606090e+01
    endloop
  endfacet
  facet normal  5.652838e-01  0.000000e+00 -8.248965e-01
    outer loop
      vertex -8.918230e+00  9.000000e+00  8.606090e+01
      vertex -8.918230e+00  1.400000e+01  8.606090e+01
      vertex -8.029349e+00  1.400000e+01  8.667003e+01
    endloop
  endfacet
  facet normal  5.652838e-01  0.000000e+00 -8.248965e-01
    outer loop
      vertex -8.918230e+00  9.000000e+00  8.606090e+01
      vertex -8.029349e+00  1.400000e+01  8.667003e+01
      vertex -8.029349e+00  9.000000e+00  8.667003e+01
    endloop
  endfacet
  facet normal  5.046008e-01  0.000000e+00 -8.633528e-01
    outer loop
      vertex -8.029349e+00  9.000000e+00  8.667003e+01
      vertex -8.029349e+00  1.400000e+01  8.667003e+01
      vertex -7.099032e+00  1.400000e+01  8.721377e+01
    endloop
  endfacet
  facet normal  5.046008e-01  0.000000e+00 -8.633528e-01
    outer loop
      vertex -8.029349e+00  9.000000e+00  8.667003e+01
      vertex -7.099032e+00  1.400000e+01  8.721377e+01
      vertex -7.099032e+00  9.000000e+00  8.721377e+01
    endloop
  endfacet
  facet normal  4.413231e-01  0.000000e+00 -8.973483e-01
    outer loop
      vertex -7.099032e+00  9.000000e+00  8.721377e+01
      vertex -7.099032e+00  1.400000e+01  8.721377e+01
      vertex -6.132079e+00  1.400000e+01  8.768932e+01
    endloop
  endfacet
  facet normal  4.413231e-01  0.000000e+00 -8.973483e-01
    outer loop
      vertex -7.099032e+00  9.000000e+00  8.721377e+01
      vertex -6.132079e+00  1.400000e+01  8.768932e+01
      vertex -6.132079e+00  9.000000e+00  8.768932e+01
    endloop
  endfacet
  facet normal  3.757607e-01  0.000000e+00 -9.267166e-01
    outer loop
      vertex -6.132079e+00  9.000000e+00  8.768932e+01
      vertex -6.132079e+00  1.400000e+01  8.768932e+01
      vertex -5.133480e+00  1.400000e+01  8.809423e+01
    endloop
  endfacet
  facet normal  3.757607e-01  0.000000e+00 -9.267166e-01
    outer loop
      vertex -6.132079e+00  9.000000e+00  8.768932e+01
      vertex -5.133480e+00  1.400000e+01  8.809423e+01
      vertex -5.133480e+00  9.000000e+00  8.809423e+01
    endloop
  endfacet
  facet normal  3.082649e-01  0.000000e+00 -9.513006e-01
    outer loop
      vertex -5.133480e+00  9.000000e+00  8.809423e+01
      vertex -5.133480e+00  1.400000e+01  8.809423e+01
      vertex -4.108389e+00  1.400000e+01  8.842641e+01
    endloop
  endfacet
  facet normal  3.082649e-01  0.000000e+00 -9.513006e-01
    outer loop
      vertex -5.133480e+00  9.000000e+00  8.809423e+01
      vertex -4.108389e+00  1.400000e+01  8.842641e+01
      vertex -4.108389e+00  9.000000e+00  8.842641e+01
    endloop
  endfacet
  facet normal  2.391694e-01  0.000000e+00 -9.709779e-01
    outer loop
      vertex -4.108389e+00  9.000000e+00  8.842641e+01
      vertex -4.108389e+00  1.400000e+01  8.842641e+01
      vertex -3.062096e+00  1.400000e+01  8.868413e+01
    endloop
  endfacet
  facet normal  2.391694e-01  0.000000e+00 -9.709779e-01
    outer loop
      vertex -4.108389e+00  9.000000e+00  8.842641e+01
      vertex -3.062096e+00  1.400000e+01  8.868413e+01
      vertex -3.062096e+00  9.000000e+00  8.868413e+01
    endloop
  endfacet
  facet normal  1.688418e-01  0.000000e+00 -9.856432e-01
    outer loop
      vertex -3.062096e+00  9.000000e+00  8.868413e+01
      vertex -3.062096e+00  1.400000e+01  8.868413e+01
      vertex -2.000000e+00  1.400000e+01  8.886607e+01
    endloop
  endfacet
  facet normal  1.688418e-01  0.000000e+00 -9.856432e-01
    outer loop
      vertex -3.062096e+00  9.000000e+00  8.868413e+01
      vertex -2.000000e+00  1.400000e+01  8.886607e+01
      vertex -2.000000e+00  9.000000e+00  8.886607e+01
    endloop
  endfacet
  facet normal  9.993547e-01  0.000000e+00 -3.591869e-02
    outer loop
      vertex -1.496130e+01  1.400000e+01  7.507687e+01
      vertex -1.500000e+01  9.000000e+00  7.400000e+01
      vertex -1.500000e+01  1.400000e+01  7.400000e+01
    endloop
  endfacet
  facet normal  9.993547e-01  0.000000e+00  3.591869e-02
    outer loop
      vertex -1.500000e+01  1.400000e+01  7.400000e+01
      vertex -1.500000e+01  9.000000e+00  7.400000e+01
      vertex -1.496130e+01  9.000000e+00  7.292313e+01
    endloop
  endfacet
  facet normal  9.993547e-01  -0.000000e+00  3.591869e-02
    outer loop
      vertex -1.500000e+01  1.400000e+01  7.400000e+01
      vertex -1.496130e+01  9.000000e+00  7.292313e+01
      vertex -1.496130e+01  1.400000e+01  7.292313e+01
    endloop
  endfacet
  facet normal  9.941974e-01  0.000000e+00  1.075715e-01
    outer loop
      vertex -1.496130e+01  1.400000e+01  7.292313e+01
      vertex -1.496130e+01  9.000000e+00  7.292313e+01
      vertex -1.484538e+01  9.000000e+00  7.185181e+01
    endloop
  endfacet
  facet normal  9.941974e-01  -0.000000e+00  1.075715e-01
    outer loop
      vertex -1.496130e+01  1.400000e+01  7.292313e+01
      vertex -1.484538e+01  9.000000e+00  7.185181e+01
      vertex -1.484538e+01  1.400000e+01  7.185181e+01
    endloop
  endfacet
  facet normal  9.839092e-01  0.000000e+00  1.786692e-01
    outer loop
      vertex -1.484538e+01  1.400000e+01  7.185181e+01
      vertex -1.484538e+01  9.000000e+00  7.185181e+01
      vertex -1.465285e+01  9.000000e+00  7.079159e+01
    endloop
  endfacet
  facet normal  9.839092e-01  -0.000000e+00  1.786692e-01
    outer loop
      vertex -1.484538e+01  1.400000e+01  7.185181e+01
      vertex -1.465285e+01  9.000000e+00  7.079159e+01
      vertex -1.465285e+01  1.400000e+01  7.079159e+01
    endloop
  endfacet
  facet normal  9.685437e-01  0.000000e+00  2.488435e-01
    outer loop
      vertex -1.465285e+01  1.400000e+01  7.079159e+01
      vertex -1.465285e+01  9.000000e+00  7.079159e+01
      vertex -1.438471e+01  9.000000e+00  6.974792e+01
    endloop
  endfacet
  facet normal  9.685437e-01  -0.000000e+00  2.488435e-01
    outer loop
      vertex -1.465285e+01  1.400000e+01  7.079159e+01
      vertex -1.438471e+01  9.000000e+00  6.974792e+01
      vertex -1.438471e+01  1.400000e+01  6.974792e+01
    endloop
  endfacet
  facet normal  9.481798e-01  0.000000e+00  3.177344e-01
    outer loop
      vertex -1.438471e+01  1.400000e+01  6.974792e+01
      vertex -1.438471e+01  9.000000e+00  6.974792e+01
      vertex -1.404233e+01  9.000000e+00  6.872619e+01
    endloop
  endfacet
  facet normal  9.481798e-01  -0.000000e+00  3.177344e-01
    outer loop
      vertex -1.438471e+01  1.400000e+01  6.974792e+01
      vertex -1.404233e+01  9.000000e+00  6.872619e+01
      vertex -1.404233e+01  1.400000e+01  6.872619e+01
    endloop
  endfacet
  facet normal  9.229218e-01  0.000000e+00  3.849874e-01
    outer loop
      vertex -1.404233e+01  1.400000e+01  6.872619e+01
      vertex -1.404233e+01  9.000000e+00  6.872619e+01
      vertex -1.362748e+01  9.000000e+00  6.773168e+01
    endloop
  endfacet
  facet normal  9.229218e-01  -0.000000e+00  3.849874e-01
    outer loop
      vertex -1.404233e+01  1.400000e+01  6.872619e+01
      vertex -1.362748e+01  9.000000e+00  6.773168e+01
      vertex -1.362748e+01  1.400000e+01  6.773168e+01
    endloop
  endfacet
  facet normal  8.929029e-01  0.000000e+00  4.502491e-01
    outer loop
      vertex -1.362748e+01  1.400000e+01  6.773168e+01
      vertex -1.362748e+01  9.000000e+00  6.773168e+01
      vertex -1.314230e+01  9.000000e+00  6.676952e+01
    endloop
  endfacet
  facet normal  8.929029e-01  -0.000000e+00  4.502491e-01
    outer loop
      vertex -1.362748e+01  1.400000e+01  6.773168e+01
      vertex -1.314230e+01  9.000000e+00  6.676952e+01
      vertex -1.314230e+01  1.400000e+01  6.676952e+01
    endloop
  endfacet
  facet normal  8.582731e-01  0.000000e+00  5.131931e-01
    outer loop
      vertex -1.314230e+01  1.400000e+01  6.676952e+01
      vertex -1.314230e+01  9.000000e+00  6.676952e+01
      vertex -1.258930e+01  9.000000e+00  6.584467e+01
    endloop
  endfacet
  facet normal  8.582731e-01  -0.000000e+00  5.131931e-01
    outer loop
      vertex -1.314230e+01  1.400000e+01  6.676952e+01
      vertex -1.258930e+01  9.000000e+00  6.584467e+01
      vertex -1.258930e+01  1.400000e+01  6.584467e+01
    endloop
  endfacet
  facet normal  8.192185e-01  0.000000e+00  5.734816e-01
    outer loop
      vertex -1.258930e+01  1.400000e+01  6.584467e+01
      vertex -1.258930e+01  9.000000e+00  6.584467e+01
      vertex -1.197134e+01  9.000000e+00  6.496191e+01
    endloop
  endfacet
  facet normal  8.192185e-01  -0.000000e+00  5.734816e-01
    outer loop
      vertex -1.258930e+01  1.400000e+01  6.584467e+01
      vertex -1.197134e+01  9.000000e+00  6.496191e+01
      vertex -1.197134e+01  1.400000e+01  6.496191e+01
    endloop
  endfacet
  facet normal  7.759297e-01  0.000000e+00  6.308195e-01
    outer loop
      vertex -1.197134e+01  1.400000e+01  6.496191e+01
      vertex -1.197134e+01  9.000000e+00  6.496191e+01
      vertex -1.129159e+01  9.000000e+00  6.412579e+01
    endloop
  endfacet
  facet normal  7.759297e-01  -0.000000e+00  6.308195e-01
    outer loop
      vertex -1.197134e+01  1.400000e+01  6.496191e+01
      vertex -1.129159e+01  9.000000e+00  6.412579e+01
      vertex -1.129159e+01  1.400000e+01  6.412579e+01
    endloop
  endfacet
  facet normal  7.286435e-01  0.000000e+00  6.848933e-01
    outer loop
      vertex -1.129159e+01  1.400000e+01  6.412579e+01
      vertex -1.129159e+01  9.000000e+00  6.412579e+01
      vertex -1.055357e+01  9.000000e+00  6.334063e+01
    endloop
  endfacet
  facet normal  7.286435e-01  -0.000000e+00  6.848933e-01
    outer loop
      vertex -1.129159e+01  1.400000e+01  6.412579e+01
      vertex -1.055357e+01  9.000000e+00  6.334063e+01
      vertex -1.055357e+01  1.400000e+01  6.334063e+01
    endloop
  endfacet
  facet normal  6.775914e-01  0.000000e+00  7.354386e-01
    outer loop
      vertex -1.055357e+01  1.400000e+01  6.334063e+01
      vertex -1.055357e+01  9.000000e+00  6.334063e+01
      vertex -9.761087e+00  9.000000e+00  6.261048e+01
    endloop
  endfacet
  facet normal  6.775914e-01  -0.000000e+00  7.354386e-01
    outer loop
      vertex -1.055357e+01  1.400000e+01  6.334063e+01
      vertex -9.761087e+00  9.000000e+00  6.261048e+01
      vertex -9.761087e+00  1.400000e+01  6.261048e+01
    endloop
  endfacet
  facet normal  6.230466e-01  0.000000e+00  7.821847e-01
    outer loop
      vertex -9.761087e+00  1.400000e+01  6.261048e+01
      vertex -9.761087e+00  9.000000e+00  6.261048e+01
      vertex -8.918230e+00  9.000000e+00  6.193911e+01
    endloop
  endfacet
  facet normal  6.230466e-01  -0.000000e+00  7.821847e-01
    outer loop
      vertex -9.761087e+00  1.400000e+01  6.261048e+01
      vertex -8.918230e+00  9.000000e+00  6.193911e+01
      vertex -8.918230e+00  1.400000e+01  6.193911e+01
    endloop
  endfacet
  facet normal  5.652838e-01  0.000000e+00  8.248965e-01
    outer loop
      vertex -8.918230e+00  1.400000e+01  6.193911e+01
      vertex -8.918230e+00  9.000000e+00  6.193911e+01
      vertex -8.029349e+00  9.000000e+00  6.132998e+01
    endloop
  endfacet
  facet normal  5.652838e-01  -0.000000e+00  8.248965e-01
    outer loop
      vertex -8.918230e+00  1.400000e+01  6.193911e+01
      vertex -8.029349e+00  9.000000e+00  6.132998e+01
      vertex -8.029349e+00  1.400000e+01  6.132998e+01
    endloop
  endfacet
  facet normal  5.046060e-01  0.000000e+00  8.633497e-01
    outer loop
      vertex -8.029349e+00  1.400000e+01  6.132998e+01
      vertex -8.029349e+00  9.000000e+00  6.132998e+01
      vertex -7.099032e+00  9.000000e+00  6.078623e+01
    endloop
  endfacet
  facet normal  5.046060e-01  -0.000000e+00  8.633497e-01
    outer loop
      vertex -8.029349e+00  1.400000e+01  6.132998e+01
      vertex -7.099032e+00  9.000000e+00  6.078623e+01
      vertex -7.099032e+00  1.400000e+01  6.078623e+01
    endloop
  endfacet
  facet normal  4.413202e-01  0.000000e+00  8.973497e-01
    outer loop
      vertex -7.099032e+00  1.400000e+01  6.078623e+01
      vertex -7.099032e+00  9.000000e+00  6.078623e+01
      vertex -6.132079e+00  9.000000e+00  6.031068e+01
    endloop
  endfacet
  facet normal  4.413202e-01  -0.000000e+00  8.973497e-01
    outer loop
      vertex -7.099032e+00  1.400000e+01  6.078623e+01
      vertex -6.132079e+00  9.000000e+00  6.031068e+01
      vertex -6.132079e+00  1.400000e+01  6.031068e+01
    endloop
  endfacet
  facet normal  3.757607e-01  0.000000e+00  9.267166e-01
    outer loop
      vertex -6.132079e+00  1.400000e+01  6.031068e+01
      vertex -6.132079e+00  9.000000e+00  6.031068e+01
      vertex -5.133480e+00  9.000000e+00  5.990577e+01
    endloop
  endfacet
  facet normal  3.757607e-01  -0.000000e+00  9.267166e-01
    outer loop
      vertex -6.132079e+00  1.400000e+01  6.031068e+01
      vertex -5.133480e+00  9.000000e+00  5.990577e+01
      vertex -5.133480e+00  1.400000e+01  5.990577e+01
    endloop
  endfacet
  facet normal  3.082616e-01  0.000000e+00  9.513016e-01
    outer loop
      vertex -5.133480e+00  1.400000e+01  5.990577e+01
      vertex -5.133480e+00  9.000000e+00  5.990577e+01
      vertex -4.108389e+00  9.000000e+00  5.957360e+01
    endloop
  endfacet
  facet normal  3.082616e-01  -0.000000e+00  9.513016e-01
    outer loop
      vertex -5.133480e+00  1.400000e+01  5.990577e+01
      vertex -4.108389e+00  9.000000e+00  5.957360e+01
      vertex -4.108389e+00  1.400000e+01  5.957360e+01
    endloop
  endfacet
  facet normal  2.391727e-01  0.000000e+00  9.709771e-01
    outer loop
      vertex -4.108389e+00  1.400000e+01  5.957360e+01
      vertex -4.108389e+00  9.000000e+00  5.957360e+01
      vertex -3.062096e+00  9.000000e+00  5.931587e+01
    endloop
  endfacet
  facet normal  2.391727e-01  -0.000000e+00  9.709771e-01
    outer loop
      vertex -4.108389e+00  1.400000e+01  5.957360e+01
      vertex -3.062096e+00  9.000000e+00  5.931587e+01
      vertex -3.062096e+00  1.400000e+01  5.931587e+01
    endloop
  endfacet
  facet normal  1.688452e-01  0.000000e+00  9.856426e-01
    outer loop
      vertex -3.062096e+00  1.400000e+01  5.931587e+01
      vertex -3.062096e+00  9.000000e+00  5.931587e+01
      vertex -2.000000e+00  9.000000e+00  5.913393e+01
    endloop
  endfacet
  facet normal  1.688452e-01  -0.000000e+00  9.856426e-01
    outer loop
      vertex -3.062096e+00  1.400000e+01  5.931587e+01
      vertex -2.000000e+00  9.000000e+00  5.913393e+01
      vertex -2.000000e+00  1.400000e+01  5.913393e+01
    endloop
  endfacet
  facet normal  9.993547e-01  0.000000e+00 -3.591869e-02
    outer loop
      vertex -1.500000e+01 -1.400000e+01  7.400000e+01
      vertex -1.496130e+01 -9.000000e+00  7.507687e+01
      vertex -1.496130e+01 -1.400000e+01  7.507687e+01
    endloop
  endfacet
  facet normal  9.941974e-01  0.000000e+00 -1.075715e-01
    outer loop
      vertex -1.496130e+01 -1.400000e+01  7.507687e+01
      vertex -1.496130e+01 -9.000000e+00  7.507687e+01
      vertex -1.484538e+01 -9.000000e+00  7.614819e+01
    endloop
  endfacet
  facet normal  9.941974e-01  0.000000e+00 -1.075715e-01
    outer loop
      vertex -1.496130e+01 -1.400000e+01  7.507687e+01
      vertex -1.484538e+01 -9.000000e+00  7.614819e+01
      vertex -1.484538e+01 -1.400000e+01  7.614819e+01
    endloop
  endfacet
  facet normal  9.839092e-01  0.000000e+00 -1.786692e-01
    outer loop
      vertex -1.484538e+01 -1.400000e+01  7.614819e+01
      vertex -1.484538e+01 -9.000000e+00  7.614819e+01
      vertex -1.465285e+01 -9.000000e+00  7.720841e+01
    endloop
  endfacet
  facet normal  9.839092e-01  0.000000e+00 -1.786692e-01
    outer loop
      vertex -1.484538e+01 -1.400000e+01  7.614819e+01
      vertex -1.465285e+01 -9.000000e+00  7.720841e+01
      vertex -1.465285e+01 -1.400000e+01  7.720841e+01
    endloop
  endfacet
  facet normal  9.685437e-01  0.000000e+00 -2.488435e-01
    outer loop
      vertex -1.465285e+01 -1.400000e+01  7.720841e+01
      vertex -1.465285e+01 -9.000000e+00  7.720841e+01
      vertex -1.438471e+01 -9.000000e+00  7.825208e+01
    endloop
  endfacet
  facet normal  9.685437e-01  0.000000e+00 -2.488435e-01
    outer loop
      vertex -1.465285e+01 -1.400000e+01  7.720841e+01
      vertex -1.438471e+01 -9.000000e+00  7.825208e+01
      vertex -1.438471e+01 -1.400000e+01  7.825208e+01
    endloop
  endfacet
  facet normal  9.481798e-01  0.000000e+00 -3.177344e-01
    outer loop
      vertex -1.438471e+01 -1.400000e+01  7.825208e+01
      vertex -1.438471e+01 -9.000000e+00  7.825208e+01
      vertex -1.404233e+01 -9.000000e+00  7.927381e+01
    endloop
  endfacet
  facet normal  9.481798e-01  0.000000e+00 -3.177344e-01
    outer loop
      vertex -1.438471e+01 -1.400000e+01  7.825208e+01
      vertex -1.404233e+01 -9.000000e+00  7.927381e+01
      vertex -1.404233e+01 -1.400000e+01  7.927381e+01
    endloop
  endfacet
  facet normal  9.229218e-01  0.000000e+00 -3.849874e-01
    outer loop
      vertex -1.404233e+01 -1.400000e+01  7.927381e+01
      vertex -1.404233e+01 -9.000000e+00  7.927381e+01
      vertex -1.362748e+01 -9.000000e+00  8.026832e+01
    endloop
  endfacet
  facet normal  9.229218e-01  0.000000e+00 -3.849874e-01
    outer loop
      vertex -1.404233e+01 -1.400000e+01  7.927381e+01
      vertex -1.362748e+01 -9.000000e+00  8.026832e+01
      vertex -1.362748e+01 -1.400000e+01  8.026832e+01
    endloop
  endfacet
  facet normal  8.929029e-01  0.000000e+00 -4.502491e-01
    outer loop
      vertex -1.362748e+01 -1.400000e+01  8.026832e+01
      vertex -1.362748e+01 -9.000000e+00  8.026832e+01
      vertex -1.314230e+01 -9.000000e+00  8.123048e+01
    endloop
  endfacet
  facet normal  8.929029e-01  0.000000e+00 -4.502491e-01
    outer loop
      vertex -1.362748e+01 -1.400000e+01  8.026832e+01
      vertex -1.314230e+01 -9.000000e+00  8.123048e+01
      vertex -1.314230e+01 -1.400000e+01  8.123048e+01
    endloop
  endfacet
  facet normal  8.582731e-01  0.000000e+00 -5.131931e-01
    outer loop
      vertex -1.314230e+01 -1.400000e+01  8.123048e+01
      vertex -1.314230e+01 -9.000000e+00  8.123048e+01
      vertex -1.258930e+01 -9.000000e+00  8.215533e+01
    endloop
  endfacet
  facet normal  8.582731e-01  0.000000e+00 -5.131931e-01
    outer loop
      vertex -1.314230e+01 -1.400000e+01  8.123048e+01
      vertex -1.258930e+01 -9.000000e+00  8.215533e+01
      vertex -1.258930e+01 -1.400000e+01  8.215533e+01
    endloop
  endfacet
  facet normal  8.192185e-01  0.000000e+00 -5.734816e-01
    outer loop
      vertex -1.258930e+01 -1.400000e+01  8.215533e+01
      vertex -1.258930e+01 -9.000000e+00  8.215533e+01
      vertex -1.197134e+01 -9.000000e+00  8.303809e+01
    endloop
  endfacet
  facet normal  8.192185e-01  0.000000e+00 -5.734816e-01
    outer loop
      vertex -1.258930e+01 -1.400000e+01  8.215533e+01
      vertex -1.197134e+01 -9.000000e+00  8.303809e+01
      vertex -1.197134e+01 -1.400000e+01  8.303809e+01
    endloop
  endfacet
  facet normal  7.759297e-01  0.000000e+00 -6.308195e-01
    outer loop
      vertex -1.197134e+01 -1.400000e+01  8.303809e+01
      vertex -1.197134e+01 -9.000000e+00  8.303809e+01
      vertex -1.129159e+01 -9.000000e+00  8.387421e+01
    endloop
  endfacet
  facet normal  7.759297e-01  0.000000e+00 -6.308195e-01
    outer loop
      vertex -1.197134e+01 -1.400000e+01  8.303809e+01
      vertex -1.129159e+01 -9.000000e+00  8.387421e+01
      vertex -1.129159e+01 -1.400000e+01  8.387421e+01
    endloop
  endfacet
  facet normal  7.286435e-01  0.000000e+00 -6.848933e-01
    outer loop
      vertex -1.129159e+01 -1.400000e+01  8.387421e+01
      vertex -1.129159e+01 -9.000000e+00  8.387421e+01
      vertex -1.055357e+01 -9.000000e+00  8.465937e+01
    endloop
  endfacet
  facet normal  7.286435e-01  0.000000e+00 -6.848933e-01
    outer loop
      vertex -1.129159e+01 -1.400000e+01  8.387421e+01
      vertex -1.055357e+01 -9.000000e+00  8.465937e+01
      vertex -1.055357e+01 -1.400000e+01  8.465937e+01
    endloop
  endfacet
  facet normal  6.775914e-01  0.000000e+00 -7.354386e-01
    outer loop
      vertex -1.055357e+01 -1.400000e+01  8.465937e+01
      vertex -1.055357e+01 -9.000000e+00  8.465937e+01
      vertex -9.761087e+00 -9.000000e+00  8.538952e+01
    endloop
  endfacet
  facet normal  6.775914e-01  0.000000e+00 -7.354386e-01
    outer loop
      vertex -1.055357e+01 -1.400000e+01  8.465937e+01
      vertex -9.761087e+00 -9.000000e+00  8.538952e+01
      vertex -9.761087e+00 -1.400000e+01  8.538952e+01
    endloop
  endfacet
  facet normal  6.230488e-01  0.000000e+00 -7.821829e-01
    outer loop
      vertex -9.761087e+00 -1.400000e+01  8.538952e+01
      vertex -9.761087e+00 -9.000000e+00  8.538952e+01
      vertex -8.918230e+00 -9.000000e+00  8.606090e+01
    endloop
  endfacet
  facet normal  6.230488e-01  0.000000e+00 -7.821829e-01
    outer loop
      vertex -9.761087e+00 -1.400000e+01  8.538952e+01
      vertex -8.918230e+00 -9.000000e+00  8.606090e+01
      vertex -8.918230e+00 -1.400000e+01  8.606090e+01
    endloop
  endfacet
  facet normal  5.652838e-01  0.000000e+00 -8.248965e-01
    outer loop
      vertex -8.918230e+00 -1.400000e+01  8.606090e+01
      vertex -8.918230e+00 -9.000000e+00  8.606090e+01
      vertex -8.029349e+00 -9.000000e+00  8.667003e+01
    endloop
  endfacet
  facet normal  5.652838e-01  0.000000e+00 -8.248965e-01
    outer loop
      vertex -8.918230e+00 -1.400000e+01  8.606090e+01
      vertex -8.029349e+00 -9.000000e+00  8.667003e+01
      vertex -8.029349e+00 -1.400000e+01  8.667003e+01
    endloop
  endfacet
  facet normal  5.046008e-01  0.000000e+00 -8.633528e-01
    outer loop
      vertex -8.029349e+00 -1.400000e+01  8.667003e+01
      vertex -8.029349e+00 -9.000000e+00  8.667003e+01
      vertex -7.099032e+00 -9.000000e+00  8.721377e+01
    endloop
  endfacet
  facet normal  5.046008e-01  0.000000e+00 -8.633528e-01
    outer loop
      vertex -8.029349e+00 -1.400000e+01  8.667003e+01
      vertex -7.099032e+00 -9.000000e+00  8.721377e+01
      vertex -7.099032e+00 -1.400000e+01  8.721377e+01
    endloop
  endfacet
  facet normal  4.413231e-01  0.000000e+00 -8.973483e-01
    outer loop
      vertex -7.099032e+00 -1.400000e+01  8.721377e+01
      vertex -7.099032e+00 -9.000000e+00  8.721377e+01
      vertex -6.132079e+00 -9.000000e+00  8.768932e+01
    endloop
  endfacet
  facet normal  4.413231e-01  0.000000e+00 -8.973483e-01
    outer loop
      vertex -7.099032e+00 -1.400000e+01  8.721377e+01
      vertex -6.132079e+00 -9.000000e+00  8.768932e+01
      vertex -6.132079e+00 -1.400000e+01  8.768932e+01
    endloop
  endfacet
  facet normal  3.757607e-01  0.000000e+00 -9.267166e-01
    outer loop
      vertex -6.132079e+00 -1.400000e+01  8.768932e+01
      vertex -6.132079e+00 -9.000000e+00  8.768932e+01
      vertex -5.133480e+00 -9.000000e+00  8.809423e+01
    endloop
  endfacet
  facet normal  3.757607e-01  0.000000e+00 -9.267166e-01
    outer loop
      vertex -6.132079e+00 -1.400000e+01  8.768932e+01
      vertex -5.133480e+00 -9.000000e+00  8.809423e+01
      vertex -5.133480e+00 -1.400000e+01  8.809423e+01
    endloop
  endfacet
  facet normal  3.082649e-01  0.000000e+00 -9.513006e-01
    outer loop
      vertex -5.133480e+00 -1.400000e+01  8.809423e+01
      vertex -5.133480e+00 -9.000000e+00  8.809423e+01
      vertex -4.108389e+00 -9.000000e+00  8.842641e+01
    endloop
  endfacet
  facet normal  3.082649e-01  0.000000e+00 -9.513006e-01
    outer loop
      vertex -5.133480e+00 -1.400000e+01  8.809423e+01
      vertex -4.108389e+00 -9.000000e+00  8.842641e+01
      vertex -4.108389e+00 -1.400000e+01  8.842641e+01
    endloop
  endfacet
  facet normal  2.391694e-01  0.000000e+00 -9.709779e-01
    outer loop
      vertex -4.108389e+00 -1.400000e+01  8.842641e+01
      vertex -4.108389e+00 -9.000000e+00  8.842641e+01
      vertex -3.062096e+00 -9.000000e+00  8.868413e+01
    endloop
  endfacet
  facet normal  2.391694e-01  0.000000e+00 -9.709779e-01
    outer loop
      vertex -4.108389e+00 -1.400000e+01  8.842641e+01
      vertex -3.062096e+00 -9.000000e+00  8.868413e+01
      vertex -3.062096e+00 -1.400000e+01  8.868413e+01
    endloop
  endfacet
  facet normal  1.688418e-01  0.000000e+00 -9.856432e-01
    outer loop
      vertex -3.062096e+00 -1.400000e+01  8.868413e+01
      vertex -3.062096e+00 -9.000000e+00  8.868413e+01
      vertex -2.000000e+00 -9.000000e+00  8.886607e+01
    endloop
  endfacet
  facet normal  1.688418e-01  0.000000e+00 -9.856432e-01
    outer loop
      vertex -3.062096e+00 -1.400000e+01  8.868413e+01
      vertex -2.000000e+00 -9.000000e+00  8.886607e+01
      vertex -2.000000e+00 -1.400000e+01  8.886607e+01
    endloop
  endfacet
  facet normal  9.993547e-01  0.000000e+00 -3.591869e-02
    outer loop
      vertex -1.496130e+01 -9.000000e+00  7.507687e+01
      vertex -1.500000e+01 -1.400000e+01  7.400000e+01
      vertex -1.500000e+01 -9.000000e+00  7.400000e+01
    endloop
  endfacet
  facet normal  9.993547e-01  0.000000e+00  3.591869e-02
    outer loop
      vertex -1.500000e+01 -9.000000e+00  7.400000e+01
      vertex -1.500000e+01 -1.400000e+01  7.400000e+01
      vertex -1.496130e+01 -1.400000e+01  7.292313e+01
    endloop
  endfacet
  facet normal  9.993547e-01  -0.000000e+00  3.591869e-02
    outer loop
      vertex -1.500000e+01 -9.000000e+00  7.400000e+01
      vertex -1.496130e+01 -1.400000e+01  7.292313e+01
      vertex -1.496130e+01 -9.000000e+00  7.292313e+01
    endloop
  endfacet
  facet normal  9.941974e-01  0.000000e+00  1.075715e-01
    outer loop
      vertex -1.496130e+01 -9.000000e+00  7.292313e+01
      vertex -1.496130e+01 -1.400000e+01  7.292313e+01
      vertex -1.484538e+01 -1.400000e+01  7.185181e+01
    endloop
  endfacet
  facet normal  9.941974e-01  -0.000000e+00  1.075715e-01
    outer loop
      vertex -1.496130e+01 -9.000000e+00  7.292313e+01
      vertex -1.484538e+01 -1.400000e+01  7.185181e+01
      vertex -1.484538e+01 -9.000000e+00  7.185181e+01
    endloop
  endfacet
  facet normal  9.839092e-01  0.000000e+00  1.786692e-01
    outer loop
      vertex -1.484538e+01 -9.000000e+00  7.185181e+01
      vertex -1.484538e+01 -1.400000e+01  7.185181e+01
      vertex -1.465285e+01 -1.400000e+01  7.079159e+01
    endloop
  endfacet
  facet normal  9.839092e-01  -0.000000e+00  1.786692e-01
    outer loop
      vertex -1.484538e+01 -9.000000e+00  7.185181e+01
      vertex -1.465285e+01 -1.400000e+01  7.079159e+01
      vertex -1.465285e+01 -9.000000e+00  7.079159e+01
    endloop
  endfacet
  facet normal  9.685437e-01  0.000000e+00  2.488435e-01
    outer loop
      vertex -1.465285e+01 -9.000000e+00  7.079159e+01
      vertex -1.465285e+01 -1.400000e+01  7.079159e+01
      vertex -1.438471e+01 -1.400000e+01  6.974792e+01
    endloop
  endfacet
  facet normal  9.685437e-01  -0.000000e+00  2.488435e-01
    outer loop
      vertex -1.465285e+01 -9.000000e+00  7.079159e+01
      vertex -1.438471e+01 -1.400000e+01  6.974792e+01
      vertex -1.438471e+01 -9.000000e+00  6.974792e+01
    endloop
  endfacet
  facet normal  9.481798e-01  0.000000e+00  3.177344e-01
    outer loop
      vertex -1.438471e+01 -9.000000e+00  6.974792e+01
      vertex -1.438471e+01 -1.400000e+01  6.974792e+01
      vertex -1.404233e+01 -1.400000e+01  6.872619e+01
    endloop
  endfacet
  facet normal  9.481798e-01  -0.000000e+00  3.177344e-01
    outer loop
      vertex -1.438471e+01 -9.000000e+00  6.974792e+01
      vertex -1.404233e+01 -1.400000e+01  6.872619e+01
      vertex -1.404233e+01 -9.000000e+00  6.872619e+01
    endloop
  endfacet
  facet normal  9.229218e-01  0.000000e+00  3.849874e-01
    outer loop
      vertex -1.404233e+01 -9.000000e+00  6.872619e+01
      vertex -1.404233e+01 -1.400000e+01  6.872619e+01
      vertex -1.362748e+01 -1.400000e+01  6.773168e+01
    endloop
  endfacet
  facet normal  9.229218e-01  -0.000000e+00  3.849874e-01
    outer loop
      vertex -1.404233e+01 -9.000000e+00  6.872619e+01
      vertex -1.362748e+01 -1.400000e+01  6.773168e+01
      vertex -1.362748e+01 -9.000000e+00  6.773168e+01
    endloop
  endfacet
  facet normal  8.929029e-01  0.000000e+00  4.502491e-01
    outer loop
      vertex -1.362748e+01 -9.000000e+00  6.773168e+01
      vertex -1.362748e+01 -1.400000e+01  6.773168e+01
      vertex -1.314230e+01 -1.400000e+01  6.676952e+01
    endloop
  endfacet
  facet normal  8.929029e-01  -0.000000e+00  4.502491e-01
    outer loop
      vertex -1.362748e+01 -9.000000e+00  6.773168e+01
      vertex -1.314230e+01 -1.400000e+01  6.676952e+01
      vertex -1.314230e+01 -9.000000e+00  6.676952e+01
    endloop
  endfacet
  facet normal  8.582731e-01  0.000000e+00  5.131931e-01
    outer loop
      vertex -1.314230e+01 -9.000000e+00  6.676952e+01
      vertex -1.314230e+01 -1.400000e+01  6.676952e+01
      vertex -1.258930e+01 -1.400000e+01  6.584467e+01
    endloop
  endfacet
  facet normal  8.582731e-01  -0.000000e+00  5.131931e-01
    outer loop
      vertex -1.314230e+01 -9.000000e+00  6.676952e+01
      vertex -1.258930e+01 -1.400000e+01  6.584467e+01
      vertex -1.258930e+01 -9.000000e+00  6.584467e+01
    endloop
  endfacet
  facet normal  8.192185e-01  0.000000e+00  5.734816e-01
    outer loop
      vertex -1.258930e+01 -9.000000e+00  6.584467e+01
      vertex -1.258930e+01 -1.400000e+01  6.584467e+01
      vertex -1.197134e+01 -1.400000e+01  6.496191e+01
    endloop
  endfacet
  facet normal  8.192185e-01  -0.000000e+00  5.734816e-01
    outer loop
      vertex -1.258930e+01 -9.000000e+00  6.584467e+01
      vertex -1.197134e+01 -1.400000e+01  6.496191e+01
      vertex -1.197134e+01 -9.000000e+00  6.496191e+01
    endloop
  endfacet
  facet normal  7.759297e-01  0.000000e+00  6.308195e-01
    outer loop
      vertex -1.197134e+01 -9.000000e+00  6.496191e+01
      vertex -1.197134e+01 -1.400000e+01  6.496191e+01
      vertex -1.129159e+01 -1.400000e+01  6.412579e+01
    endloop
  endfacet
  facet normal  7.759297e-01  -0.000000e+00  6.308195e-01
    outer loop
      vertex -1.197134e+01 -9.000000e+00  6.496191e+01
      vertex -1.129159e+01 -1.400000e+01  6.412579e+01
      vertex -1.129159e+01 -9.000000e+00  6.412579e+01
    endloop
  endfacet
  facet normal  7.286435e-01  0.000000e+00  6.848933e-01
    outer loop
      vertex -1.129159e+01 -9.000000e+00  6.412579e+01
      vertex -1.129159e+01 -1.400000e+01  6.412579e+01
      vertex -1.055357e+01 -1.400000e+01  6.334063e+01
    endloop
  endfacet
  facet normal  7.286435e-01  -0.000000e+00  6.848933e-01
    outer loop
      vertex -1.129159e+01 -9.000000e+00  6.412579e+01
      vertex -1.055357e+01 -1.400000e+01  6.334063e+01
      vertex -1.055357e+01 -9.000000e+00  6.334063e+01
    endloop
  endfacet
  facet normal  6.775914e-01  0.000000e+00  7.354386e-01
    outer loop
      vertex -1.055357e+01 -9.000000e+00  6.334063e+01
      vertex -1.055357e+01 -1.400000e+01  6.334063e+01
      vertex -9.761087e+00 -1.400000e+01  6.261048e+01
    endloop
  endfacet
  facet normal  6.775914e-01  -0.000000e+00  7.354386e-01
    outer loop
      vertex -1.055357e+01 -9.000000e+00  6.334063e+01
      vertex -9.761087e+00 -1.400000e+01  6.261048e+01
      vertex -9.761087e+00 -9.000000e+00  6.261048e+01
    endloop
  endfacet
  facet normal  6.230466e-01  0.000000e+00  7.821847e-01
    outer loop
      vertex -9.761087e+00 -9.000000e+00  6.261048e+01
      vertex -9.761087e+00 -1.400000e+01  6.261048e+01
      vertex -8.918230e+00 -1.400000e+01  6.193911e+01
    endloop
  endfacet
  facet normal  6.230466e-01  -0.000000e+00  7.821847e-01
    outer loop
      vertex -9.761087e+00 -9.000000e+00  6.261048e+01
      vertex -8.918230e+00 -1.400000e+01  6.193911e+01
      vertex -8.918230e+00 -9.000000e+00  6.193911e+01
    endloop
  endfacet
  facet normal  5.652838e-01  0.000000e+00  8.248965e-01
    outer loop
      vertex -8.918230e+00 -9.000000e+00  6.193911e+01
      vertex -8.918230e+00 -1.400000e+01  6.193911e+01
      vertex -8.029349e+00 -1.400000e+01  6.132998e+01
    endloop
  endfacet
  facet normal  5.652838e-01  -0.000000e+00  8.248965e-01
    outer loop
      vertex -8.918230e+00 -9.000000e+00  6.193911e+01
      vertex -8.029349e+00 -1.400000e+01  6.132998e+01
      vertex -8.029349e+00 -9.000000e+00  6.132998e+01
    endloop
  endfacet
  facet normal  5.046060e-01  0.000000e+00  8.633497e-01
    outer loop
      vertex -8.029349e+00 -9.000000e+00  6.132998e+01
      vertex -8.029349e+00 -1.400000e+01  6.132998e+01
      vertex -7.099032e+00 -1.400000e+01  6.078623e+01
    endloop
  endfacet
  facet normal  5.046060e-01  -0.000000e+00  8.633497e-01
    outer loop
      vertex -8.029349e+00 -9.000000e+00  6.132998e+01
      vertex -7.099032e+00 -1.400000e+01  6.078623e+01
      vertex -7.099032e+00 -9.000000e+00  6.078623e+01
    endloop
  endfacet
  facet normal  4.413202e-01  0.000000e+00  8.973497e-01
    outer loop
      vertex -7.099032e+00 -9.000000e+00  6.078623e+01
      vertex -7.099032e+00 -1.400000e+01  6.078623e+01
      vertex -6.132079e+00 -1.400000e+01  6.031068e+01
    endloop
  endfacet
  facet normal  4.413202e-01  -0.000000e+00  8.973497e-01
    outer loop
      vertex -7.099032e+00 -9.000000e+00  6.078623e+01
      vertex -6.132079e+00 -1.400000e+01  6.031068e+01
      vertex -6.132079e+00 -9.000000e+00  6.031068e+01
    endloop
  endfacet
  facet normal  3.757607e-01  0.000000e+00  9.267166e-01
    outer loop
      vertex -6.132079e+00 -9.000000e+00  6.031068e+01
      vertex -6.132079e+00 -1.400000e+01  6.031068e+01
      vertex -5.133480e+00 -1.400000e+01  5.990577e+01
    endloop
  endfacet
  facet normal  3.757607e-01  -0.000000e+00  9.267166e-01
    outer loop
      vertex -6.132079e+00 -9.000000e+00  6.031068e+01
      vertex -5.133480e+00 -1.400000e+01  5.990577e+01
      vertex -5.133480e+00 -9.000000e+00  5.990577e+01
    endloop
  endfacet
  facet normal  3.082616e-01  0.000000e+00  9.513016e-01
    outer loop
      vertex -5.133480e+00 -9.000000e+00  5.990577e+01
      vertex -5.133480e+00 -1.400000e+01  5.990577e+01
      vertex -4.108389e+00 -1.400000e+01  5.957360e+01
    endloop
  endfacet
  facet normal  3.082616e-01  -0.000000e+00  9.513016e-01
    outer loop
      vertex -5.133480e+00 -9.000000e+00  5.990577e+01
      vertex -4.108389e+00 -1.400000e+01  5.957360e+01
      vertex -4.108389e+00 -9.000000e+00  5.957360e+01
    endloop
  endfacet
  facet normal  2.391727e-01  0.000000e+00  9.709771e-01
    outer loop
      vertex -4.108389e+00 -9.000000e+00  5.957360e+01
      vertex -4.108389e+00 -1.400000e+01  5.957360e+01
      vertex -3.062096e+00 -1.400000e+01  5.931587e+01
    endloop
  endfacet
  facet normal  2.391727e-01  -0.000000e+00  9.709771e-01
    outer loop
      vertex -4.108389e+00 -9.000000e+00  5.957360e+01
      vertex -3.062096e+00 -1.400000e+01  5.931587e+01
      vertex -3.062096e+00 -9.000000e+00  5.931587e+01
    endloop
  endfacet
  facet normal  1.688452e-01  0.000000e+00  9.856426e-01
    outer loop
      vertex -3.062096e+00 -9.000000e+00  5.931587e+01
      vertex -3.062096e+00 -1.400000e+01  5.931587e+01
      vertex -2.000000e+00 -1.400000e+01  5.913393e+01
    endloop
  endfacet
  facet normal  1.688452e-01  -0.000000e+00  9.856426e-01
    outer loop
      vertex -3.062096e+00 -9.000000e+00  5.931587e+01
      vertex -2.000000e+00 -1.400000e+01  5.913393e+01
      vertex -2.000000e+00 -9.000000e+00  5.913393e+01
    endloop
  endfacet
  facet normal  0.000000e+00 -1.000000e+00  0.000000e+00
    outer loop
      vertex  0.000000e+00 -3.000000e+00  4.200000e+01
      vertex -2.049390e+01 -3.000000e+00  4.200000e+01
      vertex -1.000000e+01 -3.000000e+00  3.733939e+01
    endloop
  endfacet
  facet normal  0.000000e+00 -1.000000e+00  -0.000000e+00
    outer loop
      vertex  4.073127e-14 -3.000000e+00  3.600000e+01
      vertex  0.000000e+00 -3.000000e+00  4.200000e+01
      vertex -1.000000e+01 -3.000000e+00  3.733939e+01
    endloop
  endfacet
  facet normal  0.000000e+00 -1.000000e+00  0.000000e+00
    outer loop
      vertex  4.073127e-14 -3.000000e+00  3.600000e+01
      vertex -1.000000e+01 -3.000000e+00  3.733939e+01
      vertex -8.363604e+00 -3.000000e+00  3.693182e+01
    endloop
  endfacet
  facet normal  0.000000e+00 -1.000000e+00  0.000000e+00
    outer loop
      vertex  4.073127e-14 -3.000000e+00  3.600000e+01
      vertex -8.363604e+00 -3.000000e+00  3.693182e+01
      vertex -6.710735e+00 -3.000000e+00  3.659724e+01
    endloop
  endfacet
  facet normal  0.000000e+00 -1.000000e+00  0.000000e+00
    outer loop
      vertex  4.073127e-14 -3.000000e+00  3.600000e+01
      vertex -6.710735e+00 -3.000000e+00  3.659724e+01
      vertex -5.044650e+00 -3.000000e+00  3.633634e+01
    endloop
  endfacet
  facet normal  0.000000e+00 -1.000000e+00  0.000000e+00
    outer loop
      vertex  4.073127e-14 -3.000000e+00  3.600000e+01
      vertex -5.044650e+00 -3.000000e+00  3.633634e+01
      vertex -3.368630e+00 -3.000000e+00  3.614960e+01
    endloop
  endfacet
  facet normal  0.000000e+00 -1.000000e+00  0.000000e+00
    outer loop
      vertex  4.073127e-14 -3.000000e+00  3.600000e+01
      vertex -3.368630e+00 -3.000000e+00  3.614960e+01
      vertex -1.685975e+00 -3.000000e+00  3.603742e+01
    endloop
  endfacet
  facet normal  0.000000e+00 -1.000000e+00  0.000000e+00
    outer loop
      vertex -6.000000e+01 -3.000000e+00  1.200000e+01
      vertex -1.000000e+01 -3.000000e+00  1.200000e+01
      vertex -1.000000e+01 -3.000000e+00  3.733939e+01
    endloop
  endfacet
  facet normal  -0.000000e+00 -9.999999e-01  0.000000e+00
    outer loop
      vertex -6.000000e+01 -3.000000e+00  1.200000e+01
      vertex -1.000000e+01 -3.000000e+00  3.733939e+01
      vertex -2.049390e+01 -3.000000e+00  4.200000e+01
    endloop
  endfacet
  facet normal  -0.000000e+00 -9.999999e-01  0.000000e+00
    outer loop
      vertex -6.000000e+01 -3.000000e+00  1.200000e+01
      vertex -2.049390e+01 -3.000000e+00  4.200000e+01
      vertex -2.188056e+01 -3.000000e+00  4.293167e+01
    endloop
  endfacet
  facet normal  -0.000000e+00 -1.000000e+00  0.000000e+00
    outer loop
      vertex -6.000000e+01 -3.000000e+00  1.200000e+01
      vertex -2.188056e+01 -3.000000e+00  4.293167e+01
      vertex -2.322493e+01 -3.000000e+00  4.392339e+01
    endloop
  endfacet
  facet normal  -0.000000e+00 -1.000000e+00  0.000000e+00
    outer loop
      vertex -6.000000e+01 -3.000000e+00  1.200000e+01
      vertex -2.322493e+01 -3.000000e+00  4.392339e+01
      vertex -2.452441e+01 -3.000000e+00  4.497323e+01
    endloop
  endfacet
  facet normal  -0.000000e+00 -1.000000e+00  0.000000e+00
    outer loop
      vertex -6.000000e+01 -3.000000e+00  1.200000e+01
      vertex -2.452441e+01 -3.000000e+00  4.497323e+01
      vertex -2.577649e+01 -3.000000e+00  4.607918e+01
    endloop
  endfacet
  facet normal  -0.000000e+00 -1.000000e+00  0.000000e+00
    outer loop
      vertex -6.000000e+01 -3.000000e+00  1.200000e+01
      vertex -2.577649e+01 -3.000000e+00  4.607918e+01
      vertex -2.697876e+01 -3.000000e+00  4.723909e+01
    endloop
  endfacet
  facet normal  -0.000000e+00 -9.999999e-01  0.000000e+00
    outer loop
      vertex -6.000000e+01 -3.000000e+00  1.200000e+01
      vertex -2.697876e+01 -3.000000e+00  4.723909e+01
      vertex -2.812889e+01 -3.000000e+00  4.845072e+01
    endloop
  endfacet
  facet normal  -0.000000e+00 -1.000000e+00  0.000000e+00
    outer loop
      vertex -6.000000e+01 -3.000000e+00  1.200000e+01
      vertex -2.812889e+01 -3.000000e+00  4.845072e+01
      vertex -2.922464e+01 -3.000000e+00  4.971173e+01
    endloop
  endfacet
  facet normal  -0.000000e+00 -1.000000e+00  0.000000e+00
    outer loop
      vertex -6.000000e+01 -3.000000e+00  1.200000e+01
      vertex -2.922464e+01 -3.000000e+00  4.971173e+01
      vertex -3.026392e+01 -3.000000e+00  5.101968e+01
    endloop
  endfacet
  facet normal  -0.000000e+00 -9.999999e-01  0.000000e+00
    outer loop
      vertex -6.000000e+01 -3.000000e+00  1.200000e+01
      vertex -3.026392e+01 -3.000000e+00  5.101968e+01
      vertex -3.124470e+01 -3.000000e+00  5.237204e+01
    endloop
  endfacet
  facet normal  -0.000000e+00 -1.000000e+00  0.000000e+00
    outer loop
      vertex -6.000000e+01 -3.000000e+00  1.200000e+01
      vertex -3.124470e+01 -3.000000e+00  5.237204e+01
      vertex -3.216510e+01 -3.000000e+00  5.376621e+01
    endloop
  endfacet
  facet normal  -0.000000e+00 -1.000000e+00  0.000000e+00
    outer loop
      vertex -6.000000e+01 -3.000000e+00  1.200000e+01
      vertex -3.216510e+01 -3.000000e+00  5.376621e+01
      vertex -3.302333e+01 -3.000000e+00  5.519948e+01
    endloop
  endfacet
  facet normal  -0.000000e+00 -1.000000e+00  0.000000e+00
    outer loop
      vertex -6.000000e+01 -3.000000e+00  1.200000e+01
      vertex -3.302333e+01 -3.000000e+00  5.519948e+01
      vertex -3.381774e+01 -3.000000e+00  5.666909e+01
    endloop
  endfacet
  facet normal  -0.000000e+00 -1.000000e+00  0.000000e+00
    outer loop
      vertex -6.000000e+01 -3.000000e+00  1.200000e+01
      vertex -3.381774e+01 -3.000000e+00  5.666909e+01
      vertex -3.454679e+01 -3.000000e+00  5.817219e+01
    endloop
  endfacet
  facet normal  -0.000000e+00 -1.000000e+00  0.000000e+00
    outer loop
      vertex -6.000000e+01 -3.000000e+00  1.200000e+01
      vertex -3.454679e+01 -3.000000e+00  5.817219e+01
      vertex -3.520906e+01 -3.000000e+00  5.970589e+01
    endloop
  endfacet
  facet normal  -0.000000e+00 -1.000000e+00  0.000000e+00
    outer loop
      vertex -6.000000e+01 -3.000000e+00  1.200000e+01
      vertex -3.520906e+01 -3.000000e+00  5.970589e+01
      vertex -3.580330e+01 -3.000000e+00  6.126721e+01
    endloop
  endfacet
  facet normal  -0.000000e+00 -1.000000e+00  0.000000e+00
    outer loop
      vertex -6.000000e+01 -3.000000e+00  1.200000e+01
      vertex -3.580330e+01 -3.000000e+00  6.126721e+01
      vertex -3.632833e+01 -3.000000e+00  6.285314e+01
    endloop
  endfacet
  facet normal  -0.000000e+00 -1.000000e+00  0.000000e+00
    outer loop
      vertex -6.000000e+01 -3.000000e+00  1.200000e+01
      vertex -3.632833e+01 -3.000000e+00  6.285314e+01
      vertex -3.678315e+01 -3.000000e+00  6.446061e+01
    endloop
  endfacet
  facet normal  -0.000000e+00 -1.000000e+00  0.000000e+00
    outer loop
      vertex -6.000000e+01 -3.000000e+00  1.200000e+01
      vertex -3.678315e+01 -3.000000e+00  6.446061e+01
      vertex -4.302609e+01 -3.000000e+00  6.446061e+01
    endloop
  endfacet
  facet normal -2.416863e-01  -0.000000e+00 -9.703544e-01
    outer loop
      vertex -1.000000e+01 -3.000000e+00  3.733939e+01
      vertex -1.000000e+01  3.000000e+00  3.733939e+01
      vertex -8.363604e+00 -3.000000e+00  3.693182e+01
    endloop
  endfacet
  facet normal -2.416863e-01  0.000000e+00 -9.703544e-01
    outer loop
      vertex -8.363604e+00 -3.000000e+00  3.693182e+01
      vertex -1.000000e+01  3.000000e+00  3.733939e+01
      vertex -8.363604e+00  3.000000e+00  3.693182e+01
    endloop
  endfacet
  facet normal -1.983952e-01  -0.000000e+00 -9.801221e-01
    outer loop
      vertex -8.363604e+00 -3.000000e+00  3.693182e+01
      vertex -8.363604e+00  3.000000e+00  3.693182e+01
      vertex -6.710735e+00 -3.000000e+00  3.659724e+01
    endloop
  endfacet
  facet normal -1.983952e-01  0.000000e+00 -9.801221e-01
    outer loop
      vertex -6.710735e+00 -3.000000e+00  3.659724e+01
      vertex -8.363604e+00  3.000000e+00  3.693182e+01
      vertex -6.710735e+00  3.000000e+00  3.659724e+01
    endloop
  endfacet
  facet normal -1.547129e-01  -0.000000e+00 -9.879595e-01
    outer loop
      vertex -6.710735e+00 -3.000000e+00  3.659724e+01
      vertex -6.710735e+00  3.000000e+00  3.659724e+01
      vertex -5.044650e+00 -3.000000e+00  3.633634e+01
    endloop
  endfacet
  facet normal -1.547129e-01  0.000000e+00 -9.879595e-01
    outer loop
      vertex -5.044650e+00 -3.000000e+00  3.633634e+01
      vertex -6.710735e+00  3.000000e+00  3.659724e+01
      vertex -5.044650e+00  3.000000e+00  3.633634e+01
    endloop
  endfacet
  facet normal -1.107295e-01  -0.000000e+00 -9.938506e-01
    outer loop
      vertex -5.044650e+00 -3.000000e+00  3.633634e+01
      vertex -5.044650e+00  3.000000e+00  3.633634e+01
      vertex -3.368630e+00 -3.000000e+00  3.614960e+01
    endloop
  endfacet
  facet normal -1.107295e-01  0.000000e+00 -9.938506e-01
    outer loop
      vertex -3.368630e+00 -3.000000e+00  3.614960e+01
      vertex -5.044650e+00  3.000000e+00  3.633634e+01
      vertex -3.368630e+00  3.000000e+00  3.614960e+01
    endloop
  endfacet
  facet normal -6.652459e-02  -0.000000e+00 -9.977848e-01
    outer loop
      vertex -3.368630e+00 -3.000000e+00  3.614960e+01
      vertex -3.368630e+00  3.000000e+00  3.614960e+01
      vertex -1.685975e+00 -3.000000e+00  3.603742e+01
    endloop
  endfacet
  facet normal -6.652459e-02  0.000000e+00 -9.977848e-01
    outer loop
      vertex -1.685975e+00 -3.000000e+00  3.603742e+01
      vertex -3.368630e+00  3.000000e+00  3.614960e+01
      vertex -1.685975e+00  3.000000e+00  3.603742e+01
    endloop
  endfacet
  facet normal -2.218844e-02  -0.000000e+00 -9.997538e-01
    outer loop
      vertex -1.685975e+00 -3.000000e+00  3.603742e+01
      vertex -1.685975e+00  3.000000e+00  3.603742e+01
      vertex  4.073127e-14 -3.000000e+00  3.600000e+01
    endloop
  endfacet
  facet normal -2.218844e-02  0.000000e+00 -9.997538e-01
    outer loop
      vertex  4.073127e-14 -3.000000e+00  3.600000e+01
      vertex -1.685975e+00  3.000000e+00  3.603742e+01
      vertex  4.073127e-14  3.000000e+00  3.600000e+01
    endloop
  endfacet
  facet normal -9.735665e-01 -5.009198e-05  2.284041e-01
    outer loop
      vertex -3.694486e+01  4.574161e+00  8.289252e+01
      vertex -3.702052e+01  1.400000e+01  8.257209e+01
      vertex -3.704355e+01  5.312708e+00  8.247202e+01
    endloop
  endfacet
  facet normal -9.999422e-01  0.000000e+00  1.074524e-02
    outer loop
      vertex -3.800000e+01  1.000000e+01  7.400000e+01
      vertex -3.799123e+01  9.966612e+00  7.481648e+01
      vertex -3.800000e+01  1.400000e+01  7.400000e+01
    endloop
  endfacet
  facet normal -9.792430e-01  1.263846e-03 -2.026859e-01
    outer loop
      vertex -3.727241e+01  6.725507e+00  6.659949e+01
      vertex -3.702052e+01  1.400000e+01  6.542791e+01
      vertex -3.717116e+01  6.139665e+00  6.610668e+01
    endloop
  endfacet
  facet normal -9.768492e-01  2.470660e-04 -2.139292e-01
    outer loop
      vertex -3.707346e+01  5.517422e+00  6.565985e+01
      vertex -3.717116e+01  6.139665e+00  6.610668e+01
      vertex -3.702052e+01  1.400000e+01  6.542791e+01
    endloop
  endfacet
  facet normal -9.744454e-01 -6.036838e-05 -2.246241e-01
    outer loop
      vertex -3.707346e+01  5.517422e+00  6.565985e+01
      vertex -3.702052e+01  1.400000e+01  6.542791e+01
      vertex -3.698162e+01  4.862173e+00  6.526162e+01
    endloop
  endfacet
  facet normal -9.493292e-01 -8.325120e-04 -3.142821e-01
    outer loop
      vertex -3.580330e+01  3.000000e+00  6.126721e+01
      vertex -3.632833e+01  3.000000e+00  6.285313e+01
      vertex -3.608817e+01  1.400000e+01  6.209858e+01
    endloop
  endfacet
  facet normal -9.423166e-01  8.938980e-04 -3.347216e-01
    outer loop
      vertex -3.608817e+01  1.400000e+01  6.209858e+01
      vertex -3.550939e+01  1.400000e+01  6.046917e+01
      vertex -3.580330e+01  3.000000e+00  6.126721e+01
    endloop
  endfacet
  facet normal -9.345986e-01 -8.345185e-04 -3.557033e-01
    outer loop
      vertex -3.580330e+01  3.000000e+00  6.126721e+01
      vertex -3.550939e+01  1.400000e+01  6.046917e+01
      vertex -3.520906e+01  3.000000e+00  5.970589e+01
    endloop
  endfacet
  facet normal -9.261140e-01  8.917292e-04 -3.772427e-01
    outer loop
      vertex -3.520906e+01  3.000000e+00  5.970589e+01
      vertex -3.550939e+01  1.400000e+01  6.046917e+01
      vertex -3.485708e+01  1.400000e+01  5.886778e+01
    endloop
  endfacet
  facet normal -9.180622e-01 -8.282775e-04 -3.964358e-01
    outer loop
      vertex -3.520906e+01  3.000000e+00  5.970589e+01
      vertex -3.485708e+01  1.400000e+01  5.886778e+01
      vertex -3.454679e+01  3.000000e+00  5.817219e+01
    endloop
  endfacet
  facet normal -9.079933e-01  8.815585e-04 -4.189836e-01
    outer loop
      vertex -3.454679e+01  3.000000e+00  5.817219e+01
      vertex -3.485708e+01  1.400000e+01  5.886778e+01
      vertex -3.413259e+01  1.400000e+01  5.729772e+01
    endloop
  endfacet
  facet normal -8.997501e-01 -8.137892e-04 -4.364049e-01
    outer loop
      vertex -3.454679e+01  3.000000e+00  5.817219e+01
      vertex -3.413259e+01  1.400000e+01  5.729772e+01
      vertex -3.381774e+01  3.000000e+00  5.666909e+01
    endloop
  endfacet
  facet normal -8.879930e-01  8.629337e-04 -4.598562e-01
    outer loop
      vertex -3.381774e+01  3.000000e+00  5.666909e+01
      vertex -3.413259e+01  1.400000e+01  5.729772e+01
      vertex -3.333743e+01  1.400000e+01  5.576224e+01
    endloop
  endfacet
  facet normal -8.796997e-01 -7.912574e-04 -4.755290e-01
    outer loop
      vertex -3.381774e+01  3.000000e+00  5.666909e+01
      vertex -3.333743e+01  1.400000e+01  5.576224e+01
      vertex -3.302333e+01  3.000000e+00  5.519948e+01
    endloop
  endfacet
  facet normal -8.661536e-01  8.360833e-04 -4.997772e-01
    outer loop
      vertex -3.302333e+01  3.000000e+00  5.519948e+01
      vertex -3.333743e+01  1.400000e+01  5.576224e+01
      vertex -3.247324e+01  1.400000e+01  5.426453e+01
    endloop
  endfacet
  facet normal -8.579501e-01 -7.603024e-04 -5.137324e-01
    outer loop
      vertex -3.302333e+01  3.000000e+00  5.519948e+01
      vertex -3.247324e+01  1.400000e+01  5.426453e+01
      vertex -3.216510e+01  3.000000e+00  5.376621e+01
    endloop
  endfacet
  facet normal -8.425215e-01  8.012434e-04 -5.386621e-01
    outer loop
      vertex -3.216510e+01  3.000000e+00  5.376621e+01
      vertex -3.247324e+01  1.400000e+01  5.426453e+01
      vertex -3.154181e+01  1.400000e+01  5.280768e+01
    endloop
  endfacet
  facet normal -8.345410e-01 -7.213157e-04 -5.509454e-01
    outer loop
      vertex -3.216510e+01  3.000000e+00  5.376621e+01
      vertex -3.154181e+01  1.400000e+01  5.280768e+01
      vertex -3.124470e+01  3.000000e+00  5.237204e+01
    endloop
  endfacet
  facet normal -8.171438e-01  7.579760e-04 -5.764334e-01
    outer loop
      vertex -3.124470e+01  3.000000e+00  5.237204e+01
      vertex -3.154181e+01  1.400000e+01  5.280768e+01
      vertex -3.054506e+01  1.400000e+01  5.139471e+01
    endloop
  endfacet
  facet normal -8.095195e-01 -6.740088e-04 -5.870926e-01
    outer loop
      vertex -3.124470e+01  3.000000e+00  5.237204e+01
      vertex -3.054506e+01  1.400000e+01  5.139471e+01
      vertex -3.026392e+01  3.000000e+00  5.101968e+01
    endloop
  endfacet
  facet normal -7.900737e-01  7.066787e-04 -6.130114e-01
    outer loop
      vertex -3.026392e+01  3.000000e+00  5.101968e+01
      vertex -3.054506e+01  1.400000e+01  5.139471e+01
      vertex -2.948507e+01  1.400000e+01  5.002855e+01
    endloop
  endfacet
  facet normal -7.829326e-01 -6.183923e-04 -6.221061e-01
    outer loop
      vertex -3.026392e+01  3.000000e+00  5.101968e+01
      vertex -2.948507e+01  1.400000e+01  5.002855e+01
      vertex -2.922464e+01  3.000000e+00  4.971173e+01
    endloop
  endfacet
  facet normal -7.613696e-01  6.470789e-04 -6.483176e-01
    outer loop
      vertex -2.922464e+01  3.000000e+00  4.971173e+01
      vertex -2.948507e+01  1.400000e+01  5.002855e+01
      vertex -2.836403e+01  1.400000e+01  4.871203e+01
    endloop
  endfacet
  facet normal -7.548340e-01 -5.547711e-04 -6.559157e-01
    outer loop
      vertex -2.922464e+01  3.000000e+00  4.971173e+01
      vertex -2.836403e+01  1.400000e+01  4.871203e+01
      vertex -2.812888e+01  3.000000e+00  4.845072e+01
    endloop
  endfacet
  facet normal -7.310877e-01  5.792357e-04 -6.822832e-01
    outer loop
      vertex -2.812888e+01  3.000000e+00  4.845072e+01
      vertex -2.836403e+01  1.400000e+01  4.871203e+01
      vertex -2.718426e+01  1.400000e+01  4.744786e+01
    endloop
  endfacet
  facet normal -7.252768e-01 -4.826508e-04 -6.884572e-01
    outer loop
      vertex -2.812888e+01  3.000000e+00  4.845072e+01
      vertex -2.718426e+01  1.400000e+01  4.744786e+01
      vertex -2.697876e+01  3.000000e+00  4.723909e+01
    endloop
  endfacet
  facet normal -6.992924e-01  5.034417e-04 -7.148356e-01
    outer loop
      vertex -2.697876e+01  3.000000e+00  4.723909e+01
      vertex -2.718426e+01  1.400000e+01  4.744786e+01
      vertex -2.594820e+01  1.400000e+01  4.623868e+01
    endloop
  endfacet
  facet normal -6.943153e-01 -4.025974e-04 -7.196708e-01
    outer loop
      vertex -2.697876e+01  3.000000e+00  4.723909e+01
      vertex -2.594820e+01  1.400000e+01  4.623868e+01
      vertex -2.577649e+01  3.000000e+00  4.607918e+01
    endloop
  endfacet
  facet normal -6.660497e-01  4.190613e-04 -7.459074e-01
    outer loop
      vertex -2.577649e+01  3.000000e+00  4.607918e+01
      vertex -2.594820e+01  1.400000e+01  4.623868e+01
      vertex -2.465841e+01  1.400000e+01  4.508698e+01
    endloop
  endfacet
  facet normal -6.620142e-01 -3.143911e-04 -7.494913e-01
    outer loop
      vertex -2.577649e+01  3.000000e+00  4.607918e+01
      vertex -2.465841e+01  1.400000e+01  4.508698e+01
      vertex -2.452441e+01  3.000000e+00  4.497323e+01
    endloop
  endfacet
  facet normal -6.314258e-01  3.265190e-04 -7.754362e-01
    outer loop
      vertex -2.452441e+01  3.000000e+00  4.497323e+01
      vertex -2.465841e+01  1.400000e+01  4.508698e+01
      vertex -2.331757e+01  1.400000e+01  4.399515e+01
    endloop
  endfacet
  facet normal -6.284330e-01 -2.176787e-04 -7.778637e-01
    outer loop
      vertex -2.452441e+01  3.000000e+00  4.497323e+01
      vertex -2.331757e+01  1.400000e+01  4.399515e+01
      vertex -2.322493e+01  3.000000e+00  4.392339e+01
    endloop
  endfacet
  facet normal -5.954964e-01  2.260154e-04 -8.033579e-01
    outer loop
      vertex -2.322493e+01  3.000000e+00  4.392339e+01
      vertex -2.331757e+01  1.400000e+01  4.399515e+01
      vertex -2.192844e+01  1.400000e+01  4.296544e+01
    endloop
  endfacet
  facet normal -9.807944e-01 -3.728533e-04  1.950441e-01
    outer loop
      vertex -3.737216e+01 -1.400000e+01  8.087907e+01
      vertex -3.721462e+01 -6.397531e+00  8.168581e+01
      vertex -3.732949e+01 -7.034992e+00  8.110696e+01
    endloop
  endfacet
  facet normal -9.897360e-01  1.527971e-04  1.429081e-01
    outer loop
      vertex -3.755545e+01 -8.149332e+00  7.979555e+01
      vertex -3.765998e+01 -8.618256e+00  7.907205e+01
      vertex -3.764641e+01 -1.400000e+01  7.917181e+01
    endloop
  endfacet
  facet normal -9.995083e-01 -4.290111e-04 -3.135248e-02
    outer loop
      vertex -3.796066e+01 -1.400000e+01  7.227129e+01
      vertex -3.799169e+01 -9.968373e+00  7.320531e+01
      vertex -3.796697e+01 -9.873747e+00  7.241598e+01
    endloop
  endfacet
  facet normal -9.917630e-01  5.158481e-05 -1.280868e-01
    outer loop
      vertex -3.772880e+01 -8.914180e+00  6.946818e+01
      vertex -3.764188e+01 -8.538804e+00  6.879530e+01
      vertex -3.764641e+01 -1.400000e+01  6.882819e+01
    endloop
  endfacet
  facet normal -9.840838e-01  1.589935e-04 -1.777055e-01
    outer loop
      vertex -3.744824e+01 -7.640075e+00  6.754793e+01
      vertex -3.733775e+01 -7.078657e+00  6.693653e+01
      vertex -3.737216e+01 -1.400000e+01  6.712093e+01
    endloop
  endfacet
  facet normal -9.754806e-01  1.296518e-05 -2.200857e-01
    outer loop
      vertex -3.711867e+01 -5.813404e+00  6.586340e+01
      vertex -3.701608e+01 -5.117662e+00  6.540875e+01
      vertex -3.702052e+01 -1.400000e+01  6.542791e+01
    endloop
  endfacet
  facet normal -9.493295e-01  8.325686e-04 -3.142815e-01
    outer loop
      vertex -3.608817e+01 -1.400000e+01  6.209858e+01
      vertex -3.632833e+01 -3.000000e+00  6.285314e+01
      vertex -3.580330e+01 -3.000000e+00  6.126721e+01
    endloop
  endfacet
  facet normal -9.423166e-01 -8.938980e-04 -3.347216e-01
    outer loop
      vertex -3.608817e+01 -1.400000e+01  6.209858e+01
      vertex -3.580330e+01 -3.000000e+00  6.126721e+01
      vertex -3.550939e+01 -1.400000e+01  6.046917e+01
    endloop
  endfacet
  facet normal -9.345986e-01  8.345193e-04 -3.557033e-01
    outer loop
      vertex -3.580330e+01 -3.000000e+00  6.126721e+01
      vertex -3.520906e+01 -3.000000e+00  5.970589e+01
      vertex -3.550939e+01 -1.400000e+01  6.046917e+01
    endloop
  endfacet
  facet normal -9.261140e-01 -8.917292e-04 -3.772427e-01
    outer loop
      vertex -3.485708e+01 -1.400000e+01  5.886778e+01
      vertex -3.550939e+01 -1.400000e+01  6.046917e+01
      vertex -3.520906e+01 -3.000000e+00  5.970589e+01
    endloop
  endfacet
  facet normal -9.180622e-01  8.282775e-04 -3.964358e-01
    outer loop
      vertex -3.520906e+01 -3.000000e+00  5.970589e+01
      vertex -3.454679e+01 -3.000000e+00  5.817219e+01
      vertex -3.485708e+01 -1.400000e+01  5.886778e+01
    endloop
  endfacet
  facet normal -9.079933e-01 -8.815585e-04 -4.189836e-01
    outer loop
      vertex -3.413259e+01 -1.400000e+01  5.729772e+01
      vertex -3.485708e+01 -1.400000e+01  5.886778e+01
      vertex -3.454679e+01 -3.000000e+00  5.817219e+01
    endloop
  endfacet
  facet normal -8.997505e-01  8.136976e-04 -4.364040e-01
    outer loop
      vertex -3.454679e+01 -3.000000e+00  5.817219e+01
      vertex -3.381774e+01 -3.000000e+00  5.666909e+01
      vertex -3.413259e+01 -1.400000e+01  5.729772e+01
    endloop
  endfacet
  facet normal -8.879930e-01 -8.630842e-04 -4.598562e-01
    outer loop
      vertex -3.333743e+01 -1.400000e+01  5.576224e+01
      vertex -3.413259e+01 -1.400000e+01  5.729772e+01
      vertex -3.381774e+01 -3.000000e+00  5.666909e+01
    endloop
  endfacet
  facet normal -8.797002e-01  7.910157e-04 -4.755280e-01
    outer loop
      vertex -3.381774e+01 -3.000000e+00  5.666909e+01
      vertex -3.302333e+01 -3.000000e+00  5.519948e+01
      vertex -3.333743e+01 -1.400000e+01  5.576224e+01
    endloop
  endfacet
  facet normal -8.661536e-01 -8.363826e-04 -4.997772e-01
    outer loop
      vertex -3.247324e+01 -1.400000e+01  5.426453e+01
      vertex -3.333743e+01 -1.400000e+01  5.576224e+01
      vertex -3.302333e+01 -3.000000e+00  5.519948e+01
    endloop
  endfacet
  facet normal -8.579491e-01  7.601978e-04 -5.137342e-01
    outer loop
      vertex -3.302333e+01 -3.000000e+00  5.519948e+01
      vertex -3.216510e+01 -3.000000e+00  5.376621e+01
      vertex -3.247324e+01 -1.400000e+01  5.426453e+01
    endloop
  endfacet
  facet normal -8.425215e-01 -8.012434e-04 -5.386621e-01
    outer loop
      vertex -3.154181e+01 -1.400000e+01  5.280768e+01
      vertex -3.247324e+01 -1.400000e+01  5.426453e+01
      vertex -3.216510e+01 -3.000000e+00  5.376621e+01
    endloop
  endfacet
  facet normal -8.345410e-01  7.213141e-04 -5.509454e-01
    outer loop
      vertex -3.216510e+01 -3.000000e+00  5.376621e+01
      vertex -3.124470e+01 -3.000000e+00  5.237204e+01
      vertex -3.154181e+01 -1.400000e+01  5.280768e+01
    endloop
  endfacet
  facet normal -8.171438e-01 -7.579760e-04 -5.764334e-01
    outer loop
      vertex -3.054506e+01 -1.400000e+01  5.139471e+01
      vertex -3.154181e+01 -1.400000e+01  5.280768e+01
      vertex -3.124470e+01 -3.000000e+00  5.237204e+01
    endloop
  endfacet
  facet normal -8.095195e-01  6.740088e-04 -5.870926e-01
    outer loop
      vertex -3.124470e+01 -3.000000e+00  5.237204e+01
      vertex -3.026392e+01 -3.000000e+00  5.101968e+01
      vertex -3.054506e+01 -1.400000e+01  5.139471e+01
    endloop
  endfacet
  facet normal -7.900737e-01 -7.066787e-04 -6.130114e-01
    outer loop
      vertex -2.948507e+01 -1.400000e+01  5.002855e+01
      vertex -3.054506e+01 -1.400000e+01  5.139471e+01
      vertex -3.026392e+01 -3.000000e+00  5.101968e+01
    endloop
  endfacet
  facet normal -7.829332e-01  6.182897e-04 -6.221055e-01
    outer loop
      vertex -3.026392e+01 -3.000000e+00  5.101968e+01
      vertex -2.922464e+01 -3.000000e+00  4.971173e+01
      vertex -2.948507e+01 -1.400000e+01  5.002855e+01
    endloop
  endfacet
  facet normal -7.613696e-01 -6.472105e-04 -6.483176e-01
    outer loop
      vertex -2.836403e+01 -1.400000e+01  4.871203e+01
      vertex -2.948507e+01 -1.400000e+01  5.002855e+01
      vertex -2.922464e+01 -3.000000e+00  4.971173e+01
    endloop
  endfacet
  facet normal -7.548340e-01  5.546406e-04 -6.559157e-01
    outer loop
      vertex -2.922464e+01 -3.000000e+00  4.971173e+01
      vertex -2.812889e+01 -3.000000e+00  4.845072e+01
      vertex -2.836403e+01 -1.400000e+01  4.871203e+01
    endloop
  endfacet
  facet normal -7.310877e-01 -5.793626e-04 -6.822832e-01
    outer loop
      vertex -2.718426e+01 -1.400000e+01  4.744786e+01
      vertex -2.836403e+01 -1.400000e+01  4.871203e+01
      vertex -2.812889e+01 -3.000000e+00  4.845072e+01
    endloop
  endfacet
  facet normal -7.252762e-01  4.826285e-04 -6.884578e-01
    outer loop
      vertex -2.812889e+01 -3.000000e+00  4.845072e+01
      vertex -2.697876e+01 -3.000000e+00  4.723909e+01
      vertex -2.718426e+01 -1.400000e+01  4.744786e+01
    endloop
  endfacet
  facet normal -6.992924e-01 -5.034417e-04 -7.148356e-01
    outer loop
      vertex -2.594820e+01 -1.400000e+01  4.623868e+01
      vertex -2.718426e+01 -1.400000e+01  4.744786e+01
      vertex -2.697876e+01 -3.000000e+00  4.723909e+01
    endloop
  endfacet
  facet normal -6.943153e-01  4.025974e-04 -7.196708e-01
    outer loop
      vertex -2.697876e+01 -3.000000e+00  4.723909e+01
      vertex -2.577649e+01 -3.000000e+00  4.607918e+01
      vertex -2.594820e+01 -1.400000e+01  4.623868e+01
    endloop
  endfacet
  facet normal -6.660497e-01 -4.190613e-04 -7.459074e-01
    outer loop
      vertex -2.465841e+01 -1.400000e+01  4.508698e+01
      vertex -2.594820e+01 -1.400000e+01  4.623868e+01
      vertex -2.577649e+01 -3.000000e+00  4.607918e+01
    endloop
  endfacet
  facet normal -6.620142e-01  3.143911e-04 -7.494913e-01
    outer loop
      vertex -2.577649e+01 -3.000000e+00  4.607918e+01
      vertex -2.452441e+01 -3.000000e+00  4.497323e+01
      vertex -2.465841e+01 -1.400000e+01  4.508698e+01
    endloop
  endfacet
  facet normal -6.314258e-01 -3.265190e-04 -7.754362e-01
    outer loop
      vertex -2.331757e+01 -1.400000e+01  4.399515e+01
      vertex -2.465841e+01 -1.400000e+01  4.508698e+01
      vertex -2.452441e+01 -3.000000e+00  4.497323e+01
    endloop
  endfacet
  facet normal -6.284330e-01  2.176791e-04 -7.778637e-01
    outer loop
      vertex -2.452441e+01 -3.000000e+00  4.497323e+01
      vertex -2.322493e+01 -3.000000e+00  4.392339e+01
      vertex -2.331757e+01 -1.400000e+01  4.399515e+01
    endloop
  endfacet
  facet normal -5.954964e-01 -2.260154e-04 -8.033579e-01
    outer loop
      vertex -2.192844e+01 -1.400000e+01  4.296544e+01
      vertex -2.331757e+01 -1.400000e+01  4.399515e+01
      vertex -2.322493e+01 -3.000000e+00  4.392339e+01
    endloop
  endfacet
  facet normal -9.821846e-01 -4.354495e-05  1.879187e-01
    outer loop
      vertex -3.737216e+01  1.400000e+01  8.087907e+01
      vertex -3.737912e+01  7.293756e+00  8.084113e+01
      vertex -3.726382e+01  6.677766e+00  8.144362e+01
    endloop
  endfacet
  facet normal -9.788455e-01  1.291737e-03  2.045967e-01
    outer loop
      vertex -3.737216e+01  1.400000e+01  8.087907e+01
      vertex -3.726382e+01  6.677766e+00  8.144362e+01
      vertex -3.715031e+01  6.012087e+00  8.199092e+01
    endloop
  endfacet
  facet normal -9.750637e-01  3.804158e-03  2.218922e-01
    outer loop
      vertex -3.737216e+01  1.400000e+01  8.087907e+01
      vertex -3.715031e+01  6.012087e+00  8.199092e+01
      vertex -3.704355e+01  5.312708e+00  8.247202e+01
    endloop
  endfacet
  facet normal -9.791040e-01  2.530708e-04  2.033595e-01
    outer loop
      vertex -3.737216e+01  1.400000e+01  8.087907e+01
      vertex -3.704355e+01  5.312708e+00  8.247202e+01
      vertex -3.702052e+01  1.400000e+01  8.257209e+01
    endloop
  endfacet
  facet normal -9.935334e-01  1.709913e-03  1.135263e-01
    outer loop
      vertex -3.764641e+01  1.400000e+01  7.917181e+01
      vertex -3.784272e+01  1.400000e+01  7.745383e+01
      vertex -3.779226e+01  9.179040e+00  7.796803e+01
    endloop
  endfacet
  facet normal -9.933330e-01  1.267490e-03  1.152738e-01
    outer loop
      vertex -3.764641e+01  1.400000e+01  7.917181e+01
      vertex -3.779226e+01  9.179040e+00  7.796803e+01
      vertex -3.770245e+01  8.801994e+00  7.874604e+01
    endloop
  endfacet
  facet normal -9.909179e-01 -3.307567e-04  1.344683e-01
    outer loop
      vertex -3.764641e+01  1.400000e+01  7.917181e+01
      vertex -3.770245e+01  8.801994e+00  7.874604e+01
      vertex -3.760167e+01  8.359770e+00  7.948765e+01
    endloop
  endfacet
  facet normal -9.880413e-01  7.962813e-04  1.541872e-01
    outer loop
      vertex -3.764641e+01  1.400000e+01  7.917181e+01
      vertex -3.760167e+01  8.359770e+00  7.948765e+01
      vertex -3.749284e+01  7.855773e+00  8.018764e+01
    endloop
  endfacet
  facet normal -9.845501e-01  4.332786e-03  1.750498e-01
    outer loop
      vertex -3.764641e+01  1.400000e+01  7.917181e+01
      vertex -3.749284e+01  7.855773e+00  8.018764e+01
      vertex -3.737912e+01  7.293756e+00  8.084113e+01
    endloop
  endfacet
  facet normal -9.873424e-01  1.276616e-04  1.586035e-01
    outer loop
      vertex -3.764641e+01  1.400000e+01  7.917181e+01
      vertex -3.737912e+01  7.293756e+00  8.084113e+01
      vertex -3.737216e+01  1.400000e+01  8.087907e+01
    endloop
  endfacet
  facet normal -9.976709e-01  5.291568e-04 -6.820833e-02
    outer loop
      vertex -3.796066e+01  1.400000e+01  7.227129e+01
      vertex -3.784272e+01  1.400000e+01  7.054617e+01
      vertex -3.785290e+01  9.425589e+00  7.065960e+01
    endloop
  endfacet
  facet normal -9.969060e-01  4.169992e-03 -7.849083e-02
    outer loop
      vertex -3.796066e+01  1.400000e+01  7.227129e+01
      vertex -3.785290e+01  9.425589e+00  7.065960e+01
      vertex -3.791582e+01  9.675197e+00  7.147205e+01
    endloop
  endfacet
  facet normal -9.984550e-01 -8.264223e-05 -5.556633e-02
    outer loop
      vertex -3.796066e+01  1.400000e+01  7.227129e+01
      vertex -3.791582e+01  9.675197e+00  7.147205e+01
      vertex -3.796212e+01  9.855092e+00  7.230378e+01
    endloop
  endfacet
  facet normal -9.994376e-01  9.038611e-05 -3.353380e-02
    outer loop
      vertex -3.796066e+01  1.400000e+01  7.227129e+01
      vertex -3.796212e+01  9.855092e+00  7.230378e+01
      vertex -3.799046e+01  9.963689e+00  7.314858e+01
    endloop
  endfacet
  facet normal -9.999228e-01  4.901757e-03 -1.141368e-02
    outer loop
      vertex -3.796066e+01  1.400000e+01  7.227129e+01
      vertex -3.799046e+01  9.963689e+00  7.314858e+01
      vertex -3.800000e+01  1.000000e+01  7.400000e+01
    endloop
  endfacet
  facet normal -9.997411e-01  0.000000e+00 -2.275157e-02
    outer loop
      vertex -3.796066e+01  1.400000e+01  7.227129e+01
      vertex -3.800000e+01  1.000000e+01  7.400000e+01
      vertex -3.800000e+01  1.400000e+01  7.400000e+01
    endloop
  endfacet
  facet normal -9.565688e-01  8.879144e-04 -2.915057e-01
    outer loop
      vertex -3.659223e+01  1.400000e+01  6.375264e+01
      vertex -3.608817e+01  1.400000e+01  6.209858e+01
      vertex -3.632833e+01  3.000000e+00  6.285313e+01
    endloop
  endfacet
  facet normal -9.622251e-01 -8.220535e-04 -2.722540e-01
    outer loop
      vertex -3.659223e+01  1.400000e+01  6.375264e+01
      vertex -3.632833e+01  3.000000e+00  6.285313e+01
      vertex -3.678315e+01  3.000000e+00  6.446061e+01
    endloop
  endfacet
  facet normal -9.680520e-01  6.631810e-04 -2.507489e-01
    outer loop
      vertex -3.659223e+01  1.400000e+01  6.375264e+01
      vertex -3.678315e+01  3.000000e+00  6.446061e+01
      vertex -3.682421e+01  3.467359e+00  6.462037e+01
    endloop
  endfacet
  facet normal -9.693909e-01  1.123430e-03 -2.455202e-01
    outer loop
      vertex -3.659223e+01  1.400000e+01  6.375264e+01
      vertex -3.682421e+01  3.467359e+00  6.462037e+01
      vertex -3.689786e+01  4.177538e+00  6.491440e+01
    endloop
  endfacet
  facet normal -9.711879e-01  2.032588e-03 -2.383062e-01
    outer loop
      vertex -3.659223e+01  1.400000e+01  6.375264e+01
      vertex -3.689786e+01  4.177538e+00  6.491440e+01
      vertex -3.698162e+01  4.862173e+00  6.526162e+01
    endloop
  endfacet
  facet normal -9.688397e-01  3.832169e-04 -2.476882e-01
    outer loop
      vertex -3.659223e+01  1.400000e+01  6.375264e+01
      vertex -3.698162e+01  4.862173e+00  6.526162e+01
      vertex -3.702052e+01  1.400000e+01  6.542791e+01
    endloop
  endfacet
  facet normal -9.688395e-01 -8.737862e-04  2.476876e-01
    outer loop
      vertex -3.702052e+01 -1.400000e+01  8.257209e+01
      vertex -3.659223e+01 -1.400000e+01  8.424737e+01
      vertex -3.678315e+01 -3.000000e+00  8.353939e+01
    endloop
  endfacet
  facet normal -9.679924e-01 -1.181287e-03  2.509766e-01
    outer loop
      vertex -3.702052e+01 -1.400000e+01  8.257209e+01
      vertex -3.678315e+01 -3.000000e+00  8.353939e+01
      vertex -3.684511e+01 -3.682678e+00  8.329720e+01
    endloop
  endfacet
  facet normal -9.702966e-01 -5.054544e-04  2.419178e-01
    outer loop
      vertex -3.702052e+01 -1.400000e+01  8.257209e+01
      vertex -3.684511e+01 -3.682678e+00  8.329720e+01
      vertex -3.691721e+01 -4.345192e+00  8.300662e+01
    endloop
  endfacet
  facet normal -9.725465e-01 -6.689926e-05  2.327085e-01
    outer loop
      vertex -3.702052e+01 -1.400000e+01  8.257209e+01
      vertex -3.691721e+01 -4.345192e+00  8.300662e+01
      vertex -3.699787e+01 -4.984191e+00  8.266936e+01
    endloop
  endfacet
  facet normal -9.750504e-01  5.510730e-05  2.219836e-01
    outer loop
      vertex -3.702052e+01 -1.400000e+01  8.257209e+01
      vertex -3.699787e+01 -4.984191e+00  8.266936e+01
      vertex -3.710298e+01 -5.712363e+00  8.220786e+01
    endloop
  endfacet
  facet normal -9.777510e-01 -5.086196e-04  2.097682e-01
    outer loop
      vertex -3.702052e+01 -1.400000e+01  8.257209e+01
      vertex -3.710298e+01 -5.712363e+00  8.220786e+01
      vertex -3.721462e+01 -6.397531e+00  8.168581e+01
    endloop
  endfacet
  facet normal -9.791033e-01 -1.290272e-03  2.033594e-01
    outer loop
      vertex -3.702052e+01 -1.400000e+01  8.257209e+01
      vertex -3.721462e+01 -6.397531e+00  8.168581e+01
      vertex -3.737216e+01 -1.400000e+01  8.087907e+01
    endloop
  endfacet
  facet normal -9.688397e-01 -4.988760e-05 -2.476882e-01
    outer loop
      vertex -3.659223e+01 -1.400000e+01  6.375264e+01
      vertex -3.702052e+01 -1.400000e+01  6.542791e+01
      vertex -3.701608e+01 -5.117662e+00  6.540875e+01
    endloop
  endfacet
  facet normal -9.718511e-01 -2.450562e-03 -2.355833e-01
    outer loop
      vertex -3.659223e+01 -1.400000e+01  6.375264e+01
      vertex -3.701608e+01 -5.117662e+00  6.540875e+01
      vertex -3.692200e+01 -4.385713e+00  6.501304e+01
    endloop
  endfacet
  facet normal -9.699324e-01 -1.363851e-03 -2.433706e-01
    outer loop
      vertex -3.659223e+01 -1.400000e+01  6.375264e+01
      vertex -3.692200e+01 -4.385713e+00  6.501304e+01
      vertex -3.684721e+01 -3.703629e+00  6.471113e+01
    endloop
  endfacet
  facet normal -9.683280e-01 -7.367269e-04 -2.496806e-01
    outer loop
      vertex -3.659223e+01 -1.400000e+01  6.375264e+01
      vertex -3.684721e+01 -3.703629e+00  6.471113e+01
      vertex -3.678315e+01 -3.000000e+00  6.446061e+01
    endloop
  endfacet
  facet normal -9.622250e-01  8.220943e-04 -2.722546e-01
    outer loop
      vertex -3.659223e+01 -1.400000e+01  6.375264e+01
      vertex -3.678315e+01 -3.000000e+00  6.446061e+01
      vertex -3.632833e+01 -3.000000e+00  6.285314e+01
    endloop
  endfacet
  facet normal -9.565688e-01 -8.878118e-04 -2.915057e-01
    outer loop
      vertex -3.659223e+01 -1.400000e+01  6.375264e+01
      vertex -3.632833e+01 -3.000000e+00  6.285314e+01
      vertex -3.608817e+01 -1.400000e+01  6.209858e+01
    endloop
  endfacet
  facet normal -5.583345e-01  0.000000e+00  8.296160e-01
    outer loop
      vertex -2.049390e+01 -1.400000e+01  1.060000e+02
      vertex -2.049390e+01  1.400000e+01  1.060000e+02
      vertex -2.192844e+01 -1.400000e+01  1.050346e+02
    endloop
  endfacet
  facet normal -5.583345e-01  0.000000e+00  8.296160e-01
    outer loop
      vertex -2.192844e+01 -1.400000e+01  1.050346e+02
      vertex -2.049390e+01  1.400000e+01  1.060000e+02
      vertex -2.192844e+01  1.400000e+01  1.050346e+02
    endloop
  endfacet
  facet normal -5.954950e-01  0.000000e+00  8.033590e-01
    outer loop
      vertex -2.192844e+01 -1.400000e+01  1.050346e+02
      vertex -2.192844e+01  1.400000e+01  1.050346e+02
      vertex -2.331757e+01 -1.400000e+01  1.040049e+02
    endloop
  endfacet
  facet normal -5.954950e-01  0.000000e+00  8.033590e-01
    outer loop
      vertex -2.331757e+01 -1.400000e+01  1.040049e+02
      vertex -2.192844e+01  1.400000e+01  1.050346e+02
      vertex -2.331757e+01  1.400000e+01  1.040049e+02
    endloop
  endfacet
  facet normal -6.314272e-01  0.000000e+00  7.754352e-01
    outer loop
      vertex -2.331757e+01 -1.400000e+01  1.040049e+02
      vertex -2.331757e+01  1.400000e+01  1.040049e+02
      vertex -2.465841e+01 -1.400000e+01  1.029130e+02
    endloop
  endfacet
  facet normal -6.314272e-01  0.000000e+00  7.754352e-01
    outer loop
      vertex -2.465841e+01 -1.400000e+01  1.029130e+02
      vertex -2.331757e+01  1.400000e+01  1.040049e+02
      vertex -2.465841e+01  1.400000e+01  1.029130e+02
    endloop
  endfacet
  facet normal -6.660472e-01  0.000000e+00  7.459096e-01
    outer loop
      vertex -2.465841e+01 -1.400000e+01  1.029130e+02
      vertex -2.465841e+01  1.400000e+01  1.029130e+02
      vertex -2.594820e+01 -1.400000e+01  1.017613e+02
    endloop
  endfacet
  facet normal -6.660472e-01  0.000000e+00  7.459096e-01
    outer loop
      vertex -2.594820e+01 -1.400000e+01  1.017613e+02
      vertex -2.465841e+01  1.400000e+01  1.029130e+02
      vertex -2.594820e+01  1.400000e+01  1.017613e+02
    endloop
  endfacet
  facet normal -6.992947e-01  0.000000e+00  7.148334e-01
    outer loop
      vertex -2.594820e+01 -1.400000e+01  1.017613e+02
      vertex -2.594820e+01  1.400000e+01  1.017613e+02
      vertex -2.718426e+01 -1.400000e+01  1.005521e+02
    endloop
  endfacet
  facet normal -6.992947e-01  0.000000e+00  7.148334e-01
    outer loop
      vertex -2.718426e+01 -1.400000e+01  1.005521e+02
      vertex -2.594820e+01  1.400000e+01  1.017613e+02
      vertex -2.718426e+01  1.400000e+01  1.005521e+02
    endloop
  endfacet
  facet normal -7.310869e-01  0.000000e+00  6.822844e-01
    outer loop
      vertex -2.718426e+01 -1.400000e+01  1.005521e+02
      vertex -2.718426e+01  1.400000e+01  1.005521e+02
      vertex -2.836403e+01 -1.400000e+01  9.928797e+01
    endloop
  endfacet
  facet normal -7.310869e-01  0.000000e+00  6.822844e-01
    outer loop
      vertex -2.836403e+01 -1.400000e+01  9.928797e+01
      vertex -2.718426e+01  1.400000e+01  1.005521e+02
      vertex -2.836403e+01  1.400000e+01  9.928797e+01
    endloop
  endfacet
  facet normal -7.613689e-01  0.000000e+00  6.483189e-01
    outer loop
      vertex -2.836403e+01 -1.400000e+01  9.928797e+01
      vertex -2.836403e+01  1.400000e+01  9.928797e+01
      vertex -2.948507e+01 -1.400000e+01  9.797145e+01
    endloop
  endfacet
  facet normal -7.613689e-01  0.000000e+00  6.483189e-01
    outer loop
      vertex -2.948507e+01 -1.400000e+01  9.797145e+01
      vertex -2.836403e+01  1.400000e+01  9.928797e+01
      vertex -2.948507e+01  1.400000e+01  9.797145e+01
    endloop
  endfacet
  facet normal -7.900755e-01  0.000000e+00  6.130095e-01
    outer loop
      vertex -2.948507e+01 -1.400000e+01  9.797145e+01
      vertex -2.948507e+01  1.400000e+01  9.797145e+01
      vertex -3.054506e+01 -1.400000e+01  9.660529e+01
    endloop
  endfacet
  facet normal -7.900755e-01  0.000000e+00  6.130095e-01
    outer loop
      vertex -3.054506e+01 -1.400000e+01  9.660529e+01
      vertex -2.948507e+01  1.400000e+01  9.797145e+01
      vertex -3.054506e+01  1.400000e+01  9.660529e+01
    endloop
  endfacet
  facet normal -8.171433e-01  0.000000e+00  5.764346e-01
    outer loop
      vertex -3.054506e+01 -1.400000e+01  9.660529e+01
      vertex -3.054506e+01  1.400000e+01  9.660529e+01
      vertex -3.154181e+01 -1.400000e+01  9.519232e+01
    endloop
  endfacet
  facet normal -8.171433e-01  0.000000e+00  5.764346e-01
    outer loop
      vertex -3.154181e+01 -1.400000e+01  9.519232e+01
      vertex -3.054506e+01  1.400000e+01  9.660529e+01
      vertex -3.154181e+01  1.400000e+01  9.519232e+01
    endloop
  endfacet
  facet normal -8.425218e-01  0.000000e+00  5.386623e-01
    outer loop
      vertex -3.154181e+01 -1.400000e+01  9.519232e+01
      vertex -3.154181e+01  1.400000e+01  9.519232e+01
      vertex -3.247324e+01 -1.400000e+01  9.373547e+01
    endloop
  endfacet
  facet normal -8.425218e-01  0.000000e+00  5.386623e-01
    outer loop
      vertex -3.247324e+01 -1.400000e+01  9.373547e+01
      vertex -3.154181e+01  1.400000e+01  9.519232e+01
      vertex -3.247324e+01  1.400000e+01  9.373547e+01
    endloop
  endfacet
  facet normal -8.661532e-01  0.000000e+00  4.997783e-01
    outer loop
      vertex -3.247324e+01 -1.400000e+01  9.373547e+01
      vertex -3.247324e+01  1.400000e+01  9.373547e+01
      vertex -3.333743e+01 -1.400000e+01  9.223776e+01
    endloop
  endfacet
  facet normal -8.661532e-01  0.000000e+00  4.997783e-01
    outer loop
      vertex -3.333743e+01 -1.400000e+01  9.223776e+01
      vertex -3.247324e+01  1.400000e+01  9.373547e+01
      vertex -3.333743e+01  1.400000e+01  9.223776e+01
    endloop
  endfacet
  facet normal -8.879933e-01  0.000000e+00  4.598564e-01
    outer loop
      vertex -3.333743e+01 -1.400000e+01  9.223776e+01
      vertex -3.333743e+01  1.400000e+01  9.223776e+01
      vertex -3.413259e+01 -1.400000e+01  9.070229e+01
    endloop
  endfacet
  facet normal -8.879933e-01  0.000000e+00  4.598564e-01
    outer loop
      vertex -3.413259e+01 -1.400000e+01  9.070229e+01
      vertex -3.333743e+01  1.400000e+01  9.223776e+01
      vertex -3.413259e+01  1.400000e+01  9.070229e+01
    endloop
  endfacet
  facet normal -9.079937e-01  0.000000e+00  4.189838e-01
    outer loop
      vertex -3.413259e+01 -1.400000e+01  9.070229e+01
      vertex -3.413259e+01  1.400000e+01  9.070229e+01
      vertex -3.485708e+01 -1.400000e+01  8.913223e+01
    endloop
  endfacet
  facet normal -9.079937e-01  0.000000e+00  4.189838e-01
    outer loop
      vertex -3.485708e+01 -1.400000e+01  8.913223e+01
      vertex -3.413259e+01  1.400000e+01  9.070229e+01
      vertex -3.485708e+01  1.400000e+01  8.913223e+01
    endloop
  endfacet
  facet normal -9.261147e-01  0.000000e+00  3.772420e-01
    outer loop
      vertex -3.485708e+01 -1.400000e+01  8.913223e+01
      vertex -3.485708e+01  1.400000e+01  8.913223e+01
      vertex -3.550939e+01 -1.400000e+01  8.753083e+01
    endloop
  endfacet
  facet normal -9.261147e-01  0.000000e+00  3.772420e-01
    outer loop
      vertex -3.550939e+01 -1.400000e+01  8.753083e+01
      vertex -3.485708e+01  1.400000e+01  8.913223e+01
      vertex -3.550939e+01  1.400000e+01  8.753083e+01
    endloop
  endfacet
  facet normal -9.423169e-01  0.000000e+00  3.347217e-01
    outer loop
      vertex -3.550939e+01 -1.400000e+01  8.753083e+01
      vertex -3.550939e+01  1.400000e+01  8.753083e+01
      vertex -3.608817e+01 -1.400000e+01  8.590142e+01
    endloop
  endfacet
  facet normal -9.423169e-01  0.000000e+00  3.347217e-01
    outer loop
      vertex -3.608817e+01 -1.400000e+01  8.590142e+01
      vertex -3.550939e+01  1.400000e+01  8.753083e+01
      vertex -3.608817e+01  1.400000e+01  8.590142e+01
    endloop
  endfacet
  facet normal -9.505665e-01  0.000000e+00  3.105208e-01
    outer loop
      vertex -3.608817e+01 -1.400000e+01  8.590142e+01
      vertex -3.608817e+01  1.400000e+01  8.590142e+01
      vertex -3.615462e+01 -3.000000e+00  8.569802e+01
    endloop
  endfacet
  facet normal -9.505665e-01  0.000000e+00  3.105208e-01
    outer loop
      vertex -3.615462e+01 -3.000000e+00  8.569802e+01
      vertex -3.608817e+01  1.400000e+01  8.590142e+01
      vertex -3.615462e+01  3.000000e+00  8.569802e+01
    endloop
  endfacet
  facet normal -9.558872e-01  3.425386e-04  2.937342e-01
    outer loop
      vertex -3.615462e+01  3.000000e+00  8.569802e+01
      vertex -3.608817e+01  1.400000e+01  8.590142e+01
      vertex -3.648485e+01  3.000000e+00  8.462335e+01
    endloop
  endfacet
  facet normal -9.565687e-01  6.259566e-04  2.915064e-01
    outer loop
      vertex -3.648485e+01  3.000000e+00  8.462335e+01
      vertex -3.608817e+01  1.400000e+01  8.590142e+01
      vertex -3.659223e+01  1.400000e+01  8.424737e+01
    endloop
  endfacet
  facet normal -9.641578e-01 -3.428850e-04  2.653288e-01
    outer loop
      vertex -3.648485e+01  3.000000e+00  8.462335e+01
      vertex -3.659223e+01  1.400000e+01  8.424737e+01
      vertex -3.678315e+01  3.000000e+00  8.353939e+01
    endloop
  endfacet
  facet normal -9.684494e-01  7.690724e-04  2.492094e-01
    outer loop
      vertex -3.678315e+01  3.000000e+00  8.353939e+01
      vertex -3.659223e+01  1.400000e+01  8.424737e+01
      vertex -3.685717e+01  3.801458e+00  8.324927e+01
    endloop
  endfacet
  facet normal -9.688395e-01  9.281392e-04  2.476876e-01
    outer loop
      vertex -3.685717e+01  3.801458e+00  8.324927e+01
      vertex -3.659223e+01  1.400000e+01  8.424737e+01
      vertex -3.702052e+01  1.400000e+01  8.257209e+01
    endloop
  endfacet
  facet normal -9.709178e-01  3.454217e-04  2.394130e-01
    outer loop
      vertex -3.685717e+01  3.801458e+00  8.324927e+01
      vertex -3.702052e+01  1.400000e+01  8.257209e+01
      vertex -3.694486e+01  4.574161e+00  8.289252e+01
    endloop
  endfacet
  facet normal -9.976687e-01  2.202803e-03  6.820817e-02
    outer loop
      vertex -3.796066e+01  1.400000e+01  7.572871e+01
      vertex -3.792246e+01  9.701206e+00  7.642623e+01
      vertex -3.784272e+01  1.400000e+01  7.745383e+01
    endloop
  endfacet
  facet normal -9.972318e-01  7.264315e-04  7.435042e-02
    outer loop
      vertex -3.784272e+01  1.400000e+01  7.745383e+01
      vertex -3.792246e+01  9.701206e+00  7.642623e+01
      vertex -3.786432e+01  9.471373e+00  7.720828e+01
    endloop
  endfacet
  facet normal -9.955446e-01 -3.627991e-04  9.429023e-02
    outer loop
      vertex -3.784272e+01  1.400000e+01  7.745383e+01
      vertex -3.786432e+01  9.471373e+00  7.720828e+01
      vertex -3.779226e+01  9.179040e+00  7.796803e+01
    endloop
  endfacet
  facet normal -9.997382e-01  2.430885e-03  2.275151e-02
    outer loop
      vertex -3.800000e+01  1.400000e+01  7.400000e+01
      vertex -3.799123e+01  9.966612e+00  7.481648e+01
      vertex -3.796066e+01  1.400000e+01  7.572871e+01
    endloop
  endfacet
  facet normal -9.994816e-01  2.936407e-04  3.219271e-02
    outer loop
      vertex -3.796066e+01  1.400000e+01  7.572871e+01
      vertex -3.799123e+01  9.966612e+00  7.481648e+01
      vertex -3.796515e+01  9.866735e+00  7.562713e+01
    endloop
  endfacet
  facet normal -9.985790e-01 -2.258321e-04  5.329054e-02
    outer loop
      vertex -3.796066e+01  1.400000e+01  7.572871e+01
      vertex -3.796515e+01  9.866735e+00  7.562713e+01
      vertex -3.792246e+01  9.701206e+00  7.642623e+01
    endloop
  endfacet
  facet normal -9.935344e-01  1.118917e-03 -1.135264e-01
    outer loop
      vertex -3.764641e+01  1.400000e+01  6.882819e+01
      vertex -3.768819e+01  8.740675e+00  6.914195e+01
      vertex -3.784272e+01  1.400000e+01  7.054617e+01
    endloop
  endfacet
  facet normal -9.928426e-01  2.707222e-03 -1.193991e-01
    outer loop
      vertex -3.784272e+01  1.400000e+01  7.054617e+01
      vertex -3.768819e+01  8.740675e+00  6.914195e+01
      vertex -3.777664e+01  9.114532e+00  6.988596e+01
    endloop
  endfacet
  facet normal -9.951857e-01 -2.153053e-04 -9.800696e-02
    outer loop
      vertex -3.784272e+01  1.400000e+01  7.054617e+01
      vertex -3.777664e+01  9.114532e+00  6.988596e+01
      vertex -3.785290e+01  9.425589e+00  7.065960e+01
    endloop
  endfacet
  facet normal -9.873413e-01  1.493702e-03 -1.586033e-01
    outer loop
      vertex -3.737216e+01  1.400000e+01  6.712093e+01
      vertex -3.748454e+01  7.816067e+00  6.776228e+01
      vertex -3.764641e+01  1.400000e+01  6.882819e+01
    endloop
  endfacet
  facet normal -9.877428e-01  1.049321e-03 -1.560862e-01
    outer loop
      vertex -3.764641e+01  1.400000e+01  6.882819e+01
      vertex -3.748454e+01  7.816067e+00  6.776228e+01
      vertex -3.758994e+01  8.306816e+00  6.843253e+01
    endloop
  endfacet
  facet normal -9.905708e-01 -3.050933e-04 -1.370015e-01
    outer loop
      vertex -3.764641e+01  1.400000e+01  6.882819e+01
      vertex -3.758994e+01  8.306816e+00  6.843253e+01
      vertex -3.768819e+01  8.740675e+00  6.914195e+01
    endloop
  endfacet
  facet normal -9.791034e-01  1.150546e-03 -2.033594e-01
    outer loop
      vertex -3.702052e+01  1.400000e+01  6.542791e+01
      vertex -3.727241e+01  6.725507e+00  6.659949e+01
      vertex -3.737216e+01  1.400000e+01  6.712093e+01
    endloop
  endfacet
  facet normal -9.822287e-01 -1.564138e-05 -1.876880e-01
    outer loop
      vertex -3.737216e+01  1.400000e+01  6.712093e+01
      vertex -3.727241e+01  6.725507e+00  6.659949e+01
      vertex -3.737484e+01  7.271789e+00  6.713552e+01
    endloop
  endfacet
  facet normal -9.850236e-01  1.859214e-05 -1.724201e-01
    outer loop
      vertex -3.737216e+01  1.400000e+01  6.712093e+01
      vertex -3.737484e+01  7.271789e+00  6.713552e+01
      vertex -3.748454e+01  7.816067e+00  6.776228e+01
    endloop
  endfacet
  facet normal -5.583329e-01  0.000000e+00 -8.296169e-01
    outer loop
      vertex -2.049390e+01  1.400000e+01  4.200000e+01
      vertex -2.049390e+01  3.000000e+00  4.200000e+01
      vertex -2.192844e+01  1.400000e+01  4.296544e+01
    endloop
  endfacet
  facet normal -5.576939e-01  1.210528e-04 -8.300467e-01
    outer loop
      vertex -2.192844e+01  1.400000e+01  4.296544e+01
      vertex -2.049390e+01  3.000000e+00  4.200000e+01
      vertex -2.188056e+01  3.000000e+00  4.293167e+01
    endloop
  endfacet
  facet normal -5.936359e-01 -1.130948e-04 -8.047338e-01
    outer loop
      vertex -2.192844e+01  1.400000e+01  4.296544e+01
      vertex -2.188056e+01  3.000000e+00  4.293167e+01
      vertex -2.322493e+01  3.000000e+00  4.392339e+01
    endloop
  endfacet
  facet normal -9.565688e-01 -3.878486e-04  2.915064e-01
    outer loop
      vertex -3.608817e+01 -1.400000e+01  8.590142e+01
      vertex -3.615462e+01 -3.000000e+00  8.569802e+01
      vertex -3.659223e+01 -1.400000e+01  8.424737e+01
    endloop
  endfacet
  facet normal -9.558869e-01 -7.087562e-04  2.937341e-01
    outer loop
      vertex -3.659223e+01 -1.400000e+01  8.424737e+01
      vertex -3.615462e+01 -3.000000e+00  8.569802e+01
      vertex -3.648485e+01 -3.000000e+00  8.462335e+01
    endloop
  endfacet
  facet normal -9.641578e-01  3.428850e-04  2.653288e-01
    outer loop
      vertex -3.659223e+01 -1.400000e+01  8.424737e+01
      vertex -3.648485e+01 -3.000000e+00  8.462335e+01
      vertex -3.678315e+01 -3.000000e+00  8.353939e+01
    endloop
  endfacet
  facet normal -9.866216e-01 -2.039119e-03  1.630139e-01
    outer loop
      vertex -3.755545e+01 -8.149332e+00  7.979555e+01
      vertex -3.764641e+01 -1.400000e+01  7.917181e+01
      vertex -3.744421e+01 -7.620306e+00  8.047541e+01
    endloop
  endfacet
  facet normal -9.873416e-01 -1.115062e-03  1.586034e-01
    outer loop
      vertex -3.744421e+01 -7.620306e+00  8.047541e+01
      vertex -3.764641e+01 -1.400000e+01  7.917181e+01
      vertex -3.737216e+01 -1.400000e+01  8.087907e+01
    endloop
  endfacet
  facet normal -9.839300e-01  1.858686e-04  1.785550e-01
    outer loop
      vertex -3.744421e+01 -7.620306e+00  8.047541e+01
      vertex -3.737216e+01 -1.400000e+01  8.087907e+01
      vertex -3.732949e+01 -7.034992e+00  8.110696e+01
    endloop
  endfacet
  facet normal -9.935349e-01 -4.013924e-04  1.135264e-01
    outer loop
      vertex -3.764641e+01 -1.400000e+01  7.917181e+01
      vertex -3.765998e+01 -8.618256e+00  7.907205e+01
      vertex -3.784272e+01 -1.400000e+01  7.745383e+01
    endloop
  endfacet
  facet normal -9.920027e-01 -4.247624e-03  1.261449e-01
    outer loop
      vertex -3.784272e+01 -1.400000e+01  7.745383e+01
      vertex -3.765998e+01 -8.618256e+00  7.907205e+01
      vertex -3.775079e+01 -9.006777e+00  7.834488e+01
    endloop
  endfacet
  facet normal -9.945229e-01 -3.417892e-04  1.045175e-01
    outer loop
      vertex -3.784272e+01 -1.400000e+01  7.745383e+01
      vertex -3.775079e+01 -9.006777e+00  7.834488e+01
      vertex -3.783031e+01 -9.334493e+00  7.758710e+01
    endloop
  endfacet
  facet normal -9.979850e-01 -9.310325e-04  6.344378e-02
    outer loop
      vertex -3.794732e+01 -9.797928e+00  7.600015e+01
      vertex -3.796066e+01 -1.400000e+01  7.572871e+01
      vertex -3.789642e+01 -9.598911e+00  7.680373e+01
    endloop
  endfacet
  facet normal -9.976689e-01 -2.099419e-03  6.820819e-02
    outer loop
      vertex -3.789642e+01 -9.598911e+00  7.680373e+01
      vertex -3.796066e+01 -1.400000e+01  7.572871e+01
      vertex -3.784272e+01 -1.400000e+01  7.745383e+01
    endloop
  endfacet
  facet normal -9.964650e-01  2.491812e-04  8.400843e-02
    outer loop
      vertex -3.789642e+01 -9.598911e+00  7.680373e+01
      vertex -3.784272e+01 -1.400000e+01  7.745383e+01
      vertex -3.783031e+01 -9.334493e+00  7.758710e+01
    endloop
  endfacet
  facet normal -9.997199e-01 -2.323404e-03  2.355148e-02
    outer loop
      vertex -3.799539e+01 -9.982455e+00  7.459211e+01
      vertex -3.800000e+01 -1.400000e+01  7.400000e+01
      vertex -3.798161e+01 -9.929896e+00  7.518201e+01
    endloop
  endfacet
  facet normal -9.997389e-01 -2.091001e-03  2.275153e-02
    outer loop
      vertex -3.798161e+01 -9.929896e+00  7.518201e+01
      vertex -3.800000e+01 -1.400000e+01  7.400000e+01
      vertex -3.796066e+01 -1.400000e+01  7.572871e+01
    endloop
  endfacet
  facet normal -9.991258e-01  4.707338e-04  4.180005e-02
    outer loop
      vertex -3.798161e+01 -9.929896e+00  7.518201e+01
      vertex -3.796066e+01 -1.400000e+01  7.572871e+01
      vertex -3.794732e+01 -9.797928e+00  7.600015e+01
    endloop
  endfacet
  facet normal -9.999294e-01 -5.224541e-03 -1.066696e-02
    outer loop
      vertex -3.799169e+01 -9.968373e+00  7.320531e+01
      vertex -3.796066e+01 -1.400000e+01  7.227129e+01
      vertex -3.800000e+01 -1.000000e+01  7.400000e+01
    endloop
  endfacet
  facet normal -9.997411e-01  -0.000000e+00 -2.275157e-02
    outer loop
      vertex -3.800000e+01 -1.000000e+01  7.400000e+01
      vertex -3.796066e+01 -1.400000e+01  7.227129e+01
      vertex -3.800000e+01 -1.400000e+01  7.400000e+01
    endloop
  endfacet
  facet normal -9.999697e-01  0.000000e+00  7.788809e-03
    outer loop
      vertex -3.800000e+01 -1.000000e+01  7.400000e+01
      vertex -3.800000e+01 -1.400000e+01  7.400000e+01
      vertex -3.799539e+01 -9.982455e+00  7.459211e+01
    endloop
  endfacet
  facet normal -9.973838e-01 -1.091909e-03 -7.227861e-02
    outer loop
      vertex -3.787280e+01 -9.505188e+00  7.089333e+01
      vertex -3.784272e+01 -1.400000e+01  7.054617e+01
      vertex -3.792648e+01 -9.716866e+00  7.163727e+01
    endloop
  endfacet
  facet normal -9.976687e-01 -2.134400e-03 -6.820818e-02
    outer loop
      vertex -3.792648e+01 -9.716866e+00  7.163727e+01
      vertex -3.784272e+01 -1.400000e+01  7.054617e+01
      vertex -3.796066e+01 -1.400000e+01  7.227129e+01
    endloop
  endfacet
  facet normal -9.986538e-01  2.917740e-04 -5.187137e-02
    outer loop
      vertex -3.792648e+01 -9.716866e+00  7.163727e+01
      vertex -3.796066e+01 -1.400000e+01  7.227129e+01
      vertex -3.796697e+01 -9.873747e+00  7.241598e+01
    endloop
  endfacet
  facet normal -9.938164e-01 -2.129919e-03 -1.110152e-01
    outer loop
      vertex -3.772880e+01 -8.914180e+00  6.946818e+01
      vertex -3.764641e+01 -1.400000e+01  6.882819e+01
      vertex -3.780638e+01 -9.237015e+00  7.016887e+01
    endloop
  endfacet
  facet normal -9.935340e-01 -1.413615e-03 -1.135263e-01
    outer loop
      vertex -3.780638e+01 -9.237015e+00  7.016887e+01
      vertex -3.764641e+01 -1.400000e+01  6.882819e+01
      vertex -3.784272e+01 -1.400000e+01  7.054617e+01
    endloop
  endfacet
  facet normal -9.958369e-01  3.762297e-04 -9.115311e-02
    outer loop
      vertex -3.780638e+01 -9.237015e+00  7.016887e+01
      vertex -3.784272e+01 -1.400000e+01  7.054617e+01
      vertex -3.787280e+01 -9.505188e+00  7.089333e+01
    endloop
  endfacet
  facet normal -9.873425e-01 -1.358718e-04 -1.586035e-01
    outer loop
      vertex -3.764641e+01 -1.400000e+01  6.882819e+01
      vertex -3.764188e+01 -8.538804e+00  6.879530e+01
      vertex -3.737216e+01 -1.400000e+01  6.712093e+01
    endloop
  endfacet
  facet normal -9.890233e-01 -3.556563e-03 -1.477173e-01
    outer loop
      vertex -3.737216e+01 -1.400000e+01  6.712093e+01
      vertex -3.764188e+01 -8.538804e+00  6.879530e+01
      vertex -3.754763e+01 -8.113250e+00  6.815405e+01
    endloop
  endfacet
  facet normal -9.867082e-01 -8.933470e-04 -1.624992e-01
    outer loop
      vertex -3.737216e+01 -1.400000e+01  6.712093e+01
      vertex -3.754763e+01 -8.113250e+00  6.815405e+01
      vertex -3.744824e+01 -7.640075e+00  6.754793e+01
    endloop
  endfacet
  facet normal -9.791039e-01 -5.492302e-04 -2.033595e-01
    outer loop
      vertex -3.737216e+01 -1.400000e+01  6.712093e+01
      vertex -3.733775e+01 -7.078657e+00  6.693653e+01
      vertex -3.702052e+01 -1.400000e+01  6.542791e+01
    endloop
  endfacet
  facet normal -9.806649e-01 -2.294389e-03 -1.956812e-01
    outer loop
      vertex -3.702052e+01 -1.400000e+01  6.542791e+01
      vertex -3.733775e+01 -7.078657e+00  6.693653e+01
      vertex -3.722689e+01 -6.468466e+00  6.637380e+01
    endloop
  endfacet
  facet normal -9.780834e-01 -6.498342e-04 -2.082125e-01
    outer loop
      vertex -3.702052e+01 -1.400000e+01  6.542791e+01
      vertex -3.722689e+01 -6.468466e+00  6.637380e+01
      vertex -3.711867e+01 -5.813404e+00  6.586340e+01
    endloop
  endfacet
  facet normal -5.576939e-01  0.000000e+00 -8.300467e-01
    outer loop
      vertex -2.049390e+01 -3.000000e+00  4.200000e+01
      vertex -2.049390e+01 -1.400000e+01  4.200000e+01
      vertex -2.188056e+01 -3.000000e+00  4.293167e+01
    endloop
  endfacet
  facet normal -5.583329e-01 -1.169523e-04 -8.296169e-01
    outer loop
      vertex -2.188056e+01 -3.000000e+00  4.293167e+01
      vertex -2.049390e+01 -1.400000e+01  4.200000e+01
      vertex -2.192844e+01 -1.400000e+01  4.296544e+01
    endloop
  endfacet
  facet normal -5.936359e-01  1.130948e-04 -8.047338e-01
    outer loop
      vertex -2.188056e+01 -3.000000e+00  4.293167e+01
      vertex -2.192844e+01 -1.400000e+01  4.296544e+01
      vertex -2.322493e+01 -3.000000e+00  4.392339e+01
    endloop
  endfacet
  facet normal  1.000000e+00  -0.000000e+00  0.000000e+00
    outer loop
      vertex -1.000000e+01  3.000000e+00  3.733939e+01
      vertex -1.000000e+01 -3.000000e+00  3.733939e+01
      vertex -1.000000e+01  3.000000e+00  1.200000e+01
    endloop
  endfacet
  facet normal  1.000000e+00  0.000000e+00  0.000000e+00
    outer loop
      vertex -1.000000e+01  3.000000e+00  1.200000e+01
      vertex -1.000000e+01 -3.000000e+00  3.733939e+01
      vertex -1.000000e+01 -3.000000e+00  1.200000e+01
    endloop
  endfacet
  facet normal  0.000000e+00  0.000000e+00 -1.000000e+00
    outer loop
      vertex  0.000000e+00 -3.000000e+00  4.200000e+01
      vertex  0.000000e+00 -1.400000e+01  4.200000e+01
      vertex -2.049390e+01 -3.000000e+00  4.200000e+01
    endloop
  endfacet
  facet normal  0.000000e+00  0.000000e+00 -1.000000e+00
    outer loop
      vertex -2.049390e+01 -3.000000e+00  4.200000e+01
      vertex  0.000000e+00 -1.400000e+01  4.200000e+01
      vertex -2.049390e+01 -1.400000e+01  4.200000e+01
    endloop
  endfacet
  facet normal  -0.000000e+00  1.000000e+00  0.000000e+00
    outer loop
      vertex -1.000000e+01  3.000000e+00  3.733939e+01
      vertex -2.049390e+01  3.000000e+00  4.200000e+01
      vertex  0.000000e+00  3.000000e+00  4.200000e+01
    endloop
  endfacet
  facet normal  -0.000000e+00  1.000000e+00  -0.000000e+00
    outer loop
      vertex  4.073127e-14  3.000000e+00  3.600000e+01
      vertex -1.685975e+00  3.000000e+00  3.603742e+01
      vertex -3.368630e+00  3.000000e+00  3.614960e+01
    endloop
  endfacet
  facet normal  -0.000000e+00  1.000000e+00  -0.000000e+00
    outer loop
      vertex  4.073127e-14  3.000000e+00  3.600000e+01
      vertex -3.368630e+00  3.000000e+00  3.614960e+01
      vertex -5.044650e+00  3.000000e+00  3.633634e+01
    endloop
  endfacet
  facet normal  -0.000000e+00  9.999999e-01  -0.000000e+00
    outer loop
      vertex  4.073127e-14  3.000000e+00  3.600000e+01
      vertex -5.044650e+00  3.000000e+00  3.633634e+01
      vertex -6.710735e+00  3.000000e+00  3.659724e+01
    endloop
  endfacet
  facet normal  -0.000000e+00  1.000000e+00  -0.000000e+00
    outer loop
      vertex  4.073127e-14  3.000000e+00  3.600000e+01
      vertex -6.710735e+00  3.000000e+00  3.659724e+01
      vertex -8.363604e+00  3.000000e+00  3.693182e+01
    endloop
  endfacet
  facet normal  -0.000000e+00  1.000000e+00  -0.000000e+00
    outer loop
      vertex  4.073127e-14  3.000000e+00  3.600000e+01
      vertex -8.363604e+00  3.000000e+00  3.693182e+01
      vertex -1.000000e+01  3.000000e+00  3.733939e+01
    endloop
  endfacet
  facet normal  -0.000000e+00  1.000000e+00  0.000000e+00
    outer loop
      vertex  4.073127e-14  3.000000e+00  3.600000e+01
      vertex -1.000000e+01  3.000000e+00  3.733939e+01
      vertex  0.000000e+00  3.000000e+00  4.200000e+01
    endloop
  endfacet
  facet normal  -0.000000e+00  1.000000e+00  0.000000e+00
    outer loop
      vertex -6.000000e+01  3.000000e+00  1.200000e+01
      vertex -4.302609e+01  3.000000e+00  6.446061e+01
      vertex -3.678315e+01  3.000000e+00  6.446061e+01
    endloop
  endfacet
  facet normal  0.000000e+00  1.000000e+00  0.000000e+00
    outer loop
      vertex -6.000000e+01  3.000000e+00  1.200000e+01
      vertex -3.678315e+01  3.000000e+00  6.446061e+01
      vertex -3.632833e+01  3.000000e+00  6.285313e+01
    endloop
  endfacet
  facet normal  0.000000e+00  1.000000e+00  0.000000e+00
    outer loop
      vertex -6.000000e+01  3.000000e+00  1.200000e+01
      vertex -3.632833e+01  3.000000e+00  6.285313e+01
      vertex -3.580330e+01  3.000000e+00  6.126721e+01
    endloop
  endfacet
  facet normal  0.000000e+00  1.000000e+00  0.000000e+00
    outer loop
      vertex -6.000000e+01  3.000000e+00  1.200000e+01
      vertex -3.580330e+01  3.000000e+00  6.126721e+01
      vertex -3.520906e+01  3.000000e+00  5.970589e+01
    endloop
  endfacet
  facet normal  0.000000e+00  1.000000e+00  0.000000e+00
    outer loop
      vertex -6.000000e+01  3.000000e+00  1.200000e+01
      vertex -3.520906e+01  3.000000e+00  5.970589e+01
      vertex -3.454679e+01  3.000000e+00  5.817219e+01
    endloop
  endfacet
  facet normal  0.000000e+00  1.000000e+00  0.000000e+00
    outer loop
      vertex -6.000000e+01  3.000000e+00  1.200000e+01
      vertex -3.454679e+01  3.000000e+00  5.817219e+01
      vertex -3.381774e+01  3.000000e+00  5.666909e+01
    endloop
  endfacet
  facet normal  0.000000e+00  1.000000e+00  0.000000e+00
    outer loop
      vertex -6.000000e+01  3.000000e+00  1.200000e+01
      vertex -3.381774e+01  3.000000e+00  5.666909e+01
      vertex -3.302333e+01  3.000000e+00  5.519948e+01
    endloop
  endfacet
  facet normal  0.000000e+00  9.999999e-01  0.000000e+00
    outer loop
      vertex -6.000000e+01  3.000000e+00  1.200000e+01
      vertex -3.302333e+01  3.000000e+00  5.519948e+01
      vertex -3.216510e+01  3.000000e+00  5.376621e+01
    endloop
  endfacet
  facet normal  0.000000e+00  1.000000e+00  0.000000e+00
    outer loop
      vertex -6.000000e+01  3.000000e+00  1.200000e+01
      vertex -3.216510e+01  3.000000e+00  5.376621e+01
      vertex -3.124470e+01  3.000000e+00  5.237204e+01
    endloop
  endfacet
  facet normal  0.000000e+00  9.999999e-01  0.000000e+00
    outer loop
      vertex -6.000000e+01  3.000000e+00  1.200000e+01
      vertex -3.124470e+01  3.000000e+00  5.237204e+01
      vertex -3.026392e+01  3.000000e+00  5.101968e+01
    endloop
  endfacet
  facet normal  0.000000e+00  1.000000e+00  0.000000e+00
    outer loop
      vertex -6.000000e+01  3.000000e+00  1.200000e+01
      vertex -3.026392e+01  3.000000e+00  5.101968e+01
      vertex -2.922464e+01  3.000000e+00  4.971173e+01
    endloop
  endfacet
  facet normal  0.000000e+00  1.000000e+00  0.000000e+00
    outer loop
      vertex -6.000000e+01  3.000000e+00  1.200000e+01
      vertex -2.922464e+01  3.000000e+00  4.971173e+01
      vertex -2.812888e+01  3.000000e+00  4.845072e+01
    endloop
  endfacet
  facet normal  0.000000e+00  1.000000e+00  0.000000e+00
    outer loop
      vertex -6.000000e+01  3.000000e+00  1.200000e+01
      vertex -2.812888e+01  3.000000e+00  4.845072e+01
      vertex -2.697876e+01  3.000000e+00  4.723909e+01
    endloop
  endfacet
  facet normal  0.000000e+00  1.000000e+00  0.000000e+00
    outer loop
      vertex -6.000000e+01  3.000000e+00  1.200000e+01
      vertex -2.697876e+01  3.000000e+00  4.723909e+01
      vertex -2.577649e+01  3.000000e+00  4.607918e+01
    endloop
  endfacet
  facet normal  0.000000e+00  1.000000e+00  0.000000e+00
    outer loop
      vertex -6.000000e+01  3.000000e+00  1.200000e+01
      vertex -2.577649e+01  3.000000e+00  4.607918e+01
      vertex -2.452441e+01  3.000000e+00  4.497323e+01
    endloop
  endfacet
  facet normal  0.000000e+00  1.000000e+00  0.000000e+00
    outer loop
      vertex -6.000000e+01  3.000000e+00  1.200000e+01
      vertex -2.452441e+01  3.000000e+00  4.497323e+01
      vertex -2.322493e+01  3.000000e+00  4.392339e+01
    endloop
  endfacet
  facet normal  0.000000e+00  1.000000e+00  0.000000e+00
    outer loop
      vertex -6.000000e+01  3.000000e+00  1.200000e+01
      vertex -2.322493e+01  3.000000e+00  4.392339e+01
      vertex -2.188056e+01  3.000000e+00  4.293167e+01
    endloop
  endfacet
  facet normal  0.000000e+00  9.999999e-01  0.000000e+00
    outer loop
      vertex -6.000000e+01  3.000000e+00  1.200000e+01
      vertex -2.188056e+01  3.000000e+00  4.293167e+01
      vertex -2.049390e+01  3.000000e+00  4.200000e+01
    endloop
  endfacet
  facet normal  0.000000e+00  9.999999e-01  0.000000e+00
    outer loop
      vertex -6.000000e+01  3.000000e+00  1.200000e+01
      vertex -2.049390e+01  3.000000e+00  4.200000e+01
      vertex -1.000000e+01  3.000000e+00  3.733939e+01
    endloop
  endfacet
  facet normal  0.000000e+00  1.000000e+00  0.000000e+00
    outer loop
      vertex -6.000000e+01  3.000000e+00  1.200000e+01
      vertex -1.000000e+01  3.000000e+00  3.733939e+01
      vertex -1.000000e+01  3.000000e+00  1.200000e+01
    endloop
  endfacet
  facet normal  0.000000e+00  0.000000e+00 -1.000000e+00
    outer loop
      vertex  0.000000e+00  3.000000e+00  4.200000e+01
      vertex -2.049390e+01  3.000000e+00  4.200000e+01
      vertex  0.000000e+00  1.400000e+01  4.200000e+01
    endloop
  endfacet
  facet normal  -0.000000e+00  0.000000e+00 -1.000000e+00
    outer loop
      vertex  0.000000e+00  1.400000e+01  4.200000e+01
      vertex -2.049390e+01  3.000000e+00  4.200000e+01
      vertex -2.049390e+01  1.400000e+01  4.200000e+01
    endloop
  endfacet
  facet normal  -0.000000e+00  0.000000e+00  1.000000e+00
    outer loop
      vertex  0.000000e+00  1.400000e+01  1.060000e+02
      vertex -2.049390e+01  1.400000e+01  1.060000e+02
      vertex  0.000000e+00 -1.400000e+01  1.060000e+02
    endloop
  endfacet
  facet normal  0.000000e+00  0.000000e+00  1.000000e+00
    outer loop
      vertex  0.000000e+00 -1.400000e+01  1.060000e+02
      vertex -2.049390e+01  1.400000e+01  1.060000e+02
      vertex -2.049390e+01 -1.400000e+01  1.060000e+02
    endloop
  endfacet
  facet normal -7.133882e-02  9.974521e-01  0.000000e+00
    outer loop
      vertex -6.500000e+01 -3.750000e+00  0.000000e+00
      vertex -6.446632e+01 -3.711830e+00  1.200000e+01
      vertex -6.446632e+01 -3.711830e+00  0.000000e+00
    endloop
  endfacet
  facet normal -2.125668e-01  9.771466e-01  0.000000e+00
    outer loop
      vertex -6.446632e+01 -3.711830e+00  0.000000e+00
      vertex -6.446632e+01 -3.711830e+00  1.200000e+01
      vertex -6.394350e+01 -3.598099e+00  1.200000e+01
    endloop
  endfacet
  facet normal -2.125668e-01  9.771466e-01  0.000000e+00
    outer loop
      vertex -6.446632e+01 -3.711830e+00  0.000000e+00
      vertex -6.394350e+01 -3.598099e+00  1.200000e+01
      vertex -6.394350e+01 -3.598099e+00  0.000000e+00
    endloop
  endfacet
  facet normal -3.494626e-01  9.369503e-01  0.000000e+00
    outer loop
      vertex -6.394350e+01 -3.598099e+00  0.000000e+00
      vertex -6.394350e+01 -3.598099e+00  1.200000e+01
      vertex -6.344219e+01 -3.411120e+00  1.200000e+01
    endloop
  endfacet
  facet normal -3.494626e-01  9.369503e-01  0.000000e+00
    outer loop
      vertex -6.394350e+01 -3.598099e+00  0.000000e+00
      vertex -6.344219e+01 -3.411120e+00  1.200000e+01
      vertex -6.344219e+01 -3.411120e+00  0.000000e+00
    endloop
  endfacet
  facet normal -4.792489e-01  8.776791e-01  0.000000e+00
    outer loop
      vertex -6.344219e+01 -3.411120e+00  0.000000e+00
      vertex -6.344219e+01 -3.411120e+00  1.200000e+01
      vertex -6.297260e+01 -3.154701e+00  1.200000e+01
    endloop
  endfacet
  facet normal -4.792489e-01  8.776791e-01  0.000000e+00
    outer loop
      vertex -6.344219e+01 -3.411120e+00  0.000000e+00
      vertex -6.297260e+01 -3.154701e+00  1.200000e+01
      vertex -6.297260e+01 -3.154701e+00  0.000000e+00
    endloop
  endfacet
  facet normal -5.992802e-01  8.005393e-01  0.000000e+00
    outer loop
      vertex -6.297260e+01 -3.154701e+00  0.000000e+00
      vertex -6.297260e+01 -3.154701e+00  1.200000e+01
      vertex -6.254427e+01 -2.834061e+00  1.200000e+01
    endloop
  endfacet
  facet normal -5.992802e-01  8.005393e-01  0.000000e+00
    outer loop
      vertex -6.297260e+01 -3.154701e+00  0.000000e+00
      vertex -6.254427e+01 -2.834061e+00  1.200000e+01
      vertex -6.254427e+01 -2.834061e+00  0.000000e+00
    endloop
  endfacet
  facet normal -7.071059e-01  7.071077e-01  0.000000e+00
    outer loop
      vertex -6.254427e+01 -2.834061e+00  0.000000e+00
      vertex -6.254427e+01 -2.834061e+00  1.200000e+01
      vertex -6.216594e+01 -2.455728e+00  1.200000e+01
    endloop
  endfacet
  facet normal -7.071059e-01  7.071077e-01  0.000000e+00
    outer loop
      vertex -6.254427e+01 -2.834061e+00  0.000000e+00
      vertex -6.216594e+01 -2.455728e+00  1.200000e+01
      vertex -6.216594e+01 -2.455728e+00  0.000000e+00
    endloop
  endfacet
  facet normal -8.005406e-01  5.992785e-01  0.000000e+00
    outer loop
      vertex -6.216594e+01 -2.455728e+00  0.000000e+00
      vertex -6.216594e+01 -2.455728e+00  1.200000e+01
      vertex -6.184530e+01 -2.027403e+00  1.200000e+01
    endloop
  endfacet
  facet normal -8.005406e-01  5.992785e-01  0.000000e+00
    outer loop
      vertex -6.216594e+01 -2.455728e+00  0.000000e+00
      vertex -6.184530e+01 -2.027403e+00  1.200000e+01
      vertex -6.184530e+01 -2.027403e+00  0.000000e+00
    endloop
  endfacet
  facet normal -8.776783e-01  4.792502e-01  0.000000e+00
    outer loop
      vertex -6.184530e+01 -2.027403e+00  0.000000e+00
      vertex -6.184530e+01 -2.027403e+00  1.200000e+01
      vertex -6.158888e+01 -1.557806e+00  1.200000e+01
    endloop
  endfacet
  facet normal -8.776783e-01  4.792502e-01  0.000000e+00
    outer loop
      vertex -6.184530e+01 -2.027403e+00  0.000000e+00
      vertex -6.158888e+01 -1.557806e+00  1.200000e+01
      vertex -6.158888e+01 -1.557806e+00  0.000000e+00
    endloop
  endfacet
  facet normal -9.369505e-01  3.494621e-01  0.000000e+00
    outer loop
      vertex -6.158888e+01 -1.557806e+00  0.000000e+00
      vertex -6.158888e+01 -1.557806e+00  1.200000e+01
      vertex -6.140190e+01 -1.056497e+00  1.200000e+01
    endloop
  endfacet
  facet normal -9.369505e-01  3.494621e-01  0.000000e+00
    outer loop
      vertex -6.158888e+01 -1.557806e+00  0.000000e+00
      vertex -6.140190e+01 -1.056497e+00  1.200000e+01
      vertex -6.140190e+01 -1.056497e+00  0.000000e+00
    endloop
  endfacet
  facet normal -9.771470e-01  2.125646e-01  0.000000e+00
    outer loop
      vertex -6.140190e+01 -1.056497e+00  0.000000e+00
      vertex -6.140190e+01 -1.056497e+00  1.200000e+01
      vertex -6.128817e+01 -5.336806e-01  1.200000e+01
    endloop
  endfacet
  facet normal -9.771470e-01  2.125646e-01  0.000000e+00
    outer loop
      vertex -6.140190e+01 -1.056497e+00  0.000000e+00
      vertex -6.128817e+01 -5.336806e-01  1.200000e+01
      vertex -6.128817e+01 -5.336806e-01  0.000000e+00
    endloop
  endfacet
  facet normal -9.974520e-01  7.133968e-02  0.000000e+00
    outer loop
      vertex -6.128817e+01 -5.336806e-01  0.000000e+00
      vertex -6.128817e+01 -5.336806e-01  1.200000e+01
      vertex -6.125000e+01  7.105427e-15  1.200000e+01
    endloop
  endfacet
  facet normal -9.974520e-01  7.133968e-02 -6.750269e-17
    outer loop
      vertex -6.128817e+01 -5.336806e-01  0.000000e+00
      vertex -6.125000e+01  7.105427e-15  1.200000e+01
      vertex -6.125000e+01 -4.249154e-15  0.000000e+00
    endloop
  endfacet
  facet normal -7.133882e-02  9.974521e-01  0.000000e+00
    outer loop
      vertex -6.446632e+01 -3.711830e+00  1.200000e+01
      vertex -6.500000e+01 -3.750000e+00  0.000000e+00
      vertex -6.500000e+01 -3.750000e+00  1.200000e+01
    endloop
  endfacet
  facet normal  7.133882e-02  9.974521e-01  0.000000e+00
    outer loop
      vertex -6.500000e+01 -3.750000e+00  1.200000e+01
      vertex -6.500000e+01 -3.750000e+00  0.000000e+00
      vertex -6.553368e+01 -3.711830e+00  0.000000e+00
    endloop
  endfacet
  facet normal  7.133882e-02  9.974521e-01  -0.000000e+00
    outer loop
      vertex -6.500000e+01 -3.750000e+00  1.200000e+01
      vertex -6.553368e+01 -3.711830e+00  0.000000e+00
      vertex -6.553368e+01 -3.711830e+00  1.200000e+01
    endloop
  endfacet
  facet normal  2.125668e-01  9.771466e-01  0.000000e+00
    outer loop
      vertex -6.553368e+01 -3.711830e+00  1.200000e+01
      vertex -6.553368e+01 -3.711830e+00  0.000000e+00
      vertex -6.605650e+01 -3.598099e+00  0.000000e+00
    endloop
  endfacet
  facet normal  2.125668e-01  9.771466e-01  -0.000000e+00
    outer loop
      vertex -6.553368e+01 -3.711830e+00  1.200000e+01
      vertex -6.605650e+01 -3.598099e+00  0.000000e+00
      vertex -6.605650e+01 -3.598099e+00  1.200000e+01
    endloop
  endfacet
  facet normal  3.494626e-01  9.369503e-01  0.000000e+00
    outer loop
      vertex -6.605650e+01 -3.598099e+00  1.200000e+01
      vertex -6.605650e+01 -3.598099e+00  0.000000e+00
      vertex -6.655781e+01 -3.411120e+00  0.000000e+00
    endloop
  endfacet
  facet normal  3.494626e-01  9.369503e-01  -0.000000e+00
    outer loop
      vertex -6.605650e+01 -3.598099e+00  1.200000e+01
      vertex -6.655781e+01 -3.411120e+00  0.000000e+00
      vertex -6.655781e+01 -3.411120e+00  1.200000e+01
    endloop
  endfacet
  facet normal  4.792489e-01  8.776791e-01  0.000000e+00
    outer loop
      vertex -6.655781e+01 -3.411120e+00  1.200000e+01
      vertex -6.655781e+01 -3.411120e+00  0.000000e+00
      vertex -6.702740e+01 -3.154701e+00  0.000000e+00
    endloop
  endfacet
  facet normal  4.792489e-01  8.776791e-01  -0.000000e+00
    outer loop
      vertex -6.655781e+01 -3.411120e+00  1.200000e+01
      vertex -6.702740e+01 -3.154701e+00  0.000000e+00
      vertex -6.702740e+01 -3.154701e+00  1.200000e+01
    endloop
  endfacet
  facet normal  5.992802e-01  8.005393e-01  0.000000e+00
    outer loop
      vertex -6.702740e+01 -3.154701e+00  1.200000e+01
      vertex -6.702740e+01 -3.154701e+00  0.000000e+00
      vertex -6.745573e+01 -2.834061e+00  0.000000e+00
    endloop
  endfacet
  facet normal  5.992802e-01  8.005393e-01  -0.000000e+00
    outer loop
      vertex -6.702740e+01 -3.154701e+00  1.200000e+01
      vertex -6.745573e+01 -2.834061e+00  0.000000e+00
      vertex -6.745573e+01 -2.834061e+00  1.200000e+01
    endloop
  endfacet
  facet normal  7.071059e-01  7.071077e-01  0.000000e+00
    outer loop
      vertex -6.745573e+01 -2.834061e+00  1.200000e+01
      vertex -6.745573e+01 -2.834061e+00  0.000000e+00
      vertex -6.783406e+01 -2.455728e+00  0.000000e+00
    endloop
  endfacet
  facet normal  7.071059e-01  7.071077e-01  -0.000000e+00
    outer loop
      vertex -6.745573e+01 -2.834061e+00  1.200000e+01
      vertex -6.783406e+01 -2.455728e+00  0.000000e+00
      vertex -6.783406e+01 -2.455728e+00  1.200000e+01
    endloop
  endfacet
  facet normal  8.005406e-01  5.992785e-01  0.000000e+00
    outer loop
      vertex -6.783406e+01 -2.455728e+00  1.200000e+01
      vertex -6.783406e+01 -2.455728e+00  0.000000e+00
      vertex -6.815470e+01 -2.027403e+00  0.000000e+00
    endloop
  endfacet
  facet normal  8.005406e-01  5.992785e-01  -0.000000e+00
    outer loop
      vertex -6.783406e+01 -2.455728e+00  1.200000e+01
      vertex -6.815470e+01 -2.027403e+00  0.000000e+00
      vertex -6.815470e+01 -2.027403e+00  1.200000e+01
    endloop
  endfacet
  facet normal  8.776814e-01  4.792447e-01  0.000000e+00
    outer loop
      vertex -6.815470e+01 -2.027403e+00  1.200000e+01
      vertex -6.815470e+01 -2.027403e+00  0.000000e+00
      vertex -6.841112e+01 -1.557806e+00  0.000000e+00
    endloop
  endfacet
  facet normal  8.776814e-01  4.792447e-01  -0.000000e+00
    outer loop
      vertex -6.815470e+01 -2.027403e+00  1.200000e+01
      vertex -6.841112e+01 -1.557806e+00  0.000000e+00
      vertex -6.841112e+01 -1.557806e+00  1.200000e+01
    endloop
  endfacet
  facet normal  9.369482e-01  3.494684e-01  0.000000e+00
    outer loop
      vertex -6.841112e+01 -1.557806e+00  1.200000e+01
      vertex -6.841112e+01 -1.557806e+00  0.000000e+00
      vertex -6.859810e+01 -1.056497e+00  0.000000e+00
    endloop
  endfacet
  facet normal  9.369482e-01  3.494684e-01  -0.000000e+00
    outer loop
      vertex -6.841112e+01 -1.557806e+00  1.200000e+01
      vertex -6.859810e+01 -1.056497e+00  0.000000e+00
      vertex -6.859810e+01 -1.056497e+00  1.200000e+01
    endloop
  endfacet
  facet normal  9.771470e-01  2.125646e-01  0.000000e+00
    outer loop
      vertex -6.859810e+01 -1.056497e+00  1.200000e+01
      vertex -6.859810e+01 -1.056497e+00  0.000000e+00
      vertex -6.871183e+01 -5.336806e-01  0.000000e+00
    endloop
  endfacet
  facet normal  9.771470e-01  2.125646e-01  -0.000000e+00
    outer loop
      vertex -6.859810e+01 -1.056497e+00  1.200000e+01
      vertex -6.871183e+01 -5.336806e-01  0.000000e+00
      vertex -6.871183e+01 -5.336806e-01  1.200000e+01
    endloop
  endfacet
  facet normal  9.974520e-01  7.133968e-02  0.000000e+00
    outer loop
      vertex -6.871183e+01 -5.336806e-01  1.200000e+01
      vertex -6.871183e+01 -5.336806e-01  0.000000e+00
      vertex -6.875000e+01  2.124577e-15  0.000000e+00
    endloop
  endfacet
  facet normal  9.974520e-01  7.133968e-02  -0.000000e+00
    outer loop
      vertex -6.871183e+01 -5.336806e-01  1.200000e+01
      vertex -6.875000e+01  2.124577e-15  0.000000e+00
      vertex -6.875000e+01  2.124577e-15  1.200000e+01
    endloop
  endfacet
  facet normal  7.133882e-02 -9.974521e-01  0.000000e+00
    outer loop
      vertex -6.500000e+01  3.750000e+00  0.000000e+00
      vertex -6.553368e+01  3.711830e+00  1.200000e+01
      vertex -6.553368e+01  3.711830e+00  0.000000e+00
    endloop
  endfacet
  facet normal  2.125668e-01 -9.771466e-01  0.000000e+00
    outer loop
      vertex -6.553368e+01  3.711830e+00  0.000000e+00
      vertex -6.553368e+01  3.711830e+00  1.200000e+01
      vertex -6.605650e+01  3.598099e+00  1.200000e+01
    endloop
  endfacet
  facet normal  2.125668e-01 -9.771466e-01  0.000000e+00
    outer loop
      vertex -6.553368e+01  3.711830e+00  0.000000e+00
      vertex -6.605650e+01  3.598099e+00  1.200000e+01
      vertex -6.605650e+01  3.598099e+00  0.000000e+00
    endloop
  endfacet
  facet normal  3.494626e-01 -9.369503e-01  0.000000e+00
    outer loop
      vertex -6.605650e+01  3.598099e+00  0.000000e+00
      vertex -6.605650e+01  3.598099e+00  1.200000e+01
      vertex -6.655781e+01  3.411120e+00  1.200000e+01
    endloop
  endfacet
  facet normal  3.494626e-01 -9.369503e-01  0.000000e+00
    outer loop
      vertex -6.605650e+01  3.598099e+00  0.000000e+00
      vertex -6.655781e+01  3.411120e+00  1.200000e+01
      vertex -6.655781e+01  3.411120e+00  0.000000e+00
    endloop
  endfacet
  facet normal  4.792489e-01 -8.776791e-01  0.000000e+00
    outer loop
      vertex -6.655781e+01  3.411120e+00  0.000000e+00
      vertex -6.655781e+01  3.411120e+00  1.200000e+01
      vertex -6.702740e+01  3.154701e+00  1.200000e+01
    endloop
  endfacet
  facet normal  4.792489e-01 -8.776791e-01  0.000000e+00
    outer loop
      vertex -6.655781e+01  3.411120e+00  0.000000e+00
      vertex -6.702740e+01  3.154701e+00  1.200000e+01
      vertex -6.702740e+01  3.154701e+00  0.000000e+00
    endloop
  endfacet
  facet normal  5.992802e-01 -8.005393e-01  0.000000e+00
    outer loop
      vertex -6.702740e+01  3.154701e+00  0.000000e+00
      vertex -6.702740e+01  3.154701e+00  1.200000e+01
      vertex -6.745573e+01  2.834061e+00  1.200000e+01
    endloop
  endfacet
  facet normal  5.992802e-01 -8.005393e-01  0.000000e+00
    outer loop
      vertex -6.702740e+01  3.154701e+00  0.000000e+00
      vertex -6.745573e+01  2.834061e+00  1.200000e+01
      vertex -6.745573e+01  2.834061e+00  0.000000e+00
    endloop
  endfacet
  facet normal  7.071059e-01 -7.071077e-01  0.000000e+00
    outer loop
      vertex -6.745573e+01  2.834061e+00  0.000000e+00
      vertex -6.745573e+01  2.834061e+00  1.200000e+01
      vertex -6.783406e+01  2.455728e+00  1.200000e+01
    endloop
  endfacet
  facet normal  7.071059e-01 -7.071077e-01  0.000000e+00
    outer loop
      vertex -6.745573e+01  2.834061e+00  0.000000e+00
      vertex -6.783406e+01  2.455728e+00  1.200000e+01
      vertex -6.783406e+01  2.455728e+00  0.000000e+00
    endloop
  endfacet
  facet normal  8.005406e-01 -5.992785e-01  0.000000e+00
    outer loop
      vertex -6.783406e+01  2.455728e+00  0.000000e+00
      vertex -6.783406e+01  2.455728e+00  1.200000e+01
      vertex -6.815470e+01  2.027403e+00  1.200000e+01
    endloop
  endfacet
  facet normal  8.005406e-01 -5.992785e-01  0.000000e+00
    outer loop
      vertex -6.783406e+01  2.455728e+00  0.000000e+00
      vertex -6.815470e+01  2.027403e+00  1.200000e+01
      vertex -6.815470e+01  2.027403e+00  0.000000e+00
    endloop
  endfacet
  facet normal  8.776814e-01 -4.792447e-01  0.000000e+00
    outer loop
      vertex -6.815470e+01  2.027403e+00  0.000000e+00
      vertex -6.815470e+01  2.027403e+00  1.200000e+01
      vertex -6.841112e+01  1.557806e+00  1.200000e+01
    endloop
  endfacet
  facet normal  8.776814e-01 -4.792447e-01  0.000000e+00
    outer loop
      vertex -6.815470e+01  2.027403e+00  0.000000e+00
      vertex -6.841112e+01  1.557806e+00  1.200000e+01
      vertex -6.841112e+01  1.557806e+00  0.000000e+00
    endloop
  endfacet
  facet normal  9.369482e-01 -3.494684e-01  0.000000e+00
    outer loop
      vertex -6.841112e+01  1.557806e+00  0.000000e+00
      vertex -6.841112e+01  1.557806e+00  1.200000e+01
      vertex -6.859810e+01  1.056497e+00  1.200000e+01
    endloop
  endfacet
  facet normal  9.369482e-01 -3.494684e-01  0.000000e+00
    outer loop
      vertex -6.841112e+01  1.557806e+00  0.000000e+00
      vertex -6.859810e+01  1.056497e+00  1.200000e+01
      vertex -6.859810e+01  1.056497e+00  0.000000e+00
    endloop
  endfacet
  facet normal  9.771470e-01 -2.125646e-01  0.000000e+00
    outer loop
      vertex -6.859810e+01  1.056497e+00  0.000000e+00
      vertex -6.859810e+01  1.056497e+00  1.200000e+01
      vertex -6.871183e+01  5.336806e-01  1.200000e+01
    endloop
  endfacet
  facet normal  9.771470e-01 -2.125646e-01  0.000000e+00
    outer loop
      vertex -6.859810e+01  1.056497e+00  0.000000e+00
      vertex -6.871183e+01  5.336806e-01  1.200000e+01
      vertex -6.871183e+01  5.336806e-01  0.000000e+00
    endloop
  endfacet
  facet normal  9.974520e-01 -7.133968e-02  0.000000e+00
    outer loop
      vertex -6.871183e+01  5.336806e-01  0.000000e+00
      vertex -6.871183e+01  5.336806e-01  1.200000e+01
      vertex -6.875000e+01  2.124577e-15  1.200000e+01
    endloop
  endfacet
  facet normal  9.974520e-01 -7.133968e-02  0.000000e+00
    outer loop
      vertex -6.871183e+01  5.336806e-01  0.000000e+00
      vertex -6.875000e+01  2.124577e-15  1.200000e+01
      vertex -6.875000e+01  2.124577e-15  0.000000e+00
    endloop
  endfacet
  facet normal  7.133882e-02 -9.974521e-01  0.000000e+00
    outer loop
      vertex -6.553368e+01  3.711830e+00  1.200000e+01
      vertex -6.500000e+01  3.750000e+00  0.000000e+00
      vertex -6.500000e+01  3.750000e+00  1.200000e+01
    endloop
  endfacet
  facet normal -7.133882e-02 -9.974521e-01  -0.000000e+00
    outer loop
      vertex -6.500000e+01  3.750000e+00  1.200000e+01
      vertex -6.500000e+01  3.750000e+00  0.000000e+00
      vertex -6.446632e+01  3.711830e+00  0.000000e+00
    endloop
  endfacet
  facet normal -7.133882e-02 -9.974521e-01  0.000000e+00
    outer loop
      vertex -6.500000e+01  3.750000e+00  1.200000e+01
      vertex -6.446632e+01  3.711830e+00  0.000000e+00
      vertex -6.446632e+01  3.711830e+00  1.200000e+01
    endloop
  endfacet
  facet normal -2.125668e-01 -9.771466e-01  -0.000000e+00
    outer loop
      vertex -6.446632e+01  3.711830e+00  1.200000e+01
      vertex -6.446632e+01  3.711830e+00  0.000000e+00
      vertex -6.394350e+01  3.598099e+00  0.000000e+00
    endloop
  endfacet
  facet normal -2.125668e-01 -9.771466e-01  0.000000e+00
    outer loop
      vertex -6.446632e+01  3.711830e+00  1.200000e+01
      vertex -6.394350e+01  3.598099e+00  0.000000e+00
      vertex -6.394350e+01  3.598099e+00  1.200000e+01
    endloop
  endfacet
  facet normal -3.494626e-01 -9.369503e-01  -0.000000e+00
    outer loop
      vertex -6.394350e+01  3.598099e+00  1.200000e+01
      vertex -6.394350e+01  3.598099e+00  0.000000e+00
      vertex -6.344219e+01  3.411120e+00  0.000000e+00
    endloop
  endfacet
  facet normal -3.494626e-01 -9.369503e-01  0.000000e+00
    outer loop
      vertex -6.394350e+01  3.598099e+00  1.200000e+01
      vertex -6.344219e+01  3.411120e+00  0.000000e+00
      vertex -6.344219e+01  3.411120e+00  1.200000e+01
    endloop
  endfacet
  facet normal -4.792489e-01 -8.776791e-01  -0.000000e+00
    outer loop
      vertex -6.344219e+01  3.411120e+00  1.200000e+01
      vertex -6.344219e+01  3.411120e+00  0.000000e+00
      vertex -6.297260e+01  3.154701e+00  0.000000e+00
    endloop
  endfacet
  facet normal -4.792489e-01 -8.776791e-01  0.000000e+00
    outer loop
      vertex -6.344219e+01  3.411120e+00  1.200000e+01
      vertex -6.297260e+01  3.154701e+00  0.000000e+00
      vertex -6.297260e+01  3.154701e+00  1.200000e+01
    endloop
  endfacet
  facet normal -5.992802e-01 -8.005393e-01  -0.000000e+00
    outer loop
      vertex -6.297260e+01  3.154701e+00  1.200000e+01
      vertex -6.297260e+01  3.154701e+00  0.000000e+00
      vertex -6.254427e+01  2.834061e+00  0.000000e+00
    endloop
  endfacet
  facet normal -5.992802e-01 -8.005393e-01  0.000000e+00
    outer loop
      vertex -6.297260e+01  3.154701e+00  1.200000e+01
      vertex -6.254427e+01  2.834061e+00  0.000000e+00
      vertex -6.254427e+01  2.834061e+00  1.200000e+01
    endloop
  endfacet
  facet normal -7.071059e-01 -7.071077e-01  -0.000000e+00
    outer loop
      vertex -6.254427e+01  2.834061e+00  1.200000e+01
      vertex -6.254427e+01  2.834061e+00  0.000000e+00
      vertex -6.216594e+01  2.455728e+00  0.000000e+00
    endloop
  endfacet
  facet normal -7.071059e-01 -7.071077e-01  0.000000e+00
    outer loop
      vertex -6.254427e+01  2.834061e+00  1.200000e+01
      vertex -6.216594e+01  2.455728e+00  0.000000e+00
      vertex -6.216594e+01  2.455728e+00  1.200000e+01
    endloop
  endfacet
  facet normal -8.005406e-01 -5.992785e-01  -0.000000e+00
    outer loop
      vertex -6.216594e+01  2.455728e+00  1.200000e+01
      vertex -6.216594e+01  2.455728e+00  0.000000e+00
      vertex -6.184530e+01  2.027403e+00  0.000000e+00
    endloop
  endfacet
  facet normal -8.005406e-01 -5.992785e-01  0.000000e+00
    outer loop
      vertex -6.216594e+01  2.455728e+00  1.200000e+01
      vertex -6.184530e+01  2.027403e+00  0.000000e+00
      vertex -6.184530e+01  2.027403e+00  1.200000e+01
    endloop
  endfacet
  facet normal -8.776783e-01 -4.792502e-01  -0.000000e+00
    outer loop
      vertex -6.184530e+01  2.027403e+00  1.200000e+01
      vertex -6.184530e+01  2.027403e+00  0.000000e+00
      vertex -6.158888e+01  1.557806e+00  0.000000e+00
    endloop
  endfacet
  facet normal -8.776783e-01 -4.792502e-01  0.000000e+00
    outer loop
      vertex -6.184530e+01  2.027403e+00  1.200000e+01
      vertex -6.158888e+01  1.557806e+00  0.000000e+00
      vertex -6.158888e+01  1.557806e+00  1.200000e+01
    endloop
  endfacet
  facet normal -9.369505e-01 -3.494621e-01  -0.000000e+00
    outer loop
      vertex -6.158888e+01  1.557806e+00  1.200000e+01
      vertex -6.158888e+01  1.557806e+00  0.000000e+00
      vertex -6.140190e+01  1.056497e+00  0.000000e+00
    endloop
  endfacet
  facet normal -9.369505e-01 -3.494621e-01  0.000000e+00
    outer loop
      vertex -6.158888e+01  1.557806e+00  1.200000e+01
      vertex -6.140190e+01  1.056497e+00  0.000000e+00
      vertex -6.140190e+01  1.056497e+00  1.200000e+01
    endloop
  endfacet
  facet normal -9.771470e-01 -2.125646e-01  -0.000000e+00
    outer loop
      vertex -6.140190e+01  1.056497e+00  1.200000e+01
      vertex -6.140190e+01  1.056497e+00  0.000000e+00
      vertex -6.128817e+01  5.336806e-01  0.000000e+00
    endloop
  endfacet
  facet normal -9.771470e-01 -2.125646e-01  0.000000e+00
    outer loop
      vertex -6.140190e+01  1.056497e+00  1.200000e+01
      vertex -6.128817e+01  5.336806e-01  0.000000e+00
      vertex -6.128817e+01  5.336806e-01  1.200000e+01
    endloop
  endfacet
  facet normal -9.974520e-01 -7.133968e-02  -0.000000e+00
    outer loop
      vertex -6.128817e+01  5.336806e-01  1.200000e+01
      vertex -6.128817e+01  5.336806e-01  0.000000e+00
      vertex -6.125000e+01 -4.249154e-15  0.000000e+00
    endloop
  endfacet
  facet normal -9.974520e-01 -7.133968e-02  6.750269e-17
    outer loop
      vertex -6.128817e+01  5.336806e-01  1.200000e+01
      vertex -6.125000e+01 -4.249154e-15  0.000000e+00
      vertex -6.125000e+01  7.105427e-15  1.200000e+01
    endloop
  endfacet
  facet normal  7.133926e-02 -9.974521e-01  0.000000e+00
    outer loop
      vertex -5.000000e+00  3.750000e+00  0.000000e+00
      vertex -5.533680e+00  3.711830e+00  1.200000e+01
      vertex -5.533680e+00  3.711830e+00  0.000000e+00
    endloop
  endfacet
  facet normal  2.125650e-01 -9.771470e-01  0.000000e+00
    outer loop
      vertex -5.533680e+00  3.711830e+00  0.000000e+00
      vertex -5.533680e+00  3.711830e+00  1.200000e+01
      vertex -6.056497e+00  3.598099e+00  1.200000e+01
    endloop
  endfacet
  facet normal  2.125650e-01 -9.771470e-01  0.000000e+00
    outer loop
      vertex -5.533680e+00  3.711830e+00  0.000000e+00
      vertex -6.056497e+00  3.598099e+00  1.200000e+01
      vertex -6.056497e+00  3.598099e+00  0.000000e+00
    endloop
  endfacet
  facet normal  3.494643e-01 -9.369496e-01  0.000000e+00
    outer loop
      vertex -6.056497e+00  3.598099e+00  0.000000e+00
      vertex -6.056497e+00  3.598099e+00  1.200000e+01
      vertex -6.557806e+00  3.411120e+00  1.200000e+01
    endloop
  endfacet
  facet normal  3.494643e-01 -9.369496e-01  0.000000e+00
    outer loop
      vertex -6.056497e+00  3.598099e+00  0.000000e+00
      vertex -6.557806e+00  3.411120e+00  1.200000e+01
      vertex -6.557806e+00  3.411120e+00  0.000000e+00
    endloop
  endfacet
  facet normal  4.792492e-01 -8.776789e-01  0.000000e+00
    outer loop
      vertex -6.557806e+00  3.411120e+00  0.000000e+00
      vertex -6.557806e+00  3.411120e+00  1.200000e+01
      vertex -7.027403e+00  3.154701e+00  1.200000e+01
    endloop
  endfacet
  facet normal  4.792492e-01 -8.776789e-01  0.000000e+00
    outer loop
      vertex -6.557806e+00  3.411120e+00  0.000000e+00
      vertex -7.027403e+00  3.154701e+00  1.200000e+01
      vertex -7.027403e+00  3.154701e+00  0.000000e+00
    endloop
  endfacet
  facet normal  5.992777e-01 -8.005413e-01  0.000000e+00
    outer loop
      vertex -7.027403e+00  3.154701e+00  0.000000e+00
      vertex -7.027403e+00  3.154701e+00  1.200000e+01
      vertex -7.455728e+00  2.834061e+00  1.200000e+01
    endloop
  endfacet
  facet normal  5.992777e-01 -8.005413e-01  0.000000e+00
    outer loop
      vertex -7.027403e+00  3.154701e+00  0.000000e+00
      vertex -7.455728e+00  2.834061e+00  1.200000e+01
      vertex -7.455728e+00  2.834061e+00  0.000000e+00
    endloop
  endfacet
  facet normal  7.071068e-01 -7.071068e-01  0.000000e+00
    outer loop
      vertex -7.455728e+00  2.834061e+00  0.000000e+00
      vertex -7.455728e+00  2.834061e+00  1.200000e+01
      vertex -7.834061e+00  2.455728e+00  1.200000e+01
    endloop
  endfacet
  facet normal  7.071068e-01 -7.071068e-01  0.000000e+00
    outer loop
      vertex -7.455728e+00  2.834061e+00  0.000000e+00
      vertex -7.834061e+00  2.455728e+00  1.200000e+01
      vertex -7.834061e+00  2.455728e+00  0.000000e+00
    endloop
  endfacet
  facet normal  8.005414e-01 -5.992774e-01  0.000000e+00
    outer loop
      vertex -7.834061e+00  2.455728e+00  0.000000e+00
      vertex -7.834061e+00  2.455728e+00  1.200000e+01
      vertex -8.154700e+00  2.027403e+00  1.200000e+01
    endloop
  endfacet
  facet normal  8.005414e-01 -5.992774e-01  0.000000e+00
    outer loop
      vertex -7.834061e+00  2.455728e+00  0.000000e+00
      vertex -8.154700e+00  2.027403e+00  1.200000e+01
      vertex -8.154700e+00  2.027403e+00  0.000000e+00
    endloop
  endfacet
  facet normal  8.776783e-01 -4.792502e-01  0.000000e+00
    outer loop
      vertex -8.154700e+00  2.027403e+00  0.000000e+00
      vertex -8.154700e+00  2.027403e+00  1.200000e+01
      vertex -8.411120e+00  1.557806e+00  1.200000e+01
    endloop
  endfacet
  facet normal  8.776783e-01 -4.792502e-01  0.000000e+00
    outer loop
      vertex -8.154700e+00  2.027403e+00  0.000000e+00
      vertex -8.411120e+00  1.557806e+00  1.200000e+01
      vertex -8.411120e+00  1.557806e+00  0.000000e+00
    endloop
  endfacet
  facet normal  9.369499e-01 -3.494637e-01  0.000000e+00
    outer loop
      vertex -8.411120e+00  1.557806e+00  0.000000e+00
      vertex -8.411120e+00  1.557806e+00  1.200000e+01
      vertex -8.598099e+00  1.056497e+00  1.200000e+01
    endloop
  endfacet
  facet normal  9.369499e-01 -3.494637e-01  0.000000e+00
    outer loop
      vertex -8.411120e+00  1.557806e+00  0.000000e+00
      vertex -8.598099e+00  1.056497e+00  1.200000e+01
      vertex -8.598099e+00  1.056497e+00  0.000000e+00
    endloop
  endfacet
  facet normal  9.771470e-01 -2.125646e-01  0.000000e+00
    outer loop
      vertex -8.598099e+00  1.056497e+00  0.000000e+00
      vertex -8.598099e+00  1.056497e+00  1.200000e+01
      vertex -8.711830e+00  5.336806e-01  1.200000e+01
    endloop
  endfacet
  facet normal  9.771470e-01 -2.125646e-01  0.000000e+00
    outer loop
      vertex -8.598099e+00  1.056497e+00  0.000000e+00
      vertex -8.711830e+00  5.336806e-01  1.200000e+01
      vertex -8.711830e+00  5.336806e-01  0.000000e+00
    endloop
  endfacet
  facet normal  9.974520e-01 -7.133968e-02  0.000000e+00
    outer loop
      vertex -8.711830e+00  5.336806e-01  0.000000e+00
      vertex -8.711830e+00  5.336806e-01  1.200000e+01
      vertex -8.750000e+00  2.124577e-15  1.200000e+01
    endloop
  endfacet
  facet normal  9.974520e-01 -7.133968e-02  0.000000e+00
    outer loop
      vertex -8.711830e+00  5.336806e-01  0.000000e+00
      vertex -8.750000e+00  2.124577e-15  1.200000e+01
      vertex -8.750000e+00  2.124577e-15  0.000000e+00
    endloop
  endfacet
  facet normal  7.133926e-02 -9.974521e-01  0.000000e+00
    outer loop
      vertex -5.533680e+00  3.711830e+00  1.200000e+01
      vertex -5.000000e+00  3.750000e+00  0.000000e+00
      vertex -5.000000e+00  3.750000e+00  1.200000e+01
    endloop
  endfacet
  facet normal -7.133926e-02 -9.974521e-01  -0.000000e+00
    outer loop
      vertex -5.000000e+00  3.750000e+00  1.200000e+01
      vertex -5.000000e+00  3.750000e+00  0.000000e+00
      vertex -4.466320e+00  3.711830e+00  0.000000e+00
    endloop
  endfacet
  facet normal -7.133926e-02 -9.974521e-01  0.000000e+00
    outer loop
      vertex -5.000000e+00  3.750000e+00  1.200000e+01
      vertex -4.466320e+00  3.711830e+00  0.000000e+00
      vertex -4.466320e+00  3.711830e+00  1.200000e+01
    endloop
  endfacet
  facet normal -2.125650e-01 -9.771470e-01  -0.000000e+00
    outer loop
      vertex -4.466320e+00  3.711830e+00  1.200000e+01
      vertex -4.466320e+00  3.711830e+00  0.000000e+00
      vertex -3.943503e+00  3.598099e+00  0.000000e+00
    endloop
  endfacet
  facet normal -2.125650e-01 -9.771470e-01  0.000000e+00
    outer loop
      vertex -4.466320e+00  3.711830e+00  1.200000e+01
      vertex -3.943503e+00  3.598099e+00  0.000000e+00
      vertex -3.943503e+00  3.598099e+00  1.200000e+01
    endloop
  endfacet
  facet normal -3.494644e-01 -9.369496e-01  -0.000000e+00
    outer loop
      vertex -3.943503e+00  3.598099e+00  1.200000e+01
      vertex -3.943503e+00  3.598099e+00  0.000000e+00
      vertex -3.442194e+00  3.411120e+00  0.000000e+00
    endloop
  endfacet
  facet normal -3.494644e-01 -9.369496e-01  0.000000e+00
    outer loop
      vertex -3.943503e+00  3.598099e+00  1.200000e+01
      vertex -3.442194e+00  3.411120e+00  0.000000e+00
      vertex -3.442194e+00  3.411120e+00  1.200000e+01
    endloop
  endfacet
  facet normal -4.792489e-01 -8.776791e-01  -0.000000e+00
    outer loop
      vertex -3.442194e+00  3.411120e+00  1.200000e+01
      vertex -3.442194e+00  3.411120e+00  0.000000e+00
      vertex -2.972597e+00  3.154701e+00  0.000000e+00
    endloop
  endfacet
  facet normal -4.792489e-01 -8.776791e-01  0.000000e+00
    outer loop
      vertex -3.442194e+00  3.411120e+00  1.200000e+01
      vertex -2.972597e+00  3.154701e+00  0.000000e+00
      vertex -2.972597e+00  3.154701e+00  1.200000e+01
    endloop
  endfacet
  facet normal -5.992777e-01 -8.005413e-01  -0.000000e+00
    outer loop
      vertex -2.972597e+00  3.154701e+00  1.200000e+01
      vertex -2.972597e+00  3.154701e+00  0.000000e+00
      vertex -2.544272e+00  2.834061e+00  0.000000e+00
    endloop
  endfacet
  facet normal -5.992777e-01 -8.005413e-01  0.000000e+00
    outer loop
      vertex -2.972597e+00  3.154701e+00  1.200000e+01
      vertex -2.544272e+00  2.834061e+00  0.000000e+00
      vertex -2.544272e+00  2.834061e+00  1.200000e+01
    endloop
  endfacet
  facet normal -7.071068e-01 -7.071068e-01  -0.000000e+00
    outer loop
      vertex -2.544272e+00  2.834061e+00  1.200000e+01
      vertex -2.544272e+00  2.834061e+00  0.000000e+00
      vertex -2.165939e+00  2.455728e+00  0.000000e+00
    endloop
  endfacet
  facet normal -7.071068e-01 -7.071068e-01  0.000000e+00
    outer loop
      vertex -2.544272e+00  2.834061e+00  1.200000e+01
      vertex -2.165939e+00  2.455728e+00  0.000000e+00
      vertex -2.165939e+00  2.455728e+00  1.200000e+01
    endloop
  endfacet
  facet normal -8.005413e-01 -5.992777e-01  -0.000000e+00
    outer loop
      vertex -2.165939e+00  2.455728e+00  1.200000e+01
      vertex -2.165939e+00  2.455728e+00  0.000000e+00
      vertex -1.845299e+00  2.027403e+00  0.000000e+00
    endloop
  endfacet
  facet normal -8.005413e-01 -5.992777e-01  0.000000e+00
    outer loop
      vertex -2.165939e+00  2.455728e+00  1.200000e+01
      vertex -1.845299e+00  2.027403e+00  0.000000e+00
      vertex -1.845299e+00  2.027403e+00  1.200000e+01
    endloop
  endfacet
  facet normal -8.776791e-01 -4.792489e-01  -0.000000e+00
    outer loop
      vertex -1.845299e+00  2.027403e+00  1.200000e+01
      vertex -1.845299e+00  2.027403e+00  0.000000e+00
      vertex -1.588880e+00  1.557806e+00  0.000000e+00
    endloop
  endfacet
  facet normal -8.776791e-01 -4.792489e-01  0.000000e+00
    outer loop
      vertex -1.845299e+00  2.027403e+00  1.200000e+01
      vertex -1.588880e+00  1.557806e+00  0.000000e+00
      vertex -1.588880e+00  1.557806e+00  1.200000e+01
    endloop
  endfacet
  facet normal -9.369497e-01 -3.494643e-01  -0.000000e+00
    outer loop
      vertex -1.588880e+00  1.557806e+00  1.200000e+01
      vertex -1.588880e+00  1.557806e+00  0.000000e+00
      vertex -1.401901e+00  1.056497e+00  0.000000e+00
    endloop
  endfacet
  facet normal -9.369497e-01 -3.494643e-01  0.000000e+00
    outer loop
      vertex -1.588880e+00  1.557806e+00  1.200000e+01
      vertex -1.401901e+00  1.056497e+00  0.000000e+00
      vertex -1.401901e+00  1.056497e+00  1.200000e+01
    endloop
  endfacet
  facet normal -9.771469e-01 -2.125652e-01  -0.000000e+00
    outer loop
      vertex -1.401901e+00  1.056497e+00  1.200000e+01
      vertex -1.401901e+00  1.056497e+00  0.000000e+00
      vertex -1.288170e+00  5.336806e-01  0.000000e+00
    endloop
  endfacet
  facet normal -9.771469e-01 -2.125652e-01  0.000000e+00
    outer loop
      vertex -1.401901e+00  1.056497e+00  1.200000e+01
      vertex -1.288170e+00  5.336806e-01  0.000000e+00
      vertex -1.288170e+00  5.336806e-01  1.200000e+01
    endloop
  endfacet
  facet normal -9.974521e-01 -7.133924e-02  -0.000000e+00
    outer loop
      vertex -1.288170e+00  5.336806e-01  1.200000e+01
      vertex -1.288170e+00  5.336806e-01  0.000000e+00
      vertex -1.250000e+00  0.000000e+00  0.000000e+00
    endloop
  endfacet
  facet normal -9.974521e-01 -7.133924e-02  4.224132e-17
    outer loop
      vertex -1.288170e+00  5.336806e-01  1.200000e+01
      vertex -1.250000e+00  0.000000e+00  0.000000e+00
      vertex -1.250000e+00  7.105427e-15  1.200000e+01
    endloop
  endfacet
  facet normal -7.133926e-02  9.974521e-01  0.000000e+00
    outer loop
      vertex -5.000000e+00 -3.750000e+00  0.000000e+00
      vertex -4.466320e+00 -3.711830e+00  1.200000e+01
      vertex -4.466320e+00 -3.711830e+00  0.000000e+00
    endloop
  endfacet
  facet normal -2.125650e-01  9.771470e-01  0.000000e+00
    outer loop
      vertex -4.466320e+00 -3.711830e+00  0.000000e+00
      vertex -4.466320e+00 -3.711830e+00  1.200000e+01
      vertex -3.943503e+00 -3.598099e+00  1.200000e+01
    endloop
  endfacet
  facet normal -2.125650e-01  9.771470e-01  0.000000e+00
    outer loop
      vertex -4.466320e+00 -3.711830e+00  0.000000e+00
      vertex -3.943503e+00 -3.598099e+00  1.200000e+01
      vertex -3.943503e+00 -3.598099e+00  0.000000e+00
    endloop
  endfacet
  facet normal -3.494644e-01  9.369496e-01  0.000000e+00
    outer loop
      vertex -3.943503e+00 -3.598099e+00  0.000000e+00
      vertex -3.943503e+00 -3.598099e+00  1.200000e+01
      vertex -3.442194e+00 -3.411120e+00  1.200000e+01
    endloop
  endfacet
  facet normal -3.494644e-01  9.369496e-01  0.000000e+00
    outer loop
      vertex -3.943503e+00 -3.598099e+00  0.000000e+00
      vertex -3.442194e+00 -3.411120e+00  1.200000e+01
      vertex -3.442194e+00 -3.411120e+00  0.000000e+00
    endloop
  endfacet
  facet normal -4.792489e-01  8.776791e-01  0.000000e+00
    outer loop
      vertex -3.442194e+00 -3.411120e+00  0.000000e+00
      vertex -3.442194e+00 -3.411120e+00  1.200000e+01
      vertex -2.972597e+00 -3.154701e+00  1.200000e+01
    endloop
  endfacet
  facet normal -4.792489e-01  8.776791e-01  0.000000e+00
    outer loop
      vertex -3.442194e+00 -3.411120e+00  0.000000e+00
      vertex -2.972597e+00 -3.154701e+00  1.200000e+01
      vertex -2.972597e+00 -3.154701e+00  0.000000e+00
    endloop
  endfacet
  facet normal -5.992777e-01  8.005413e-01  0.000000e+00
    outer loop
      vertex -2.972597e+00 -3.154701e+00  0.000000e+00
      vertex -2.972597e+00 -3.154701e+00  1.200000e+01
      vertex -2.544272e+00 -2.834061e+00  1.200000e+01
    endloop
  endfacet
  facet normal -5.992777e-01  8.005413e-01  0.000000e+00
    outer loop
      vertex -2.972597e+00 -3.154701e+00  0.000000e+00
      vertex -2.544272e+00 -2.834061e+00  1.200000e+01
      vertex -2.544272e+00 -2.834061e+00  0.000000e+00
    endloop
  endfacet
  facet normal -7.071068e-01  7.071068e-01  0.000000e+00
    outer loop
      vertex -2.544272e+00 -2.834061e+00  0.000000e+00
      vertex -2.544272e+00 -2.834061e+00  1.200000e+01
      vertex -2.165939e+00 -2.455728e+00  1.200000e+01
    endloop
  endfacet
  facet normal -7.071068e-01  7.071068e-01  0.000000e+00
    outer loop
      vertex -2.544272e+00 -2.834061e+00  0.000000e+00
      vertex -2.165939e+00 -2.455728e+00  1.200000e+01
      vertex -2.165939e+00 -2.455728e+00  0.000000e+00
    endloop
  endfacet
  facet normal -8.005413e-01  5.992777e-01  0.000000e+00
    outer loop
      vertex -2.165939e+00 -2.455728e+00  0.000000e+00
      vertex -2.165939e+00 -2.455728e+00  1.200000e+01
      vertex -1.845299e+00 -2.027403e+00  1.200000e+01
    endloop
  endfacet
  facet normal -8.005413e-01  5.992777e-01  0.000000e+00
    outer loop
      vertex -2.165939e+00 -2.455728e+00  0.000000e+00
      vertex -1.845299e+00 -2.027403e+00  1.200000e+01
      vertex -1.845299e+00 -2.027403e+00  0.000000e+00
    endloop
  endfacet
  facet normal -8.776791e-01  4.792489e-01  0.000000e+00
    outer loop
      vertex -1.845299e+00 -2.027403e+00  0.000000e+00
      vertex -1.845299e+00 -2.027403e+00  1.200000e+01
      vertex -1.588880e+00 -1.557806e+00  1.200000e+01
    endloop
  endfacet
  facet normal -8.776791e-01  4.792489e-01  0.000000e+00
    outer loop
      vertex -1.845299e+00 -2.027403e+00  0.000000e+00
      vertex -1.588880e+00 -1.557806e+00  1.200000e+01
      vertex -1.588880e+00 -1.557806e+00  0.000000e+00
    endloop
  endfacet
  facet normal -9.369497e-01  3.494643e-01  0.000000e+00
    outer loop
      vertex -1.588880e+00 -1.557806e+00  0.000000e+00
      vertex -1.588880e+00 -1.557806e+00  1.200000e+01
      vertex -1.401901e+00 -1.056497e+00  1.200000e+01
    endloop
  endfacet
  facet normal -9.369497e-01  3.494643e-01  0.000000e+00
    outer loop
      vertex -1.588880e+00 -1.557806e+00  0.000000e+00
      vertex -1.401901e+00 -1.056497e+00  1.200000e+01
      vertex -1.401901e+00 -1.056497e+00  0.000000e+00
    endloop
  endfacet
  facet normal -9.771469e-01  2.125652e-01  0.000000e+00
    outer loop
      vertex -1.401901e+00 -1.056497e+00  0.000000e+00
      vertex -1.401901e+00 -1.056497e+00  1.200000e+01
      vertex -1.288170e+00 -5.336806e-01  1.200000e+01
    endloop
  endfacet
  facet normal -9.771469e-01  2.125652e-01  0.000000e+00
    outer loop
      vertex -1.401901e+00 -1.056497e+00  0.000000e+00
      vertex -1.288170e+00 -5.336806e-01  1.200000e+01
      vertex -1.288170e+00 -5.336806e-01  0.000000e+00
    endloop
  endfacet
  facet normal -9.974521e-01  7.133924e-02  0.000000e+00
    outer loop
      vertex -1.288170e+00 -5.336806e-01  0.000000e+00
      vertex -1.288170e+00 -5.336806e-01  1.200000e+01
      vertex -1.250000e+00  7.105427e-15  1.200000e+01
    endloop
  endfacet
  facet normal -9.974521e-01  7.133924e-02 -4.224132e-17
    outer loop
      vertex -1.288170e+00 -5.336806e-01  0.000000e+00
      vertex -1.250000e+00  7.105427e-15  1.200000e+01
      vertex -1.250000e+00  0.000000e+00  0.000000e+00
    endloop
  endfacet
  facet normal -7.133926e-02  9.974521e-01  0.000000e+00
    outer loop
      vertex -4.466320e+00 -3.711830e+00  1.200000e+01
      vertex -5.000000e+00 -3.750000e+00  0.000000e+00
      vertex -5.000000e+00 -3.750000e+00  1.200000e+01
    endloop
  endfacet
  facet normal  7.133926e-02  9.974521e-01  0.000000e+00
    outer loop
      vertex -5.000000e+00 -3.750000e+00  1.200000e+01
      vertex -5.000000e+00 -3.750000e+00  0.000000e+00
      vertex -5.533680e+00 -3.711830e+00  0.000000e+00
    endloop
  endfacet
  facet normal  7.133926e-02  9.974521e-01  -0.000000e+00
    outer loop
      vertex -5.000000e+00 -3.750000e+00  1.200000e+01
      vertex -5.533680e+00 -3.711830e+00  0.000000e+00
      vertex -5.533680e+00 -3.711830e+00  1.200000e+01
    endloop
  endfacet
  facet normal  2.125650e-01  9.771470e-01  0.000000e+00
    outer loop
      vertex -5.533680e+00 -3.711830e+00  1.200000e+01
      vertex -5.533680e+00 -3.711830e+00  0.000000e+00
      vertex -6.056497e+00 -3.598099e+00  0.000000e+00
    endloop
  endfacet
  facet normal  2.125650e-01  9.771470e-01  -0.000000e+00
    outer loop
      vertex -5.533680e+00 -3.711830e+00  1.200000e+01
      vertex -6.056497e+00 -3.598099e+00  0.000000e+00
      vertex -6.056497e+00 -3.598099e+00  1.200000e+01
    endloop
  endfacet
  facet normal  3.494643e-01  9.369496e-01  0.000000e+00
    outer loop
      vertex -6.056497e+00 -3.598099e+00  1.200000e+01
      vertex -6.056497e+00 -3.598099e+00  0.000000e+00
      vertex -6.557806e+00 -3.411120e+00  0.000000e+00
    endloop
  endfacet
  facet normal  3.494643e-01  9.369496e-01  -0.000000e+00
    outer loop
      vertex -6.056497e+00 -3.598099e+00  1.200000e+01
      vertex -6.557806e+00 -3.411120e+00  0.000000e+00
      vertex -6.557806e+00 -3.411120e+00  1.200000e+01
    endloop
  endfacet
  facet normal  4.792492e-01  8.776789e-01  0.000000e+00
    outer loop
      vertex -6.557806e+00 -3.411120e+00  1.200000e+01
      vertex -6.557806e+00 -3.411120e+00  0.000000e+00
      vertex -7.027403e+00 -3.154701e+00  0.000000e+00
    endloop
  endfacet
  facet normal  4.792492e-01  8.776789e-01  -0.000000e+00
    outer loop
      vertex -6.557806e+00 -3.411120e+00  1.200000e+01
      vertex -7.027403e+00 -3.154701e+00  0.000000e+00
      vertex -7.027403e+00 -3.154701e+00  1.200000e+01
    endloop
  endfacet
  facet normal  5.992777e-01  8.005413e-01  0.000000e+00
    outer loop
      vertex -7.027403e+00 -3.154701e+00  1.200000e+01
      vertex -7.027403e+00 -3.154701e+00  0.000000e+00
      vertex -7.455728e+00 -2.834061e+00  0.000000e+00
    endloop
  endfacet
  facet normal  5.992777e-01  8.005413e-01  -0.000000e+00
    outer loop
      vertex -7.027403e+00 -3.154701e+00  1.200000e+01
      vertex -7.455728e+00 -2.834061e+00  0.000000e+00
      vertex -7.455728e+00 -2.834061e+00  1.200000e+01
    endloop
  endfacet
  facet normal  7.071068e-01  7.071068e-01  0.000000e+00
    outer loop
      vertex -7.455728e+00 -2.834061e+00  1.200000e+01
      vertex -7.455728e+00 -2.834061e+00  0.000000e+00
      vertex -7.834061e+00 -2.455728e+00  0.000000e+00
    endloop
  endfacet
  facet normal  7.071068e-01  7.071068e-01  -0.000000e+00
    outer loop
      vertex -7.455728e+00 -2.834061e+00  1.200000e+01
      vertex -7.834061e+00 -2.455728e+00  0.000000e+00
      vertex -7.834061e+00 -2.455728e+00  1.200000e+01
    endloop
  endfacet
  facet normal  8.005414e-01  5.992774e-01  0.000000e+00
    outer loop
      vertex -7.834061e+00 -2.455728e+00  1.200000e+01
      vertex -7.834061e+00 -2.455728e+00  0.000000e+00
      vertex -8.154700e+00 -2.027403e+00  0.000000e+00
    endloop
  endfacet
  facet normal  8.005414e-01  5.992774e-01  -0.000000e+00
    outer loop
      vertex -7.834061e+00 -2.455728e+00  1.200000e+01
      vertex -8.154700e+00 -2.027403e+00  0.000000e+00
      vertex -8.154700e+00 -2.027403e+00  1.200000e+01
    endloop
  endfacet
  facet normal  8.776783e-01  4.792502e-01  0.000000e+00
    outer loop
      vertex -8.154700e+00 -2.027403e+00  1.200000e+01
      vertex -8.154700e+00 -2.027403e+00  0.000000e+00
      vertex -8.411120e+00 -1.557806e+00  0.000000e+00
    endloop
  endfacet
  facet normal  8.776783e-01  4.792502e-01  -0.000000e+00
    outer loop
      vertex -8.154700e+00 -2.027403e+00  1.200000e+01
      vertex -8.411120e+00 -1.557806e+00  0.000000e+00
      vertex -8.411120e+00 -1.557806e+00  1.200000e+01
    endloop
  endfacet
  facet normal  9.369499e-01  3.494637e-01  0.000000e+00
    outer loop
      vertex -8.411120e+00 -1.557806e+00  1.200000e+01
      vertex -8.411120e+00 -1.557806e+00  0.000000e+00
      vertex -8.598099e+00 -1.056497e+00  0.000000e+00
    endloop
  endfacet
  facet normal  9.369499e-01  3.494637e-01  -0.000000e+00
    outer loop
      vertex -8.411120e+00 -1.557806e+00  1.200000e+01
      vertex -8.598099e+00 -1.056497e+00  0.000000e+00
      vertex -8.598099e+00 -1.056497e+00  1.200000e+01
    endloop
  endfacet
  facet normal  9.771470e-01  2.125646e-01  0.000000e+00
    outer loop
      vertex -8.598099e+00 -1.056497e+00  1.200000e+01
      vertex -8.598099e+00 -1.056497e+00  0.000000e+00
      vertex -8.711830e+00 -5.336806e-01  0.000000e+00
    endloop
  endfacet
  facet normal  9.771470e-01  2.125646e-01  -0.000000e+00
    outer loop
      vertex -8.598099e+00 -1.056497e+00  1.200000e+01
      vertex -8.711830e+00 -5.336806e-01  0.000000e+00
      vertex -8.711830e+00 -5.336806e-01  1.200000e+01
    endloop
  endfacet
  facet normal  9.974520e-01  7.133968e-02  0.000000e+00
    outer loop
      vertex -8.711830e+00 -5.336806e-01  1.200000e+01
      vertex -8.711830e+00 -5.336806e-01  0.000000e+00
      vertex -8.750000e+00  2.124577e-15  0.000000e+00
    endloop
  endfacet
  facet normal  9.974520e-01  7.133968e-02  -0.000000e+00
    outer loop
      vertex -8.711830e+00 -5.336806e-01  1.200000e+01
      vertex -8.750000e+00  2.124577e-15  0.000000e+00
      vertex -8.750000e+00  2.124577e-15  1.200000e+01
    endloop
  endfacet
  facet normal -1.000000e+00  0.000000e+00  0.000000e+00
    outer loop
      vertex -5.500000e+01 -3.411120e+00  7.555781e+01
      vertex -5.500000e+01 -9.848078e+00  7.573648e+01
      vertex -5.500000e+01 -3.154701e+00  7.602740e+01
    endloop
  endfacet
  facet normal -9.999999e-01  0.000000e+00  0.000000e+00
    outer loop
      vertex -5.500000e+01 -5.336806e-01  7.028817e+01
      vertex -5.500000e+01 -9.063078e+00  6.977382e+01
      vertex -5.500000e+01 -1.056497e+00  7.040190e+01
    endloop
  endfacet
  facet normal -1.000000e+00  0.000000e+00  0.000000e+00
    outer loop
      vertex -5.500000e+01  1.056497e+00  7.759810e+01
      vertex -5.500000e+01  5.336806e-01  7.771183e+01
      vertex -5.500000e+01  9.396926e+00  7.742020e+01
    endloop
  endfacet
  facet normal -9.999999e-01  0.000000e+00  0.000000e+00
    outer loop
      vertex -5.500000e+01  9.396926e+00  7.742020e+01
      vertex -5.500000e+01  1.557806e+00  7.741112e+01
      vertex -5.500000e+01  1.056497e+00  7.759810e+01
    endloop
  endfacet
  facet normal -1.000000e+00  0.000000e+00  0.000000e+00
    outer loop
      vertex -5.500000e+01  9.848078e+00  7.573648e+01
      vertex -5.500000e+01  3.411120e+00  7.555781e+01
      vertex -5.500000e+01  3.154701e+00  7.602740e+01
    endloop
  endfacet
  facet normal -9.999999e-01  0.000000e+00  -0.000000e+00
    outer loop
      vertex -5.500000e+01  5.336806e-01  7.028817e+01
      vertex -5.500000e+01  1.056497e+00  7.040190e+01
      vertex -5.500000e+01  9.063078e+00  6.977382e+01
    endloop
  endfacet
  facet normal -9.999999e-01  0.000000e+00  0.000000e+00
    outer loop
      vertex -5.500000e+01  1.062289e-15  7.775000e+01
      vertex -5.500000e+01 -9.063078e+00  7.822618e+01
      vertex -5.500000e+01 -8.660254e+00  7.900000e+01
    endloop
  endfacet
  facet normal -1.000000e+00  0.000000e+00  0.000000e+00
    outer loop
      vertex -5.500000e+01  1.062289e-15  7.775000e+01
      vertex -5.500000e+01 -8.660254e+00  7.900000e+01
      vertex -5.500000e+01 -8.191521e+00  7.973576e+01
    endloop
  endfacet
  facet normal -1.000000e+00  0.000000e+00  0.000000e+00
    outer loop
      vertex -5.500000e+01  1.062289e-15  7.775000e+01
      vertex -5.500000e+01 -8.191521e+00  7.973576e+01
      vertex -5.500000e+01 -7.660444e+00  8.042788e+01
    endloop
  endfacet
  facet normal -1.000000e+00  0.000000e+00  0.000000e+00
    outer loop
      vertex -5.500000e+01  1.062289e-15  7.775000e+01
      vertex -5.500000e+01 -7.660444e+00  8.042788e+01
      vertex -5.500000e+01 -7.071068e+00  8.107107e+01
    endloop
  endfacet
  facet normal -1.000000e+00  0.000000e+00  0.000000e+00
    outer loop
      vertex -5.500000e+01  1.062289e-15  7.775000e+01
      vertex -5.500000e+01 -7.071068e+00  8.107107e+01
      vertex -5.500000e+01 -6.427876e+00  8.166045e+01
    endloop
  endfacet
  facet normal -9.999999e-01  0.000000e+00  0.000000e+00
    outer loop
      vertex -5.500000e+01  1.062289e-15  7.775000e+01
      vertex -5.500000e+01 -6.427876e+00  8.166045e+01
      vertex -5.500000e+01 -5.735765e+00  8.219152e+01
    endloop
  endfacet
  facet normal -1.000000e+00  0.000000e+00  0.000000e+00
    outer loop
      vertex -5.500000e+01  1.062289e-15  7.775000e+01
      vertex -5.500000e+01 -5.735765e+00  8.219152e+01
      vertex -5.500000e+01 -5.000000e+00  8.266026e+01
    endloop
  endfacet
  facet normal -1.000000e+00  0.000000e+00  0.000000e+00
    outer loop
      vertex -5.500000e+01  1.062289e-15  7.775000e+01
      vertex -5.500000e+01 -5.000000e+00  8.266026e+01
      vertex -5.500000e+01 -4.226182e+00  8.306308e+01
    endloop
  endfacet
  facet normal -9.999999e-01  0.000000e+00  0.000000e+00
    outer loop
      vertex -5.500000e+01  1.062289e-15  7.775000e+01
      vertex -5.500000e+01 -4.226182e+00  8.306308e+01
      vertex -5.500000e+01 -3.420202e+00  8.339693e+01
    endloop
  endfacet
  facet normal -1.000000e+00  0.000000e+00  0.000000e+00
    outer loop
      vertex -5.500000e+01  1.062289e-15  7.775000e+01
      vertex -5.500000e+01 -3.420202e+00  8.339693e+01
      vertex -5.500000e+01 -2.588191e+00  8.365926e+01
    endloop
  endfacet
  facet normal -1.000000e+00  0.000000e+00  0.000000e+00
    outer loop
      vertex -5.500000e+01  1.062289e-15  7.775000e+01
      vertex -5.500000e+01 -2.588191e+00  8.365926e+01
      vertex -5.500000e+01 -1.736482e+00  8.384808e+01
    endloop
  endfacet
  facet normal -1.000000e+00  0.000000e+00  0.000000e+00
    outer loop
      vertex -5.500000e+01  1.062289e-15  7.775000e+01
      vertex -5.500000e+01 -1.736482e+00  8.384808e+01
      vertex -5.500000e+01 -8.715574e-01  8.396194e+01
    endloop
  endfacet
  facet normal -1.000000e+00  0.000000e+00  0.000000e+00
    outer loop
      vertex -5.500000e+01  1.062289e-15  7.775000e+01
      vertex -5.500000e+01 -8.715574e-01  8.396194e+01
      vertex -5.500000e+01  6.123234e-16  8.400000e+01
    endloop
  endfacet
  facet normal -1.000000e+00  0.000000e+00  0.000000e+00
    outer loop
      vertex -5.500000e+01  1.062289e-15  7.775000e+01
      vertex -5.500000e+01  6.123234e-16  8.400000e+01
      vertex -5.500000e+01  8.715574e-01  8.396194e+01
    endloop
  endfacet
  facet normal -1.000000e+00  0.000000e+00  -0.000000e+00
    outer loop
      vertex -5.500000e+01  1.062289e-15  7.775000e+01
      vertex -5.500000e+01  8.715574e-01  8.396194e+01
      vertex -5.500000e+01  1.736482e+00  8.384808e+01
    endloop
  endfacet
  facet normal -1.000000e+00  0.000000e+00  -0.000000e+00
    outer loop
      vertex -5.500000e+01  1.062289e-15  7.775000e+01
      vertex -5.500000e+01  1.736482e+00  8.384808e+01
      vertex -5.500000e+01  2.588191e+00  8.365926e+01
    endloop
  endfacet
  facet normal -1.000000e+00  0.000000e+00  -0.000000e+00
    outer loop
      vertex -5.500000e+01  1.062289e-15  7.775000e+01
      vertex -5.500000e+01  2.588191e+00  8.365926e+01
      vertex -5.500000e+01  3.420202e+00  8.339693e+01
    endloop
  endfacet
  facet normal -9.999999e-01  0.000000e+00  -0.000000e+00
    outer loop
      vertex -5.500000e+01  1.062289e-15  7.775000e+01
      vertex -5.500000e+01  3.420202e+00  8.339693e+01
      vertex -5.500000e+01  4.226182e+00  8.306308e+01
    endloop
  endfacet
  facet normal -1.000000e+00  0.000000e+00  -0.000000e+00
    outer loop
      vertex -5.500000e+01  1.062289e-15  7.775000e+01
      vertex -5.500000e+01  4.226182e+00  8.306308e+01
      vertex -5.500000e+01  5.000000e+00  8.266026e+01
    endloop
  endfacet
  facet normal -9.999999e-01  0.000000e+00  -0.000000e+00
    outer loop
      vertex -5.500000e+01  1.062289e-15  7.775000e+01
      vertex -5.500000e+01  5.000000e+00  8.266026e+01
      vertex -5.500000e+01  5.735765e+00  8.219152e+01
    endloop
  endfacet
  facet normal -9.999999e-01  0.000000e+00  -0.000000e+00
    outer loop
      vertex -5.500000e+01  1.062289e-15  7.775000e+01
      vertex -5.500000e+01  5.735765e+00  8.219152e+01
      vertex -5.500000e+01  6.427876e+00  8.166045e+01
    endloop
  endfacet
  facet normal -1.000000e+00  0.000000e+00  -0.000000e+00
    outer loop
      vertex -5.500000e+01  1.062289e-15  7.775000e+01
      vertex -5.500000e+01  6.427876e+00  8.166045e+01
      vertex -5.500000e+01  7.071068e+00  8.107107e+01
    endloop
  endfacet
  facet normal -9.999999e-01  0.000000e+00  -0.000000e+00
    outer loop
      vertex -5.500000e+01  1.062289e-15  7.775000e+01
      vertex -5.500000e+01  7.071068e+00  8.107107e+01
      vertex -5.500000e+01  7.660444e+00  8.042788e+01
    endloop
  endfacet
  facet normal -1.000000e+00  0.000000e+00  -0.000000e+00
    outer loop
      vertex -5.500000e+01  1.062289e-15  7.775000e+01
      vertex -5.500000e+01  7.660444e+00  8.042788e+01
      vertex -5.500000e+01  8.191521e+00  7.973576e+01
    endloop
  endfacet
  facet normal -1.000000e+00  0.000000e+00  -0.000000e+00
    outer loop
      vertex -5.500000e+01  1.062289e-15  7.775000e+01
      vertex -5.500000e+01  8.191521e+00  7.973576e+01
      vertex -5.500000e+01  8.660254e+00  7.900000e+01
    endloop
  endfacet
  facet normal -1.000000e+00  0.000000e+00  -0.000000e+00
    outer loop
      vertex -5.500000e+01  1.062289e-15  7.775000e+01
      vertex -5.500000e+01  8.660254e+00  7.900000e+01
      vertex -5.500000e+01  9.063078e+00  7.822618e+01
    endloop
  endfacet
  facet normal -1.000000e+00  0.000000e+00  -0.000000e+00
    outer loop
      vertex -5.500000e+01  1.062289e-15  7.775000e+01
      vertex -5.500000e+01  9.063078e+00  7.822618e+01
      vertex -5.500000e+01  9.396926e+00  7.742020e+01
    endloop
  endfacet
  facet normal -1.000000e+00  0.000000e+00  0.000000e+00
    outer loop
      vertex -5.500000e+01  1.062289e-15  7.775000e+01
      vertex -5.500000e+01  9.396926e+00  7.742020e+01
      vertex -5.500000e+01  5.336806e-01  7.771183e+01
    endloop
  endfacet
  facet normal -1.000000e+00  0.000000e+00  -0.000000e+00
    outer loop
      vertex -5.500000e+01 -9.396926e+00  7.742020e+01
      vertex -5.500000e+01 -9.063078e+00  7.822618e+01
      vertex -5.500000e+01  1.062289e-15  7.775000e+01
    endloop
  endfacet
  facet normal -1.000000e+00  0.000000e+00  0.000000e+00
    outer loop
      vertex -5.500000e+01 -9.396926e+00  7.742020e+01
      vertex -5.500000e+01  1.062289e-15  7.775000e+01
      vertex -5.500000e+01 -5.336806e-01  7.771183e+01
    endloop
  endfacet
  facet normal -1.000000e+00  0.000000e+00  0.000000e+00
    outer loop
      vertex -5.500000e+01 -9.396926e+00  7.742020e+01
      vertex -5.500000e+01 -5.336806e-01  7.771183e+01
      vertex -5.500000e+01 -1.056497e+00  7.759810e+01
    endloop
  endfacet
  facet normal -1.000000e+00  0.000000e+00  0.000000e+00
    outer loop
      vertex -5.500000e+01 -9.396926e+00  7.742020e+01
      vertex -5.500000e+01 -1.056497e+00  7.759810e+01
      vertex -5.500000e+01 -1.557806e+00  7.741112e+01
    endloop
  endfacet
  facet normal -9.999999e-01  0.000000e+00  -0.000000e+00
    outer loop
      vertex -5.500000e+01 -9.659258e+00  7.658819e+01
      vertex -5.500000e+01 -9.396926e+00  7.742020e+01
      vertex -5.500000e+01 -1.557806e+00  7.741112e+01
    endloop
  endfacet
  facet normal -9.999999e-01  0.000000e+00  0.000000e+00
    outer loop
      vertex -5.500000e+01 -9.659258e+00  7.658819e+01
      vertex -5.500000e+01 -1.557806e+00  7.741112e+01
      vertex -5.500000e+01 -2.027403e+00  7.715470e+01
    endloop
  endfacet
  facet normal -1.000000e+00  0.000000e+00  0.000000e+00
    outer loop
      vertex -5.500000e+01 -9.659258e+00  7.658819e+01
      vertex -5.500000e+01 -2.027403e+00  7.715470e+01
      vertex -5.500000e+01 -2.455728e+00  7.683406e+01
    endloop
  endfacet
  facet normal -9.999999e-01  0.000000e+00  0.000000e+00
    outer loop
      vertex -5.500000e+01 -9.659258e+00  7.658819e+01
      vertex -5.500000e+01 -2.455728e+00  7.683406e+01
      vertex -5.500000e+01 -2.834061e+00  7.645573e+01
    endloop
  endfacet
  facet normal -1.000000e+00  -0.000000e+00  0.000000e+00
    outer loop
      vertex -5.500000e+01 -9.659258e+00  7.658819e+01
      vertex -5.500000e+01 -2.834061e+00  7.645573e+01
      vertex -5.500000e+01 -3.154701e+00  7.602740e+01
    endloop
  endfacet
  facet normal -1.000000e+00  -0.000000e+00  0.000000e+00
    outer loop
      vertex -5.500000e+01 -9.659258e+00  7.658819e+01
      vertex -5.500000e+01 -3.154701e+00  7.602740e+01
      vertex -5.500000e+01 -9.848078e+00  7.573648e+01
    endloop
  endfacet
  facet normal -1.000000e+00  0.000000e+00  0.000000e+00
    outer loop
      vertex -5.500000e+01 -1.836970e-15  6.400000e+01
      vertex -5.500000e+01 -8.715574e-01  6.403806e+01
      vertex -5.500000e+01 -1.736482e+00  6.415192e+01
    endloop
  endfacet
  facet normal -1.000000e+00  0.000000e+00  0.000000e+00
    outer loop
      vertex -5.500000e+01 -1.836970e-15  6.400000e+01
      vertex -5.500000e+01 -1.736482e+00  6.415192e+01
      vertex -5.500000e+01 -2.588191e+00  6.434074e+01
    endloop
  endfacet
  facet normal -1.000000e+00  0.000000e+00  0.000000e+00
    outer loop
      vertex -5.500000e+01 -1.836970e-15  6.400000e+01
      vertex -5.500000e+01 -2.588191e+00  6.434074e+01
      vertex -5.500000e+01 -3.420202e+00  6.460307e+01
    endloop
  endfacet
  facet normal -1.000000e+00  0.000000e+00  0.000000e+00
    outer loop
      vertex -5.500000e+01 -1.836970e-15  6.400000e+01
      vertex -5.500000e+01 -3.420202e+00  6.460307e+01
      vertex -5.500000e+01 -4.226182e+00  6.493692e+01
    endloop
  endfacet
  facet normal -1.000000e+00  0.000000e+00  0.000000e+00
    outer loop
      vertex -5.500000e+01 -1.836970e-15  6.400000e+01
      vertex -5.500000e+01 -4.226182e+00  6.493692e+01
      vertex -5.500000e+01 -5.000000e+00  6.533974e+01
    endloop
  endfacet
  facet normal -1.000000e+00  0.000000e+00  0.000000e+00
    outer loop
      vertex -5.500000e+01 -1.836970e-15  6.400000e+01
      vertex -5.500000e+01 -5.000000e+00  6.533974e+01
      vertex -5.500000e+01 -5.735765e+00  6.580848e+01
    endloop
  endfacet
  facet normal -9.999999e-01  0.000000e+00  0.000000e+00
    outer loop
      vertex -5.500000e+01 -1.836970e-15  6.400000e+01
      vertex -5.500000e+01 -5.735765e+00  6.580848e+01
      vertex -5.500000e+01 -6.427876e+00  6.633955e+01
    endloop
  endfacet
  facet normal -1.000000e+00  0.000000e+00  0.000000e+00
    outer loop
      vertex -5.500000e+01 -1.836970e-15  6.400000e+01
      vertex -5.500000e+01 -6.427876e+00  6.633955e+01
      vertex -5.500000e+01 -7.071068e+00  6.692893e+01
    endloop
  endfacet
  facet normal -1.000000e+00  0.000000e+00  0.000000e+00
    outer loop
      vertex -5.500000e+01 -1.836970e-15  6.400000e+01
      vertex -5.500000e+01 -7.071068e+00  6.692893e+01
      vertex -5.500000e+01 -7.660444e+00  6.757212e+01
    endloop
  endfacet
  facet normal -1.000000e+00  0.000000e+00  0.000000e+00
    outer loop
      vertex -5.500000e+01 -1.836970e-15  6.400000e+01
      vertex -5.500000e+01 -7.660444e+00  6.757212e+01
      vertex -5.500000e+01 -8.191521e+00  6.826424e+01
    endloop
  endfacet
  facet normal -1.000000e+00  0.000000e+00  0.000000e+00
    outer loop
      vertex -5.500000e+01 -1.836970e-15  6.400000e+01
      vertex -5.500000e+01 -8.191521e+00  6.826424e+01
      vertex -5.500000e+01 -8.660254e+00  6.900000e+01
    endloop
  endfacet
  facet normal -1.000000e+00  0.000000e+00  0.000000e+00
    outer loop
      vertex -5.500000e+01 -1.836970e-15  6.400000e+01
      vertex -5.500000e+01 -8.660254e+00  6.900000e+01
      vertex -5.500000e+01 -9.063078e+00  6.977382e+01
    endloop
  endfacet
  facet normal -9.999999e-01  0.000000e+00  0.000000e+00
    outer loop
      vertex -5.500000e+01 -1.836970e-15  6.400000e+01
      vertex -5.500000e+01 -9.063078e+00  6.977382e+01
      vertex -5.500000e+01 -5.336806e-01  7.028817e+01
    endloop
  endfacet
  facet normal -1.000000e+00  0.000000e+00  0.000000e+00
    outer loop
      vertex -5.500000e+01 -1.836970e-15  6.400000e+01
      vertex -5.500000e+01 -5.336806e-01  7.028817e+01
      vertex -5.500000e+01 -4.019533e-15  7.025000e+01
    endloop
  endfacet
  facet normal -1.000000e+00  0.000000e+00  0.000000e+00
    outer loop
      vertex -5.500000e+01 -1.836970e-15  6.400000e+01
      vertex -5.500000e+01 -4.019533e-15  7.025000e+01
      vertex -5.500000e+01  5.336806e-01  7.028817e+01
    endloop
  endfacet
  facet normal -9.999999e-01  0.000000e+00  -0.000000e+00
    outer loop
      vertex -5.500000e+01 -1.836970e-15  6.400000e+01
      vertex -5.500000e+01  5.336806e-01  7.028817e+01
      vertex -5.500000e+01  9.063078e+00  6.977382e+01
    endloop
  endfacet
  facet normal -1.000000e+00  0.000000e+00  0.000000e+00
    outer loop
      vertex -5.500000e+01 -1.836970e-15  6.400000e+01
      vertex -5.500000e+01  9.063078e+00  6.977382e+01
      vertex -5.500000e+01  8.660254e+00  6.900000e+01
    endloop
  endfacet
  facet normal -1.000000e+00  0.000000e+00  0.000000e+00
    outer loop
      vertex -5.500000e+01 -1.836970e-15  6.400000e+01
      vertex -5.500000e+01  8.660254e+00  6.900000e+01
      vertex -5.500000e+01  8.191521e+00  6.826424e+01
    endloop
  endfacet
  facet normal -1.000000e+00  0.000000e+00  0.000000e+00
    outer loop
      vertex -5.500000e+01 -1.836970e-15  6.400000e+01
      vertex -5.500000e+01  8.191521e+00  6.826424e+01
      vertex -5.500000e+01  7.660444e+00  6.757212e+01
    endloop
  endfacet
  facet normal -1.000000e+00  0.000000e+00  0.000000e+00
    outer loop
      vertex -5.500000e+01 -1.836970e-15  6.400000e+01
      vertex -5.500000e+01  7.660444e+00  6.757212e+01
      vertex -5.500000e+01  7.071068e+00  6.692893e+01
    endloop
  endfacet
  facet normal -1.000000e+00  0.000000e+00  0.000000e+00
    outer loop
      vertex -5.500000e+01 -1.836970e-15  6.400000e+01
      vertex -5.500000e+01  7.071068e+00  6.692893e+01
      vertex -5.500000e+01  6.427876e+00  6.633955e+01
    endloop
  endfacet
  facet normal -9.999999e-01  0.000000e+00  0.000000e+00
    outer loop
      vertex -5.500000e+01 -1.836970e-15  6.400000e+01
      vertex -5.500000e+01  6.427876e+00  6.633955e+01
      vertex -5.500000e+01  5.735765e+00  6.580848e+01
    endloop
  endfacet
  facet normal -1.000000e+00  0.000000e+00  0.000000e+00
    outer loop
      vertex -5.500000e+01 -1.836970e-15  6.400000e+01
      vertex -5.500000e+01  5.735765e+00  6.580848e+01
      vertex -5.500000e+01  5.000000e+00  6.533974e+01
    endloop
  endfacet
  facet normal -1.000000e+00  0.000000e+00  0.000000e+00
    outer loop
      vertex -5.500000e+01 -1.836970e-15  6.400000e+01
      vertex -5.500000e+01  5.000000e+00  6.533974e+01
      vertex -5.500000e+01  4.226182e+00  6.493692e+01
    endloop
  endfacet
  facet normal -1.000000e+00  0.000000e+00  0.000000e+00
    outer loop
      vertex -5.500000e+01 -1.836970e-15  6.400000e+01
      vertex -5.500000e+01  4.226182e+00  6.493692e+01
      vertex -5.500000e+01  3.420202e+00  6.460307e+01
    endloop
  endfacet
  facet normal -1.000000e+00  0.000000e+00  0.000000e+00
    outer loop
      vertex -5.500000e+01 -1.836970e-15  6.400000e+01
      vertex -5.500000e+01  3.420202e+00  6.460307e+01
      vertex -5.500000e+01  2.588191e+00  6.434074e+01
    endloop
  endfacet
  facet normal -1.000000e+00  0.000000e+00  0.000000e+00
    outer loop
      vertex -5.500000e+01 -1.836970e-15  6.400000e+01
      vertex -5.500000e+01  2.588191e+00  6.434074e+01
      vertex -5.500000e+01  1.736482e+00  6.415192e+01
    endloop
  endfacet
  facet normal -1.000000e+00  0.000000e+00  0.000000e+00
    outer loop
      vertex -5.500000e+01 -1.836970e-15  6.400000e+01
      vertex -5.500000e+01  1.736482e+00  6.415192e+01
      vertex -5.500000e+01  8.715574e-01  6.403806e+01
    endloop
  endfacet
  facet normal -1.000000e+00  0.000000e+00  0.000000e+00
    outer loop
      vertex -5.500000e+01 -3.750000e+00  7.400000e+01
      vertex -5.500000e+01 -1.000000e+01  7.400000e+01
      vertex -5.500000e+01 -3.711830e+00  7.453368e+01
    endloop
  endfacet
  facet normal -1.000000e+00  -0.000000e+00  0.000000e+00
    outer loop
      vertex -5.500000e+01 -3.711830e+00  7.453368e+01
      vertex -5.500000e+01 -1.000000e+01  7.400000e+01
      vertex -5.500000e+01 -9.961947e+00  7.487156e+01
    endloop
  endfacet
  facet normal -9.999999e-01  0.000000e+00  0.000000e+00
    outer loop
      vertex -5.500000e+01 -3.711830e+00  7.453368e+01
      vertex -5.500000e+01 -9.961947e+00  7.487156e+01
      vertex -5.500000e+01 -3.598099e+00  7.505650e+01
    endloop
  endfacet
  facet normal -1.000000e+00  -0.000000e+00  0.000000e+00
    outer loop
      vertex -5.500000e+01 -3.598099e+00  7.505650e+01
      vertex -5.500000e+01 -9.961947e+00  7.487156e+01
      vertex -5.500000e+01 -9.848078e+00  7.573648e+01
    endloop
  endfacet
  facet normal -1.000000e+00  0.000000e+00  0.000000e+00
    outer loop
      vertex -5.500000e+01 -3.598099e+00  7.505650e+01
      vertex -5.500000e+01 -9.848078e+00  7.573648e+01
      vertex -5.500000e+01 -3.411120e+00  7.555781e+01
    endloop
  endfacet
  facet normal -9.999999e-01  0.000000e+00  0.000000e+00
    outer loop
      vertex -5.500000e+01 -3.598099e+00  7.294350e+01
      vertex -5.500000e+01 -9.961947e+00  7.312844e+01
      vertex -5.500000e+01 -3.711830e+00  7.346632e+01
    endloop
  endfacet
  facet normal -1.000000e+00  -0.000000e+00  0.000000e+00
    outer loop
      vertex -5.500000e+01 -3.711830e+00  7.346632e+01
      vertex -5.500000e+01 -9.961947e+00  7.312844e+01
      vertex -5.500000e+01 -1.000000e+01  7.400000e+01
    endloop
  endfacet
  facet normal -1.000000e+00  0.000000e+00  0.000000e+00
    outer loop
      vertex -5.500000e+01 -3.711830e+00  7.346632e+01
      vertex -5.500000e+01 -1.000000e+01  7.400000e+01
      vertex -5.500000e+01 -3.750000e+00  7.400000e+01
    endloop
  endfacet
  facet normal -1.000000e+00  0.000000e+00  0.000000e+00
    outer loop
      vertex -5.500000e+01 -2.834061e+00  7.154427e+01
      vertex -5.500000e+01 -9.659258e+00  7.141181e+01
      vertex -5.500000e+01 -3.154701e+00  7.197260e+01
    endloop
  endfacet
  facet normal -1.000000e+00  -0.000000e+00  0.000000e+00
    outer loop
      vertex -5.500000e+01 -3.154701e+00  7.197260e+01
      vertex -5.500000e+01 -9.659258e+00  7.141181e+01
      vertex -5.500000e+01 -9.848078e+00  7.226352e+01
    endloop
  endfacet
  facet normal -1.000000e+00  0.000000e+00  0.000000e+00
    outer loop
      vertex -5.500000e+01 -3.154701e+00  7.197260e+01
      vertex -5.500000e+01 -9.848078e+00  7.226352e+01
      vertex -5.500000e+01 -3.411120e+00  7.244219e+01
    endloop
  endfacet
  facet normal -1.000000e+00  -0.000000e+00  0.000000e+00
    outer loop
      vertex -5.500000e+01 -3.411120e+00  7.244219e+01
      vertex -5.500000e+01 -9.848078e+00  7.226352e+01
      vertex -5.500000e+01 -9.961947e+00  7.312844e+01
    endloop
  endfacet
  facet normal -1.000000e+00  0.000000e+00  0.000000e+00
    outer loop
      vertex -5.500000e+01 -3.411120e+00  7.244219e+01
      vertex -5.500000e+01 -9.961947e+00  7.312844e+01
      vertex -5.500000e+01 -3.598099e+00  7.294350e+01
    endloop
  endfacet
  facet normal -1.000000e+00  0.000000e+00  0.000000e+00
    outer loop
      vertex -5.500000e+01 -2.027403e+00  7.084530e+01
      vertex -5.500000e+01 -9.396926e+00  7.057980e+01
      vertex -5.500000e+01 -2.455728e+00  7.116594e+01
    endloop
  endfacet
  facet normal -9.999999e-01  -0.000000e+00  0.000000e+00
    outer loop
      vertex -5.500000e+01 -2.455728e+00  7.116594e+01
      vertex -5.500000e+01 -9.396926e+00  7.057980e+01
      vertex -5.500000e+01 -9.659258e+00  7.141181e+01
    endloop
  endfacet
  facet normal -1.000000e+00  0.000000e+00  0.000000e+00
    outer loop
      vertex -5.500000e+01 -2.455728e+00  7.116594e+01
      vertex -5.500000e+01 -9.659258e+00  7.141181e+01
      vertex -5.500000e+01 -2.834061e+00  7.154427e+01
    endloop
  endfacet
  facet normal -1.000000e+00  -0.000000e+00  0.000000e+00
    outer loop
      vertex -5.500000e+01 -2.027403e+00  7.084530e+01
      vertex -5.500000e+01 -1.557806e+00  7.058888e+01
      vertex -5.500000e+01 -9.396926e+00  7.057980e+01
    endloop
  endfacet
  facet normal -9.999999e-01  0.000000e+00  0.000000e+00
    outer loop
      vertex -5.500000e+01 -9.396926e+00  7.057980e+01
      vertex -5.500000e+01 -1.557806e+00  7.058888e+01
      vertex -5.500000e+01 -1.056497e+00  7.040190e+01
    endloop
  endfacet
  facet normal -1.000000e+00  -0.000000e+00  0.000000e+00
    outer loop
      vertex -5.500000e+01 -9.396926e+00  7.057980e+01
      vertex -5.500000e+01 -1.056497e+00  7.040190e+01
      vertex -5.500000e+01 -9.063078e+00  6.977382e+01
    endloop
  endfacet
  facet normal -1.000000e+00  0.000000e+00  0.000000e+00
    outer loop
      vertex -5.500000e+01  2.455728e+00  7.683406e+01
      vertex -5.500000e+01  2.027403e+00  7.715470e+01
      vertex -5.500000e+01  9.659258e+00  7.658819e+01
    endloop
  endfacet
  facet normal -9.999999e-01  0.000000e+00  0.000000e+00
    outer loop
      vertex -5.500000e+01  9.659258e+00  7.658819e+01
      vertex -5.500000e+01  2.027403e+00  7.715470e+01
      vertex -5.500000e+01  1.557806e+00  7.741112e+01
    endloop
  endfacet
  facet normal -9.999999e-01  0.000000e+00  0.000000e+00
    outer loop
      vertex -5.500000e+01  9.659258e+00  7.658819e+01
      vertex -5.500000e+01  1.557806e+00  7.741112e+01
      vertex -5.500000e+01  9.396926e+00  7.742020e+01
    endloop
  endfacet
  facet normal -1.000000e+00  -0.000000e+00  0.000000e+00
    outer loop
      vertex -5.500000e+01  2.455728e+00  7.683406e+01
      vertex -5.500000e+01  9.659258e+00  7.658819e+01
      vertex -5.500000e+01  2.834061e+00  7.645573e+01
    endloop
  endfacet
  facet normal -1.000000e+00  0.000000e+00  0.000000e+00
    outer loop
      vertex -5.500000e+01  2.834061e+00  7.645573e+01
      vertex -5.500000e+01  9.659258e+00  7.658819e+01
      vertex -5.500000e+01  9.848078e+00  7.573648e+01
    endloop
  endfacet
  facet normal -1.000000e+00  0.000000e+00  0.000000e+00
    outer loop
      vertex -5.500000e+01  2.834061e+00  7.645573e+01
      vertex -5.500000e+01  9.848078e+00  7.573648e+01
      vertex -5.500000e+01  3.154701e+00  7.602740e+01
    endloop
  endfacet
  facet normal -1.000000e+00  0.000000e+00  0.000000e+00
    outer loop
      vertex -5.500000e+01  3.750000e+00  7.400000e+01
      vertex -5.500000e+01  3.711830e+00  7.453368e+01
      vertex -5.500000e+01  1.000000e+01  7.400000e+01
    endloop
  endfacet
  facet normal -9.999999e-01  0.000000e+00  0.000000e+00
    outer loop
      vertex -5.500000e+01  1.000000e+01  7.400000e+01
      vertex -5.500000e+01  3.711830e+00  7.453368e+01
      vertex -5.500000e+01  3.598099e+00  7.505650e+01
    endloop
  endfacet
  facet normal -1.000000e+00  0.000000e+00  0.000000e+00
    outer loop
      vertex -5.500000e+01  1.000000e+01  7.400000e+01
      vertex -5.500000e+01  3.598099e+00  7.505650e+01
      vertex -5.500000e+01  9.961947e+00  7.487156e+01
    endloop
  endfacet
  facet normal -1.000000e+00  0.000000e+00  0.000000e+00
    outer loop
      vertex -5.500000e+01  9.961947e+00  7.487156e+01
      vertex -5.500000e+01  3.598099e+00  7.505650e+01
      vertex -5.500000e+01  3.411120e+00  7.555781e+01
    endloop
  endfacet
  facet normal -1.000000e+00  0.000000e+00  0.000000e+00
    outer loop
      vertex -5.500000e+01  9.961947e+00  7.487156e+01
      vertex -5.500000e+01  3.411120e+00  7.555781e+01
      vertex -5.500000e+01  9.848078e+00  7.573648e+01
    endloop
  endfacet
  facet normal -9.999999e-01  0.000000e+00  -0.000000e+00
    outer loop
      vertex -5.500000e+01  3.598099e+00  7.294350e+01
      vertex -5.500000e+01  3.711830e+00  7.346632e+01
      vertex -5.500000e+01  9.961947e+00  7.312844e+01
    endloop
  endfacet
  facet normal -9.999999e-01  0.000000e+00  0.000000e+00
    outer loop
      vertex -5.500000e+01  9.961947e+00  7.312844e+01
      vertex -5.500000e+01  3.711830e+00  7.346632e+01
      vertex -5.500000e+01  3.750000e+00  7.400000e+01
    endloop
  endfacet
  facet normal -1.000000e+00  0.000000e+00  0.000000e+00
    outer loop
      vertex -5.500000e+01  9.961947e+00  7.312844e+01
      vertex -5.500000e+01  3.750000e+00  7.400000e+01
      vertex -5.500000e+01  1.000000e+01  7.400000e+01
    endloop
  endfacet
  facet normal -1.000000e+00  0.000000e+00  -0.000000e+00
    outer loop
      vertex -5.500000e+01  2.834061e+00  7.154427e+01
      vertex -5.500000e+01  3.154701e+00  7.197260e+01
      vertex -5.500000e+01  9.659258e+00  7.141181e+01
    endloop
  endfacet
  facet normal -1.000000e+00  0.000000e+00  0.000000e+00
    outer loop
      vertex -5.500000e+01  9.659258e+00  7.141181e+01
      vertex -5.500000e+01  3.154701e+00  7.197260e+01
      vertex -5.500000e+01  3.411120e+00  7.244219e+01
    endloop
  endfacet
  facet normal -1.000000e+00  0.000000e+00  0.000000e+00
    outer loop
      vertex -5.500000e+01  9.659258e+00  7.141181e+01
      vertex -5.500000e+01  3.411120e+00  7.244219e+01
      vertex -5.500000e+01  9.848078e+00  7.226352e+01
    endloop
  endfacet
  facet normal -1.000000e+00  0.000000e+00  0.000000e+00
    outer loop
      vertex -5.500000e+01  9.848078e+00  7.226352e+01
      vertex -5.500000e+01  3.411120e+00  7.244219e+01
      vertex -5.500000e+01  3.598099e+00  7.294350e+01
    endloop
  endfacet
  facet normal -1.000000e+00  0.000000e+00  0.000000e+00
    outer loop
      vertex -5.500000e+01  9.848078e+00  7.226352e+01
      vertex -5.500000e+01  3.598099e+00  7.294350e+01
      vertex -5.500000e+01  9.961947e+00  7.312844e+01
    endloop
  endfacet
  facet normal -1.000000e+00  0.000000e+00  -0.000000e+00
    outer loop
      vertex -5.500000e+01  2.027403e+00  7.084530e+01
      vertex -5.500000e+01  2.455728e+00  7.116594e+01
      vertex -5.500000e+01  9.396926e+00  7.057980e+01
    endloop
  endfacet
  facet normal -1.000000e+00  0.000000e+00  0.000000e+00
    outer loop
      vertex -5.500000e+01  9.396926e+00  7.057980e+01
      vertex -5.500000e+01  2.455728e+00  7.116594e+01
      vertex -5.500000e+01  2.834061e+00  7.154427e+01
    endloop
  endfacet
  facet normal -1.000000e+00  0.000000e+00  0.000000e+00
    outer loop
      vertex -5.500000e+01  9.396926e+00  7.057980e+01
      vertex -5.500000e+01  2.834061e+00  7.154427e+01
      vertex -5.500000e+01  9.659258e+00  7.141181e+01
    endloop
  endfacet
  facet normal -1.000000e+00  0.000000e+00  0.000000e+00
    outer loop
      vertex -5.500000e+01  2.027403e+00  7.084530e+01
      vertex -5.500000e+01  9.396926e+00  7.057980e+01
      vertex -5.500000e+01  1.557806e+00  7.058888e+01
    endloop
  endfacet
  facet normal -1.000000e+00  0.000000e+00  0.000000e+00
    outer loop
      vertex -5.500000e+01  1.557806e+00  7.058888e+01
      vertex -5.500000e+01  9.396926e+00  7.057980e+01
      vertex -5.500000e+01  9.063078e+00  6.977382e+01
    endloop
  endfacet
  facet normal -1.000000e+00  0.000000e+00  0.000000e+00
    outer loop
      vertex -5.500000e+01  1.557806e+00  7.058888e+01
      vertex -5.500000e+01  9.063078e+00  6.977382e+01
      vertex -5.500000e+01  1.056497e+00  7.040190e+01
    endloop
  endfacet
  facet normal  9.923391e-01  8.340869e-06 -1.235445e-01
    outer loop
      vertex -2.977474e+01 -7.728176e-01  7.766950e+01
      vertex -2.976625e+01 -3.037029e-01  7.773768e+01
      vertex -2.976106e+01 -9.000000e+00  7.777882e+01
    endloop
  endfacet
  facet normal  9.999622e-01  5.696508e-04  8.681742e-03
    outer loop
      vertex -2.999043e+01 -9.000000e+00  7.324230e+01
      vertex -2.999552e+01 -3.714025e+00  7.348181e+01
      vertex -3.000000e+01 -3.750000e+00  7.400000e+01
    endloop
  endfacet
  facet normal  9.983215e-01  7.074018e-04  5.791101e-02
    outer loop
      vertex -2.993734e+01 -3.210413e+00  7.206203e+01
      vertex -2.996175e+01 -3.430562e+00  7.248549e+01
      vertex -2.991391e+01 -9.000000e+00  7.172884e+01
    endloop
  endfacet
  facet normal  9.974695e-01 -5.475114e-05  7.109471e-02
    outer loop
      vertex -2.991391e+01 -9.000000e+00  7.172884e+01
      vertex -2.990939e+01 -2.938367e+00  7.167009e+01
      vertex -2.993734e+01 -3.210413e+00  7.206203e+01
    endloop
  endfacet
  facet normal  9.918602e-01 -3.706596e-04 -1.273317e-01
    outer loop
      vertex -2.976106e+01  2.336601e-07  7.777882e+01
      vertex -2.976519e+01  1.703444e-01  7.774613e+01
      vertex -2.977167e+01  6.442128e-01  7.769425e+01
    endloop
  endfacet
  facet normal  9.981771e-01 -4.924536e-04  6.035099e-02
    outer loop
      vertex -2.993247e+01  3.164740e+00  7.198830e+01
      vertex -2.991391e+01  9.000000e+00  7.172884e+01
      vertex -2.995767e+01  3.394802e+00  7.240694e+01
    endloop
  endfacet
  facet normal  9.973013e-01  9.137658e-05  7.341864e-02
    outer loop
      vertex -2.990404e+01  2.883447e+00  7.160246e+01
      vertex -2.991391e+01  9.000000e+00  7.172884e+01
      vertex -2.993247e+01  3.164740e+00  7.198830e+01
    endloop
  endfacet
  facet normal  9.987241e-01  5.723562e-04 -5.049706e-02
    outer loop
      vertex -2.991391e+01 -9.000000e+00  7.627116e+01
      vertex -2.999043e+01 -9.000000e+00  7.475770e+01
      vertex -2.992478e+01 -3.091154e+00  7.612303e+01
    endloop
  endfacet
  facet normal  9.970357e-01 -9.365183e-05 -7.694083e-02
    outer loop
      vertex -2.991391e+01 -9.000000e+00  7.627116e+01
      vertex -2.992478e+01 -3.091154e+00  7.612303e+01
      vertex -2.989583e+01 -2.797035e+00  7.649782e+01
    endloop
  endfacet
  facet normal  9.960141e-01  3.571053e-04 -8.919507e-02
    outer loop
      vertex -2.991391e+01 -9.000000e+00  7.627116e+01
      vertex -2.989583e+01 -2.797035e+00  7.649782e+01
      vertex -2.986600e+01 -2.457794e+00  7.683227e+01
    endloop
  endfacet
  facet normal  9.948841e-01  1.378960e-03 -1.010128e-01
    outer loop
      vertex -2.991391e+01 -9.000000e+00  7.627116e+01
      vertex -2.986600e+01 -2.457794e+00  7.683227e+01
      vertex -2.983721e+01 -2.078838e+00  7.712105e+01
    endloop
  endfacet
  facet normal  9.936039e-01  2.851050e-03 -1.128853e-01
    outer loop
      vertex -2.991391e+01 -9.000000e+00  7.627116e+01
      vertex -2.983721e+01 -2.078838e+00  7.712105e+01
      vertex -2.981130e+01 -1.666197e+00  7.735950e+01
    endloop
  endfacet
  facet normal  9.919469e-01  4.903434e-03 -1.265590e-01
    outer loop
      vertex -2.991391e+01 -9.000000e+00  7.627116e+01
      vertex -2.981130e+01 -1.666197e+00  7.735950e+01
      vertex -2.979008e+01 -1.229422e+00  7.754274e+01
    endloop
  endfacet
  facet normal  9.881458e-01  9.329151e-03 -1.532342e-01
    outer loop
      vertex -2.991391e+01 -9.000000e+00  7.627116e+01
      vertex -2.979008e+01 -1.229422e+00  7.754274e+01
      vertex -2.977474e+01 -7.728176e-01  7.766950e+01
    endloop
  endfacet
  facet normal  9.949000e-01  3.139554e-04 -1.008655e-01
    outer loop
      vertex -2.991391e+01 -9.000000e+00  7.627116e+01
      vertex -2.977474e+01 -7.728176e-01  7.766950e+01
      vertex -2.976106e+01 -9.000000e+00  7.777882e+01
    endloop
  endfacet
  facet normal  9.999983e-01  1.822696e-03  -0.000000e+00
    outer loop
      vertex -2.999043e+01 -9.000000e+00  7.475770e+01
      vertex -2.999043e+01 -9.000000e+00  7.324230e+01
      vertex -3.000000e+01 -3.750000e+00  7.400000e+01
    endloop
  endfacet
  facet normal  9.999827e-01  9.869531e-04 -5.790563e-03
    outer loop
      vertex -2.999043e+01 -9.000000e+00  7.475770e+01
      vertex -3.000000e+01 -3.750000e+00  7.400000e+01
      vertex -2.999802e+01 -3.734133e+00  7.434460e+01
    endloop
  endfacet
  facet normal  9.998130e-01 -7.650670e-05 -1.934379e-02
    outer loop
      vertex -2.999043e+01 -9.000000e+00  7.475770e+01
      vertex -2.999802e+01 -3.734133e+00  7.434460e+01
      vertex -2.998888e+01 -3.659980e+00  7.481673e+01
    endloop
  endfacet
  facet normal  9.993908e-01  9.559968e-05 -3.490229e-02
    outer loop
      vertex -2.999043e+01 -9.000000e+00  7.475770e+01
      vertex -2.998888e+01 -3.659980e+00  7.481673e+01
      vertex -2.997287e+01 -3.526443e+00  7.527542e+01
    endloop
  endfacet
  facet normal  9.987231e-01  1.572412e-03 -5.049304e-02
    outer loop
      vertex -2.999043e+01 -9.000000e+00  7.475770e+01
      vertex -2.997287e+01 -3.526443e+00  7.527542e+01
      vertex -2.995104e+01 -3.335778e+00  7.571321e+01
    endloop
  endfacet
  facet normal  9.977787e-01  4.275564e-03 -6.647823e-02
    outer loop
      vertex -2.999043e+01 -9.000000e+00  7.475770e+01
      vertex -2.995104e+01 -3.335778e+00  7.571321e+01
      vertex -2.992478e+01 -3.091154e+00  7.612303e+01
    endloop
  endfacet
  facet normal  9.920882e-01  0.000000e+00  1.255436e-01
    outer loop
      vertex -2.976106e+01 -9.000000e+00  7.022118e+01
      vertex -2.976106e+01  2.336601e-07  7.022118e+01
      vertex -2.976473e+01 -3.816266e-02  7.025019e+01
    endloop
  endfacet
  facet normal  9.922314e-01  3.741303e-06  1.244062e-01
    outer loop
      vertex -2.976106e+01 -9.000000e+00  7.022118e+01
      vertex -2.976473e+01 -3.816266e-02  7.025019e+01
      vertex -2.976909e+01 -5.110170e-01  7.028498e+01
    endloop
  endfacet
  facet normal  9.924878e-01  1.948632e-05  1.223436e-01
    outer loop
      vertex -2.976106e+01 -9.000000e+00  7.022118e+01
      vertex -2.976909e+01 -5.110170e-01  7.028498e+01
      vertex -2.978079e+01 -9.787614e-01  7.037998e+01
    endloop
  endfacet
  facet normal  9.929661e-01  9.875696e-05  1.183991e-01
    outer loop
      vertex -2.976106e+01 -9.000000e+00  7.022118e+01
      vertex -2.978079e+01 -9.787614e-01  7.037998e+01
      vertex -2.979906e+01 -1.430467e+00  7.053355e+01
    endloop
  endfacet
  facet normal  9.936246e-01  3.356509e-04  1.127388e-01
    outer loop
      vertex -2.976106e+01 -9.000000e+00  7.022118e+01
      vertex -2.979906e+01 -1.430467e+00  7.053355e+01
      vertex -2.982269e+01 -1.858816e+00  7.074311e+01
    endloop
  endfacet
  facet normal  9.944190e-01  8.716876e-04  1.054985e-01
    outer loop
      vertex -2.976106e+01 -9.000000e+00  7.022118e+01
      vertex -2.982269e+01 -1.858816e+00  7.074311e+01
      vertex -2.985015e+01 -2.256938e+00  7.100522e+01
    endloop
  endfacet
  facet normal  9.952992e-01  1.891213e-03  9.683020e-02
    outer loop
      vertex -2.976106e+01 -9.000000e+00  7.022118e+01
      vertex -2.985015e+01 -2.256938e+00  7.100522e+01
      vertex -2.987969e+01 -2.618834e+00  7.131593e+01
    endloop
  endfacet
  facet normal  9.962179e-01  3.626635e-03  8.681425e-02
    outer loop
      vertex -2.976106e+01 -9.000000e+00  7.022118e+01
      vertex -2.987969e+01 -2.618834e+00  7.131593e+01
      vertex -2.990939e+01 -2.938367e+00  7.167009e+01
    endloop
  endfacet
  facet normal  9.949000e-01  2.357258e-04  1.008655e-01
    outer loop
      vertex -2.976106e+01 -9.000000e+00  7.022118e+01
      vertex -2.990939e+01 -2.938367e+00  7.167009e+01
      vertex -2.991391e+01 -9.000000e+00  7.172884e+01
    endloop
  endfacet
  facet normal  9.949000e-01 -2.431588e-04 -1.008654e-01
    outer loop
      vertex -2.991391e+01  9.000000e+00  7.627116e+01
      vertex -2.976106e+01  9.000000e+00  7.777882e+01
      vertex -2.977167e+01  6.442128e-01  7.769425e+01
    endloop
  endfacet
  facet normal  9.847769e-01 -1.276115e-02 -1.733538e-01
    outer loop
      vertex -2.991391e+01  9.000000e+00  7.627116e+01
      vertex -2.977167e+01  6.442128e-01  7.769425e+01
      vertex -2.978530e+01  1.107528e+00  7.758272e+01
    endloop
  endfacet
  facet normal  9.913316e-01 -5.659503e-03 -1.312615e-01
    outer loop
      vertex -2.991391e+01  9.000000e+00  7.627116e+01
      vertex -2.978530e+01  1.107528e+00  7.758272e+01
      vertex -2.980518e+01  1.552760e+00  7.741342e+01
    endloop
  endfacet
  facet normal  9.932226e-01 -3.318690e-03 -1.161801e-01
    outer loop
      vertex -2.991391e+01  9.000000e+00  7.627116e+01
      vertex -2.980518e+01  1.552760e+00  7.741342e+01
      vertex -2.983001e+01  1.972742e+00  7.718917e+01
    endloop
  endfacet
  facet normal  9.945652e-01 -1.724797e-03 -1.041018e-01
    outer loop
      vertex -2.991391e+01  9.000000e+00  7.627116e+01
      vertex -2.983001e+01  1.972742e+00  7.718917e+01
      vertex -2.985827e+01  2.361967e+00  7.691267e+01
    endloop
  endfacet
  facet normal  9.957298e-01 -5.757778e-04 -9.231330e-02
    outer loop
      vertex -2.991391e+01  9.000000e+00  7.627116e+01
      vertex -2.985827e+01  2.361967e+00  7.691267e+01
      vertex -2.988808e+01  2.712857e+00  7.658900e+01
    endloop
  endfacet
  facet normal  9.967813e-01  4.245406e-05 -8.016964e-02
    outer loop
      vertex -2.991391e+01  9.000000e+00  7.627116e+01
      vertex -2.988808e+01  2.712857e+00  7.658900e+01
      vertex -2.991750e+01  3.019799e+00  7.622336e+01
    endloop
  endfacet
  facet normal  9.987242e-01 -1.958769e-04 -5.049706e-02
    outer loop
      vertex -2.999043e+01  9.000000e+00  7.475770e+01
      vertex -2.991391e+01  9.000000e+00  7.627116e+01
      vertex -2.991750e+01  3.019799e+00  7.622336e+01
    endloop
  endfacet
  facet normal  9.974825e-01 -5.168113e-03 -7.072304e-02
    outer loop
      vertex -2.999043e+01  9.000000e+00  7.475770e+01
      vertex -2.991750e+01  3.019799e+00  7.622336e+01
      vertex -2.994465e+01  3.277853e+00  7.582159e+01
    endloop
  endfacet
  facet normal  9.985063e-01 -2.160983e-03 -5.459319e-02
    outer loop
      vertex -2.999043e+01  9.000000e+00  7.475770e+01
      vertex -2.994465e+01  3.277853e+00  7.582159e+01
      vertex -2.996766e+01  3.481796e+00  7.539269e+01
    endloop
  endfacet
  facet normal  9.992386e-01 -3.653271e-04 -3.901491e-02
    outer loop
      vertex -2.999043e+01  9.000000e+00  7.475770e+01
      vertex -2.996766e+01  3.481796e+00  7.539269e+01
      vertex -2.998523e+01  3.629953e+00  7.494125e+01
    endloop
  endfacet
  facet normal  9.997222e-01  1.630694e-04 -2.356937e-02
    outer loop
      vertex -2.999043e+01  9.000000e+00  7.475770e+01
      vertex -2.998523e+01  3.629953e+00  7.494125e+01
      vertex -2.999625e+01  3.719860e+00  7.447449e+01
    endloop
  endfacet
  facet normal  9.999994e-01 -1.101392e-03  0.000000e+00
    outer loop
      vertex -2.999043e+01  9.000000e+00  7.475770e+01
      vertex -2.999625e+01  3.719860e+00  7.447449e+01
      vertex -2.999043e+01  9.000000e+00  7.324230e+01
    endloop
  endfacet
  facet normal  9.999627e-01 -2.991737e-03 -8.100600e-03
    outer loop
      vertex -2.999043e+01  9.000000e+00  7.324230e+01
      vertex -2.999625e+01  3.719860e+00  7.447449e+01
      vertex -3.000000e+01  3.750000e+00  7.400000e+01
    endloop
  endfacet
  facet normal  9.999828e-01 -9.891528e-04  5.775323e-03
    outer loop
      vertex -2.999043e+01  9.000000e+00  7.324230e+01
      vertex -3.000000e+01  3.750000e+00  7.400000e+01
      vertex -2.999803e+01  3.734202e+00  7.365614e+01
    endloop
  endfacet
  facet normal  9.998528e-01 -9.436702e-05  1.715837e-02
    outer loop
      vertex -2.999043e+01  9.000000e+00  7.324230e+01
      vertex -2.999803e+01  3.734202e+00  7.365614e+01
      vertex -2.999218e+01  3.686948e+00  7.331522e+01
    endloop
  endfacet
  facet normal  9.995338e-01  8.931600e-05  3.053378e-02
    outer loop
      vertex -2.999043e+01  9.000000e+00  7.324230e+01
      vertex -2.999218e+01  3.686948e+00  7.331522e+01
      vertex -2.997801e+01  3.569847e+00  7.285165e+01
    endloop
  endfacet
  facet normal  9.989366e-01 -1.031532e-03  4.609501e-02
    outer loop
      vertex -2.999043e+01  9.000000e+00  7.324230e+01
      vertex -2.997801e+01  3.569847e+00  7.285165e+01
      vertex -2.995767e+01  3.394802e+00  7.240694e+01
    endloop
  endfacet
  facet normal  9.987227e-01 -1.688821e-03  5.049699e-02
    outer loop
      vertex -2.999043e+01  9.000000e+00  7.324230e+01
      vertex -2.995767e+01  3.394802e+00  7.240694e+01
      vertex -2.991391e+01  9.000000e+00  7.172884e+01
    endloop
  endfacet
  facet normal  9.948999e-01 -4.796394e-04  1.008654e-01
    outer loop
      vertex -2.976106e+01  9.000000e+00  7.022118e+01
      vertex -2.991391e+01  9.000000e+00  7.172884e+01
      vertex -2.990404e+01  2.883447e+00  7.160246e+01
    endloop
  endfacet
  facet normal  9.960505e-01 -3.247303e-03  8.872884e-02
    outer loop
      vertex -2.976106e+01  9.000000e+00  7.022118e+01
      vertex -2.990404e+01  2.883447e+00  7.160246e+01
      vertex -2.987431e+01  2.556756e+00  7.125674e+01
    endloop
  endfacet
  facet normal  9.951379e-01 -1.664402e-03  9.847781e-02
    outer loop
      vertex -2.976106e+01  9.000000e+00  7.022118e+01
      vertex -2.987431e+01  2.556756e+00  7.125674e+01
      vertex -2.984508e+01  2.188890e+00  7.095512e+01
    endloop
  endfacet
  facet normal  9.942707e-01 -7.472853e-04  1.068895e-01
    outer loop
      vertex -2.976106e+01  9.000000e+00  7.022118e+01
      vertex -2.984508e+01  2.188890e+00  7.095512e+01
      vertex -2.981822e+01  1.785678e+00  7.070245e+01
    endloop
  endfacet
  facet normal  9.934990e-01 -2.775030e-04  1.138400e-01
    outer loop
      vertex -2.976106e+01  9.000000e+00  7.022118e+01
      vertex -2.981822e+01  1.785678e+00  7.070245e+01
      vertex -2.979546e+01  1.353534e+00  7.050279e+01
    endloop
  endfacet
  facet normal  9.928716e-01 -7.770061e-05  1.191884e-01
    outer loop
      vertex -2.976106e+01  9.000000e+00  7.022118e+01
      vertex -2.979546e+01  1.353534e+00  7.050279e+01
      vertex -2.977836e+01  9.017076e-01  7.036002e+01
    endloop
  endfacet
  facet normal  9.924321e-01 -1.492671e-05  1.227949e-01
    outer loop
      vertex -2.976106e+01  9.000000e+00  7.022118e+01
      vertex -2.977836e+01  9.017076e-01  7.036002e+01
      vertex -2.976789e+01  4.353022e-01  7.027535e+01
    endloop
  endfacet
  facet normal  9.921971e-01 -2.818721e-06  1.246794e-01
    outer loop
      vertex -2.976106e+01  9.000000e+00  7.022118e+01
      vertex -2.976789e+01  4.353022e-01  7.027535e+01
      vertex -2.976473e+01 -3.816266e-02  7.025019e+01
    endloop
  endfacet
  facet normal  9.920882e-01  0.000000e+00  1.255436e-01
    outer loop
      vertex -2.976106e+01  9.000000e+00  7.022118e+01
      vertex -2.976473e+01 -3.816266e-02  7.025019e+01
      vertex -2.976106e+01  2.336601e-07  7.022118e+01
    endloop
  endfacet
  facet normal  9.922131e-01  0.000000e+00 -1.245525e-01
    outer loop
      vertex -2.977167e+01  6.442128e-01  7.769425e+01
      vertex -2.976106e+01  9.000000e+00  7.777882e+01
      vertex -2.976106e+01  2.336601e-07  7.777882e+01
    endloop
  endfacet
  facet normal  9.885374e-01  0.000000e+00 -1.509761e-01
    outer loop
      vertex -2.976106e+01  2.336601e-07  7.777882e+01
      vertex -2.976106e+01  9.000000e+00  7.777882e+01
      vertex -2.953227e+01  9.000000e+00  7.927685e+01
    endloop
  endfacet
  facet normal  9.885374e-01  0.000000e+00 -1.509761e-01
    outer loop
      vertex -2.976106e+01  2.336601e-07  7.777882e+01
      vertex -2.953227e+01  9.000000e+00  7.927685e+01
      vertex -2.953227e+01  2.336601e-07  7.927685e+01
    endloop
  endfacet
  facet normal  9.796524e-01  0.000000e+00 -2.007018e-01
    outer loop
      vertex -2.953227e+01  2.336601e-07  7.927685e+01
      vertex -2.953227e+01  9.000000e+00  7.927685e+01
      vertex -2.922813e+01  9.000000e+00  8.076141e+01
    endloop
  endfacet
  facet normal  9.796524e-01  0.000000e+00 -2.007018e-01
    outer loop
      vertex -2.953227e+01  2.336601e-07  7.927685e+01
      vertex -2.922813e+01  9.000000e+00  8.076141e+01
      vertex -2.922813e+01  2.336601e-07  8.076141e+01
    endloop
  endfacet
  facet normal  9.682679e-01  0.000000e+00 -2.499146e-01
    outer loop
      vertex -2.922813e+01  2.336601e-07  8.076141e+01
      vertex -2.922813e+01  9.000000e+00  8.076141e+01
      vertex -2.884941e+01  9.000000e+00  8.222871e+01
    endloop
  endfacet
  facet normal  9.682679e-01  0.000000e+00 -2.499146e-01
    outer loop
      vertex -2.922813e+01  2.336601e-07  8.076141e+01
      vertex -2.884941e+01  9.000000e+00  8.222871e+01
      vertex -2.884941e+01  2.336601e-07  8.222871e+01
    endloop
  endfacet
  facet normal  9.544125e-01  0.000000e+00 -2.984909e-01
    outer loop
      vertex -2.884941e+01  2.336601e-07  8.222871e+01
      vertex -2.884941e+01  9.000000e+00  8.222871e+01
      vertex -2.839708e+01  9.000000e+00  8.367503e+01
    endloop
  endfacet
  facet normal  9.544125e-01  0.000000e+00 -2.984909e-01
    outer loop
      vertex -2.884941e+01  2.336601e-07  8.222871e+01
      vertex -2.839708e+01  9.000000e+00  8.367503e+01
      vertex -2.839708e+01  2.336601e-07  8.367503e+01
    endloop
  endfacet
  facet normal  9.381220e-01  0.000000e+00 -3.463049e-01
    outer loop
      vertex -2.839708e+01  2.336601e-07  8.367503e+01
      vertex -2.839708e+01  9.000000e+00  8.367503e+01
      vertex -2.787229e+01  9.000000e+00  8.509665e+01
    endloop
  endfacet
  facet normal  9.381220e-01  0.000000e+00 -3.463049e-01
    outer loop
      vertex -2.839708e+01  2.336601e-07  8.367503e+01
      vertex -2.787229e+01  9.000000e+00  8.509665e+01
      vertex -2.787229e+01  2.336601e-07  8.509665e+01
    endloop
  endfacet
  facet normal  9.194377e-01  0.000000e+00 -3.932358e-01
    outer loop
      vertex -2.787229e+01  2.336601e-07  8.509665e+01
      vertex -2.787229e+01  9.000000e+00  8.509665e+01
      vertex -2.727638e+01  9.000000e+00  8.648996e+01
    endloop
  endfacet
  facet normal  9.194377e-01  0.000000e+00 -3.932358e-01
    outer loop
      vertex -2.787229e+01  2.336601e-07  8.509665e+01
      vertex -2.727638e+01  9.000000e+00  8.648996e+01
      vertex -2.727638e+01  2.336601e-07  8.648996e+01
    endloop
  endfacet
  facet normal  8.984077e-01  0.000000e+00 -4.391624e-01
    outer loop
      vertex -2.727638e+01  2.336601e-07  8.648996e+01
      vertex -2.727638e+01  9.000000e+00  8.648996e+01
      vertex -2.661088e+01  9.000000e+00  8.785140e+01
    endloop
  endfacet
  facet normal  8.984077e-01  0.000000e+00 -4.391624e-01
    outer loop
      vertex -2.727638e+01  2.336601e-07  8.648996e+01
      vertex -2.661088e+01  9.000000e+00  8.785140e+01
      vertex -2.661088e+01  2.336601e-07  8.785140e+01
    endloop
  endfacet
  facet normal  8.750845e-01  0.000000e+00 -4.839701e-01
    outer loop
      vertex -2.661088e+01  2.336601e-07  8.785140e+01
      vertex -2.661088e+01  9.000000e+00  8.785140e+01
      vertex -2.587747e+01  9.000000e+00  8.917750e+01
    endloop
  endfacet
  facet normal  8.750845e-01  0.000000e+00 -4.839701e-01
    outer loop
      vertex -2.661088e+01  2.336601e-07  8.785140e+01
      vertex -2.587747e+01  9.000000e+00  8.917750e+01
      vertex -2.587747e+01  2.336601e-07  8.917750e+01
    endloop
  endfacet
  facet normal  8.495290e-01  0.000000e+00 -5.275421e-01
    outer loop
      vertex -2.587747e+01  2.336601e-07  8.917750e+01
      vertex -2.587747e+01  9.000000e+00  8.917750e+01
      vertex -2.507804e+01  9.000000e+00  9.046487e+01
    endloop
  endfacet
  facet normal  8.495290e-01  0.000000e+00 -5.275421e-01
    outer loop
      vertex -2.587747e+01  2.336601e-07  8.917750e+01
      vertex -2.507804e+01  9.000000e+00  9.046487e+01
      vertex -2.507804e+01  2.336601e-07  9.046487e+01
    endloop
  endfacet
  facet normal  8.218068e-01  0.000000e+00 -5.697662e-01
    outer loop
      vertex -2.507804e+01  2.336601e-07  9.046487e+01
      vertex -2.507804e+01  9.000000e+00  9.046487e+01
      vertex -2.421462e+01  9.000000e+00  9.171023e+01
    endloop
  endfacet
  facet normal  8.218068e-01  0.000000e+00 -5.697662e-01
    outer loop
      vertex -2.507804e+01  2.336601e-07  9.046487e+01
      vertex -2.421462e+01  9.000000e+00  9.171023e+01
      vertex -2.421462e+01  2.336601e-07  9.171023e+01
    endloop
  endfacet
  facet normal  7.919865e-01  0.000000e+00 -6.105386e-01
    outer loop
      vertex -2.421462e+01  2.336601e-07  9.171023e+01
      vertex -2.421462e+01  9.000000e+00  9.171023e+01
      vertex -2.328941e+01  9.000000e+00  9.291040e+01
    endloop
  endfacet
  facet normal  7.919865e-01  0.000000e+00 -6.105386e-01
    outer loop
      vertex -2.421462e+01  2.336601e-07  9.171023e+01
      vertex -2.328941e+01  9.000000e+00  9.291040e+01
      vertex -2.328941e+01  2.336601e-07  9.291040e+01
    endloop
  endfacet
  facet normal  7.601470e-01  0.000000e+00 -6.497511e-01
    outer loop
      vertex -2.328941e+01  2.336601e-07  9.291040e+01
      vertex -2.328941e+01  9.000000e+00  9.291040e+01
      vertex -2.230478e+01  9.000000e+00  9.406232e+01
    endloop
  endfacet
  facet normal  7.601470e-01  0.000000e+00 -6.497511e-01
    outer loop
      vertex -2.328941e+01  2.336601e-07  9.291040e+01
      vertex -2.230478e+01  9.000000e+00  9.406232e+01
      vertex -2.230478e+01  2.336601e-07  9.406232e+01
    endloop
  endfacet
  facet normal  7.263657e-01  0.000000e+00 -6.873085e-01
    outer loop
      vertex -2.230478e+01  2.336601e-07  9.406232e+01
      vertex -2.230478e+01  9.000000e+00  9.406232e+01
      vertex -2.126324e+01  9.000000e+00  9.516306e+01
    endloop
  endfacet
  facet normal  7.263657e-01  0.000000e+00 -6.873085e-01
    outer loop
      vertex -2.230478e+01  2.336601e-07  9.406232e+01
      vertex -2.126324e+01  9.000000e+00  9.516306e+01
      vertex -2.126324e+01  2.336601e-07  9.516306e+01
    endloop
  endfacet
  facet normal  6.907314e-01  0.000000e+00 -7.231114e-01
    outer loop
      vertex -2.126324e+01  2.336601e-07  9.516306e+01
      vertex -2.126324e+01  9.000000e+00  9.516306e+01
      vertex -2.016744e+01  9.000000e+00  9.620979e+01
    endloop
  endfacet
  facet normal  6.907314e-01  0.000000e+00 -7.231114e-01
    outer loop
      vertex -2.126324e+01  2.336601e-07  9.516306e+01
      vertex -2.016744e+01  9.000000e+00  9.620979e+01
      vertex -2.016744e+01  2.336601e-07  9.620979e+01
    endloop
  endfacet
  facet normal  6.533349e-01  0.000000e+00 -7.570690e-01
    outer loop
      vertex -2.016744e+01  2.336601e-07  9.620979e+01
      vertex -2.016744e+01  9.000000e+00  9.620979e+01
      vertex -1.902018e+01  9.000000e+00  9.719984e+01
    endloop
  endfacet
  facet normal  6.533349e-01  0.000000e+00 -7.570690e-01
    outer loop
      vertex -2.016744e+01  2.336601e-07  9.620979e+01
      vertex -1.902018e+01  9.000000e+00  9.719984e+01
      vertex -1.902018e+01  2.336601e-07  9.719984e+01
    endloop
  endfacet
  facet normal  6.142712e-01  0.000000e+00 -7.890950e-01
    outer loop
      vertex -1.902018e+01  2.336601e-07  9.719984e+01
      vertex -1.902018e+01  9.000000e+00  9.719984e+01
      vertex -1.782439e+01  9.000000e+00  9.813071e+01
    endloop
  endfacet
  facet normal  6.142712e-01  0.000000e+00 -7.890950e-01
    outer loop
      vertex -1.902018e+01  2.336601e-07  9.719984e+01
      vertex -1.782439e+01  9.000000e+00  9.813071e+01
      vertex -1.782439e+01  2.336601e-07  9.813071e+01
    endloop
  endfacet
  facet normal  5.736419e-01  0.000000e+00 -8.191062e-01
    outer loop
      vertex -1.782439e+01  2.336601e-07  9.813071e+01
      vertex -1.782439e+01  9.000000e+00  9.813071e+01
      vertex -1.658312e+01  9.000000e+00  9.900000e+01
    endloop
  endfacet
  facet normal  5.736419e-01  0.000000e+00 -8.191062e-01
    outer loop
      vertex -1.782439e+01  2.336601e-07  9.813071e+01
      vertex -1.658312e+01  9.000000e+00  9.900000e+01
      vertex -1.658312e+01 -9.000000e+00  9.900000e+01
    endloop
  endfacet
  facet normal  5.736419e-01  0.000000e+00 -8.191062e-01
    outer loop
      vertex -1.658312e+01 -9.000000e+00  9.900000e+01
      vertex -1.782439e+01 -9.000000e+00  9.813071e+01
      vertex -1.782439e+01  2.336601e-07  9.813071e+01
    endloop
  endfacet
  facet normal  6.142712e-01  0.000000e+00 -7.890950e-01
    outer loop
      vertex -1.782439e+01  2.336601e-07  9.813071e+01
      vertex -1.782439e+01 -9.000000e+00  9.813071e+01
      vertex -1.902018e+01 -9.000000e+00  9.719984e+01
    endloop
  endfacet
  facet normal  6.142712e-01  0.000000e+00 -7.890950e-01
    outer loop
      vertex -1.782439e+01  2.336601e-07  9.813071e+01
      vertex -1.902018e+01 -9.000000e+00  9.719984e+01
      vertex -1.902018e+01  2.336601e-07  9.719984e+01
    endloop
  endfacet
  facet normal  6.533349e-01  0.000000e+00 -7.570690e-01
    outer loop
      vertex -1.902018e+01  2.336601e-07  9.719984e+01
      vertex -1.902018e+01 -9.000000e+00  9.719984e+01
      vertex -2.016744e+01 -9.000000e+00  9.620979e+01
    endloop
  endfacet
  facet normal  6.533349e-01  0.000000e+00 -7.570690e-01
    outer loop
      vertex -1.902018e+01  2.336601e-07  9.719984e+01
      vertex -2.016744e+01 -9.000000e+00  9.620979e+01
      vertex -2.016744e+01  2.336601e-07  9.620979e+01
    endloop
  endfacet
  facet normal  6.907314e-01  0.000000e+00 -7.231114e-01
    outer loop
      vertex -2.016744e+01  2.336601e-07  9.620979e+01
      vertex -2.016744e+01 -9.000000e+00  9.620979e+01
      vertex -2.126324e+01 -9.000000e+00  9.516306e+01
    endloop
  endfacet
  facet normal  6.907314e-01  0.000000e+00 -7.231114e-01
    outer loop
      vertex -2.016744e+01  2.336601e-07  9.620979e+01
      vertex -2.126324e+01 -9.000000e+00  9.516306e+01
      vertex -2.126324e+01  2.336601e-07  9.516306e+01
    endloop
  endfacet
  facet normal  7.263657e-01  0.000000e+00 -6.873085e-01
    outer loop
      vertex -2.126324e+01  2.336601e-07  9.516306e+01
      vertex -2.126324e+01 -9.000000e+00  9.516306e+01
      vertex -2.230478e+01 -9.000000e+00  9.406232e+01
    endloop
  endfacet
  facet normal  7.263657e-01  0.000000e+00 -6.873085e-01
    outer loop
      vertex -2.126324e+01  2.336601e-07  9.516306e+01
      vertex -2.230478e+01 -9.000000e+00  9.406232e+01
      vertex -2.230478e+01  2.336601e-07  9.406232e+01
    endloop
  endfacet
  facet normal  7.601470e-01  0.000000e+00 -6.497511e-01
    outer loop
      vertex -2.230478e+01  2.336601e-07  9.406232e+01
      vertex -2.230478e+01 -9.000000e+00  9.406232e+01
      vertex -2.328941e+01 -9.000000e+00  9.291040e+01
    endloop
  endfacet
  facet normal  7.601470e-01  0.000000e+00 -6.497511e-01
    outer loop
      vertex -2.230478e+01  2.336601e-07  9.406232e+01
      vertex -2.328941e+01 -9.000000e+00  9.291040e+01
      vertex -2.328941e+01  2.336601e-07  9.291040e+01
    endloop
  endfacet
  facet normal  7.919865e-01  0.000000e+00 -6.105386e-01
    outer loop
      vertex -2.328941e+01  2.336601e-07  9.291040e+01
      vertex -2.328941e+01 -9.000000e+00  9.291040e+01
      vertex -2.421462e+01 -9.000000e+00  9.171023e+01
    endloop
  endfacet
  facet normal  7.919865e-01  0.000000e+00 -6.105386e-01
    outer loop
      vertex -2.328941e+01  2.336601e-07  9.291040e+01
      vertex -2.421462e+01 -9.000000e+00  9.171023e+01
      vertex -2.421462e+01  2.336601e-07  9.171023e+01
    endloop
  endfacet
  facet normal  8.218068e-01  0.000000e+00 -5.697662e-01
    outer loop
      vertex -2.421462e+01  2.336601e-07  9.171023e+01
      vertex -2.421462e+01 -9.000000e+00  9.171023e+01
      vertex -2.507804e+01 -9.000000e+00  9.046487e+01
    endloop
  endfacet
  facet normal  8.218068e-01  0.000000e+00 -5.697662e-01
    outer loop
      vertex -2.421462e+01  2.336601e-07  9.171023e+01
      vertex -2.507804e+01 -9.000000e+00  9.046487e+01
      vertex -2.507804e+01  2.336601e-07  9.046487e+01
    endloop
  endfacet
  facet normal  8.495290e-01  0.000000e+00 -5.275421e-01
    outer loop
      vertex -2.507804e+01  2.336601e-07  9.046487e+01
      vertex -2.507804e+01 -9.000000e+00  9.046487e+01
      vertex -2.587747e+01 -9.000000e+00  8.917750e+01
    endloop
  endfacet
  facet normal  8.495290e-01  0.000000e+00 -5.275421e-01
    outer loop
      vertex -2.507804e+01  2.336601e-07  9.046487e+01
      vertex -2.587747e+01 -9.000000e+00  8.917750e+01
      vertex -2.587747e+01  2.336601e-07  8.917750e+01
    endloop
  endfacet
  facet normal  8.750845e-01  0.000000e+00 -4.839701e-01
    outer loop
      vertex -2.587747e+01  2.336601e-07  8.917750e+01
      vertex -2.587747e+01 -9.000000e+00  8.917750e+01
      vertex -2.661088e+01 -9.000000e+00  8.785140e+01
    endloop
  endfacet
  facet normal  8.750845e-01  0.000000e+00 -4.839701e-01
    outer loop
      vertex -2.587747e+01  2.336601e-07  8.917750e+01
      vertex -2.661088e+01 -9.000000e+00  8.785140e+01
      vertex -2.661088e+01  2.336601e-07  8.785140e+01
    endloop
  endfacet
  facet normal  8.984077e-01  0.000000e+00 -4.391624e-01
    outer loop
      vertex -2.661088e+01  2.336601e-07  8.785140e+01
      vertex -2.661088e+01 -9.000000e+00  8.785140e+01
      vertex -2.727638e+01 -9.000000e+00  8.648996e+01
    endloop
  endfacet
  facet normal  8.984077e-01  0.000000e+00 -4.391624e-01
    outer loop
      vertex -2.661088e+01  2.336601e-07  8.785140e+01
      vertex -2.727638e+01 -9.000000e+00  8.648996e+01
      vertex -2.727638e+01  2.336601e-07  8.648996e+01
    endloop
  endfacet
  facet normal  9.194377e-01  0.000000e+00 -3.932358e-01
    outer loop
      vertex -2.727638e+01  2.336601e-07  8.648996e+01
      vertex -2.727638e+01 -9.000000e+00  8.648996e+01
      vertex -2.787229e+01 -9.000000e+00  8.509665e+01
    endloop
  endfacet
  facet normal  9.194377e-01  0.000000e+00 -3.932358e-01
    outer loop
      vertex -2.727638e+01  2.336601e-07  8.648996e+01
      vertex -2.787229e+01 -9.000000e+00  8.509665e+01
      vertex -2.787229e+01  2.336601e-07  8.509665e+01
    endloop
  endfacet
  facet normal  9.381220e-01  0.000000e+00 -3.463049e-01
    outer loop
      vertex -2.787229e+01  2.336601e-07  8.509665e+01
      vertex -2.787229e+01 -9.000000e+00  8.509665e+01
      vertex -2.839708e+01 -9.000000e+00  8.367503e+01
    endloop
  endfacet
  facet normal  9.381220e-01  0.000000e+00 -3.463049e-01
    outer loop
      vertex -2.787229e+01  2.336601e-07  8.509665e+01
      vertex -2.839708e+01 -9.000000e+00  8.367503e+01
      vertex -2.839708e+01  2.336601e-07  8.367503e+01
    endloop
  endfacet
  facet normal  9.544125e-01  0.000000e+00 -2.984909e-01
    outer loop
      vertex -2.839708e+01  2.336601e-07  8.367503e+01
      vertex -2.839708e+01 -9.000000e+00  8.367503e+01
      vertex -2.884941e+01 -9.000000e+00  8.222871e+01
    endloop
  endfacet
  facet normal  9.544125e-01  0.000000e+00 -2.984909e-01
    outer loop
      vertex -2.839708e+01  2.336601e-07  8.367503e+01
      vertex -2.884941e+01 -9.000000e+00  8.222871e+01
      vertex -2.884941e+01  2.336601e-07  8.222871e+01
    endloop
  endfacet
  facet normal  9.682679e-01  0.000000e+00 -2.499146e-01
    outer loop
      vertex -2.884941e+01  2.336601e-07  8.222871e+01
      vertex -2.884941e+01 -9.000000e+00  8.222871e+01
      vertex -2.922813e+01 -9.000000e+00  8.076141e+01
    endloop
  endfacet
  facet normal  9.682679e-01  0.000000e+00 -2.499146e-01
    outer loop
      vertex -2.884941e+01  2.336601e-07  8.222871e+01
      vertex -2.922813e+01 -9.000000e+00  8.076141e+01
      vertex -2.922813e+01  2.336601e-07  8.076141e+01
    endloop
  endfacet
  facet normal  9.796524e-01  0.000000e+00 -2.007018e-01
    outer loop
      vertex -2.922813e+01  2.336601e-07  8.076141e+01
      vertex -2.922813e+01 -9.000000e+00  8.076141e+01
      vertex -2.953227e+01 -9.000000e+00  7.927685e+01
    endloop
  endfacet
  facet normal  9.796524e-01  0.000000e+00 -2.007018e-01
    outer loop
      vertex -2.922813e+01  2.336601e-07  8.076141e+01
      vertex -2.953227e+01 -9.000000e+00  7.927685e+01
      vertex -2.953227e+01  2.336601e-07  7.927685e+01
    endloop
  endfacet
  facet normal  9.885374e-01  0.000000e+00 -1.509761e-01
    outer loop
      vertex -2.953227e+01  2.336601e-07  7.927685e+01
      vertex -2.953227e+01 -9.000000e+00  7.927685e+01
      vertex -2.976106e+01 -9.000000e+00  7.777882e+01
    endloop
  endfacet
  facet normal  9.885374e-01  0.000000e+00 -1.509761e-01
    outer loop
      vertex -2.953227e+01  2.336601e-07  7.927685e+01
      vertex -2.976106e+01 -9.000000e+00  7.777882e+01
      vertex -2.976106e+01  2.336601e-07  7.777882e+01
    endloop
  endfacet
  facet normal  9.921215e-01  0.000000e+00 -1.252799e-01
    outer loop
      vertex -2.976106e+01  2.336601e-07  7.777882e+01
      vertex -2.976106e+01 -9.000000e+00  7.777882e+01
      vertex -2.976625e+01 -3.037029e-01  7.773768e+01
    endloop
  endfacet
  facet normal  9.921103e-01  1.218128e-05 -1.253684e-01
    outer loop
      vertex -2.976106e+01  2.336601e-07  7.777882e+01
      vertex -2.976625e+01 -3.037029e-01  7.773768e+01
      vertex -2.976519e+01  1.703444e-01  7.774613e+01
    endloop
  endfacet
  facet normal  8.218068e-01  -0.000000e+00  5.697662e-01
    outer loop
      vertex -2.507804e+01  2.336601e-07  5.753513e+01
      vertex -2.421462e+01 -9.000000e+00  5.628977e+01
      vertex -2.421462e+01  2.336601e-07  5.628977e+01
    endloop
  endfacet
  facet normal  7.919856e-01  0.000000e+00  6.105398e-01
    outer loop
      vertex -2.421462e+01  2.336601e-07  5.628977e+01
      vertex -2.421462e+01 -9.000000e+00  5.628977e+01
      vertex -2.328941e+01 -9.000000e+00  5.508960e+01
    endloop
  endfacet
  facet normal  7.919856e-01  -0.000000e+00  6.105398e-01
    outer loop
      vertex -2.421462e+01  2.336601e-07  5.628977e+01
      vertex -2.328941e+01 -9.000000e+00  5.508960e+01
      vertex -2.328941e+01  2.336601e-07  5.508960e+01
    endloop
  endfacet
  facet normal  7.601460e-01  0.000000e+00  6.497524e-01
    outer loop
      vertex -2.328941e+01  2.336601e-07  5.508960e+01
      vertex -2.328941e+01 -9.000000e+00  5.508960e+01
      vertex -2.230478e+01 -9.000000e+00  5.393768e+01
    endloop
  endfacet
  facet normal  7.601460e-01  -0.000000e+00  6.497524e-01
    outer loop
      vertex -2.328941e+01  2.336601e-07  5.508960e+01
      vertex -2.230478e+01 -9.000000e+00  5.393768e+01
      vertex -2.230478e+01  2.336601e-07  5.393768e+01
    endloop
  endfacet
  facet normal  7.263657e-01  0.000000e+00  6.873085e-01
    outer loop
      vertex -2.230478e+01  2.336601e-07  5.393768e+01
      vertex -2.230478e+01 -9.000000e+00  5.393768e+01
      vertex -2.126324e+01 -9.000000e+00  5.283695e+01
    endloop
  endfacet
  facet normal  7.263657e-01  -0.000000e+00  6.873085e-01
    outer loop
      vertex -2.230478e+01  2.336601e-07  5.393768e+01
      vertex -2.126324e+01 -9.000000e+00  5.283695e+01
      vertex -2.126324e+01  2.336601e-07  5.283695e+01
    endloop
  endfacet
  facet normal  6.907314e-01  0.000000e+00  7.231114e-01
    outer loop
      vertex -2.126324e+01  2.336601e-07  5.283695e+01
      vertex -2.126324e+01 -9.000000e+00  5.283695e+01
      vertex -2.016744e+01 -9.000000e+00  5.179022e+01
    endloop
  endfacet
  facet normal  6.907314e-01  -0.000000e+00  7.231114e-01
    outer loop
      vertex -2.126324e+01  2.336601e-07  5.283695e+01
      vertex -2.016744e+01 -9.000000e+00  5.179022e+01
      vertex -2.016744e+01  2.336601e-07  5.179022e+01
    endloop
  endfacet
  facet normal  6.533363e-01  0.000000e+00  7.570678e-01
    outer loop
      vertex -2.016744e+01  2.336601e-07  5.179022e+01
      vertex -2.016744e+01 -9.000000e+00  5.179022e+01
      vertex -1.902018e+01 -9.000000e+00  5.080016e+01
    endloop
  endfacet
  facet normal  6.533363e-01  -0.000000e+00  7.570678e-01
    outer loop
      vertex -2.016744e+01  2.336601e-07  5.179022e+01
      vertex -1.902018e+01 -9.000000e+00  5.080016e+01
      vertex -1.902018e+01  2.336601e-07  5.080016e+01
    endloop
  endfacet
  facet normal  6.142712e-01  0.000000e+00  7.890950e-01
    outer loop
      vertex -1.902018e+01  2.336601e-07  5.080016e+01
      vertex -1.902018e+01 -9.000000e+00  5.080016e+01
      vertex -1.782439e+01 -9.000000e+00  4.986929e+01
    endloop
  endfacet
  facet normal  6.142712e-01  -0.000000e+00  7.890950e-01
    outer loop
      vertex -1.902018e+01  2.336601e-07  5.080016e+01
      vertex -1.782439e+01 -9.000000e+00  4.986929e+01
      vertex -1.782439e+01  2.336601e-07  4.986929e+01
    endloop
  endfacet
  facet normal  5.736419e-01  0.000000e+00  8.191062e-01
    outer loop
      vertex -1.782439e+01  2.336601e-07  4.986929e+01
      vertex -1.782439e+01 -9.000000e+00  4.986929e+01
      vertex -1.658312e+01 -9.000000e+00  4.900000e+01
    endloop
  endfacet
  facet normal  5.736419e-01  -0.000000e+00  8.191062e-01
    outer loop
      vertex -1.782439e+01  2.336601e-07  4.986929e+01
      vertex -1.658312e+01 -9.000000e+00  4.900000e+01
      vertex -1.658312e+01  9.000000e+00  4.900000e+01
    endloop
  endfacet
  facet normal  8.218068e-01  0.000000e+00  5.697662e-01
    outer loop
      vertex -2.421462e+01 -9.000000e+00  5.628977e+01
      vertex -2.507804e+01  2.336601e-07  5.753513e+01
      vertex -2.507804e+01 -9.000000e+00  5.753513e+01
    endloop
  endfacet
  facet normal  8.495296e-01  -0.000000e+00  5.275410e-01
    outer loop
      vertex -2.507804e+01 -9.000000e+00  5.753513e+01
      vertex -2.507804e+01  2.336601e-07  5.753513e+01
      vertex -2.587747e+01  2.336601e-07  5.882250e+01
    endloop
  endfacet
  facet normal  8.495296e-01  0.000000e+00  5.275410e-01
    outer loop
      vertex -2.507804e+01 -9.000000e+00  5.753513e+01
      vertex -2.587747e+01  2.336601e-07  5.882250e+01
      vertex -2.587747e+01 -9.000000e+00  5.882250e+01
    endloop
  endfacet
  facet normal  8.750851e-01  -0.000000e+00  4.839690e-01
    outer loop
      vertex -2.587747e+01 -9.000000e+00  5.882250e+01
      vertex -2.587747e+01  2.336601e-07  5.882250e+01
      vertex -2.661088e+01  2.336601e-07  6.014860e+01
    endloop
  endfacet
  facet normal  8.750851e-01  0.000000e+00  4.839690e-01
    outer loop
      vertex -2.587747e+01 -9.000000e+00  5.882250e+01
      vertex -2.661088e+01  2.336601e-07  6.014860e+01
      vertex -2.661088e+01 -9.000000e+00  6.014860e+01
    endloop
  endfacet
  facet normal  8.984072e-01  -0.000000e+00  4.391634e-01
    outer loop
      vertex -2.661088e+01 -9.000000e+00  6.014860e+01
      vertex -2.661088e+01  2.336601e-07  6.014860e+01
      vertex -2.727638e+01  2.336601e-07  6.151004e+01
    endloop
  endfacet
  facet normal  8.984072e-01  0.000000e+00  4.391634e-01
    outer loop
      vertex -2.661088e+01 -9.000000e+00  6.014860e+01
      vertex -2.727638e+01  2.336601e-07  6.151004e+01
      vertex -2.727638e+01 -9.000000e+00  6.151004e+01
    endloop
  endfacet
  facet normal  9.194377e-01  -0.000000e+00  3.932358e-01
    outer loop
      vertex -2.727638e+01 -9.000000e+00  6.151004e+01
      vertex -2.727638e+01  2.336601e-07  6.151004e+01
      vertex -2.787229e+01  2.336601e-07  6.290335e+01
    endloop
  endfacet
  facet normal  9.194377e-01  0.000000e+00  3.932358e-01
    outer loop
      vertex -2.727638e+01 -9.000000e+00  6.151004e+01
      vertex -2.787229e+01  2.336601e-07  6.290335e+01
      vertex -2.787229e+01 -9.000000e+00  6.290335e+01
    endloop
  endfacet
  facet normal  9.381220e-01  -0.000000e+00  3.463049e-01
    outer loop
      vertex -2.787229e+01 -9.000000e+00  6.290335e+01
      vertex -2.787229e+01  2.336601e-07  6.290335e+01
      vertex -2.839708e+01  2.336601e-07  6.432497e+01
    endloop
  endfacet
  facet normal  9.381220e-01  0.000000e+00  3.463049e-01
    outer loop
      vertex -2.787229e+01 -9.000000e+00  6.290335e+01
      vertex -2.839708e+01  2.336601e-07  6.432497e+01
      vertex -2.839708e+01 -9.000000e+00  6.432497e+01
    endloop
  endfacet
  facet normal  9.544125e-01  -0.000000e+00  2.984909e-01
    outer loop
      vertex -2.839708e+01 -9.000000e+00  6.432497e+01
      vertex -2.839708e+01  2.336601e-07  6.432497e+01
      vertex -2.884941e+01  2.336601e-07  6.577129e+01
    endloop
  endfacet
  facet normal  9.544125e-01  0.000000e+00  2.984909e-01
    outer loop
      vertex -2.839708e+01 -9.000000e+00  6.432497e+01
      vertex -2.884941e+01  2.336601e-07  6.577129e+01
      vertex -2.884941e+01 -9.000000e+00  6.577129e+01
    endloop
  endfacet
  facet normal  9.682679e-01  -0.000000e+00  2.499146e-01
    outer loop
      vertex -2.884941e+01 -9.000000e+00  6.577129e+01
      vertex -2.884941e+01  2.336601e-07  6.577129e+01
      vertex -2.922813e+01  2.336601e-07  6.723859e+01
    endloop
  endfacet
  facet normal  9.682679e-01  0.000000e+00  2.499146e-01
    outer loop
      vertex -2.884941e+01 -9.000000e+00  6.577129e+01
      vertex -2.922813e+01  2.336601e-07  6.723859e+01
      vertex -2.922813e+01 -9.000000e+00  6.723859e+01
    endloop
  endfacet
  facet normal  9.796524e-01  -0.000000e+00  2.007018e-01
    outer loop
      vertex -2.922813e+01 -9.000000e+00  6.723859e+01
      vertex -2.922813e+01  2.336601e-07  6.723859e+01
      vertex -2.953227e+01  2.336601e-07  6.872315e+01
    endloop
  endfacet
  facet normal  9.796524e-01  0.000000e+00  2.007018e-01
    outer loop
      vertex -2.922813e+01 -9.000000e+00  6.723859e+01
      vertex -2.953227e+01  2.336601e-07  6.872315e+01
      vertex -2.953227e+01 -9.000000e+00  6.872315e+01
    endloop
  endfacet
  facet normal  9.885374e-01  -0.000000e+00  1.509761e-01
    outer loop
      vertex -2.953227e+01 -9.000000e+00  6.872315e+01
      vertex -2.953227e+01  2.336601e-07  6.872315e+01
      vertex -2.976106e+01  2.336601e-07  7.022118e+01
    endloop
  endfacet
  facet normal  9.885374e-01  0.000000e+00  1.509761e-01
    outer loop
      vertex -2.953227e+01 -9.000000e+00  6.872315e+01
      vertex -2.976106e+01  2.336601e-07  7.022118e+01
      vertex -2.976106e+01 -9.000000e+00  7.022118e+01
    endloop
  endfacet
  facet normal  9.996698e-01 -2.015694e-04  2.569636e-02
    outer loop
      vertex -2.999552e+01 -3.714025e+00  7.348181e+01
      vertex -2.999043e+01 -9.000000e+00  7.324230e+01
      vertex -2.998244e+01 -3.606828e+00  7.297370e+01
    endloop
  endfacet
  facet normal  9.987238e-01  1.035001e-03  5.049704e-02
    outer loop
      vertex -2.998244e+01 -3.606828e+00  7.297370e+01
      vertex -2.999043e+01 -9.000000e+00  7.324230e+01
      vertex -2.991391e+01 -9.000000e+00  7.172884e+01
    endloop
  endfacet
  facet normal  9.990577e-01  2.696231e-03  4.331838e-02
    outer loop
      vertex -2.998244e+01 -3.606828e+00  7.297370e+01
      vertex -2.991391e+01 -9.000000e+00  7.172884e+01
      vertex -2.996175e+01 -3.430562e+00  7.248549e+01
    endloop
  endfacet
  facet normal  5.736419e-01  0.000000e+00  8.191062e-01
    outer loop
      vertex -1.658312e+01  9.000000e+00  4.900000e+01
      vertex -1.782439e+01  9.000000e+00  4.986929e+01
      vertex -1.782439e+01  2.336601e-07  4.986929e+01
    endloop
  endfacet
  facet normal  6.142712e-01  -0.000000e+00  7.890950e-01
    outer loop
      vertex -1.782439e+01  2.336601e-07  4.986929e+01
      vertex -1.782439e+01  9.000000e+00  4.986929e+01
      vertex -1.902018e+01  9.000000e+00  5.080016e+01
    endloop
  endfacet
  facet normal  6.142712e-01  0.000000e+00  7.890950e-01
    outer loop
      vertex -1.782439e+01  2.336601e-07  4.986929e+01
      vertex -1.902018e+01  9.000000e+00  5.080016e+01
      vertex -1.902018e+01  2.336601e-07  5.080016e+01
    endloop
  endfacet
  facet normal  6.533363e-01  -0.000000e+00  7.570678e-01
    outer loop
      vertex -1.902018e+01  2.336601e-07  5.080016e+01
      vertex -1.902018e+01  9.000000e+00  5.080016e+01
      vertex -2.016744e+01  9.000000e+00  5.179022e+01
    endloop
  endfacet
  facet normal  6.533363e-01  0.000000e+00  7.570678e-01
    outer loop
      vertex -1.902018e+01  2.336601e-07  5.080016e+01
      vertex -2.016744e+01  9.000000e+00  5.179022e+01
      vertex -2.016744e+01  2.336601e-07  5.179022e+01
    endloop
  endfacet
  facet normal  6.907314e-01  -0.000000e+00  7.231114e-01
    outer loop
      vertex -2.016744e+01  2.336601e-07  5.179022e+01
      vertex -2.016744e+01  9.000000e+00  5.179022e+01
      vertex -2.126324e+01  9.000000e+00  5.283695e+01
    endloop
  endfacet
  facet normal  6.907314e-01  0.000000e+00  7.231114e-01
    outer loop
      vertex -2.016744e+01  2.336601e-07  5.179022e+01
      vertex -2.126324e+01  9.000000e+00  5.283695e+01
      vertex -2.126324e+01  2.336601e-07  5.283695e+01
    endloop
  endfacet
  facet normal  7.263657e-01  -0.000000e+00  6.873085e-01
    outer loop
      vertex -2.126324e+01  2.336601e-07  5.283695e+01
      vertex -2.126324e+01  9.000000e+00  5.283695e+01
      vertex -2.230478e+01  9.000000e+00  5.393768e+01
    endloop
  endfacet
  facet normal  7.263657e-01  0.000000e+00  6.873085e-01
    outer loop
      vertex -2.126324e+01  2.336601e-07  5.283695e+01
      vertex -2.230478e+01  9.000000e+00  5.393768e+01
      vertex -2.230478e+01  2.336601e-07  5.393768e+01
    endloop
  endfacet
  facet normal  7.601460e-01  -0.000000e+00  6.497524e-01
    outer loop
      vertex -2.230478e+01  2.336601e-07  5.393768e+01
      vertex -2.230478e+01  9.000000e+00  5.393768e+01
      vertex -2.328941e+01  9.000000e+00  5.508960e+01
    endloop
  endfacet
  facet normal  7.601460e-01  0.000000e+00  6.497524e-01
    outer loop
      vertex -2.230478e+01  2.336601e-07  5.393768e+01
      vertex -2.328941e+01  9.000000e+00  5.508960e+01
      vertex -2.328941e+01  2.336601e-07  5.508960e+01
    endloop
  endfacet
  facet normal  7.919856e-01  -0.000000e+00  6.105398e-01
    outer loop
      vertex -2.328941e+01  2.336601e-07  5.508960e+01
      vertex -2.328941e+01  9.000000e+00  5.508960e+01
      vertex -2.421462e+01  9.000000e+00  5.628977e+01
    endloop
  endfacet
  facet normal  7.919856e-01  0.000000e+00  6.105398e-01
    outer loop
      vertex -2.328941e+01  2.336601e-07  5.508960e+01
      vertex -2.421462e+01  9.000000e+00  5.628977e+01
      vertex -2.421462e+01  2.336601e-07  5.628977e+01
    endloop
  endfacet
  facet normal  8.218068e-01  -0.000000e+00  5.697662e-01
    outer loop
      vertex -2.421462e+01  2.336601e-07  5.628977e+01
      vertex -2.421462e+01  9.000000e+00  5.628977e+01
      vertex -2.507804e+01  9.000000e+00  5.753513e+01
    endloop
  endfacet
  facet normal  8.218068e-01  0.000000e+00  5.697662e-01
    outer loop
      vertex -2.421462e+01  2.336601e-07  5.628977e+01
      vertex -2.507804e+01  9.000000e+00  5.753513e+01
      vertex -2.507804e+01  2.336601e-07  5.753513e+01
    endloop
  endfacet
  facet normal  8.495296e-01  -0.000000e+00  5.275410e-01
    outer loop
      vertex -2.507804e+01  2.336601e-07  5.753513e+01
      vertex -2.507804e+01  9.000000e+00  5.753513e+01
      vertex -2.587747e+01  9.000000e+00  5.882250e+01
    endloop
  endfacet
  facet normal  8.495296e-01  0.000000e+00  5.275410e-01
    outer loop
      vertex -2.507804e+01  2.336601e-07  5.753513e+01
      vertex -2.587747e+01  9.000000e+00  5.882250e+01
      vertex -2.587747e+01  2.336601e-07  5.882250e+01
    endloop
  endfacet
  facet normal  8.750851e-01  -0.000000e+00  4.839690e-01
    outer loop
      vertex -2.587747e+01  2.336601e-07  5.882250e+01
      vertex -2.587747e+01  9.000000e+00  5.882250e+01
      vertex -2.661088e+01  9.000000e+00  6.014860e+01
    endloop
  endfacet
  facet normal  8.750851e-01  0.000000e+00  4.839690e-01
    outer loop
      vertex -2.587747e+01  2.336601e-07  5.882250e+01
      vertex -2.661088e+01  9.000000e+00  6.014860e+01
      vertex -2.661088e+01  2.336601e-07  6.014860e+01
    endloop
  endfacet
  facet normal  8.984072e-01  -0.000000e+00  4.391634e-01
    outer loop
      vertex -2.661088e+01  2.336601e-07  6.014860e+01
      vertex -2.661088e+01  9.000000e+00  6.014860e+01
      vertex -2.727638e+01  9.000000e+00  6.151004e+01
    endloop
  endfacet
  facet normal  8.984072e-01  0.000000e+00  4.391634e-01
    outer loop
      vertex -2.661088e+01  2.336601e-07  6.014860e+01
      vertex -2.727638e+01  9.000000e+00  6.151004e+01
      vertex -2.727638e+01  2.336601e-07  6.151004e+01
    endloop
  endfacet
  facet normal  9.194377e-01  -0.000000e+00  3.932358e-01
    outer loop
      vertex -2.727638e+01  2.336601e-07  6.151004e+01
      vertex -2.727638e+01  9.000000e+00  6.151004e+01
      vertex -2.787229e+01  9.000000e+00  6.290335e+01
    endloop
  endfacet
  facet normal  9.194377e-01  0.000000e+00  3.932358e-01
    outer loop
      vertex -2.727638e+01  2.336601e-07  6.151004e+01
      vertex -2.787229e+01  9.000000e+00  6.290335e+01
      vertex -2.787229e+01  2.336601e-07  6.290335e+01
    endloop
  endfacet
  facet normal  9.381220e-01  -0.000000e+00  3.463049e-01
    outer loop
      vertex -2.787229e+01  2.336601e-07  6.290335e+01
      vertex -2.787229e+01  9.000000e+00  6.290335e+01
      vertex -2.839708e+01  9.000000e+00  6.432497e+01
    endloop
  endfacet
  facet normal  9.381220e-01  0.000000e+00  3.463049e-01
    outer loop
      vertex -2.787229e+01  2.336601e-07  6.290335e+01
      vertex -2.839708e+01  9.000000e+00  6.432497e+01
      vertex -2.839708e+01  2.336601e-07  6.432497e+01
    endloop
  endfacet
  facet normal  9.544125e-01  -0.000000e+00  2.984909e-01
    outer loop
      vertex -2.839708e+01  2.336601e-07  6.432497e+01
      vertex -2.839708e+01  9.000000e+00  6.432497e+01
      vertex -2.884941e+01  9.000000e+00  6.577129e+01
    endloop
  endfacet
  facet normal  9.544125e-01  0.000000e+00  2.984909e-01
    outer loop
      vertex -2.839708e+01  2.336601e-07  6.432497e+01
      vertex -2.884941e+01  9.000000e+00  6.577129e+01
      vertex -2.884941e+01  2.336601e-07  6.577129e+01
    endloop
  endfacet
  facet normal  9.682679e-01  -0.000000e+00  2.499146e-01
    outer loop
      vertex -2.884941e+01  2.336601e-07  6.577129e+01
      vertex -2.884941e+01  9.000000e+00  6.577129e+01
      vertex -2.922813e+01  9.000000e+00  6.723859e+01
    endloop
  endfacet
  facet normal  9.682679e-01  0.000000e+00  2.499146e-01
    outer loop
      vertex -2.884941e+01  2.336601e-07  6.577129e+01
      vertex -2.922813e+01  9.000000e+00  6.723859e+01
      vertex -2.922813e+01  2.336601e-07  6.723859e+01
    endloop
  endfacet
  facet normal  9.796524e-01  -0.000000e+00  2.007018e-01
    outer loop
      vertex -2.922813e+01  2.336601e-07  6.723859e+01
      vertex -2.922813e+01  9.000000e+00  6.723859e+01
      vertex -2.953227e+01  9.000000e+00  6.872315e+01
    endloop
  endfacet
  facet normal  9.796524e-01  0.000000e+00  2.007018e-01
    outer loop
      vertex -2.922813e+01  2.336601e-07  6.723859e+01
      vertex -2.953227e+01  9.000000e+00  6.872315e+01
      vertex -2.953227e+01  2.336601e-07  6.872315e+01
    endloop
  endfacet
  facet normal  9.885374e-01  -0.000000e+00  1.509761e-01
    outer loop
      vertex -2.953227e+01  2.336601e-07  6.872315e+01
      vertex -2.953227e+01  9.000000e+00  6.872315e+01
      vertex -2.976106e+01  9.000000e+00  7.022118e+01
    endloop
  endfacet
  facet normal  9.885374e-01  0.000000e+00  1.509761e-01
    outer loop
      vertex -2.953227e+01  2.336601e-07  6.872315e+01
      vertex -2.976106e+01  9.000000e+00  7.022118e+01
      vertex -2.976106e+01  2.336601e-07  7.022118e+01
    endloop
  endfacet
  facet normal  3.798378e-04  9.771464e-01 -2.125668e-01
    outer loop
      vertex -5.500000e+01 -3.598099e+00  7.505650e+01
      vertex -2.998888e+01 -3.659980e+00  7.481673e+01
      vertex -5.500000e+01 -3.711830e+00  7.453368e+01
    endloop
  endfacet
  facet normal -3.039749e-04  9.601429e-01 -2.795092e-01
    outer loop
      vertex -5.500000e+01 -3.598099e+00  7.505650e+01
      vertex -2.997287e+01 -3.526443e+00  7.527542e+01
      vertex -2.998888e+01 -3.659980e+00  7.481673e+01
    endloop
  endfacet
  facet normal  3.743467e-04  9.369503e-01 -3.494626e-01
    outer loop
      vertex -2.997287e+01 -3.526443e+00  7.527542e+01
      vertex -5.500000e+01 -3.598099e+00  7.505650e+01
      vertex -5.500000e+01 -3.411120e+00  7.555781e+01
    endloop
  endfacet
  facet normal -2.804864e-04  9.168285e-01 -3.992810e-01
    outer loop
      vertex -5.500000e+01 -3.411120e+00  7.555781e+01
      vertex -2.995104e+01 -3.335778e+00  7.571321e+01
      vertex -2.997287e+01 -3.526443e+00  7.527542e+01
    endloop
  endfacet
  facet normal  3.333848e-04  8.776790e-01 -4.792488e-01
    outer loop
      vertex -2.995104e+01 -3.335778e+00  7.571321e+01
      vertex -5.500000e+01 -3.411120e+00  7.555781e+01
      vertex -5.500000e+01 -3.154701e+00  7.602740e+01
    endloop
  endfacet
  facet normal -2.214968e-04  8.586689e-01 -5.125305e-01
    outer loop
      vertex -5.500000e+01 -3.154701e+00  7.602740e+01
      vertex -2.992478e+01 -3.091154e+00  7.612303e+01
      vertex -2.995104e+01 -3.335778e+00  7.571321e+01
    endloop
  endfacet
  facet normal  2.566471e-04  8.005393e-01 -5.992802e-01
    outer loop
      vertex -2.992478e+01 -3.091154e+00  7.612303e+01
      vertex -5.500000e+01 -3.154701e+00  7.602740e+01
      vertex -5.500000e+01 -2.834061e+00  7.645573e+01
    endloop
  endfacet
  facet normal -1.251931e-04  7.866856e-01 -6.173539e-01
    outer loop
      vertex -5.500000e+01 -2.834061e+00  7.645573e+01
      vertex -2.989583e+01 -2.797035e+00  7.649782e+01
      vertex -2.992478e+01 -3.091154e+00  7.612303e+01
    endloop
  endfacet
  facet normal  2.638451e-04  4.792447e-01 -8.776813e-01
    outer loop
      vertex -5.500000e+01 -1.557806e+00  7.741112e+01
      vertex -2.981130e+01 -1.666197e+00  7.735950e+01
      vertex -5.500000e+01 -2.027403e+00  7.715470e+01
    endloop
  endfacet
  facet normal -2.247714e-04  3.868643e-01 -9.221365e-01
    outer loop
      vertex -2.979008e+01 -1.229422e+00  7.754274e+01
      vertex -2.981130e+01 -1.666197e+00  7.735950e+01
      vertex -5.500000e+01 -1.557806e+00  7.741112e+01
    endloop
  endfacet
  facet normal  3.396807e-04  3.494683e-01 -9.369481e-01
    outer loop
      vertex -5.500000e+01 -1.056497e+00  7.759810e+01
      vertex -2.979008e+01 -1.229422e+00  7.754274e+01
      vertex -5.500000e+01 -1.557806e+00  7.741112e+01
    endloop
  endfacet
  facet normal -2.809208e-04  2.675113e-01 -9.635546e-01
    outer loop
      vertex -2.977474e+01 -7.728176e-01  7.766950e+01
      vertex -2.979008e+01 -1.229422e+00  7.754274e+01
      vertex -5.500000e+01 -1.056497e+00  7.759810e+01
    endloop
  endfacet
  facet normal  3.754762e-04  2.125646e-01 -9.771470e-01
    outer loop
      vertex -5.500000e+01 -5.336806e-01  7.771183e+01
      vertex -2.977474e+01 -7.728176e-01  7.766950e+01
      vertex -5.500000e+01 -1.056497e+00  7.759810e+01
    endloop
  endfacet
  facet normal -2.970897e-04  1.438241e-01 -9.896033e-01
    outer loop
      vertex -5.500000e+01 -5.336806e-01  7.771183e+01
      vertex -2.976625e+01 -3.037029e-01  7.773768e+01
      vertex -2.977474e+01 -7.728176e-01  7.766950e+01
    endloop
  endfacet
  facet normal  3.715654e-04  7.133968e-02 -9.974520e-01
    outer loop
      vertex -2.976625e+01 -3.037029e-01  7.773768e+01
      vertex -5.500000e+01 -5.336806e-01  7.771183e+01
      vertex -5.500000e+01  1.062289e-15  7.775000e+01
    endloop
  endfacet
  facet normal -2.736199e-04  1.783011e-02 -9.998410e-01
    outer loop
      vertex -5.500000e+01  1.062289e-15  7.775000e+01
      vertex -2.976519e+01  1.703444e-01  7.774613e+01
      vertex -2.976625e+01 -3.037029e-01  7.773768e+01
    endloop
  endfacet
  facet normal  3.286755e-04 -7.133967e-02 -9.974520e-01
    outer loop
      vertex -2.976519e+01  1.703444e-01  7.774613e+01
      vertex -5.500000e+01  1.062289e-15  7.775000e+01
      vertex -5.500000e+01  5.336806e-01  7.771183e+01
    endloop
  endfacet
  facet normal -2.157902e-04 -1.088342e-01 -9.940599e-01
    outer loop
      vertex -5.500000e+01  5.336806e-01  7.771183e+01
      vertex -2.977167e+01  6.442128e-01  7.769425e+01
      vertex -2.976519e+01  1.703444e-01  7.774613e+01
    endloop
  endfacet
  facet normal  2.504651e-04 -2.125646e-01 -9.771470e-01
    outer loop
      vertex -2.977167e+01  6.442128e-01  7.769425e+01
      vertex -5.500000e+01  5.336806e-01  7.771183e+01
      vertex -5.500000e+01  1.056497e+00  7.759810e+01
    endloop
  endfacet
  facet normal -1.193736e-04 -2.340477e-01 -9.722251e-01
    outer loop
      vertex -5.500000e+01  1.056497e+00  7.759810e+01
      vertex -2.978530e+01  1.107528e+00  7.758272e+01
      vertex -2.977167e+01  6.442128e-01  7.769425e+01
    endloop
  endfacet
  facet normal  2.680097e-04 -5.992785e-01 -8.005406e-01
    outer loop
      vertex -5.500000e+01  2.455728e+00  7.683406e+01
      vertex -2.985827e+01  2.361967e+00  7.691267e+01
      vertex -5.500000e+01  2.027403e+00  7.715470e+01
    endloop
  endfacet
  facet normal -2.304942e-04 -6.780316e-01 -7.350326e-01
    outer loop
      vertex -2.988808e+01  2.712857e+00  7.658900e+01
      vertex -2.985827e+01  2.361967e+00  7.691267e+01
      vertex -5.500000e+01  2.455728e+00  7.683406e+01
    endloop
  endfacet
  facet normal  3.397582e-04 -7.071076e-01 -7.071058e-01
    outer loop
      vertex -5.500000e+01  2.834061e+00  7.645573e+01
      vertex -2.988808e+01  2.712857e+00  7.658900e+01
      vertex -5.500000e+01  2.455728e+00  7.683406e+01
    endloop
  endfacet
  facet normal -2.846257e-04 -7.659172e-01 -6.429390e-01
    outer loop
      vertex -2.991750e+01  3.019799e+00  7.622336e+01
      vertex -2.988808e+01  2.712857e+00  7.658900e+01
      vertex -5.500000e+01  2.834061e+00  7.645573e+01
    endloop
  endfacet
  facet normal  3.762158e-04 -8.005392e-01 -5.992802e-01
    outer loop
      vertex -5.500000e+01  3.154701e+00  7.602740e+01
      vertex -2.991750e+01  3.019799e+00  7.622336e+01
      vertex -5.500000e+01  2.834061e+00  7.645573e+01
    endloop
  endfacet
  facet normal -3.035089e-04 -8.414038e-01 -5.404066e-01
    outer loop
      vertex -2.994465e+01  3.277853e+00  7.582159e+01
      vertex -2.991750e+01  3.019799e+00  7.622336e+01
      vertex -5.500000e+01  3.154701e+00  7.602740e+01
    endloop
  endfacet
  facet normal  3.771748e-04 -8.776790e-01 -4.792488e-01
    outer loop
      vertex -5.500000e+01  3.411120e+00  7.555781e+01
      vertex -2.994465e+01  3.277853e+00  7.582159e+01
      vertex -5.500000e+01  3.154701e+00  7.602740e+01
    endloop
  endfacet
  facet normal -2.826746e-04 -9.031057e-01 -4.294183e-01
    outer loop
      vertex -5.500000e+01  3.411120e+00  7.555781e+01
      vertex -2.996766e+01  3.481796e+00  7.539269e+01
      vertex -2.994465e+01  3.277853e+00  7.582159e+01
    endloop
  endfacet
  facet normal  3.402759e-04 -9.369503e-01 -3.494625e-01
    outer loop
      vertex -2.996766e+01  3.481796e+00  7.539269e+01
      vertex -5.500000e+01  3.411120e+00  7.555781e+01
      vertex -5.500000e+01  3.598099e+00  7.505650e+01
    endloop
  endfacet
  facet normal -2.266774e-04 -9.501435e-01 -3.118127e-01
    outer loop
      vertex -5.500000e+01  3.598099e+00  7.505650e+01
      vertex -2.998523e+01  3.629953e+00  7.494125e+01
      vertex -2.996766e+01  3.481796e+00  7.539269e+01
    endloop
  endfacet
  facet normal  2.649605e-04 -9.771464e-01 -2.125668e-01
    outer loop
      vertex -2.998523e+01  3.629953e+00  7.494125e+01
      vertex -5.500000e+01  3.598099e+00  7.505650e+01
      vertex -5.500000e+01  3.711830e+00  7.453368e+01
    endloop
  endfacet
  facet normal -2.921530e-04  9.878902e-01 -1.551544e-01
    outer loop
      vertex -2.998888e+01 -3.659980e+00  7.481673e+01
      vertex -2.999802e+01 -3.734133e+00  7.434460e+01
      vertex -5.500000e+01 -3.711830e+00  7.453368e+01
    endloop
  endfacet
  facet normal  5.431939e-04  9.989414e-01 -4.599983e-02
    outer loop
      vertex -5.500000e+01 -3.711830e+00  7.453368e+01
      vertex -2.999802e+01 -3.734133e+00  7.434460e+01
      vertex -3.000000e+01 -3.750000e+00  7.400000e+01
    endloop
  endfacet
  facet normal  0.000000e+00  9.974521e-01 -7.133882e-02
    outer loop
      vertex -5.500000e+01 -3.711830e+00  7.453368e+01
      vertex -3.000000e+01 -3.750000e+00  7.400000e+01
      vertex -5.500000e+01 -3.750000e+00  7.400000e+01
    endloop
  endfacet
  facet normal -1.352119e-04  5.003495e-01 -8.658235e-01
    outer loop
      vertex -2.981130e+01 -1.666197e+00  7.735950e+01
      vertex -2.983721e+01 -2.078838e+00  7.712105e+01
      vertex -5.500000e+01 -2.027403e+00  7.715470e+01
    endloop
  endfacet
  facet normal  1.751630e-04  6.061033e-01 -7.953860e-01
    outer loop
      vertex -5.500000e+01 -2.027403e+00  7.715470e+01
      vertex -2.983721e+01 -2.078838e+00  7.712105e+01
      vertex -2.986600e+01 -2.457794e+00  7.683227e+01
    endloop
  endfacet
  facet normal -7.830795e-06  5.992785e-01 -8.005407e-01
    outer loop
      vertex -5.500000e+01 -2.027403e+00  7.715470e+01
      vertex -2.986600e+01 -2.457794e+00  7.683227e+01
      vertex -5.500000e+01 -2.455728e+00  7.683406e+01
    endloop
  endfacet
  facet normal  6.927965e-06  7.020608e-01 -7.121170e-01
    outer loop
      vertex -5.500000e+01 -2.455728e+00  7.683406e+01
      vertex -2.986600e+01 -2.457794e+00  7.683227e+01
      vertex -2.989583e+01 -2.797035e+00  7.649782e+01
    endloop
  endfacet
  facet normal  1.426616e-04  7.071077e-01 -7.071059e-01
    outer loop
      vertex -5.500000e+01 -2.455728e+00  7.683406e+01
      vertex -2.989583e+01 -2.797035e+00  7.649782e+01
      vertex -5.500000e+01 -2.834061e+00  7.645573e+01
    endloop
  endfacet
  facet normal -1.412895e-04 -5.791440e-01 -8.152252e-01
    outer loop
      vertex -2.985827e+01  2.361967e+00  7.691267e+01
      vertex -2.983001e+01  1.972742e+00  7.718917e+01
      vertex -5.500000e+01  2.027403e+00  7.715470e+01
    endloop
  endfacet
  facet normal  1.851771e-04 -4.710057e-01 -8.821301e-01
    outer loop
      vertex -5.500000e+01  2.027403e+00  7.715470e+01
      vertex -2.983001e+01  1.972742e+00  7.718917e+01
      vertex -2.980518e+01  1.552760e+00  7.741342e+01
    endloop
  endfacet
  facet normal -1.572091e-05 -4.792447e-01 -8.776813e-01
    outer loop
      vertex -5.500000e+01  2.027403e+00  7.715470e+01
      vertex -2.980518e+01  1.552760e+00  7.741342e+01
      vertex -5.500000e+01  1.557806e+00  7.741112e+01
    endloop
  endfacet
  facet normal  1.429532e-05 -3.554155e-01 -9.347084e-01
    outer loop
      vertex -5.500000e+01  1.557806e+00  7.741112e+01
      vertex -2.980518e+01  1.552760e+00  7.741342e+01
      vertex -2.978530e+01  1.107528e+00  7.758272e+01
    endloop
  endfacet
  facet normal  1.357403e-04 -3.494684e-01 -9.369482e-01
    outer loop
      vertex -5.500000e+01  1.557806e+00  7.741112e+01
      vertex -2.978530e+01  1.107528e+00  7.758272e+01
      vertex -5.500000e+01  1.056497e+00  7.759810e+01
    endloop
  endfacet
  facet normal -1.324048e-04 -9.819496e-01 -1.891428e-01
    outer loop
      vertex -2.998523e+01  3.629953e+00  7.494125e+01
      vertex -5.500000e+01  3.711830e+00  7.453368e+01
      vertex -2.999625e+01  3.719860e+00  7.447449e+01
    endloop
  endfacet
  facet normal  1.514389e-04 -9.974521e-01 -7.133882e-02
    outer loop
      vertex -2.999625e+01  3.719860e+00  7.447449e+01
      vertex -5.500000e+01  3.711830e+00  7.453368e+01
      vertex -5.500000e+01  3.750000e+00  7.400000e+01
    endloop
  endfacet
  facet normal  0.000000e+00 -9.979887e-01 -6.339275e-02
    outer loop
      vertex -2.999625e+01  3.719860e+00  7.447449e+01
      vertex -5.500000e+01  3.750000e+00  7.400000e+01
      vertex -3.000000e+01  3.750000e+00  7.400000e+01
    endloop
  endfacet
  facet normal  3.120460e-04 -9.771464e-01  2.125668e-01
    outer loop
      vertex -2.999218e+01  3.686948e+00  7.331522e+01
      vertex -5.500000e+01  3.711830e+00  7.346632e+01
      vertex -5.500000e+01  3.598099e+00  7.294350e+01
    endloop
  endfacet
  facet normal -1.956761e-04 -9.695464e-01  2.449078e-01
    outer loop
      vertex -5.500000e+01  3.598099e+00  7.294350e+01
      vertex -2.997801e+01  3.569847e+00  7.285165e+01
      vertex -2.999218e+01  3.686948e+00  7.331522e+01
    endloop
  endfacet
  facet normal  2.249249e-04 -9.369503e-01  3.494625e-01
    outer loop
      vertex -2.997801e+01  3.569847e+00  7.285165e+01
      vertex -5.500000e+01  3.598099e+00  7.294350e+01
      vertex -5.500000e+01  3.411120e+00  7.244219e+01
    endloop
  endfacet
  facet normal -9.080030e-05 -9.305123e-01  3.662606e-01
    outer loop
      vertex -5.500000e+01  3.411120e+00  7.244219e+01
      vertex -2.995767e+01  3.394802e+00  7.240694e+01
      vertex -2.997801e+01  3.569847e+00  7.285165e+01
    endloop
  endfacet
  facet normal  1.860170e-04 -8.005393e-01  5.992802e-01
    outer loop
      vertex -5.500000e+01  2.834061e+00  7.154427e+01
      vertex -2.990404e+01  2.883447e+00  7.160246e+01
      vertex -5.500000e+01  3.154701e+00  7.197260e+01
    endloop
  endfacet
  facet normal -1.619690e-04 -7.268321e-01  6.868152e-01
    outer loop
      vertex -2.987431e+01  2.556756e+00  7.125674e+01
      vertex -2.990404e+01  2.883447e+00  7.160246e+01
      vertex -5.500000e+01  2.834061e+00  7.154427e+01
    endloop
  endfacet
  facet normal  2.879294e-04 -7.071076e-01  7.071058e-01
    outer loop
      vertex -5.500000e+01  2.455728e+00  7.116594e+01
      vertex -2.987431e+01  2.556756e+00  7.125674e+01
      vertex -5.500000e+01  2.834061e+00  7.154427e+01
    endloop
  endfacet
  facet normal -2.450509e-04 -6.340438e-01  7.732971e-01
    outer loop
      vertex -2.984508e+01  2.188890e+00  7.095512e+01
      vertex -2.987431e+01  2.556756e+00  7.125674e+01
      vertex -5.500000e+01  2.455728e+00  7.116594e+01
    endloop
  endfacet
  facet normal  3.520522e-04 -5.992785e-01  8.005405e-01
    outer loop
      vertex -5.500000e+01  2.027403e+00  7.084530e+01
      vertex -2.984508e+01  2.188890e+00  7.095512e+01
      vertex -5.500000e+01  2.455728e+00  7.116594e+01
    endloop
  endfacet
  facet normal -2.904986e-04 -5.310260e-01  8.473555e-01
    outer loop
      vertex -2.981822e+01  1.785678e+00  7.070245e+01
      vertex -2.984508e+01  2.188890e+00  7.095512e+01
      vertex -5.500000e+01  2.027403e+00  7.084530e+01
    endloop
  endfacet
  facet normal  3.785949e-04 -4.792447e-01  8.776813e-01
    outer loop
      vertex -5.500000e+01  1.557806e+00  7.058888e+01
      vertex -2.981822e+01  1.785678e+00  7.070245e+01
      vertex -5.500000e+01  2.027403e+00  7.084530e+01
    endloop
  endfacet
  facet normal -2.985338e-04 -4.194220e-01  9.077913e-01
    outer loop
      vertex -5.500000e+01  1.557806e+00  7.058888e+01
      vertex -2.979546e+01  1.353534e+00  7.050279e+01
      vertex -2.981822e+01  1.785678e+00  7.070245e+01
    endloop
  endfacet
  facet normal  3.680010e-04 -3.494684e-01  9.369482e-01
    outer loop
      vertex -2.979546e+01  1.353534e+00  7.050279e+01
      vertex -5.500000e+01  1.557806e+00  7.058888e+01
      vertex -5.500000e+01  1.056497e+00  7.040190e+01
    endloop
  endfacet
  facet normal -2.659461e-04 -3.013071e-01  9.535272e-01
    outer loop
      vertex -5.500000e+01  1.056497e+00  7.040190e+01
      vertex -2.977836e+01  9.017076e-01  7.036002e+01
      vertex -2.979546e+01  1.353534e+00  7.050279e+01
    endloop
  endfacet
  facet normal  3.178999e-04 -2.125646e-01  9.771469e-01
    outer loop
      vertex -2.977836e+01  9.017076e-01  7.036002e+01
      vertex -5.500000e+01  1.056497e+00  7.040190e+01
      vertex -5.500000e+01  5.336806e-01  7.028817e+01
    endloop
  endfacet
  facet normal -1.966356e-04 -1.786243e-01  9.839173e-01
    outer loop
      vertex -5.500000e+01  5.336806e-01  7.028817e+01
      vertex -2.976789e+01  4.353022e-01  7.027535e+01
      vertex -2.977836e+01  9.017076e-01  7.036002e+01
    endloop
  endfacet
  facet normal  2.285358e-04 -7.133968e-02  9.974521e-01
    outer loop
      vertex -2.976789e+01  4.353022e-01  7.027535e+01
      vertex -5.500000e+01  5.336806e-01  7.028817e+01
      vertex -5.500000e+01 -4.019533e-15  7.025000e+01
    endloop
  endfacet
  facet normal -8.780333e-05 -5.306954e-02  9.985909e-01
    outer loop
      vertex -5.500000e+01 -4.019533e-15  7.025000e+01
      vertex -2.976473e+01 -3.816266e-02  7.025019e+01
      vertex -2.976789e+01  4.353022e-01  7.027535e+01
    endloop
  endfacet
  facet normal  1.940769e-04  2.125646e-01  9.771470e-01
    outer loop
      vertex -5.500000e+01 -1.056497e+00  7.040190e+01
      vertex -2.978079e+01 -9.787614e-01  7.037998e+01
      vertex -5.500000e+01 -5.336806e-01  7.028817e+01
    endloop
  endfacet
  facet normal -1.693188e-04  3.218945e-01  9.467756e-01
    outer loop
      vertex -2.979906e+01 -1.430467e+00  7.053355e+01
      vertex -2.978079e+01 -9.787614e-01  7.037998e+01
      vertex -5.500000e+01 -1.056497e+00  7.040190e+01
    endloop
  endfacet
  facet normal  2.912037e-04  3.494684e-01  9.369481e-01
    outer loop
      vertex -5.500000e+01 -1.557806e+00  7.058888e+01
      vertex -2.979906e+01 -1.430467e+00  7.053355e+01
      vertex -5.500000e+01 -1.056497e+00  7.040190e+01
    endloop
  endfacet
  facet normal -2.484605e-04  4.394607e-01  8.982618e-01
    outer loop
      vertex -2.982269e+01 -1.858816e+00  7.074311e+01
      vertex -2.979906e+01 -1.430467e+00  7.053355e+01
      vertex -5.500000e+01 -1.557806e+00  7.058888e+01
    endloop
  endfacet
  facet normal  3.532504e-04  4.792446e-01  8.776813e-01
    outer loop
      vertex -5.500000e+01 -2.027403e+00  7.084530e+01
      vertex -2.982269e+01 -1.858816e+00  7.074311e+01
      vertex -5.500000e+01 -1.557806e+00  7.058888e+01
    endloop
  endfacet
  facet normal -2.921686e-04  5.499015e-01  8.352295e-01
    outer loop
      vertex -2.985015e+01 -2.256938e+00  7.100522e+01
      vertex -2.982269e+01 -1.858816e+00  7.074311e+01
      vertex -5.500000e+01 -2.027403e+00  7.084530e+01
    endloop
  endfacet
  facet normal  3.790566e-04  5.992785e-01  8.005405e-01
    outer loop
      vertex -5.500000e+01 -2.455728e+00  7.116594e+01
      vertex -2.985015e+01 -2.256938e+00  7.100522e+01
      vertex -5.500000e+01 -2.027403e+00  7.084530e+01
    endloop
  endfacet
  facet normal -3.005136e-04  6.514319e-01  7.587070e-01
    outer loop
      vertex -5.500000e+01 -2.455728e+00  7.116594e+01
      vertex -2.987969e+01 -2.618834e+00  7.131593e+01
      vertex -2.985015e+01 -2.256938e+00  7.100522e+01
    endloop
  endfacet
  facet normal  3.691000e-04  7.071076e-01  7.071058e-01
    outer loop
      vertex -2.987969e+01 -2.618834e+00  7.131593e+01
      vertex -5.500000e+01 -2.455728e+00  7.116594e+01
      vertex -5.500000e+01 -2.834061e+00  7.154427e+01
    endloop
  endfacet
  facet normal -2.724231e-04  7.424786e-01  6.698698e-01
    outer loop
      vertex -5.500000e+01 -2.834061e+00  7.154427e+01
      vertex -2.990939e+01 -2.938367e+00  7.167009e+01
      vertex -2.987969e+01 -2.618834e+00  7.131593e+01
    endloop
  endfacet
  facet normal  3.229166e-04  8.005393e-01  5.992802e-01
    outer loop
      vertex -2.990939e+01 -2.938367e+00  7.167009e+01
      vertex -5.500000e+01 -2.834061e+00  7.154427e+01
      vertex -5.500000e+01 -3.154701e+00  7.197260e+01
    endloop
  endfacet
  facet normal -2.085081e-04  8.215075e-01  5.701976e-01
    outer loop
      vertex -5.500000e+01 -3.154701e+00  7.197260e+01
      vertex -2.993734e+01 -3.210413e+00  7.206203e+01
      vertex -2.990939e+01 -2.938367e+00  7.167009e+01
    endloop
  endfacet
  facet normal  2.408916e-04  8.776790e-01  4.792489e-01
    outer loop
      vertex -2.993734e+01 -3.210413e+00  7.206203e+01
      vertex -5.500000e+01 -3.154701e+00  7.197260e+01
      vertex -5.500000e+01 -3.411120e+00  7.244219e+01
    endloop
  endfacet
  facet normal -1.086582e-04  8.872628e-01  4.612642e-01
    outer loop
      vertex -5.500000e+01 -3.411120e+00  7.244219e+01
      vertex -2.996175e+01 -3.430562e+00  7.248549e+01
      vertex -2.993734e+01 -3.210413e+00  7.206203e+01
    endloop
  endfacet
  facet normal  1.232553e-04  9.369504e-01  3.494626e-01
    outer loop
      vertex -2.996175e+01 -3.430562e+00  7.248549e+01
      vertex -5.500000e+01 -3.411120e+00  7.244219e+01
      vertex -5.500000e+01 -3.598099e+00  7.294350e+01
    endloop
  endfacet
  facet normal -8.171042e-05  9.405758e-01  3.395839e-01
    outer loop
      vertex -5.500000e+01 -3.598099e+00  7.294350e+01
      vertex -2.998244e+01 -3.606828e+00  7.297370e+01
      vertex -2.996175e+01 -3.430562e+00  7.248549e+01
    endloop
  endfacet
  facet normal  8.436407e-05  9.771465e-01  2.125668e-01
    outer loop
      vertex -2.998244e+01 -3.606828e+00  7.297370e+01
      vertex -5.500000e+01 -3.598099e+00  7.294350e+01
      vertex -5.500000e+01 -3.711830e+00  7.346632e+01
    endloop
  endfacet
  facet normal -1.560723e-04 -9.905307e-01  1.372912e-01
    outer loop
      vertex -2.999218e+01  3.686948e+00  7.331522e+01
      vertex -2.999803e+01  3.734202e+00  7.365614e+01
      vertex -5.500000e+01  3.711830e+00  7.346632e+01
    endloop
  endfacet
  facet normal  5.453492e-04 -9.989459e-01  4.589920e-02
    outer loop
      vertex -5.500000e+01  3.711830e+00  7.346632e+01
      vertex -2.999803e+01  3.734202e+00  7.365614e+01
      vertex -3.000000e+01  3.750000e+00  7.400000e+01
    endloop
  endfacet
  facet normal  0.000000e+00 -9.974521e-01  7.133882e-02
    outer loop
      vertex -5.500000e+01  3.711830e+00  7.346632e+01
      vertex -3.000000e+01  3.750000e+00  7.400000e+01
      vertex -5.500000e+01  3.750000e+00  7.400000e+01
    endloop
  endfacet
  facet normal -4.553448e-05 -8.080637e-01  5.890951e-01
    outer loop
      vertex -2.990404e+01  2.883447e+00  7.160246e+01
      vertex -2.993247e+01  3.164740e+00  7.198830e+01
      vertex -5.500000e+01  3.154701e+00  7.197260e+01
    endloop
  endfacet
  facet normal  4.918082e-05 -8.763826e-01  4.816155e-01
    outer loop
      vertex -5.500000e+01  3.154701e+00  7.197260e+01
      vertex -2.993247e+01  3.164740e+00  7.198830e+01
      vertex -2.995767e+01  3.394802e+00  7.240694e+01
    endloop
  endfacet
  facet normal  1.026601e-04 -8.776791e-01  4.792489e-01
    outer loop
      vertex -5.500000e+01  3.154701e+00  7.197260e+01
      vertex -2.995767e+01  3.394802e+00  7.240694e+01
      vertex -5.500000e+01  3.411120e+00  7.244219e+01
    endloop
  endfacet
  facet normal -5.492234e-05  1.990424e-01  9.799909e-01
    outer loop
      vertex -2.978079e+01 -9.787614e-01  7.037998e+01
      vertex -2.976909e+01 -5.110170e-01  7.028498e+01
      vertex -5.500000e+01 -5.336806e-01  7.028817e+01
    endloop
  endfacet
  facet normal  6.014585e-05  7.337565e-02  9.973043e-01
    outer loop
      vertex -5.500000e+01 -5.336806e-01  7.028817e+01
      vertex -2.976909e+01 -5.110170e-01  7.028498e+01
      vertex -2.976473e+01 -3.816266e-02  7.025019e+01
    endloop
  endfacet
  facet normal  1.003462e-04  7.133967e-02  9.974520e-01
    outer loop
      vertex -5.500000e+01 -5.336806e-01  7.028817e+01
      vertex -2.976473e+01 -3.816266e-02  7.025019e+01
      vertex -5.500000e+01 -4.019533e-15  7.025000e+01
    endloop
  endfacet
  facet normal -4.206185e-05  9.784621e-01  2.064267e-01
    outer loop
      vertex -2.998244e+01 -3.606828e+00  7.297370e+01
      vertex -5.500000e+01 -3.711830e+00  7.346632e+01
      vertex -2.999552e+01 -3.714025e+00  7.348181e+01
    endloop
  endfacet
  facet normal  4.331861e-05  9.974521e-01  7.133882e-02
    outer loop
      vertex -2.999552e+01 -3.714025e+00  7.348181e+01
      vertex -5.500000e+01 -3.711830e+00  7.346632e+01
      vertex -5.500000e+01 -3.750000e+00  7.400000e+01
    endloop
  endfacet
  facet normal  -0.000000e+00  9.975987e-01  6.925872e-02
    outer loop
      vertex -2.999552e+01 -3.714025e+00  7.348181e+01
      vertex -5.500000e+01 -3.750000e+00  7.400000e+01
      vertex -3.000000e+01 -3.750000e+00  7.400000e+01
    endloop
  endfacet
  facet normal  0.000000e+00 -1.000000e+00  0.000000e+00
    outer loop
      vertex -3.678315e+01 -3.000000e+00  8.353939e+01
      vertex -3.648485e+01 -3.000000e+00  8.462335e+01
      vertex -3.685305e+01 -3.000000e+00  8.353939e+01
    endloop
  endfacet
  facet normal  0.000000e+00 -1.000000e+00  0.000000e+00
    outer loop
      vertex -3.648485e+01 -3.000000e+00  8.462335e+01
      vertex -3.615462e+01 -3.000000e+00  8.569802e+01
      vertex -3.685305e+01 -3.000000e+00  8.353939e+01
    endloop
  endfacet
  facet normal -9.514374e-01 -2.224204e-06  3.078426e-01
    outer loop
      vertex -6.000000e+01 -3.000000e+00  1.200000e+01
      vertex -4.302609e+01 -3.000000e+00  6.446061e+01
      vertex -4.309748e+01 -2.177658e+00  6.423999e+01
    endloop
  endfacet
  facet normal -9.514374e-01  1.340752e-06  3.078425e-01
    outer loop
      vertex -6.000000e+01 -3.000000e+00  1.200000e+01
      vertex -4.309748e+01 -2.177658e+00  6.423999e+01
      vertex -4.314603e+01 -1.337962e+00  6.408991e+01
    endloop
  endfacet
  facet normal -9.514373e-01  1.501100e-06  3.078425e-01
    outer loop
      vertex -6.000000e+01 -3.000000e+00  1.200000e+01
      vertex -4.314603e+01 -1.337962e+00  6.408991e+01
      vertex -4.317128e+01 -4.875385e-01  6.401189e+01
    endloop
  endfacet
  facet normal -9.514373e-01  3.986939e-07  3.078426e-01
    outer loop
      vertex -6.000000e+01 -3.000000e+00  1.200000e+01
      vertex -4.317128e+01 -4.875385e-01  6.401189e+01
      vertex -4.317295e+01  3.668222e-01  6.400673e+01
    endloop
  endfacet
  facet normal -9.514373e-01  0.000000e+00  3.078426e-01
    outer loop
      vertex -6.000000e+01 -3.000000e+00  1.200000e+01
      vertex -4.317295e+01  3.668222e-01  6.400673e+01
      vertex -6.000000e+01  3.000000e+00  1.200000e+01
    endloop
  endfacet
  facet normal -9.514374e-01 -4.201739e-06  3.078424e-01
    outer loop
      vertex -6.000000e+01  3.000000e+00  1.200000e+01
      vertex -4.317295e+01  3.668222e-01  6.400673e+01
      vertex -4.315103e+01  1.218252e+00  6.407449e+01
    endloop
  endfacet
  facet normal -9.514372e-01  6.117039e-06  3.078427e-01
    outer loop
      vertex -6.000000e+01  3.000000e+00  1.200000e+01
      vertex -4.315103e+01  1.218252e+00  6.407449e+01
      vertex -4.312106e+01  1.820387e+00  6.416708e+01
    endloop
  endfacet
  facet normal -9.514374e-01 -3.172365e-06  3.078425e-01
    outer loop
      vertex -6.000000e+01  3.000000e+00  1.200000e+01
      vertex -4.312106e+01  1.820387e+00  6.416708e+01
      vertex -4.307935e+01  2.415094e+00  6.429601e+01
    endloop
  endfacet
  facet normal -9.514373e-01  1.463748e-06  3.078426e-01
    outer loop
      vertex -6.000000e+01  3.000000e+00  1.200000e+01
      vertex -4.307935e+01  2.415094e+00  6.429601e+01
      vertex -4.302609e+01  3.000000e+00  6.446061e+01
    endloop
  endfacet
  facet normal -9.514373e-01 -1.409224e-06  3.078428e-01
    outer loop
      vertex -3.615462e+01  3.000000e+00  8.569802e+01
      vertex -3.685305e+01  3.000000e+00  8.353939e+01
      vertex -3.679980e+01  2.415094e+00  8.370399e+01
    endloop
  endfacet
  facet normal -9.514376e-01  2.950659e-06  3.078416e-01
    outer loop
      vertex -3.615462e+01  3.000000e+00  8.569802e+01
      vertex -3.679980e+01  2.415094e+00  8.370399e+01
      vertex -3.675808e+01  1.820387e+00  8.383292e+01
    endloop
  endfacet
  facet normal -9.514360e-01 -5.487956e-06  3.078464e-01
    outer loop
      vertex -3.615462e+01  3.000000e+00  8.569802e+01
      vertex -3.675808e+01  1.820387e+00  8.383292e+01
      vertex -3.672812e+01  1.218252e+00  8.392551e+01
    endloop
  endfacet
  facet normal -9.514388e-01  3.812102e-06  3.078380e-01
    outer loop
      vertex -3.615462e+01  3.000000e+00  8.569802e+01
      vertex -3.672812e+01  1.218252e+00  8.392551e+01
      vertex -3.670620e+01  3.668222e-01  8.399327e+01
    endloop
  endfacet
  facet normal -9.514371e-01  0.000000e+00  3.078433e-01
    outer loop
      vertex -3.615462e+01  3.000000e+00  8.569802e+01
      vertex -3.670620e+01  3.668222e-01  8.399327e+01
      vertex -3.615462e+01 -3.000000e+00  8.569802e+01
    endloop
  endfacet
  facet normal -9.514373e-01 -3.987502e-07  3.078426e-01
    outer loop
      vertex -3.615462e+01 -3.000000e+00  8.569802e+01
      vertex -3.670620e+01  3.668222e-01  8.399327e+01
      vertex -3.670787e+01 -4.875385e-01  8.398811e+01
    endloop
  endfacet
  facet normal -9.514377e-01 -1.374650e-06  3.078412e-01
    outer loop
      vertex -3.615462e+01 -3.000000e+00  8.569802e+01
      vertex -3.670787e+01 -4.875385e-01  8.398811e+01
      vertex -3.673311e+01 -1.337962e+00  8.391009e+01
    endloop
  endfacet
  facet normal -9.514376e-01 -1.133713e-06  3.078414e-01
    outer loop
      vertex -3.615462e+01 -3.000000e+00  8.569802e+01
      vertex -3.673311e+01 -1.337962e+00  8.391009e+01
      vertex -3.678167e+01 -2.177658e+00  8.376001e+01
    endloop
  endfacet
  facet normal -9.514373e-01  2.172392e-06  3.078428e-01
    outer loop
      vertex -3.615462e+01 -3.000000e+00  8.569802e+01
      vertex -3.678167e+01 -2.177658e+00  8.376001e+01
      vertex -3.685305e+01 -3.000000e+00  8.353939e+01
    endloop
  endfacet
  facet normal  0.000000e+00  1.000000e+00  0.000000e+00
    outer loop
      vertex -3.685305e+01  3.000000e+00  8.353939e+01
      vertex -3.648485e+01  3.000000e+00  8.462335e+01
      vertex -3.678315e+01  3.000000e+00  8.353939e+01
    endloop
  endfacet
  facet normal  0.000000e+00  1.000000e+00  0.000000e+00
    outer loop
      vertex -3.685305e+01  3.000000e+00  8.353939e+01
      vertex -3.615462e+01  3.000000e+00  8.569802e+01
      vertex -3.648485e+01  3.000000e+00  8.462335e+01
    endloop
  endfacet
  facet normal -5.242990e-04 -3.007027e-01  9.537179e-01
    outer loop
      vertex -3.685305e+01 -3.000000e+00  8.353939e+01
      vertex -5.500000e+01 -2.588191e+00  8.365926e+01
      vertex -5.500000e+01 -3.420202e+00  8.339693e+01
    endloop
  endfacet
  facet normal  4.984940e-04 -2.591588e-01  9.658346e-01
    outer loop
      vertex -3.685305e+01 -3.000000e+00  8.353939e+01
      vertex -3.678167e+01 -2.177658e+00  8.376001e+01
      vertex -5.500000e+01 -2.588191e+00  8.365926e+01
    endloop
  endfacet
  facet normal -5.139071e-04 -9.914446e-01  1.305268e-01
    outer loop
      vertex -5.500000e+01 -9.961947e+00  7.487156e+01
      vertex -3.798161e+01 -9.929896e+00  7.518201e+01
      vertex -5.500000e+01 -9.848078e+00  7.573648e+01
    endloop
  endfacet
  facet normal  4.413625e-04 -9.872419e-01  1.592270e-01
    outer loop
      vertex -3.798161e+01 -9.929896e+00  7.518201e+01
      vertex -3.794732e+01 -9.797928e+00  7.600015e+01
      vertex -5.500000e+01 -9.848078e+00  7.573648e+01
    endloop
  endfacet
  facet normal -4.754762e-04 -9.762957e-01  2.164406e-01
    outer loop
      vertex -5.500000e+01 -9.659258e+00  7.658819e+01
      vertex -5.500000e+01 -9.848078e+00  7.573648e+01
      vertex -3.794732e+01 -9.797928e+00  7.600015e+01
    endloop
  endfacet
  facet normal  3.955509e-04 -9.706799e-01  2.403755e-01
    outer loop
      vertex -3.794732e+01 -9.797928e+00  7.600015e+01
      vertex -3.789642e+01 -9.598911e+00  7.680373e+01
      vertex -5.500000e+01 -9.659258e+00  7.658819e+01
    endloop
  endfacet
  facet normal -4.245803e-04 -9.537174e-01  3.007040e-01
    outer loop
      vertex -5.500000e+01 -9.396926e+00  7.742020e+01
      vertex -5.500000e+01 -9.659258e+00  7.658819e+01
      vertex -3.789642e+01 -9.598911e+00  7.680373e+01
    endloop
  endfacet
  facet normal  3.368823e-04 -9.474886e-01  3.197895e-01
    outer loop
      vertex -3.789642e+01 -9.598911e+00  7.680373e+01
      vertex -3.783031e+01 -9.334493e+00  7.758710e+01
      vertex -5.500000e+01 -9.396926e+00  7.742020e+01
    endloop
  endfacet
  facet normal -3.603248e-04 -9.238788e-01  3.826848e-01
    outer loop
      vertex -5.500000e+01 -9.063078e+00  7.822618e+01
      vertex -5.500000e+01 -9.396926e+00  7.742020e+01
      vertex -3.783031e+01 -9.334493e+00  7.758710e+01
    endloop
  endfacet
  facet normal  2.645493e-04 -9.178554e-01  3.969146e-01
    outer loop
      vertex -3.783031e+01 -9.334493e+00  7.758710e+01
      vertex -3.775079e+01 -9.006777e+00  7.834488e+01
      vertex -5.500000e+01 -9.063078e+00  7.822618e+01
    endloop
  endfacet
  facet normal -2.822641e-04 -8.870113e-01  4.617475e-01
    outer loop
      vertex -5.500000e+01 -8.660254e+00  7.900000e+01
      vertex -5.500000e+01 -9.063078e+00  7.822618e+01
      vertex -3.775079e+01 -9.006777e+00  7.834488e+01
    endloop
  endfacet
  facet normal  1.782342e-04 -8.820115e-01  4.712277e-01
    outer loop
      vertex -3.775079e+01 -9.006777e+00  7.834488e+01
      vertex -3.765998e+01 -8.618256e+00  7.907205e+01
      vertex -5.500000e+01 -8.660254e+00  7.900000e+01
    endloop
  endfacet
  facet normal -1.898549e-04 -8.433911e-01  5.373002e-01
    outer loop
      vertex -5.500000e+01 -8.191521e+00  7.973576e+01
      vertex -5.500000e+01 -8.660254e+00  7.900000e+01
      vertex -3.765998e+01 -8.618256e+00  7.907205e+01
    endloop
  endfacet
  facet normal  1.655877e-04 -8.391685e-01  5.438715e-01
    outer loop
      vertex -3.765998e+01 -8.618256e+00  7.907205e+01
      vertex -3.755545e+01 -8.149332e+00  7.979555e+01
      vertex -5.500000e+01 -8.191521e+00  7.973576e+01
    endloop
  endfacet
  facet normal -1.675867e-04 -7.933548e-01  6.087595e-01
    outer loop
      vertex -5.500000e+01 -7.660444e+00  8.042788e+01
      vertex -5.500000e+01 -8.191521e+00  7.973576e+01
      vertex -3.755545e+01 -8.149332e+00  7.979555e+01
    endloop
  endfacet
  facet normal  1.417867e-04 -7.892263e-01  6.141024e-01
    outer loop
      vertex -3.755545e+01 -8.149332e+00  7.979555e+01
      vertex -3.744421e+01 -7.620306e+00  8.047541e+01
      vertex -5.500000e+01 -7.660444e+00  8.042788e+01
    endloop
  endfacet
  facet normal -1.434680e-04 -7.372758e-01  6.755920e-01
    outer loop
      vertex -5.500000e+01 -7.071068e+00  8.107107e+01
      vertex -5.500000e+01 -7.660444e+00  8.042788e+01
      vertex -3.744421e+01 -7.620306e+00  8.047541e+01
    endloop
  endfacet
  facet normal  1.165927e-04 -7.334571e-01  6.797357e-01
    outer loop
      vertex -3.744421e+01 -7.620306e+00  8.047541e+01
      vertex -3.732949e+01 -7.034992e+00  8.110696e+01
      vertex -5.500000e+01 -7.071068e+00  8.107107e+01
    endloop
  endfacet
  facet normal -1.184358e-04 -6.755912e-01  7.372764e-01
    outer loop
      vertex -5.500000e+01 -6.427876e+00  8.166045e+01
      vertex -5.500000e+01 -7.071068e+00  8.107107e+01
      vertex -3.732949e+01 -7.034992e+00  8.110696e+01
    endloop
  endfacet
  facet normal  9.137204e-05 -6.722572e-01  7.403176e-01
    outer loop
      vertex -3.732949e+01 -7.034992e+00  8.110696e+01
      vertex -3.721462e+01 -6.397531e+00  8.168581e+01
      vertex -5.500000e+01 -6.427876e+00  8.166045e+01
    endloop
  endfacet
  facet normal -9.258901e-05 -6.087605e-01  7.933541e-01
    outer loop
      vertex -5.500000e+01 -5.735765e+00  8.219152e+01
      vertex -5.500000e+01 -6.427876e+00  8.166045e+01
      vertex -3.721462e+01 -6.397531e+00  8.168581e+01
    endloop
  endfacet
  facet normal  6.648285e-05 -6.060621e-01  7.954174e-01
    outer loop
      vertex -3.721462e+01 -6.397531e+00  8.168581e+01
      vertex -3.710298e+01 -5.712363e+00  8.220786e+01
      vertex -5.500000e+01 -5.735765e+00  8.219152e+01
    endloop
  endfacet
  facet normal -5.219818e-04 -2.164402e-01  9.762957e-01
    outer loop
      vertex -5.500000e+01 -1.736482e+00  8.384808e+01
      vertex -5.500000e+01 -2.588191e+00  8.365926e+01
      vertex -3.678167e+01 -2.177658e+00  8.376001e+01
    endloop
  endfacet
  facet normal  4.972358e-04 -1.759686e-01  9.843956e-01
    outer loop
      vertex -3.678167e+01 -2.177658e+00  8.376001e+01
      vertex -3.673311e+01 -1.337962e+00  8.391009e+01
      vertex -5.500000e+01 -1.736482e+00  8.384808e+01
    endloop
  endfacet
  facet normal -5.181084e-04 -1.305254e-01  9.914449e-01
    outer loop
      vertex -5.500000e+01 -8.715574e-01  8.396194e+01
      vertex -5.500000e+01 -1.736482e+00  8.384808e+01
      vertex -3.673311e+01 -1.337962e+00  8.391009e+01
    endloop
  endfacet
  facet normal  4.940136e-04 -9.137134e-02  9.958168e-01
    outer loop
      vertex -3.673311e+01 -1.337962e+00  8.391009e+01
      vertex -3.670787e+01 -4.875385e-01  8.398811e+01
      vertex -5.500000e+01 -8.715574e-01  8.396194e+01
    endloop
  endfacet
  facet normal -5.130384e-04 -4.362212e-02  9.990479e-01
    outer loop
      vertex -5.500000e+01  6.123234e-16  8.400000e+01
      vertex -5.500000e+01 -8.715574e-01  8.396194e+01
      vertex -3.670787e+01 -4.875385e-01  8.398811e+01
    endloop
  endfacet
  facet normal  4.890707e-04 -6.046418e-03  9.999815e-01
    outer loop
      vertex -3.670787e+01 -4.875385e-01  8.398811e+01
      vertex -3.670620e+01  3.668222e-01  8.399327e+01
      vertex -5.500000e+01  6.123234e-16  8.400000e+01
    endloop
  endfacet
  facet normal -5.072126e-04  4.362212e-02  9.990479e-01
    outer loop
      vertex -5.500000e+01  8.715574e-01  8.396194e+01
      vertex -5.500000e+01  6.123234e-16  8.400000e+01
      vertex -3.670620e+01  3.668222e-01  8.399327e+01
    endloop
  endfacet
  facet normal  4.820671e-04  7.934137e-02  9.968475e-01
    outer loop
      vertex -3.670620e+01  3.668222e-01  8.399327e+01
      vertex -3.672812e+01  1.218252e+00  8.392551e+01
      vertex -5.500000e+01  8.715574e-01  8.396194e+01
    endloop
  endfacet
  facet normal -4.998808e-04  1.305253e-01  9.914448e-01
    outer loop
      vertex -5.500000e+01  1.736482e+00  8.384808e+01
      vertex -5.500000e+01  8.715574e-01  8.396194e+01
      vertex -3.672812e+01  1.218252e+00  8.392551e+01
    endloop
  endfacet
  facet normal  4.989869e-04  3.404195e-01  9.402735e-01
    outer loop
      vertex -3.678315e+01  3.000000e+00  8.353939e+01
      vertex -3.685717e+01  3.801458e+00  8.324927e+01
      vertex -5.500000e+01  3.420202e+00  8.339693e+01
    endloop
  endfacet
  facet normal -5.225518e-04  3.826822e-01  9.238799e-01
    outer loop
      vertex -5.500000e+01  4.226182e+00  8.306308e+01
      vertex -5.500000e+01  3.420202e+00  8.339693e+01
      vertex -3.685717e+01  3.801458e+00  8.324927e+01
    endloop
  endfacet
  facet normal  4.967168e-04  4.192117e-01  9.078884e-01
    outer loop
      vertex -3.685717e+01  3.801458e+00  8.324927e+01
      vertex -3.694486e+01  4.574161e+00  8.289252e+01
      vertex -5.500000e+01  4.226182e+00  8.306308e+01
    endloop
  endfacet
  facet normal -5.203277e-04  4.617490e-01  8.870105e-01
    outer loop
      vertex -5.500000e+01  5.000000e+00  8.266026e+01
      vertex -5.500000e+01  4.226182e+00  8.306308e+01
      vertex -3.694486e+01  4.574161e+00  8.289252e+01
    endloop
  endfacet
  facet normal  4.918906e-04  4.948351e-01  8.689867e-01
    outer loop
      vertex -3.694486e+01  4.574161e+00  8.289252e+01
      vertex -3.704355e+01  5.312708e+00  8.247202e+01
      vertex -5.500000e+01  5.000000e+00  8.266026e+01
    endloop
  endfacet
  facet normal -5.159483e-04  5.373005e-01  8.433908e-01
    outer loop
      vertex -5.500000e+01  5.735765e+00  8.219152e+01
      vertex -5.500000e+01  5.000000e+00  8.266026e+01
      vertex -3.704355e+01  5.312708e+00  8.247202e+01
    endloop
  endfacet
  facet normal  4.843074e-04  5.668020e-01  8.238539e-01
    outer loop
      vertex -3.704355e+01  5.312708e+00  8.247202e+01
      vertex -3.715031e+01  6.012087e+00  8.199092e+01
      vertex -5.500000e+01  5.735765e+00  8.219152e+01
    endloop
  endfacet
  facet normal -5.079960e-04  6.087604e-01  7.933539e-01
    outer loop
      vertex -5.500000e+01  6.427876e+00  8.166045e+01
      vertex -5.500000e+01  5.735765e+00  8.219152e+01
      vertex -3.715031e+01  6.012087e+00  8.199092e+01
    endloop
  endfacet
  facet normal  4.941824e-04  6.351319e-01  7.724035e-01
    outer loop
      vertex -3.715031e+01  6.012087e+00  8.199092e+01
      vertex -3.726382e+01  6.677766e+00  8.144362e+01
      vertex -5.500000e+01  6.427876e+00  8.166045e+01
    endloop
  endfacet
  facet normal -5.052944e-04  6.755912e-01  7.372763e-01
    outer loop
      vertex -5.500000e+01  7.071068e+00  8.107107e+01
      vertex -5.500000e+01  6.427876e+00  8.166045e+01
      vertex -3.726382e+01  6.677766e+00  8.144362e+01
    endloop
  endfacet
  facet normal  4.908574e-04  6.992738e-01  7.148538e-01
    outer loop
      vertex -3.726382e+01  6.677766e+00  8.144362e+01
      vertex -3.737912e+01  7.293756e+00  8.084113e+01
      vertex -5.500000e+01  7.071068e+00  8.107107e+01
    endloop
  endfacet
  facet normal -5.017311e-04  7.372757e-01  6.755919e-01
    outer loop
      vertex -5.500000e+01  7.660444e+00  8.042788e+01
      vertex -5.500000e+01  7.071068e+00  8.107107e+01
      vertex -3.737912e+01  7.293756e+00  8.084113e+01
    endloop
  endfacet
  facet normal  4.874996e-04  7.582212e-01  6.519972e-01
    outer loop
      vertex -3.737912e+01  7.293756e+00  8.084113e+01
      vertex -3.749284e+01  7.855773e+00  8.018764e+01
      vertex -5.500000e+01  7.660444e+00  8.042788e+01
    endloop
  endfacet
  facet normal -4.978175e-04  7.933547e-01  6.087594e-01
    outer loop
      vertex -5.500000e+01  8.191521e+00  7.973576e+01
      vertex -5.500000e+01  7.660444e+00  8.042788e+01
      vertex -3.749284e+01  7.855773e+00  8.018764e+01
    endloop
  endfacet
  facet normal  4.838469e-04  8.115674e-01  5.842586e-01
    outer loop
      vertex -3.749284e+01  7.855773e+00  8.018764e+01
      vertex -3.760167e+01  8.359770e+00  7.948765e+01
      vertex -5.500000e+01  8.191521e+00  7.973576e+01
    endloop
  endfacet
  facet normal -4.935695e-04  8.433909e-01  5.373001e-01
    outer loop
      vertex -5.500000e+01  8.660254e+00  7.900000e+01
      vertex -5.500000e+01  8.191521e+00  7.973576e+01
      vertex -3.760167e+01  8.359770e+00  7.948765e+01
    endloop
  endfacet
  facet normal  4.805814e-04  8.589184e-01  5.121122e-01
    outer loop
      vertex -3.760167e+01  8.359770e+00  7.948765e+01
      vertex -3.770245e+01  8.801994e+00  7.874604e+01
      vertex -5.500000e+01  8.660254e+00  7.900000e+01
    endloop
  endfacet
  facet normal -4.890644e-04  8.870113e-01  4.617475e-01
    outer loop
      vertex -5.500000e+01  9.063078e+00  7.822618e+01
      vertex -5.500000e+01  8.660254e+00  7.900000e+01
      vertex -3.770245e+01  8.801994e+00  7.874604e+01
    endloop
  endfacet
  facet normal  4.775214e-04  8.999145e-01  4.360660e-01
    outer loop
      vertex -3.770245e+01  8.801994e+00  7.874604e+01
      vertex -3.779226e+01  9.179040e+00  7.796803e+01
      vertex -5.500000e+01  9.063078e+00  7.822618e+01
    endloop
  endfacet
  facet normal -4.848138e-04  9.238788e-01  3.826848e-01
    outer loop
      vertex -5.500000e+01  9.396926e+00  7.742020e+01
      vertex -5.500000e+01  9.063078e+00  7.822618e+01
      vertex -3.779226e+01  9.179040e+00  7.796803e+01
    endloop
  endfacet
  facet normal  3.860482e-04  9.333068e-01  3.590797e-01
    outer loop
      vertex -3.779226e+01  9.179040e+00  7.796803e+01
      vertex -3.786432e+01  9.471373e+00  7.720828e+01
      vertex -5.500000e+01  9.396926e+00  7.742020e+01
    endloop
  endfacet
  facet normal -4.245754e-04  9.537174e-01  3.007040e-01
    outer loop
      vertex -5.500000e+01  9.659258e+00  7.658819e+01
      vertex -5.500000e+01  9.396926e+00  7.742020e+01
      vertex -3.786432e+01  9.471373e+00  7.720828e+01
    endloop
  endfacet
  facet normal  3.171120e-04  9.594321e-01  2.819397e-01
    outer loop
      vertex -3.786432e+01  9.471373e+00  7.720828e+01
      vertex -3.792246e+01  9.701206e+00  7.642623e+01
      vertex -5.500000e+01  9.659258e+00  7.658819e+01
    endloop
  endfacet
  facet normal -3.454798e-04  9.762957e-01  2.164406e-01
    outer loop
      vertex -5.500000e+01  9.848078e+00  7.573648e+01
      vertex -5.500000e+01  9.659258e+00  7.658819e+01
      vertex -3.792246e+01  9.701206e+00  7.642623e+01
    endloop
  endfacet
  facet normal  2.295522e-04  9.792150e-01  2.028250e-01
    outer loop
      vertex -3.792246e+01  9.701206e+00  7.642623e+01
      vertex -3.796515e+01  9.866735e+00  7.562713e+01
      vertex -5.500000e+01  9.848078e+00  7.573648e+01
    endloop
  endfacet
  facet normal -2.479464e-04  9.914448e-01  1.305269e-01
    outer loop
      vertex -5.500000e+01  9.961947e+00  7.487156e+01
      vertex -5.500000e+01  9.848078e+00  7.573648e+01
      vertex -3.796515e+01  9.866735e+00  7.562713e+01
    endloop
  endfacet
  facet normal  0.000000e+00  3.210847e-01  9.470505e-01
    outer loop
      vertex -3.685305e+01  3.000000e+00  8.353939e+01
      vertex -3.678315e+01  3.000000e+00  8.353939e+01
      vertex -5.500000e+01  3.420202e+00  8.339693e+01
    endloop
  endfacet
  facet normal -5.242985e-04  3.007027e-01  9.537179e-01
    outer loop
      vertex -3.685305e+01  3.000000e+00  8.353939e+01
      vertex -5.500000e+01  3.420202e+00  8.339693e+01
      vertex -5.500000e+01  2.588191e+00  8.365926e+01
    endloop
  endfacet
  facet normal  2.106495e-04  2.709034e-01  9.626065e-01
    outer loop
      vertex -3.685305e+01  3.000000e+00  8.353939e+01
      vertex -5.500000e+01  2.588191e+00  8.365926e+01
      vertex -3.679980e+01  2.415094e+00  8.370399e+01
    endloop
  endfacet
  facet normal  0.000000e+00 -3.343539e-01  9.424476e-01
    outer loop
      vertex -3.678315e+01 -3.000000e+00  8.353939e+01
      vertex -3.685305e+01 -3.000000e+00  8.353939e+01
      vertex -3.684511e+01 -3.682678e+00  8.329720e+01
    endloop
  endfacet
  facet normal  3.432974e-04 -3.343503e-01  9.424488e-01
    outer loop
      vertex -3.684511e+01 -3.682678e+00  8.329720e+01
      vertex -3.685305e+01 -3.000000e+00  8.353939e+01
      vertex -5.500000e+01 -3.420202e+00  8.339693e+01
    endloop
  endfacet
  facet normal -4.574733e-04 -3.826822e-01  9.238799e-01
    outer loop
      vertex -3.684511e+01 -3.682678e+00  8.329720e+01
      vertex -5.500000e+01 -3.420202e+00  8.339693e+01
      vertex -5.500000e+01 -4.226182e+00  8.306308e+01
    endloop
  endfacet
  facet normal  0.000000e+00 -9.990482e-01  4.361877e-02
    outer loop
      vertex -5.500000e+01 -1.000000e+01  7.400000e+01
      vertex -3.800000e+01 -1.000000e+01  7.400000e+01
      vertex -5.500000e+01 -9.961947e+00  7.487156e+01
    endloop
  endfacet
  facet normal -7.186601e-04 -9.995608e-01  2.962349e-02
    outer loop
      vertex -5.500000e+01 -9.961947e+00  7.487156e+01
      vertex -3.800000e+01 -1.000000e+01  7.400000e+01
      vertex -3.799539e+01 -9.982455e+00  7.459211e+01
    endloop
  endfacet
  facet normal  2.570697e-04 -9.960548e-01  8.873975e-02
    outer loop
      vertex -5.500000e+01 -9.961947e+00  7.487156e+01
      vertex -3.799539e+01 -9.982455e+00  7.459211e+01
      vertex -3.798161e+01 -9.929896e+00  7.518201e+01
    endloop
  endfacet
  facet normal -6.721167e-05 -5.373005e-01  8.433909e-01
    outer loop
      vertex -5.500000e+01 -5.735765e+00  8.219152e+01
      vertex -3.710298e+01 -5.712363e+00  8.220786e+01
      vertex -5.500000e+01 -5.000000e+00  8.266026e+01
    endloop
  endfacet
  facet normal  4.269511e-05 -5.353331e-01  8.446410e-01
    outer loop
      vertex -5.500000e+01 -5.000000e+00  8.266026e+01
      vertex -3.710298e+01 -5.712363e+00  8.220786e+01
      vertex -3.699787e+01 -4.984191e+00  8.266936e+01
    endloop
  endfacet
  facet normal -4.336279e-05 -4.617491e-01  8.870106e-01
    outer loop
      vertex -5.500000e+01 -5.000000e+00  8.266026e+01
      vertex -3.699787e+01 -4.984191e+00  8.266936e+01
      vertex -5.500000e+01 -4.226182e+00  8.306308e+01
    endloop
  endfacet
  facet normal -3.105427e-04 -4.667365e-01  8.843964e-01
    outer loop
      vertex -5.500000e+01 -4.226182e+00  8.306308e+01
      vertex -3.699787e+01 -4.984191e+00  8.266936e+01
      vertex -3.691721e+01 -4.345192e+00  8.300662e+01
    endloop
  endfacet
  facet normal  2.156255e-04 -4.016775e-01  9.157812e-01
    outer loop
      vertex -5.500000e+01 -4.226182e+00  8.306308e+01
      vertex -3.691721e+01 -4.345192e+00  8.300662e+01
      vertex -3.684511e+01 -3.682678e+00  8.329720e+01
    endloop
  endfacet
  facet normal -3.871410e-04  2.118465e-01  9.773028e-01
    outer loop
      vertex -3.679980e+01  2.415094e+00  8.370399e+01
      vertex -5.500000e+01  2.588191e+00  8.365926e+01
      vertex -3.675808e+01  1.820387e+00  8.383292e+01
    endloop
  endfacet
  facet normal -1.842039e-04  2.164403e-01  9.762958e-01
    outer loop
      vertex -3.675808e+01  1.820387e+00  8.383292e+01
      vertex -5.500000e+01  2.588191e+00  8.365926e+01
      vertex -5.500000e+01  1.736482e+00  8.384808e+01
    endloop
  endfacet
  facet normal  1.222286e-04  1.520019e-01  9.883802e-01
    outer loop
      vertex -3.675808e+01  1.820387e+00  8.383292e+01
      vertex -5.500000e+01  1.736482e+00  8.384808e+01
      vertex -3.672812e+01  1.218252e+00  8.392551e+01
    endloop
  endfacet
  facet normal  -0.000000e+00  9.991649e-01  4.085851e-02
    outer loop
      vertex -3.800000e+01  1.000000e+01  7.400000e+01
      vertex -5.500000e+01  1.000000e+01  7.400000e+01
      vertex -3.799123e+01  9.966612e+00  7.481648e+01
    endloop
  endfacet
  facet normal -1.327320e-04  9.990483e-01  4.361878e-02
    outer loop
      vertex -3.799123e+01  9.966612e+00  7.481648e+01
      vertex -5.500000e+01  1.000000e+01  7.400000e+01
      vertex -5.500000e+01  9.961947e+00  7.487156e+01
    endloop
  endfacet
  facet normal  1.237754e-04  9.924958e-01  1.222786e-01
    outer loop
      vertex -3.799123e+01  9.966612e+00  7.481648e+01
      vertex -5.500000e+01  9.961947e+00  7.487156e+01
      vertex -3.796515e+01  9.866735e+00  7.562713e+01
    endloop
  endfacet
  facet normal -1.477300e-04  9.762958e-01 -2.164406e-01
    outer loop
      vertex -5.500000e+01  9.848078e+00  7.226352e+01
      vertex -3.791582e+01  9.675197e+00  7.147205e+01
      vertex -5.500000e+01  9.659258e+00  7.141181e+01
    endloop
  endfacet
  facet normal  1.435892e-04  9.559062e-01 -2.936720e-01
    outer loop
      vertex -5.500000e+01  9.659258e+00  7.141181e+01
      vertex -3.791582e+01  9.675197e+00  7.147205e+01
      vertex -3.785290e+01  9.425589e+00  7.065960e+01
    endloop
  endfacet
  facet normal -1.947195e-04  9.537175e-01 -3.007040e-01
    outer loop
      vertex -5.500000e+01  9.659258e+00  7.141181e+01
      vertex -3.785290e+01  9.425589e+00  7.065960e+01
      vertex -5.500000e+01  9.396926e+00  7.057980e+01
    endloop
  endfacet
  facet normal  1.851822e-04  9.278191e-01 -3.730304e-01
    outer loop
      vertex -5.500000e+01  9.396926e+00  7.057980e+01
      vertex -3.785290e+01  9.425589e+00  7.065960e+01
      vertex -3.777664e+01  9.114532e+00  6.988596e+01
    endloop
  endfacet
  facet normal -2.683436e-04  9.238790e-01 -3.826849e-01
    outer loop
      vertex -5.500000e+01  9.396926e+00  7.057980e+01
      vertex -3.777664e+01  9.114532e+00  6.988596e+01
      vertex -5.500000e+01  9.063078e+00  6.977382e+01
    endloop
  endfacet
  facet normal  2.538519e-04  8.935478e-01 -4.489680e-01
    outer loop
      vertex -5.500000e+01  9.063078e+00  6.977382e+01
      vertex -3.777664e+01  9.114532e+00  6.988596e+01
      vertex -3.768819e+01  8.740675e+00  6.914195e+01
    endloop
  endfacet
  facet normal -3.343193e-04  8.870113e-01 -4.617475e-01
    outer loop
      vertex -5.500000e+01  9.063078e+00  6.977382e+01
      vertex -3.768819e+01  8.740675e+00  6.914195e+01
      vertex -5.500000e+01  8.660254e+00  6.900000e+01
    endloop
  endfacet
  facet normal  3.146584e-04  8.531299e-01 -5.216987e-01
    outer loop
      vertex -5.500000e+01  8.660254e+00  6.900000e+01
      vertex -3.768819e+01  8.740675e+00  6.914195e+01
      vertex -3.758994e+01  8.306816e+00  6.843253e+01
    endloop
  endfacet
  facet normal -3.915731e-04  8.433910e-01 -5.373001e-01
    outer loop
      vertex -5.500000e+01  8.660254e+00  6.900000e+01
      vertex -3.758994e+01  8.306816e+00  6.843253e+01
      vertex -5.500000e+01  8.191521e+00  6.826424e+01
    endloop
  endfacet
  facet normal  3.667401e-04  8.068697e-01 -5.907294e-01
    outer loop
      vertex -5.500000e+01  8.191521e+00  6.826424e+01
      vertex -3.758994e+01  8.306816e+00  6.843253e+01
      vertex -3.748454e+01  7.816067e+00  6.776228e+01
    endloop
  endfacet
  facet normal -4.396634e-04  7.933548e-01 -6.087594e-01
    outer loop
      vertex -5.500000e+01  8.191521e+00  6.826424e+01
      vertex -3.748454e+01  7.816067e+00  6.776228e+01
      vertex -5.500000e+01  7.660444e+00  6.757212e+01
    endloop
  endfacet
  facet normal  4.093455e-04  7.550777e-01 -6.556350e-01
    outer loop
      vertex -5.500000e+01  7.660444e+00  6.757212e+01
      vertex -3.748454e+01  7.816067e+00  6.776228e+01
      vertex -3.737484e+01  7.271789e+00  6.713552e+01
    endloop
  endfacet
  facet normal -4.775686e-04  7.372757e-01 -6.755918e-01
    outer loop
      vertex -5.500000e+01  7.660444e+00  6.757212e+01
      vertex -3.737484e+01  7.271789e+00  6.713552e+01
      vertex -5.500000e+01  7.071068e+00  6.692893e+01
    endloop
  endfacet
  facet normal  3.892580e-04  7.004171e-01 -7.137337e-01
    outer loop
      vertex -5.500000e+01  7.071068e+00  6.692893e+01
      vertex -3.737484e+01  7.271789e+00  6.713552e+01
      vertex -3.727241e+01  6.725507e+00  6.659949e+01
    endloop
  endfacet
  facet normal -5.321793e-04  6.755911e-01 -7.372763e-01
    outer loop
      vertex -5.500000e+01  7.071068e+00  6.692893e+01
      vertex -3.727241e+01  6.725507e+00  6.659949e+01
      vertex -5.500000e+01  6.427876e+00  6.633955e+01
    endloop
  endfacet
  facet normal  4.118455e-04  6.437680e-01 -7.652208e-01
    outer loop
      vertex -3.727241e+01  6.725507e+00  6.659949e+01
      vertex -3.717116e+01  6.139665e+00  6.610668e+01
      vertex -5.500000e+01  6.427876e+00  6.633955e+01
    endloop
  endfacet
  facet normal -5.215296e-04  6.087604e-01 -7.933539e-01
    outer loop
      vertex -5.500000e+01  5.735765e+00  6.580848e+01
      vertex -5.500000e+01  6.427876e+00  6.633955e+01
      vertex -3.717116e+01  6.139665e+00  6.610668e+01
    endloop
  endfacet
  facet normal  3.705604e-04  5.833248e-01 -8.122388e-01
    outer loop
      vertex -3.717116e+01  6.139665e+00  6.610668e+01
      vertex -3.707346e+01  5.517422e+00  6.565985e+01
      vertex -5.500000e+01  5.735765e+00  6.580848e+01
    endloop
  endfacet
  facet normal -4.482896e-04  5.373004e-01 -8.433909e-01
    outer loop
      vertex -5.500000e+01  5.000000e+00  6.533974e+01
      vertex -5.500000e+01  5.735765e+00  6.580848e+01
      vertex -3.707346e+01  5.517422e+00  6.565985e+01
    endloop
  endfacet
  facet normal  2.677861e-04  5.193880e-01 -8.545385e-01
    outer loop
      vertex -3.707346e+01  5.517422e+00  6.565985e+01
      vertex -3.698162e+01  4.862173e+00  6.526162e+01
      vertex -5.500000e+01  5.000000e+00  6.533974e+01
    endloop
  endfacet
  facet normal -3.139035e-04  4.617490e-01 -8.870106e-01
    outer loop
      vertex -5.500000e+01  4.226182e+00  6.493692e+01
      vertex -5.500000e+01  5.000000e+00  6.533974e+01
      vertex -3.698162e+01  4.862173e+00  6.526162e+01
    endloop
  endfacet
  facet normal -7.708482e-04  1.305253e-01 -9.914446e-01
    outer loop
      vertex -5.500000e+01  1.736482e+00  6.415192e+01
      vertex -4.315103e+01  1.218252e+00  6.407449e+01
      vertex -5.500000e+01  8.715574e-01  6.403806e+01
    endloop
  endfacet
  facet normal  7.443041e-04  7.930998e-02 -9.968497e-01
    outer loop
      vertex -5.500000e+01  8.715574e-01  6.403806e+01
      vertex -4.315103e+01  1.218252e+00  6.407449e+01
      vertex -4.317295e+01  3.668222e-01  6.400673e+01
    endloop
  endfacet
  facet normal -7.845439e-04  4.362211e-02 -9.990478e-01
    outer loop
      vertex -5.500000e+01  8.715574e-01  6.403806e+01
      vertex -4.317295e+01  3.668222e-01  6.400673e+01
      vertex -5.500000e+01 -1.836970e-15  6.400000e+01
    endloop
  endfacet
  facet normal  7.564071e-04 -6.043981e-03 -9.999814e-01
    outer loop
      vertex -5.500000e+01 -1.836970e-15  6.400000e+01
      vertex -4.317295e+01  3.668222e-01  6.400673e+01
      vertex -4.317128e+01 -4.875385e-01  6.401189e+01
    endloop
  endfacet
  facet normal -7.933709e-04 -4.362212e-02 -9.990479e-01
    outer loop
      vertex -5.500000e+01 -1.836970e-15  6.400000e+01
      vertex -4.317128e+01 -4.875385e-01  6.401189e+01
      vertex -5.500000e+01 -8.715574e-01  6.403806e+01
    endloop
  endfacet
  facet normal  7.627421e-04 -9.133433e-02 -9.958200e-01
    outer loop
      vertex -5.500000e+01 -8.715574e-01  6.403806e+01
      vertex -4.317128e+01 -4.875385e-01  6.401189e+01
      vertex -4.314603e+01 -1.337962e+00  6.408991e+01
    endloop
  endfacet
  facet normal -7.984014e-04 -1.305253e-01 -9.914446e-01
    outer loop
      vertex -5.500000e+01 -8.715574e-01  6.403806e+01
      vertex -4.314603e+01 -1.337962e+00  6.408991e+01
      vertex -5.500000e+01 -1.736482e+00  6.415192e+01
    endloop
  endfacet
  facet normal  7.637955e-04 -1.758979e-01 -9.844081e-01
    outer loop
      vertex -5.500000e+01 -1.736482e+00  6.415192e+01
      vertex -4.314603e+01 -1.337962e+00  6.408991e+01
      vertex -4.309748e+01 -2.177658e+00  6.423999e+01
    endloop
  endfacet
  facet normal -7.989601e-04 -2.164402e-01 -9.762957e-01
    outer loop
      vertex -5.500000e+01 -1.736482e+00  6.415192e+01
      vertex -4.309748e+01 -2.177658e+00  6.423999e+01
      vertex -5.500000e+01 -2.588191e+00  6.434074e+01
    endloop
  endfacet
  facet normal -4.755534e-04 -3.826823e-01 -9.238799e-01
    outer loop
      vertex -5.500000e+01 -4.226182e+00  6.493692e+01
      vertex -5.500000e+01 -3.420202e+00  6.460307e+01
      vertex -3.684721e+01 -3.703629e+00  6.471113e+01
    endloop
  endfacet
  facet normal  2.782191e-04 -4.047776e-01 -9.144151e-01
    outer loop
      vertex -3.684721e+01 -3.703629e+00  6.471113e+01
      vertex -3.692200e+01 -4.385713e+00  6.501304e+01
      vertex -5.500000e+01 -4.226182e+00  6.493692e+01
    endloop
  endfacet
  facet normal -3.399168e-04 -4.617490e-01 -8.870105e-01
    outer loop
      vertex -5.500000e+01 -5.000000e+00  6.533974e+01
      vertex -5.500000e+01 -4.226182e+00  6.493692e+01
      vertex -3.692200e+01 -4.385713e+00  6.501304e+01
    endloop
  endfacet
  facet normal  2.637303e-04 -4.756042e-01 -8.796594e-01
    outer loop
      vertex -3.692200e+01 -4.385713e+00  6.501304e+01
      vertex -3.701608e+01 -5.117662e+00  6.540875e+01
      vertex -5.500000e+01 -5.000000e+00  6.533974e+01
    endloop
  endfacet
  facet normal -2.790944e-04 -5.373004e-01 -8.433909e-01
    outer loop
      vertex -5.500000e+01 -5.735765e+00  6.580848e+01
      vertex -5.500000e+01 -5.000000e+00  6.533974e+01
      vertex -3.701608e+01 -5.117662e+00  6.540875e+01
    endloop
  endfacet
  facet normal  1.956473e-04 -5.470464e-01 -8.371023e-01
    outer loop
      vertex -3.701608e+01 -5.117662e+00  6.540875e+01
      vertex -3.711867e+01 -5.813404e+00  6.586340e+01
      vertex -5.500000e+01 -5.735765e+00  6.580848e+01
    endloop
  endfacet
  facet normal -2.066672e-04 -6.087605e-01 -7.933541e-01
    outer loop
      vertex -5.500000e+01 -6.427876e+00  6.633955e+01
      vertex -5.500000e+01 -5.735765e+00  6.580848e+01
      vertex -3.711867e+01 -5.813404e+00  6.586340e+01
    endloop
  endfacet
  facet normal  1.163057e-04 -6.146376e-01 -7.888096e-01
    outer loop
      vertex -3.711867e+01 -5.813404e+00  6.586340e+01
      vertex -3.722689e+01 -6.468466e+00  6.637380e+01
      vertex -5.500000e+01 -6.427876e+00  6.633955e+01
    endloop
  endfacet
  facet normal -2.855441e-04 -7.933548e-01 -6.087595e-01
    outer loop
      vertex -5.500000e+01 -7.660444e+00  6.757212e+01
      vertex -3.754763e+01 -8.113250e+00  6.815405e+01
      vertex -5.500000e+01 -8.191521e+00  6.826424e+01
    endloop
  endfacet
  facet normal  2.458826e-04 -8.332352e-01 -5.529187e-01
    outer loop
      vertex -5.500000e+01 -8.191521e+00  6.826424e+01
      vertex -3.754763e+01 -8.113250e+00  6.815405e+01
      vertex -3.764188e+01 -8.538804e+00  6.879530e+01
    endloop
  endfacet
  facet normal -4.351477e-04 -8.433910e-01 -5.373002e-01
    outer loop
      vertex -5.500000e+01 -8.191521e+00  6.826424e+01
      vertex -3.764188e+01 -8.538804e+00  6.879530e+01
      vertex -5.500000e+01 -8.660254e+00  6.900000e+01
    endloop
  endfacet
  facet normal  3.656459e-04 -8.733183e-01 -4.871499e-01
    outer loop
      vertex -5.500000e+01 -8.660254e+00  6.900000e+01
      vertex -3.764188e+01 -8.538804e+00  6.879530e+01
      vertex -3.772880e+01 -8.914180e+00  6.946818e+01
    endloop
  endfacet
  facet normal -5.242666e-04 -8.870113e-01 -4.617475e-01
    outer loop
      vertex -5.500000e+01 -8.660254e+00  6.900000e+01
      vertex -3.772880e+01 -8.914180e+00  6.946818e+01
      vertex -5.500000e+01 -9.063078e+00  6.977382e+01
    endloop
  endfacet
  facet normal  4.256206e-04 -9.082537e-01 -4.184197e-01
    outer loop
      vertex -5.500000e+01 -9.063078e+00  6.977382e+01
      vertex -3.772880e+01 -8.914180e+00  6.946818e+01
      vertex -3.780638e+01 -9.237015e+00  7.016887e+01
    endloop
  endfacet
  facet normal -5.535146e-04 -9.238787e-01 -3.826848e-01
    outer loop
      vertex -5.500000e+01 -9.063078e+00  6.977382e+01
      vertex -3.780638e+01 -9.237015e+00  7.016887e+01
      vertex -5.500000e+01 -9.396926e+00  7.057980e+01
    endloop
  endfacet
  facet normal  4.262618e-04 -9.378222e-01 -3.471159e-01
    outer loop
      vertex -3.780638e+01 -9.237015e+00  7.016887e+01
      vertex -3.787280e+01 -9.505188e+00  7.089333e+01
      vertex -5.500000e+01 -9.396926e+00  7.057980e+01
    endloop
  endfacet
  facet normal -5.238267e-04 -9.537174e-01 -3.007040e-01
    outer loop
      vertex -5.500000e+01 -9.659258e+00  7.141181e+01
      vertex -5.500000e+01 -9.396926e+00  7.057980e+01
      vertex -3.787280e+01 -9.505188e+00  7.089333e+01
    endloop
  endfacet
  facet normal  3.682192e-04 -9.618299e-01 -2.736476e-01
    outer loop
      vertex -3.787280e+01 -9.505188e+00  7.089333e+01
      vertex -3.792648e+01 -9.716866e+00  7.163727e+01
      vertex -5.500000e+01 -9.659258e+00  7.141181e+01
    endloop
  endfacet
  facet normal -4.360101e-04 -9.762958e-01 -2.164406e-01
    outer loop
      vertex -5.500000e+01 -9.848078e+00  7.226352e+01
      vertex -5.500000e+01 -9.659258e+00  7.141181e+01
      vertex -3.792648e+01 -9.716866e+00  7.163727e+01
    endloop
  endfacet
  facet normal  2.902572e-04 -9.803067e-01 -1.974807e-01
    outer loop
      vertex -3.792648e+01 -9.716866e+00  7.163727e+01
      vertex -3.796697e+01 -9.873747e+00  7.241598e+01
      vertex -5.500000e+01 -9.848078e+00  7.226352e+01
    endloop
  endfacet
  facet normal -3.258143e-04 -9.914446e-01 -1.305268e-01
    outer loop
      vertex -5.500000e+01 -9.961947e+00  7.312844e+01
      vertex -5.500000e+01 -9.848078e+00  7.226352e+01
      vertex -3.796697e+01 -9.873747e+00  7.241598e+01
    endloop
  endfacet
  facet normal  -0.000000e+00 -3.354134e-01 -9.420711e-01
    outer loop
      vertex -4.302609e+01 -3.000000e+00  6.446061e+01
      vertex -3.678315e+01 -3.000000e+00  6.446061e+01
      vertex -3.684721e+01 -3.703629e+00  6.471113e+01
    endloop
  endfacet
  facet normal  4.302116e-04 -3.320584e-01 -9.432588e-01
    outer loop
      vertex -4.302609e+01 -3.000000e+00  6.446061e+01
      vertex -3.684721e+01 -3.703629e+00  6.471113e+01
      vertex -5.500000e+01 -3.420202e+00  6.460307e+01
    endloop
  endfacet
  facet normal -7.945956e-04 -3.007026e-01 -9.537176e-01
    outer loop
      vertex -4.302609e+01 -3.000000e+00  6.446061e+01
      vertex -5.500000e+01 -3.420202e+00  6.460307e+01
      vertex -5.500000e+01 -2.588191e+00  6.434074e+01
    endloop
  endfacet
  facet normal  7.592640e-04 -2.590569e-01 -9.658619e-01
    outer loop
      vertex -4.302609e+01 -3.000000e+00  6.446061e+01
      vertex -5.500000e+01 -2.588191e+00  6.434074e+01
      vertex -4.309748e+01 -2.177658e+00  6.423999e+01
    endloop
  endfacet
  facet normal  3.209164e-04  2.708586e-01 -9.626191e-01
    outer loop
      vertex -4.302609e+01  3.000000e+00  6.446061e+01
      vertex -4.307935e+01  2.415094e+00  6.429601e+01
      vertex -5.500000e+01  2.588191e+00  6.434074e+01
    endloop
  endfacet
  facet normal -7.945963e-04  3.007026e-01 -9.537176e-01
    outer loop
      vertex -4.302609e+01  3.000000e+00  6.446061e+01
      vertex -5.500000e+01  2.588191e+00  6.434074e+01
      vertex -5.500000e+01  3.420202e+00  6.460307e+01
    endloop
  endfacet
  facet normal  6.340667e-05  3.227048e-01 -9.464996e-01
    outer loop
      vertex -4.302609e+01  3.000000e+00  6.446061e+01
      vertex -5.500000e+01  3.420202e+00  6.460307e+01
      vertex -3.682421e+01  3.467359e+00  6.462037e+01
    endloop
  endfacet
  facet normal  0.000000e+00  3.234583e-01 -9.462425e-01
    outer loop
      vertex -4.302609e+01  3.000000e+00  6.446061e+01
      vertex -3.682421e+01  3.467359e+00  6.462037e+01
      vertex -3.678315e+01  3.000000e+00  6.446061e+01
    endloop
  endfacet
  facet normal  0.000000e+00  9.990482e-01 -4.361877e-02
    outer loop
      vertex -5.500000e+01  1.000000e+01  7.400000e+01
      vertex -3.800000e+01  1.000000e+01  7.400000e+01
      vertex -5.500000e+01  9.961947e+00  7.312844e+01
    endloop
  endfacet
  facet normal -5.182972e-05  9.990917e-01 -4.260972e-02
    outer loop
      vertex -5.500000e+01  9.961947e+00  7.312844e+01
      vertex -3.800000e+01  1.000000e+01  7.400000e+01
      vertex -3.799046e+01  9.963689e+00  7.314858e+01
    endloop
  endfacet
  facet normal  5.305898e-05  9.914448e-01 -1.305269e-01
    outer loop
      vertex -5.500000e+01  9.961947e+00  7.312844e+01
      vertex -3.799046e+01  9.963689e+00  7.314858e+01
      vertex -5.500000e+01  9.848078e+00  7.226352e+01
    endloop
  endfacet
  facet normal -1.070428e-04  9.918384e-01 -1.275014e-01
    outer loop
      vertex -5.500000e+01  9.848078e+00  7.226352e+01
      vertex -3.799046e+01  9.963689e+00  7.314858e+01
      vertex -3.796212e+01  9.855092e+00  7.230378e+01
    endloop
  endfacet
  facet normal  9.714372e-05  9.774004e-01 -2.113962e-01
    outer loop
      vertex -5.500000e+01  9.848078e+00  7.226352e+01
      vertex -3.796212e+01  9.855092e+00  7.230378e+01
      vertex -3.791582e+01  9.675197e+00  7.147205e+01
    endloop
  endfacet
  facet normal -1.132525e-04  3.825220e-01 -9.239464e-01
    outer loop
      vertex -3.682421e+01  3.467359e+00  6.462037e+01
      vertex -5.500000e+01  3.420202e+00  6.460307e+01
      vertex -3.689786e+01  4.177538e+00  6.491440e+01
    endloop
  endfacet
  facet normal -1.211015e-04  3.826823e-01 -9.238800e-01
    outer loop
      vertex -3.689786e+01  4.177538e+00  6.491440e+01
      vertex -5.500000e+01  3.420202e+00  6.460307e+01
      vertex -5.500000e+01  4.226182e+00  6.493692e+01
    endloop
  endfacet
  facet normal  1.058984e-04  4.523273e-01 -8.918520e-01
    outer loop
      vertex -3.689786e+01  4.177538e+00  6.491440e+01
      vertex -5.500000e+01  4.226182e+00  6.493692e+01
      vertex -3.698162e+01  4.862173e+00  6.526162e+01
    endloop
  endfacet
  facet normal -5.205959e-04  2.164402e-01 -9.762957e-01
    outer loop
      vertex -5.500000e+01  2.588191e+00  6.434074e+01
      vertex -4.307935e+01  2.415094e+00  6.429601e+01
      vertex -5.500000e+01  1.736482e+00  6.415192e+01
    endloop
  endfacet
  facet normal -2.494538e-04  2.118892e-01 -9.772937e-01
    outer loop
      vertex -5.500000e+01  1.736482e+00  6.415192e+01
      vertex -4.307935e+01  2.415094e+00  6.429601e+01
      vertex -4.312106e+01  1.820387e+00  6.416708e+01
    endloop
  endfacet
  facet normal  1.878101e-04  1.519868e-01 -9.883825e-01
    outer loop
      vertex -5.500000e+01  1.736482e+00  6.415192e+01
      vertex -4.312106e+01  1.820387e+00  6.416708e+01
      vertex -4.315103e+01  1.218252e+00  6.407449e+01
    endloop
  endfacet
  facet normal -1.222036e-04 -6.755912e-01 -7.372764e-01
    outer loop
      vertex -5.500000e+01 -6.427876e+00  6.633955e+01
      vertex -3.722689e+01 -6.468466e+00  6.637380e+01
      vertex -5.500000e+01 -7.071068e+00  6.692893e+01
    endloop
  endfacet
  facet normal  2.496433e-05 -6.779416e-01 -7.351159e-01
    outer loop
      vertex -5.500000e+01 -7.071068e+00  6.692893e+01
      vertex -3.722689e+01 -6.468466e+00  6.637380e+01
      vertex -3.733775e+01 -7.078657e+00  6.693653e+01
    endloop
  endfacet
  facet normal -2.614028e-05 -7.372758e-01 -6.755919e-01
    outer loop
      vertex -5.500000e+01 -7.071068e+00  6.692893e+01
      vertex -3.733775e+01 -7.078657e+00  6.693653e+01
      vertex -5.500000e+01 -7.660444e+00  6.757212e+01
    endloop
  endfacet
  facet normal -7.749190e-05 -7.365642e-01 -6.763677e-01
    outer loop
      vertex -5.500000e+01 -7.660444e+00  6.757212e+01
      vertex -3.733775e+01 -7.078657e+00  6.693653e+01
      vertex -3.744824e+01 -7.640075e+00  6.754793e+01
    endloop
  endfacet
  facet normal  6.659763e-05 -7.882534e-01 -6.153509e-01
    outer loop
      vertex -5.500000e+01 -7.660444e+00  6.757212e+01
      vertex -3.744824e+01 -7.640075e+00  6.754793e+01
      vertex -3.754763e+01 -8.113250e+00  6.815405e+01
    endloop
  endfacet
  facet normal  0.000000e+00 -9.992090e-01 -3.976629e-02
    outer loop
      vertex -3.800000e+01 -1.000000e+01  7.400000e+01
      vertex -5.500000e+01 -1.000000e+01  7.400000e+01
      vertex -3.799169e+01 -9.968373e+00  7.320531e+01
    endloop
  endfacet
  facet normal -1.803002e-04 -9.990483e-01 -4.361878e-02
    outer loop
      vertex -3.799169e+01 -9.968373e+00  7.320531e+01
      vertex -5.500000e+01 -1.000000e+01  7.400000e+01
      vertex -5.500000e+01 -9.961947e+00  7.312844e+01
    endloop
  endfacet
  facet normal  1.628389e-04 -9.928914e-01 -1.190236e-01
    outer loop
      vertex -3.799169e+01 -9.968373e+00  7.320531e+01
      vertex -5.500000e+01 -9.961947e+00  7.312844e+01
      vertex -3.796697e+01 -9.873747e+00  7.241598e+01
    endloop
  endfacet
  facet normal  -0.000000e+00  8.715234e-02  9.961950e-01
    outer loop
      vertex  0.000000e+00 -6.123234e-16  4.350000e+01
      vertex -1.000000e+01 -4.341204e-01  4.353798e+01
      vertex  0.000000e+00 -4.341204e-01  4.353798e+01
    endloop
  endfacet
  facet normal  0.000000e+00  2.588218e-01  9.659251e-01
    outer loop
      vertex  0.000000e+00 -4.341204e-01  4.353798e+01
      vertex -1.000000e+01 -4.341204e-01  4.353798e+01
      vertex -1.000000e+01 -8.550504e-01  4.365077e+01
    endloop
  endfacet
  facet normal  -0.000000e+00  2.588218e-01  9.659251e-01
    outer loop
      vertex  0.000000e+00 -4.341204e-01  4.353798e+01
      vertex -1.000000e+01 -8.550504e-01  4.365077e+01
      vertex  0.000000e+00 -8.550504e-01  4.365077e+01
    endloop
  endfacet
  facet normal  0.000000e+00  4.226215e-01  9.063063e-01
    outer loop
      vertex  0.000000e+00 -8.550504e-01  4.365077e+01
      vertex -1.000000e+01 -8.550504e-01  4.365077e+01
      vertex -1.000000e+01 -1.250000e+00  4.383494e+01
    endloop
  endfacet
  facet normal  -0.000000e+00  4.226215e-01  9.063063e-01
    outer loop
      vertex  0.000000e+00 -8.550504e-01  4.365077e+01
      vertex -1.000000e+01 -1.250000e+00  4.383494e+01
      vertex  0.000000e+00 -1.250000e+00  4.383494e+01
    endloop
  endfacet
  facet normal  0.000000e+00  5.735734e-01  8.191541e-01
    outer loop
      vertex  0.000000e+00 -1.250000e+00  4.383494e+01
      vertex -1.000000e+01 -1.250000e+00  4.383494e+01
      vertex -1.000000e+01 -1.606969e+00  4.408489e+01
    endloop
  endfacet
  facet normal  -0.000000e+00  5.735734e-01  8.191541e-01
    outer loop
      vertex  0.000000e+00 -1.250000e+00  4.383494e+01
      vertex -1.000000e+01 -1.606969e+00  4.408489e+01
      vertex  0.000000e+00 -1.606969e+00  4.408489e+01
    endloop
  endfacet
  facet normal  0.000000e+00  7.071085e-01  7.071049e-01
    outer loop
      vertex  0.000000e+00 -1.606969e+00  4.408489e+01
      vertex -1.000000e+01 -1.606969e+00  4.408489e+01
      vertex -1.000000e+01 -1.915111e+00  4.439303e+01
    endloop
  endfacet
  facet normal  -0.000000e+00  7.071085e-01  7.071049e-01
    outer loop
      vertex  0.000000e+00 -1.606969e+00  4.408489e+01
      vertex -1.000000e+01 -1.915111e+00  4.439303e+01
      vertex  0.000000e+00 -1.915111e+00  4.439303e+01
    endloop
  endfacet
  facet normal  0.000000e+00  8.191510e-01  5.735779e-01
    outer loop
      vertex  0.000000e+00 -1.915111e+00  4.439303e+01
      vertex -1.000000e+01 -1.915111e+00  4.439303e+01
      vertex -1.000000e+01 -2.165064e+00  4.475000e+01
    endloop
  endfacet
  facet normal  -0.000000e+00  8.191510e-01  5.735779e-01
    outer loop
      vertex  0.000000e+00 -1.915111e+00  4.439303e+01
      vertex -1.000000e+01 -2.165064e+00  4.475000e+01
      vertex  0.000000e+00 -2.165064e+00  4.475000e+01
    endloop
  endfacet
  facet normal  0.000000e+00  9.063084e-01  4.226168e-01
    outer loop
      vertex  0.000000e+00 -2.165064e+00  4.475000e+01
      vertex -1.000000e+01 -2.165064e+00  4.475000e+01
      vertex -1.000000e+01 -2.349231e+00  4.514495e+01
    endloop
  endfacet
  facet normal  -0.000000e+00  9.063084e-01  4.226168e-01
    outer loop
      vertex  0.000000e+00 -2.165064e+00  4.475000e+01
      vertex -1.000000e+01 -2.349231e+00  4.514495e+01
      vertex  0.000000e+00 -2.349231e+00  4.514495e+01
    endloop
  endfacet
  facet normal  0.000000e+00  9.659256e-01  2.588199e-01
    outer loop
      vertex  0.000000e+00 -2.349231e+00  4.514495e+01
      vertex -1.000000e+01 -2.349231e+00  4.514495e+01
      vertex -1.000000e+01 -2.462019e+00  4.556588e+01
    endloop
  endfacet
  facet normal  -0.000000e+00  9.659256e-01  2.588199e-01
    outer loop
      vertex  0.000000e+00 -2.349231e+00  4.514495e+01
      vertex -1.000000e+01 -2.462019e+00  4.556588e+01
      vertex  0.000000e+00 -2.462019e+00  4.556588e+01
    endloop
  endfacet
  facet normal  0.000000e+00  9.961947e-01  8.715566e-02
    outer loop
      vertex  0.000000e+00 -2.462019e+00  4.556588e+01
      vertex -1.000000e+01 -2.462019e+00  4.556588e+01
      vertex -1.000000e+01 -2.500000e+00  4.600000e+01
    endloop
  endfacet
  facet normal  -0.000000e+00  9.961947e-01  8.715566e-02
    outer loop
      vertex  0.000000e+00 -2.462019e+00  4.556588e+01
      vertex -1.000000e+01 -2.500000e+00  4.600000e+01
      vertex  4.440892e-16 -2.500000e+00  4.600000e+01
    endloop
  endfacet
  facet normal  6.670678e-18  8.715234e-02  9.961950e-01
    outer loop
      vertex -1.000000e+01 -4.341204e-01  4.353798e+01
      vertex  0.000000e+00 -6.123234e-16  4.350000e+01
      vertex -1.000000e+01  1.530808e-16  4.350000e+01
    endloop
  endfacet
  facet normal -6.670678e-18 -8.715234e-02  9.961950e-01
    outer loop
      vertex -1.000000e+01  1.530808e-16  4.350000e+01
      vertex  0.000000e+00 -6.123234e-16  4.350000e+01
      vertex  0.000000e+00  4.341204e-01  4.353798e+01
    endloop
  endfacet
  facet normal  0.000000e+00 -8.715234e-02  9.961950e-01
    outer loop
      vertex -1.000000e+01  1.530808e-16  4.350000e+01
      vertex  0.000000e+00  4.341204e-01  4.353798e+01
      vertex -1.000000e+01  4.341204e-01  4.353798e+01
    endloop
  endfacet
  facet normal  0.000000e+00 -2.588218e-01  9.659251e-01
    outer loop
      vertex -1.000000e+01  4.341204e-01  4.353798e+01
      vertex  0.000000e+00  4.341204e-01  4.353798e+01
      vertex  0.000000e+00  8.550504e-01  4.365077e+01
    endloop
  endfacet
  facet normal  0.000000e+00 -2.588218e-01  9.659251e-01
    outer loop
      vertex -1.000000e+01  4.341204e-01  4.353798e+01
      vertex  0.000000e+00  8.550504e-01  4.365077e+01
      vertex -1.000000e+01  8.550504e-01  4.365077e+01
    endloop
  endfacet
  facet normal  0.000000e+00 -4.226215e-01  9.063063e-01
    outer loop
      vertex -1.000000e+01  8.550504e-01  4.365077e+01
      vertex  0.000000e+00  8.550504e-01  4.365077e+01
      vertex  0.000000e+00  1.250000e+00  4.383494e+01
    endloop
  endfacet
  facet normal  0.000000e+00 -4.226215e-01  9.063063e-01
    outer loop
      vertex -1.000000e+01  8.550504e-01  4.365077e+01
      vertex  0.000000e+00  1.250000e+00  4.383494e+01
      vertex -1.000000e+01  1.250000e+00  4.383494e+01
    endloop
  endfacet
  facet normal  0.000000e+00 -5.735734e-01  8.191541e-01
    outer loop
      vertex -1.000000e+01  1.250000e+00  4.383494e+01
      vertex  0.000000e+00  1.250000e+00  4.383494e+01
      vertex  0.000000e+00  1.606969e+00  4.408489e+01
    endloop
  endfacet
  facet normal  0.000000e+00 -5.735734e-01  8.191541e-01
    outer loop
      vertex -1.000000e+01  1.250000e+00  4.383494e+01
      vertex  0.000000e+00  1.606969e+00  4.408489e+01
      vertex -1.000000e+01  1.606969e+00  4.408489e+01
    endloop
  endfacet
  facet normal  0.000000e+00 -7.071085e-01  7.071049e-01
    outer loop
      vertex -1.000000e+01  1.606969e+00  4.408489e+01
      vertex  0.000000e+00  1.606969e+00  4.408489e+01
      vertex  0.000000e+00  1.915111e+00  4.439303e+01
    endloop
  endfacet
  facet normal  0.000000e+00 -7.071085e-01  7.071049e-01
    outer loop
      vertex -1.000000e+01  1.606969e+00  4.408489e+01
      vertex  0.000000e+00  1.915111e+00  4.439303e+01
      vertex -1.000000e+01  1.915111e+00  4.439303e+01
    endloop
  endfacet
  facet normal  0.000000e+00 -8.191510e-01  5.735779e-01
    outer loop
      vertex -1.000000e+01  1.915111e+00  4.439303e+01
      vertex  0.000000e+00  1.915111e+00  4.439303e+01
      vertex  0.000000e+00  2.165064e+00  4.475000e+01
    endloop
  endfacet
  facet normal  0.000000e+00 -8.191510e-01  5.735779e-01
    outer loop
      vertex -1.000000e+01  1.915111e+00  4.439303e+01
      vertex  0.000000e+00  2.165064e+00  4.475000e+01
      vertex -1.000000e+01  2.165064e+00  4.475000e+01
    endloop
  endfacet
  facet normal  0.000000e+00 -9.063084e-01  4.226168e-01
    outer loop
      vertex -1.000000e+01  2.165064e+00  4.475000e+01
      vertex  0.000000e+00  2.165064e+00  4.475000e+01
      vertex  0.000000e+00  2.349231e+00  4.514495e+01
    endloop
  endfacet
  facet normal  0.000000e+00 -9.063084e-01  4.226168e-01
    outer loop
      vertex -1.000000e+01  2.165064e+00  4.475000e+01
      vertex  0.000000e+00  2.349231e+00  4.514495e+01
      vertex -1.000000e+01  2.349231e+00  4.514495e+01
    endloop
  endfacet
  facet normal  0.000000e+00 -9.659256e-01  2.588199e-01
    outer loop
      vertex -1.000000e+01  2.349231e+00  4.514495e+01
      vertex  0.000000e+00  2.349231e+00  4.514495e+01
      vertex  0.000000e+00  2.462019e+00  4.556588e+01
    endloop
  endfacet
  facet normal  0.000000e+00 -9.659256e-01  2.588199e-01
    outer loop
      vertex -1.000000e+01  2.349231e+00  4.514495e+01
      vertex  0.000000e+00  2.462019e+00  4.556588e+01
      vertex -1.000000e+01  2.462019e+00  4.556588e+01
    endloop
  endfacet
  facet normal  0.000000e+00 -9.961947e-01  8.715566e-02
    outer loop
      vertex -1.000000e+01  2.462019e+00  4.556588e+01
      vertex  0.000000e+00  2.462019e+00  4.556588e+01
      vertex  0.000000e+00  2.500000e+00  4.600000e+01
    endloop
  endfacet
  facet normal  0.000000e+00 -9.961947e-01  8.715566e-02
    outer loop
      vertex -1.000000e+01  2.462019e+00  4.556588e+01
      vertex  0.000000e+00  2.500000e+00  4.600000e+01
      vertex -1.000000e+01  2.500000e+00  4.600000e+01
    endloop
  endfacet
  facet normal  0.000000e+00 -8.715234e-02 -9.961950e-01
    outer loop
      vertex  0.000000e+00  3.061617e-16  4.850000e+01
      vertex -1.000000e+01  4.341204e-01  4.846202e+01
      vertex  0.000000e+00  4.341204e-01  4.846202e+01
    endloop
  endfacet
  facet normal  -0.000000e+00 -2.588218e-01 -9.659251e-01
    outer loop
      vertex  0.000000e+00  4.341204e-01  4.846202e+01
      vertex -1.000000e+01  4.341204e-01  4.846202e+01
      vertex -1.000000e+01  8.550504e-01  4.834923e+01
    endloop
  endfacet
  facet normal  0.000000e+00 -2.588218e-01 -9.659251e-01
    outer loop
      vertex  0.000000e+00  4.341204e-01  4.846202e+01
      vertex -1.000000e+01  8.550504e-01  4.834923e+01
      vertex  0.000000e+00  8.550504e-01  4.834923e+01
    endloop
  endfacet
  facet normal  -0.000000e+00 -4.226215e-01 -9.063063e-01
    outer loop
      vertex  0.000000e+00  8.550504e-01  4.834923e+01
      vertex -1.000000e+01  8.550504e-01  4.834923e+01
      vertex -1.000000e+01  1.250000e+00  4.816506e+01
    endloop
  endfacet
  facet normal  0.000000e+00 -4.226215e-01 -9.063063e-01
    outer loop
      vertex  0.000000e+00  8.550504e-01  4.834923e+01
      vertex -1.000000e+01  1.250000e+00  4.816506e+01
      vertex  0.000000e+00  1.250000e+00  4.816506e+01
    endloop
  endfacet
  facet normal  -0.000000e+00 -5.735734e-01 -8.191541e-01
    outer loop
      vertex  0.000000e+00  1.250000e+00  4.816506e+01
      vertex -1.000000e+01  1.250000e+00  4.816506e+01
      vertex -1.000000e+01  1.606969e+00  4.791511e+01
    endloop
  endfacet
  facet normal  0.000000e+00 -5.735734e-01 -8.191541e-01
    outer loop
      vertex  0.000000e+00  1.250000e+00  4.816506e+01
      vertex -1.000000e+01  1.606969e+00  4.791511e+01
      vertex  0.000000e+00  1.606969e+00  4.791511e+01
    endloop
  endfacet
  facet normal  -0.000000e+00 -7.071085e-01 -7.071049e-01
    outer loop
      vertex  0.000000e+00  1.606969e+00  4.791511e+01
      vertex -1.000000e+01  1.606969e+00  4.791511e+01
      vertex -1.000000e+01  1.915111e+00  4.760697e+01
    endloop
  endfacet
  facet normal  0.000000e+00 -7.071085e-01 -7.071049e-01
    outer loop
      vertex  0.000000e+00  1.606969e+00  4.791511e+01
      vertex -1.000000e+01  1.915111e+00  4.760697e+01
      vertex  0.000000e+00  1.915111e+00  4.760697e+01
    endloop
  endfacet
  facet normal  -0.000000e+00 -8.191510e-01 -5.735779e-01
    outer loop
      vertex  0.000000e+00  1.915111e+00  4.760697e+01
      vertex -1.000000e+01  1.915111e+00  4.760697e+01
      vertex -1.000000e+01  2.165064e+00  4.725000e+01
    endloop
  endfacet
  facet normal  0.000000e+00 -8.191510e-01 -5.735779e-01
    outer loop
      vertex  0.000000e+00  1.915111e+00  4.760697e+01
      vertex -1.000000e+01  2.165064e+00  4.725000e+01
      vertex  0.000000e+00  2.165064e+00  4.725000e+01
    endloop
  endfacet
  facet normal  -0.000000e+00 -9.063084e-01 -4.226168e-01
    outer loop
      vertex  0.000000e+00  2.165064e+00  4.725000e+01
      vertex -1.000000e+01  2.165064e+00  4.725000e+01
      vertex -1.000000e+01  2.349231e+00  4.685505e+01
    endloop
  endfacet
  facet normal  0.000000e+00 -9.063084e-01 -4.226168e-01
    outer loop
      vertex  0.000000e+00  2.165064e+00  4.725000e+01
      vertex -1.000000e+01  2.349231e+00  4.685505e+01
      vertex  0.000000e+00  2.349231e+00  4.685505e+01
    endloop
  endfacet
  facet normal  -0.000000e+00 -9.659256e-01 -2.588199e-01
    outer loop
      vertex  0.000000e+00  2.349231e+00  4.685505e+01
      vertex -1.000000e+01  2.349231e+00  4.685505e+01
      vertex -1.000000e+01  2.462019e+00  4.643412e+01
    endloop
  endfacet
  facet normal  0.000000e+00 -9.659256e-01 -2.588199e-01
    outer loop
      vertex  0.000000e+00  2.349231e+00  4.685505e+01
      vertex -1.000000e+01  2.462019e+00  4.643412e+01
      vertex  0.000000e+00  2.462019e+00  4.643412e+01
    endloop
  endfacet
  facet normal  -0.000000e+00 -9.961947e-01 -8.715566e-02
    outer loop
      vertex  0.000000e+00  2.462019e+00  4.643412e+01
      vertex -1.000000e+01  2.462019e+00  4.643412e+01
      vertex -1.000000e+01  2.500000e+00  4.600000e+01
    endloop
  endfacet
  facet normal  0.000000e+00 -9.961947e-01 -8.715566e-02
    outer loop
      vertex  0.000000e+00  2.462019e+00  4.643412e+01
      vertex -1.000000e+01  2.500000e+00  4.600000e+01
      vertex  0.000000e+00  2.500000e+00  4.600000e+01
    endloop
  endfacet
  facet normal  6.670677e-18 -8.715234e-02 -9.961950e-01
    outer loop
      vertex -1.000000e+01  4.341204e-01  4.846202e+01
      vertex  0.000000e+00  3.061617e-16  4.850000e+01
      vertex -1.000000e+01 -4.592425e-16  4.850000e+01
    endloop
  endfacet
  facet normal -6.670677e-18  8.715234e-02 -9.961950e-01
    outer loop
      vertex -1.000000e+01 -4.592425e-16  4.850000e+01
      vertex  0.000000e+00  3.061617e-16  4.850000e+01
      vertex  0.000000e+00 -4.341204e-01  4.846202e+01
    endloop
  endfacet
  facet normal  0.000000e+00  8.715234e-02 -9.961950e-01
    outer loop
      vertex -1.000000e+01 -4.592425e-16  4.850000e+01
      vertex  0.000000e+00 -4.341204e-01  4.846202e+01
      vertex -1.000000e+01 -4.341204e-01  4.846202e+01
    endloop
  endfacet
  facet normal  0.000000e+00  2.588218e-01 -9.659251e-01
    outer loop
      vertex -1.000000e+01 -4.341204e-01  4.846202e+01
      vertex  0.000000e+00 -4.341204e-01  4.846202e+01
      vertex  0.000000e+00 -8.550504e-01  4.834923e+01
    endloop
  endfacet
  facet normal  0.000000e+00  2.588218e-01 -9.659251e-01
    outer loop
      vertex -1.000000e+01 -4.341204e-01  4.846202e+01
      vertex  0.000000e+00 -8.550504e-01  4.834923e+01
      vertex -1.000000e+01 -8.550504e-01  4.834923e+01
    endloop
  endfacet
  facet normal  0.000000e+00  4.226215e-01 -9.063063e-01
    outer loop
      vertex -1.000000e+01 -8.550504e-01  4.834923e+01
      vertex  0.000000e+00 -8.550504e-01  4.834923e+01
      vertex  0.000000e+00 -1.250000e+00  4.816506e+01
    endloop
  endfacet
  facet normal  0.000000e+00  4.226215e-01 -9.063063e-01
    outer loop
      vertex -1.000000e+01 -8.550504e-01  4.834923e+01
      vertex  0.000000e+00 -1.250000e+00  4.816506e+01
      vertex -1.000000e+01 -1.250000e+00  4.816506e+01
    endloop
  endfacet
  facet normal  0.000000e+00  5.735734e-01 -8.191541e-01
    outer loop
      vertex -1.000000e+01 -1.250000e+00  4.816506e+01
      vertex  0.000000e+00 -1.250000e+00  4.816506e+01
      vertex  0.000000e+00 -1.606969e+00  4.791511e+01
    endloop
  endfacet
  facet normal  0.000000e+00  5.735734e-01 -8.191541e-01
    outer loop
      vertex -1.000000e+01 -1.250000e+00  4.816506e+01
      vertex  0.000000e+00 -1.606969e+00  4.791511e+01
      vertex -1.000000e+01 -1.606969e+00  4.791511e+01
    endloop
  endfacet
  facet normal  0.000000e+00  7.071085e-01 -7.071049e-01
    outer loop
      vertex -1.000000e+01 -1.606969e+00  4.791511e+01
      vertex  0.000000e+00 -1.606969e+00  4.791511e+01
      vertex  0.000000e+00 -1.915111e+00  4.760697e+01
    endloop
  endfacet
  facet normal  0.000000e+00  7.071085e-01 -7.071049e-01
    outer loop
      vertex -1.000000e+01 -1.606969e+00  4.791511e+01
      vertex  0.000000e+00 -1.915111e+00  4.760697e+01
      vertex -1.000000e+01 -1.915111e+00  4.760697e+01
    endloop
  endfacet
  facet normal  0.000000e+00  8.191510e-01 -5.735779e-01
    outer loop
      vertex -1.000000e+01 -1.915111e+00  4.760697e+01
      vertex  0.000000e+00 -1.915111e+00  4.760697e+01
      vertex  0.000000e+00 -2.165064e+00  4.725000e+01
    endloop
  endfacet
  facet normal  0.000000e+00  8.191510e-01 -5.735779e-01
    outer loop
      vertex -1.000000e+01 -1.915111e+00  4.760697e+01
      vertex  0.000000e+00 -2.165064e+00  4.725000e+01
      vertex -1.000000e+01 -2.165064e+00  4.725000e+01
    endloop
  endfacet
  facet normal  0.000000e+00  9.063084e-01 -4.226168e-01
    outer loop
      vertex -1.000000e+01 -2.165064e+00  4.725000e+01
      vertex  0.000000e+00 -2.165064e+00  4.725000e+01
      vertex  0.000000e+00 -2.349231e+00  4.685505e+01
    endloop
  endfacet
  facet normal  0.000000e+00  9.063084e-01 -4.226168e-01
    outer loop
      vertex -1.000000e+01 -2.165064e+00  4.725000e+01
      vertex  0.000000e+00 -2.349231e+00  4.685505e+01
      vertex -1.000000e+01 -2.349231e+00  4.685505e+01
    endloop
  endfacet
  facet normal  0.000000e+00  9.659256e-01 -2.588199e-01
    outer loop
      vertex -1.000000e+01 -2.349231e+00  4.685505e+01
      vertex  0.000000e+00 -2.349231e+00  4.685505e+01
      vertex  0.000000e+00 -2.462019e+00  4.643412e+01
    endloop
  endfacet
  facet normal  0.000000e+00  9.659256e-01 -2.588199e-01
    outer loop
      vertex -1.000000e+01 -2.349231e+00  4.685505e+01
      vertex  0.000000e+00 -2.462019e+00  4.643412e+01
      vertex -1.000000e+01 -2.462019e+00  4.643412e+01
    endloop
  endfacet
  facet normal  0.000000e+00  9.961947e-01 -8.715566e-02
    outer loop
      vertex -1.000000e+01 -2.462019e+00  4.643412e+01
      vertex  0.000000e+00 -2.462019e+00  4.643412e+01
      vertex  4.440892e-16 -2.500000e+00  4.600000e+01
    endloop
  endfacet
  facet normal  0.000000e+00  9.961947e-01 -8.715566e-02
    outer loop
      vertex -1.000000e+01 -2.462019e+00  4.643412e+01
      vertex  4.440892e-16 -2.500000e+00  4.600000e+01
      vertex -1.000000e+01 -2.500000e+00  4.600000e+01
    endloop
  endfacet
  facet normal  1.000000e+00  -0.000000e+00  0.000000e+00
    outer loop
      vertex -1.000000e+01  4.341204e-01  4.353798e+01
      vertex -1.000000e+01 -4.341204e-01  4.353798e+01
      vertex -1.000000e+01  1.530808e-16  4.350000e+01
    endloop
  endfacet
  facet normal  1.000000e+00  0.000000e+00  0.000000e+00
    outer loop
      vertex -1.000000e+01 -4.341204e-01  4.353798e+01
      vertex -1.000000e+01  4.341204e-01  4.353798e+01
      vertex -1.000000e+01 -8.550504e-01  4.365077e+01
    endloop
  endfacet
  facet normal  9.999999e-01  -0.000000e+00  0.000000e+00
    outer loop
      vertex -1.000000e+01 -8.550504e-01  4.365077e+01
      vertex -1.000000e+01  4.341204e-01  4.353798e+01
      vertex -1.000000e+01  8.550504e-01  4.365077e+01
    endloop
  endfacet
  facet normal  1.000000e+00  0.000000e+00  0.000000e+00
    outer loop
      vertex -1.000000e+01 -8.550504e-01  4.365077e+01
      vertex -1.000000e+01  8.550504e-01  4.365077e+01
      vertex -1.000000e+01 -1.250000e+00  4.383494e+01
    endloop
  endfacet
  facet normal  1.000000e+00  -0.000000e+00  0.000000e+00
    outer loop
      vertex -1.000000e+01 -1.250000e+00  4.383494e+01
      vertex -1.000000e+01  8.550504e-01  4.365077e+01
      vertex -1.000000e+01  1.250000e+00  4.383494e+01
    endloop
  endfacet
  facet normal  1.000000e+00  0.000000e+00  0.000000e+00
    outer loop
      vertex -1.000000e+01 -1.250000e+00  4.383494e+01
      vertex -1.000000e+01  1.250000e+00  4.383494e+01
      vertex -1.000000e+01 -1.606969e+00  4.408489e+01
    endloop
  endfacet
  facet normal  9.999999e-01  -0.000000e+00  0.000000e+00
    outer loop
      vertex -1.000000e+01 -1.606969e+00  4.408489e+01
      vertex -1.000000e+01  1.250000e+00  4.383494e+01
      vertex -1.000000e+01  1.606969e+00  4.408489e+01
    endloop
  endfacet
  facet normal  1.000000e+00  0.000000e+00  0.000000e+00
    outer loop
      vertex -1.000000e+01 -1.606969e+00  4.408489e+01
      vertex -1.000000e+01  1.606969e+00  4.408489e+01
      vertex -1.000000e+01 -1.915111e+00  4.439303e+01
    endloop
  endfacet
  facet normal  9.999999e-01  -0.000000e+00  0.000000e+00
    outer loop
      vertex -1.000000e+01 -1.915111e+00  4.439303e+01
      vertex -1.000000e+01  1.606969e+00  4.408489e+01
      vertex -1.000000e+01  1.915111e+00  4.439303e+01
    endloop
  endfacet
  facet normal  1.000000e+00  0.000000e+00  0.000000e+00
    outer loop
      vertex -1.000000e+01 -1.915111e+00  4.439303e+01
      vertex -1.000000e+01  1.915111e+00  4.439303e+01
      vertex -1.000000e+01 -2.165064e+00  4.475000e+01
    endloop
  endfacet
  facet normal  1.000000e+00  -0.000000e+00  0.000000e+00
    outer loop
      vertex -1.000000e+01 -2.165064e+00  4.475000e+01
      vertex -1.000000e+01  1.915111e+00  4.439303e+01
      vertex -1.000000e+01  2.165064e+00  4.475000e+01
    endloop
  endfacet
  facet normal  9.999999e-01  0.000000e+00  0.000000e+00
    outer loop
      vertex -1.000000e+01 -2.165064e+00  4.475000e+01
      vertex -1.000000e+01  2.165064e+00  4.475000e+01
      vertex -1.000000e+01 -2.349231e+00  4.514495e+01
    endloop
  endfacet
  facet normal  1.000000e+00  -0.000000e+00  0.000000e+00
    outer loop
      vertex -1.000000e+01 -2.349231e+00  4.514495e+01
      vertex -1.000000e+01  2.165064e+00  4.475000e+01
      vertex -1.000000e+01  2.349231e+00  4.514495e+01
    endloop
  endfacet
  facet normal  1.000000e+00  0.000000e+00  0.000000e+00
    outer loop
      vertex -1.000000e+01 -2.349231e+00  4.514495e+01
      vertex -1.000000e+01  2.349231e+00  4.514495e+01
      vertex -1.000000e+01 -2.462019e+00  4.556588e+01
    endloop
  endfacet
  facet normal  9.999999e-01  -0.000000e+00  0.000000e+00
    outer loop
      vertex -1.000000e+01 -2.462019e+00  4.556588e+01
      vertex -1.000000e+01  2.349231e+00  4.514495e+01
      vertex -1.000000e+01  2.462019e+00  4.556588e+01
    endloop
  endfacet
  facet normal  1.000000e+00  0.000000e+00  0.000000e+00
    outer loop
      vertex -1.000000e+01 -2.462019e+00  4.556588e+01
      vertex -1.000000e+01  2.462019e+00  4.556588e+01
      vertex -1.000000e+01 -2.500000e+00  4.600000e+01
    endloop
  endfacet
  facet normal  1.000000e+00  -0.000000e+00  0.000000e+00
    outer loop
      vertex -1.000000e+01 -2.500000e+00  4.600000e+01
      vertex -1.000000e+01  2.462019e+00  4.556588e+01
      vertex -1.000000e+01  2.500000e+00  4.600000e+01
    endloop
  endfacet
  facet normal  1.000000e+00  0.000000e+00  0.000000e+00
    outer loop
      vertex -1.000000e+01 -2.500000e+00  4.600000e+01
      vertex -1.000000e+01  2.500000e+00  4.600000e+01
      vertex -1.000000e+01 -2.462019e+00  4.643412e+01
    endloop
  endfacet
  facet normal  1.000000e+00  -0.000000e+00  0.000000e+00
    outer loop
      vertex -1.000000e+01 -2.462019e+00  4.643412e+01
      vertex -1.000000e+01  2.500000e+00  4.600000e+01
      vertex -1.000000e+01  2.462019e+00  4.643412e+01
    endloop
  endfacet
  facet normal  9.999999e-01  0.000000e+00  0.000000e+00
    outer loop
      vertex -1.000000e+01 -2.462019e+00  4.643412e+01
      vertex -1.000000e+01  2.462019e+00  4.643412e+01
      vertex -1.000000e+01 -2.349231e+00  4.685505e+01
    endloop
  endfacet
  facet normal  1.000000e+00  -0.000000e+00  0.000000e+00
    outer loop
      vertex -1.000000e+01 -2.349231e+00  4.685505e+01
      vertex -1.000000e+01  2.462019e+00  4.643412e+01
      vertex -1.000000e+01  2.349231e+00  4.685505e+01
    endloop
  endfacet
  facet normal  1.000000e+00  0.000000e+00  0.000000e+00
    outer loop
      vertex -1.000000e+01 -2.349231e+00  4.685505e+01
      vertex -1.000000e+01  2.349231e+00  4.685505e+01
      vertex -1.000000e+01 -2.165064e+00  4.725000e+01
    endloop
  endfacet
  facet normal  9.999999e-01  -0.000000e+00  0.000000e+00
    outer loop
      vertex -1.000000e+01 -2.165064e+00  4.725000e+01
      vertex -1.000000e+01  2.349231e+00  4.685505e+01
      vertex -1.000000e+01  2.165064e+00  4.725000e+01
    endloop
  endfacet
  facet normal  1.000000e+00  0.000000e+00  0.000000e+00
    outer loop
      vertex -1.000000e+01 -2.165064e+00  4.725000e+01
      vertex -1.000000e+01  2.165064e+00  4.725000e+01
      vertex -1.000000e+01 -1.915111e+00  4.760697e+01
    endloop
  endfacet
  facet normal  1.000000e+00  -0.000000e+00  0.000000e+00
    outer loop
      vertex -1.000000e+01 -1.915111e+00  4.760697e+01
      vertex -1.000000e+01  2.165064e+00  4.725000e+01
      vertex -1.000000e+01  1.915111e+00  4.760697e+01
    endloop
  endfacet
  facet normal  9.999999e-01  0.000000e+00  0.000000e+00
    outer loop
      vertex -1.000000e+01 -1.915111e+00  4.760697e+01
      vertex -1.000000e+01  1.915111e+00  4.760697e+01
      vertex -1.000000e+01 -1.606969e+00  4.791511e+01
    endloop
  endfacet
  facet normal  1.000000e+00  -0.000000e+00  0.000000e+00
    outer loop
      vertex -1.000000e+01 -1.606969e+00  4.791511e+01
      vertex -1.000000e+01  1.915111e+00  4.760697e+01
      vertex -1.000000e+01  1.606969e+00  4.791511e+01
    endloop
  endfacet
  facet normal  9.999999e-01  0.000000e+00  0.000000e+00
    outer loop
      vertex -1.000000e+01 -1.606969e+00  4.791511e+01
      vertex -1.000000e+01  1.606969e+00  4.791511e+01
      vertex -1.000000e+01 -1.250000e+00  4.816506e+01
    endloop
  endfacet
  facet normal  1.000000e+00  -0.000000e+00  0.000000e+00
    outer loop
      vertex -1.000000e+01 -1.250000e+00  4.816506e+01
      vertex -1.000000e+01  1.606969e+00  4.791511e+01
      vertex -1.000000e+01  1.250000e+00  4.816506e+01
    endloop
  endfacet
  facet normal  1.000000e+00  0.000000e+00  0.000000e+00
    outer loop
      vertex -1.000000e+01 -1.250000e+00  4.816506e+01
      vertex -1.000000e+01  1.250000e+00  4.816506e+01
      vertex -1.000000e+01 -8.550504e-01  4.834923e+01
    endloop
  endfacet
  facet normal  1.000000e+00  -0.000000e+00  0.000000e+00
    outer loop
      vertex -1.000000e+01 -8.550504e-01  4.834923e+01
      vertex -1.000000e+01  1.250000e+00  4.816506e+01
      vertex -1.000000e+01  8.550504e-01  4.834923e+01
    endloop
  endfacet
  facet normal  9.999999e-01  0.000000e+00  0.000000e+00
    outer loop
      vertex -1.000000e+01 -8.550504e-01  4.834923e+01
      vertex -1.000000e+01  8.550504e-01  4.834923e+01
      vertex -1.000000e+01 -4.341204e-01  4.846202e+01
    endloop
  endfacet
  facet normal  1.000000e+00  -0.000000e+00  0.000000e+00
    outer loop
      vertex -1.000000e+01 -4.341204e-01  4.846202e+01
      vertex -1.000000e+01  8.550504e-01  4.834923e+01
      vertex -1.000000e+01  4.341204e-01  4.846202e+01
    endloop
  endfacet
  facet normal  1.000000e+00  0.000000e+00  0.000000e+00
    outer loop
      vertex -1.000000e+01 -4.341204e-01  4.846202e+01
      vertex -1.000000e+01  4.341204e-01  4.846202e+01
      vertex -1.000000e+01 -4.592425e-16  4.850000e+01
    endloop
  endfacet
  facet normal  -0.000000e+00  8.715234e-02  9.961950e-01
    outer loop
      vertex  0.000000e+00 -3.902788e-16  9.950000e+01
      vertex -1.000000e+01 -4.341204e-01  9.953798e+01
      vertex  0.000000e+00 -4.341204e-01  9.953798e+01
    endloop
  endfacet
  facet normal  0.000000e+00  2.588300e-01  9.659228e-01
    outer loop
      vertex  0.000000e+00 -4.341204e-01  9.953798e+01
      vertex -1.000000e+01 -4.341204e-01  9.953798e+01
      vertex -1.000000e+01 -8.550504e-01  9.965077e+01
    endloop
  endfacet
  facet normal  -0.000000e+00  2.588300e-01  9.659228e-01
    outer loop
      vertex  0.000000e+00 -4.341204e-01  9.953798e+01
      vertex -1.000000e+01 -8.550504e-01  9.965077e+01
      vertex  0.000000e+00 -8.550504e-01  9.965077e+01
    endloop
  endfacet
  facet normal  0.000000e+00  4.226143e-01  9.063096e-01
    outer loop
      vertex  0.000000e+00 -8.550504e-01  9.965077e+01
      vertex -1.000000e+01 -8.550504e-01  9.965077e+01
      vertex -1.000000e+01 -1.250000e+00  9.983494e+01
    endloop
  endfacet
  facet normal  -0.000000e+00  4.226143e-01  9.063096e-01
    outer loop
      vertex  0.000000e+00 -8.550504e-01  9.965077e+01
      vertex -1.000000e+01 -1.250000e+00  9.983494e+01
      vertex  0.000000e+00 -1.250000e+00  9.983494e+01
    endloop
  endfacet
  facet normal  0.000000e+00  5.735793e-01  8.191500e-01
    outer loop
      vertex  0.000000e+00 -1.250000e+00  9.983494e+01
      vertex -1.000000e+01 -1.250000e+00  9.983494e+01
      vertex -1.000000e+01 -1.606969e+00  1.000849e+02
    endloop
  endfacet
  facet normal  -0.000000e+00  5.735793e-01  8.191500e-01
    outer loop
      vertex  0.000000e+00 -1.250000e+00  9.983494e+01
      vertex -1.000000e+01 -1.606969e+00  1.000849e+02
      vertex  0.000000e+00 -1.606969e+00  1.000849e+02
    endloop
  endfacet
  facet normal  0.000000e+00  7.070997e-01  7.071137e-01
    outer loop
      vertex  0.000000e+00 -1.606969e+00  1.000849e+02
      vertex -1.000000e+01 -1.606969e+00  1.000849e+02
      vertex -1.000000e+01 -1.915111e+00  1.003930e+02
    endloop
  endfacet
  facet normal  -0.000000e+00  7.070997e-01  7.071137e-01
    outer loop
      vertex  0.000000e+00 -1.606969e+00  1.000849e+02
      vertex -1.000000e+01 -1.915111e+00  1.003930e+02
      vertex  0.000000e+00 -1.915111e+00  1.003930e+02
    endloop
  endfacet
  facet normal  0.000000e+00  8.191539e-01  5.735737e-01
    outer loop
      vertex  0.000000e+00 -1.915111e+00  1.003930e+02
      vertex -1.000000e+01 -1.915111e+00  1.003930e+02
      vertex -1.000000e+01 -2.165064e+00  1.007500e+02
    endloop
  endfacet
  facet normal  -0.000000e+00  8.191539e-01  5.735737e-01
    outer loop
      vertex  0.000000e+00 -1.915111e+00  1.003930e+02
      vertex -1.000000e+01 -2.165064e+00  1.007500e+02
      vertex  0.000000e+00 -2.165064e+00  1.007500e+02
    endloop
  endfacet
  facet normal  0.000000e+00  9.063084e-01  4.226168e-01
    outer loop
      vertex  0.000000e+00 -2.165064e+00  1.007500e+02
      vertex -1.000000e+01 -2.165064e+00  1.007500e+02
      vertex -1.000000e+01 -2.349231e+00  1.011450e+02
    endloop
  endfacet
  facet normal  -0.000000e+00  9.063084e-01  4.226168e-01
    outer loop
      vertex  0.000000e+00 -2.165064e+00  1.007500e+02
      vertex -1.000000e+01 -2.349231e+00  1.011450e+02
      vertex  0.000000e+00 -2.349231e+00  1.011450e+02
    endloop
  endfacet
  facet normal  0.000000e+00  9.659256e-01  2.588199e-01
    outer loop
      vertex  0.000000e+00 -2.349231e+00  1.011450e+02
      vertex -1.000000e+01 -2.349231e+00  1.011450e+02
      vertex -1.000000e+01 -2.462019e+00  1.015659e+02
    endloop
  endfacet
  facet normal  -0.000000e+00  9.659256e-01  2.588199e-01
    outer loop
      vertex  0.000000e+00 -2.349231e+00  1.011450e+02
      vertex -1.000000e+01 -2.462019e+00  1.015659e+02
      vertex  0.000000e+00 -2.462019e+00  1.015659e+02
    endloop
  endfacet
  facet normal  0.000000e+00  9.961947e-01  8.715566e-02
    outer loop
      vertex  0.000000e+00 -2.462019e+00  1.015659e+02
      vertex -1.000000e+01 -2.462019e+00  1.015659e+02
      vertex -1.000000e+01 -2.500000e+00  1.020000e+02
    endloop
  endfacet
  facet normal  -0.000000e+00  9.961947e-01  8.715566e-02
    outer loop
      vertex  0.000000e+00 -2.462019e+00  1.015659e+02
      vertex -1.000000e+01 -2.500000e+00  1.020000e+02
      vertex  4.440892e-16 -2.500000e+00  1.020000e+02
    endloop
  endfacet
  facet normal  6.670678e-18  8.715234e-02  9.961950e-01
    outer loop
      vertex -1.000000e+01 -4.341204e-01  9.953798e+01
      vertex  0.000000e+00 -3.902788e-16  9.950000e+01
      vertex -1.000000e+01  3.751255e-16  9.950000e+01
    endloop
  endfacet
  facet normal -6.670678e-18 -8.715234e-02  9.961950e-01
    outer loop
      vertex -1.000000e+01  3.751255e-16  9.950000e+01
      vertex  0.000000e+00 -3.902788e-16  9.950000e+01
      vertex  0.000000e+00  4.341204e-01  9.953798e+01
    endloop
  endfacet
  facet normal  0.000000e+00 -8.715234e-02  9.961950e-01
    outer loop
      vertex -1.000000e+01  3.751255e-16  9.950000e+01
      vertex  0.000000e+00  4.341204e-01  9.953798e+01
      vertex -1.000000e+01  4.341204e-01  9.953798e+01
    endloop
  endfacet
  facet normal  0.000000e+00 -2.588300e-01  9.659228e-01
    outer loop
      vertex -1.000000e+01  4.341204e-01  9.953798e+01
      vertex  0.000000e+00  4.341204e-01  9.953798e+01
      vertex  0.000000e+00  8.550504e-01  9.965077e+01
    endloop
  endfacet
  facet normal  0.000000e+00 -2.588300e-01  9.659228e-01
    outer loop
      vertex -1.000000e+01  4.341204e-01  9.953798e+01
      vertex  0.000000e+00  8.550504e-01  9.965077e+01
      vertex -1.000000e+01  8.550504e-01  9.965077e+01
    endloop
  endfacet
  facet normal  0.000000e+00 -4.226143e-01  9.063096e-01
    outer loop
      vertex -1.000000e+01  8.550504e-01  9.965077e+01
      vertex  0.000000e+00  8.550504e-01  9.965077e+01
      vertex  0.000000e+00  1.250000e+00  9.983494e+01
    endloop
  endfacet
  facet normal  0.000000e+00 -4.226143e-01  9.063096e-01
    outer loop
      vertex -1.000000e+01  8.550504e-01  9.965077e+01
      vertex  0.000000e+00  1.250000e+00  9.983494e+01
      vertex -1.000000e+01  1.250000e+00  9.983494e+01
    endloop
  endfacet
  facet normal  0.000000e+00 -5.735793e-01  8.191500e-01
    outer loop
      vertex -1.000000e+01  1.250000e+00  9.983494e+01
      vertex  0.000000e+00  1.250000e+00  9.983494e+01
      vertex  0.000000e+00  1.606969e+00  1.000849e+02
    endloop
  endfacet
  facet normal  0.000000e+00 -5.735793e-01  8.191500e-01
    outer loop
      vertex -1.000000e+01  1.250000e+00  9.983494e+01
      vertex  0.000000e+00  1.606969e+00  1.000849e+02
      vertex -1.000000e+01  1.606969e+00  1.000849e+02
    endloop
  endfacet
  facet normal  0.000000e+00 -7.070997e-01  7.071137e-01
    outer loop
      vertex -1.000000e+01  1.606969e+00  1.000849e+02
      vertex  0.000000e+00  1.606969e+00  1.000849e+02
      vertex  0.000000e+00  1.915111e+00  1.003930e+02
    endloop
  endfacet
  facet normal  0.000000e+00 -7.070997e-01  7.071137e-01
    outer loop
      vertex -1.000000e+01  1.606969e+00  1.000849e+02
      vertex  0.000000e+00  1.915111e+00  1.003930e+02
      vertex -1.000000e+01  1.915111e+00  1.003930e+02
    endloop
  endfacet
  facet normal  0.000000e+00 -8.191539e-01  5.735737e-01
    outer loop
      vertex -1.000000e+01  1.915111e+00  1.003930e+02
      vertex  0.000000e+00  1.915111e+00  1.003930e+02
      vertex  0.000000e+00  2.165064e+00  1.007500e+02
    endloop
  endfacet
  facet normal  0.000000e+00 -8.191539e-01  5.735737e-01
    outer loop
      vertex -1.000000e+01  1.915111e+00  1.003930e+02
      vertex  0.000000e+00  2.165064e+00  1.007500e+02
      vertex -1.000000e+01  2.165064e+00  1.007500e+02
    endloop
  endfacet
  facet normal  0.000000e+00 -9.063084e-01  4.226168e-01
    outer loop
      vertex -1.000000e+01  2.165064e+00  1.007500e+02
      vertex  0.000000e+00  2.165064e+00  1.007500e+02
      vertex  0.000000e+00  2.349231e+00  1.011450e+02
    endloop
  endfacet
  facet normal  0.000000e+00 -9.063084e-01  4.226168e-01
    outer loop
      vertex -1.000000e+01  2.165064e+00  1.007500e+02
      vertex  0.000000e+00  2.349231e+00  1.011450e+02
      vertex -1.000000e+01  2.349231e+00  1.011450e+02
    endloop
  endfacet
  facet normal  0.000000e+00 -9.659256e-01  2.588199e-01
    outer loop
      vertex -1.000000e+01  2.349231e+00  1.011450e+02
      vertex  0.000000e+00  2.349231e+00  1.011450e+02
      vertex  0.000000e+00  2.462019e+00  1.015659e+02
    endloop
  endfacet
  facet normal  0.000000e+00 -9.659256e-01  2.588199e-01
    outer loop
      vertex -1.000000e+01  2.349231e+00  1.011450e+02
      vertex  0.000000e+00  2.462019e+00  1.015659e+02
      vertex -1.000000e+01  2.462019e+00  1.015659e+02
    endloop
  endfacet
  facet normal  0.000000e+00 -9.961947e-01  8.715566e-02
    outer loop
      vertex -1.000000e+01  2.462019e+00  1.015659e+02
      vertex  0.000000e+00  2.462019e+00  1.015659e+02
      vertex  0.000000e+00  2.500000e+00  1.020000e+02
    endloop
  endfacet
  facet normal  0.000000e+00 -9.961947e-01  8.715566e-02
    outer loop
      vertex -1.000000e+01  2.462019e+00  1.015659e+02
      vertex  0.000000e+00  2.500000e+00  1.020000e+02
      vertex -1.000000e+01  2.500000e+00  1.020000e+02
    endloop
  endfacet
  facet normal  0.000000e+00 -8.715234e-02 -9.961950e-01
    outer loop
      vertex  0.000000e+00  5.282063e-16  1.045000e+02
      vertex -1.000000e+01  4.341204e-01  1.044620e+02
      vertex  0.000000e+00  4.341204e-01  1.044620e+02
    endloop
  endfacet
  facet normal  -0.000000e+00 -2.588300e-01 -9.659228e-01
    outer loop
      vertex  0.000000e+00  4.341204e-01  1.044620e+02
      vertex -1.000000e+01  4.341204e-01  1.044620e+02
      vertex -1.000000e+01  8.550504e-01  1.043492e+02
    endloop
  endfacet
  facet normal  0.000000e+00 -2.588300e-01 -9.659228e-01
    outer loop
      vertex  0.000000e+00  4.341204e-01  1.044620e+02
      vertex -1.000000e+01  8.550504e-01  1.043492e+02
      vertex  0.000000e+00  8.550504e-01  1.043492e+02
    endloop
  endfacet
  facet normal  -0.000000e+00 -4.226143e-01 -9.063096e-01
    outer loop
      vertex  0.000000e+00  8.550504e-01  1.043492e+02
      vertex -1.000000e+01  8.550504e-01  1.043492e+02
      vertex -1.000000e+01  1.250000e+00  1.041651e+02
    endloop
  endfacet
  facet normal  0.000000e+00 -4.226143e-01 -9.063096e-01
    outer loop
      vertex  0.000000e+00  8.550504e-01  1.043492e+02
      vertex -1.000000e+01  1.250000e+00  1.041651e+02
      vertex  0.000000e+00  1.250000e+00  1.041651e+02
    endloop
  endfacet
  facet normal  -0.000000e+00 -5.735793e-01 -8.191500e-01
    outer loop
      vertex  0.000000e+00  1.250000e+00  1.041651e+02
      vertex -1.000000e+01  1.250000e+00  1.041651e+02
      vertex -1.000000e+01  1.606969e+00  1.039151e+02
    endloop
  endfacet
  facet normal  0.000000e+00 -5.735793e-01 -8.191500e-01
    outer loop
      vertex  0.000000e+00  1.250000e+00  1.041651e+02
      vertex -1.000000e+01  1.606969e+00  1.039151e+02
      vertex  0.000000e+00  1.606969e+00  1.039151e+02
    endloop
  endfacet
  facet normal  -0.000000e+00 -7.070997e-01 -7.071137e-01
    outer loop
      vertex  0.000000e+00  1.606969e+00  1.039151e+02
      vertex -1.000000e+01  1.606969e+00  1.039151e+02
      vertex -1.000000e+01  1.915111e+00  1.036070e+02
    endloop
  endfacet
  facet normal  0.000000e+00 -7.070997e-01 -7.071137e-01
    outer loop
      vertex  0.000000e+00  1.606969e+00  1.039151e+02
      vertex -1.000000e+01  1.915111e+00  1.036070e+02
      vertex  0.000000e+00  1.915111e+00  1.036070e+02
    endloop
  endfacet
  facet normal  -0.000000e+00 -8.191539e-01 -5.735737e-01
    outer loop
      vertex  0.000000e+00  1.915111e+00  1.036070e+02
      vertex -1.000000e+01  1.915111e+00  1.036070e+02
      vertex -1.000000e+01  2.165064e+00  1.032500e+02
    endloop
  endfacet
  facet normal  0.000000e+00 -8.191539e-01 -5.735737e-01
    outer loop
      vertex  0.000000e+00  1.915111e+00  1.036070e+02
      vertex -1.000000e+01  2.165064e+00  1.032500e+02
      vertex  0.000000e+00  2.165064e+00  1.032500e+02
    endloop
  endfacet
  facet normal  -0.000000e+00 -9.063084e-01 -4.226168e-01
    outer loop
      vertex  0.000000e+00  2.165064e+00  1.032500e+02
      vertex -1.000000e+01  2.165064e+00  1.032500e+02
      vertex -1.000000e+01  2.349231e+00  1.028550e+02
    endloop
  endfacet
  facet normal  0.000000e+00 -9.063084e-01 -4.226168e-01
    outer loop
      vertex  0.000000e+00  2.165064e+00  1.032500e+02
      vertex -1.000000e+01  2.349231e+00  1.028550e+02
      vertex  0.000000e+00  2.349231e+00  1.028550e+02
    endloop
  endfacet
  facet normal  -0.000000e+00 -9.659256e-01 -2.588199e-01
    outer loop
      vertex  0.000000e+00  2.349231e+00  1.028550e+02
      vertex -1.000000e+01  2.349231e+00  1.028550e+02
      vertex -1.000000e+01  2.462019e+00  1.024341e+02
    endloop
  endfacet
  facet normal  0.000000e+00 -9.659256e-01 -2.588199e-01
    outer loop
      vertex  0.000000e+00  2.349231e+00  1.028550e+02
      vertex -1.000000e+01  2.462019e+00  1.024341e+02
      vertex  0.000000e+00  2.462019e+00  1.024341e+02
    endloop
  endfacet
  facet normal  -0.000000e+00 -9.961947e-01 -8.715566e-02
    outer loop
      vertex  0.000000e+00  2.462019e+00  1.024341e+02
      vertex -1.000000e+01  2.462019e+00  1.024341e+02
      vertex -1.000000e+01  2.500000e+00  1.020000e+02
    endloop
  endfacet
  facet normal  0.000000e+00 -9.961947e-01 -8.715566e-02
    outer loop
      vertex  0.000000e+00  2.462019e+00  1.024341e+02
      vertex -1.000000e+01  2.500000e+00  1.020000e+02
      vertex  0.000000e+00  2.500000e+00  1.020000e+02
    endloop
  endfacet
  facet normal  6.670678e-18 -8.715234e-02 -9.961950e-01
    outer loop
      vertex -1.000000e+01  4.341204e-01  1.044620e+02
      vertex  0.000000e+00  5.282063e-16  1.045000e+02
      vertex -1.000000e+01 -2.371979e-16  1.045000e+02
    endloop
  endfacet
  facet normal -6.670678e-18  8.715234e-02 -9.961950e-01
    outer loop
      vertex -1.000000e+01 -2.371979e-16  1.045000e+02
      vertex  0.000000e+00  5.282063e-16  1.045000e+02
      vertex  0.000000e+00 -4.341204e-01  1.044620e+02
    endloop
  endfacet
  facet normal  0.000000e+00  8.715234e-02 -9.961950e-01
    outer loop
      vertex -1.000000e+01 -2.371979e-16  1.045000e+02
      vertex  0.000000e+00 -4.341204e-01  1.044620e+02
      vertex -1.000000e+01 -4.341204e-01  1.044620e+02
    endloop
  endfacet
  facet normal  0.000000e+00  2.588300e-01 -9.659228e-01
    outer loop
      vertex -1.000000e+01 -4.341204e-01  1.044620e+02
      vertex  0.000000e+00 -4.341204e-01  1.044620e+02
      vertex  0.000000e+00 -8.550504e-01  1.043492e+02
    endloop
  endfacet
  facet normal  0.000000e+00  2.588300e-01 -9.659228e-01
    outer loop
      vertex -1.000000e+01 -4.341204e-01  1.044620e+02
      vertex  0.000000e+00 -8.550504e-01  1.043492e+02
      vertex -1.000000e+01 -8.550504e-01  1.043492e+02
    endloop
  endfacet
  facet normal  0.000000e+00  4.226143e-01 -9.063096e-01
    outer loop
      vertex -1.000000e+01 -8.550504e-01  1.043492e+02
      vertex  0.000000e+00 -8.550504e-01  1.043492e+02
      vertex  0.000000e+00 -1.250000e+00  1.041651e+02
    endloop
  endfacet
  facet normal  0.000000e+00  4.226143e-01 -9.063096e-01
    outer loop
      vertex -1.000000e+01 -8.550504e-01  1.043492e+02
      vertex  0.000000e+00 -1.250000e+00  1.041651e+02
      vertex -1.000000e+01 -1.250000e+00  1.041651e+02
    endloop
  endfacet
  facet normal  0.000000e+00  5.735793e-01 -8.191500e-01
    outer loop
      vertex -1.000000e+01 -1.250000e+00  1.041651e+02
      vertex  0.000000e+00 -1.250000e+00  1.041651e+02
      vertex  0.000000e+00 -1.606969e+00  1.039151e+02
    endloop
  endfacet
  facet normal  0.000000e+00  5.735793e-01 -8.191500e-01
    outer loop
      vertex -1.000000e+01 -1.250000e+00  1.041651e+02
      vertex  0.000000e+00 -1.606969e+00  1.039151e+02
      vertex -1.000000e+01 -1.606969e+00  1.039151e+02
    endloop
  endfacet
  facet normal  0.000000e+00  7.070997e-01 -7.071137e-01
    outer loop
      vertex -1.000000e+01 -1.606969e+00  1.039151e+02
      vertex  0.000000e+00 -1.606969e+00  1.039151e+02
      vertex  0.000000e+00 -1.915111e+00  1.036070e+02
    endloop
  endfacet
  facet normal  0.000000e+00  7.070997e-01 -7.071137e-01
    outer loop
      vertex -1.000000e+01 -1.606969e+00  1.039151e+02
      vertex  0.000000e+00 -1.915111e+00  1.036070e+02
      vertex -1.000000e+01 -1.915111e+00  1.036070e+02
    endloop
  endfacet
  facet normal  0.000000e+00  8.191539e-01 -5.735737e-01
    outer loop
      vertex -1.000000e+01 -1.915111e+00  1.036070e+02
      vertex  0.000000e+00 -1.915111e+00  1.036070e+02
      vertex  0.000000e+00 -2.165064e+00  1.032500e+02
    endloop
  endfacet
  facet normal  0.000000e+00  8.191539e-01 -5.735737e-01
    outer loop
      vertex -1.000000e+01 -1.915111e+00  1.036070e+02
      vertex  0.000000e+00 -2.165064e+00  1.032500e+02
      vertex -1.000000e+01 -2.165064e+00  1.032500e+02
    endloop
  endfacet
  facet normal  0.000000e+00  9.063084e-01 -4.226168e-01
    outer loop
      vertex -1.000000e+01 -2.165064e+00  1.032500e+02
      vertex  0.000000e+00 -2.165064e+00  1.032500e+02
      vertex  0.000000e+00 -2.349231e+00  1.028550e+02
    endloop
  endfacet
  facet normal  0.000000e+00  9.063084e-01 -4.226168e-01
    outer loop
      vertex -1.000000e+01 -2.165064e+00  1.032500e+02
      vertex  0.000000e+00 -2.349231e+00  1.028550e+02
      vertex -1.000000e+01 -2.349231e+00  1.028550e+02
    endloop
  endfacet
  facet normal  0.000000e+00  9.659256e-01 -2.588199e-01
    outer loop
      vertex -1.000000e+01 -2.349231e+00  1.028550e+02
      vertex  0.000000e+00 -2.349231e+00  1.028550e+02
      vertex  0.000000e+00 -2.462019e+00  1.024341e+02
    endloop
  endfacet
  facet normal  0.000000e+00  9.659256e-01 -2.588199e-01
    outer loop
      vertex -1.000000e+01 -2.349231e+00  1.028550e+02
      vertex  0.000000e+00 -2.462019e+00  1.024341e+02
      vertex -1.000000e+01 -2.462019e+00  1.024341e+02
    endloop
  endfacet
  facet normal  0.000000e+00  9.961947e-01 -8.715566e-02
    outer loop
      vertex -1.000000e+01 -2.462019e+00  1.024341e+02
      vertex  0.000000e+00 -2.462019e+00  1.024341e+02
      vertex  4.440892e-16 -2.500000e+00  1.020000e+02
    endloop
  endfacet
  facet normal  0.000000e+00  9.961947e-01 -8.715566e-02
    outer loop
      vertex -1.000000e+01 -2.462019e+00  1.024341e+02
      vertex  4.440892e-16 -2.500000e+00  1.020000e+02
      vertex -1.000000e+01 -2.500000e+00  1.020000e+02
    endloop
  endfacet
  facet normal  1.000000e+00  -0.000000e+00  0.000000e+00
    outer loop
      vertex -1.000000e+01  4.341204e-01  9.953798e+01
      vertex -1.000000e+01 -4.341204e-01  9.953798e+01
      vertex -1.000000e+01  3.751255e-16  9.950000e+01
    endloop
  endfacet
  facet normal  1.000000e+00  0.000000e+00  0.000000e+00
    outer loop
      vertex -1.000000e+01 -4.341204e-01  9.953798e+01
      vertex -1.000000e+01  4.341204e-01  9.953798e+01
      vertex -1.000000e+01 -8.550504e-01  9.965077e+01
    endloop
  endfacet
  facet normal  9.999999e-01  -0.000000e+00  0.000000e+00
    outer loop
      vertex -1.000000e+01 -8.550504e-01  9.965077e+01
      vertex -1.000000e+01  4.341204e-01  9.953798e+01
      vertex -1.000000e+01  8.550504e-01  9.965077e+01
    endloop
  endfacet
  facet normal  1.000000e+00  0.000000e+00  0.000000e+00
    outer loop
      vertex -1.000000e+01 -8.550504e-01  9.965077e+01
      vertex -1.000000e+01  8.550504e-01  9.965077e+01
      vertex -1.000000e+01 -1.250000e+00  9.983494e+01
    endloop
  endfacet
  facet normal  1.000000e+00  -0.000000e+00  0.000000e+00
    outer loop
      vertex -1.000000e+01 -1.250000e+00  9.983494e+01
      vertex -1.000000e+01  8.550504e-01  9.965077e+01
      vertex -1.000000e+01  1.250000e+00  9.983494e+01
    endloop
  endfacet
  facet normal  1.000000e+00  0.000000e+00  0.000000e+00
    outer loop
      vertex -1.000000e+01 -1.250000e+00  9.983494e+01
      vertex -1.000000e+01  1.250000e+00  9.983494e+01
      vertex -1.000000e+01 -1.606969e+00  1.000849e+02
    endloop
  endfacet
  facet normal  1.000000e+00  -0.000000e+00  0.000000e+00
    outer loop
      vertex -1.000000e+01 -1.606969e+00  1.000849e+02
      vertex -1.000000e+01  1.250000e+00  9.983494e+01
      vertex -1.000000e+01  1.606969e+00  1.000849e+02
    endloop
  endfacet
  facet normal  1.000000e+00  0.000000e+00  0.000000e+00
    outer loop
      vertex -1.000000e+01 -1.606969e+00  1.000849e+02
      vertex -1.000000e+01  1.606969e+00  1.000849e+02
      vertex -1.000000e+01 -1.915111e+00  1.003930e+02
    endloop
  endfacet
  facet normal  1.000000e+00  -0.000000e+00  0.000000e+00
    outer loop
      vertex -1.000000e+01 -1.915111e+00  1.003930e+02
      vertex -1.000000e+01  1.606969e+00  1.000849e+02
      vertex -1.000000e+01  1.915111e+00  1.003930e+02
    endloop
  endfacet
  facet normal  1.000000e+00  0.000000e+00  0.000000e+00
    outer loop
      vertex -1.000000e+01 -1.915111e+00  1.003930e+02
      vertex -1.000000e+01  1.915111e+00  1.003930e+02
      vertex -1.000000e+01 -2.165064e+00  1.007500e+02
    endloop
  endfacet
  facet normal  9.999999e-01  -0.000000e+00  0.000000e+00
    outer loop
      vertex -1.000000e+01 -2.165064e+00  1.007500e+02
      vertex -1.000000e+01  1.915111e+00  1.003930e+02
      vertex -1.000000e+01  2.165064e+00  1.007500e+02
    endloop
  endfacet
  facet normal  9.999999e-01  0.000000e+00  0.000000e+00
    outer loop
      vertex -1.000000e+01 -2.165064e+00  1.007500e+02
      vertex -1.000000e+01  2.165064e+00  1.007500e+02
      vertex -1.000000e+01 -2.349231e+00  1.011450e+02
    endloop
  endfacet
  facet normal  1.000000e+00  -0.000000e+00  0.000000e+00
    outer loop
      vertex -1.000000e+01 -2.349231e+00  1.011450e+02
      vertex -1.000000e+01  2.165064e+00  1.007500e+02
      vertex -1.000000e+01  2.349231e+00  1.011450e+02
    endloop
  endfacet
  facet normal  1.000000e+00  0.000000e+00  0.000000e+00
    outer loop
      vertex -1.000000e+01 -2.349231e+00  1.011450e+02
      vertex -1.000000e+01  2.349231e+00  1.011450e+02
      vertex -1.000000e+01 -2.462019e+00  1.015659e+02
    endloop
  endfacet
  facet normal  9.999999e-01  -0.000000e+00  0.000000e+00
    outer loop
      vertex -1.000000e+01 -2.462019e+00  1.015659e+02
      vertex -1.000000e+01  2.349231e+00  1.011450e+02
      vertex -1.000000e+01  2.462019e+00  1.015659e+02
    endloop
  endfacet
  facet normal  1.000000e+00  0.000000e+00  0.000000e+00
    outer loop
      vertex -1.000000e+01 -2.462019e+00  1.015659e+02
      vertex -1.000000e+01  2.462019e+00  1.015659e+02
      vertex -1.000000e+01 -2.500000e+00  1.020000e+02
    endloop
  endfacet
  facet normal  1.000000e+00  -0.000000e+00  0.000000e+00
    outer loop
      vertex -1.000000e+01 -2.500000e+00  1.020000e+02
      vertex -1.000000e+01  2.462019e+00  1.015659e+02
      vertex -1.000000e+01  2.500000e+00  1.020000e+02
    endloop
  endfacet
  facet normal  1.000000e+00  0.000000e+00  0.000000e+00
    outer loop
      vertex -1.000000e+01 -2.500000e+00  1.020000e+02
      vertex -1.000000e+01  2.500000e+00  1.020000e+02
      vertex -1.000000e+01 -2.462019e+00  1.024341e+02
    endloop
  endfacet
  facet normal  1.000000e+00  -0.000000e+00  0.000000e+00
    outer loop
      vertex -1.000000e+01 -2.462019e+00  1.024341e+02
      vertex -1.000000e+01  2.500000e+00  1.020000e+02
      vertex -1.000000e+01  2.462019e+00  1.024341e+02
    endloop
  endfacet
  facet normal  9.999999e-01  0.000000e+00  0.000000e+00
    outer loop
      vertex -1.000000e+01 -2.462019e+00  1.024341e+02
      vertex -1.000000e+01  2.462019e+00  1.024341e+02
      vertex -1.000000e+01 -2.349231e+00  1.028550e+02
    endloop
  endfacet
  facet normal  1.000000e+00  -0.000000e+00  0.000000e+00
    outer loop
      vertex -1.000000e+01 -2.349231e+00  1.028550e+02
      vertex -1.000000e+01  2.462019e+00  1.024341e+02
      vertex -1.000000e+01  2.349231e+00  1.028550e+02
    endloop
  endfacet
  facet normal  1.000000e+00  0.000000e+00  0.000000e+00
    outer loop
      vertex -1.000000e+01 -2.349231e+00  1.028550e+02
      vertex -1.000000e+01  2.349231e+00  1.028550e+02
      vertex -1.000000e+01 -2.165064e+00  1.032500e+02
    endloop
  endfacet
  facet normal  9.999999e-01  -0.000000e+00  0.000000e+00
    outer loop
      vertex -1.000000e+01 -2.165064e+00  1.032500e+02
      vertex -1.000000e+01  2.349231e+00  1.028550e+02
      vertex -1.000000e+01  2.165064e+00  1.032500e+02
    endloop
  endfacet
  facet normal  9.999999e-01  0.000000e+00  0.000000e+00
    outer loop
      vertex -1.000000e+01 -2.165064e+00  1.032500e+02
      vertex -1.000000e+01  2.165064e+00  1.032500e+02
      vertex -1.000000e+01 -1.915111e+00  1.036070e+02
    endloop
  endfacet
  facet normal  1.000000e+00  -0.000000e+00  0.000000e+00
    outer loop
      vertex -1.000000e+01 -1.915111e+00  1.036070e+02
      vertex -1.000000e+01  2.165064e+00  1.032500e+02
      vertex -1.000000e+01  1.915111e+00  1.036070e+02
    endloop
  endfacet
  facet normal  1.000000e+00  0.000000e+00  0.000000e+00
    outer loop
      vertex -1.000000e+01 -1.915111e+00  1.036070e+02
      vertex -1.000000e+01  1.915111e+00  1.036070e+02
      vertex -1.000000e+01 -1.606969e+00  1.039151e+02
    endloop
  endfacet
  facet normal  1.000000e+00  -0.000000e+00  0.000000e+00
    outer loop
      vertex -1.000000e+01 -1.606969e+00  1.039151e+02
      vertex -1.000000e+01  1.915111e+00  1.036070e+02
      vertex -1.000000e+01  1.606969e+00  1.039151e+02
    endloop
  endfacet
  facet normal  1.000000e+00  0.000000e+00  0.000000e+00
    outer loop
      vertex -1.000000e+01 -1.606969e+00  1.039151e+02
      vertex -1.000000e+01  1.606969e+00  1.039151e+02
      vertex -1.000000e+01 -1.250000e+00  1.041651e+02
    endloop
  endfacet
  facet normal  1.000000e+00  -0.000000e+00  0.000000e+00
    outer loop
      vertex -1.000000e+01 -1.250000e+00  1.041651e+02
      vertex -1.000000e+01  1.606969e+00  1.039151e+02
      vertex -1.000000e+01  1.250000e+00  1.041651e+02
    endloop
  endfacet
  facet normal  1.000000e+00  0.000000e+00  0.000000e+00
    outer loop
      vertex -1.000000e+01 -1.250000e+00  1.041651e+02
      vertex -1.000000e+01  1.250000e+00  1.041651e+02
      vertex -1.000000e+01 -8.550504e-01  1.043492e+02
    endloop
  endfacet
  facet normal  1.000000e+00  -0.000000e+00  0.000000e+00
    outer loop
      vertex -1.000000e+01 -8.550504e-01  1.043492e+02
      vertex -1.000000e+01  1.250000e+00  1.041651e+02
      vertex -1.000000e+01  8.550504e-01  1.043492e+02
    endloop
  endfacet
  facet normal  9.999999e-01  0.000000e+00  0.000000e+00
    outer loop
      vertex -1.000000e+01 -8.550504e-01  1.043492e+02
      vertex -1.000000e+01  8.550504e-01  1.043492e+02
      vertex -1.000000e+01 -4.341204e-01  1.044620e+02
    endloop
  endfacet
  facet normal  1.000000e+00  -0.000000e+00  0.000000e+00
    outer loop
      vertex -1.000000e+01 -4.341204e-01  1.044620e+02
      vertex -1.000000e+01  8.550504e-01  1.043492e+02
      vertex -1.000000e+01  4.341204e-01  1.044620e+02
    endloop
  endfacet
  facet normal  1.000000e+00  0.000000e+00  0.000000e+00
    outer loop
      vertex -1.000000e+01 -4.341204e-01  1.044620e+02
      vertex -1.000000e+01  4.341204e-01  1.044620e+02
      vertex -1.000000e+01 -2.371979e-16  1.045000e+02
    endloop
  endfacet
  facet normal  -0.000000e+00  0.000000e+00  1.000000e+00
    outer loop
      vertex  0.000000e+00  9.000000e+00  4.900000e+01
      vertex -1.658312e+01  9.000000e+00  4.900000e+01
      vertex  0.000000e+00 -9.000000e+00  4.900000e+01
    endloop
  endfacet
  facet normal  0.000000e+00  0.000000e+00  1.000000e+00
    outer loop
      vertex  0.000000e+00 -9.000000e+00  4.900000e+01
      vertex -1.658312e+01  9.000000e+00  4.900000e+01
      vertex -1.658312e+01 -9.000000e+00  4.900000e+01
    endloop
  endfacet
  facet normal  0.000000e+00  0.000000e+00 -1.000000e+00
    outer loop
      vertex  0.000000e+00  9.000000e+00  9.900000e+01
      vertex  3.552714e-15 -9.000000e+00  9.900000e+01
      vertex -1.658312e+01  9.000000e+00  9.900000e+01
    endloop
  endfacet
  facet normal  0.000000e+00  0.000000e+00 -1.000000e+00
    outer loop
      vertex -1.658312e+01  9.000000e+00  9.900000e+01
      vertex  3.552714e-15 -9.000000e+00  9.900000e+01
      vertex -1.658312e+01 -9.000000e+00  9.900000e+01
    endloop
  endfacet
endsolid CATIA STL
