solid CATIA STL
  facet normal  0.000000e+00  0.000000e+00  1.000000e+00
    outer loop
      vertex  1.150000e+02 -1.224647e-15  1.000000e+01
      vertex  5.800000e+01 -2.500000e+01  1.000000e+01
      vertex  8.200000e+01 -2.500000e+01  1.000000e+01
    endloop
  endfacet
  facet normal  0.000000e+00  0.000000e+00  1.000000e+00
    outer loop
      vertex  1.343969e+02 -3.420202e+00  1.000000e+01
      vertex  1.339892e+02 -1.200812e+01  1.000000e+01
      vertex  1.346593e+02 -2.588191e+00  1.000000e+01
    endloop
  endfacet
  facet normal  -0.000000e+00  0.000000e+00  1.000000e+00
    outer loop
      vertex  1.336602e+02 -5.000000e+00  1.000000e+01
      vertex  1.331915e+02 -5.735765e+00  1.000000e+01
      vertex  1.331096e+02 -1.261880e+01  1.000000e+01
    endloop
  endfacet
  facet normal  0.000000e+00  0.000000e+00  9.999999e-01
    outer loop
      vertex  1.343969e+02  3.420202e+00  1.000000e+01
      vertex  1.346593e+02  2.588191e+00  1.000000e+01
      vertex  1.339892e+02  1.200812e+01  1.000000e+01
    endloop
  endfacet
  facet normal  -0.000000e+00  0.000000e+00  1.000000e+00
    outer loop
      vertex  1.321887e+02  1.316518e+01  1.000000e+01
      vertex  1.320711e+02  7.071068e+00  1.000000e+01
      vertex  1.326604e+02  6.427876e+00  1.000000e+01
    endloop
  endfacet
  facet normal  0.000000e+00  -0.000000e+00  1.000000e+00
    outer loop
      vertex  2.000000e+01 -3.000000e+01  1.000000e+01
      vertex  5.800000e+01 -3.000000e+01  1.000000e+01
      vertex  5.800000e+01 -2.500000e+01  1.000000e+01
    endloop
  endfacet
  facet normal  0.000000e+00  -0.000000e+00  1.000000e+00
    outer loop
      vertex  2.000000e+01 -3.000000e+01  1.000000e+01
      vertex  5.800000e+01 -2.500000e+01  1.000000e+01
      vertex  1.150000e+02 -1.224647e-15  1.000000e+01
    endloop
  endfacet
  facet normal  0.000000e+00  0.000000e+00  1.000000e+00
    outer loop
      vertex  2.000000e+01 -3.000000e+01  1.000000e+01
      vertex  1.150000e+02 -1.224647e-15  1.000000e+01
      vertex  8.200000e+01  2.500000e+01  1.000000e+01
    endloop
  endfacet
  facet normal  0.000000e+00  0.000000e+00  9.999999e-01
    outer loop
      vertex  2.000000e+01 -3.000000e+01  1.000000e+01
      vertex  8.200000e+01  2.500000e+01  1.000000e+01
      vertex  5.800000e+01  2.500000e+01  1.000000e+01
    endloop
  endfacet
  facet normal  0.000000e+00  -0.000000e+00  1.000000e+00
    outer loop
      vertex  2.000000e+01 -3.000000e+01  1.000000e+01
      vertex  5.800000e+01  2.500000e+01  1.000000e+01
      vertex  5.800000e+01  3.000000e+01  1.000000e+01
    endloop
  endfacet
  facet normal  0.000000e+00  0.000000e+00  1.000000e+00
    outer loop
      vertex  2.000000e+01 -3.000000e+01  1.000000e+01
      vertex  5.800000e+01  3.000000e+01  1.000000e+01
      vertex  2.000000e+01  3.000000e+01  1.000000e+01
    endloop
  endfacet
  facet normal  0.000000e+00  -0.000000e+00  1.000000e+00
    outer loop
      vertex  1.350000e+02  0.000000e+00  1.000000e+01
      vertex  1.356066e+02 -1.060660e+01  1.000000e+01
      vertex  1.363362e+02 -9.822911e+00  1.000000e+01
    endloop
  endfacet
  facet normal  0.000000e+00  -0.000000e+00  1.000000e+00
    outer loop
      vertex  1.350000e+02  0.000000e+00  1.000000e+01
      vertex  1.363362e+02 -9.822911e+00  1.000000e+01
      vertex  1.370081e+02 -8.989165e+00  1.000000e+01
    endloop
  endfacet
  facet normal  0.000000e+00  -0.000000e+00  9.999999e-01
    outer loop
      vertex  1.350000e+02  0.000000e+00  1.000000e+01
      vertex  1.370081e+02 -8.989165e+00  1.000000e+01
      vertex  1.376188e+02 -8.109612e+00  1.000000e+01
    endloop
  endfacet
  facet normal  0.000000e+00  -0.000000e+00  1.000000e+00
    outer loop
      vertex  1.350000e+02  0.000000e+00  1.000000e+01
      vertex  1.376188e+02 -8.109612e+00  1.000000e+01
      vertex  1.381652e+02 -7.188735e+00  1.000000e+01
    endloop
  endfacet
  facet normal  0.000000e+00  -0.000000e+00  1.000000e+00
    outer loop
      vertex  1.350000e+02  0.000000e+00  1.000000e+01
      vertex  1.381652e+02 -7.188735e+00  1.000000e+01
      vertex  1.386445e+02 -6.231225e+00  1.000000e+01
    endloop
  endfacet
  facet normal  0.000000e+00  -0.000000e+00  1.000000e+00
    outer loop
      vertex  1.350000e+02  0.000000e+00  1.000000e+01
      vertex  1.386445e+02 -6.231225e+00  1.000000e+01
      vertex  1.390542e+02 -5.241963e+00  1.000000e+01
    endloop
  endfacet
  facet normal  0.000000e+00  -0.000000e+00  1.000000e+00
    outer loop
      vertex  1.350000e+02  0.000000e+00  1.000000e+01
      vertex  1.390542e+02 -5.241963e+00  1.000000e+01
      vertex  1.393924e+02 -4.225988e+00  1.000000e+01
    endloop
  endfacet
  facet normal  0.000000e+00  -0.000000e+00  1.000000e+00
    outer loop
      vertex  1.350000e+02  0.000000e+00  1.000000e+01
      vertex  1.393924e+02 -4.225988e+00  1.000000e+01
      vertex  1.396572e+02 -3.188479e+00  1.000000e+01
    endloop
  endfacet
  facet normal  0.000000e+00  -0.000000e+00  1.000000e+00
    outer loop
      vertex  1.350000e+02  0.000000e+00  1.000000e+01
      vertex  1.396572e+02 -3.188479e+00  1.000000e+01
      vertex  1.398473e+02 -2.134722e+00  1.000000e+01
    endloop
  endfacet
  facet normal  0.000000e+00  -0.000000e+00  1.000000e+00
    outer loop
      vertex  1.350000e+02  0.000000e+00  1.000000e+01
      vertex  1.398473e+02 -2.134722e+00  1.000000e+01
      vertex  1.399618e+02 -1.070088e+00  1.000000e+01
    endloop
  endfacet
  facet normal  0.000000e+00  -0.000000e+00  1.000000e+00
    outer loop
      vertex  1.350000e+02  0.000000e+00  1.000000e+01
      vertex  1.399618e+02 -1.070088e+00  1.000000e+01
      vertex  1.400000e+02 -7.028732e-14  1.000000e+01
    endloop
  endfacet
  facet normal  0.000000e+00  0.000000e+00  1.000000e+00
    outer loop
      vertex  1.350000e+02  0.000000e+00  1.000000e+01
      vertex  1.400000e+02 -7.028732e-14  1.000000e+01
      vertex  1.399618e+02  1.070088e+00  1.000000e+01
    endloop
  endfacet
  facet normal  0.000000e+00  0.000000e+00  1.000000e+00
    outer loop
      vertex  1.350000e+02  0.000000e+00  1.000000e+01
      vertex  1.399618e+02  1.070088e+00  1.000000e+01
      vertex  1.398473e+02  2.134722e+00  1.000000e+01
    endloop
  endfacet
  facet normal  0.000000e+00  0.000000e+00  1.000000e+00
    outer loop
      vertex  1.350000e+02  0.000000e+00  1.000000e+01
      vertex  1.398473e+02  2.134722e+00  1.000000e+01
      vertex  1.396572e+02  3.188479e+00  1.000000e+01
    endloop
  endfacet
  facet normal  0.000000e+00  0.000000e+00  1.000000e+00
    outer loop
      vertex  1.350000e+02  0.000000e+00  1.000000e+01
      vertex  1.396572e+02  3.188479e+00  1.000000e+01
      vertex  1.393924e+02  4.225988e+00  1.000000e+01
    endloop
  endfacet
  facet normal  0.000000e+00  0.000000e+00  1.000000e+00
    outer loop
      vertex  1.350000e+02  0.000000e+00  1.000000e+01
      vertex  1.393924e+02  4.225988e+00  1.000000e+01
      vertex  1.390542e+02  5.241963e+00  1.000000e+01
    endloop
  endfacet
  facet normal  0.000000e+00  0.000000e+00  1.000000e+00
    outer loop
      vertex  1.350000e+02  0.000000e+00  1.000000e+01
      vertex  1.390542e+02  5.241963e+00  1.000000e+01
      vertex  1.386445e+02  6.231225e+00  1.000000e+01
    endloop
  endfacet
  facet normal  0.000000e+00  0.000000e+00  1.000000e+00
    outer loop
      vertex  1.350000e+02  0.000000e+00  1.000000e+01
      vertex  1.386445e+02  6.231225e+00  1.000000e+01
      vertex  1.381652e+02  7.188735e+00  1.000000e+01
    endloop
  endfacet
  facet normal  0.000000e+00  0.000000e+00  1.000000e+00
    outer loop
      vertex  1.350000e+02  0.000000e+00  1.000000e+01
      vertex  1.381652e+02  7.188735e+00  1.000000e+01
      vertex  1.376188e+02  8.109612e+00  1.000000e+01
    endloop
  endfacet
  facet normal  0.000000e+00  0.000000e+00  9.999999e-01
    outer loop
      vertex  1.350000e+02  0.000000e+00  1.000000e+01
      vertex  1.376188e+02  8.109612e+00  1.000000e+01
      vertex  1.370081e+02  8.989165e+00  1.000000e+01
    endloop
  endfacet
  facet normal  0.000000e+00  0.000000e+00  1.000000e+00
    outer loop
      vertex  1.350000e+02  0.000000e+00  1.000000e+01
      vertex  1.370081e+02  8.989165e+00  1.000000e+01
      vertex  1.363362e+02  9.822911e+00  1.000000e+01
    endloop
  endfacet
  facet normal  0.000000e+00  0.000000e+00  1.000000e+00
    outer loop
      vertex  1.350000e+02  0.000000e+00  1.000000e+01
      vertex  1.363362e+02  9.822911e+00  1.000000e+01
      vertex  1.356066e+02  1.060660e+01  1.000000e+01
    endloop
  endfacet
  facet normal  0.000000e+00  0.000000e+00  9.999999e-01
    outer loop
      vertex  1.350000e+02  0.000000e+00  1.000000e+01
      vertex  1.356066e+02  1.060660e+01  1.000000e+01
      vertex  1.348229e+02  1.133624e+01  1.000000e+01
    endloop
  endfacet
  facet normal  0.000000e+00  0.000000e+00  1.000000e+00
    outer loop
      vertex  1.350000e+02  0.000000e+00  1.000000e+01
      vertex  1.348229e+02  1.133624e+01  1.000000e+01
      vertex  1.349619e+02  8.715574e-01  1.000000e+01
    endloop
  endfacet
  facet normal  0.000000e+00  0.000000e+00  9.999999e-01
    outer loop
      vertex  1.348229e+02 -1.133624e+01  1.000000e+01
      vertex  1.356066e+02 -1.060660e+01  1.000000e+01
      vertex  1.350000e+02  0.000000e+00  1.000000e+01
    endloop
  endfacet
  facet normal  0.000000e+00  0.000000e+00  1.000000e+00
    outer loop
      vertex  1.348229e+02 -1.133624e+01  1.000000e+01
      vertex  1.350000e+02  0.000000e+00  1.000000e+01
      vertex  1.349619e+02 -8.715574e-01  1.000000e+01
    endloop
  endfacet
  facet normal  0.000000e+00  0.000000e+00  1.000000e+00
    outer loop
      vertex  1.348229e+02 -1.133624e+01  1.000000e+01
      vertex  1.349619e+02 -8.715574e-01  1.000000e+01
      vertex  1.348481e+02 -1.736482e+00  1.000000e+01
    endloop
  endfacet
  facet normal  0.000000e+00  0.000000e+00  1.000000e+00
    outer loop
      vertex  1.348229e+02 -1.133624e+01  1.000000e+01
      vertex  1.348481e+02 -1.736482e+00  1.000000e+01
      vertex  1.346593e+02 -2.588191e+00  1.000000e+01
    endloop
  endfacet
  facet normal  0.000000e+00  0.000000e+00  1.000000e+00
    outer loop
      vertex  1.348229e+02 -1.133624e+01  1.000000e+01
      vertex  1.346593e+02 -2.588191e+00  1.000000e+01
      vertex  1.339892e+02 -1.200812e+01  1.000000e+01
    endloop
  endfacet
  facet normal  0.000000e+00  -0.000000e+00  1.000000e+00
    outer loop
      vertex  8.200000e+01 -3.000000e+01  1.000000e+01
      vertex  1.250000e+02 -3.000000e+01  1.000000e+01
      vertex  1.250000e+02 -1.500000e+01  1.000000e+01
    endloop
  endfacet
  facet normal  0.000000e+00  0.000000e+00  1.000000e+00
    outer loop
      vertex  8.200000e+01 -3.000000e+01  1.000000e+01
      vertex  1.250000e+02 -1.500000e+01  1.000000e+01
      vertex  1.241284e+02 -9.961947e+00  1.000000e+01
    endloop
  endfacet
  facet normal  0.000000e+00  0.000000e+00  1.000000e+00
    outer loop
      vertex  8.200000e+01 -3.000000e+01  1.000000e+01
      vertex  1.241284e+02 -9.961947e+00  1.000000e+01
      vertex  1.232635e+02 -9.848078e+00  1.000000e+01
    endloop
  endfacet
  facet normal  0.000000e+00  0.000000e+00  9.999999e-01
    outer loop
      vertex  8.200000e+01 -3.000000e+01  1.000000e+01
      vertex  1.232635e+02 -9.848078e+00  1.000000e+01
      vertex  1.224118e+02 -9.659258e+00  1.000000e+01
    endloop
  endfacet
  facet normal  0.000000e+00  0.000000e+00  1.000000e+00
    outer loop
      vertex  8.200000e+01 -3.000000e+01  1.000000e+01
      vertex  1.224118e+02 -9.659258e+00  1.000000e+01
      vertex  1.215798e+02 -9.396926e+00  1.000000e+01
    endloop
  endfacet
  facet normal  0.000000e+00  0.000000e+00  1.000000e+00
    outer loop
      vertex  8.200000e+01 -3.000000e+01  1.000000e+01
      vertex  1.215798e+02 -9.396926e+00  1.000000e+01
      vertex  1.207738e+02 -9.063078e+00  1.000000e+01
    endloop
  endfacet
  facet normal  0.000000e+00  0.000000e+00  9.999999e-01
    outer loop
      vertex  8.200000e+01 -3.000000e+01  1.000000e+01
      vertex  1.207738e+02 -9.063078e+00  1.000000e+01
      vertex  1.200000e+02 -8.660254e+00  1.000000e+01
    endloop
  endfacet
  facet normal  0.000000e+00  0.000000e+00  1.000000e+00
    outer loop
      vertex  8.200000e+01 -3.000000e+01  1.000000e+01
      vertex  1.200000e+02 -8.660254e+00  1.000000e+01
      vertex  1.192642e+02 -8.191521e+00  1.000000e+01
    endloop
  endfacet
  facet normal  0.000000e+00  0.000000e+00  1.000000e+00
    outer loop
      vertex  8.200000e+01 -3.000000e+01  1.000000e+01
      vertex  1.192642e+02 -8.191521e+00  1.000000e+01
      vertex  1.185721e+02 -7.660444e+00  1.000000e+01
    endloop
  endfacet
  facet normal  0.000000e+00  0.000000e+00  1.000000e+00
    outer loop
      vertex  8.200000e+01 -3.000000e+01  1.000000e+01
      vertex  1.185721e+02 -7.660444e+00  1.000000e+01
      vertex  1.179289e+02 -7.071068e+00  1.000000e+01
    endloop
  endfacet
  facet normal  0.000000e+00  0.000000e+00  1.000000e+00
    outer loop
      vertex  8.200000e+01 -3.000000e+01  1.000000e+01
      vertex  1.179289e+02 -7.071068e+00  1.000000e+01
      vertex  1.173396e+02 -6.427876e+00  1.000000e+01
    endloop
  endfacet
  facet normal  0.000000e+00  0.000000e+00  1.000000e+00
    outer loop
      vertex  8.200000e+01 -3.000000e+01  1.000000e+01
      vertex  1.173396e+02 -6.427876e+00  1.000000e+01
      vertex  1.168085e+02 -5.735765e+00  1.000000e+01
    endloop
  endfacet
  facet normal  0.000000e+00  0.000000e+00  1.000000e+00
    outer loop
      vertex  8.200000e+01 -3.000000e+01  1.000000e+01
      vertex  1.168085e+02 -5.735765e+00  1.000000e+01
      vertex  1.163397e+02 -5.000000e+00  1.000000e+01
    endloop
  endfacet
  facet normal  0.000000e+00  0.000000e+00  1.000000e+00
    outer loop
      vertex  8.200000e+01 -3.000000e+01  1.000000e+01
      vertex  1.163397e+02 -5.000000e+00  1.000000e+01
      vertex  1.159369e+02 -4.226182e+00  1.000000e+01
    endloop
  endfacet
  facet normal  0.000000e+00  0.000000e+00  1.000000e+00
    outer loop
      vertex  8.200000e+01 -3.000000e+01  1.000000e+01
      vertex  1.159369e+02 -4.226182e+00  1.000000e+01
      vertex  1.156031e+02 -3.420202e+00  1.000000e+01
    endloop
  endfacet
  facet normal  0.000000e+00  0.000000e+00  1.000000e+00
    outer loop
      vertex  8.200000e+01 -3.000000e+01  1.000000e+01
      vertex  1.156031e+02 -3.420202e+00  1.000000e+01
      vertex  1.153407e+02 -2.588191e+00  1.000000e+01
    endloop
  endfacet
  facet normal  0.000000e+00  0.000000e+00  1.000000e+00
    outer loop
      vertex  8.200000e+01 -3.000000e+01  1.000000e+01
      vertex  1.153407e+02 -2.588191e+00  1.000000e+01
      vertex  1.151519e+02 -1.736482e+00  1.000000e+01
    endloop
  endfacet
  facet normal  0.000000e+00  0.000000e+00  1.000000e+00
    outer loop
      vertex  8.200000e+01 -3.000000e+01  1.000000e+01
      vertex  1.151519e+02 -1.736482e+00  1.000000e+01
      vertex  1.150381e+02 -8.715574e-01  1.000000e+01
    endloop
  endfacet
  facet normal  0.000000e+00  0.000000e+00  1.000000e+00
    outer loop
      vertex  8.200000e+01 -3.000000e+01  1.000000e+01
      vertex  1.150381e+02 -8.715574e-01  1.000000e+01
      vertex  1.150000e+02 -1.224647e-15  1.000000e+01
    endloop
  endfacet
  facet normal  0.000000e+00  0.000000e+00  9.999999e-01
    outer loop
      vertex  8.200000e+01 -3.000000e+01  1.000000e+01
      vertex  1.150000e+02 -1.224647e-15  1.000000e+01
      vertex  8.200000e+01 -2.500000e+01  1.000000e+01
    endloop
  endfacet
  facet normal  -0.000000e+00  0.000000e+00  9.999999e-01
    outer loop
      vertex  8.200000e+01  3.000000e+01  1.000000e+01
      vertex  8.200000e+01  2.500000e+01  1.000000e+01
      vertex  1.150000e+02 -1.224647e-15  1.000000e+01
    endloop
  endfacet
  facet normal  0.000000e+00  -0.000000e+00  1.000000e+00
    outer loop
      vertex  8.200000e+01  3.000000e+01  1.000000e+01
      vertex  1.150000e+02 -1.224647e-15  1.000000e+01
      vertex  1.150381e+02  8.715574e-01  1.000000e+01
    endloop
  endfacet
  facet normal  0.000000e+00  -0.000000e+00  1.000000e+00
    outer loop
      vertex  8.200000e+01  3.000000e+01  1.000000e+01
      vertex  1.150381e+02  8.715574e-01  1.000000e+01
      vertex  1.151519e+02  1.736482e+00  1.000000e+01
    endloop
  endfacet
  facet normal  0.000000e+00  -0.000000e+00  1.000000e+00
    outer loop
      vertex  8.200000e+01  3.000000e+01  1.000000e+01
      vertex  1.151519e+02  1.736482e+00  1.000000e+01
      vertex  1.153407e+02  2.588191e+00  1.000000e+01
    endloop
  endfacet
  facet normal  0.000000e+00  -0.000000e+00  1.000000e+00
    outer loop
      vertex  8.200000e+01  3.000000e+01  1.000000e+01
      vertex  1.153407e+02  2.588191e+00  1.000000e+01
      vertex  1.156031e+02  3.420202e+00  1.000000e+01
    endloop
  endfacet
  facet normal  0.000000e+00  -0.000000e+00  1.000000e+00
    outer loop
      vertex  8.200000e+01  3.000000e+01  1.000000e+01
      vertex  1.156031e+02  3.420202e+00  1.000000e+01
      vertex  1.159369e+02  4.226182e+00  1.000000e+01
    endloop
  endfacet
  facet normal  0.000000e+00  -0.000000e+00  1.000000e+00
    outer loop
      vertex  8.200000e+01  3.000000e+01  1.000000e+01
      vertex  1.159369e+02  4.226182e+00  1.000000e+01
      vertex  1.163397e+02  5.000000e+00  1.000000e+01
    endloop
  endfacet
  facet normal  0.000000e+00  -0.000000e+00  1.000000e+00
    outer loop
      vertex  8.200000e+01  3.000000e+01  1.000000e+01
      vertex  1.163397e+02  5.000000e+00  1.000000e+01
      vertex  1.168085e+02  5.735765e+00  1.000000e+01
    endloop
  endfacet
  facet normal  0.000000e+00  -0.000000e+00  1.000000e+00
    outer loop
      vertex  8.200000e+01  3.000000e+01  1.000000e+01
      vertex  1.168085e+02  5.735765e+00  1.000000e+01
      vertex  1.173396e+02  6.427876e+00  1.000000e+01
    endloop
  endfacet
  facet normal  0.000000e+00  -0.000000e+00  1.000000e+00
    outer loop
      vertex  8.200000e+01  3.000000e+01  1.000000e+01
      vertex  1.173396e+02  6.427876e+00  1.000000e+01
      vertex  1.179289e+02  7.071068e+00  1.000000e+01
    endloop
  endfacet
  facet normal  0.000000e+00  -0.000000e+00  1.000000e+00
    outer loop
      vertex  8.200000e+01  3.000000e+01  1.000000e+01
      vertex  1.179289e+02  7.071068e+00  1.000000e+01
      vertex  1.185721e+02  7.660444e+00  1.000000e+01
    endloop
  endfacet
  facet normal  0.000000e+00  -0.000000e+00  1.000000e+00
    outer loop
      vertex  8.200000e+01  3.000000e+01  1.000000e+01
      vertex  1.185721e+02  7.660444e+00  1.000000e+01
      vertex  1.192642e+02  8.191521e+00  1.000000e+01
    endloop
  endfacet
  facet normal  0.000000e+00  -0.000000e+00  1.000000e+00
    outer loop
      vertex  8.200000e+01  3.000000e+01  1.000000e+01
      vertex  1.192642e+02  8.191521e+00  1.000000e+01
      vertex  1.200000e+02  8.660254e+00  1.000000e+01
    endloop
  endfacet
  facet normal  0.000000e+00  -0.000000e+00  9.999999e-01
    outer loop
      vertex  8.200000e+01  3.000000e+01  1.000000e+01
      vertex  1.200000e+02  8.660254e+00  1.000000e+01
      vertex  1.207738e+02  9.063078e+00  1.000000e+01
    endloop
  endfacet
  facet normal  0.000000e+00  -0.000000e+00  1.000000e+00
    outer loop
      vertex  8.200000e+01  3.000000e+01  1.000000e+01
      vertex  1.207738e+02  9.063078e+00  1.000000e+01
      vertex  1.215798e+02  9.396926e+00  1.000000e+01
    endloop
  endfacet
  facet normal  0.000000e+00  -0.000000e+00  1.000000e+00
    outer loop
      vertex  8.200000e+01  3.000000e+01  1.000000e+01
      vertex  1.215798e+02  9.396926e+00  1.000000e+01
      vertex  1.224118e+02  9.659258e+00  1.000000e+01
    endloop
  endfacet
  facet normal  0.000000e+00  -0.000000e+00  1.000000e+00
    outer loop
      vertex  8.200000e+01  3.000000e+01  1.000000e+01
      vertex  1.224118e+02  9.659258e+00  1.000000e+01
      vertex  1.232635e+02  9.848078e+00  1.000000e+01
    endloop
  endfacet
  facet normal  0.000000e+00  -0.000000e+00  1.000000e+00
    outer loop
      vertex  8.200000e+01  3.000000e+01  1.000000e+01
      vertex  1.232635e+02  9.848078e+00  1.000000e+01
      vertex  1.241284e+02  9.961947e+00  1.000000e+01
    endloop
  endfacet
  facet normal  0.000000e+00  -0.000000e+00  1.000000e+00
    outer loop
      vertex  8.200000e+01  3.000000e+01  1.000000e+01
      vertex  1.241284e+02  9.961947e+00  1.000000e+01
      vertex  1.250000e+02  1.500000e+01  1.000000e+01
    endloop
  endfacet
  facet normal  0.000000e+00  -0.000000e+00  1.000000e+00
    outer loop
      vertex  8.200000e+01  3.000000e+01  1.000000e+01
      vertex  1.250000e+02  1.500000e+01  1.000000e+01
      vertex  1.250000e+02  3.000000e+01  1.000000e+01
    endloop
  endfacet
  facet normal  -0.000000e+00  0.000000e+00  1.000000e+00
    outer loop
      vertex  1.343969e+02 -3.420202e+00  1.000000e+01
      vertex  1.340631e+02 -4.226182e+00  1.000000e+01
      vertex  1.339892e+02 -1.200812e+01  1.000000e+01
    endloop
  endfacet
  facet normal  0.000000e+00  -0.000000e+00  1.000000e+00
    outer loop
      vertex  1.339892e+02 -1.200812e+01  1.000000e+01
      vertex  1.340631e+02 -4.226182e+00  1.000000e+01
      vertex  1.336602e+02 -5.000000e+00  1.000000e+01
    endloop
  endfacet
  facet normal  0.000000e+00  0.000000e+00  9.999999e-01
    outer loop
      vertex  1.339892e+02 -1.200812e+01  1.000000e+01
      vertex  1.336602e+02 -5.000000e+00  1.000000e+01
      vertex  1.331096e+02 -1.261880e+01  1.000000e+01
    endloop
  endfacet
  facet normal  0.000000e+00  -0.000000e+00  1.000000e+00
    outer loop
      vertex  1.320711e+02 -7.071068e+00  1.000000e+01
      vertex  1.321887e+02 -1.316518e+01  1.000000e+01
      vertex  1.326604e+02 -6.427876e+00  1.000000e+01
    endloop
  endfacet
  facet normal  0.000000e+00  0.000000e+00  1.000000e+00
    outer loop
      vertex  1.326604e+02 -6.427876e+00  1.000000e+01
      vertex  1.321887e+02 -1.316518e+01  1.000000e+01
      vertex  1.331096e+02 -1.261880e+01  1.000000e+01
    endloop
  endfacet
  facet normal  0.000000e+00  -0.000000e+00  1.000000e+00
    outer loop
      vertex  1.326604e+02 -6.427876e+00  1.000000e+01
      vertex  1.331096e+02 -1.261880e+01  1.000000e+01
      vertex  1.331915e+02 -5.735765e+00  1.000000e+01
    endloop
  endfacet
  facet normal  0.000000e+00  -0.000000e+00  1.000000e+00
    outer loop
      vertex  1.300000e+02 -8.660254e+00  1.000000e+01
      vertex  1.302420e+02 -1.405425e+01  1.000000e+01
      vertex  1.307358e+02 -8.191521e+00  1.000000e+01
    endloop
  endfacet
  facet normal  0.000000e+00  0.000000e+00  1.000000e+00
    outer loop
      vertex  1.307358e+02 -8.191521e+00  1.000000e+01
      vertex  1.302420e+02 -1.405425e+01  1.000000e+01
      vertex  1.312312e+02 -1.364448e+01  1.000000e+01
    endloop
  endfacet
  facet normal  0.000000e+00  -0.000000e+00  1.000000e+00
    outer loop
      vertex  1.307358e+02 -8.191521e+00  1.000000e+01
      vertex  1.312312e+02 -1.364448e+01  1.000000e+01
      vertex  1.314279e+02 -7.660444e+00  1.000000e+01
    endloop
  endfacet
  facet normal  0.000000e+00  0.000000e+00  1.000000e+00
    outer loop
      vertex  1.314279e+02 -7.660444e+00  1.000000e+01
      vertex  1.312312e+02 -1.364448e+01  1.000000e+01
      vertex  1.321887e+02 -1.316518e+01  1.000000e+01
    endloop
  endfacet
  facet normal  0.000000e+00  0.000000e+00  9.999999e-01
    outer loop
      vertex  1.314279e+02 -7.660444e+00  1.000000e+01
      vertex  1.321887e+02 -1.316518e+01  1.000000e+01
      vertex  1.320711e+02 -7.071068e+00  1.000000e+01
    endloop
  endfacet
  facet normal  0.000000e+00  -0.000000e+00  1.000000e+00
    outer loop
      vertex  1.267365e+02 -9.848078e+00  1.000000e+01
      vertex  1.271347e+02 -1.484732e+01  1.000000e+01
      vertex  1.275882e+02 -9.659258e+00  1.000000e+01
    endloop
  endfacet
  facet normal  0.000000e+00  0.000000e+00  1.000000e+00
    outer loop
      vertex  1.275882e+02 -9.659258e+00  1.000000e+01
      vertex  1.271347e+02 -1.484732e+01  1.000000e+01
      vertex  1.281885e+02 -1.465720e+01  1.000000e+01
    endloop
  endfacet
  facet normal  0.000000e+00  -0.000000e+00  1.000000e+00
    outer loop
      vertex  1.275882e+02 -9.659258e+00  1.000000e+01
      vertex  1.281885e+02 -1.465720e+01  1.000000e+01
      vertex  1.284202e+02 -9.396926e+00  1.000000e+01
    endloop
  endfacet
  facet normal  0.000000e+00  0.000000e+00  1.000000e+00
    outer loop
      vertex  1.284202e+02 -9.396926e+00  1.000000e+01
      vertex  1.281885e+02 -1.465720e+01  1.000000e+01
      vertex  1.292260e+02 -1.439240e+01  1.000000e+01
    endloop
  endfacet
  facet normal  0.000000e+00  -0.000000e+00  1.000000e+00
    outer loop
      vertex  1.284202e+02 -9.396926e+00  1.000000e+01
      vertex  1.292260e+02 -1.439240e+01  1.000000e+01
      vertex  1.292262e+02 -9.063078e+00  1.000000e+01
    endloop
  endfacet
  facet normal  0.000000e+00  0.000000e+00  1.000000e+00
    outer loop
      vertex  1.292262e+02 -9.063078e+00  1.000000e+01
      vertex  1.292260e+02 -1.439240e+01  1.000000e+01
      vertex  1.302420e+02 -1.405425e+01  1.000000e+01
    endloop
  endfacet
  facet normal  0.000000e+00  0.000000e+00  1.000000e+00
    outer loop
      vertex  1.292262e+02 -9.063078e+00  1.000000e+01
      vertex  1.302420e+02 -1.405425e+01  1.000000e+01
      vertex  1.300000e+02 -8.660254e+00  1.000000e+01
    endloop
  endfacet
  facet normal  0.000000e+00  -0.000000e+00  1.000000e+00
    outer loop
      vertex  1.241284e+02 -9.961947e+00  1.000000e+01
      vertex  1.250000e+02 -1.500000e+01  1.000000e+01
      vertex  1.250000e+02 -1.000000e+01  1.000000e+01
    endloop
  endfacet
  facet normal  0.000000e+00  0.000000e+00  1.000000e+00
    outer loop
      vertex  1.250000e+02 -1.000000e+01  1.000000e+01
      vertex  1.250000e+02 -1.500000e+01  1.000000e+01
      vertex  1.260701e+02 -1.496178e+01  1.000000e+01
    endloop
  endfacet
  facet normal  0.000000e+00  0.000000e+00  9.999999e-01
    outer loop
      vertex  1.250000e+02 -1.000000e+01  1.000000e+01
      vertex  1.260701e+02 -1.496178e+01  1.000000e+01
      vertex  1.258716e+02 -9.961947e+00  1.000000e+01
    endloop
  endfacet
  facet normal  0.000000e+00  0.000000e+00  1.000000e+00
    outer loop
      vertex  1.258716e+02 -9.961947e+00  1.000000e+01
      vertex  1.260701e+02 -1.496178e+01  1.000000e+01
      vertex  1.271347e+02 -1.484732e+01  1.000000e+01
    endloop
  endfacet
  facet normal  0.000000e+00  0.000000e+00  1.000000e+00
    outer loop
      vertex  1.258716e+02 -9.961947e+00  1.000000e+01
      vertex  1.271347e+02 -1.484732e+01  1.000000e+01
      vertex  1.267365e+02 -9.848078e+00  1.000000e+01
    endloop
  endfacet
  facet normal  0.000000e+00  0.000000e+00  1.000000e+00
    outer loop
      vertex  1.349619e+02  8.715574e-01  1.000000e+01
      vertex  1.348229e+02  1.133624e+01  1.000000e+01
      vertex  1.348481e+02  1.736482e+00  1.000000e+01
    endloop
  endfacet
  facet normal  0.000000e+00  0.000000e+00  1.000000e+00
    outer loop
      vertex  1.348481e+02  1.736482e+00  1.000000e+01
      vertex  1.348229e+02  1.133624e+01  1.000000e+01
      vertex  1.339892e+02  1.200812e+01  1.000000e+01
    endloop
  endfacet
  facet normal  0.000000e+00  0.000000e+00  9.999999e-01
    outer loop
      vertex  1.348481e+02  1.736482e+00  1.000000e+01
      vertex  1.339892e+02  1.200812e+01  1.000000e+01
      vertex  1.346593e+02  2.588191e+00  1.000000e+01
    endloop
  endfacet
  facet normal  0.000000e+00  0.000000e+00  1.000000e+00
    outer loop
      vertex  1.343969e+02  3.420202e+00  1.000000e+01
      vertex  1.339892e+02  1.200812e+01  1.000000e+01
      vertex  1.340631e+02  4.226182e+00  1.000000e+01
    endloop
  endfacet
  facet normal  0.000000e+00  0.000000e+00  1.000000e+00
    outer loop
      vertex  1.340631e+02  4.226182e+00  1.000000e+01
      vertex  1.339892e+02  1.200812e+01  1.000000e+01
      vertex  1.331096e+02  1.261880e+01  1.000000e+01
    endloop
  endfacet
  facet normal  0.000000e+00  0.000000e+00  9.999999e-01
    outer loop
      vertex  1.340631e+02  4.226182e+00  1.000000e+01
      vertex  1.331096e+02  1.261880e+01  1.000000e+01
      vertex  1.336602e+02  5.000000e+00  1.000000e+01
    endloop
  endfacet
  facet normal  0.000000e+00  0.000000e+00  1.000000e+00
    outer loop
      vertex  1.336602e+02  5.000000e+00  1.000000e+01
      vertex  1.331096e+02  1.261880e+01  1.000000e+01
      vertex  1.331915e+02  5.735765e+00  1.000000e+01
    endloop
  endfacet
  facet normal  0.000000e+00  0.000000e+00  1.000000e+00
    outer loop
      vertex  1.331915e+02  5.735765e+00  1.000000e+01
      vertex  1.331096e+02  1.261880e+01  1.000000e+01
      vertex  1.321887e+02  1.316518e+01  1.000000e+01
    endloop
  endfacet
  facet normal  0.000000e+00  0.000000e+00  9.999999e-01
    outer loop
      vertex  1.331915e+02  5.735765e+00  1.000000e+01
      vertex  1.321887e+02  1.316518e+01  1.000000e+01
      vertex  1.326604e+02  6.427876e+00  1.000000e+01
    endloop
  endfacet
  facet normal  0.000000e+00  0.000000e+00  1.000000e+00
    outer loop
      vertex  1.300000e+02  8.660254e+00  1.000000e+01
      vertex  1.307358e+02  8.191521e+00  1.000000e+01
      vertex  1.302420e+02  1.405425e+01  1.000000e+01
    endloop
  endfacet
  facet normal  0.000000e+00  0.000000e+00  1.000000e+00
    outer loop
      vertex  1.302420e+02  1.405425e+01  1.000000e+01
      vertex  1.307358e+02  8.191521e+00  1.000000e+01
      vertex  1.314279e+02  7.660444e+00  1.000000e+01
    endloop
  endfacet
  facet normal  0.000000e+00  0.000000e+00  1.000000e+00
    outer loop
      vertex  1.302420e+02  1.405425e+01  1.000000e+01
      vertex  1.314279e+02  7.660444e+00  1.000000e+01
      vertex  1.312312e+02  1.364448e+01  1.000000e+01
    endloop
  endfacet
  facet normal  0.000000e+00  0.000000e+00  1.000000e+00
    outer loop
      vertex  1.312312e+02  1.364448e+01  1.000000e+01
      vertex  1.314279e+02  7.660444e+00  1.000000e+01
      vertex  1.320711e+02  7.071068e+00  1.000000e+01
    endloop
  endfacet
  facet normal  0.000000e+00  -0.000000e+00  9.999999e-01
    outer loop
      vertex  1.312312e+02  1.364448e+01  1.000000e+01
      vertex  1.320711e+02  7.071068e+00  1.000000e+01
      vertex  1.321887e+02  1.316518e+01  1.000000e+01
    endloop
  endfacet
  facet normal  0.000000e+00  0.000000e+00  1.000000e+00
    outer loop
      vertex  1.267365e+02  9.848078e+00  1.000000e+01
      vertex  1.275882e+02  9.659258e+00  1.000000e+01
      vertex  1.271347e+02  1.484732e+01  1.000000e+01
    endloop
  endfacet
  facet normal  0.000000e+00  0.000000e+00  1.000000e+00
    outer loop
      vertex  1.271347e+02  1.484732e+01  1.000000e+01
      vertex  1.275882e+02  9.659258e+00  1.000000e+01
      vertex  1.284202e+02  9.396926e+00  1.000000e+01
    endloop
  endfacet
  facet normal  0.000000e+00  0.000000e+00  1.000000e+00
    outer loop
      vertex  1.271347e+02  1.484732e+01  1.000000e+01
      vertex  1.284202e+02  9.396926e+00  1.000000e+01
      vertex  1.281885e+02  1.465720e+01  1.000000e+01
    endloop
  endfacet
  facet normal  0.000000e+00  0.000000e+00  1.000000e+00
    outer loop
      vertex  1.281885e+02  1.465720e+01  1.000000e+01
      vertex  1.284202e+02  9.396926e+00  1.000000e+01
      vertex  1.292262e+02  9.063078e+00  1.000000e+01
    endloop
  endfacet
  facet normal  0.000000e+00  0.000000e+00  1.000000e+00
    outer loop
      vertex  1.281885e+02  1.465720e+01  1.000000e+01
      vertex  1.292262e+02  9.063078e+00  1.000000e+01
      vertex  1.292260e+02  1.439240e+01  1.000000e+01
    endloop
  endfacet
  facet normal  0.000000e+00  0.000000e+00  1.000000e+00
    outer loop
      vertex  1.292260e+02  1.439240e+01  1.000000e+01
      vertex  1.292262e+02  9.063078e+00  1.000000e+01
      vertex  1.300000e+02  8.660254e+00  1.000000e+01
    endloop
  endfacet
  facet normal  0.000000e+00  -0.000000e+00  1.000000e+00
    outer loop
      vertex  1.292260e+02  1.439240e+01  1.000000e+01
      vertex  1.300000e+02  8.660254e+00  1.000000e+01
      vertex  1.302420e+02  1.405425e+01  1.000000e+01
    endloop
  endfacet
  facet normal  0.000000e+00  -0.000000e+00  1.000000e+00
    outer loop
      vertex  1.241284e+02  9.961947e+00  1.000000e+01
      vertex  1.250000e+02  1.000000e+01  1.000000e+01
      vertex  1.250000e+02  1.500000e+01  1.000000e+01
    endloop
  endfacet
  facet normal  0.000000e+00  0.000000e+00  1.000000e+00
    outer loop
      vertex  1.250000e+02  1.500000e+01  1.000000e+01
      vertex  1.250000e+02  1.000000e+01  1.000000e+01
      vertex  1.258716e+02  9.961947e+00  1.000000e+01
    endloop
  endfacet
  facet normal  0.000000e+00  -0.000000e+00  1.000000e+00
    outer loop
      vertex  1.250000e+02  1.500000e+01  1.000000e+01
      vertex  1.258716e+02  9.961947e+00  1.000000e+01
      vertex  1.260701e+02  1.496178e+01  1.000000e+01
    endloop
  endfacet
  facet normal  0.000000e+00  0.000000e+00  1.000000e+00
    outer loop
      vertex  1.260701e+02  1.496178e+01  1.000000e+01
      vertex  1.258716e+02  9.961947e+00  1.000000e+01
      vertex  1.267365e+02  9.848078e+00  1.000000e+01
    endloop
  endfacet
  facet normal  0.000000e+00  -0.000000e+00  1.000000e+00
    outer loop
      vertex  1.260701e+02  1.496178e+01  1.000000e+01
      vertex  1.267365e+02  9.848078e+00  1.000000e+01
      vertex  1.271347e+02  1.484732e+01  1.000000e+01
    endloop
  endfacet
  facet normal  0.000000e+00  0.000000e+00 -1.000000e+00
    outer loop
      vertex  1.284202e+02 -9.396926e+00  0.000000e+00
      vertex  1.370081e+02 -8.989165e+00  0.000000e+00
      vertex  1.275882e+02 -9.659258e+00  0.000000e+00
    endloop
  endfacet
  facet normal  0.000000e+00  -0.000000e+00 -1.000000e+00
    outer loop
      vertex  1.300000e+02 -8.660254e+00  0.000000e+00
      vertex  1.307358e+02 -8.191521e+00  0.000000e+00
      vertex  1.376188e+02 -8.109612e+00  0.000000e+00
    endloop
  endfacet
  facet normal  0.000000e+00  0.000000e+00 -1.000000e+00
    outer loop
      vertex  1.250000e+02 -1.500000e+01  0.000000e+00
      vertex  1.250000e+02 -4.000000e+01  0.000000e+00
      vertex  0.000000e+00 -4.000000e+01  0.000000e+00
    endloop
  endfacet
  facet normal  0.000000e+00  0.000000e+00 -1.000000e+00
    outer loop
      vertex  1.250000e+02 -1.500000e+01  0.000000e+00
      vertex  0.000000e+00 -4.000000e+01  0.000000e+00
      vertex  0.000000e+00  4.000000e+01  0.000000e+00
    endloop
  endfacet
  facet normal  0.000000e+00  0.000000e+00 -1.000000e+00
    outer loop
      vertex  1.250000e+02 -1.500000e+01  0.000000e+00
      vertex  0.000000e+00  4.000000e+01  0.000000e+00
      vertex  1.207738e+02 -9.063078e+00  0.000000e+00
    endloop
  endfacet
  facet normal  0.000000e+00  0.000000e+00 -1.000000e+00
    outer loop
      vertex  1.250000e+02 -1.500000e+01  0.000000e+00
      vertex  1.207738e+02 -9.063078e+00  0.000000e+00
      vertex  1.215798e+02 -9.396926e+00  0.000000e+00
    endloop
  endfacet
  facet normal  0.000000e+00  0.000000e+00 -1.000000e+00
    outer loop
      vertex  1.250000e+02 -1.500000e+01  0.000000e+00
      vertex  1.215798e+02 -9.396926e+00  0.000000e+00
      vertex  1.224118e+02 -9.659258e+00  0.000000e+00
    endloop
  endfacet
  facet normal  0.000000e+00  0.000000e+00 -1.000000e+00
    outer loop
      vertex  1.250000e+02 -1.500000e+01  0.000000e+00
      vertex  1.224118e+02 -9.659258e+00  0.000000e+00
      vertex  1.232635e+02 -9.848078e+00  0.000000e+00
    endloop
  endfacet
  facet normal  0.000000e+00  0.000000e+00 -1.000000e+00
    outer loop
      vertex  1.250000e+02 -1.500000e+01  0.000000e+00
      vertex  1.232635e+02 -9.848078e+00  0.000000e+00
      vertex  1.241284e+02 -9.961947e+00  0.000000e+00
    endloop
  endfacet
  facet normal  0.000000e+00  0.000000e+00 -1.000000e+00
    outer loop
      vertex  1.250000e+02 -1.500000e+01  0.000000e+00
      vertex  1.241284e+02 -9.961947e+00  0.000000e+00
      vertex  1.250000e+02 -1.000000e+01  0.000000e+00
    endloop
  endfacet
  facet normal  0.000000e+00  0.000000e+00 -1.000000e+00
    outer loop
      vertex  1.250000e+02 -1.500000e+01  0.000000e+00
      vertex  1.250000e+02 -1.000000e+01  0.000000e+00
      vertex  1.260701e+02 -1.496178e+01  0.000000e+00
    endloop
  endfacet
  facet normal  -0.000000e+00  -0.000000e+00 -1.000000e+00
    outer loop
      vertex  0.000000e+00  4.000000e+01  0.000000e+00
      vertex  1.250000e+02  4.000000e+01  0.000000e+00
      vertex  1.250000e+02  1.500000e+01  0.000000e+00
    endloop
  endfacet
  facet normal  -0.000000e+00  -0.000000e+00 -1.000000e+00
    outer loop
      vertex  0.000000e+00  4.000000e+01  0.000000e+00
      vertex  1.250000e+02  1.500000e+01  0.000000e+00
      vertex  1.250000e+02  1.000000e+01  0.000000e+00
    endloop
  endfacet
  facet normal  -0.000000e+00  0.000000e+00 -1.000000e+00
    outer loop
      vertex  0.000000e+00  4.000000e+01  0.000000e+00
      vertex  1.250000e+02  1.000000e+01  0.000000e+00
      vertex  1.241284e+02  9.961947e+00  0.000000e+00
    endloop
  endfacet
  facet normal  -0.000000e+00  0.000000e+00 -1.000000e+00
    outer loop
      vertex  0.000000e+00  4.000000e+01  0.000000e+00
      vertex  1.241284e+02  9.961947e+00  0.000000e+00
      vertex  1.232635e+02  9.848078e+00  0.000000e+00
    endloop
  endfacet
  facet normal  -0.000000e+00  0.000000e+00 -9.999999e-01
    outer loop
      vertex  0.000000e+00  4.000000e+01  0.000000e+00
      vertex  1.232635e+02  9.848078e+00  0.000000e+00
      vertex  1.224118e+02  9.659258e+00  0.000000e+00
    endloop
  endfacet
  facet normal  -0.000000e+00  0.000000e+00 -1.000000e+00
    outer loop
      vertex  0.000000e+00  4.000000e+01  0.000000e+00
      vertex  1.224118e+02  9.659258e+00  0.000000e+00
      vertex  1.215798e+02  9.396926e+00  0.000000e+00
    endloop
  endfacet
  facet normal  -0.000000e+00  0.000000e+00 -1.000000e+00
    outer loop
      vertex  0.000000e+00  4.000000e+01  0.000000e+00
      vertex  1.215798e+02  9.396926e+00  0.000000e+00
      vertex  1.207738e+02  9.063078e+00  0.000000e+00
    endloop
  endfacet
  facet normal  -0.000000e+00  0.000000e+00 -1.000000e+00
    outer loop
      vertex  0.000000e+00  4.000000e+01  0.000000e+00
      vertex  1.207738e+02  9.063078e+00  0.000000e+00
      vertex  1.200000e+02  8.660254e+00  0.000000e+00
    endloop
  endfacet
  facet normal  -0.000000e+00  0.000000e+00 -1.000000e+00
    outer loop
      vertex  0.000000e+00  4.000000e+01  0.000000e+00
      vertex  1.200000e+02  8.660254e+00  0.000000e+00
      vertex  1.192642e+02  8.191521e+00  0.000000e+00
    endloop
  endfacet
  facet normal  -0.000000e+00  0.000000e+00 -1.000000e+00
    outer loop
      vertex  0.000000e+00  4.000000e+01  0.000000e+00
      vertex  1.192642e+02  8.191521e+00  0.000000e+00
      vertex  1.185721e+02  7.660444e+00  0.000000e+00
    endloop
  endfacet
  facet normal  -0.000000e+00  0.000000e+00 -9.999999e-01
    outer loop
      vertex  0.000000e+00  4.000000e+01  0.000000e+00
      vertex  1.185721e+02  7.660444e+00  0.000000e+00
      vertex  1.179289e+02  7.071068e+00  0.000000e+00
    endloop
  endfacet
  facet normal  -0.000000e+00  0.000000e+00 -1.000000e+00
    outer loop
      vertex  0.000000e+00  4.000000e+01  0.000000e+00
      vertex  1.179289e+02  7.071068e+00  0.000000e+00
      vertex  1.173396e+02  6.427876e+00  0.000000e+00
    endloop
  endfacet
  facet normal  -0.000000e+00  0.000000e+00 -1.000000e+00
    outer loop
      vertex  0.000000e+00  4.000000e+01  0.000000e+00
      vertex  1.173396e+02  6.427876e+00  0.000000e+00
      vertex  1.168085e+02  5.735765e+00  0.000000e+00
    endloop
  endfacet
  facet normal  -0.000000e+00  0.000000e+00 -9.999999e-01
    outer loop
      vertex  0.000000e+00  4.000000e+01  0.000000e+00
      vertex  1.168085e+02  5.735765e+00  0.000000e+00
      vertex  1.163397e+02  5.000000e+00  0.000000e+00
    endloop
  endfacet
  facet normal  -0.000000e+00  0.000000e+00 -1.000000e+00
    outer loop
      vertex  0.000000e+00  4.000000e+01  0.000000e+00
      vertex  1.163397e+02  5.000000e+00  0.000000e+00
      vertex  1.159369e+02  4.226182e+00  0.000000e+00
    endloop
  endfacet
  facet normal  -0.000000e+00  0.000000e+00 -1.000000e+00
    outer loop
      vertex  0.000000e+00  4.000000e+01  0.000000e+00
      vertex  1.159369e+02  4.226182e+00  0.000000e+00
      vertex  1.156031e+02  3.420202e+00  0.000000e+00
    endloop
  endfacet
  facet normal  -0.000000e+00  0.000000e+00 -1.000000e+00
    outer loop
      vertex  0.000000e+00  4.000000e+01  0.000000e+00
      vertex  1.156031e+02  3.420202e+00  0.000000e+00
      vertex  1.153407e+02  2.588191e+00  0.000000e+00
    endloop
  endfacet
  facet normal  -0.000000e+00  0.000000e+00 -1.000000e+00
    outer loop
      vertex  0.000000e+00  4.000000e+01  0.000000e+00
      vertex  1.153407e+02  2.588191e+00  0.000000e+00
      vertex  1.151519e+02  1.736482e+00  0.000000e+00
    endloop
  endfacet
  facet normal  -0.000000e+00  0.000000e+00 -1.000000e+00
    outer loop
      vertex  0.000000e+00  4.000000e+01  0.000000e+00
      vertex  1.151519e+02  1.736482e+00  0.000000e+00
      vertex  1.150381e+02  8.715574e-01  0.000000e+00
    endloop
  endfacet
  facet normal  -0.000000e+00  0.000000e+00 -1.000000e+00
    outer loop
      vertex  0.000000e+00  4.000000e+01  0.000000e+00
      vertex  1.150381e+02  8.715574e-01  0.000000e+00
      vertex  1.150000e+02 -1.224647e-15  0.000000e+00
    endloop
  endfacet
  facet normal  -0.000000e+00  -0.000000e+00 -1.000000e+00
    outer loop
      vertex  0.000000e+00  4.000000e+01  0.000000e+00
      vertex  1.150000e+02 -1.224647e-15  0.000000e+00
      vertex  1.150381e+02 -8.715574e-01  0.000000e+00
    endloop
  endfacet
  facet normal  -0.000000e+00  -0.000000e+00 -1.000000e+00
    outer loop
      vertex  0.000000e+00  4.000000e+01  0.000000e+00
      vertex  1.150381e+02 -8.715574e-01  0.000000e+00
      vertex  1.151519e+02 -1.736482e+00  0.000000e+00
    endloop
  endfacet
  facet normal  -0.000000e+00  -0.000000e+00 -1.000000e+00
    outer loop
      vertex  0.000000e+00  4.000000e+01  0.000000e+00
      vertex  1.151519e+02 -1.736482e+00  0.000000e+00
      vertex  1.153407e+02 -2.588191e+00  0.000000e+00
    endloop
  endfacet
  facet normal  -0.000000e+00  -0.000000e+00 -1.000000e+00
    outer loop
      vertex  0.000000e+00  4.000000e+01  0.000000e+00
      vertex  1.153407e+02 -2.588191e+00  0.000000e+00
      vertex  1.156031e+02 -3.420202e+00  0.000000e+00
    endloop
  endfacet
  facet normal  -0.000000e+00  -0.000000e+00 -1.000000e+00
    outer loop
      vertex  0.000000e+00  4.000000e+01  0.000000e+00
      vertex  1.156031e+02 -3.420202e+00  0.000000e+00
      vertex  1.159369e+02 -4.226182e+00  0.000000e+00
    endloop
  endfacet
  facet normal  -0.000000e+00  -0.000000e+00 -1.000000e+00
    outer loop
      vertex  0.000000e+00  4.000000e+01  0.000000e+00
      vertex  1.159369e+02 -4.226182e+00  0.000000e+00
      vertex  1.163397e+02 -5.000000e+00  0.000000e+00
    endloop
  endfacet
  facet normal  -0.000000e+00  -0.000000e+00 -1.000000e+00
    outer loop
      vertex  0.000000e+00  4.000000e+01  0.000000e+00
      vertex  1.163397e+02 -5.000000e+00  0.000000e+00
      vertex  1.168085e+02 -5.735765e+00  0.000000e+00
    endloop
  endfacet
  facet normal  -0.000000e+00  -0.000000e+00 -1.000000e+00
    outer loop
      vertex  0.000000e+00  4.000000e+01  0.000000e+00
      vertex  1.168085e+02 -5.735765e+00  0.000000e+00
      vertex  1.173396e+02 -6.427876e+00  0.000000e+00
    endloop
  endfacet
  facet normal  -0.000000e+00  -0.000000e+00 -1.000000e+00
    outer loop
      vertex  0.000000e+00  4.000000e+01  0.000000e+00
      vertex  1.173396e+02 -6.427876e+00  0.000000e+00
      vertex  1.179289e+02 -7.071068e+00  0.000000e+00
    endloop
  endfacet
  facet normal  -0.000000e+00  -0.000000e+00 -1.000000e+00
    outer loop
      vertex  0.000000e+00  4.000000e+01  0.000000e+00
      vertex  1.179289e+02 -7.071068e+00  0.000000e+00
      vertex  1.185721e+02 -7.660444e+00  0.000000e+00
    endloop
  endfacet
  facet normal  -0.000000e+00  -0.000000e+00 -1.000000e+00
    outer loop
      vertex  0.000000e+00  4.000000e+01  0.000000e+00
      vertex  1.185721e+02 -7.660444e+00  0.000000e+00
      vertex  1.192642e+02 -8.191521e+00  0.000000e+00
    endloop
  endfacet
  facet normal  -0.000000e+00  -0.000000e+00 -1.000000e+00
    outer loop
      vertex  0.000000e+00  4.000000e+01  0.000000e+00
      vertex  1.192642e+02 -8.191521e+00  0.000000e+00
      vertex  1.200000e+02 -8.660254e+00  0.000000e+00
    endloop
  endfacet
  facet normal  -0.000000e+00  -0.000000e+00 -9.999999e-01
    outer loop
      vertex  0.000000e+00  4.000000e+01  0.000000e+00
      vertex  1.200000e+02 -8.660254e+00  0.000000e+00
      vertex  1.207738e+02 -9.063078e+00  0.000000e+00
    endloop
  endfacet
  facet normal  -0.000000e+00  0.000000e+00 -1.000000e+00
    outer loop
      vertex  1.250000e+02 -1.000000e+01  0.000000e+00
      vertex  1.356066e+02 -1.060660e+01  0.000000e+00
      vertex  1.348229e+02 -1.133624e+01  0.000000e+00
    endloop
  endfacet
  facet normal  -0.000000e+00  0.000000e+00 -1.000000e+00
    outer loop
      vertex  1.250000e+02 -1.000000e+01  0.000000e+00
      vertex  1.348229e+02 -1.133624e+01  0.000000e+00
      vertex  1.339892e+02 -1.200812e+01  0.000000e+00
    endloop
  endfacet
  facet normal  -0.000000e+00  0.000000e+00 -9.999999e-01
    outer loop
      vertex  1.250000e+02 -1.000000e+01  0.000000e+00
      vertex  1.339892e+02 -1.200812e+01  0.000000e+00
      vertex  1.331096e+02 -1.261880e+01  0.000000e+00
    endloop
  endfacet
  facet normal  -0.000000e+00  0.000000e+00 -1.000000e+00
    outer loop
      vertex  1.250000e+02 -1.000000e+01  0.000000e+00
      vertex  1.331096e+02 -1.261880e+01  0.000000e+00
      vertex  1.321887e+02 -1.316518e+01  0.000000e+00
    endloop
  endfacet
  facet normal  -0.000000e+00  0.000000e+00 -9.999999e-01
    outer loop
      vertex  1.250000e+02 -1.000000e+01  0.000000e+00
      vertex  1.321887e+02 -1.316518e+01  0.000000e+00
      vertex  1.312312e+02 -1.364448e+01  0.000000e+00
    endloop
  endfacet
  facet normal  -0.000000e+00  0.000000e+00 -1.000000e+00
    outer loop
      vertex  1.250000e+02 -1.000000e+01  0.000000e+00
      vertex  1.312312e+02 -1.364448e+01  0.000000e+00
      vertex  1.302420e+02 -1.405425e+01  0.000000e+00
    endloop
  endfacet
  facet normal  -0.000000e+00  0.000000e+00 -1.000000e+00
    outer loop
      vertex  1.250000e+02 -1.000000e+01  0.000000e+00
      vertex  1.302420e+02 -1.405425e+01  0.000000e+00
      vertex  1.292260e+02 -1.439240e+01  0.000000e+00
    endloop
  endfacet
  facet normal  -0.000000e+00  0.000000e+00 -1.000000e+00
    outer loop
      vertex  1.250000e+02 -1.000000e+01  0.000000e+00
      vertex  1.292260e+02 -1.439240e+01  0.000000e+00
      vertex  1.281885e+02 -1.465720e+01  0.000000e+00
    endloop
  endfacet
  facet normal  -0.000000e+00  0.000000e+00 -1.000000e+00
    outer loop
      vertex  1.250000e+02 -1.000000e+01  0.000000e+00
      vertex  1.281885e+02 -1.465720e+01  0.000000e+00
      vertex  1.271347e+02 -1.484732e+01  0.000000e+00
    endloop
  endfacet
  facet normal  -0.000000e+00  0.000000e+00 -1.000000e+00
    outer loop
      vertex  1.250000e+02 -1.000000e+01  0.000000e+00
      vertex  1.271347e+02 -1.484732e+01  0.000000e+00
      vertex  1.260701e+02 -1.496178e+01  0.000000e+00
    endloop
  endfacet
  facet normal  0.000000e+00  0.000000e+00 -1.000000e+00
    outer loop
      vertex  1.363362e+02 -9.822911e+00  0.000000e+00
      vertex  1.356066e+02 -1.060660e+01  0.000000e+00
      vertex  1.250000e+02 -1.000000e+01  0.000000e+00
    endloop
  endfacet
  facet normal  0.000000e+00  0.000000e+00 -1.000000e+00
    outer loop
      vertex  1.363362e+02 -9.822911e+00  0.000000e+00
      vertex  1.250000e+02 -1.000000e+01  0.000000e+00
      vertex  1.258716e+02 -9.961947e+00  0.000000e+00
    endloop
  endfacet
  facet normal  0.000000e+00  0.000000e+00 -1.000000e+00
    outer loop
      vertex  1.363362e+02 -9.822911e+00  0.000000e+00
      vertex  1.258716e+02 -9.961947e+00  0.000000e+00
      vertex  1.267365e+02 -9.848078e+00  0.000000e+00
    endloop
  endfacet
  facet normal  0.000000e+00  0.000000e+00 -1.000000e+00
    outer loop
      vertex  1.363362e+02 -9.822911e+00  0.000000e+00
      vertex  1.267365e+02 -9.848078e+00  0.000000e+00
      vertex  1.275882e+02 -9.659258e+00  0.000000e+00
    endloop
  endfacet
  facet normal  0.000000e+00  0.000000e+00 -1.000000e+00
    outer loop
      vertex  1.363362e+02 -9.822911e+00  0.000000e+00
      vertex  1.275882e+02 -9.659258e+00  0.000000e+00
      vertex  1.370081e+02 -8.989165e+00  0.000000e+00
    endloop
  endfacet
  facet normal  0.000000e+00  0.000000e+00 -1.000000e+00
    outer loop
      vertex  1.363362e+02  9.822911e+00  0.000000e+00
      vertex  1.370081e+02  8.989165e+00  0.000000e+00
      vertex  1.292262e+02  9.063078e+00  0.000000e+00
    endloop
  endfacet
  facet normal  0.000000e+00  0.000000e+00 -9.999999e-01
    outer loop
      vertex  1.363362e+02  9.822911e+00  0.000000e+00
      vertex  1.292262e+02  9.063078e+00  0.000000e+00
      vertex  1.284202e+02  9.396926e+00  0.000000e+00
    endloop
  endfacet
  facet normal  0.000000e+00  0.000000e+00 -1.000000e+00
    outer loop
      vertex  1.363362e+02  9.822911e+00  0.000000e+00
      vertex  1.284202e+02  9.396926e+00  0.000000e+00
      vertex  1.275882e+02  9.659258e+00  0.000000e+00
    endloop
  endfacet
  facet normal  0.000000e+00  0.000000e+00 -9.999999e-01
    outer loop
      vertex  1.363362e+02  9.822911e+00  0.000000e+00
      vertex  1.275882e+02  9.659258e+00  0.000000e+00
      vertex  1.267365e+02  9.848078e+00  0.000000e+00
    endloop
  endfacet
  facet normal  -0.000000e+00  -0.000000e+00 -1.000000e+00
    outer loop
      vertex  1.250000e+02  1.500000e+01  0.000000e+00
      vertex  1.260701e+02  1.496178e+01  0.000000e+00
      vertex  1.271347e+02  1.484732e+01  0.000000e+00
    endloop
  endfacet
  facet normal  -0.000000e+00  -0.000000e+00 -9.999999e-01
    outer loop
      vertex  1.250000e+02  1.500000e+01  0.000000e+00
      vertex  1.271347e+02  1.484732e+01  0.000000e+00
      vertex  1.281885e+02  1.465720e+01  0.000000e+00
    endloop
  endfacet
  facet normal  -0.000000e+00  -0.000000e+00 -1.000000e+00
    outer loop
      vertex  1.250000e+02  1.500000e+01  0.000000e+00
      vertex  1.281885e+02  1.465720e+01  0.000000e+00
      vertex  1.292260e+02  1.439240e+01  0.000000e+00
    endloop
  endfacet
  facet normal  -0.000000e+00  -0.000000e+00 -9.999999e-01
    outer loop
      vertex  1.250000e+02  1.500000e+01  0.000000e+00
      vertex  1.292260e+02  1.439240e+01  0.000000e+00
      vertex  1.302420e+02  1.405425e+01  0.000000e+00
    endloop
  endfacet
  facet normal  -0.000000e+00  -0.000000e+00 -1.000000e+00
    outer loop
      vertex  1.250000e+02  1.500000e+01  0.000000e+00
      vertex  1.302420e+02  1.405425e+01  0.000000e+00
      vertex  1.312312e+02  1.364448e+01  0.000000e+00
    endloop
  endfacet
  facet normal  -0.000000e+00  -0.000000e+00 -9.999999e-01
    outer loop
      vertex  1.250000e+02  1.500000e+01  0.000000e+00
      vertex  1.312312e+02  1.364448e+01  0.000000e+00
      vertex  1.321887e+02  1.316518e+01  0.000000e+00
    endloop
  endfacet
  facet normal  -0.000000e+00  -0.000000e+00 -1.000000e+00
    outer loop
      vertex  1.250000e+02  1.500000e+01  0.000000e+00
      vertex  1.321887e+02  1.316518e+01  0.000000e+00
      vertex  1.331096e+02  1.261880e+01  0.000000e+00
    endloop
  endfacet
  facet normal  -0.000000e+00  -0.000000e+00 -1.000000e+00
    outer loop
      vertex  1.250000e+02  1.500000e+01  0.000000e+00
      vertex  1.331096e+02  1.261880e+01  0.000000e+00
      vertex  1.339892e+02  1.200812e+01  0.000000e+00
    endloop
  endfacet
  facet normal  -0.000000e+00  -0.000000e+00 -1.000000e+00
    outer loop
      vertex  1.250000e+02  1.500000e+01  0.000000e+00
      vertex  1.339892e+02  1.200812e+01  0.000000e+00
      vertex  1.348229e+02  1.133624e+01  0.000000e+00
    endloop
  endfacet
  facet normal  -0.000000e+00  -0.000000e+00 -1.000000e+00
    outer loop
      vertex  1.250000e+02  1.500000e+01  0.000000e+00
      vertex  1.348229e+02  1.133624e+01  0.000000e+00
      vertex  1.356066e+02  1.060660e+01  0.000000e+00
    endloop
  endfacet
  facet normal  -0.000000e+00  0.000000e+00 -1.000000e+00
    outer loop
      vertex  1.250000e+02  1.500000e+01  0.000000e+00
      vertex  1.356066e+02  1.060660e+01  0.000000e+00
      vertex  1.250000e+02  1.000000e+01  0.000000e+00
    endloop
  endfacet
  facet normal  0.000000e+00  0.000000e+00 -1.000000e+00
    outer loop
      vertex  1.356066e+02  1.060660e+01  0.000000e+00
      vertex  1.363362e+02  9.822911e+00  0.000000e+00
      vertex  1.267365e+02  9.848078e+00  0.000000e+00
    endloop
  endfacet
  facet normal  0.000000e+00  0.000000e+00 -9.999999e-01
    outer loop
      vertex  1.356066e+02  1.060660e+01  0.000000e+00
      vertex  1.267365e+02  9.848078e+00  0.000000e+00
      vertex  1.258716e+02  9.961947e+00  0.000000e+00
    endloop
  endfacet
  facet normal  0.000000e+00  0.000000e+00 -1.000000e+00
    outer loop
      vertex  1.356066e+02  1.060660e+01  0.000000e+00
      vertex  1.258716e+02  9.961947e+00  0.000000e+00
      vertex  1.250000e+02  1.000000e+01  0.000000e+00
    endloop
  endfacet
  facet normal  0.000000e+00  -0.000000e+00 -1.000000e+00
    outer loop
      vertex  1.284202e+02 -9.396926e+00  0.000000e+00
      vertex  1.292262e+02 -9.063078e+00  0.000000e+00
      vertex  1.370081e+02 -8.989165e+00  0.000000e+00
    endloop
  endfacet
  facet normal  -0.000000e+00  0.000000e+00 -1.000000e+00
    outer loop
      vertex  1.370081e+02 -8.989165e+00  0.000000e+00
      vertex  1.292262e+02 -9.063078e+00  0.000000e+00
      vertex  1.300000e+02 -8.660254e+00  0.000000e+00
    endloop
  endfacet
  facet normal  0.000000e+00  0.000000e+00 -1.000000e+00
    outer loop
      vertex  1.370081e+02 -8.989165e+00  0.000000e+00
      vertex  1.300000e+02 -8.660254e+00  0.000000e+00
      vertex  1.376188e+02 -8.109612e+00  0.000000e+00
    endloop
  endfacet
  facet normal  -0.000000e+00  0.000000e+00 -1.000000e+00
    outer loop
      vertex  1.320711e+02 -7.071068e+00  0.000000e+00
      vertex  1.381652e+02 -7.188735e+00  0.000000e+00
      vertex  1.314279e+02 -7.660444e+00  0.000000e+00
    endloop
  endfacet
  facet normal  0.000000e+00  0.000000e+00 -1.000000e+00
    outer loop
      vertex  1.314279e+02 -7.660444e+00  0.000000e+00
      vertex  1.381652e+02 -7.188735e+00  0.000000e+00
      vertex  1.376188e+02 -8.109612e+00  0.000000e+00
    endloop
  endfacet
  facet normal  -0.000000e+00  0.000000e+00 -9.999999e-01
    outer loop
      vertex  1.314279e+02 -7.660444e+00  0.000000e+00
      vertex  1.376188e+02 -8.109612e+00  0.000000e+00
      vertex  1.307358e+02 -8.191521e+00  0.000000e+00
    endloop
  endfacet
  facet normal  -0.000000e+00  0.000000e+00 -1.000000e+00
    outer loop
      vertex  1.336602e+02 -5.000000e+00  0.000000e+00
      vertex  1.390542e+02 -5.241963e+00  0.000000e+00
      vertex  1.331915e+02 -5.735765e+00  0.000000e+00
    endloop
  endfacet
  facet normal  0.000000e+00  0.000000e+00 -1.000000e+00
    outer loop
      vertex  1.331915e+02 -5.735765e+00  0.000000e+00
      vertex  1.390542e+02 -5.241963e+00  0.000000e+00
      vertex  1.386445e+02 -6.231225e+00  0.000000e+00
    endloop
  endfacet
  facet normal  -0.000000e+00  0.000000e+00 -1.000000e+00
    outer loop
      vertex  1.331915e+02 -5.735765e+00  0.000000e+00
      vertex  1.386445e+02 -6.231225e+00  0.000000e+00
      vertex  1.326604e+02 -6.427876e+00  0.000000e+00
    endloop
  endfacet
  facet normal  0.000000e+00  0.000000e+00 -1.000000e+00
    outer loop
      vertex  1.326604e+02 -6.427876e+00  0.000000e+00
      vertex  1.386445e+02 -6.231225e+00  0.000000e+00
      vertex  1.381652e+02 -7.188735e+00  0.000000e+00
    endloop
  endfacet
  facet normal  0.000000e+00  0.000000e+00 -1.000000e+00
    outer loop
      vertex  1.326604e+02 -6.427876e+00  0.000000e+00
      vertex  1.381652e+02 -7.188735e+00  0.000000e+00
      vertex  1.320711e+02 -7.071068e+00  0.000000e+00
    endloop
  endfacet
  facet normal  -0.000000e+00  0.000000e+00 -1.000000e+00
    outer loop
      vertex  1.348481e+02 -1.736482e+00  0.000000e+00
      vertex  1.398473e+02 -2.134722e+00  0.000000e+00
      vertex  1.346593e+02 -2.588191e+00  0.000000e+00
    endloop
  endfacet
  facet normal  0.000000e+00  0.000000e+00 -1.000000e+00
    outer loop
      vertex  1.346593e+02 -2.588191e+00  0.000000e+00
      vertex  1.398473e+02 -2.134722e+00  0.000000e+00
      vertex  1.396572e+02 -3.188479e+00  0.000000e+00
    endloop
  endfacet
  facet normal  -0.000000e+00  0.000000e+00 -1.000000e+00
    outer loop
      vertex  1.346593e+02 -2.588191e+00  0.000000e+00
      vertex  1.396572e+02 -3.188479e+00  0.000000e+00
      vertex  1.343969e+02 -3.420202e+00  0.000000e+00
    endloop
  endfacet
  facet normal  0.000000e+00  0.000000e+00 -1.000000e+00
    outer loop
      vertex  1.343969e+02 -3.420202e+00  0.000000e+00
      vertex  1.396572e+02 -3.188479e+00  0.000000e+00
      vertex  1.393924e+02 -4.225988e+00  0.000000e+00
    endloop
  endfacet
  facet normal  -0.000000e+00  0.000000e+00 -1.000000e+00
    outer loop
      vertex  1.343969e+02 -3.420202e+00  0.000000e+00
      vertex  1.393924e+02 -4.225988e+00  0.000000e+00
      vertex  1.340631e+02 -4.226182e+00  0.000000e+00
    endloop
  endfacet
  facet normal  0.000000e+00  0.000000e+00 -1.000000e+00
    outer loop
      vertex  1.340631e+02 -4.226182e+00  0.000000e+00
      vertex  1.393924e+02 -4.225988e+00  0.000000e+00
      vertex  1.390542e+02 -5.241963e+00  0.000000e+00
    endloop
  endfacet
  facet normal  0.000000e+00  0.000000e+00 -1.000000e+00
    outer loop
      vertex  1.340631e+02 -4.226182e+00  0.000000e+00
      vertex  1.390542e+02 -5.241963e+00  0.000000e+00
      vertex  1.336602e+02 -5.000000e+00  0.000000e+00
    endloop
  endfacet
  facet normal  -0.000000e+00  0.000000e+00 -1.000000e+00
    outer loop
      vertex  1.343969e+02  3.420202e+00  0.000000e+00
      vertex  1.396572e+02  3.188479e+00  0.000000e+00
      vertex  1.346593e+02  2.588191e+00  0.000000e+00
    endloop
  endfacet
  facet normal  0.000000e+00  0.000000e+00 -1.000000e+00
    outer loop
      vertex  1.346593e+02  2.588191e+00  0.000000e+00
      vertex  1.396572e+02  3.188479e+00  0.000000e+00
      vertex  1.398473e+02  2.134722e+00  0.000000e+00
    endloop
  endfacet
  facet normal  -0.000000e+00  0.000000e+00 -1.000000e+00
    outer loop
      vertex  1.346593e+02  2.588191e+00  0.000000e+00
      vertex  1.398473e+02  2.134722e+00  0.000000e+00
      vertex  1.348481e+02  1.736482e+00  0.000000e+00
    endloop
  endfacet
  facet normal  0.000000e+00  0.000000e+00 -1.000000e+00
    outer loop
      vertex  1.348481e+02  1.736482e+00  0.000000e+00
      vertex  1.398473e+02  2.134722e+00  0.000000e+00
      vertex  1.399618e+02  1.070088e+00  0.000000e+00
    endloop
  endfacet
  facet normal  -0.000000e+00  0.000000e+00 -1.000000e+00
    outer loop
      vertex  1.348481e+02  1.736482e+00  0.000000e+00
      vertex  1.399618e+02  1.070088e+00  0.000000e+00
      vertex  1.349619e+02  8.715574e-01  0.000000e+00
    endloop
  endfacet
  facet normal  0.000000e+00  0.000000e+00 -1.000000e+00
    outer loop
      vertex  1.349619e+02  8.715574e-01  0.000000e+00
      vertex  1.399618e+02  1.070088e+00  0.000000e+00
      vertex  1.400000e+02 -7.028732e-14  0.000000e+00
    endloop
  endfacet
  facet normal  0.000000e+00  0.000000e+00 -1.000000e+00
    outer loop
      vertex  1.349619e+02  8.715574e-01  0.000000e+00
      vertex  1.400000e+02 -7.028732e-14  0.000000e+00
      vertex  1.350000e+02  0.000000e+00  0.000000e+00
    endloop
  endfacet
  facet normal  0.000000e+00  0.000000e+00 -1.000000e+00
    outer loop
      vertex  1.350000e+02  0.000000e+00  0.000000e+00
      vertex  1.400000e+02 -7.028732e-14  0.000000e+00
      vertex  1.399618e+02 -1.070088e+00  0.000000e+00
    endloop
  endfacet
  facet normal  0.000000e+00  0.000000e+00 -1.000000e+00
    outer loop
      vertex  1.350000e+02  0.000000e+00  0.000000e+00
      vertex  1.399618e+02 -1.070088e+00  0.000000e+00
      vertex  1.349619e+02 -8.715574e-01  0.000000e+00
    endloop
  endfacet
  facet normal  0.000000e+00  0.000000e+00 -1.000000e+00
    outer loop
      vertex  1.349619e+02 -8.715574e-01  0.000000e+00
      vertex  1.399618e+02 -1.070088e+00  0.000000e+00
      vertex  1.398473e+02 -2.134722e+00  0.000000e+00
    endloop
  endfacet
  facet normal  0.000000e+00  0.000000e+00 -1.000000e+00
    outer loop
      vertex  1.349619e+02 -8.715574e-01  0.000000e+00
      vertex  1.398473e+02 -2.134722e+00  0.000000e+00
      vertex  1.348481e+02 -1.736482e+00  0.000000e+00
    endloop
  endfacet
  facet normal  -0.000000e+00  0.000000e+00 -1.000000e+00
    outer loop
      vertex  1.326604e+02  6.427876e+00  0.000000e+00
      vertex  1.386445e+02  6.231225e+00  0.000000e+00
      vertex  1.331915e+02  5.735765e+00  0.000000e+00
    endloop
  endfacet
  facet normal  0.000000e+00  0.000000e+00 -1.000000e+00
    outer loop
      vertex  1.331915e+02  5.735765e+00  0.000000e+00
      vertex  1.386445e+02  6.231225e+00  0.000000e+00
      vertex  1.390542e+02  5.241963e+00  0.000000e+00
    endloop
  endfacet
  facet normal  -0.000000e+00  0.000000e+00 -1.000000e+00
    outer loop
      vertex  1.331915e+02  5.735765e+00  0.000000e+00
      vertex  1.390542e+02  5.241963e+00  0.000000e+00
      vertex  1.336602e+02  5.000000e+00  0.000000e+00
    endloop
  endfacet
  facet normal  0.000000e+00  0.000000e+00 -1.000000e+00
    outer loop
      vertex  1.336602e+02  5.000000e+00  0.000000e+00
      vertex  1.390542e+02  5.241963e+00  0.000000e+00
      vertex  1.393924e+02  4.225988e+00  0.000000e+00
    endloop
  endfacet
  facet normal  0.000000e+00  0.000000e+00 -1.000000e+00
    outer loop
      vertex  1.336602e+02  5.000000e+00  0.000000e+00
      vertex  1.393924e+02  4.225988e+00  0.000000e+00
      vertex  1.340631e+02  4.226182e+00  0.000000e+00
    endloop
  endfacet
  facet normal  0.000000e+00  0.000000e+00 -1.000000e+00
    outer loop
      vertex  1.340631e+02  4.226182e+00  0.000000e+00
      vertex  1.393924e+02  4.225988e+00  0.000000e+00
      vertex  1.396572e+02  3.188479e+00  0.000000e+00
    endloop
  endfacet
  facet normal  0.000000e+00  0.000000e+00 -1.000000e+00
    outer loop
      vertex  1.340631e+02  4.226182e+00  0.000000e+00
      vertex  1.396572e+02  3.188479e+00  0.000000e+00
      vertex  1.343969e+02  3.420202e+00  0.000000e+00
    endloop
  endfacet
  facet normal  -0.000000e+00  0.000000e+00 -9.999999e-01
    outer loop
      vertex  1.307358e+02  8.191521e+00  0.000000e+00
      vertex  1.376188e+02  8.109612e+00  0.000000e+00
      vertex  1.314279e+02  7.660444e+00  0.000000e+00
    endloop
  endfacet
  facet normal  0.000000e+00  0.000000e+00 -1.000000e+00
    outer loop
      vertex  1.314279e+02  7.660444e+00  0.000000e+00
      vertex  1.376188e+02  8.109612e+00  0.000000e+00
      vertex  1.381652e+02  7.188735e+00  0.000000e+00
    endloop
  endfacet
  facet normal  -0.000000e+00  0.000000e+00 -1.000000e+00
    outer loop
      vertex  1.314279e+02  7.660444e+00  0.000000e+00
      vertex  1.381652e+02  7.188735e+00  0.000000e+00
      vertex  1.320711e+02  7.071068e+00  0.000000e+00
    endloop
  endfacet
  facet normal  0.000000e+00  0.000000e+00 -9.999999e-01
    outer loop
      vertex  1.320711e+02  7.071068e+00  0.000000e+00
      vertex  1.381652e+02  7.188735e+00  0.000000e+00
      vertex  1.386445e+02  6.231225e+00  0.000000e+00
    endloop
  endfacet
  facet normal  0.000000e+00  0.000000e+00 -1.000000e+00
    outer loop
      vertex  1.320711e+02  7.071068e+00  0.000000e+00
      vertex  1.386445e+02  6.231225e+00  0.000000e+00
      vertex  1.326604e+02  6.427876e+00  0.000000e+00
    endloop
  endfacet
  facet normal  -0.000000e+00  0.000000e+00 -1.000000e+00
    outer loop
      vertex  1.292262e+02  9.063078e+00  0.000000e+00
      vertex  1.370081e+02  8.989165e+00  0.000000e+00
      vertex  1.300000e+02  8.660254e+00  0.000000e+00
    endloop
  endfacet
  facet normal  0.000000e+00  0.000000e+00 -1.000000e+00
    outer loop
      vertex  1.300000e+02  8.660254e+00  0.000000e+00
      vertex  1.370081e+02  8.989165e+00  0.000000e+00
      vertex  1.376188e+02  8.109612e+00  0.000000e+00
    endloop
  endfacet
  facet normal  0.000000e+00  0.000000e+00 -1.000000e+00
    outer loop
      vertex  1.300000e+02  8.660254e+00  0.000000e+00
      vertex  1.376188e+02  8.109612e+00  0.000000e+00
      vertex  1.307358e+02  8.191521e+00  0.000000e+00
    endloop
  endfacet
  facet normal  4.361878e-02  9.990483e-01  -0.000000e+00
    outer loop
      vertex  1.250000e+02 -1.000000e+01  1.000000e+01
      vertex  1.241284e+02 -9.961947e+00  0.000000e+00
      vertex  1.241284e+02 -9.961947e+00  1.000000e+01
    endloop
  endfacet
  facet normal  1.305268e-01  9.914448e-01  0.000000e+00
    outer loop
      vertex  1.241284e+02 -9.961947e+00  1.000000e+01
      vertex  1.241284e+02 -9.961947e+00  0.000000e+00
      vertex  1.232635e+02 -9.848078e+00  0.000000e+00
    endloop
  endfacet
  facet normal  1.305268e-01  9.914448e-01  -0.000000e+00
    outer loop
      vertex  1.241284e+02 -9.961947e+00  1.000000e+01
      vertex  1.232635e+02 -9.848078e+00  0.000000e+00
      vertex  1.232635e+02 -9.848078e+00  1.000000e+01
    endloop
  endfacet
  facet normal  2.164406e-01  9.762958e-01  0.000000e+00
    outer loop
      vertex  1.232635e+02 -9.848078e+00  1.000000e+01
      vertex  1.232635e+02 -9.848078e+00  0.000000e+00
      vertex  1.224118e+02 -9.659258e+00  0.000000e+00
    endloop
  endfacet
  facet normal  2.164406e-01  9.762958e-01  -0.000000e+00
    outer loop
      vertex  1.232635e+02 -9.848078e+00  1.000000e+01
      vertex  1.224118e+02 -9.659258e+00  0.000000e+00
      vertex  1.224118e+02 -9.659258e+00  1.000000e+01
    endloop
  endfacet
  facet normal  3.007041e-01  9.537175e-01  0.000000e+00
    outer loop
      vertex  1.224118e+02 -9.659258e+00  1.000000e+01
      vertex  1.224118e+02 -9.659258e+00  0.000000e+00
      vertex  1.215798e+02 -9.396926e+00  0.000000e+00
    endloop
  endfacet
  facet normal  3.007041e-01  9.537175e-01  -0.000000e+00
    outer loop
      vertex  1.224118e+02 -9.659258e+00  1.000000e+01
      vertex  1.215798e+02 -9.396926e+00  0.000000e+00
      vertex  1.215798e+02 -9.396926e+00  1.000000e+01
    endloop
  endfacet
  facet normal  3.826849e-01  9.238790e-01  0.000000e+00
    outer loop
      vertex  1.215798e+02 -9.396926e+00  1.000000e+01
      vertex  1.215798e+02 -9.396926e+00  0.000000e+00
      vertex  1.207738e+02 -9.063078e+00  0.000000e+00
    endloop
  endfacet
  facet normal  3.826849e-01  9.238790e-01  -0.000000e+00
    outer loop
      vertex  1.215798e+02 -9.396926e+00  1.000000e+01
      vertex  1.207738e+02 -9.063078e+00  0.000000e+00
      vertex  1.207738e+02 -9.063078e+00  1.000000e+01
    endloop
  endfacet
  facet normal  4.617475e-01  8.870113e-01  0.000000e+00
    outer loop
      vertex  1.207738e+02 -9.063078e+00  1.000000e+01
      vertex  1.207738e+02 -9.063078e+00  0.000000e+00
      vertex  1.200000e+02 -8.660254e+00  0.000000e+00
    endloop
  endfacet
  facet normal  4.617475e-01  8.870113e-01  -0.000000e+00
    outer loop
      vertex  1.207738e+02 -9.063078e+00  1.000000e+01
      vertex  1.200000e+02 -8.660254e+00  0.000000e+00
      vertex  1.200000e+02 -8.660254e+00  1.000000e+01
    endloop
  endfacet
  facet normal  5.373002e-01  8.433911e-01  0.000000e+00
    outer loop
      vertex  1.200000e+02 -8.660254e+00  1.000000e+01
      vertex  1.200000e+02 -8.660254e+00  0.000000e+00
      vertex  1.192642e+02 -8.191521e+00  0.000000e+00
    endloop
  endfacet
  facet normal  5.373002e-01  8.433911e-01  -0.000000e+00
    outer loop
      vertex  1.200000e+02 -8.660254e+00  1.000000e+01
      vertex  1.192642e+02 -8.191521e+00  0.000000e+00
      vertex  1.192642e+02 -8.191521e+00  1.000000e+01
    endloop
  endfacet
  facet normal  6.087595e-01  7.933548e-01  0.000000e+00
    outer loop
      vertex  1.192642e+02 -8.191521e+00  1.000000e+01
      vertex  1.192642e+02 -8.191521e+00  0.000000e+00
      vertex  1.185721e+02 -7.660444e+00  0.000000e+00
    endloop
  endfacet
  facet normal  6.087595e-01  7.933548e-01  -0.000000e+00
    outer loop
      vertex  1.192642e+02 -8.191521e+00  1.000000e+01
      vertex  1.185721e+02 -7.660444e+00  0.000000e+00
      vertex  1.185721e+02 -7.660444e+00  1.000000e+01
    endloop
  endfacet
  facet normal  6.755919e-01  7.372757e-01  0.000000e+00
    outer loop
      vertex  1.185721e+02 -7.660444e+00  1.000000e+01
      vertex  1.185721e+02 -7.660444e+00  0.000000e+00
      vertex  1.179289e+02 -7.071068e+00  0.000000e+00
    endloop
  endfacet
  facet normal  6.755919e-01  7.372757e-01  -0.000000e+00
    outer loop
      vertex  1.185721e+02 -7.660444e+00  1.000000e+01
      vertex  1.179289e+02 -7.071068e+00  0.000000e+00
      vertex  1.179289e+02 -7.071068e+00  1.000000e+01
    endloop
  endfacet
  facet normal  7.372763e-01  6.755912e-01  0.000000e+00
    outer loop
      vertex  1.179289e+02 -7.071068e+00  1.000000e+01
      vertex  1.179289e+02 -7.071068e+00  0.000000e+00
      vertex  1.173396e+02 -6.427876e+00  0.000000e+00
    endloop
  endfacet
  facet normal  7.372763e-01  6.755912e-01  -0.000000e+00
    outer loop
      vertex  1.179289e+02 -7.071068e+00  1.000000e+01
      vertex  1.173396e+02 -6.427876e+00  0.000000e+00
      vertex  1.173396e+02 -6.427876e+00  1.000000e+01
    endloop
  endfacet
  facet normal  7.933540e-01  6.087605e-01  0.000000e+00
    outer loop
      vertex  1.173396e+02 -6.427876e+00  1.000000e+01
      vertex  1.173396e+02 -6.427876e+00  0.000000e+00
      vertex  1.168085e+02 -5.735765e+00  0.000000e+00
    endloop
  endfacet
  facet normal  7.933540e-01  6.087605e-01  -0.000000e+00
    outer loop
      vertex  1.173396e+02 -6.427876e+00  1.000000e+01
      vertex  1.168085e+02 -5.735765e+00  0.000000e+00
      vertex  1.168085e+02 -5.735765e+00  1.000000e+01
    endloop
  endfacet
  facet normal  8.433908e-01  5.373004e-01  0.000000e+00
    outer loop
      vertex  1.168085e+02 -5.735765e+00  1.000000e+01
      vertex  1.168085e+02 -5.735765e+00  0.000000e+00
      vertex  1.163397e+02 -5.000000e+00  0.000000e+00
    endloop
  endfacet
  facet normal  8.433908e-01  5.373004e-01  -0.000000e+00
    outer loop
      vertex  1.168085e+02 -5.735765e+00  1.000000e+01
      vertex  1.163397e+02 -5.000000e+00  0.000000e+00
      vertex  1.163397e+02 -5.000000e+00  1.000000e+01
    endloop
  endfacet
  facet normal  8.870106e-01  4.617490e-01  0.000000e+00
    outer loop
      vertex  1.163397e+02 -5.000000e+00  1.000000e+01
      vertex  1.163397e+02 -5.000000e+00  0.000000e+00
      vertex  1.159369e+02 -4.226182e+00  0.000000e+00
    endloop
  endfacet
  facet normal  8.870106e-01  4.617490e-01  -0.000000e+00
    outer loop
      vertex  1.163397e+02 -5.000000e+00  1.000000e+01
      vertex  1.159369e+02 -4.226182e+00  0.000000e+00
      vertex  1.159369e+02 -4.226182e+00  1.000000e+01
    endloop
  endfacet
  facet normal  9.238800e-01  3.826823e-01  0.000000e+00
    outer loop
      vertex  1.159369e+02 -4.226182e+00  1.000000e+01
      vertex  1.159369e+02 -4.226182e+00  0.000000e+00
      vertex  1.156031e+02 -3.420202e+00  0.000000e+00
    endloop
  endfacet
  facet normal  9.238800e-01  3.826823e-01  -0.000000e+00
    outer loop
      vertex  1.159369e+02 -4.226182e+00  1.000000e+01
      vertex  1.156031e+02 -3.420202e+00  0.000000e+00
      vertex  1.156031e+02 -3.420202e+00  1.000000e+01
    endloop
  endfacet
  facet normal  9.537179e-01  3.007027e-01  0.000000e+00
    outer loop
      vertex  1.156031e+02 -3.420202e+00  1.000000e+01
      vertex  1.156031e+02 -3.420202e+00  0.000000e+00
      vertex  1.153407e+02 -2.588191e+00  0.000000e+00
    endloop
  endfacet
  facet normal  9.537179e-01  3.007027e-01  -0.000000e+00
    outer loop
      vertex  1.156031e+02 -3.420202e+00  1.000000e+01
      vertex  1.153407e+02 -2.588191e+00  0.000000e+00
      vertex  1.153407e+02 -2.588191e+00  1.000000e+01
    endloop
  endfacet
  facet normal  9.762959e-01  2.164403e-01  0.000000e+00
    outer loop
      vertex  1.153407e+02 -2.588191e+00  1.000000e+01
      vertex  1.153407e+02 -2.588191e+00  0.000000e+00
      vertex  1.151519e+02 -1.736482e+00  0.000000e+00
    endloop
  endfacet
  facet normal  9.762959e-01  2.164403e-01  -0.000000e+00
    outer loop
      vertex  1.153407e+02 -2.588191e+00  1.000000e+01
      vertex  1.151519e+02 -1.736482e+00  0.000000e+00
      vertex  1.151519e+02 -1.736482e+00  1.000000e+01
    endloop
  endfacet
  facet normal  9.914450e-01  1.305254e-01  0.000000e+00
    outer loop
      vertex  1.151519e+02 -1.736482e+00  1.000000e+01
      vertex  1.151519e+02 -1.736482e+00  0.000000e+00
      vertex  1.150381e+02 -8.715574e-01  0.000000e+00
    endloop
  endfacet
  facet normal  9.914450e-01  1.305254e-01  -0.000000e+00
    outer loop
      vertex  1.151519e+02 -1.736482e+00  1.000000e+01
      vertex  1.150381e+02 -8.715574e-01  0.000000e+00
      vertex  1.150381e+02 -8.715574e-01  1.000000e+01
    endloop
  endfacet
  facet normal  9.990481e-01  4.362213e-02  0.000000e+00
    outer loop
      vertex  1.150381e+02 -8.715574e-01  1.000000e+01
      vertex  1.150381e+02 -8.715574e-01  0.000000e+00
      vertex  1.150000e+02 -1.224647e-15  0.000000e+00
    endloop
  endfacet
  facet normal  9.990481e-01  4.362213e-02  -0.000000e+00
    outer loop
      vertex  1.150381e+02 -8.715574e-01  1.000000e+01
      vertex  1.150000e+02 -1.224647e-15  0.000000e+00
      vertex  1.150000e+02 -1.224647e-15  1.000000e+01
    endloop
  endfacet
  facet normal  4.361878e-02  9.990483e-01  0.000000e+00
    outer loop
      vertex  1.241284e+02 -9.961947e+00  0.000000e+00
      vertex  1.250000e+02 -1.000000e+01  1.000000e+01
      vertex  1.250000e+02 -1.000000e+01  0.000000e+00
    endloop
  endfacet
  facet normal -4.361878e-02  9.990483e-01  0.000000e+00
    outer loop
      vertex  1.250000e+02 -1.000000e+01  0.000000e+00
      vertex  1.250000e+02 -1.000000e+01  1.000000e+01
      vertex  1.258716e+02 -9.961947e+00  1.000000e+01
    endloop
  endfacet
  facet normal -4.361878e-02  9.990483e-01  0.000000e+00
    outer loop
      vertex  1.250000e+02 -1.000000e+01  0.000000e+00
      vertex  1.258716e+02 -9.961947e+00  1.000000e+01
      vertex  1.258716e+02 -9.961947e+00  0.000000e+00
    endloop
  endfacet
  facet normal -1.305268e-01  9.914448e-01  0.000000e+00
    outer loop
      vertex  1.258716e+02 -9.961947e+00  0.000000e+00
      vertex  1.258716e+02 -9.961947e+00  1.000000e+01
      vertex  1.267365e+02 -9.848078e+00  1.000000e+01
    endloop
  endfacet
  facet normal -1.305268e-01  9.914448e-01  0.000000e+00
    outer loop
      vertex  1.258716e+02 -9.961947e+00  0.000000e+00
      vertex  1.267365e+02 -9.848078e+00  1.000000e+01
      vertex  1.267365e+02 -9.848078e+00  0.000000e+00
    endloop
  endfacet
  facet normal -2.164406e-01  9.762958e-01  0.000000e+00
    outer loop
      vertex  1.267365e+02 -9.848078e+00  0.000000e+00
      vertex  1.267365e+02 -9.848078e+00  1.000000e+01
      vertex  1.275882e+02 -9.659258e+00  1.000000e+01
    endloop
  endfacet
  facet normal -2.164406e-01  9.762958e-01  0.000000e+00
    outer loop
      vertex  1.267365e+02 -9.848078e+00  0.000000e+00
      vertex  1.275882e+02 -9.659258e+00  1.000000e+01
      vertex  1.275882e+02 -9.659258e+00  0.000000e+00
    endloop
  endfacet
  facet normal -3.007066e-01  9.537168e-01  0.000000e+00
    outer loop
      vertex  1.275882e+02 -9.659258e+00  0.000000e+00
      vertex  1.275882e+02 -9.659258e+00  1.000000e+01
      vertex  1.284202e+02 -9.396926e+00  1.000000e+01
    endloop
  endfacet
  facet normal -3.007066e-01  9.537168e-01  0.000000e+00
    outer loop
      vertex  1.275882e+02 -9.659258e+00  0.000000e+00
      vertex  1.284202e+02 -9.396926e+00  1.000000e+01
      vertex  1.284202e+02 -9.396926e+00  0.000000e+00
    endloop
  endfacet
  facet normal -3.826818e-01  9.238803e-01  0.000000e+00
    outer loop
      vertex  1.284202e+02 -9.396926e+00  0.000000e+00
      vertex  1.284202e+02 -9.396926e+00  1.000000e+01
      vertex  1.292262e+02 -9.063078e+00  1.000000e+01
    endloop
  endfacet
  facet normal -3.826818e-01  9.238803e-01  0.000000e+00
    outer loop
      vertex  1.284202e+02 -9.396926e+00  0.000000e+00
      vertex  1.292262e+02 -9.063078e+00  1.000000e+01
      vertex  1.292262e+02 -9.063078e+00  0.000000e+00
    endloop
  endfacet
  facet normal -4.617475e-01  8.870113e-01  0.000000e+00
    outer loop
      vertex  1.292262e+02 -9.063078e+00  0.000000e+00
      vertex  1.292262e+02 -9.063078e+00  1.000000e+01
      vertex  1.300000e+02 -8.660254e+00  1.000000e+01
    endloop
  endfacet
  facet normal -4.617475e-01  8.870113e-01  0.000000e+00
    outer loop
      vertex  1.292262e+02 -9.063078e+00  0.000000e+00
      vertex  1.300000e+02 -8.660254e+00  1.000000e+01
      vertex  1.300000e+02 -8.660254e+00  0.000000e+00
    endloop
  endfacet
  facet normal -5.373002e-01  8.433911e-01  0.000000e+00
    outer loop
      vertex  1.300000e+02 -8.660254e+00  0.000000e+00
      vertex  1.300000e+02 -8.660254e+00  1.000000e+01
      vertex  1.307358e+02 -8.191521e+00  1.000000e+01
    endloop
  endfacet
  facet normal -5.373002e-01  8.433911e-01  0.000000e+00
    outer loop
      vertex  1.300000e+02 -8.660254e+00  0.000000e+00
      vertex  1.307358e+02 -8.191521e+00  1.000000e+01
      vertex  1.307358e+02 -8.191521e+00  0.000000e+00
    endloop
  endfacet
  facet normal -6.087637e-01  7.933515e-01  0.000000e+00
    outer loop
      vertex  1.307358e+02 -8.191521e+00  0.000000e+00
      vertex  1.307358e+02 -8.191521e+00  1.000000e+01
      vertex  1.314279e+02 -7.660444e+00  1.000000e+01
    endloop
  endfacet
  facet normal -6.087637e-01  7.933515e-01  0.000000e+00
    outer loop
      vertex  1.307358e+02 -8.191521e+00  0.000000e+00
      vertex  1.314279e+02 -7.660444e+00  1.000000e+01
      vertex  1.314279e+02 -7.660444e+00  0.000000e+00
    endloop
  endfacet
  facet normal -6.755832e-01  7.372837e-01  0.000000e+00
    outer loop
      vertex  1.314279e+02 -7.660444e+00  0.000000e+00
      vertex  1.314279e+02 -7.660444e+00  1.000000e+01
      vertex  1.320711e+02 -7.071068e+00  1.000000e+01
    endloop
  endfacet
  facet normal -6.755832e-01  7.372837e-01  0.000000e+00
    outer loop
      vertex  1.314279e+02 -7.660444e+00  0.000000e+00
      vertex  1.320711e+02 -7.071068e+00  1.000000e+01
      vertex  1.320711e+02 -7.071068e+00  0.000000e+00
    endloop
  endfacet
  facet normal -7.372807e-01  6.755865e-01  0.000000e+00
    outer loop
      vertex  1.320711e+02 -7.071068e+00  0.000000e+00
      vertex  1.320711e+02 -7.071068e+00  1.000000e+01
      vertex  1.326604e+02 -6.427876e+00  1.000000e+01
    endloop
  endfacet
  facet normal -7.372807e-01  6.755865e-01  0.000000e+00
    outer loop
      vertex  1.320711e+02 -7.071068e+00  0.000000e+00
      vertex  1.326604e+02 -6.427876e+00  1.000000e+01
      vertex  1.326604e+02 -6.427876e+00  0.000000e+00
    endloop
  endfacet
  facet normal -7.933582e-01  6.087549e-01  0.000000e+00
    outer loop
      vertex  1.326604e+02 -6.427876e+00  0.000000e+00
      vertex  1.326604e+02 -6.427876e+00  1.000000e+01
      vertex  1.331915e+02 -5.735765e+00  1.000000e+01
    endloop
  endfacet
  facet normal -7.933582e-01  6.087549e-01  0.000000e+00
    outer loop
      vertex  1.326604e+02 -6.427876e+00  0.000000e+00
      vertex  1.331915e+02 -5.735765e+00  1.000000e+01
      vertex  1.331915e+02 -5.735765e+00  0.000000e+00
    endloop
  endfacet
  facet normal -8.433908e-01  5.373004e-01  0.000000e+00
    outer loop
      vertex  1.331915e+02 -5.735765e+00  0.000000e+00
      vertex  1.331915e+02 -5.735765e+00  1.000000e+01
      vertex  1.336602e+02 -5.000000e+00  1.000000e+01
    endloop
  endfacet
  facet normal -8.433908e-01  5.373004e-01  0.000000e+00
    outer loop
      vertex  1.331915e+02 -5.735765e+00  0.000000e+00
      vertex  1.336602e+02 -5.000000e+00  1.000000e+01
      vertex  1.336602e+02 -5.000000e+00  0.000000e+00
    endloop
  endfacet
  facet normal -8.870070e-01  4.617559e-01  0.000000e+00
    outer loop
      vertex  1.336602e+02 -5.000000e+00  0.000000e+00
      vertex  1.336602e+02 -5.000000e+00  1.000000e+01
      vertex  1.340631e+02 -4.226182e+00  1.000000e+01
    endloop
  endfacet
  facet normal -8.870070e-01  4.617559e-01  0.000000e+00
    outer loop
      vertex  1.336602e+02 -5.000000e+00  0.000000e+00
      vertex  1.340631e+02 -4.226182e+00  1.000000e+01
      vertex  1.340631e+02 -4.226182e+00  0.000000e+00
    endloop
  endfacet
  facet normal -9.238800e-01  3.826823e-01  0.000000e+00
    outer loop
      vertex  1.340631e+02 -4.226182e+00  0.000000e+00
      vertex  1.340631e+02 -4.226182e+00  1.000000e+01
      vertex  1.343969e+02 -3.420202e+00  1.000000e+01
    endloop
  endfacet
  facet normal -9.238800e-01  3.826823e-01  0.000000e+00
    outer loop
      vertex  1.340631e+02 -4.226182e+00  0.000000e+00
      vertex  1.343969e+02 -3.420202e+00  1.000000e+01
      vertex  1.343969e+02 -3.420202e+00  0.000000e+00
    endloop
  endfacet
  facet normal -9.537179e-01  3.007027e-01  0.000000e+00
    outer loop
      vertex  1.343969e+02 -3.420202e+00  0.000000e+00
      vertex  1.343969e+02 -3.420202e+00  1.000000e+01
      vertex  1.346593e+02 -2.588191e+00  1.000000e+01
    endloop
  endfacet
  facet normal -9.537179e-01  3.007027e-01  0.000000e+00
    outer loop
      vertex  1.343969e+02 -3.420202e+00  0.000000e+00
      vertex  1.346593e+02 -2.588191e+00  1.000000e+01
      vertex  1.346593e+02 -2.588191e+00  0.000000e+00
    endloop
  endfacet
  facet normal -9.762940e-01  2.164486e-01  0.000000e+00
    outer loop
      vertex  1.346593e+02 -2.588191e+00  0.000000e+00
      vertex  1.346593e+02 -2.588191e+00  1.000000e+01
      vertex  1.348481e+02 -1.736482e+00  1.000000e+01
    endloop
  endfacet
  facet normal -9.762940e-01  2.164486e-01  0.000000e+00
    outer loop
      vertex  1.346593e+02 -2.588191e+00  0.000000e+00
      vertex  1.348481e+02 -1.736482e+00  1.000000e+01
      vertex  1.348481e+02 -1.736482e+00  0.000000e+00
    endloop
  endfacet
  facet normal -9.914461e-01  1.305168e-01  0.000000e+00
    outer loop
      vertex  1.348481e+02 -1.736482e+00  0.000000e+00
      vertex  1.348481e+02 -1.736482e+00  1.000000e+01
      vertex  1.349619e+02 -8.715574e-01  1.000000e+01
    endloop
  endfacet
  facet normal -9.914461e-01  1.305168e-01  0.000000e+00
    outer loop
      vertex  1.348481e+02 -1.736482e+00  0.000000e+00
      vertex  1.349619e+02 -8.715574e-01  1.000000e+01
      vertex  1.349619e+02 -8.715574e-01  0.000000e+00
    endloop
  endfacet
  facet normal -9.990481e-01  4.362213e-02  0.000000e+00
    outer loop
      vertex  1.349619e+02 -8.715574e-01  0.000000e+00
      vertex  1.349619e+02 -8.715574e-01  1.000000e+01
      vertex  1.350000e+02  0.000000e+00  1.000000e+01
    endloop
  endfacet
  facet normal -9.990481e-01  4.362213e-02  0.000000e+00
    outer loop
      vertex  1.349619e+02 -8.715574e-01  0.000000e+00
      vertex  1.350000e+02  0.000000e+00  1.000000e+01
      vertex  1.350000e+02  0.000000e+00  0.000000e+00
    endloop
  endfacet
  facet normal -4.361878e-02 -9.990483e-01  0.000000e+00
    outer loop
      vertex  1.250000e+02  1.000000e+01  1.000000e+01
      vertex  1.258716e+02  9.961947e+00  0.000000e+00
      vertex  1.258716e+02  9.961947e+00  1.000000e+01
    endloop
  endfacet
  facet normal -1.305268e-01 -9.914448e-01  -0.000000e+00
    outer loop
      vertex  1.258716e+02  9.961947e+00  1.000000e+01
      vertex  1.258716e+02  9.961947e+00  0.000000e+00
      vertex  1.267365e+02  9.848078e+00  0.000000e+00
    endloop
  endfacet
  facet normal -1.305268e-01 -9.914448e-01  0.000000e+00
    outer loop
      vertex  1.258716e+02  9.961947e+00  1.000000e+01
      vertex  1.267365e+02  9.848078e+00  0.000000e+00
      vertex  1.267365e+02  9.848078e+00  1.000000e+01
    endloop
  endfacet
  facet normal -2.164406e-01 -9.762958e-01  -0.000000e+00
    outer loop
      vertex  1.267365e+02  9.848078e+00  1.000000e+01
      vertex  1.267365e+02  9.848078e+00  0.000000e+00
      vertex  1.275882e+02  9.659258e+00  0.000000e+00
    endloop
  endfacet
  facet normal -2.164406e-01 -9.762958e-01  0.000000e+00
    outer loop
      vertex  1.267365e+02  9.848078e+00  1.000000e+01
      vertex  1.275882e+02  9.659258e+00  0.000000e+00
      vertex  1.275882e+02  9.659258e+00  1.000000e+01
    endloop
  endfacet
  facet normal -3.007066e-01 -9.537168e-01  -0.000000e+00
    outer loop
      vertex  1.275882e+02  9.659258e+00  1.000000e+01
      vertex  1.275882e+02  9.659258e+00  0.000000e+00
      vertex  1.284202e+02  9.396926e+00  0.000000e+00
    endloop
  endfacet
  facet normal -3.007066e-01 -9.537168e-01  0.000000e+00
    outer loop
      vertex  1.275882e+02  9.659258e+00  1.000000e+01
      vertex  1.284202e+02  9.396926e+00  0.000000e+00
      vertex  1.284202e+02  9.396926e+00  1.000000e+01
    endloop
  endfacet
  facet normal -3.826818e-01 -9.238803e-01  -0.000000e+00
    outer loop
      vertex  1.284202e+02  9.396926e+00  1.000000e+01
      vertex  1.284202e+02  9.396926e+00  0.000000e+00
      vertex  1.292262e+02  9.063078e+00  0.000000e+00
    endloop
  endfacet
  facet normal -3.826818e-01 -9.238803e-01  0.000000e+00
    outer loop
      vertex  1.284202e+02  9.396926e+00  1.000000e+01
      vertex  1.292262e+02  9.063078e+00  0.000000e+00
      vertex  1.292262e+02  9.063078e+00  1.000000e+01
    endloop
  endfacet
  facet normal -4.617475e-01 -8.870113e-01  -0.000000e+00
    outer loop
      vertex  1.292262e+02  9.063078e+00  1.000000e+01
      vertex  1.292262e+02  9.063078e+00  0.000000e+00
      vertex  1.300000e+02  8.660254e+00  0.000000e+00
    endloop
  endfacet
  facet normal -4.617475e-01 -8.870113e-01  0.000000e+00
    outer loop
      vertex  1.292262e+02  9.063078e+00  1.000000e+01
      vertex  1.300000e+02  8.660254e+00  0.000000e+00
      vertex  1.300000e+02  8.660254e+00  1.000000e+01
    endloop
  endfacet
  facet normal -5.373002e-01 -8.433911e-01  -0.000000e+00
    outer loop
      vertex  1.300000e+02  8.660254e+00  1.000000e+01
      vertex  1.300000e+02  8.660254e+00  0.000000e+00
      vertex  1.307358e+02  8.191521e+00  0.000000e+00
    endloop
  endfacet
  facet normal -5.373002e-01 -8.433911e-01  0.000000e+00
    outer loop
      vertex  1.300000e+02  8.660254e+00  1.000000e+01
      vertex  1.307358e+02  8.191521e+00  0.000000e+00
      vertex  1.307358e+02  8.191521e+00  1.000000e+01
    endloop
  endfacet
  facet normal -6.087637e-01 -7.933515e-01  -0.000000e+00
    outer loop
      vertex  1.307358e+02  8.191521e+00  1.000000e+01
      vertex  1.307358e+02  8.191521e+00  0.000000e+00
      vertex  1.314279e+02  7.660444e+00  0.000000e+00
    endloop
  endfacet
  facet normal -6.087637e-01 -7.933515e-01  0.000000e+00
    outer loop
      vertex  1.307358e+02  8.191521e+00  1.000000e+01
      vertex  1.314279e+02  7.660444e+00  0.000000e+00
      vertex  1.314279e+02  7.660444e+00  1.000000e+01
    endloop
  endfacet
  facet normal -6.755832e-01 -7.372837e-01  -0.000000e+00
    outer loop
      vertex  1.314279e+02  7.660444e+00  1.000000e+01
      vertex  1.314279e+02  7.660444e+00  0.000000e+00
      vertex  1.320711e+02  7.071068e+00  0.000000e+00
    endloop
  endfacet
  facet normal -6.755832e-01 -7.372837e-01  0.000000e+00
    outer loop
      vertex  1.314279e+02  7.660444e+00  1.000000e+01
      vertex  1.320711e+02  7.071068e+00  0.000000e+00
      vertex  1.320711e+02  7.071068e+00  1.000000e+01
    endloop
  endfacet
  facet normal -7.372807e-01 -6.755865e-01  -0.000000e+00
    outer loop
      vertex  1.320711e+02  7.071068e+00  1.000000e+01
      vertex  1.320711e+02  7.071068e+00  0.000000e+00
      vertex  1.326604e+02  6.427876e+00  0.000000e+00
    endloop
  endfacet
  facet normal -7.372807e-01 -6.755865e-01  0.000000e+00
    outer loop
      vertex  1.320711e+02  7.071068e+00  1.000000e+01
      vertex  1.326604e+02  6.427876e+00  0.000000e+00
      vertex  1.326604e+02  6.427876e+00  1.000000e+01
    endloop
  endfacet
  facet normal -7.933582e-01 -6.087549e-01  -0.000000e+00
    outer loop
      vertex  1.326604e+02  6.427876e+00  1.000000e+01
      vertex  1.326604e+02  6.427876e+00  0.000000e+00
      vertex  1.331915e+02  5.735765e+00  0.000000e+00
    endloop
  endfacet
  facet normal -7.933582e-01 -6.087549e-01  0.000000e+00
    outer loop
      vertex  1.326604e+02  6.427876e+00  1.000000e+01
      vertex  1.331915e+02  5.735765e+00  0.000000e+00
      vertex  1.331915e+02  5.735765e+00  1.000000e+01
    endloop
  endfacet
  facet normal -8.433908e-01 -5.373004e-01  -0.000000e+00
    outer loop
      vertex  1.331915e+02  5.735765e+00  1.000000e+01
      vertex  1.331915e+02  5.735765e+00  0.000000e+00
      vertex  1.336602e+02  5.000000e+00  0.000000e+00
    endloop
  endfacet
  facet normal -8.433908e-01 -5.373004e-01  0.000000e+00
    outer loop
      vertex  1.331915e+02  5.735765e+00  1.000000e+01
      vertex  1.336602e+02  5.000000e+00  0.000000e+00
      vertex  1.336602e+02  5.000000e+00  1.000000e+01
    endloop
  endfacet
  facet normal -8.870070e-01 -4.617559e-01  -0.000000e+00
    outer loop
      vertex  1.336602e+02  5.000000e+00  1.000000e+01
      vertex  1.336602e+02  5.000000e+00  0.000000e+00
      vertex  1.340631e+02  4.226182e+00  0.000000e+00
    endloop
  endfacet
  facet normal -8.870070e-01 -4.617559e-01  0.000000e+00
    outer loop
      vertex  1.336602e+02  5.000000e+00  1.000000e+01
      vertex  1.340631e+02  4.226182e+00  0.000000e+00
      vertex  1.340631e+02  4.226182e+00  1.000000e+01
    endloop
  endfacet
  facet normal -9.238800e-01 -3.826823e-01  -0.000000e+00
    outer loop
      vertex  1.340631e+02  4.226182e+00  1.000000e+01
      vertex  1.340631e+02  4.226182e+00  0.000000e+00
      vertex  1.343969e+02  3.420202e+00  0.000000e+00
    endloop
  endfacet
  facet normal -9.238800e-01 -3.826823e-01  0.000000e+00
    outer loop
      vertex  1.340631e+02  4.226182e+00  1.000000e+01
      vertex  1.343969e+02  3.420202e+00  0.000000e+00
      vertex  1.343969e+02  3.420202e+00  1.000000e+01
    endloop
  endfacet
  facet normal -9.537179e-01 -3.007027e-01  -0.000000e+00
    outer loop
      vertex  1.343969e+02  3.420202e+00  1.000000e+01
      vertex  1.343969e+02  3.420202e+00  0.000000e+00
      vertex  1.346593e+02  2.588191e+00  0.000000e+00
    endloop
  endfacet
  facet normal -9.537179e-01 -3.007027e-01  0.000000e+00
    outer loop
      vertex  1.343969e+02  3.420202e+00  1.000000e+01
      vertex  1.346593e+02  2.588191e+00  0.000000e+00
      vertex  1.346593e+02  2.588191e+00  1.000000e+01
    endloop
  endfacet
  facet normal -9.762940e-01 -2.164486e-01  -0.000000e+00
    outer loop
      vertex  1.346593e+02  2.588191e+00  1.000000e+01
      vertex  1.346593e+02  2.588191e+00  0.000000e+00
      vertex  1.348481e+02  1.736482e+00  0.000000e+00
    endloop
  endfacet
  facet normal -9.762940e-01 -2.164486e-01  0.000000e+00
    outer loop
      vertex  1.346593e+02  2.588191e+00  1.000000e+01
      vertex  1.348481e+02  1.736482e+00  0.000000e+00
      vertex  1.348481e+02  1.736482e+00  1.000000e+01
    endloop
  endfacet
  facet normal -9.914461e-01 -1.305168e-01  -0.000000e+00
    outer loop
      vertex  1.348481e+02  1.736482e+00  1.000000e+01
      vertex  1.348481e+02  1.736482e+00  0.000000e+00
      vertex  1.349619e+02  8.715574e-01  0.000000e+00
    endloop
  endfacet
  facet normal -9.914461e-01 -1.305168e-01  0.000000e+00
    outer loop
      vertex  1.348481e+02  1.736482e+00  1.000000e+01
      vertex  1.349619e+02  8.715574e-01  0.000000e+00
      vertex  1.349619e+02  8.715574e-01  1.000000e+01
    endloop
  endfacet
  facet normal -9.990481e-01 -4.362213e-02  -0.000000e+00
    outer loop
      vertex  1.349619e+02  8.715574e-01  1.000000e+01
      vertex  1.349619e+02  8.715574e-01  0.000000e+00
      vertex  1.350000e+02  0.000000e+00  0.000000e+00
    endloop
  endfacet
  facet normal -9.990481e-01 -4.362213e-02  0.000000e+00
    outer loop
      vertex  1.349619e+02  8.715574e-01  1.000000e+01
      vertex  1.350000e+02  0.000000e+00  0.000000e+00
      vertex  1.350000e+02  0.000000e+00  1.000000e+01
    endloop
  endfacet
  facet normal -4.361878e-02 -9.990483e-01  -0.000000e+00
    outer loop
      vertex  1.258716e+02  9.961947e+00  0.000000e+00
      vertex  1.250000e+02  1.000000e+01  1.000000e+01
      vertex  1.250000e+02  1.000000e+01  0.000000e+00
    endloop
  endfacet
  facet normal  4.361878e-02 -9.990483e-01  0.000000e+00
    outer loop
      vertex  1.250000e+02  1.000000e+01  0.000000e+00
      vertex  1.250000e+02  1.000000e+01  1.000000e+01
      vertex  1.241284e+02  9.961947e+00  1.000000e+01
    endloop
  endfacet
  facet normal  4.361878e-02 -9.990483e-01  0.000000e+00
    outer loop
      vertex  1.250000e+02  1.000000e+01  0.000000e+00
      vertex  1.241284e+02  9.961947e+00  1.000000e+01
      vertex  1.241284e+02  9.961947e+00  0.000000e+00
    endloop
  endfacet
  facet normal  1.305268e-01 -9.914448e-01  0.000000e+00
    outer loop
      vertex  1.241284e+02  9.961947e+00  0.000000e+00
      vertex  1.241284e+02  9.961947e+00  1.000000e+01
      vertex  1.232635e+02  9.848078e+00  1.000000e+01
    endloop
  endfacet
  facet normal  1.305268e-01 -9.914448e-01  0.000000e+00
    outer loop
      vertex  1.241284e+02  9.961947e+00  0.000000e+00
      vertex  1.232635e+02  9.848078e+00  1.000000e+01
      vertex  1.232635e+02  9.848078e+00  0.000000e+00
    endloop
  endfacet
  facet normal  2.164406e-01 -9.762958e-01  0.000000e+00
    outer loop
      vertex  1.232635e+02  9.848078e+00  0.000000e+00
      vertex  1.232635e+02  9.848078e+00  1.000000e+01
      vertex  1.224118e+02  9.659258e+00  1.000000e+01
    endloop
  endfacet
  facet normal  2.164406e-01 -9.762958e-01  0.000000e+00
    outer loop
      vertex  1.232635e+02  9.848078e+00  0.000000e+00
      vertex  1.224118e+02  9.659258e+00  1.000000e+01
      vertex  1.224118e+02  9.659258e+00  0.000000e+00
    endloop
  endfacet
  facet normal  3.007041e-01 -9.537175e-01  0.000000e+00
    outer loop
      vertex  1.224118e+02  9.659258e+00  0.000000e+00
      vertex  1.224118e+02  9.659258e+00  1.000000e+01
      vertex  1.215798e+02  9.396926e+00  1.000000e+01
    endloop
  endfacet
  facet normal  3.007041e-01 -9.537175e-01  0.000000e+00
    outer loop
      vertex  1.224118e+02  9.659258e+00  0.000000e+00
      vertex  1.215798e+02  9.396926e+00  1.000000e+01
      vertex  1.215798e+02  9.396926e+00  0.000000e+00
    endloop
  endfacet
  facet normal  3.826849e-01 -9.238790e-01  0.000000e+00
    outer loop
      vertex  1.215798e+02  9.396926e+00  0.000000e+00
      vertex  1.215798e+02  9.396926e+00  1.000000e+01
      vertex  1.207738e+02  9.063078e+00  1.000000e+01
    endloop
  endfacet
  facet normal  3.826849e-01 -9.238790e-01  0.000000e+00
    outer loop
      vertex  1.215798e+02  9.396926e+00  0.000000e+00
      vertex  1.207738e+02  9.063078e+00  1.000000e+01
      vertex  1.207738e+02  9.063078e+00  0.000000e+00
    endloop
  endfacet
  facet normal  4.617475e-01 -8.870113e-01  0.000000e+00
    outer loop
      vertex  1.207738e+02  9.063078e+00  0.000000e+00
      vertex  1.207738e+02  9.063078e+00  1.000000e+01
      vertex  1.200000e+02  8.660254e+00  1.000000e+01
    endloop
  endfacet
  facet normal  4.617475e-01 -8.870113e-01  0.000000e+00
    outer loop
      vertex  1.207738e+02  9.063078e+00  0.000000e+00
      vertex  1.200000e+02  8.660254e+00  1.000000e+01
      vertex  1.200000e+02  8.660254e+00  0.000000e+00
    endloop
  endfacet
  facet normal  5.373002e-01 -8.433911e-01  0.000000e+00
    outer loop
      vertex  1.200000e+02  8.660254e+00  0.000000e+00
      vertex  1.200000e+02  8.660254e+00  1.000000e+01
      vertex  1.192642e+02  8.191521e+00  1.000000e+01
    endloop
  endfacet
  facet normal  5.373002e-01 -8.433911e-01  0.000000e+00
    outer loop
      vertex  1.200000e+02  8.660254e+00  0.000000e+00
      vertex  1.192642e+02  8.191521e+00  1.000000e+01
      vertex  1.192642e+02  8.191521e+00  0.000000e+00
    endloop
  endfacet
  facet normal  6.087595e-01 -7.933548e-01  0.000000e+00
    outer loop
      vertex  1.192642e+02  8.191521e+00  0.000000e+00
      vertex  1.192642e+02  8.191521e+00  1.000000e+01
      vertex  1.185721e+02  7.660444e+00  1.000000e+01
    endloop
  endfacet
  facet normal  6.087595e-01 -7.933548e-01  0.000000e+00
    outer loop
      vertex  1.192642e+02  8.191521e+00  0.000000e+00
      vertex  1.185721e+02  7.660444e+00  1.000000e+01
      vertex  1.185721e+02  7.660444e+00  0.000000e+00
    endloop
  endfacet
  facet normal  6.755919e-01 -7.372757e-01  0.000000e+00
    outer loop
      vertex  1.185721e+02  7.660444e+00  0.000000e+00
      vertex  1.185721e+02  7.660444e+00  1.000000e+01
      vertex  1.179289e+02  7.071068e+00  1.000000e+01
    endloop
  endfacet
  facet normal  6.755919e-01 -7.372757e-01  0.000000e+00
    outer loop
      vertex  1.185721e+02  7.660444e+00  0.000000e+00
      vertex  1.179289e+02  7.071068e+00  1.000000e+01
      vertex  1.179289e+02  7.071068e+00  0.000000e+00
    endloop
  endfacet
  facet normal  7.372763e-01 -6.755912e-01  0.000000e+00
    outer loop
      vertex  1.179289e+02  7.071068e+00  0.000000e+00
      vertex  1.179289e+02  7.071068e+00  1.000000e+01
      vertex  1.173396e+02  6.427876e+00  1.000000e+01
    endloop
  endfacet
  facet normal  7.372763e-01 -6.755912e-01  0.000000e+00
    outer loop
      vertex  1.179289e+02  7.071068e+00  0.000000e+00
      vertex  1.173396e+02  6.427876e+00  1.000000e+01
      vertex  1.173396e+02  6.427876e+00  0.000000e+00
    endloop
  endfacet
  facet normal  7.933540e-01 -6.087605e-01  0.000000e+00
    outer loop
      vertex  1.173396e+02  6.427876e+00  0.000000e+00
      vertex  1.173396e+02  6.427876e+00  1.000000e+01
      vertex  1.168085e+02  5.735765e+00  1.000000e+01
    endloop
  endfacet
  facet normal  7.933540e-01 -6.087605e-01  0.000000e+00
    outer loop
      vertex  1.173396e+02  6.427876e+00  0.000000e+00
      vertex  1.168085e+02  5.735765e+00  1.000000e+01
      vertex  1.168085e+02  5.735765e+00  0.000000e+00
    endloop
  endfacet
  facet normal  8.433908e-01 -5.373004e-01  0.000000e+00
    outer loop
      vertex  1.168085e+02  5.735765e+00  0.000000e+00
      vertex  1.168085e+02  5.735765e+00  1.000000e+01
      vertex  1.163397e+02  5.000000e+00  1.000000e+01
    endloop
  endfacet
  facet normal  8.433908e-01 -5.373004e-01  0.000000e+00
    outer loop
      vertex  1.168085e+02  5.735765e+00  0.000000e+00
      vertex  1.163397e+02  5.000000e+00  1.000000e+01
      vertex  1.163397e+02  5.000000e+00  0.000000e+00
    endloop
  endfacet
  facet normal  8.870106e-01 -4.617490e-01  0.000000e+00
    outer loop
      vertex  1.163397e+02  5.000000e+00  0.000000e+00
      vertex  1.163397e+02  5.000000e+00  1.000000e+01
      vertex  1.159369e+02  4.226182e+00  1.000000e+01
    endloop
  endfacet
  facet normal  8.870106e-01 -4.617490e-01  0.000000e+00
    outer loop
      vertex  1.163397e+02  5.000000e+00  0.000000e+00
      vertex  1.159369e+02  4.226182e+00  1.000000e+01
      vertex  1.159369e+02  4.226182e+00  0.000000e+00
    endloop
  endfacet
  facet normal  9.238800e-01 -3.826823e-01  0.000000e+00
    outer loop
      vertex  1.159369e+02  4.226182e+00  0.000000e+00
      vertex  1.159369e+02  4.226182e+00  1.000000e+01
      vertex  1.156031e+02  3.420202e+00  1.000000e+01
    endloop
  endfacet
  facet normal  9.238800e-01 -3.826823e-01  0.000000e+00
    outer loop
      vertex  1.159369e+02  4.226182e+00  0.000000e+00
      vertex  1.156031e+02  3.420202e+00  1.000000e+01
      vertex  1.156031e+02  3.420202e+00  0.000000e+00
    endloop
  endfacet
  facet normal  9.537179e-01 -3.007027e-01  0.000000e+00
    outer loop
      vertex  1.156031e+02  3.420202e+00  0.000000e+00
      vertex  1.156031e+02  3.420202e+00  1.000000e+01
      vertex  1.153407e+02  2.588191e+00  1.000000e+01
    endloop
  endfacet
  facet normal  9.537179e-01 -3.007027e-01  0.000000e+00
    outer loop
      vertex  1.156031e+02  3.420202e+00  0.000000e+00
      vertex  1.153407e+02  2.588191e+00  1.000000e+01
      vertex  1.153407e+02  2.588191e+00  0.000000e+00
    endloop
  endfacet
  facet normal  9.762959e-01 -2.164403e-01  0.000000e+00
    outer loop
      vertex  1.153407e+02  2.588191e+00  0.000000e+00
      vertex  1.153407e+02  2.588191e+00  1.000000e+01
      vertex  1.151519e+02  1.736482e+00  1.000000e+01
    endloop
  endfacet
  facet normal  9.762959e-01 -2.164403e-01  0.000000e+00
    outer loop
      vertex  1.153407e+02  2.588191e+00  0.000000e+00
      vertex  1.151519e+02  1.736482e+00  1.000000e+01
      vertex  1.151519e+02  1.736482e+00  0.000000e+00
    endloop
  endfacet
  facet normal  9.914450e-01 -1.305254e-01  0.000000e+00
    outer loop
      vertex  1.151519e+02  1.736482e+00  0.000000e+00
      vertex  1.151519e+02  1.736482e+00  1.000000e+01
      vertex  1.150381e+02  8.715574e-01  1.000000e+01
    endloop
  endfacet
  facet normal  9.914450e-01 -1.305254e-01  0.000000e+00
    outer loop
      vertex  1.151519e+02  1.736482e+00  0.000000e+00
      vertex  1.150381e+02  8.715574e-01  1.000000e+01
      vertex  1.150381e+02  8.715574e-01  0.000000e+00
    endloop
  endfacet
  facet normal  9.990481e-01 -4.362213e-02  0.000000e+00
    outer loop
      vertex  1.150381e+02  8.715574e-01  0.000000e+00
      vertex  1.150381e+02  8.715574e-01  1.000000e+01
      vertex  1.150000e+02 -1.224647e-15  1.000000e+01
    endloop
  endfacet
  facet normal  9.990481e-01 -4.362213e-02  0.000000e+00
    outer loop
      vertex  1.150381e+02  8.715574e-01  0.000000e+00
      vertex  1.150000e+02 -1.224647e-15  1.000000e+01
      vertex  1.150000e+02 -1.224647e-15  0.000000e+00
    endloop
  endfacet
  facet normal  3.569242e-02  9.993629e-01  0.000000e+00
    outer loop
      vertex  1.250000e+02  1.500000e+01  0.000000e+00
      vertex  1.250000e+02  1.500000e+01  1.000000e+01
      vertex  1.260701e+02  1.496178e+01  0.000000e+00
    endloop
  endfacet
  facet normal  3.569242e-02  9.993629e-01  -0.000000e+00
    outer loop
      vertex  1.260701e+02  1.496178e+01  0.000000e+00
      vertex  1.250000e+02  1.500000e+01  1.000000e+01
      vertex  1.260701e+02  1.496178e+01  1.000000e+01
    endloop
  endfacet
  facet normal  1.068956e-01  9.942701e-01  0.000000e+00
    outer loop
      vertex  1.260701e+02  1.496178e+01  0.000000e+00
      vertex  1.260701e+02  1.496178e+01  1.000000e+01
      vertex  1.271347e+02  1.484732e+01  0.000000e+00
    endloop
  endfacet
  facet normal  1.068956e-01  9.942701e-01  -0.000000e+00
    outer loop
      vertex  1.271347e+02  1.484732e+01  0.000000e+00
      vertex  1.260701e+02  1.496178e+01  1.000000e+01
      vertex  1.271347e+02  1.484732e+01  1.000000e+01
    endloop
  endfacet
  facet normal  1.775533e-01  9.841112e-01  0.000000e+00
    outer loop
      vertex  1.271347e+02  1.484732e+01  0.000000e+00
      vertex  1.271347e+02  1.484732e+01  1.000000e+01
      vertex  1.281885e+02  1.465720e+01  0.000000e+00
    endloop
  endfacet
  facet normal  1.775533e-01  9.841112e-01  -0.000000e+00
    outer loop
      vertex  1.281885e+02  1.465720e+01  0.000000e+00
      vertex  1.271347e+02  1.484732e+01  1.000000e+01
      vertex  1.281885e+02  1.465720e+01  1.000000e+01
    endloop
  endfacet
  facet normal  2.473065e-01  9.689373e-01  0.000000e+00
    outer loop
      vertex  1.281885e+02  1.465720e+01  0.000000e+00
      vertex  1.281885e+02  1.465720e+01  1.000000e+01
      vertex  1.292260e+02  1.439240e+01  0.000000e+00
    endloop
  endfacet
  facet normal  2.473065e-01  9.689373e-01  -0.000000e+00
    outer loop
      vertex  1.292260e+02  1.439240e+01  0.000000e+00
      vertex  1.281885e+02  1.465720e+01  1.000000e+01
      vertex  1.292260e+02  1.439240e+01  1.000000e+01
    endloop
  endfacet
  facet normal  3.157994e-01  9.488260e-01  0.000000e+00
    outer loop
      vertex  1.292260e+02  1.439240e+01  0.000000e+00
      vertex  1.292260e+02  1.439240e+01  1.000000e+01
      vertex  1.302420e+02  1.405425e+01  0.000000e+00
    endloop
  endfacet
  facet normal  3.157994e-01  9.488260e-01  -0.000000e+00
    outer loop
      vertex  1.302420e+02  1.405425e+01  0.000000e+00
      vertex  1.292260e+02  1.439240e+01  1.000000e+01
      vertex  1.302420e+02  1.405425e+01  1.000000e+01
    endloop
  endfacet
  facet normal  3.826801e-01  9.238809e-01  0.000000e+00
    outer loop
      vertex  1.302420e+02  1.405425e+01  0.000000e+00
      vertex  1.302420e+02  1.405425e+01  1.000000e+01
      vertex  1.312312e+02  1.364448e+01  0.000000e+00
    endloop
  endfacet
  facet normal  3.826801e-01  9.238809e-01  -0.000000e+00
    outer loop
      vertex  1.312312e+02  1.364448e+01  0.000000e+00
      vertex  1.302420e+02  1.405425e+01  1.000000e+01
      vertex  1.312312e+02  1.364448e+01  1.000000e+01
    endloop
  endfacet
  facet normal  4.476190e-01  8.942244e-01  0.000000e+00
    outer loop
      vertex  1.312312e+02  1.364448e+01  0.000000e+00
      vertex  1.312312e+02  1.364448e+01  1.000000e+01
      vertex  1.321887e+02  1.316518e+01  0.000000e+00
    endloop
  endfacet
  facet normal  4.476190e-01  8.942244e-01  -0.000000e+00
    outer loop
      vertex  1.321887e+02  1.316518e+01  0.000000e+00
      vertex  1.312312e+02  1.364448e+01  1.000000e+01
      vertex  1.321887e+02  1.316518e+01  1.000000e+01
    endloop
  endfacet
  facet normal  5.102678e-01  8.600156e-01  0.000000e+00
    outer loop
      vertex  1.321887e+02  1.316518e+01  0.000000e+00
      vertex  1.321887e+02  1.316518e+01  1.000000e+01
      vertex  1.331096e+02  1.261880e+01  0.000000e+00
    endloop
  endfacet
  facet normal  5.102678e-01  8.600156e-01  -0.000000e+00
    outer loop
      vertex  1.331096e+02  1.261880e+01  0.000000e+00
      vertex  1.321887e+02  1.316518e+01  1.000000e+01
      vertex  1.331096e+02  1.261880e+01  1.000000e+01
    endloop
  endfacet
  facet normal  5.703251e-01  8.214191e-01  0.000000e+00
    outer loop
      vertex  1.331096e+02  1.261880e+01  0.000000e+00
      vertex  1.331096e+02  1.261880e+01  1.000000e+01
      vertex  1.339892e+02  1.200812e+01  0.000000e+00
    endloop
  endfacet
  facet normal  5.703251e-01  8.214191e-01  -0.000000e+00
    outer loop
      vertex  1.339892e+02  1.200812e+01  0.000000e+00
      vertex  1.331096e+02  1.261880e+01  1.000000e+01
      vertex  1.339892e+02  1.200812e+01  1.000000e+01
    endloop
  endfacet
  facet normal  6.274716e-01  7.786394e-01  0.000000e+00
    outer loop
      vertex  1.339892e+02  1.200812e+01  0.000000e+00
      vertex  1.339892e+02  1.200812e+01  1.000000e+01
      vertex  1.348229e+02  1.133624e+01  0.000000e+00
    endloop
  endfacet
  facet normal  6.274716e-01  7.786394e-01  -0.000000e+00
    outer loop
      vertex  1.348229e+02  1.133624e+01  0.000000e+00
      vertex  1.339892e+02  1.200812e+01  1.000000e+01
      vertex  1.348229e+02  1.133624e+01  1.000000e+01
    endloop
  endfacet
  facet normal  6.814176e-01  7.318948e-01  0.000000e+00
    outer loop
      vertex  1.348229e+02  1.133624e+01  0.000000e+00
      vertex  1.348229e+02  1.133624e+01  1.000000e+01
      vertex  1.356066e+02  1.060660e+01  0.000000e+00
    endloop
  endfacet
  facet normal  6.814176e-01  7.318948e-01  -0.000000e+00
    outer loop
      vertex  1.356066e+02  1.060660e+01  0.000000e+00
      vertex  1.348229e+02  1.133624e+01  1.000000e+01
      vertex  1.356066e+02  1.060660e+01  1.000000e+01
    endloop
  endfacet
  facet normal  7.318931e-01  6.814195e-01  0.000000e+00
    outer loop
      vertex  1.356066e+02  1.060660e+01  0.000000e+00
      vertex  1.356066e+02  1.060660e+01  1.000000e+01
      vertex  1.363362e+02  9.822911e+00  0.000000e+00
    endloop
  endfacet
  facet normal  7.318931e-01  6.814195e-01  -0.000000e+00
    outer loop
      vertex  1.363362e+02  9.822911e+00  0.000000e+00
      vertex  1.356066e+02  1.060660e+01  1.000000e+01
      vertex  1.363362e+02  9.822911e+00  1.000000e+01
    endloop
  endfacet
  facet normal  7.786415e-01  6.274691e-01  0.000000e+00
    outer loop
      vertex  1.363362e+02  9.822911e+00  0.000000e+00
      vertex  1.363362e+02  9.822911e+00  1.000000e+01
      vertex  1.370081e+02  8.989165e+00  0.000000e+00
    endloop
  endfacet
  facet normal  7.786415e-01  6.274691e-01  -0.000000e+00
    outer loop
      vertex  1.370081e+02  8.989165e+00  0.000000e+00
      vertex  1.363362e+02  9.822911e+00  1.000000e+01
      vertex  1.370081e+02  8.989165e+00  1.000000e+01
    endloop
  endfacet
  facet normal  8.214195e-01  5.703244e-01  0.000000e+00
    outer loop
      vertex  1.370081e+02  8.989165e+00  0.000000e+00
      vertex  1.370081e+02  8.989165e+00  1.000000e+01
      vertex  1.376188e+02  8.109612e+00  0.000000e+00
    endloop
  endfacet
  facet normal  8.214195e-01  5.703244e-01  -0.000000e+00
    outer loop
      vertex  1.376188e+02  8.109612e+00  0.000000e+00
      vertex  1.370081e+02  8.989165e+00  1.000000e+01
      vertex  1.376188e+02  8.109612e+00  1.000000e+01
    endloop
  endfacet
  facet normal  8.600123e-01  5.102734e-01  0.000000e+00
    outer loop
      vertex  1.376188e+02  8.109612e+00  0.000000e+00
      vertex  1.376188e+02  8.109612e+00  1.000000e+01
      vertex  1.381652e+02  7.188735e+00  0.000000e+00
    endloop
  endfacet
  facet normal  8.600123e-01  5.102734e-01  -0.000000e+00
    outer loop
      vertex  1.381652e+02  7.188735e+00  0.000000e+00
      vertex  1.376188e+02  8.109612e+00  1.000000e+01
      vertex  1.381652e+02  7.188735e+00  1.000000e+01
    endloop
  endfacet
  facet normal  8.942258e-01  4.476161e-01  0.000000e+00
    outer loop
      vertex  1.381652e+02  7.188735e+00  0.000000e+00
      vertex  1.381652e+02  7.188735e+00  1.000000e+01
      vertex  1.386445e+02  6.231225e+00  0.000000e+00
    endloop
  endfacet
  facet normal  8.942258e-01  4.476161e-01  -0.000000e+00
    outer loop
      vertex  1.386445e+02  6.231225e+00  0.000000e+00
      vertex  1.381652e+02  7.188735e+00  1.000000e+01
      vertex  1.386445e+02  6.231225e+00  1.000000e+01
    endloop
  endfacet
  facet normal  9.238816e-01  3.826784e-01  0.000000e+00
    outer loop
      vertex  1.386445e+02  6.231225e+00  0.000000e+00
      vertex  1.386445e+02  6.231225e+00  1.000000e+01
      vertex  1.390542e+02  5.241963e+00  0.000000e+00
    endloop
  endfacet
  facet normal  9.238816e-01  3.826784e-01  -0.000000e+00
    outer loop
      vertex  1.390542e+02  5.241963e+00  0.000000e+00
      vertex  1.386445e+02  6.231225e+00  1.000000e+01
      vertex  1.390542e+02  5.241963e+00  1.000000e+01
    endloop
  endfacet
  facet normal  9.488255e-01  3.158006e-01  0.000000e+00
    outer loop
      vertex  1.390542e+02  5.241963e+00  0.000000e+00
      vertex  1.390542e+02  5.241963e+00  1.000000e+01
      vertex  1.393924e+02  4.225988e+00  0.000000e+00
    endloop
  endfacet
  facet normal  9.488255e-01  3.158006e-01  -0.000000e+00
    outer loop
      vertex  1.393924e+02  4.225988e+00  0.000000e+00
      vertex  1.390542e+02  5.241963e+00  1.000000e+01
      vertex  1.393924e+02  4.225988e+00  1.000000e+01
    endloop
  endfacet
  facet normal  9.689389e-01  2.473001e-01  0.000000e+00
    outer loop
      vertex  1.393924e+02  4.225988e+00  0.000000e+00
      vertex  1.393924e+02  4.225988e+00  1.000000e+01
      vertex  1.396572e+02  3.188479e+00  0.000000e+00
    endloop
  endfacet
  facet normal  9.689389e-01  2.473001e-01  -0.000000e+00
    outer loop
      vertex  1.396572e+02  3.188479e+00  0.000000e+00
      vertex  1.393924e+02  4.225988e+00  1.000000e+01
      vertex  1.396572e+02  3.188479e+00  1.000000e+01
    endloop
  endfacet
  facet normal  9.841102e-01  1.775585e-01  0.000000e+00
    outer loop
      vertex  1.396572e+02  3.188479e+00  0.000000e+00
      vertex  1.396572e+02  3.188479e+00  1.000000e+01
      vertex  1.398473e+02  2.134722e+00  0.000000e+00
    endloop
  endfacet
  facet normal  9.841102e-01  1.775585e-01  -0.000000e+00
    outer loop
      vertex  1.398473e+02  2.134722e+00  0.000000e+00
      vertex  1.396572e+02  3.188479e+00  1.000000e+01
      vertex  1.398473e+02  2.134722e+00  1.000000e+01
    endloop
  endfacet
  facet normal  9.942706e-01  1.068915e-01  0.000000e+00
    outer loop
      vertex  1.398473e+02  2.134722e+00  0.000000e+00
      vertex  1.398473e+02  2.134722e+00  1.000000e+01
      vertex  1.399618e+02  1.070088e+00  0.000000e+00
    endloop
  endfacet
  facet normal  9.942706e-01  1.068915e-01  -0.000000e+00
    outer loop
      vertex  1.399618e+02  1.070088e+00  0.000000e+00
      vertex  1.398473e+02  2.134722e+00  1.000000e+01
      vertex  1.399618e+02  1.070088e+00  1.000000e+01
    endloop
  endfacet
  facet normal  9.993627e-01  3.569698e-02  0.000000e+00
    outer loop
      vertex  1.399618e+02  1.070088e+00  0.000000e+00
      vertex  1.399618e+02  1.070088e+00  1.000000e+01
      vertex  1.400000e+02 -7.028732e-14  0.000000e+00
    endloop
  endfacet
  facet normal  9.993627e-01  3.569698e-02  -0.000000e+00
    outer loop
      vertex  1.400000e+02 -7.028732e-14  0.000000e+00
      vertex  1.399618e+02  1.070088e+00  1.000000e+01
      vertex  1.400000e+02 -7.028732e-14  1.000000e+01
    endloop
  endfacet
  facet normal  9.993627e-01 -3.569698e-02  0.000000e+00
    outer loop
      vertex  1.400000e+02 -7.028732e-14  0.000000e+00
      vertex  1.400000e+02 -7.028732e-14  1.000000e+01
      vertex  1.399618e+02 -1.070088e+00  0.000000e+00
    endloop
  endfacet
  facet normal  9.993627e-01 -3.569698e-02  0.000000e+00
    outer loop
      vertex  1.399618e+02 -1.070088e+00  0.000000e+00
      vertex  1.400000e+02 -7.028732e-14  1.000000e+01
      vertex  1.399618e+02 -1.070088e+00  1.000000e+01
    endloop
  endfacet
  facet normal  9.942706e-01 -1.068915e-01  0.000000e+00
    outer loop
      vertex  1.399618e+02 -1.070088e+00  0.000000e+00
      vertex  1.399618e+02 -1.070088e+00  1.000000e+01
      vertex  1.398473e+02 -2.134722e+00  0.000000e+00
    endloop
  endfacet
  facet normal  9.942706e-01 -1.068915e-01  0.000000e+00
    outer loop
      vertex  1.398473e+02 -2.134722e+00  0.000000e+00
      vertex  1.399618e+02 -1.070088e+00  1.000000e+01
      vertex  1.398473e+02 -2.134722e+00  1.000000e+01
    endloop
  endfacet
  facet normal  9.841102e-01 -1.775585e-01  0.000000e+00
    outer loop
      vertex  1.398473e+02 -2.134722e+00  0.000000e+00
      vertex  1.398473e+02 -2.134722e+00  1.000000e+01
      vertex  1.396572e+02 -3.188479e+00  0.000000e+00
    endloop
  endfacet
  facet normal  9.841102e-01 -1.775585e-01  0.000000e+00
    outer loop
      vertex  1.396572e+02 -3.188479e+00  0.000000e+00
      vertex  1.398473e+02 -2.134722e+00  1.000000e+01
      vertex  1.396572e+02 -3.188479e+00  1.000000e+01
    endloop
  endfacet
  facet normal  9.689389e-01 -2.473001e-01  0.000000e+00
    outer loop
      vertex  1.396572e+02 -3.188479e+00  0.000000e+00
      vertex  1.396572e+02 -3.188479e+00  1.000000e+01
      vertex  1.393924e+02 -4.225988e+00  0.000000e+00
    endloop
  endfacet
  facet normal  9.689389e-01 -2.473001e-01  0.000000e+00
    outer loop
      vertex  1.393924e+02 -4.225988e+00  0.000000e+00
      vertex  1.396572e+02 -3.188479e+00  1.000000e+01
      vertex  1.393924e+02 -4.225988e+00  1.000000e+01
    endloop
  endfacet
  facet normal  9.488255e-01 -3.158006e-01  0.000000e+00
    outer loop
      vertex  1.393924e+02 -4.225988e+00  0.000000e+00
      vertex  1.393924e+02 -4.225988e+00  1.000000e+01
      vertex  1.390542e+02 -5.241963e+00  0.000000e+00
    endloop
  endfacet
  facet normal  9.488255e-01 -3.158006e-01  0.000000e+00
    outer loop
      vertex  1.390542e+02 -5.241963e+00  0.000000e+00
      vertex  1.393924e+02 -4.225988e+00  1.000000e+01
      vertex  1.390542e+02 -5.241963e+00  1.000000e+01
    endloop
  endfacet
  facet normal  9.238816e-01 -3.826784e-01  0.000000e+00
    outer loop
      vertex  1.390542e+02 -5.241963e+00  0.000000e+00
      vertex  1.390542e+02 -5.241963e+00  1.000000e+01
      vertex  1.386445e+02 -6.231225e+00  0.000000e+00
    endloop
  endfacet
  facet normal  9.238816e-01 -3.826784e-01  0.000000e+00
    outer loop
      vertex  1.386445e+02 -6.231225e+00  0.000000e+00
      vertex  1.390542e+02 -5.241963e+00  1.000000e+01
      vertex  1.386445e+02 -6.231225e+00  1.000000e+01
    endloop
  endfacet
  facet normal  8.942258e-01 -4.476161e-01  0.000000e+00
    outer loop
      vertex  1.386445e+02 -6.231225e+00  0.000000e+00
      vertex  1.386445e+02 -6.231225e+00  1.000000e+01
      vertex  1.381652e+02 -7.188735e+00  0.000000e+00
    endloop
  endfacet
  facet normal  8.942258e-01 -4.476161e-01  0.000000e+00
    outer loop
      vertex  1.381652e+02 -7.188735e+00  0.000000e+00
      vertex  1.386445e+02 -6.231225e+00  1.000000e+01
      vertex  1.381652e+02 -7.188735e+00  1.000000e+01
    endloop
  endfacet
  facet normal  8.600123e-01 -5.102734e-01  0.000000e+00
    outer loop
      vertex  1.381652e+02 -7.188735e+00  0.000000e+00
      vertex  1.381652e+02 -7.188735e+00  1.000000e+01
      vertex  1.376188e+02 -8.109612e+00  0.000000e+00
    endloop
  endfacet
  facet normal  8.600123e-01 -5.102734e-01  0.000000e+00
    outer loop
      vertex  1.376188e+02 -8.109612e+00  0.000000e+00
      vertex  1.381652e+02 -7.188735e+00  1.000000e+01
      vertex  1.376188e+02 -8.109612e+00  1.000000e+01
    endloop
  endfacet
  facet normal  8.214195e-01 -5.703244e-01  0.000000e+00
    outer loop
      vertex  1.376188e+02 -8.109612e+00  0.000000e+00
      vertex  1.376188e+02 -8.109612e+00  1.000000e+01
      vertex  1.370081e+02 -8.989165e+00  0.000000e+00
    endloop
  endfacet
  facet normal  8.214195e-01 -5.703244e-01  0.000000e+00
    outer loop
      vertex  1.370081e+02 -8.989165e+00  0.000000e+00
      vertex  1.376188e+02 -8.109612e+00  1.000000e+01
      vertex  1.370081e+02 -8.989165e+00  1.000000e+01
    endloop
  endfacet
  facet normal  7.786415e-01 -6.274691e-01  0.000000e+00
    outer loop
      vertex  1.370081e+02 -8.989165e+00  0.000000e+00
      vertex  1.370081e+02 -8.989165e+00  1.000000e+01
      vertex  1.363362e+02 -9.822911e+00  0.000000e+00
    endloop
  endfacet
  facet normal  7.786415e-01 -6.274691e-01  0.000000e+00
    outer loop
      vertex  1.363362e+02 -9.822911e+00  0.000000e+00
      vertex  1.370081e+02 -8.989165e+00  1.000000e+01
      vertex  1.363362e+02 -9.822911e+00  1.000000e+01
    endloop
  endfacet
  facet normal  7.318931e-01 -6.814195e-01  0.000000e+00
    outer loop
      vertex  1.363362e+02 -9.822911e+00  0.000000e+00
      vertex  1.363362e+02 -9.822911e+00  1.000000e+01
      vertex  1.356066e+02 -1.060660e+01  0.000000e+00
    endloop
  endfacet
  facet normal  7.318931e-01 -6.814195e-01  0.000000e+00
    outer loop
      vertex  1.356066e+02 -1.060660e+01  0.000000e+00
      vertex  1.363362e+02 -9.822911e+00  1.000000e+01
      vertex  1.356066e+02 -1.060660e+01  1.000000e+01
    endloop
  endfacet
  facet normal  6.814176e-01 -7.318948e-01  0.000000e+00
    outer loop
      vertex  1.356066e+02 -1.060660e+01  0.000000e+00
      vertex  1.356066e+02 -1.060660e+01  1.000000e+01
      vertex  1.348229e+02 -1.133624e+01  0.000000e+00
    endloop
  endfacet
  facet normal  6.814176e-01 -7.318948e-01  0.000000e+00
    outer loop
      vertex  1.348229e+02 -1.133624e+01  0.000000e+00
      vertex  1.356066e+02 -1.060660e+01  1.000000e+01
      vertex  1.348229e+02 -1.133624e+01  1.000000e+01
    endloop
  endfacet
  facet normal  6.274716e-01 -7.786394e-01  0.000000e+00
    outer loop
      vertex  1.348229e+02 -1.133624e+01  0.000000e+00
      vertex  1.348229e+02 -1.133624e+01  1.000000e+01
      vertex  1.339892e+02 -1.200812e+01  0.000000e+00
    endloop
  endfacet
  facet normal  6.274716e-01 -7.786394e-01  0.000000e+00
    outer loop
      vertex  1.339892e+02 -1.200812e+01  0.000000e+00
      vertex  1.348229e+02 -1.133624e+01  1.000000e+01
      vertex  1.339892e+02 -1.200812e+01  1.000000e+01
    endloop
  endfacet
  facet normal  5.703251e-01 -8.214191e-01  0.000000e+00
    outer loop
      vertex  1.339892e+02 -1.200812e+01  0.000000e+00
      vertex  1.339892e+02 -1.200812e+01  1.000000e+01
      vertex  1.331096e+02 -1.261880e+01  0.000000e+00
    endloop
  endfacet
  facet normal  5.703251e-01 -8.214191e-01  0.000000e+00
    outer loop
      vertex  1.331096e+02 -1.261880e+01  0.000000e+00
      vertex  1.339892e+02 -1.200812e+01  1.000000e+01
      vertex  1.331096e+02 -1.261880e+01  1.000000e+01
    endloop
  endfacet
  facet normal  5.102678e-01 -8.600156e-01  0.000000e+00
    outer loop
      vertex  1.331096e+02 -1.261880e+01  0.000000e+00
      vertex  1.331096e+02 -1.261880e+01  1.000000e+01
      vertex  1.321887e+02 -1.316518e+01  0.000000e+00
    endloop
  endfacet
  facet normal  5.102678e-01 -8.600156e-01  0.000000e+00
    outer loop
      vertex  1.321887e+02 -1.316518e+01  0.000000e+00
      vertex  1.331096e+02 -1.261880e+01  1.000000e+01
      vertex  1.321887e+02 -1.316518e+01  1.000000e+01
    endloop
  endfacet
  facet normal  4.476190e-01 -8.942244e-01  0.000000e+00
    outer loop
      vertex  1.321887e+02 -1.316518e+01  0.000000e+00
      vertex  1.321887e+02 -1.316518e+01  1.000000e+01
      vertex  1.312312e+02 -1.364448e+01  0.000000e+00
    endloop
  endfacet
  facet normal  4.476190e-01 -8.942244e-01  0.000000e+00
    outer loop
      vertex  1.312312e+02 -1.364448e+01  0.000000e+00
      vertex  1.321887e+02 -1.316518e+01  1.000000e+01
      vertex  1.312312e+02 -1.364448e+01  1.000000e+01
    endloop
  endfacet
  facet normal  3.826801e-01 -9.238809e-01  0.000000e+00
    outer loop
      vertex  1.312312e+02 -1.364448e+01  0.000000e+00
      vertex  1.312312e+02 -1.364448e+01  1.000000e+01
      vertex  1.302420e+02 -1.405425e+01  0.000000e+00
    endloop
  endfacet
  facet normal  3.826801e-01 -9.238809e-01  0.000000e+00
    outer loop
      vertex  1.302420e+02 -1.405425e+01  0.000000e+00
      vertex  1.312312e+02 -1.364448e+01  1.000000e+01
      vertex  1.302420e+02 -1.405425e+01  1.000000e+01
    endloop
  endfacet
  facet normal  3.157994e-01 -9.488260e-01  0.000000e+00
    outer loop
      vertex  1.302420e+02 -1.405425e+01  0.000000e+00
      vertex  1.302420e+02 -1.405425e+01  1.000000e+01
      vertex  1.292260e+02 -1.439240e+01  0.000000e+00
    endloop
  endfacet
  facet normal  3.157994e-01 -9.488260e-01  0.000000e+00
    outer loop
      vertex  1.292260e+02 -1.439240e+01  0.000000e+00
      vertex  1.302420e+02 -1.405425e+01  1.000000e+01
      vertex  1.292260e+02 -1.439240e+01  1.000000e+01
    endloop
  endfacet
  facet normal  2.473065e-01 -9.689373e-01  0.000000e+00
    outer loop
      vertex  1.292260e+02 -1.439240e+01  0.000000e+00
      vertex  1.292260e+02 -1.439240e+01  1.000000e+01
      vertex  1.281885e+02 -1.465720e+01  0.000000e+00
    endloop
  endfacet
  facet normal  2.473065e-01 -9.689373e-01  0.000000e+00
    outer loop
      vertex  1.281885e+02 -1.465720e+01  0.000000e+00
      vertex  1.292260e+02 -1.439240e+01  1.000000e+01
      vertex  1.281885e+02 -1.465720e+01  1.000000e+01
    endloop
  endfacet
  facet normal  1.775533e-01 -9.841112e-01  0.000000e+00
    outer loop
      vertex  1.281885e+02 -1.465720e+01  0.000000e+00
      vertex  1.281885e+02 -1.465720e+01  1.000000e+01
      vertex  1.271347e+02 -1.484732e+01  0.000000e+00
    endloop
  endfacet
  facet normal  1.775533e-01 -9.841112e-01  0.000000e+00
    outer loop
      vertex  1.271347e+02 -1.484732e+01  0.000000e+00
      vertex  1.281885e+02 -1.465720e+01  1.000000e+01
      vertex  1.271347e+02 -1.484732e+01  1.000000e+01
    endloop
  endfacet
  facet normal  1.068956e-01 -9.942701e-01  0.000000e+00
    outer loop
      vertex  1.271347e+02 -1.484732e+01  0.000000e+00
      vertex  1.271347e+02 -1.484732e+01  1.000000e+01
      vertex  1.260701e+02 -1.496178e+01  0.000000e+00
    endloop
  endfacet
  facet normal  1.068956e-01 -9.942701e-01  0.000000e+00
    outer loop
      vertex  1.260701e+02 -1.496178e+01  0.000000e+00
      vertex  1.271347e+02 -1.484732e+01  1.000000e+01
      vertex  1.260701e+02 -1.496178e+01  1.000000e+01
    endloop
  endfacet
  facet normal  3.569242e-02 -9.993629e-01  0.000000e+00
    outer loop
      vertex  1.260701e+02 -1.496178e+01  0.000000e+00
      vertex  1.260701e+02 -1.496178e+01  1.000000e+01
      vertex  1.250000e+02 -1.500000e+01  0.000000e+00
    endloop
  endfacet
  facet normal  3.569242e-02 -9.993629e-01  0.000000e+00
    outer loop
      vertex  1.250000e+02 -1.500000e+01  0.000000e+00
      vertex  1.260701e+02 -1.496178e+01  1.000000e+01
      vertex  1.250000e+02 -1.500000e+01  1.000000e+01
    endloop
  endfacet
  facet normal  1.000000e+00  -0.000000e+00  0.000000e+00
    outer loop
      vertex  1.250000e+02  4.000000e+01  2.000000e+01
      vertex  1.250000e+02  3.000000e+01  2.000000e+01
      vertex  1.250000e+02  4.000000e+01  0.000000e+00
    endloop
  endfacet
  facet normal  1.000000e+00  0.000000e+00  0.000000e+00
    outer loop
      vertex  1.250000e+02  4.000000e+01  0.000000e+00
      vertex  1.250000e+02  3.000000e+01  2.000000e+01
      vertex  1.250000e+02  3.000000e+01  1.000000e+01
    endloop
  endfacet
  facet normal  1.000000e+00  0.000000e+00  0.000000e+00
    outer loop
      vertex  1.250000e+02  4.000000e+01  0.000000e+00
      vertex  1.250000e+02  3.000000e+01  1.000000e+01
      vertex  1.250000e+02  1.500000e+01  0.000000e+00
    endloop
  endfacet
  facet normal  1.000000e+00  0.000000e+00  0.000000e+00
    outer loop
      vertex  1.250000e+02  1.500000e+01  0.000000e+00
      vertex  1.250000e+02  3.000000e+01  1.000000e+01
      vertex  1.250000e+02  1.500000e+01  1.000000e+01
    endloop
  endfacet
  facet normal  1.000000e+00  -0.000000e+00  0.000000e+00
    outer loop
      vertex  1.250000e+02 -3.000000e+01  2.000000e+01
      vertex  1.250000e+02 -4.000000e+01  2.000000e+01
      vertex  1.250000e+02 -3.000000e+01  1.000000e+01
    endloop
  endfacet
  facet normal  1.000000e+00  0.000000e+00  0.000000e+00
    outer loop
      vertex  1.250000e+02 -3.000000e+01  1.000000e+01
      vertex  1.250000e+02 -4.000000e+01  2.000000e+01
      vertex  1.250000e+02 -4.000000e+01  0.000000e+00
    endloop
  endfacet
  facet normal  1.000000e+00  0.000000e+00  0.000000e+00
    outer loop
      vertex  1.250000e+02 -3.000000e+01  1.000000e+01
      vertex  1.250000e+02 -4.000000e+01  0.000000e+00
      vertex  1.250000e+02 -1.500000e+01  1.000000e+01
    endloop
  endfacet
  facet normal  1.000000e+00  0.000000e+00  0.000000e+00
    outer loop
      vertex  1.250000e+02 -1.500000e+01  1.000000e+01
      vertex  1.250000e+02 -4.000000e+01  0.000000e+00
      vertex  1.250000e+02 -1.500000e+01  0.000000e+00
    endloop
  endfacet
  facet normal  0.000000e+00 -1.000000e+00  0.000000e+00
    outer loop
      vertex  7.665739e+01 -4.000000e+01  6.216312e+01
      vertex  7.600000e+01 -4.000000e+01  7.039230e+01
      vertex  7.639482e+01 -4.000000e+01  6.284716e+01
    endloop
  endfacet
  facet normal  0.000000e+00 -1.000000e+00  0.000000e+00
    outer loop
      vertex  7.514431e+01 -4.000000e+01  7.084141e+01
      vertex  7.520201e+01 -4.000000e+01  6.468391e+01
      vertex  7.566312e+01 -4.000000e+01  6.411449e+01
    endloop
  endfacet
  facet normal  0.000000e+00 -1.000000e+00  -0.000000e+00
    outer loop
      vertex  8.200000e+01 -4.000000e+01  6.000000e+01
      vertex  8.196109e+01 -4.000000e+01  6.096560e+01
      vertex  7.700000e+01 -4.000000e+01  6.000000e+01
    endloop
  endfacet
  facet normal  0.000000e+00 -1.000000e+00  -0.000000e+00
    outer loop
      vertex  8.200000e+01 -4.000000e+01  6.000000e+01
      vertex  7.700000e+01 -4.000000e+01  6.000000e+01
      vertex  7.696165e+01 -4.000000e+01  5.926830e+01
    endloop
  endfacet
  facet normal  0.000000e+00 -1.000000e+00  -0.000000e+00
    outer loop
      vertex  8.200000e+01 -4.000000e+01  6.000000e+01
      vertex  7.696165e+01 -4.000000e+01  5.926830e+01
      vertex  7.684703e+01 -4.000000e+01  5.854462e+01
    endloop
  endfacet
  facet normal  0.000000e+00 -1.000000e+00  -0.000000e+00
    outer loop
      vertex  8.200000e+01 -4.000000e+01  6.000000e+01
      vertex  7.684703e+01 -4.000000e+01  5.854462e+01
      vertex  7.665739e+01 -4.000000e+01  5.783688e+01
    endloop
  endfacet
  facet normal  0.000000e+00 -1.000000e+00  -0.000000e+00
    outer loop
      vertex  8.200000e+01 -4.000000e+01  6.000000e+01
      vertex  7.665739e+01 -4.000000e+01  5.783688e+01
      vertex  7.639482e+01 -4.000000e+01  5.715284e+01
    endloop
  endfacet
  facet normal  0.000000e+00 -1.000000e+00  -0.000000e+00
    outer loop
      vertex  8.200000e+01 -4.000000e+01  6.000000e+01
      vertex  7.639482e+01 -4.000000e+01  5.715284e+01
      vertex  5.800000e+01 -4.000000e+01  2.000000e+01
    endloop
  endfacet
  facet normal  0.000000e+00 -1.000000e+00  0.000000e+00
    outer loop
      vertex  8.200000e+01 -4.000000e+01  6.000000e+01
      vertex  5.800000e+01 -4.000000e+01  2.000000e+01
      vertex  8.200000e+01 -4.000000e+01  2.000000e+01
    endloop
  endfacet
  facet normal  -0.000000e+00 -1.000000e+00  -0.000000e+00
    outer loop
      vertex  1.250000e+02 -4.000000e+01  0.000000e+00
      vertex  1.250000e+02 -4.000000e+01  2.000000e+01
      vertex  8.200000e+01 -4.000000e+01  2.000000e+01
    endloop
  endfacet
  facet normal  -0.000000e+00 -1.000000e+00  -0.000000e+00
    outer loop
      vertex  1.250000e+02 -4.000000e+01  0.000000e+00
      vertex  8.200000e+01 -4.000000e+01  2.000000e+01
      vertex  5.800000e+01 -4.000000e+01  2.000000e+01
    endloop
  endfacet
  facet normal  -0.000000e+00 -1.000000e+00  -0.000000e+00
    outer loop
      vertex  1.250000e+02 -4.000000e+01  0.000000e+00
      vertex  5.800000e+01 -4.000000e+01  2.000000e+01
      vertex  2.000000e+01 -4.000000e+01  2.000000e+01
    endloop
  endfacet
  facet normal  0.000000e+00 -1.000000e+00  -0.000000e+00
    outer loop
      vertex  1.250000e+02 -4.000000e+01  0.000000e+00
      vertex  2.000000e+01 -4.000000e+01  2.000000e+01
      vertex  0.000000e+00 -4.000000e+01  0.000000e+00
    endloop
  endfacet
  facet normal  -0.000000e+00 -1.000000e+00  0.000000e+00
    outer loop
      vertex  7.700000e+01 -4.000000e+01  6.000000e+01
      vertex  8.196109e+01 -4.000000e+01  6.096560e+01
      vertex  8.184460e+01 -4.000000e+01  6.192493e+01
    endloop
  endfacet
  facet normal  -0.000000e+00 -1.000000e+00  0.000000e+00
    outer loop
      vertex  7.700000e+01 -4.000000e+01  6.000000e+01
      vertex  8.184460e+01 -4.000000e+01  6.192493e+01
      vertex  8.165130e+01 -4.000000e+01  6.287179e+01
    endloop
  endfacet
  facet normal  -0.000000e+00 -1.000000e+00  0.000000e+00
    outer loop
      vertex  7.700000e+01 -4.000000e+01  6.000000e+01
      vertex  8.165130e+01 -4.000000e+01  6.287179e+01
      vertex  8.138244e+01 -4.000000e+01  6.380001e+01
    endloop
  endfacet
  facet normal  -0.000000e+00 -1.000000e+00  0.000000e+00
    outer loop
      vertex  7.700000e+01 -4.000000e+01  6.000000e+01
      vertex  8.138244e+01 -4.000000e+01  6.380001e+01
      vertex  8.103976e+01 -4.000000e+01  6.470360e+01
    endloop
  endfacet
  facet normal  -0.000000e+00 -1.000000e+00  0.000000e+00
    outer loop
      vertex  7.700000e+01 -4.000000e+01  6.000000e+01
      vertex  8.103976e+01 -4.000000e+01  6.470360e+01
      vertex  8.062547e+01 -4.000000e+01  6.557668e+01
    endloop
  endfacet
  facet normal  -0.000000e+00 -1.000000e+00  0.000000e+00
    outer loop
      vertex  7.700000e+01 -4.000000e+01  6.000000e+01
      vertex  8.062547e+01 -4.000000e+01  6.557668e+01
      vertex  8.014228e+01 -4.000000e+01  6.641359e+01
    endloop
  endfacet
  facet normal  -0.000000e+00 -9.999999e-01  0.000000e+00
    outer loop
      vertex  7.700000e+01 -4.000000e+01  6.000000e+01
      vertex  8.014228e+01 -4.000000e+01  6.641359e+01
      vertex  7.959332e+01 -4.000000e+01  6.720891e+01
    endloop
  endfacet
  facet normal  -0.000000e+00 -1.000000e+00  0.000000e+00
    outer loop
      vertex  7.700000e+01 -4.000000e+01  6.000000e+01
      vertex  7.959332e+01 -4.000000e+01  6.720891e+01
      vertex  7.898213e+01 -4.000000e+01  6.795747e+01
    endloop
  endfacet
  facet normal  -0.000000e+00 -1.000000e+00  0.000000e+00
    outer loop
      vertex  7.700000e+01 -4.000000e+01  6.000000e+01
      vertex  7.898213e+01 -4.000000e+01  6.795747e+01
      vertex  7.831269e+01 -4.000000e+01  6.865443e+01
    endloop
  endfacet
  facet normal  -0.000000e+00 -9.999999e-01  0.000000e+00
    outer loop
      vertex  7.700000e+01 -4.000000e+01  6.000000e+01
      vertex  7.831269e+01 -4.000000e+01  6.865443e+01
      vertex  7.758935e+01 -4.000000e+01  6.929526e+01
    endloop
  endfacet
  facet normal  0.000000e+00 -1.000000e+00  0.000000e+00
    outer loop
      vertex  7.681678e+01 -4.000000e+01  6.987581e+01
      vertex  7.600000e+01 -4.000000e+01  7.039230e+01
      vertex  7.665739e+01 -4.000000e+01  6.216312e+01
    endloop
  endfacet
  facet normal  0.000000e+00 -9.999999e-01  0.000000e+00
    outer loop
      vertex  7.681678e+01 -4.000000e+01  6.987581e+01
      vertex  7.665739e+01 -4.000000e+01  6.216312e+01
      vertex  7.684703e+01 -4.000000e+01  6.145538e+01
    endloop
  endfacet
  facet normal  0.000000e+00 -1.000000e+00  0.000000e+00
    outer loop
      vertex  7.681678e+01 -4.000000e+01  6.987581e+01
      vertex  7.684703e+01 -4.000000e+01  6.145538e+01
      vertex  7.696165e+01 -4.000000e+01  6.073170e+01
    endloop
  endfacet
  facet normal  0.000000e+00 -1.000000e+00  0.000000e+00
    outer loop
      vertex  7.681678e+01 -4.000000e+01  6.987581e+01
      vertex  7.696165e+01 -4.000000e+01  6.073170e+01
      vertex  7.700000e+01 -4.000000e+01  6.000000e+01
    endloop
  endfacet
  facet normal  0.000000e+00 -1.000000e+00  0.000000e+00
    outer loop
      vertex  7.681678e+01 -4.000000e+01  6.987581e+01
      vertex  7.700000e+01 -4.000000e+01  6.000000e+01
      vertex  7.758935e+01 -4.000000e+01  6.929526e+01
    endloop
  endfacet
  facet normal  0.000000e+00 -1.000000e+00  0.000000e+00
    outer loop
      vertex  6.318322e+01 -4.000000e+01  6.987581e+01
      vertex  6.315297e+01 -4.000000e+01  6.145538e+01
      vertex  6.334261e+01 -4.000000e+01  6.216312e+01
    endloop
  endfacet
  facet normal  0.000000e+00 -1.000000e+00  0.000000e+00
    outer loop
      vertex  6.318322e+01 -4.000000e+01  6.987581e+01
      vertex  6.334261e+01 -4.000000e+01  6.216312e+01
      vertex  6.360518e+01 -4.000000e+01  6.284716e+01
    endloop
  endfacet
  facet normal  0.000000e+00 -1.000000e+00  0.000000e+00
    outer loop
      vertex  6.318322e+01 -4.000000e+01  6.987581e+01
      vertex  6.360518e+01 -4.000000e+01  6.284716e+01
      vertex  6.393782e+01 -4.000000e+01  6.350000e+01
    endloop
  endfacet
  facet normal  0.000000e+00 -1.000000e+00  0.000000e+00
    outer loop
      vertex  6.318322e+01 -4.000000e+01  6.987581e+01
      vertex  6.393782e+01 -4.000000e+01  6.350000e+01
      vertex  6.400000e+01 -4.000000e+01  7.039230e+01
    endloop
  endfacet
  facet normal  0.000000e+00 -1.000000e+00  0.000000e+00
    outer loop
      vertex  5.800000e+01 -4.000000e+01  6.000000e+01
      vertex  6.300000e+01 -4.000000e+01  6.000000e+01
      vertex  6.241066e+01 -4.000000e+01  6.929526e+01
    endloop
  endfacet
  facet normal  0.000000e+00 -1.000000e+00  0.000000e+00
    outer loop
      vertex  5.800000e+01 -4.000000e+01  6.000000e+01
      vertex  6.241066e+01 -4.000000e+01  6.929526e+01
      vertex  6.168731e+01 -4.000000e+01  6.865443e+01
    endloop
  endfacet
  facet normal  0.000000e+00 -1.000000e+00  0.000000e+00
    outer loop
      vertex  5.800000e+01 -4.000000e+01  6.000000e+01
      vertex  6.168731e+01 -4.000000e+01  6.865443e+01
      vertex  6.101787e+01 -4.000000e+01  6.795747e+01
    endloop
  endfacet
  facet normal  0.000000e+00 -1.000000e+00  0.000000e+00
    outer loop
      vertex  5.800000e+01 -4.000000e+01  6.000000e+01
      vertex  6.101787e+01 -4.000000e+01  6.795747e+01
      vertex  6.040669e+01 -4.000000e+01  6.720891e+01
    endloop
  endfacet
  facet normal  0.000000e+00 -1.000000e+00  0.000000e+00
    outer loop
      vertex  5.800000e+01 -4.000000e+01  6.000000e+01
      vertex  6.040669e+01 -4.000000e+01  6.720891e+01
      vertex  5.985772e+01 -4.000000e+01  6.641359e+01
    endloop
  endfacet
  facet normal  0.000000e+00 -1.000000e+00  0.000000e+00
    outer loop
      vertex  5.800000e+01 -4.000000e+01  6.000000e+01
      vertex  5.985772e+01 -4.000000e+01  6.641359e+01
      vertex  5.937453e+01 -4.000000e+01  6.557668e+01
    endloop
  endfacet
  facet normal  0.000000e+00 -1.000000e+00  0.000000e+00
    outer loop
      vertex  5.800000e+01 -4.000000e+01  6.000000e+01
      vertex  5.937453e+01 -4.000000e+01  6.557668e+01
      vertex  5.896025e+01 -4.000000e+01  6.470360e+01
    endloop
  endfacet
  facet normal  0.000000e+00 -9.999999e-01  0.000000e+00
    outer loop
      vertex  5.800000e+01 -4.000000e+01  6.000000e+01
      vertex  5.896025e+01 -4.000000e+01  6.470360e+01
      vertex  5.861756e+01 -4.000000e+01  6.380001e+01
    endloop
  endfacet
  facet normal  0.000000e+00 -9.999999e-01  0.000000e+00
    outer loop
      vertex  5.800000e+01 -4.000000e+01  6.000000e+01
      vertex  5.861756e+01 -4.000000e+01  6.380001e+01
      vertex  5.834870e+01 -4.000000e+01  6.287179e+01
    endloop
  endfacet
  facet normal  0.000000e+00 -9.999999e-01  0.000000e+00
    outer loop
      vertex  5.800000e+01 -4.000000e+01  6.000000e+01
      vertex  5.834870e+01 -4.000000e+01  6.287179e+01
      vertex  5.815540e+01 -4.000000e+01  6.192493e+01
    endloop
  endfacet
  facet normal  0.000000e+00 -1.000000e+00  0.000000e+00
    outer loop
      vertex  5.800000e+01 -4.000000e+01  6.000000e+01
      vertex  5.815540e+01 -4.000000e+01  6.192493e+01
      vertex  5.803891e+01 -4.000000e+01  6.096560e+01
    endloop
  endfacet
  facet normal  0.000000e+00 -1.000000e+00  0.000000e+00
    outer loop
      vertex  6.241066e+01 -4.000000e+01  6.929526e+01
      vertex  6.300000e+01 -4.000000e+01  6.000000e+01
      vertex  6.303835e+01 -4.000000e+01  6.073170e+01
    endloop
  endfacet
  facet normal  0.000000e+00 -1.000000e+00  0.000000e+00
    outer loop
      vertex  6.241066e+01 -4.000000e+01  6.929526e+01
      vertex  6.303835e+01 -4.000000e+01  6.073170e+01
      vertex  6.315297e+01 -4.000000e+01  6.145538e+01
    endloop
  endfacet
  facet normal  0.000000e+00 -1.000000e+00  0.000000e+00
    outer loop
      vertex  6.241066e+01 -4.000000e+01  6.929526e+01
      vertex  6.315297e+01 -4.000000e+01  6.145538e+01
      vertex  6.318322e+01 -4.000000e+01  6.987581e+01
    endloop
  endfacet
  facet normal  0.000000e+00 -1.000000e+00  0.000000e+00
    outer loop
      vertex  5.800000e+01 -4.000000e+01  2.000000e+01
      vertex  7.639482e+01 -4.000000e+01  5.715284e+01
      vertex  7.606218e+01 -4.000000e+01  5.650000e+01
    endloop
  endfacet
  facet normal  0.000000e+00 -1.000000e+00  0.000000e+00
    outer loop
      vertex  5.800000e+01 -4.000000e+01  2.000000e+01
      vertex  7.606218e+01 -4.000000e+01  5.650000e+01
      vertex  7.566312e+01 -4.000000e+01  5.588550e+01
    endloop
  endfacet
  facet normal  0.000000e+00 -9.999999e-01  0.000000e+00
    outer loop
      vertex  5.800000e+01 -4.000000e+01  2.000000e+01
      vertex  7.566312e+01 -4.000000e+01  5.588550e+01
      vertex  7.520201e+01 -4.000000e+01  5.531609e+01
    endloop
  endfacet
  facet normal  0.000000e+00 -1.000000e+00  0.000000e+00
    outer loop
      vertex  5.800000e+01 -4.000000e+01  2.000000e+01
      vertex  7.520201e+01 -4.000000e+01  5.531609e+01
      vertex  7.468391e+01 -4.000000e+01  5.479799e+01
    endloop
  endfacet
  facet normal  0.000000e+00 -1.000000e+00  0.000000e+00
    outer loop
      vertex  5.800000e+01 -4.000000e+01  2.000000e+01
      vertex  7.468391e+01 -4.000000e+01  5.479799e+01
      vertex  7.411449e+01 -4.000000e+01  5.433688e+01
    endloop
  endfacet
  facet normal  0.000000e+00 -1.000000e+00  0.000000e+00
    outer loop
      vertex  5.800000e+01 -4.000000e+01  2.000000e+01
      vertex  7.411449e+01 -4.000000e+01  5.433688e+01
      vertex  7.350000e+01 -4.000000e+01  5.393782e+01
    endloop
  endfacet
  facet normal  0.000000e+00 -1.000000e+00  0.000000e+00
    outer loop
      vertex  5.800000e+01 -4.000000e+01  2.000000e+01
      vertex  7.350000e+01 -4.000000e+01  5.393782e+01
      vertex  7.284715e+01 -4.000000e+01  5.360518e+01
    endloop
  endfacet
  facet normal  0.000000e+00 -1.000000e+00  0.000000e+00
    outer loop
      vertex  5.800000e+01 -4.000000e+01  2.000000e+01
      vertex  7.284715e+01 -4.000000e+01  5.360518e+01
      vertex  7.216312e+01 -4.000000e+01  5.334261e+01
    endloop
  endfacet
  facet normal  0.000000e+00 -9.999999e-01  0.000000e+00
    outer loop
      vertex  5.800000e+01 -4.000000e+01  2.000000e+01
      vertex  7.216312e+01 -4.000000e+01  5.334261e+01
      vertex  7.145538e+01 -4.000000e+01  5.315297e+01
    endloop
  endfacet
  facet normal  0.000000e+00 -1.000000e+00  0.000000e+00
    outer loop
      vertex  5.800000e+01 -4.000000e+01  2.000000e+01
      vertex  7.145538e+01 -4.000000e+01  5.315297e+01
      vertex  7.073170e+01 -4.000000e+01  5.303835e+01
    endloop
  endfacet
  facet normal  0.000000e+00 -1.000000e+00  0.000000e+00
    outer loop
      vertex  5.800000e+01 -4.000000e+01  2.000000e+01
      vertex  7.073170e+01 -4.000000e+01  5.303835e+01
      vertex  7.000000e+01 -4.000000e+01  5.300000e+01
    endloop
  endfacet
  facet normal  -0.000000e+00 -1.000000e+00  0.000000e+00
    outer loop
      vertex  5.800000e+01 -4.000000e+01  2.000000e+01
      vertex  7.000000e+01 -4.000000e+01  5.300000e+01
      vertex  6.926830e+01 -4.000000e+01  5.303835e+01
    endloop
  endfacet
  facet normal  -0.000000e+00 -1.000000e+00  0.000000e+00
    outer loop
      vertex  5.800000e+01 -4.000000e+01  2.000000e+01
      vertex  6.926830e+01 -4.000000e+01  5.303835e+01
      vertex  6.854462e+01 -4.000000e+01  5.315297e+01
    endloop
  endfacet
  facet normal  -0.000000e+00 -9.999999e-01  0.000000e+00
    outer loop
      vertex  5.800000e+01 -4.000000e+01  2.000000e+01
      vertex  6.854462e+01 -4.000000e+01  5.315297e+01
      vertex  6.783688e+01 -4.000000e+01  5.334261e+01
    endloop
  endfacet
  facet normal  -0.000000e+00 -1.000000e+00  0.000000e+00
    outer loop
      vertex  5.800000e+01 -4.000000e+01  2.000000e+01
      vertex  6.783688e+01 -4.000000e+01  5.334261e+01
      vertex  6.715285e+01 -4.000000e+01  5.360518e+01
    endloop
  endfacet
  facet normal  -0.000000e+00 -1.000000e+00  0.000000e+00
    outer loop
      vertex  5.800000e+01 -4.000000e+01  2.000000e+01
      vertex  6.715285e+01 -4.000000e+01  5.360518e+01
      vertex  6.650000e+01 -4.000000e+01  5.393782e+01
    endloop
  endfacet
  facet normal  -0.000000e+00 -1.000000e+00  0.000000e+00
    outer loop
      vertex  5.800000e+01 -4.000000e+01  2.000000e+01
      vertex  6.650000e+01 -4.000000e+01  5.393782e+01
      vertex  6.588551e+01 -4.000000e+01  5.433688e+01
    endloop
  endfacet
  facet normal  -0.000000e+00 -1.000000e+00  0.000000e+00
    outer loop
      vertex  5.800000e+01 -4.000000e+01  2.000000e+01
      vertex  6.588551e+01 -4.000000e+01  5.433688e+01
      vertex  6.531609e+01 -4.000000e+01  5.479799e+01
    endloop
  endfacet
  facet normal  -0.000000e+00 -9.999999e-01  0.000000e+00
    outer loop
      vertex  5.800000e+01 -4.000000e+01  2.000000e+01
      vertex  6.531609e+01 -4.000000e+01  5.479799e+01
      vertex  6.479799e+01 -4.000000e+01  5.531609e+01
    endloop
  endfacet
  facet normal  -0.000000e+00 -1.000000e+00  0.000000e+00
    outer loop
      vertex  5.800000e+01 -4.000000e+01  2.000000e+01
      vertex  6.479799e+01 -4.000000e+01  5.531609e+01
      vertex  6.433688e+01 -4.000000e+01  5.588550e+01
    endloop
  endfacet
  facet normal  -0.000000e+00 -1.000000e+00  0.000000e+00
    outer loop
      vertex  5.800000e+01 -4.000000e+01  2.000000e+01
      vertex  6.433688e+01 -4.000000e+01  5.588550e+01
      vertex  6.393782e+01 -4.000000e+01  5.650000e+01
    endloop
  endfacet
  facet normal  -0.000000e+00 -1.000000e+00  0.000000e+00
    outer loop
      vertex  5.800000e+01 -4.000000e+01  2.000000e+01
      vertex  6.393782e+01 -4.000000e+01  5.650000e+01
      vertex  6.360518e+01 -4.000000e+01  5.715284e+01
    endloop
  endfacet
  facet normal  -0.000000e+00 -1.000000e+00  0.000000e+00
    outer loop
      vertex  5.800000e+01 -4.000000e+01  2.000000e+01
      vertex  6.360518e+01 -4.000000e+01  5.715284e+01
      vertex  6.334261e+01 -4.000000e+01  5.783688e+01
    endloop
  endfacet
  facet normal  -0.000000e+00 -1.000000e+00  0.000000e+00
    outer loop
      vertex  5.800000e+01 -4.000000e+01  2.000000e+01
      vertex  6.334261e+01 -4.000000e+01  5.783688e+01
      vertex  6.315297e+01 -4.000000e+01  5.854462e+01
    endloop
  endfacet
  facet normal  -0.000000e+00 -1.000000e+00  0.000000e+00
    outer loop
      vertex  5.800000e+01 -4.000000e+01  2.000000e+01
      vertex  6.315297e+01 -4.000000e+01  5.854462e+01
      vertex  6.303835e+01 -4.000000e+01  5.926830e+01
    endloop
  endfacet
  facet normal  -0.000000e+00 -1.000000e+00  0.000000e+00
    outer loop
      vertex  5.800000e+01 -4.000000e+01  2.000000e+01
      vertex  6.303835e+01 -4.000000e+01  5.926830e+01
      vertex  6.300000e+01 -4.000000e+01  6.000000e+01
    endloop
  endfacet
  facet normal  -0.000000e+00 -1.000000e+00  0.000000e+00
    outer loop
      vertex  5.800000e+01 -4.000000e+01  2.000000e+01
      vertex  6.300000e+01 -4.000000e+01  6.000000e+01
      vertex  5.800000e+01 -4.000000e+01  6.000000e+01
    endloop
  endfacet
  facet normal  0.000000e+00 -1.000000e+00  -0.000000e+00
    outer loop
      vertex  2.000000e+01 -4.000000e+01  2.000000e+01
      vertex  2.000000e+01 -4.000000e+01  6.500000e+01
      vertex  0.000000e+00 -4.000000e+01  0.000000e+00
    endloop
  endfacet
  facet normal  0.000000e+00 -1.000000e+00  0.000000e+00
    outer loop
      vertex  0.000000e+00 -4.000000e+01  0.000000e+00
      vertex  2.000000e+01 -4.000000e+01  6.500000e+01
      vertex  0.000000e+00 -4.000000e+01  6.500000e+01
    endloop
  endfacet
  facet normal  0.000000e+00 -1.000000e+00  0.000000e+00
    outer loop
      vertex  7.514431e+01 -4.000000e+01  7.084141e+01
      vertex  7.566312e+01 -4.000000e+01  6.411449e+01
      vertex  7.600000e+01 -4.000000e+01  7.039230e+01
    endloop
  endfacet
  facet normal  0.000000e+00 -1.000000e+00  -0.000000e+00
    outer loop
      vertex  7.600000e+01 -4.000000e+01  7.039230e+01
      vertex  7.566312e+01 -4.000000e+01  6.411449e+01
      vertex  7.606218e+01 -4.000000e+01  6.350000e+01
    endloop
  endfacet
  facet normal  0.000000e+00 -1.000000e+00  0.000000e+00
    outer loop
      vertex  7.600000e+01 -4.000000e+01  7.039230e+01
      vertex  7.606218e+01 -4.000000e+01  6.350000e+01
      vertex  7.639482e+01 -4.000000e+01  6.284716e+01
    endloop
  endfacet
  facet normal  0.000000e+00 -9.999999e-01  -0.000000e+00
    outer loop
      vertex  7.520201e+01 -4.000000e+01  6.468391e+01
      vertex  7.514431e+01 -4.000000e+01  7.084141e+01
      vertex  7.468391e+01 -4.000000e+01  6.520201e+01
    endloop
  endfacet
  facet normal  0.000000e+00 -1.000000e+00  0.000000e+00
    outer loop
      vertex  7.468391e+01 -4.000000e+01  6.520201e+01
      vertex  7.514431e+01 -4.000000e+01  7.084141e+01
      vertex  7.425526e+01 -4.000000e+01  7.122019e+01
    endloop
  endfacet
  facet normal  0.000000e+00 -1.000000e+00  -0.000000e+00
    outer loop
      vertex  7.468391e+01 -4.000000e+01  6.520201e+01
      vertex  7.425526e+01 -4.000000e+01  7.122019e+01
      vertex  7.411449e+01 -4.000000e+01  6.566312e+01
    endloop
  endfacet
  facet normal  0.000000e+00 -9.999999e-01  0.000000e+00
    outer loop
      vertex  7.411449e+01 -4.000000e+01  6.566312e+01
      vertex  7.425526e+01 -4.000000e+01  7.122019e+01
      vertex  7.350000e+01 -4.000000e+01  6.606218e+01
    endloop
  endfacet
  facet normal  0.000000e+00 -1.000000e+00  0.000000e+00
    outer loop
      vertex  7.350000e+01 -4.000000e+01  6.606218e+01
      vertex  7.425526e+01 -4.000000e+01  7.122019e+01
      vertex  7.333861e+01 -4.000000e+01  7.152621e+01
    endloop
  endfacet
  facet normal  0.000000e+00 -1.000000e+00  -0.000000e+00
    outer loop
      vertex  7.350000e+01 -4.000000e+01  6.606218e+01
      vertex  7.333861e+01 -4.000000e+01  7.152621e+01
      vertex  7.284715e+01 -4.000000e+01  6.639482e+01
    endloop
  endfacet
  facet normal  0.000000e+00 -1.000000e+00  0.000000e+00
    outer loop
      vertex  7.284715e+01 -4.000000e+01  6.639482e+01
      vertex  7.333861e+01 -4.000000e+01  7.152621e+01
      vertex  7.240031e+01 -4.000000e+01  7.175748e+01
    endloop
  endfacet
  facet normal  0.000000e+00 -1.000000e+00  -0.000000e+00
    outer loop
      vertex  7.284715e+01 -4.000000e+01  6.639482e+01
      vertex  7.240031e+01 -4.000000e+01  7.175748e+01
      vertex  7.216312e+01 -4.000000e+01  6.665739e+01
    endloop
  endfacet
  facet normal  0.000000e+00 -1.000000e+00  0.000000e+00
    outer loop
      vertex  7.216312e+01 -4.000000e+01  6.665739e+01
      vertex  7.240031e+01 -4.000000e+01  7.175748e+01
      vertex  7.145538e+01 -4.000000e+01  6.684703e+01
    endloop
  endfacet
  facet normal  0.000000e+00 -1.000000e+00  0.000000e+00
    outer loop
      vertex  7.145538e+01 -4.000000e+01  6.684703e+01
      vertex  7.240031e+01 -4.000000e+01  7.175748e+01
      vertex  7.144644e+01 -4.000000e+01  7.191251e+01
    endloop
  endfacet
  facet normal  0.000000e+00 -1.000000e+00  -0.000000e+00
    outer loop
      vertex  7.145538e+01 -4.000000e+01  6.684703e+01
      vertex  7.144644e+01 -4.000000e+01  7.191251e+01
      vertex  7.073170e+01 -4.000000e+01  6.696165e+01
    endloop
  endfacet
  facet normal  0.000000e+00 -1.000000e+00  0.000000e+00
    outer loop
      vertex  7.073170e+01 -4.000000e+01  6.696165e+01
      vertex  7.144644e+01 -4.000000e+01  7.191251e+01
      vertex  7.048319e+01 -4.000000e+01  7.199026e+01
    endloop
  endfacet
  facet normal  0.000000e+00 -1.000000e+00  -0.000000e+00
    outer loop
      vertex  7.073170e+01 -4.000000e+01  6.696165e+01
      vertex  7.048319e+01 -4.000000e+01  7.199026e+01
      vertex  7.000000e+01 -4.000000e+01  6.700000e+01
    endloop
  endfacet
  facet normal  0.000000e+00 -1.000000e+00  0.000000e+00
    outer loop
      vertex  7.000000e+01 -4.000000e+01  6.700000e+01
      vertex  7.048319e+01 -4.000000e+01  7.199026e+01
      vertex  6.951681e+01 -4.000000e+01  7.199026e+01
    endloop
  endfacet
  facet normal  0.000000e+00 -1.000000e+00  -0.000000e+00
    outer loop
      vertex  7.000000e+01 -4.000000e+01  6.700000e+01
      vertex  6.951681e+01 -4.000000e+01  7.199026e+01
      vertex  6.926830e+01 -4.000000e+01  6.696165e+01
    endloop
  endfacet
  facet normal  0.000000e+00 -1.000000e+00  0.000000e+00
    outer loop
      vertex  6.926830e+01 -4.000000e+01  6.696165e+01
      vertex  6.951681e+01 -4.000000e+01  7.199026e+01
      vertex  6.854462e+01 -4.000000e+01  6.684703e+01
    endloop
  endfacet
  facet normal  0.000000e+00 -1.000000e+00  0.000000e+00
    outer loop
      vertex  6.854462e+01 -4.000000e+01  6.684703e+01
      vertex  6.951681e+01 -4.000000e+01  7.199026e+01
      vertex  6.855356e+01 -4.000000e+01  7.191251e+01
    endloop
  endfacet
  facet normal  0.000000e+00 -1.000000e+00  0.000000e+00
    outer loop
      vertex  6.854462e+01 -4.000000e+01  6.684703e+01
      vertex  6.855356e+01 -4.000000e+01  7.191251e+01
      vertex  6.783688e+01 -4.000000e+01  6.665739e+01
    endloop
  endfacet
  facet normal  0.000000e+00 -1.000000e+00  0.000000e+00
    outer loop
      vertex  6.783688e+01 -4.000000e+01  6.665739e+01
      vertex  6.855356e+01 -4.000000e+01  7.191251e+01
      vertex  6.759969e+01 -4.000000e+01  7.175748e+01
    endloop
  endfacet
  facet normal  0.000000e+00 -1.000000e+00  -0.000000e+00
    outer loop
      vertex  6.783688e+01 -4.000000e+01  6.665739e+01
      vertex  6.759969e+01 -4.000000e+01  7.175748e+01
      vertex  6.715285e+01 -4.000000e+01  6.639482e+01
    endloop
  endfacet
  facet normal  0.000000e+00 -1.000000e+00  0.000000e+00
    outer loop
      vertex  6.715285e+01 -4.000000e+01  6.639482e+01
      vertex  6.759969e+01 -4.000000e+01  7.175748e+01
      vertex  6.666139e+01 -4.000000e+01  7.152621e+01
    endloop
  endfacet
  facet normal  0.000000e+00 -1.000000e+00  -0.000000e+00
    outer loop
      vertex  6.715285e+01 -4.000000e+01  6.639482e+01
      vertex  6.666139e+01 -4.000000e+01  7.152621e+01
      vertex  6.650000e+01 -4.000000e+01  6.606218e+01
    endloop
  endfacet
  facet normal  0.000000e+00 -1.000000e+00  0.000000e+00
    outer loop
      vertex  6.650000e+01 -4.000000e+01  6.606218e+01
      vertex  6.666139e+01 -4.000000e+01  7.152621e+01
      vertex  6.588551e+01 -4.000000e+01  6.566312e+01
    endloop
  endfacet
  facet normal  0.000000e+00 -1.000000e+00  0.000000e+00
    outer loop
      vertex  6.588551e+01 -4.000000e+01  6.566312e+01
      vertex  6.666139e+01 -4.000000e+01  7.152621e+01
      vertex  6.574474e+01 -4.000000e+01  7.122019e+01
    endloop
  endfacet
  facet normal  0.000000e+00 -1.000000e+00  -0.000000e+00
    outer loop
      vertex  6.588551e+01 -4.000000e+01  6.566312e+01
      vertex  6.574474e+01 -4.000000e+01  7.122019e+01
      vertex  6.531609e+01 -4.000000e+01  6.520201e+01
    endloop
  endfacet
  facet normal  0.000000e+00 -1.000000e+00  0.000000e+00
    outer loop
      vertex  6.531609e+01 -4.000000e+01  6.520201e+01
      vertex  6.574474e+01 -4.000000e+01  7.122019e+01
      vertex  6.485569e+01 -4.000000e+01  7.084141e+01
    endloop
  endfacet
  facet normal  0.000000e+00 -9.999999e-01  -0.000000e+00
    outer loop
      vertex  6.531609e+01 -4.000000e+01  6.520201e+01
      vertex  6.485569e+01 -4.000000e+01  7.084141e+01
      vertex  6.479799e+01 -4.000000e+01  6.468391e+01
    endloop
  endfacet
  facet normal  0.000000e+00 -1.000000e+00  0.000000e+00
    outer loop
      vertex  6.479799e+01 -4.000000e+01  6.468391e+01
      vertex  6.485569e+01 -4.000000e+01  7.084141e+01
      vertex  6.433688e+01 -4.000000e+01  6.411449e+01
    endloop
  endfacet
  facet normal  0.000000e+00 -1.000000e+00  0.000000e+00
    outer loop
      vertex  6.433688e+01 -4.000000e+01  6.411449e+01
      vertex  6.485569e+01 -4.000000e+01  7.084141e+01
      vertex  6.400000e+01 -4.000000e+01  7.039230e+01
    endloop
  endfacet
  facet normal  0.000000e+00 -1.000000e+00  -0.000000e+00
    outer loop
      vertex  6.433688e+01 -4.000000e+01  6.411449e+01
      vertex  6.400000e+01 -4.000000e+01  7.039230e+01
      vertex  6.393782e+01 -4.000000e+01  6.350000e+01
    endloop
  endfacet
  facet normal -5.233421e-02  -0.000000e+00 -9.986296e-01
    outer loop
      vertex  7.000000e+01 -4.000000e+01  6.700000e+01
      vertex  7.073170e+01 -2.500000e+01  6.696165e+01
      vertex  7.073170e+01 -4.000000e+01  6.696165e+01
    endloop
  endfacet
  facet normal -1.564390e-01  0.000000e+00 -9.876876e-01
    outer loop
      vertex  7.073170e+01 -4.000000e+01  6.696165e+01
      vertex  7.073170e+01 -2.500000e+01  6.696165e+01
      vertex  7.145538e+01 -2.500000e+01  6.684703e+01
    endloop
  endfacet
  facet normal -1.564390e-01  -0.000000e+00 -9.876876e-01
    outer loop
      vertex  7.073170e+01 -4.000000e+01  6.696165e+01
      vertex  7.145538e+01 -2.500000e+01  6.684703e+01
      vertex  7.145538e+01 -4.000000e+01  6.684703e+01
    endloop
  endfacet
  facet normal -2.588187e-01  0.000000e+00 -9.659259e-01
    outer loop
      vertex  7.145538e+01 -4.000000e+01  6.684703e+01
      vertex  7.145538e+01 -2.500000e+01  6.684703e+01
      vertex  7.216312e+01 -2.500000e+01  6.665739e+01
    endloop
  endfacet
  facet normal -2.588187e-01  -0.000000e+00 -9.659259e-01
    outer loop
      vertex  7.145538e+01 -4.000000e+01  6.684703e+01
      vertex  7.216312e+01 -2.500000e+01  6.665739e+01
      vertex  7.216312e+01 -4.000000e+01  6.665739e+01
    endloop
  endfacet
  facet normal -3.583635e-01  0.000000e+00 -9.335820e-01
    outer loop
      vertex  7.216312e+01 -4.000000e+01  6.665739e+01
      vertex  7.216312e+01 -2.500000e+01  6.665739e+01
      vertex  7.284715e+01 -2.500000e+01  6.639482e+01
    endloop
  endfacet
  facet normal -3.583635e-01  -0.000000e+00 -9.335820e-01
    outer loop
      vertex  7.216312e+01 -4.000000e+01  6.665739e+01
      vertex  7.284715e+01 -2.500000e+01  6.639482e+01
      vertex  7.284715e+01 -4.000000e+01  6.639482e+01
    endloop
  endfacet
  facet normal -4.539897e-01  0.000000e+00 -8.910069e-01
    outer loop
      vertex  7.284715e+01 -4.000000e+01  6.639482e+01
      vertex  7.284715e+01 -2.500000e+01  6.639482e+01
      vertex  7.350000e+01 -2.500000e+01  6.606218e+01
    endloop
  endfacet
  facet normal -4.539897e-01  -0.000000e+00 -8.910069e-01
    outer loop
      vertex  7.284715e+01 -4.000000e+01  6.639482e+01
      vertex  7.350000e+01 -2.500000e+01  6.606218e+01
      vertex  7.350000e+01 -4.000000e+01  6.606218e+01
    endloop
  endfacet
  facet normal -5.446447e-01  0.000000e+00 -8.386670e-01
    outer loop
      vertex  7.350000e+01 -4.000000e+01  6.606218e+01
      vertex  7.350000e+01 -2.500000e+01  6.606218e+01
      vertex  7.411449e+01 -2.500000e+01  6.566312e+01
    endloop
  endfacet
  facet normal -5.446447e-01  -0.000000e+00 -8.386670e-01
    outer loop
      vertex  7.350000e+01 -4.000000e+01  6.606218e+01
      vertex  7.411449e+01 -2.500000e+01  6.566312e+01
      vertex  7.411449e+01 -4.000000e+01  6.566312e+01
    endloop
  endfacet
  facet normal -6.293189e-01  0.000000e+00 -7.771471e-01
    outer loop
      vertex  7.411449e+01 -4.000000e+01  6.566312e+01
      vertex  7.411449e+01 -2.500000e+01  6.566312e+01
      vertex  7.468391e+01 -2.500000e+01  6.520201e+01
    endloop
  endfacet
  facet normal -6.293189e-01  -0.000000e+00 -7.771471e-01
    outer loop
      vertex  7.411449e+01 -4.000000e+01  6.566312e+01
      vertex  7.468391e+01 -2.500000e+01  6.520201e+01
      vertex  7.468391e+01 -4.000000e+01  6.520201e+01
    endloop
  endfacet
  facet normal -7.071068e-01  0.000000e+00 -7.071068e-01
    outer loop
      vertex  7.468391e+01 -4.000000e+01  6.520201e+01
      vertex  7.468391e+01 -2.500000e+01  6.520201e+01
      vertex  7.520201e+01 -2.500000e+01  6.468391e+01
    endloop
  endfacet
  facet normal -7.071068e-01  -0.000000e+00 -7.071068e-01
    outer loop
      vertex  7.468391e+01 -4.000000e+01  6.520201e+01
      vertex  7.520201e+01 -2.500000e+01  6.468391e+01
      vertex  7.520201e+01 -4.000000e+01  6.468391e+01
    endloop
  endfacet
  facet normal -7.771471e-01  0.000000e+00 -6.293189e-01
    outer loop
      vertex  7.520201e+01 -4.000000e+01  6.468391e+01
      vertex  7.520201e+01 -2.500000e+01  6.468391e+01
      vertex  7.566312e+01 -2.500000e+01  6.411449e+01
    endloop
  endfacet
  facet normal -7.771471e-01  -0.000000e+00 -6.293189e-01
    outer loop
      vertex  7.520201e+01 -4.000000e+01  6.468391e+01
      vertex  7.566312e+01 -2.500000e+01  6.411449e+01
      vertex  7.566312e+01 -4.000000e+01  6.411449e+01
    endloop
  endfacet
  facet normal -8.386670e-01  0.000000e+00 -5.446447e-01
    outer loop
      vertex  7.566312e+01 -4.000000e+01  6.411449e+01
      vertex  7.566312e+01 -2.500000e+01  6.411449e+01
      vertex  7.606218e+01 -2.500000e+01  6.350000e+01
    endloop
  endfacet
  facet normal -8.386670e-01  -0.000000e+00 -5.446447e-01
    outer loop
      vertex  7.566312e+01 -4.000000e+01  6.411449e+01
      vertex  7.606218e+01 -2.500000e+01  6.350000e+01
      vertex  7.606218e+01 -4.000000e+01  6.350000e+01
    endloop
  endfacet
  facet normal -8.910058e-01  0.000000e+00 -4.539918e-01
    outer loop
      vertex  7.606218e+01 -4.000000e+01  6.350000e+01
      vertex  7.606218e+01 -2.500000e+01  6.350000e+01
      vertex  7.639482e+01 -2.500000e+01  6.284716e+01
    endloop
  endfacet
  facet normal -8.910058e-01  -0.000000e+00 -4.539918e-01
    outer loop
      vertex  7.606218e+01 -4.000000e+01  6.350000e+01
      vertex  7.639482e+01 -2.500000e+01  6.284716e+01
      vertex  7.639482e+01 -4.000000e+01  6.284716e+01
    endloop
  endfacet
  facet normal -9.335820e-01  0.000000e+00 -3.583635e-01
    outer loop
      vertex  7.639482e+01 -4.000000e+01  6.284716e+01
      vertex  7.639482e+01 -2.500000e+01  6.284716e+01
      vertex  7.665739e+01 -2.500000e+01  6.216312e+01
    endloop
  endfacet
  facet normal -9.335820e-01  -0.000000e+00 -3.583635e-01
    outer loop
      vertex  7.639482e+01 -4.000000e+01  6.284716e+01
      vertex  7.665739e+01 -2.500000e+01  6.216312e+01
      vertex  7.665739e+01 -4.000000e+01  6.216312e+01
    endloop
  endfacet
  facet normal -9.659262e-01  0.000000e+00 -2.588173e-01
    outer loop
      vertex  7.665739e+01 -4.000000e+01  6.216312e+01
      vertex  7.665739e+01 -2.500000e+01  6.216312e+01
      vertex  7.684703e+01 -2.500000e+01  6.145538e+01
    endloop
  endfacet
  facet normal -9.659262e-01  -0.000000e+00 -2.588173e-01
    outer loop
      vertex  7.665739e+01 -4.000000e+01  6.216312e+01
      vertex  7.684703e+01 -2.500000e+01  6.145538e+01
      vertex  7.684703e+01 -4.000000e+01  6.145538e+01
    endloop
  endfacet
  facet normal -9.876874e-01  0.000000e+00 -1.564398e-01
    outer loop
      vertex  7.684703e+01 -4.000000e+01  6.145538e+01
      vertex  7.684703e+01 -2.500000e+01  6.145538e+01
      vertex  7.696165e+01 -2.500000e+01  6.073170e+01
    endloop
  endfacet
  facet normal -9.876874e-01  -0.000000e+00 -1.564398e-01
    outer loop
      vertex  7.684703e+01 -4.000000e+01  6.145538e+01
      vertex  7.696165e+01 -2.500000e+01  6.073170e+01
      vertex  7.696165e+01 -4.000000e+01  6.073170e+01
    endloop
  endfacet
  facet normal -9.986296e-01  0.000000e+00 -5.233394e-02
    outer loop
      vertex  7.696165e+01 -4.000000e+01  6.073170e+01
      vertex  7.696165e+01 -2.500000e+01  6.073170e+01
      vertex  7.700000e+01 -2.500000e+01  6.000000e+01
    endloop
  endfacet
  facet normal -9.986296e-01  -0.000000e+00 -5.233394e-02
    outer loop
      vertex  7.696165e+01 -4.000000e+01  6.073170e+01
      vertex  7.700000e+01 -2.500000e+01  6.000000e+01
      vertex  7.700000e+01 -4.000000e+01  6.000000e+01
    endloop
  endfacet
  facet normal -5.233421e-02  0.000000e+00 -9.986296e-01
    outer loop
      vertex  7.073170e+01 -2.500000e+01  6.696165e+01
      vertex  7.000000e+01 -4.000000e+01  6.700000e+01
      vertex  7.000000e+01 -2.500000e+01  6.700000e+01
    endloop
  endfacet
  facet normal  5.233421e-02  0.000000e+00 -9.986296e-01
    outer loop
      vertex  7.000000e+01 -2.500000e+01  6.700000e+01
      vertex  7.000000e+01 -4.000000e+01  6.700000e+01
      vertex  6.926830e+01 -4.000000e+01  6.696165e+01
    endloop
  endfacet
  facet normal  5.233421e-02  0.000000e+00 -9.986296e-01
    outer loop
      vertex  7.000000e+01 -2.500000e+01  6.700000e+01
      vertex  6.926830e+01 -4.000000e+01  6.696165e+01
      vertex  6.926830e+01 -2.500000e+01  6.696165e+01
    endloop
  endfacet
  facet normal  1.564390e-01  0.000000e+00 -9.876876e-01
    outer loop
      vertex  6.926830e+01 -2.500000e+01  6.696165e+01
      vertex  6.926830e+01 -4.000000e+01  6.696165e+01
      vertex  6.854462e+01 -4.000000e+01  6.684703e+01
    endloop
  endfacet
  facet normal  1.564390e-01  0.000000e+00 -9.876876e-01
    outer loop
      vertex  6.926830e+01 -2.500000e+01  6.696165e+01
      vertex  6.854462e+01 -4.000000e+01  6.684703e+01
      vertex  6.854462e+01 -2.500000e+01  6.684703e+01
    endloop
  endfacet
  facet normal  2.588187e-01  0.000000e+00 -9.659259e-01
    outer loop
      vertex  6.854462e+01 -2.500000e+01  6.684703e+01
      vertex  6.854462e+01 -4.000000e+01  6.684703e+01
      vertex  6.783688e+01 -4.000000e+01  6.665739e+01
    endloop
  endfacet
  facet normal  2.588187e-01  0.000000e+00 -9.659259e-01
    outer loop
      vertex  6.854462e+01 -2.500000e+01  6.684703e+01
      vertex  6.783688e+01 -4.000000e+01  6.665739e+01
      vertex  6.783688e+01 -2.500000e+01  6.665739e+01
    endloop
  endfacet
  facet normal  3.583635e-01  0.000000e+00 -9.335820e-01
    outer loop
      vertex  6.783688e+01 -2.500000e+01  6.665739e+01
      vertex  6.783688e+01 -4.000000e+01  6.665739e+01
      vertex  6.715285e+01 -4.000000e+01  6.639482e+01
    endloop
  endfacet
  facet normal  3.583635e-01  0.000000e+00 -9.335820e-01
    outer loop
      vertex  6.783688e+01 -2.500000e+01  6.665739e+01
      vertex  6.715285e+01 -4.000000e+01  6.639482e+01
      vertex  6.715285e+01 -2.500000e+01  6.639482e+01
    endloop
  endfacet
  facet normal  4.539897e-01  0.000000e+00 -8.910069e-01
    outer loop
      vertex  6.715285e+01 -2.500000e+01  6.639482e+01
      vertex  6.715285e+01 -4.000000e+01  6.639482e+01
      vertex  6.650000e+01 -4.000000e+01  6.606218e+01
    endloop
  endfacet
  facet normal  4.539897e-01  0.000000e+00 -8.910069e-01
    outer loop
      vertex  6.715285e+01 -2.500000e+01  6.639482e+01
      vertex  6.650000e+01 -4.000000e+01  6.606218e+01
      vertex  6.650000e+01 -2.500000e+01  6.606218e+01
    endloop
  endfacet
  facet normal  5.446447e-01  0.000000e+00 -8.386670e-01
    outer loop
      vertex  6.650000e+01 -2.500000e+01  6.606218e+01
      vertex  6.650000e+01 -4.000000e+01  6.606218e+01
      vertex  6.588551e+01 -4.000000e+01  6.566312e+01
    endloop
  endfacet
  facet normal  5.446447e-01  0.000000e+00 -8.386670e-01
    outer loop
      vertex  6.650000e+01 -2.500000e+01  6.606218e+01
      vertex  6.588551e+01 -4.000000e+01  6.566312e+01
      vertex  6.588551e+01 -2.500000e+01  6.566312e+01
    endloop
  endfacet
  facet normal  6.293189e-01  0.000000e+00 -7.771471e-01
    outer loop
      vertex  6.588551e+01 -2.500000e+01  6.566312e+01
      vertex  6.588551e+01 -4.000000e+01  6.566312e+01
      vertex  6.531609e+01 -4.000000e+01  6.520201e+01
    endloop
  endfacet
  facet normal  6.293189e-01  0.000000e+00 -7.771471e-01
    outer loop
      vertex  6.588551e+01 -2.500000e+01  6.566312e+01
      vertex  6.531609e+01 -4.000000e+01  6.520201e+01
      vertex  6.531609e+01 -2.500000e+01  6.520201e+01
    endloop
  endfacet
  facet normal  7.071068e-01  0.000000e+00 -7.071068e-01
    outer loop
      vertex  6.531609e+01 -2.500000e+01  6.520201e+01
      vertex  6.531609e+01 -4.000000e+01  6.520201e+01
      vertex  6.479799e+01 -4.000000e+01  6.468391e+01
    endloop
  endfacet
  facet normal  7.071068e-01  0.000000e+00 -7.071068e-01
    outer loop
      vertex  6.531609e+01 -2.500000e+01  6.520201e+01
      vertex  6.479799e+01 -4.000000e+01  6.468391e+01
      vertex  6.479799e+01 -2.500000e+01  6.468391e+01
    endloop
  endfacet
  facet normal  7.771471e-01  0.000000e+00 -6.293189e-01
    outer loop
      vertex  6.479799e+01 -2.500000e+01  6.468391e+01
      vertex  6.479799e+01 -4.000000e+01  6.468391e+01
      vertex  6.433688e+01 -4.000000e+01  6.411449e+01
    endloop
  endfacet
  facet normal  7.771471e-01  0.000000e+00 -6.293189e-01
    outer loop
      vertex  6.479799e+01 -2.500000e+01  6.468391e+01
      vertex  6.433688e+01 -4.000000e+01  6.411449e+01
      vertex  6.433688e+01 -2.500000e+01  6.411449e+01
    endloop
  endfacet
  facet normal  8.386670e-01  0.000000e+00 -5.446447e-01
    outer loop
      vertex  6.433688e+01 -2.500000e+01  6.411449e+01
      vertex  6.433688e+01 -4.000000e+01  6.411449e+01
      vertex  6.393782e+01 -4.000000e+01  6.350000e+01
    endloop
  endfacet
  facet normal  8.386670e-01  0.000000e+00 -5.446447e-01
    outer loop
      vertex  6.433688e+01 -2.500000e+01  6.411449e+01
      vertex  6.393782e+01 -4.000000e+01  6.350000e+01
      vertex  6.393782e+01 -2.500000e+01  6.350000e+01
    endloop
  endfacet
  facet normal  8.910080e-01  0.000000e+00 -4.539877e-01
    outer loop
      vertex  6.393782e+01 -2.500000e+01  6.350000e+01
      vertex  6.393782e+01 -4.000000e+01  6.350000e+01
      vertex  6.360518e+01 -4.000000e+01  6.284716e+01
    endloop
  endfacet
  facet normal  8.910080e-01  0.000000e+00 -4.539877e-01
    outer loop
      vertex  6.393782e+01 -2.500000e+01  6.350000e+01
      vertex  6.360518e+01 -4.000000e+01  6.284716e+01
      vertex  6.360518e+01 -2.500000e+01  6.284716e+01
    endloop
  endfacet
  facet normal  9.335803e-01  0.000000e+00 -3.583681e-01
    outer loop
      vertex  6.360518e+01 -2.500000e+01  6.284716e+01
      vertex  6.360518e+01 -4.000000e+01  6.284716e+01
      vertex  6.334261e+01 -4.000000e+01  6.216312e+01
    endloop
  endfacet
  facet normal  9.335803e-01  0.000000e+00 -3.583681e-01
    outer loop
      vertex  6.360518e+01 -2.500000e+01  6.284716e+01
      vertex  6.334261e+01 -4.000000e+01  6.216312e+01
      vertex  6.334261e+01 -2.500000e+01  6.216312e+01
    endloop
  endfacet
  facet normal  9.659250e-01  0.000000e+00 -2.588222e-01
    outer loop
      vertex  6.334261e+01 -2.500000e+01  6.216312e+01
      vertex  6.334261e+01 -4.000000e+01  6.216312e+01
      vertex  6.315297e+01 -4.000000e+01  6.145538e+01
    endloop
  endfacet
  facet normal  9.659250e-01  0.000000e+00 -2.588222e-01
    outer loop
      vertex  6.334261e+01 -2.500000e+01  6.216312e+01
      vertex  6.315297e+01 -4.000000e+01  6.145538e+01
      vertex  6.315297e+01 -2.500000e+01  6.145538e+01
    endloop
  endfacet
  facet normal  9.876883e-01  0.000000e+00 -1.564347e-01
    outer loop
      vertex  6.315297e+01 -2.500000e+01  6.145538e+01
      vertex  6.315297e+01 -4.000000e+01  6.145538e+01
      vertex  6.303835e+01 -4.000000e+01  6.073170e+01
    endloop
  endfacet
  facet normal  9.876883e-01  0.000000e+00 -1.564347e-01
    outer loop
      vertex  6.315297e+01 -2.500000e+01  6.145538e+01
      vertex  6.303835e+01 -4.000000e+01  6.073170e+01
      vertex  6.303835e+01 -2.500000e+01  6.073170e+01
    endloop
  endfacet
  facet normal  9.986296e-01  0.000000e+00 -5.233394e-02
    outer loop
      vertex  6.303835e+01 -2.500000e+01  6.073170e+01
      vertex  6.303835e+01 -4.000000e+01  6.073170e+01
      vertex  6.300000e+01 -4.000000e+01  6.000000e+01
    endloop
  endfacet
  facet normal  9.986296e-01  0.000000e+00 -5.233394e-02
    outer loop
      vertex  6.303835e+01 -2.500000e+01  6.073170e+01
      vertex  6.300000e+01 -4.000000e+01  6.000000e+01
      vertex  6.300000e+01 -2.500000e+01  6.000000e+01
    endloop
  endfacet
  facet normal  5.233421e-02  0.000000e+00  9.986296e-01
    outer loop
      vertex  7.000000e+01 -4.000000e+01  5.300000e+01
      vertex  6.926830e+01 -2.500000e+01  5.303835e+01
      vertex  6.926830e+01 -4.000000e+01  5.303835e+01
    endloop
  endfacet
  facet normal  1.564339e-01  -0.000000e+00  9.876884e-01
    outer loop
      vertex  6.926830e+01 -4.000000e+01  5.303835e+01
      vertex  6.926830e+01 -2.500000e+01  5.303835e+01
      vertex  6.854462e+01 -2.500000e+01  5.315297e+01
    endloop
  endfacet
  facet normal  1.564339e-01  0.000000e+00  9.876884e-01
    outer loop
      vertex  6.926830e+01 -4.000000e+01  5.303835e+01
      vertex  6.854462e+01 -2.500000e+01  5.315297e+01
      vertex  6.854462e+01 -4.000000e+01  5.315297e+01
    endloop
  endfacet
  facet normal  2.588235e-01  -0.000000e+00  9.659246e-01
    outer loop
      vertex  6.854462e+01 -4.000000e+01  5.315297e+01
      vertex  6.854462e+01 -2.500000e+01  5.315297e+01
      vertex  6.783688e+01 -2.500000e+01  5.334261e+01
    endloop
  endfacet
  facet normal  2.588235e-01  0.000000e+00  9.659246e-01
    outer loop
      vertex  6.854462e+01 -4.000000e+01  5.315297e+01
      vertex  6.783688e+01 -2.500000e+01  5.334261e+01
      vertex  6.783688e+01 -4.000000e+01  5.334261e+01
    endloop
  endfacet
  facet normal  3.583681e-01  -0.000000e+00  9.335803e-01
    outer loop
      vertex  6.783688e+01 -4.000000e+01  5.334261e+01
      vertex  6.783688e+01 -2.500000e+01  5.334261e+01
      vertex  6.715285e+01 -2.500000e+01  5.360518e+01
    endloop
  endfacet
  facet normal  3.583681e-01  0.000000e+00  9.335803e-01
    outer loop
      vertex  6.783688e+01 -4.000000e+01  5.334261e+01
      vertex  6.715285e+01 -2.500000e+01  5.360518e+01
      vertex  6.715285e+01 -4.000000e+01  5.360518e+01
    endloop
  endfacet
  facet normal  4.539856e-01  -0.000000e+00  8.910091e-01
    outer loop
      vertex  6.715285e+01 -4.000000e+01  5.360518e+01
      vertex  6.715285e+01 -2.500000e+01  5.360518e+01
      vertex  6.650000e+01 -2.500000e+01  5.393782e+01
    endloop
  endfacet
  facet normal  4.539856e-01  0.000000e+00  8.910091e-01
    outer loop
      vertex  6.715285e+01 -4.000000e+01  5.360518e+01
      vertex  6.650000e+01 -2.500000e+01  5.393782e+01
      vertex  6.650000e+01 -4.000000e+01  5.393782e+01
    endloop
  endfacet
  facet normal  5.446410e-01  -0.000000e+00  8.386694e-01
    outer loop
      vertex  6.650000e+01 -4.000000e+01  5.393782e+01
      vertex  6.650000e+01 -2.500000e+01  5.393782e+01
      vertex  6.588551e+01 -2.500000e+01  5.433688e+01
    endloop
  endfacet
  facet normal  5.446410e-01  0.000000e+00  8.386694e-01
    outer loop
      vertex  6.650000e+01 -4.000000e+01  5.393782e+01
      vertex  6.588551e+01 -2.500000e+01  5.433688e+01
      vertex  6.588551e+01 -4.000000e+01  5.433688e+01
    endloop
  endfacet
  facet normal  6.293189e-01  -0.000000e+00  7.771471e-01
    outer loop
      vertex  6.588551e+01 -4.000000e+01  5.433688e+01
      vertex  6.588551e+01 -2.500000e+01  5.433688e+01
      vertex  6.531609e+01 -2.500000e+01  5.479799e+01
    endloop
  endfacet
  facet normal  6.293189e-01  0.000000e+00  7.771471e-01
    outer loop
      vertex  6.588551e+01 -4.000000e+01  5.433688e+01
      vertex  6.531609e+01 -2.500000e+01  5.479799e+01
      vertex  6.531609e+01 -4.000000e+01  5.479799e+01
    endloop
  endfacet
  facet normal  7.071094e-01  -0.000000e+00  7.071042e-01
    outer loop
      vertex  6.531609e+01 -4.000000e+01  5.479799e+01
      vertex  6.531609e+01 -2.500000e+01  5.479799e+01
      vertex  6.479799e+01 -2.500000e+01  5.531609e+01
    endloop
  endfacet
  facet normal  7.071094e-01  0.000000e+00  7.071042e-01
    outer loop
      vertex  6.531609e+01 -4.000000e+01  5.479799e+01
      vertex  6.479799e+01 -2.500000e+01  5.531609e+01
      vertex  6.479799e+01 -4.000000e+01  5.531609e+01
    endloop
  endfacet
  facet normal  7.771451e-01  -0.000000e+00  6.293215e-01
    outer loop
      vertex  6.479799e+01 -4.000000e+01  5.531609e+01
      vertex  6.479799e+01 -2.500000e+01  5.531609e+01
      vertex  6.433688e+01 -2.500000e+01  5.588550e+01
    endloop
  endfacet
  facet normal  7.771451e-01  0.000000e+00  6.293215e-01
    outer loop
      vertex  6.479799e+01 -4.000000e+01  5.531609e+01
      vertex  6.433688e+01 -2.500000e+01  5.588550e+01
      vertex  6.433688e+01 -4.000000e+01  5.588550e+01
    endloop
  endfacet
  facet normal  8.386685e-01  -0.000000e+00  5.446423e-01
    outer loop
      vertex  6.433688e+01 -4.000000e+01  5.588550e+01
      vertex  6.433688e+01 -2.500000e+01  5.588550e+01
      vertex  6.393782e+01 -2.500000e+01  5.650000e+01
    endloop
  endfacet
  facet normal  8.386685e-01  0.000000e+00  5.446423e-01
    outer loop
      vertex  6.433688e+01 -4.000000e+01  5.588550e+01
      vertex  6.393782e+01 -2.500000e+01  5.650000e+01
      vertex  6.393782e+01 -4.000000e+01  5.650000e+01
    endloop
  endfacet
  facet normal  8.910080e-01  -0.000000e+00  4.539877e-01
    outer loop
      vertex  6.393782e+01 -4.000000e+01  5.650000e+01
      vertex  6.393782e+01 -2.500000e+01  5.650000e+01
      vertex  6.360518e+01 -2.500000e+01  5.715284e+01
    endloop
  endfacet
  facet normal  8.910080e-01  0.000000e+00  4.539877e-01
    outer loop
      vertex  6.393782e+01 -4.000000e+01  5.650000e+01
      vertex  6.360518e+01 -2.500000e+01  5.715284e+01
      vertex  6.360518e+01 -4.000000e+01  5.715284e+01
    endloop
  endfacet
  facet normal  9.335803e-01  -0.000000e+00  3.583681e-01
    outer loop
      vertex  6.360518e+01 -4.000000e+01  5.715284e+01
      vertex  6.360518e+01 -2.500000e+01  5.715284e+01
      vertex  6.334261e+01 -2.500000e+01  5.783688e+01
    endloop
  endfacet
  facet normal  9.335803e-01  0.000000e+00  3.583681e-01
    outer loop
      vertex  6.360518e+01 -4.000000e+01  5.715284e+01
      vertex  6.334261e+01 -2.500000e+01  5.783688e+01
      vertex  6.334261e+01 -4.000000e+01  5.783688e+01
    endloop
  endfacet
  facet normal  9.659250e-01  -0.000000e+00  2.588222e-01
    outer loop
      vertex  6.334261e+01 -4.000000e+01  5.783688e+01
      vertex  6.334261e+01 -2.500000e+01  5.783688e+01
      vertex  6.315297e+01 -2.500000e+01  5.854462e+01
    endloop
  endfacet
  facet normal  9.659250e-01  0.000000e+00  2.588222e-01
    outer loop
      vertex  6.334261e+01 -4.000000e+01  5.783688e+01
      vertex  6.315297e+01 -2.500000e+01  5.854462e+01
      vertex  6.315297e+01 -4.000000e+01  5.854462e+01
    endloop
  endfacet
  facet normal  9.876883e-01  -0.000000e+00  1.564347e-01
    outer loop
      vertex  6.315297e+01 -4.000000e+01  5.854462e+01
      vertex  6.315297e+01 -2.500000e+01  5.854462e+01
      vertex  6.303835e+01 -2.500000e+01  5.926830e+01
    endloop
  endfacet
  facet normal  9.876883e-01  0.000000e+00  1.564347e-01
    outer loop
      vertex  6.315297e+01 -4.000000e+01  5.854462e+01
      vertex  6.303835e+01 -2.500000e+01  5.926830e+01
      vertex  6.303835e+01 -4.000000e+01  5.926830e+01
    endloop
  endfacet
  facet normal  9.986296e-01  -0.000000e+00  5.233394e-02
    outer loop
      vertex  6.303835e+01 -4.000000e+01  5.926830e+01
      vertex  6.303835e+01 -2.500000e+01  5.926830e+01
      vertex  6.300000e+01 -2.500000e+01  6.000000e+01
    endloop
  endfacet
  facet normal  9.986296e-01  0.000000e+00  5.233394e-02
    outer loop
      vertex  6.303835e+01 -4.000000e+01  5.926830e+01
      vertex  6.300000e+01 -2.500000e+01  6.000000e+01
      vertex  6.300000e+01 -4.000000e+01  6.000000e+01
    endloop
  endfacet
  facet normal  5.233421e-02  -0.000000e+00  9.986296e-01
    outer loop
      vertex  6.926830e+01 -2.500000e+01  5.303835e+01
      vertex  7.000000e+01 -4.000000e+01  5.300000e+01
      vertex  7.000000e+01 -2.500000e+01  5.300000e+01
    endloop
  endfacet
  facet normal -5.233421e-02  0.000000e+00  9.986296e-01
    outer loop
      vertex  7.000000e+01 -2.500000e+01  5.300000e+01
      vertex  7.000000e+01 -4.000000e+01  5.300000e+01
      vertex  7.073170e+01 -4.000000e+01  5.303835e+01
    endloop
  endfacet
  facet normal -5.233421e-02  0.000000e+00  9.986296e-01
    outer loop
      vertex  7.000000e+01 -2.500000e+01  5.300000e+01
      vertex  7.073170e+01 -4.000000e+01  5.303835e+01
      vertex  7.073170e+01 -2.500000e+01  5.303835e+01
    endloop
  endfacet
  facet normal -1.564339e-01  0.000000e+00  9.876884e-01
    outer loop
      vertex  7.073170e+01 -2.500000e+01  5.303835e+01
      vertex  7.073170e+01 -4.000000e+01  5.303835e+01
      vertex  7.145538e+01 -4.000000e+01  5.315297e+01
    endloop
  endfacet
  facet normal -1.564339e-01  0.000000e+00  9.876884e-01
    outer loop
      vertex  7.073170e+01 -2.500000e+01  5.303835e+01
      vertex  7.145538e+01 -4.000000e+01  5.315297e+01
      vertex  7.145538e+01 -2.500000e+01  5.315297e+01
    endloop
  endfacet
  facet normal -2.588235e-01  0.000000e+00  9.659246e-01
    outer loop
      vertex  7.145538e+01 -2.500000e+01  5.315297e+01
      vertex  7.145538e+01 -4.000000e+01  5.315297e+01
      vertex  7.216312e+01 -4.000000e+01  5.334261e+01
    endloop
  endfacet
  facet normal -2.588235e-01  0.000000e+00  9.659246e-01
    outer loop
      vertex  7.145538e+01 -2.500000e+01  5.315297e+01
      vertex  7.216312e+01 -4.000000e+01  5.334261e+01
      vertex  7.216312e+01 -2.500000e+01  5.334261e+01
    endloop
  endfacet
  facet normal -3.583681e-01  0.000000e+00  9.335803e-01
    outer loop
      vertex  7.216312e+01 -2.500000e+01  5.334261e+01
      vertex  7.216312e+01 -4.000000e+01  5.334261e+01
      vertex  7.284715e+01 -4.000000e+01  5.360518e+01
    endloop
  endfacet
  facet normal -3.583681e-01  0.000000e+00  9.335803e-01
    outer loop
      vertex  7.216312e+01 -2.500000e+01  5.334261e+01
      vertex  7.284715e+01 -4.000000e+01  5.360518e+01
      vertex  7.284715e+01 -2.500000e+01  5.360518e+01
    endloop
  endfacet
  facet normal -4.539856e-01  0.000000e+00  8.910091e-01
    outer loop
      vertex  7.284715e+01 -2.500000e+01  5.360518e+01
      vertex  7.284715e+01 -4.000000e+01  5.360518e+01
      vertex  7.350000e+01 -4.000000e+01  5.393782e+01
    endloop
  endfacet
  facet normal -4.539856e-01  0.000000e+00  8.910091e-01
    outer loop
      vertex  7.284715e+01 -2.500000e+01  5.360518e+01
      vertex  7.350000e+01 -4.000000e+01  5.393782e+01
      vertex  7.350000e+01 -2.500000e+01  5.393782e+01
    endloop
  endfacet
  facet normal -5.446410e-01  0.000000e+00  8.386694e-01
    outer loop
      vertex  7.350000e+01 -2.500000e+01  5.393782e+01
      vertex  7.350000e+01 -4.000000e+01  5.393782e+01
      vertex  7.411449e+01 -4.000000e+01  5.433688e+01
    endloop
  endfacet
  facet normal -5.446410e-01  0.000000e+00  8.386694e-01
    outer loop
      vertex  7.350000e+01 -2.500000e+01  5.393782e+01
      vertex  7.411449e+01 -4.000000e+01  5.433688e+01
      vertex  7.411449e+01 -2.500000e+01  5.433688e+01
    endloop
  endfacet
  facet normal -6.293189e-01  0.000000e+00  7.771471e-01
    outer loop
      vertex  7.411449e+01 -2.500000e+01  5.433688e+01
      vertex  7.411449e+01 -4.000000e+01  5.433688e+01
      vertex  7.468391e+01 -4.000000e+01  5.479799e+01
    endloop
  endfacet
  facet normal -6.293189e-01  0.000000e+00  7.771471e-01
    outer loop
      vertex  7.411449e+01 -2.500000e+01  5.433688e+01
      vertex  7.468391e+01 -4.000000e+01  5.479799e+01
      vertex  7.468391e+01 -2.500000e+01  5.479799e+01
    endloop
  endfacet
  facet normal -7.071094e-01  0.000000e+00  7.071042e-01
    outer loop
      vertex  7.468391e+01 -2.500000e+01  5.479799e+01
      vertex  7.468391e+01 -4.000000e+01  5.479799e+01
      vertex  7.520201e+01 -4.000000e+01  5.531609e+01
    endloop
  endfacet
  facet normal -7.071094e-01  0.000000e+00  7.071042e-01
    outer loop
      vertex  7.468391e+01 -2.500000e+01  5.479799e+01
      vertex  7.520201e+01 -4.000000e+01  5.531609e+01
      vertex  7.520201e+01 -2.500000e+01  5.531609e+01
    endloop
  endfacet
  facet normal -7.771451e-01  0.000000e+00  6.293215e-01
    outer loop
      vertex  7.520201e+01 -2.500000e+01  5.531609e+01
      vertex  7.520201e+01 -4.000000e+01  5.531609e+01
      vertex  7.566312e+01 -4.000000e+01  5.588550e+01
    endloop
  endfacet
  facet normal -7.771451e-01  0.000000e+00  6.293215e-01
    outer loop
      vertex  7.520201e+01 -2.500000e+01  5.531609e+01
      vertex  7.566312e+01 -4.000000e+01  5.588550e+01
      vertex  7.566312e+01 -2.500000e+01  5.588550e+01
    endloop
  endfacet
  facet normal -8.386685e-01  0.000000e+00  5.446423e-01
    outer loop
      vertex  7.566312e+01 -2.500000e+01  5.588550e+01
      vertex  7.566312e+01 -4.000000e+01  5.588550e+01
      vertex  7.606218e+01 -4.000000e+01  5.650000e+01
    endloop
  endfacet
  facet normal -8.386685e-01  0.000000e+00  5.446423e-01
    outer loop
      vertex  7.566312e+01 -2.500000e+01  5.588550e+01
      vertex  7.606218e+01 -4.000000e+01  5.650000e+01
      vertex  7.606218e+01 -2.500000e+01  5.650000e+01
    endloop
  endfacet
  facet normal -8.910058e-01  0.000000e+00  4.539918e-01
    outer loop
      vertex  7.606218e+01 -2.500000e+01  5.650000e+01
      vertex  7.606218e+01 -4.000000e+01  5.650000e+01
      vertex  7.639482e+01 -4.000000e+01  5.715284e+01
    endloop
  endfacet
  facet normal -8.910058e-01  0.000000e+00  4.539918e-01
    outer loop
      vertex  7.606218e+01 -2.500000e+01  5.650000e+01
      vertex  7.639482e+01 -4.000000e+01  5.715284e+01
      vertex  7.639482e+01 -2.500000e+01  5.715284e+01
    endloop
  endfacet
  facet normal -9.335820e-01  0.000000e+00  3.583635e-01
    outer loop
      vertex  7.639482e+01 -2.500000e+01  5.715284e+01
      vertex  7.639482e+01 -4.000000e+01  5.715284e+01
      vertex  7.665739e+01 -4.000000e+01  5.783688e+01
    endloop
  endfacet
  facet normal -9.335820e-01  0.000000e+00  3.583635e-01
    outer loop
      vertex  7.639482e+01 -2.500000e+01  5.715284e+01
      vertex  7.665739e+01 -4.000000e+01  5.783688e+01
      vertex  7.665739e+01 -2.500000e+01  5.783688e+01
    endloop
  endfacet
  facet normal -9.659262e-01  0.000000e+00  2.588173e-01
    outer loop
      vertex  7.665739e+01 -2.500000e+01  5.783688e+01
      vertex  7.665739e+01 -4.000000e+01  5.783688e+01
      vertex  7.684703e+01 -4.000000e+01  5.854462e+01
    endloop
  endfacet
  facet normal -9.659262e-01  0.000000e+00  2.588173e-01
    outer loop
      vertex  7.665739e+01 -2.500000e+01  5.783688e+01
      vertex  7.684703e+01 -4.000000e+01  5.854462e+01
      vertex  7.684703e+01 -2.500000e+01  5.854462e+01
    endloop
  endfacet
  facet normal -9.876874e-01  0.000000e+00  1.564398e-01
    outer loop
      vertex  7.684703e+01 -2.500000e+01  5.854462e+01
      vertex  7.684703e+01 -4.000000e+01  5.854462e+01
      vertex  7.696165e+01 -4.000000e+01  5.926830e+01
    endloop
  endfacet
  facet normal -9.876874e-01  0.000000e+00  1.564398e-01
    outer loop
      vertex  7.684703e+01 -2.500000e+01  5.854462e+01
      vertex  7.696165e+01 -4.000000e+01  5.926830e+01
      vertex  7.696165e+01 -2.500000e+01  5.926830e+01
    endloop
  endfacet
  facet normal -9.986296e-01  0.000000e+00  5.233394e-02
    outer loop
      vertex  7.696165e+01 -2.500000e+01  5.926830e+01
      vertex  7.696165e+01 -4.000000e+01  5.926830e+01
      vertex  7.700000e+01 -4.000000e+01  6.000000e+01
    endloop
  endfacet
  facet normal -9.986296e-01  0.000000e+00  5.233394e-02
    outer loop
      vertex  7.696165e+01 -2.500000e+01  5.926830e+01
      vertex  7.700000e+01 -4.000000e+01  6.000000e+01
      vertex  7.700000e+01 -2.500000e+01  6.000000e+01
    endloop
  endfacet
  facet normal  9.991891e-01  0.000000e+00  4.026346e-02
    outer loop
      vertex  8.200000e+01 -4.000000e+01  6.000000e+01
      vertex  8.200000e+01 -2.500000e+01  6.000000e+01
      vertex  8.196109e+01 -4.000000e+01  6.096560e+01
    endloop
  endfacet
  facet normal  9.991891e-01  -0.000000e+00  4.026346e-02
    outer loop
      vertex  8.196109e+01 -4.000000e+01  6.096560e+01
      vertex  8.200000e+01 -2.500000e+01  6.000000e+01
      vertex  8.196109e+01 -2.500000e+01  6.096560e+01
    endloop
  endfacet
  facet normal  9.927087e-01  0.000000e+00  1.205379e-01
    outer loop
      vertex  8.196109e+01 -4.000000e+01  6.096560e+01
      vertex  8.196109e+01 -2.500000e+01  6.096560e+01
      vertex  8.184460e+01 -4.000000e+01  6.192493e+01
    endloop
  endfacet
  facet normal  9.927087e-01  -0.000000e+00  1.205379e-01
    outer loop
      vertex  8.184460e+01 -4.000000e+01  6.192493e+01
      vertex  8.196109e+01 -2.500000e+01  6.096560e+01
      vertex  8.184460e+01 -2.500000e+01  6.192493e+01
    endloop
  endfacet
  facet normal  9.797898e-01  0.000000e+00  2.000301e-01
    outer loop
      vertex  8.184460e+01 -4.000000e+01  6.192493e+01
      vertex  8.184460e+01 -2.500000e+01  6.192493e+01
      vertex  8.165130e+01 -4.000000e+01  6.287179e+01
    endloop
  endfacet
  facet normal  9.797898e-01  -0.000000e+00  2.000301e-01
    outer loop
      vertex  8.165130e+01 -4.000000e+01  6.287179e+01
      vertex  8.184460e+01 -2.500000e+01  6.192493e+01
      vertex  8.165130e+01 -2.500000e+01  6.287179e+01
    endloop
  endfacet
  facet normal  9.605193e-01  0.000000e+00  2.782134e-01
    outer loop
      vertex  8.165130e+01 -4.000000e+01  6.287179e+01
      vertex  8.165130e+01 -2.500000e+01  6.287179e+01
      vertex  8.138244e+01 -4.000000e+01  6.380001e+01
    endloop
  endfacet
  facet normal  9.605193e-01  -0.000000e+00  2.782134e-01
    outer loop
      vertex  8.138244e+01 -4.000000e+01  6.380001e+01
      vertex  8.165130e+01 -2.500000e+01  6.287179e+01
      vertex  8.138244e+01 -2.500000e+01  6.380001e+01
    endloop
  endfacet
  facet normal  9.350169e-01  0.000000e+00  3.546029e-01
    outer loop
      vertex  8.138244e+01 -4.000000e+01  6.380001e+01
      vertex  8.138244e+01 -2.500000e+01  6.380001e+01
      vertex  8.103976e+01 -4.000000e+01  6.470360e+01
    endloop
  endfacet
  facet normal  9.350169e-01  -0.000000e+00  3.546029e-01
    outer loop
      vertex  8.103976e+01 -4.000000e+01  6.470360e+01
      vertex  8.138244e+01 -2.500000e+01  6.380001e+01
      vertex  8.103976e+01 -2.500000e+01  6.470360e+01
    endloop
  endfacet
  facet normal  9.034491e-01  0.000000e+00  4.286954e-01
    outer loop
      vertex  8.103976e+01 -4.000000e+01  6.470360e+01
      vertex  8.103976e+01 -2.500000e+01  6.470360e+01
      vertex  8.062547e+01 -4.000000e+01  6.557668e+01
    endloop
  endfacet
  facet normal  9.034491e-01  -0.000000e+00  4.286954e-01
    outer loop
      vertex  8.062547e+01 -4.000000e+01  6.557668e+01
      vertex  8.103976e+01 -2.500000e+01  6.470360e+01
      vertex  8.062547e+01 -2.500000e+01  6.557668e+01
    endloop
  endfacet
  facet normal  8.660254e-01  0.000000e+00  4.999999e-01
    outer loop
      vertex  8.062547e+01 -4.000000e+01  6.557668e+01
      vertex  8.062547e+01 -2.500000e+01  6.557668e+01
      vertex  8.014228e+01 -4.000000e+01  6.641359e+01
    endloop
  endfacet
  facet normal  8.660254e-01  -0.000000e+00  4.999999e-01
    outer loop
      vertex  8.014228e+01 -4.000000e+01  6.641359e+01
      vertex  8.062547e+01 -2.500000e+01  6.557668e+01
      vertex  8.014228e+01 -2.500000e+01  6.641359e+01
    endloop
  endfacet
  facet normal  8.229855e-01  0.000000e+00  5.680624e-01
    outer loop
      vertex  8.014228e+01 -4.000000e+01  6.641359e+01
      vertex  8.014228e+01 -2.500000e+01  6.641359e+01
      vertex  7.959332e+01 -4.000000e+01  6.720891e+01
    endloop
  endfacet
  facet normal  8.229855e-01  -0.000000e+00  5.680624e-01
    outer loop
      vertex  7.959332e+01 -4.000000e+01  6.720891e+01
      vertex  8.014228e+01 -2.500000e+01  6.641359e+01
      vertex  7.959332e+01 -2.500000e+01  6.720891e+01
    endloop
  endfacet
  facet normal  7.746058e-01  0.000000e+00  6.324443e-01
    outer loop
      vertex  7.959332e+01 -4.000000e+01  6.720891e+01
      vertex  7.959332e+01 -2.500000e+01  6.720891e+01
      vertex  7.898213e+01 -4.000000e+01  6.795747e+01
    endloop
  endfacet
  facet normal  7.746058e-01  -0.000000e+00  6.324443e-01
    outer loop
      vertex  7.898213e+01 -4.000000e+01  6.795747e+01
      vertex  7.959332e+01 -2.500000e+01  6.720891e+01
      vertex  7.898213e+01 -2.500000e+01  6.795747e+01
    endloop
  endfacet
  facet normal  7.211978e-01  0.000000e+00  6.927291e-01
    outer loop
      vertex  7.898213e+01 -4.000000e+01  6.795747e+01
      vertex  7.898213e+01 -2.500000e+01  6.795747e+01
      vertex  7.831269e+01 -4.000000e+01  6.865443e+01
    endloop
  endfacet
  facet normal  7.211978e-01  -0.000000e+00  6.927291e-01
    outer loop
      vertex  7.831269e+01 -4.000000e+01  6.865443e+01
      vertex  7.898213e+01 -2.500000e+01  6.795747e+01
      vertex  7.831269e+01 -2.500000e+01  6.865443e+01
    endloop
  endfacet
  facet normal  6.631256e-01  0.000000e+00  7.485082e-01
    outer loop
      vertex  7.831269e+01 -4.000000e+01  6.865443e+01
      vertex  7.831269e+01 -2.500000e+01  6.865443e+01
      vertex  7.758935e+01 -4.000000e+01  6.929526e+01
    endloop
  endfacet
  facet normal  6.631256e-01  -0.000000e+00  7.485082e-01
    outer loop
      vertex  7.758935e+01 -4.000000e+01  6.929526e+01
      vertex  7.831269e+01 -2.500000e+01  6.865443e+01
      vertex  7.758935e+01 -2.500000e+01  6.929526e+01
    endloop
  endfacet
  facet normal  6.007450e-01  0.000000e+00  7.994407e-01
    outer loop
      vertex  7.758935e+01 -4.000000e+01  6.929526e+01
      vertex  7.758935e+01 -2.500000e+01  6.929526e+01
      vertex  7.681678e+01 -4.000000e+01  6.987581e+01
    endloop
  endfacet
  facet normal  6.007450e-01  -0.000000e+00  7.994407e-01
    outer loop
      vertex  7.681678e+01 -4.000000e+01  6.987581e+01
      vertex  7.758935e+01 -2.500000e+01  6.929526e+01
      vertex  7.681678e+01 -2.500000e+01  6.987581e+01
    endloop
  endfacet
  facet normal  5.344616e-01  0.000000e+00  8.451927e-01
    outer loop
      vertex  7.681678e+01 -4.000000e+01  6.987581e+01
      vertex  7.681678e+01 -2.500000e+01  6.987581e+01
      vertex  7.600000e+01 -4.000000e+01  7.039230e+01
    endloop
  endfacet
  facet normal  5.344616e-01  -0.000000e+00  8.451927e-01
    outer loop
      vertex  7.600000e+01 -4.000000e+01  7.039230e+01
      vertex  7.681678e+01 -2.500000e+01  6.987581e+01
      vertex  7.600000e+01 -2.500000e+01  7.039230e+01
    endloop
  endfacet
  facet normal  4.647260e-01  0.000000e+00  8.854545e-01
    outer loop
      vertex  7.600000e+01 -4.000000e+01  7.039230e+01
      vertex  7.600000e+01 -2.500000e+01  7.039230e+01
      vertex  7.514431e+01 -4.000000e+01  7.084141e+01
    endloop
  endfacet
  facet normal  4.647260e-01  -0.000000e+00  8.854545e-01
    outer loop
      vertex  7.514431e+01 -4.000000e+01  7.084141e+01
      vertex  7.600000e+01 -2.500000e+01  7.039230e+01
      vertex  7.514431e+01 -2.500000e+01  7.084141e+01
    endloop
  endfacet
  facet normal  3.919613e-01  0.000000e+00  9.199817e-01
    outer loop
      vertex  7.514431e+01 -4.000000e+01  7.084141e+01
      vertex  7.514431e+01 -2.500000e+01  7.084141e+01
      vertex  7.425526e+01 -4.000000e+01  7.122019e+01
    endloop
  endfacet
  facet normal  3.919613e-01  -0.000000e+00  9.199817e-01
    outer loop
      vertex  7.425526e+01 -4.000000e+01  7.122019e+01
      vertex  7.514431e+01 -2.500000e+01  7.084141e+01
      vertex  7.425526e+01 -2.500000e+01  7.122019e+01
    endloop
  endfacet
  facet normal  3.166683e-01  0.000000e+00  9.485364e-01
    outer loop
      vertex  7.425526e+01 -4.000000e+01  7.122019e+01
      vertex  7.425526e+01 -2.500000e+01  7.122019e+01
      vertex  7.333861e+01 -4.000000e+01  7.152621e+01
    endloop
  endfacet
  facet normal  3.166683e-01  -0.000000e+00  9.485364e-01
    outer loop
      vertex  7.333861e+01 -4.000000e+01  7.152621e+01
      vertex  7.425526e+01 -2.500000e+01  7.122019e+01
      vertex  7.333861e+01 -2.500000e+01  7.152621e+01
    endloop
  endfacet
  facet normal  2.393151e-01  0.000000e+00  9.709420e-01
    outer loop
      vertex  7.333861e+01 -4.000000e+01  7.152621e+01
      vertex  7.333861e+01 -2.500000e+01  7.152621e+01
      vertex  7.240031e+01 -4.000000e+01  7.175748e+01
    endloop
  endfacet
  facet normal  2.393151e-01  -0.000000e+00  9.709420e-01
    outer loop
      vertex  7.240031e+01 -4.000000e+01  7.175748e+01
      vertex  7.333861e+01 -2.500000e+01  7.152621e+01
      vertex  7.240031e+01 -2.500000e+01  7.175748e+01
    endloop
  endfacet
  facet normal  1.604148e-01  0.000000e+00  9.870497e-01
    outer loop
      vertex  7.240031e+01 -4.000000e+01  7.175748e+01
      vertex  7.240031e+01 -2.500000e+01  7.175748e+01
      vertex  7.144644e+01 -4.000000e+01  7.191251e+01
    endloop
  endfacet
  facet normal  1.604148e-01  -0.000000e+00  9.870497e-01
    outer loop
      vertex  7.144644e+01 -4.000000e+01  7.191251e+01
      vertex  7.240031e+01 -2.500000e+01  7.175748e+01
      vertex  7.144644e+01 -2.500000e+01  7.191251e+01
    endloop
  endfacet
  facet normal  8.046377e-02  0.000000e+00  9.967575e-01
    outer loop
      vertex  7.144644e+01 -4.000000e+01  7.191251e+01
      vertex  7.144644e+01 -2.500000e+01  7.191251e+01
      vertex  7.048319e+01 -4.000000e+01  7.199026e+01
    endloop
  endfacet
  facet normal  8.046377e-02  -0.000000e+00  9.967575e-01
    outer loop
      vertex  7.048319e+01 -4.000000e+01  7.199026e+01
      vertex  7.144644e+01 -2.500000e+01  7.191251e+01
      vertex  7.048319e+01 -2.500000e+01  7.199026e+01
    endloop
  endfacet
  facet normal  0.000000e+00  0.000000e+00  1.000000e+00
    outer loop
      vertex  7.048319e+01 -4.000000e+01  7.199026e+01
      vertex  7.048319e+01 -2.500000e+01  7.199026e+01
      vertex  6.951681e+01 -4.000000e+01  7.199026e+01
    endloop
  endfacet
  facet normal  0.000000e+00  0.000000e+00  1.000000e+00
    outer loop
      vertex  6.951681e+01 -4.000000e+01  7.199026e+01
      vertex  7.048319e+01 -2.500000e+01  7.199026e+01
      vertex  6.951681e+01 -2.500000e+01  7.199026e+01
    endloop
  endfacet
  facet normal -8.046377e-02  0.000000e+00  9.967575e-01
    outer loop
      vertex  6.951681e+01 -4.000000e+01  7.199026e+01
      vertex  6.951681e+01 -2.500000e+01  7.199026e+01
      vertex  6.855356e+01 -4.000000e+01  7.191251e+01
    endloop
  endfacet
  facet normal -8.046377e-02  0.000000e+00  9.967575e-01
    outer loop
      vertex  6.855356e+01 -4.000000e+01  7.191251e+01
      vertex  6.951681e+01 -2.500000e+01  7.199026e+01
      vertex  6.855356e+01 -2.500000e+01  7.191251e+01
    endloop
  endfacet
  facet normal -1.604148e-01  0.000000e+00  9.870497e-01
    outer loop
      vertex  6.855356e+01 -4.000000e+01  7.191251e+01
      vertex  6.855356e+01 -2.500000e+01  7.191251e+01
      vertex  6.759969e+01 -4.000000e+01  7.175748e+01
    endloop
  endfacet
  facet normal -1.604148e-01  0.000000e+00  9.870497e-01
    outer loop
      vertex  6.759969e+01 -4.000000e+01  7.175748e+01
      vertex  6.855356e+01 -2.500000e+01  7.191251e+01
      vertex  6.759969e+01 -2.500000e+01  7.175748e+01
    endloop
  endfacet
  facet normal -2.393151e-01  0.000000e+00  9.709420e-01
    outer loop
      vertex  6.759969e+01 -4.000000e+01  7.175748e+01
      vertex  6.759969e+01 -2.500000e+01  7.175748e+01
      vertex  6.666139e+01 -4.000000e+01  7.152621e+01
    endloop
  endfacet
  facet normal -2.393151e-01  0.000000e+00  9.709420e-01
    outer loop
      vertex  6.666139e+01 -4.000000e+01  7.152621e+01
      vertex  6.759969e+01 -2.500000e+01  7.175748e+01
      vertex  6.666139e+01 -2.500000e+01  7.152621e+01
    endloop
  endfacet
  facet normal -3.166683e-01  0.000000e+00  9.485364e-01
    outer loop
      vertex  6.666139e+01 -4.000000e+01  7.152621e+01
      vertex  6.666139e+01 -2.500000e+01  7.152621e+01
      vertex  6.574474e+01 -4.000000e+01  7.122019e+01
    endloop
  endfacet
  facet normal -3.166683e-01  0.000000e+00  9.485364e-01
    outer loop
      vertex  6.574474e+01 -4.000000e+01  7.122019e+01
      vertex  6.666139e+01 -2.500000e+01  7.152621e+01
      vertex  6.574474e+01 -2.500000e+01  7.122019e+01
    endloop
  endfacet
  facet normal -3.919613e-01  0.000000e+00  9.199817e-01
    outer loop
      vertex  6.574474e+01 -4.000000e+01  7.122019e+01
      vertex  6.574474e+01 -2.500000e+01  7.122019e+01
      vertex  6.485569e+01 -4.000000e+01  7.084141e+01
    endloop
  endfacet
  facet normal -3.919613e-01  0.000000e+00  9.199817e-01
    outer loop
      vertex  6.485569e+01 -4.000000e+01  7.084141e+01
      vertex  6.574474e+01 -2.500000e+01  7.122019e+01
      vertex  6.485569e+01 -2.500000e+01  7.084141e+01
    endloop
  endfacet
  facet normal -4.647260e-01  0.000000e+00  8.854545e-01
    outer loop
      vertex  6.485569e+01 -4.000000e+01  7.084141e+01
      vertex  6.485569e+01 -2.500000e+01  7.084141e+01
      vertex  6.400000e+01 -4.000000e+01  7.039230e+01
    endloop
  endfacet
  facet normal -4.647260e-01  0.000000e+00  8.854545e-01
    outer loop
      vertex  6.400000e+01 -4.000000e+01  7.039230e+01
      vertex  6.485569e+01 -2.500000e+01  7.084141e+01
      vertex  6.400000e+01 -2.500000e+01  7.039230e+01
    endloop
  endfacet
  facet normal -5.344634e-01  0.000000e+00  8.451917e-01
    outer loop
      vertex  6.400000e+01 -4.000000e+01  7.039230e+01
      vertex  6.400000e+01 -2.500000e+01  7.039230e+01
      vertex  6.318322e+01 -4.000000e+01  6.987581e+01
    endloop
  endfacet
  facet normal -5.344634e-01  0.000000e+00  8.451917e-01
    outer loop
      vertex  6.318322e+01 -4.000000e+01  6.987581e+01
      vertex  6.400000e+01 -2.500000e+01  7.039230e+01
      vertex  6.318322e+01 -2.500000e+01  6.987581e+01
    endloop
  endfacet
  facet normal -6.007450e-01  0.000000e+00  7.994407e-01
    outer loop
      vertex  6.318322e+01 -4.000000e+01  6.987581e+01
      vertex  6.318322e+01 -2.500000e+01  6.987581e+01
      vertex  6.241066e+01 -4.000000e+01  6.929526e+01
    endloop
  endfacet
  facet normal -6.007450e-01  0.000000e+00  7.994407e-01
    outer loop
      vertex  6.241066e+01 -4.000000e+01  6.929526e+01
      vertex  6.318322e+01 -2.500000e+01  6.987581e+01
      vertex  6.241066e+01 -2.500000e+01  6.929526e+01
    endloop
  endfacet
  facet normal -6.631236e-01  0.000000e+00  7.485098e-01
    outer loop
      vertex  6.241066e+01 -4.000000e+01  6.929526e+01
      vertex  6.241066e+01 -2.500000e+01  6.929526e+01
      vertex  6.168731e+01 -4.000000e+01  6.865443e+01
    endloop
  endfacet
  facet normal -6.631236e-01  0.000000e+00  7.485098e-01
    outer loop
      vertex  6.168731e+01 -4.000000e+01  6.865443e+01
      vertex  6.241066e+01 -2.500000e+01  6.929526e+01
      vertex  6.168731e+01 -2.500000e+01  6.865443e+01
    endloop
  endfacet
  facet normal -7.211998e-01  0.000000e+00  6.927271e-01
    outer loop
      vertex  6.168731e+01 -4.000000e+01  6.865443e+01
      vertex  6.168731e+01 -2.500000e+01  6.865443e+01
      vertex  6.101787e+01 -4.000000e+01  6.795747e+01
    endloop
  endfacet
  facet normal -7.211998e-01  0.000000e+00  6.927271e-01
    outer loop
      vertex  6.101787e+01 -4.000000e+01  6.795747e+01
      vertex  6.168731e+01 -2.500000e+01  6.865443e+01
      vertex  6.101787e+01 -2.500000e+01  6.795747e+01
    endloop
  endfacet
  facet normal -7.746058e-01  0.000000e+00  6.324443e-01
    outer loop
      vertex  6.101787e+01 -4.000000e+01  6.795747e+01
      vertex  6.101787e+01 -2.500000e+01  6.795747e+01
      vertex  6.040669e+01 -4.000000e+01  6.720891e+01
    endloop
  endfacet
  facet normal -7.746058e-01  0.000000e+00  6.324443e-01
    outer loop
      vertex  6.040669e+01 -4.000000e+01  6.720891e+01
      vertex  6.101787e+01 -2.500000e+01  6.795747e+01
      vertex  6.040669e+01 -2.500000e+01  6.720891e+01
    endloop
  endfacet
  facet normal -8.229836e-01  0.000000e+00  5.680650e-01
    outer loop
      vertex  6.040669e+01 -4.000000e+01  6.720891e+01
      vertex  6.040669e+01 -2.500000e+01  6.720891e+01
      vertex  5.985772e+01 -4.000000e+01  6.641359e+01
    endloop
  endfacet
  facet normal -8.229836e-01  0.000000e+00  5.680650e-01
    outer loop
      vertex  5.985772e+01 -4.000000e+01  6.641359e+01
      vertex  6.040669e+01 -2.500000e+01  6.720891e+01
      vertex  5.985772e+01 -2.500000e+01  6.641359e+01
    endloop
  endfacet
  facet normal -8.660254e-01  0.000000e+00  4.999999e-01
    outer loop
      vertex  5.985772e+01 -4.000000e+01  6.641359e+01
      vertex  5.985772e+01 -2.500000e+01  6.641359e+01
      vertex  5.937453e+01 -4.000000e+01  6.557668e+01
    endloop
  endfacet
  facet normal -8.660254e-01  0.000000e+00  4.999999e-01
    outer loop
      vertex  5.937453e+01 -4.000000e+01  6.557668e+01
      vertex  5.985772e+01 -2.500000e+01  6.641359e+01
      vertex  5.937453e+01 -2.500000e+01  6.557668e+01
    endloop
  endfacet
  facet normal -9.034505e-01  0.000000e+00  4.286922e-01
    outer loop
      vertex  5.937453e+01 -4.000000e+01  6.557668e+01
      vertex  5.937453e+01 -2.500000e+01  6.557668e+01
      vertex  5.896025e+01 -4.000000e+01  6.470360e+01
    endloop
  endfacet
  facet normal -9.034505e-01  0.000000e+00  4.286922e-01
    outer loop
      vertex  5.896025e+01 -4.000000e+01  6.470360e+01
      vertex  5.937453e+01 -2.500000e+01  6.557668e+01
      vertex  5.896025e+01 -2.500000e+01  6.470360e+01
    endloop
  endfacet
  facet normal -9.350156e-01  0.000000e+00  3.546064e-01
    outer loop
      vertex  5.896025e+01 -4.000000e+01  6.470360e+01
      vertex  5.896025e+01 -2.500000e+01  6.470360e+01
      vertex  5.861756e+01 -4.000000e+01  6.380001e+01
    endloop
  endfacet
  facet normal -9.350156e-01  0.000000e+00  3.546064e-01
    outer loop
      vertex  5.861756e+01 -4.000000e+01  6.380001e+01
      vertex  5.896025e+01 -2.500000e+01  6.470360e+01
      vertex  5.861756e+01 -2.500000e+01  6.380001e+01
    endloop
  endfacet
  facet normal -9.605182e-01  0.000000e+00  2.782171e-01
    outer loop
      vertex  5.861756e+01 -4.000000e+01  6.380001e+01
      vertex  5.861756e+01 -2.500000e+01  6.380001e+01
      vertex  5.834870e+01 -4.000000e+01  6.287179e+01
    endloop
  endfacet
  facet normal -9.605182e-01  0.000000e+00  2.782171e-01
    outer loop
      vertex  5.834870e+01 -4.000000e+01  6.287179e+01
      vertex  5.861756e+01 -2.500000e+01  6.380001e+01
      vertex  5.834870e+01 -2.500000e+01  6.287179e+01
    endloop
  endfacet
  facet normal -9.797905e-01  0.000000e+00  2.000263e-01
    outer loop
      vertex  5.834870e+01 -4.000000e+01  6.287179e+01
      vertex  5.834870e+01 -2.500000e+01  6.287179e+01
      vertex  5.815540e+01 -4.000000e+01  6.192493e+01
    endloop
  endfacet
  facet normal -9.797905e-01  0.000000e+00  2.000263e-01
    outer loop
      vertex  5.815540e+01 -4.000000e+01  6.192493e+01
      vertex  5.834870e+01 -2.500000e+01  6.287179e+01
      vertex  5.815540e+01 -2.500000e+01  6.192493e+01
    endloop
  endfacet
  facet normal -9.927092e-01  0.000000e+00  1.205340e-01
    outer loop
      vertex  5.815540e+01 -4.000000e+01  6.192493e+01
      vertex  5.815540e+01 -2.500000e+01  6.192493e+01
      vertex  5.803891e+01 -4.000000e+01  6.096560e+01
    endloop
  endfacet
  facet normal -9.927092e-01  0.000000e+00  1.205340e-01
    outer loop
      vertex  5.803891e+01 -4.000000e+01  6.096560e+01
      vertex  5.815540e+01 -2.500000e+01  6.192493e+01
      vertex  5.803891e+01 -2.500000e+01  6.096560e+01
    endloop
  endfacet
  facet normal -9.991890e-01  0.000000e+00  4.026740e-02
    outer loop
      vertex  5.803891e+01 -4.000000e+01  6.096560e+01
      vertex  5.803891e+01 -2.500000e+01  6.096560e+01
      vertex  5.800000e+01 -4.000000e+01  6.000000e+01
    endloop
  endfacet
  facet normal -9.991890e-01  0.000000e+00  4.026740e-02
    outer loop
      vertex  5.800000e+01 -4.000000e+01  6.000000e+01
      vertex  5.803891e+01 -2.500000e+01  6.096560e+01
      vertex  5.800000e+01 -2.500000e+01  6.000000e+01
    endloop
  endfacet
  facet normal  0.000000e+00  1.000000e+00  0.000000e+00
    outer loop
      vertex  8.200000e+01 -3.000000e+01  1.000000e+01
      vertex  8.200000e+01 -3.000000e+01  2.000000e+01
      vertex  1.250000e+02 -3.000000e+01  1.000000e+01
    endloop
  endfacet
  facet normal  0.000000e+00  1.000000e+00  -0.000000e+00
    outer loop
      vertex  1.250000e+02 -3.000000e+01  1.000000e+01
      vertex  8.200000e+01 -3.000000e+01  2.000000e+01
      vertex  1.250000e+02 -3.000000e+01  2.000000e+01
    endloop
  endfacet
  facet normal  0.000000e+00  1.000000e+00  0.000000e+00
    outer loop
      vertex  2.000000e+01 -3.000000e+01  1.000000e+01
      vertex  2.000000e+01 -3.000000e+01  2.000000e+01
      vertex  5.800000e+01 -3.000000e+01  1.000000e+01
    endloop
  endfacet
  facet normal  0.000000e+00  1.000000e+00  -0.000000e+00
    outer loop
      vertex  5.800000e+01 -3.000000e+01  1.000000e+01
      vertex  2.000000e+01 -3.000000e+01  2.000000e+01
      vertex  5.800000e+01 -3.000000e+01  2.000000e+01
    endloop
  endfacet
  facet normal  0.000000e+00  0.000000e+00  1.000000e+00
    outer loop
      vertex  8.200000e+01 -3.000000e+01  2.000000e+01
      vertex  8.200000e+01 -4.000000e+01  2.000000e+01
      vertex  1.250000e+02 -3.000000e+01  2.000000e+01
    endloop
  endfacet
  facet normal  0.000000e+00  0.000000e+00  1.000000e+00
    outer loop
      vertex  1.250000e+02 -3.000000e+01  2.000000e+01
      vertex  8.200000e+01 -4.000000e+01  2.000000e+01
      vertex  1.250000e+02 -4.000000e+01  2.000000e+01
    endloop
  endfacet
  facet normal  0.000000e+00  0.000000e+00  1.000000e+00
    outer loop
      vertex  2.000000e+01 -3.000000e+01  2.000000e+01
      vertex  2.000000e+01 -4.000000e+01  2.000000e+01
      vertex  5.800000e+01 -3.000000e+01  2.000000e+01
    endloop
  endfacet
  facet normal  0.000000e+00  0.000000e+00  1.000000e+00
    outer loop
      vertex  5.800000e+01 -3.000000e+01  2.000000e+01
      vertex  2.000000e+01 -4.000000e+01  2.000000e+01
      vertex  5.800000e+01 -4.000000e+01  2.000000e+01
    endloop
  endfacet
  facet normal  0.000000e+00  1.000000e+00  0.000000e+00
    outer loop
      vertex  7.216312e+01 -2.500000e+01  6.665739e+01
      vertex  8.014228e+01 -2.500000e+01  6.641359e+01
      vertex  7.284715e+01 -2.500000e+01  6.639482e+01
    endloop
  endfacet
  facet normal  0.000000e+00  9.999999e-01  0.000000e+00
    outer loop
      vertex  7.566312e+01 -2.500000e+01  6.411449e+01
      vertex  8.138244e+01 -2.500000e+01  6.380001e+01
      vertex  7.606218e+01 -2.500000e+01  6.350000e+01
    endloop
  endfacet
  facet normal  0.000000e+00  1.000000e+00  -0.000000e+00
    outer loop
      vertex  6.783688e+01 -2.500000e+01  6.665739e+01
      vertex  6.715285e+01 -2.500000e+01  6.639482e+01
      vertex  5.985772e+01 -2.500000e+01  6.641359e+01
    endloop
  endfacet
  facet normal  0.000000e+00  1.000000e+00  -0.000000e+00
    outer loop
      vertex  7.000000e+01 -2.500000e+01  6.700000e+01
      vertex  6.926830e+01 -2.500000e+01  6.696165e+01
      vertex  6.040669e+01 -2.500000e+01  6.720891e+01
    endloop
  endfacet
  facet normal  -0.000000e+00  1.000000e+00  0.000000e+00
    outer loop
      vertex  7.000000e+01 -2.500000e+01  6.700000e+01
      vertex  6.040669e+01 -2.500000e+01  6.720891e+01
      vertex  6.101787e+01 -2.500000e+01  6.795747e+01
    endloop
  endfacet
  facet normal  -0.000000e+00  1.000000e+00  0.000000e+00
    outer loop
      vertex  7.000000e+01 -2.500000e+01  6.700000e+01
      vertex  6.101787e+01 -2.500000e+01  6.795747e+01
      vertex  6.168731e+01 -2.500000e+01  6.865443e+01
    endloop
  endfacet
  facet normal  -0.000000e+00  1.000000e+00  0.000000e+00
    outer loop
      vertex  7.000000e+01 -2.500000e+01  6.700000e+01
      vertex  6.168731e+01 -2.500000e+01  6.865443e+01
      vertex  6.241066e+01 -2.500000e+01  6.929526e+01
    endloop
  endfacet
  facet normal  -0.000000e+00  1.000000e+00  0.000000e+00
    outer loop
      vertex  7.000000e+01 -2.500000e+01  6.700000e+01
      vertex  6.241066e+01 -2.500000e+01  6.929526e+01
      vertex  6.318322e+01 -2.500000e+01  6.987581e+01
    endloop
  endfacet
  facet normal  -0.000000e+00  1.000000e+00  0.000000e+00
    outer loop
      vertex  7.000000e+01 -2.500000e+01  6.700000e+01
      vertex  6.318322e+01 -2.500000e+01  6.987581e+01
      vertex  6.400000e+01 -2.500000e+01  7.039230e+01
    endloop
  endfacet
  facet normal  -0.000000e+00  9.999999e-01  0.000000e+00
    outer loop
      vertex  7.000000e+01 -2.500000e+01  6.700000e+01
      vertex  6.400000e+01 -2.500000e+01  7.039230e+01
      vertex  6.485569e+01 -2.500000e+01  7.084141e+01
    endloop
  endfacet
  facet normal  -0.000000e+00  9.999999e-01  0.000000e+00
    outer loop
      vertex  7.000000e+01 -2.500000e+01  6.700000e+01
      vertex  6.485569e+01 -2.500000e+01  7.084141e+01
      vertex  6.574474e+01 -2.500000e+01  7.122019e+01
    endloop
  endfacet
  facet normal  -0.000000e+00  1.000000e+00  0.000000e+00
    outer loop
      vertex  7.000000e+01 -2.500000e+01  6.700000e+01
      vertex  6.574474e+01 -2.500000e+01  7.122019e+01
      vertex  6.666139e+01 -2.500000e+01  7.152621e+01
    endloop
  endfacet
  facet normal  -0.000000e+00  9.999999e-01  0.000000e+00
    outer loop
      vertex  7.000000e+01 -2.500000e+01  6.700000e+01
      vertex  6.666139e+01 -2.500000e+01  7.152621e+01
      vertex  6.759969e+01 -2.500000e+01  7.175748e+01
    endloop
  endfacet
  facet normal  -0.000000e+00  1.000000e+00  0.000000e+00
    outer loop
      vertex  7.000000e+01 -2.500000e+01  6.700000e+01
      vertex  6.759969e+01 -2.500000e+01  7.175748e+01
      vertex  6.855356e+01 -2.500000e+01  7.191251e+01
    endloop
  endfacet
  facet normal  -0.000000e+00  1.000000e+00  0.000000e+00
    outer loop
      vertex  7.000000e+01 -2.500000e+01  6.700000e+01
      vertex  6.855356e+01 -2.500000e+01  7.191251e+01
      vertex  6.951681e+01 -2.500000e+01  7.199026e+01
    endloop
  endfacet
  facet normal  -0.000000e+00  1.000000e+00  0.000000e+00
    outer loop
      vertex  7.000000e+01 -2.500000e+01  6.700000e+01
      vertex  6.951681e+01 -2.500000e+01  7.199026e+01
      vertex  7.048319e+01 -2.500000e+01  7.199026e+01
    endloop
  endfacet
  facet normal  0.000000e+00  1.000000e+00  0.000000e+00
    outer loop
      vertex  7.000000e+01 -2.500000e+01  6.700000e+01
      vertex  7.048319e+01 -2.500000e+01  7.199026e+01
      vertex  7.144644e+01 -2.500000e+01  7.191251e+01
    endloop
  endfacet
  facet normal  0.000000e+00  1.000000e+00  0.000000e+00
    outer loop
      vertex  7.000000e+01 -2.500000e+01  6.700000e+01
      vertex  7.144644e+01 -2.500000e+01  7.191251e+01
      vertex  7.240031e+01 -2.500000e+01  7.175748e+01
    endloop
  endfacet
  facet normal  0.000000e+00  9.999999e-01  0.000000e+00
    outer loop
      vertex  7.000000e+01 -2.500000e+01  6.700000e+01
      vertex  7.240031e+01 -2.500000e+01  7.175748e+01
      vertex  7.333861e+01 -2.500000e+01  7.152621e+01
    endloop
  endfacet
  facet normal  0.000000e+00  1.000000e+00  0.000000e+00
    outer loop
      vertex  7.000000e+01 -2.500000e+01  6.700000e+01
      vertex  7.333861e+01 -2.500000e+01  7.152621e+01
      vertex  7.425526e+01 -2.500000e+01  7.122019e+01
    endloop
  endfacet
  facet normal  0.000000e+00  9.999999e-01  0.000000e+00
    outer loop
      vertex  7.000000e+01 -2.500000e+01  6.700000e+01
      vertex  7.425526e+01 -2.500000e+01  7.122019e+01
      vertex  7.514431e+01 -2.500000e+01  7.084141e+01
    endloop
  endfacet
  facet normal  0.000000e+00  9.999999e-01  0.000000e+00
    outer loop
      vertex  7.000000e+01 -2.500000e+01  6.700000e+01
      vertex  7.514431e+01 -2.500000e+01  7.084141e+01
      vertex  7.600000e+01 -2.500000e+01  7.039230e+01
    endloop
  endfacet
  facet normal  0.000000e+00  1.000000e+00  0.000000e+00
    outer loop
      vertex  7.000000e+01 -2.500000e+01  6.700000e+01
      vertex  7.600000e+01 -2.500000e+01  7.039230e+01
      vertex  7.681678e+01 -2.500000e+01  6.987581e+01
    endloop
  endfacet
  facet normal  0.000000e+00  1.000000e+00  0.000000e+00
    outer loop
      vertex  7.000000e+01 -2.500000e+01  6.700000e+01
      vertex  7.681678e+01 -2.500000e+01  6.987581e+01
      vertex  7.758935e+01 -2.500000e+01  6.929526e+01
    endloop
  endfacet
  facet normal  0.000000e+00  1.000000e+00  0.000000e+00
    outer loop
      vertex  7.000000e+01 -2.500000e+01  6.700000e+01
      vertex  7.758935e+01 -2.500000e+01  6.929526e+01
      vertex  7.831269e+01 -2.500000e+01  6.865443e+01
    endloop
  endfacet
  facet normal  0.000000e+00  1.000000e+00  0.000000e+00
    outer loop
      vertex  7.000000e+01 -2.500000e+01  6.700000e+01
      vertex  7.831269e+01 -2.500000e+01  6.865443e+01
      vertex  7.898213e+01 -2.500000e+01  6.795747e+01
    endloop
  endfacet
  facet normal  0.000000e+00  9.999999e-01  0.000000e+00
    outer loop
      vertex  7.000000e+01 -2.500000e+01  6.700000e+01
      vertex  7.898213e+01 -2.500000e+01  6.795747e+01
      vertex  7.959332e+01 -2.500000e+01  6.720891e+01
    endloop
  endfacet
  facet normal  0.000000e+00  1.000000e+00  0.000000e+00
    outer loop
      vertex  7.000000e+01 -2.500000e+01  6.700000e+01
      vertex  7.959332e+01 -2.500000e+01  6.720891e+01
      vertex  7.073170e+01 -2.500000e+01  6.696165e+01
    endloop
  endfacet
  facet normal  0.000000e+00  1.000000e+00  0.000000e+00
    outer loop
      vertex  8.062547e+01 -2.500000e+01  6.557668e+01
      vertex  8.103976e+01 -2.500000e+01  6.470360e+01
      vertex  7.468391e+01 -2.500000e+01  6.520201e+01
    endloop
  endfacet
  facet normal  0.000000e+00  1.000000e+00  -0.000000e+00
    outer loop
      vertex  8.062547e+01 -2.500000e+01  6.557668e+01
      vertex  7.468391e+01 -2.500000e+01  6.520201e+01
      vertex  7.411449e+01 -2.500000e+01  6.566312e+01
    endloop
  endfacet
  facet normal  -0.000000e+00  1.000000e+00  -0.000000e+00
    outer loop
      vertex  8.062547e+01 -2.500000e+01  6.557668e+01
      vertex  7.411449e+01 -2.500000e+01  6.566312e+01
      vertex  7.350000e+01 -2.500000e+01  6.606218e+01
    endloop
  endfacet
  facet normal  -0.000000e+00  1.000000e+00  -0.000000e+00
    outer loop
      vertex  8.062547e+01 -2.500000e+01  6.557668e+01
      vertex  7.350000e+01 -2.500000e+01  6.606218e+01
      vertex  7.284715e+01 -2.500000e+01  6.639482e+01
    endloop
  endfacet
  facet normal  -0.000000e+00  1.000000e+00  0.000000e+00
    outer loop
      vertex  8.062547e+01 -2.500000e+01  6.557668e+01
      vertex  7.284715e+01 -2.500000e+01  6.639482e+01
      vertex  8.014228e+01 -2.500000e+01  6.641359e+01
    endloop
  endfacet
  facet normal  0.000000e+00  1.000000e+00  0.000000e+00
    outer loop
      vertex  8.200000e+01 -2.500000e+01  1.000000e+01
      vertex  5.800000e+01 -2.500000e+01  1.000000e+01
      vertex  7.000000e+01 -2.500000e+01  5.300000e+01
    endloop
  endfacet
  facet normal  -0.000000e+00  1.000000e+00  0.000000e+00
    outer loop
      vertex  8.200000e+01 -2.500000e+01  1.000000e+01
      vertex  7.000000e+01 -2.500000e+01  5.300000e+01
      vertex  7.073170e+01 -2.500000e+01  5.303835e+01
    endloop
  endfacet
  facet normal  -0.000000e+00  1.000000e+00  0.000000e+00
    outer loop
      vertex  8.200000e+01 -2.500000e+01  1.000000e+01
      vertex  7.073170e+01 -2.500000e+01  5.303835e+01
      vertex  7.145538e+01 -2.500000e+01  5.315297e+01
    endloop
  endfacet
  facet normal  -0.000000e+00  1.000000e+00  0.000000e+00
    outer loop
      vertex  8.200000e+01 -2.500000e+01  1.000000e+01
      vertex  7.145538e+01 -2.500000e+01  5.315297e+01
      vertex  7.216312e+01 -2.500000e+01  5.334261e+01
    endloop
  endfacet
  facet normal  -0.000000e+00  1.000000e+00  0.000000e+00
    outer loop
      vertex  8.200000e+01 -2.500000e+01  1.000000e+01
      vertex  7.216312e+01 -2.500000e+01  5.334261e+01
      vertex  7.284715e+01 -2.500000e+01  5.360518e+01
    endloop
  endfacet
  facet normal  -0.000000e+00  1.000000e+00  0.000000e+00
    outer loop
      vertex  8.200000e+01 -2.500000e+01  1.000000e+01
      vertex  7.284715e+01 -2.500000e+01  5.360518e+01
      vertex  7.350000e+01 -2.500000e+01  5.393782e+01
    endloop
  endfacet
  facet normal  -0.000000e+00  9.999999e-01  0.000000e+00
    outer loop
      vertex  8.200000e+01 -2.500000e+01  1.000000e+01
      vertex  7.350000e+01 -2.500000e+01  5.393782e+01
      vertex  7.411449e+01 -2.500000e+01  5.433688e+01
    endloop
  endfacet
  facet normal  -0.000000e+00  1.000000e+00  0.000000e+00
    outer loop
      vertex  8.200000e+01 -2.500000e+01  1.000000e+01
      vertex  7.411449e+01 -2.500000e+01  5.433688e+01
      vertex  7.468391e+01 -2.500000e+01  5.479799e+01
    endloop
  endfacet
  facet normal  -0.000000e+00  1.000000e+00  0.000000e+00
    outer loop
      vertex  8.200000e+01 -2.500000e+01  1.000000e+01
      vertex  7.468391e+01 -2.500000e+01  5.479799e+01
      vertex  7.520201e+01 -2.500000e+01  5.531609e+01
    endloop
  endfacet
  facet normal  -0.000000e+00  1.000000e+00  0.000000e+00
    outer loop
      vertex  8.200000e+01 -2.500000e+01  1.000000e+01
      vertex  7.520201e+01 -2.500000e+01  5.531609e+01
      vertex  7.566312e+01 -2.500000e+01  5.588550e+01
    endloop
  endfacet
  facet normal  -0.000000e+00  1.000000e+00  0.000000e+00
    outer loop
      vertex  8.200000e+01 -2.500000e+01  1.000000e+01
      vertex  7.566312e+01 -2.500000e+01  5.588550e+01
      vertex  7.606218e+01 -2.500000e+01  5.650000e+01
    endloop
  endfacet
  facet normal  -0.000000e+00  1.000000e+00  0.000000e+00
    outer loop
      vertex  8.200000e+01 -2.500000e+01  1.000000e+01
      vertex  7.606218e+01 -2.500000e+01  5.650000e+01
      vertex  7.639482e+01 -2.500000e+01  5.715284e+01
    endloop
  endfacet
  facet normal  -0.000000e+00  1.000000e+00  0.000000e+00
    outer loop
      vertex  8.200000e+01 -2.500000e+01  1.000000e+01
      vertex  7.639482e+01 -2.500000e+01  5.715284e+01
      vertex  7.665739e+01 -2.500000e+01  5.783688e+01
    endloop
  endfacet
  facet normal  -0.000000e+00  1.000000e+00  0.000000e+00
    outer loop
      vertex  8.200000e+01 -2.500000e+01  1.000000e+01
      vertex  7.665739e+01 -2.500000e+01  5.783688e+01
      vertex  7.684703e+01 -2.500000e+01  5.854462e+01
    endloop
  endfacet
  facet normal  -0.000000e+00  1.000000e+00  0.000000e+00
    outer loop
      vertex  8.200000e+01 -2.500000e+01  1.000000e+01
      vertex  7.684703e+01 -2.500000e+01  5.854462e+01
      vertex  7.696165e+01 -2.500000e+01  5.926830e+01
    endloop
  endfacet
  facet normal  -0.000000e+00  1.000000e+00  0.000000e+00
    outer loop
      vertex  8.200000e+01 -2.500000e+01  1.000000e+01
      vertex  7.696165e+01 -2.500000e+01  5.926830e+01
      vertex  7.700000e+01 -2.500000e+01  6.000000e+01
    endloop
  endfacet
  facet normal  -0.000000e+00  1.000000e+00  0.000000e+00
    outer loop
      vertex  8.200000e+01 -2.500000e+01  1.000000e+01
      vertex  7.700000e+01 -2.500000e+01  6.000000e+01
      vertex  8.200000e+01 -2.500000e+01  6.000000e+01
    endloop
  endfacet
  facet normal  -0.000000e+00  1.000000e+00  0.000000e+00
    outer loop
      vertex  5.800000e+01 -2.500000e+01  1.000000e+01
      vertex  5.800000e+01 -2.500000e+01  6.000000e+01
      vertex  6.300000e+01 -2.500000e+01  6.000000e+01
    endloop
  endfacet
  facet normal  0.000000e+00  1.000000e+00  0.000000e+00
    outer loop
      vertex  5.800000e+01 -2.500000e+01  1.000000e+01
      vertex  6.300000e+01 -2.500000e+01  6.000000e+01
      vertex  6.303835e+01 -2.500000e+01  5.926830e+01
    endloop
  endfacet
  facet normal  0.000000e+00  1.000000e+00  0.000000e+00
    outer loop
      vertex  5.800000e+01 -2.500000e+01  1.000000e+01
      vertex  6.303835e+01 -2.500000e+01  5.926830e+01
      vertex  6.315297e+01 -2.500000e+01  5.854462e+01
    endloop
  endfacet
  facet normal  0.000000e+00  1.000000e+00  0.000000e+00
    outer loop
      vertex  5.800000e+01 -2.500000e+01  1.000000e+01
      vertex  6.315297e+01 -2.500000e+01  5.854462e+01
      vertex  6.334261e+01 -2.500000e+01  5.783688e+01
    endloop
  endfacet
  facet normal  0.000000e+00  1.000000e+00  0.000000e+00
    outer loop
      vertex  5.800000e+01 -2.500000e+01  1.000000e+01
      vertex  6.334261e+01 -2.500000e+01  5.783688e+01
      vertex  6.360518e+01 -2.500000e+01  5.715284e+01
    endloop
  endfacet
  facet normal  0.000000e+00  9.999999e-01  0.000000e+00
    outer loop
      vertex  5.800000e+01 -2.500000e+01  1.000000e+01
      vertex  6.360518e+01 -2.500000e+01  5.715284e+01
      vertex  6.393782e+01 -2.500000e+01  5.650000e+01
    endloop
  endfacet
  facet normal  0.000000e+00  1.000000e+00  0.000000e+00
    outer loop
      vertex  5.800000e+01 -2.500000e+01  1.000000e+01
      vertex  6.393782e+01 -2.500000e+01  5.650000e+01
      vertex  6.433688e+01 -2.500000e+01  5.588550e+01
    endloop
  endfacet
  facet normal  0.000000e+00  1.000000e+00  0.000000e+00
    outer loop
      vertex  5.800000e+01 -2.500000e+01  1.000000e+01
      vertex  6.433688e+01 -2.500000e+01  5.588550e+01
      vertex  6.479799e+01 -2.500000e+01  5.531609e+01
    endloop
  endfacet
  facet normal  0.000000e+00  1.000000e+00  0.000000e+00
    outer loop
      vertex  5.800000e+01 -2.500000e+01  1.000000e+01
      vertex  6.479799e+01 -2.500000e+01  5.531609e+01
      vertex  6.531609e+01 -2.500000e+01  5.479799e+01
    endloop
  endfacet
  facet normal  0.000000e+00  1.000000e+00  0.000000e+00
    outer loop
      vertex  5.800000e+01 -2.500000e+01  1.000000e+01
      vertex  6.531609e+01 -2.500000e+01  5.479799e+01
      vertex  6.588551e+01 -2.500000e+01  5.433688e+01
    endloop
  endfacet
  facet normal  0.000000e+00  9.999999e-01  0.000000e+00
    outer loop
      vertex  5.800000e+01 -2.500000e+01  1.000000e+01
      vertex  6.588551e+01 -2.500000e+01  5.433688e+01
      vertex  6.650000e+01 -2.500000e+01  5.393782e+01
    endloop
  endfacet
  facet normal  0.000000e+00  1.000000e+00  0.000000e+00
    outer loop
      vertex  5.800000e+01 -2.500000e+01  1.000000e+01
      vertex  6.650000e+01 -2.500000e+01  5.393782e+01
      vertex  6.715285e+01 -2.500000e+01  5.360518e+01
    endloop
  endfacet
  facet normal  0.000000e+00  1.000000e+00  0.000000e+00
    outer loop
      vertex  5.800000e+01 -2.500000e+01  1.000000e+01
      vertex  6.715285e+01 -2.500000e+01  5.360518e+01
      vertex  6.783688e+01 -2.500000e+01  5.334261e+01
    endloop
  endfacet
  facet normal  0.000000e+00  1.000000e+00  0.000000e+00
    outer loop
      vertex  5.800000e+01 -2.500000e+01  1.000000e+01
      vertex  6.783688e+01 -2.500000e+01  5.334261e+01
      vertex  6.854462e+01 -2.500000e+01  5.315297e+01
    endloop
  endfacet
  facet normal  0.000000e+00  1.000000e+00  0.000000e+00
    outer loop
      vertex  5.800000e+01 -2.500000e+01  1.000000e+01
      vertex  6.854462e+01 -2.500000e+01  5.315297e+01
      vertex  6.926830e+01 -2.500000e+01  5.303835e+01
    endloop
  endfacet
  facet normal  0.000000e+00  1.000000e+00  0.000000e+00
    outer loop
      vertex  5.800000e+01 -2.500000e+01  1.000000e+01
      vertex  6.926830e+01 -2.500000e+01  5.303835e+01
      vertex  7.000000e+01 -2.500000e+01  5.300000e+01
    endloop
  endfacet
  facet normal  0.000000e+00  1.000000e+00  0.000000e+00
    outer loop
      vertex  7.073170e+01 -2.500000e+01  6.696165e+01
      vertex  7.959332e+01 -2.500000e+01  6.720891e+01
      vertex  7.145538e+01 -2.500000e+01  6.684703e+01
    endloop
  endfacet
  facet normal  -0.000000e+00  1.000000e+00  0.000000e+00
    outer loop
      vertex  7.145538e+01 -2.500000e+01  6.684703e+01
      vertex  7.959332e+01 -2.500000e+01  6.720891e+01
      vertex  8.014228e+01 -2.500000e+01  6.641359e+01
    endloop
  endfacet
  facet normal  0.000000e+00  9.999999e-01  0.000000e+00
    outer loop
      vertex  7.145538e+01 -2.500000e+01  6.684703e+01
      vertex  8.014228e+01 -2.500000e+01  6.641359e+01
      vertex  7.216312e+01 -2.500000e+01  6.665739e+01
    endloop
  endfacet
  facet normal  -0.000000e+00  1.000000e+00  0.000000e+00
    outer loop
      vertex  8.138244e+01 -2.500000e+01  6.380001e+01
      vertex  7.566312e+01 -2.500000e+01  6.411449e+01
      vertex  8.103976e+01 -2.500000e+01  6.470360e+01
    endloop
  endfacet
  facet normal  0.000000e+00  1.000000e+00  0.000000e+00
    outer loop
      vertex  8.103976e+01 -2.500000e+01  6.470360e+01
      vertex  7.566312e+01 -2.500000e+01  6.411449e+01
      vertex  7.520201e+01 -2.500000e+01  6.468391e+01
    endloop
  endfacet
  facet normal  0.000000e+00  1.000000e+00  -0.000000e+00
    outer loop
      vertex  8.103976e+01 -2.500000e+01  6.470360e+01
      vertex  7.520201e+01 -2.500000e+01  6.468391e+01
      vertex  7.468391e+01 -2.500000e+01  6.520201e+01
    endloop
  endfacet
  facet normal  0.000000e+00  1.000000e+00  0.000000e+00
    outer loop
      vertex  7.606218e+01 -2.500000e+01  6.350000e+01
      vertex  8.138244e+01 -2.500000e+01  6.380001e+01
      vertex  7.639482e+01 -2.500000e+01  6.284716e+01
    endloop
  endfacet
  facet normal  0.000000e+00  1.000000e+00  0.000000e+00
    outer loop
      vertex  7.639482e+01 -2.500000e+01  6.284716e+01
      vertex  8.138244e+01 -2.500000e+01  6.380001e+01
      vertex  8.165130e+01 -2.500000e+01  6.287179e+01
    endloop
  endfacet
  facet normal  0.000000e+00  1.000000e+00  0.000000e+00
    outer loop
      vertex  7.639482e+01 -2.500000e+01  6.284716e+01
      vertex  8.165130e+01 -2.500000e+01  6.287179e+01
      vertex  7.665739e+01 -2.500000e+01  6.216312e+01
    endloop
  endfacet
  facet normal  -0.000000e+00  1.000000e+00  0.000000e+00
    outer loop
      vertex  7.665739e+01 -2.500000e+01  6.216312e+01
      vertex  8.165130e+01 -2.500000e+01  6.287179e+01
      vertex  8.184460e+01 -2.500000e+01  6.192493e+01
    endloop
  endfacet
  facet normal  0.000000e+00  1.000000e+00  0.000000e+00
    outer loop
      vertex  7.665739e+01 -2.500000e+01  6.216312e+01
      vertex  8.184460e+01 -2.500000e+01  6.192493e+01
      vertex  7.684703e+01 -2.500000e+01  6.145538e+01
    endloop
  endfacet
  facet normal  -0.000000e+00  1.000000e+00  0.000000e+00
    outer loop
      vertex  7.684703e+01 -2.500000e+01  6.145538e+01
      vertex  8.184460e+01 -2.500000e+01  6.192493e+01
      vertex  8.196109e+01 -2.500000e+01  6.096560e+01
    endloop
  endfacet
  facet normal  0.000000e+00  1.000000e+00  0.000000e+00
    outer loop
      vertex  7.684703e+01 -2.500000e+01  6.145538e+01
      vertex  8.196109e+01 -2.500000e+01  6.096560e+01
      vertex  7.696165e+01 -2.500000e+01  6.073170e+01
    endloop
  endfacet
  facet normal  0.000000e+00  1.000000e+00  0.000000e+00
    outer loop
      vertex  8.200000e+01 -2.500000e+01  6.000000e+01
      vertex  7.700000e+01 -2.500000e+01  6.000000e+01
      vertex  8.196109e+01 -2.500000e+01  6.096560e+01
    endloop
  endfacet
  facet normal  0.000000e+00  1.000000e+00  0.000000e+00
    outer loop
      vertex  8.196109e+01 -2.500000e+01  6.096560e+01
      vertex  7.700000e+01 -2.500000e+01  6.000000e+01
      vertex  7.696165e+01 -2.500000e+01  6.073170e+01
    endloop
  endfacet
  facet normal  0.000000e+00  1.000000e+00  0.000000e+00
    outer loop
      vertex  6.040669e+01 -2.500000e+01  6.720891e+01
      vertex  6.926830e+01 -2.500000e+01  6.696165e+01
      vertex  5.985772e+01 -2.500000e+01  6.641359e+01
    endloop
  endfacet
  facet normal  0.000000e+00  1.000000e+00  0.000000e+00
    outer loop
      vertex  5.985772e+01 -2.500000e+01  6.641359e+01
      vertex  6.926830e+01 -2.500000e+01  6.696165e+01
      vertex  6.854462e+01 -2.500000e+01  6.684703e+01
    endloop
  endfacet
  facet normal  0.000000e+00  9.999999e-01  0.000000e+00
    outer loop
      vertex  5.985772e+01 -2.500000e+01  6.641359e+01
      vertex  6.854462e+01 -2.500000e+01  6.684703e+01
      vertex  6.783688e+01 -2.500000e+01  6.665739e+01
    endloop
  endfacet
  facet normal  0.000000e+00  1.000000e+00  0.000000e+00
    outer loop
      vertex  5.985772e+01 -2.500000e+01  6.641359e+01
      vertex  6.715285e+01 -2.500000e+01  6.639482e+01
      vertex  5.937453e+01 -2.500000e+01  6.557668e+01
    endloop
  endfacet
  facet normal  0.000000e+00  1.000000e+00  0.000000e+00
    outer loop
      vertex  5.937453e+01 -2.500000e+01  6.557668e+01
      vertex  6.715285e+01 -2.500000e+01  6.639482e+01
      vertex  6.650000e+01 -2.500000e+01  6.606218e+01
    endloop
  endfacet
  facet normal  0.000000e+00  1.000000e+00  0.000000e+00
    outer loop
      vertex  5.937453e+01 -2.500000e+01  6.557668e+01
      vertex  6.650000e+01 -2.500000e+01  6.606218e+01
      vertex  6.588551e+01 -2.500000e+01  6.566312e+01
    endloop
  endfacet
  facet normal  0.000000e+00  1.000000e+00  0.000000e+00
    outer loop
      vertex  5.937453e+01 -2.500000e+01  6.557668e+01
      vertex  6.588551e+01 -2.500000e+01  6.566312e+01
      vertex  5.896025e+01 -2.500000e+01  6.470360e+01
    endloop
  endfacet
  facet normal  0.000000e+00  1.000000e+00  0.000000e+00
    outer loop
      vertex  5.896025e+01 -2.500000e+01  6.470360e+01
      vertex  6.588551e+01 -2.500000e+01  6.566312e+01
      vertex  6.531609e+01 -2.500000e+01  6.520201e+01
    endloop
  endfacet
  facet normal  0.000000e+00  1.000000e+00  0.000000e+00
    outer loop
      vertex  5.896025e+01 -2.500000e+01  6.470360e+01
      vertex  6.531609e+01 -2.500000e+01  6.520201e+01
      vertex  6.479799e+01 -2.500000e+01  6.468391e+01
    endloop
  endfacet
  facet normal  0.000000e+00  1.000000e+00  0.000000e+00
    outer loop
      vertex  5.896025e+01 -2.500000e+01  6.470360e+01
      vertex  6.479799e+01 -2.500000e+01  6.468391e+01
      vertex  5.861756e+01 -2.500000e+01  6.380001e+01
    endloop
  endfacet
  facet normal  0.000000e+00  9.999999e-01  0.000000e+00
    outer loop
      vertex  5.861756e+01 -2.500000e+01  6.380001e+01
      vertex  6.479799e+01 -2.500000e+01  6.468391e+01
      vertex  6.433688e+01 -2.500000e+01  6.411449e+01
    endloop
  endfacet
  facet normal  0.000000e+00  9.999999e-01  0.000000e+00
    outer loop
      vertex  5.861756e+01 -2.500000e+01  6.380001e+01
      vertex  6.433688e+01 -2.500000e+01  6.411449e+01
      vertex  6.393782e+01 -2.500000e+01  6.350000e+01
    endloop
  endfacet
  facet normal  0.000000e+00  1.000000e+00  0.000000e+00
    outer loop
      vertex  5.861756e+01 -2.500000e+01  6.380001e+01
      vertex  6.393782e+01 -2.500000e+01  6.350000e+01
      vertex  5.834870e+01 -2.500000e+01  6.287179e+01
    endloop
  endfacet
  facet normal  -0.000000e+00  1.000000e+00  0.000000e+00
    outer loop
      vertex  5.834870e+01 -2.500000e+01  6.287179e+01
      vertex  6.393782e+01 -2.500000e+01  6.350000e+01
      vertex  6.360518e+01 -2.500000e+01  6.284716e+01
    endloop
  endfacet
  facet normal  0.000000e+00  1.000000e+00  0.000000e+00
    outer loop
      vertex  5.834870e+01 -2.500000e+01  6.287179e+01
      vertex  6.360518e+01 -2.500000e+01  6.284716e+01
      vertex  5.815540e+01 -2.500000e+01  6.192493e+01
    endloop
  endfacet
  facet normal  0.000000e+00  1.000000e+00  0.000000e+00
    outer loop
      vertex  5.815540e+01 -2.500000e+01  6.192493e+01
      vertex  6.360518e+01 -2.500000e+01  6.284716e+01
      vertex  6.334261e+01 -2.500000e+01  6.216312e+01
    endloop
  endfacet
  facet normal  0.000000e+00  1.000000e+00  0.000000e+00
    outer loop
      vertex  5.815540e+01 -2.500000e+01  6.192493e+01
      vertex  6.334261e+01 -2.500000e+01  6.216312e+01
      vertex  5.803891e+01 -2.500000e+01  6.096560e+01
    endloop
  endfacet
  facet normal  0.000000e+00  9.999999e-01  0.000000e+00
    outer loop
      vertex  5.803891e+01 -2.500000e+01  6.096560e+01
      vertex  6.334261e+01 -2.500000e+01  6.216312e+01
      vertex  6.315297e+01 -2.500000e+01  6.145538e+01
    endloop
  endfacet
  facet normal  0.000000e+00  1.000000e+00  0.000000e+00
    outer loop
      vertex  5.803891e+01 -2.500000e+01  6.096560e+01
      vertex  6.315297e+01 -2.500000e+01  6.145538e+01
      vertex  6.303835e+01 -2.500000e+01  6.073170e+01
    endloop
  endfacet
  facet normal  0.000000e+00  9.999999e-01  -0.000000e+00
    outer loop
      vertex  6.303835e+01 -2.500000e+01  6.073170e+01
      vertex  6.300000e+01 -2.500000e+01  6.000000e+01
      vertex  5.803891e+01 -2.500000e+01  6.096560e+01
    endloop
  endfacet
  facet normal  0.000000e+00  1.000000e+00  0.000000e+00
    outer loop
      vertex  5.803891e+01 -2.500000e+01  6.096560e+01
      vertex  6.300000e+01 -2.500000e+01  6.000000e+01
      vertex  5.800000e+01 -2.500000e+01  6.000000e+01
    endloop
  endfacet
  facet normal  1.000000e+00  0.000000e+00  0.000000e+00
    outer loop
      vertex  8.200000e+01 -2.500000e+01  1.000000e+01
      vertex  8.200000e+01 -2.500000e+01  6.000000e+01
      vertex  8.200000e+01 -3.000000e+01  1.000000e+01
    endloop
  endfacet
  facet normal  1.000000e+00  0.000000e+00  0.000000e+00
    outer loop
      vertex  8.200000e+01 -3.000000e+01  1.000000e+01
      vertex  8.200000e+01 -2.500000e+01  6.000000e+01
      vertex  8.200000e+01 -3.000000e+01  2.000000e+01
    endloop
  endfacet
  facet normal  1.000000e+00  -0.000000e+00  0.000000e+00
    outer loop
      vertex  8.200000e+01 -2.500000e+01  6.000000e+01
      vertex  8.200000e+01 -4.000000e+01  6.000000e+01
      vertex  8.200000e+01 -3.000000e+01  2.000000e+01
    endloop
  endfacet
  facet normal  1.000000e+00  0.000000e+00  0.000000e+00
    outer loop
      vertex  8.200000e+01 -3.000000e+01  2.000000e+01
      vertex  8.200000e+01 -4.000000e+01  6.000000e+01
      vertex  8.200000e+01 -4.000000e+01  2.000000e+01
    endloop
  endfacet
  facet normal -1.000000e+00  -0.000000e+00  0.000000e+00
    outer loop
      vertex  5.800000e+01 -4.000000e+01  6.000000e+01
      vertex  5.800000e+01 -2.500000e+01  6.000000e+01
      vertex  5.800000e+01 -4.000000e+01  2.000000e+01
    endloop
  endfacet
  facet normal -1.000000e+00  0.000000e+00  0.000000e+00
    outer loop
      vertex  5.800000e+01 -4.000000e+01  2.000000e+01
      vertex  5.800000e+01 -2.500000e+01  6.000000e+01
      vertex  5.800000e+01 -3.000000e+01  2.000000e+01
    endloop
  endfacet
  facet normal -1.000000e+00  0.000000e+00  0.000000e+00
    outer loop
      vertex  5.800000e+01 -2.500000e+01  6.000000e+01
      vertex  5.800000e+01 -2.500000e+01  1.000000e+01
      vertex  5.800000e+01 -3.000000e+01  2.000000e+01
    endloop
  endfacet
  facet normal -1.000000e+00  0.000000e+00  0.000000e+00
    outer loop
      vertex  5.800000e+01 -3.000000e+01  2.000000e+01
      vertex  5.800000e+01 -2.500000e+01  1.000000e+01
      vertex  5.800000e+01 -3.000000e+01  1.000000e+01
    endloop
  endfacet
  facet normal -1.000000e+00  0.000000e+00  0.000000e+00
    outer loop
      vertex  0.000000e+00  4.000000e+01  0.000000e+00
      vertex  0.000000e+00 -4.000000e+01  0.000000e+00
      vertex  0.000000e+00 -1.607813e-14  5.000000e+01
    endloop
  endfacet
  facet normal -1.000000e+00  0.000000e+00  0.000000e+00
    outer loop
      vertex  0.000000e+00  4.000000e+01  0.000000e+00
      vertex  0.000000e+00 -1.607813e-14  5.000000e+01
      vertex  0.000000e+00  1.070088e+00  5.003822e+01
    endloop
  endfacet
  facet normal -1.000000e+00  0.000000e+00  0.000000e+00
    outer loop
      vertex  0.000000e+00  4.000000e+01  0.000000e+00
      vertex  0.000000e+00  1.070088e+00  5.003822e+01
      vertex  0.000000e+00  2.134722e+00  5.015268e+01
    endloop
  endfacet
  facet normal -1.000000e+00  0.000000e+00  0.000000e+00
    outer loop
      vertex  0.000000e+00  4.000000e+01  0.000000e+00
      vertex  0.000000e+00  2.134722e+00  5.015268e+01
      vertex  0.000000e+00  3.188479e+00  5.034280e+01
    endloop
  endfacet
  facet normal -1.000000e+00  0.000000e+00  0.000000e+00
    outer loop
      vertex  0.000000e+00  4.000000e+01  0.000000e+00
      vertex  0.000000e+00  3.188479e+00  5.034280e+01
      vertex  0.000000e+00  4.225988e+00  5.060760e+01
    endloop
  endfacet
  facet normal -1.000000e+00  0.000000e+00  0.000000e+00
    outer loop
      vertex  0.000000e+00  4.000000e+01  0.000000e+00
      vertex  0.000000e+00  4.225988e+00  5.060760e+01
      vertex  0.000000e+00  5.241963e+00  5.094576e+01
    endloop
  endfacet
  facet normal -1.000000e+00  0.000000e+00  0.000000e+00
    outer loop
      vertex  0.000000e+00  4.000000e+01  0.000000e+00
      vertex  0.000000e+00  5.241963e+00  5.094576e+01
      vertex  0.000000e+00  6.231225e+00  5.135552e+01
    endloop
  endfacet
  facet normal -9.999999e-01  0.000000e+00  0.000000e+00
    outer loop
      vertex  0.000000e+00  4.000000e+01  0.000000e+00
      vertex  0.000000e+00  6.231225e+00  5.135552e+01
      vertex  0.000000e+00  7.188735e+00  5.183482e+01
    endloop
  endfacet
  facet normal -1.000000e+00  0.000000e+00  0.000000e+00
    outer loop
      vertex  0.000000e+00  4.000000e+01  0.000000e+00
      vertex  0.000000e+00  7.188735e+00  5.183482e+01
      vertex  0.000000e+00  8.109612e+00  5.238120e+01
    endloop
  endfacet
  facet normal -1.000000e+00  0.000000e+00  0.000000e+00
    outer loop
      vertex  0.000000e+00  4.000000e+01  0.000000e+00
      vertex  0.000000e+00  8.109612e+00  5.238120e+01
      vertex  0.000000e+00  8.989165e+00  5.299188e+01
    endloop
  endfacet
  facet normal -1.000000e+00  0.000000e+00  0.000000e+00
    outer loop
      vertex  0.000000e+00  4.000000e+01  0.000000e+00
      vertex  0.000000e+00  8.989165e+00  5.299188e+01
      vertex  0.000000e+00  9.822911e+00  5.366376e+01
    endloop
  endfacet
  facet normal -1.000000e+00  0.000000e+00  0.000000e+00
    outer loop
      vertex  0.000000e+00  4.000000e+01  0.000000e+00
      vertex  0.000000e+00  9.822911e+00  5.366376e+01
      vertex  0.000000e+00  1.060660e+01  5.439340e+01
    endloop
  endfacet
  facet normal -9.999999e-01  0.000000e+00  0.000000e+00
    outer loop
      vertex  0.000000e+00  4.000000e+01  0.000000e+00
      vertex  0.000000e+00  1.060660e+01  5.439340e+01
      vertex  0.000000e+00  1.133624e+01  5.517709e+01
    endloop
  endfacet
  facet normal -9.999999e-01  0.000000e+00  0.000000e+00
    outer loop
      vertex  0.000000e+00  4.000000e+01  0.000000e+00
      vertex  0.000000e+00  1.133624e+01  5.517709e+01
      vertex  0.000000e+00  1.200812e+01  5.601083e+01
    endloop
  endfacet
  facet normal -1.000000e+00  0.000000e+00  0.000000e+00
    outer loop
      vertex  0.000000e+00  4.000000e+01  0.000000e+00
      vertex  0.000000e+00  1.200812e+01  5.601083e+01
      vertex  0.000000e+00  1.261880e+01  5.689039e+01
    endloop
  endfacet
  facet normal -9.999999e-01  0.000000e+00  0.000000e+00
    outer loop
      vertex  0.000000e+00  4.000000e+01  0.000000e+00
      vertex  0.000000e+00  1.261880e+01  5.689039e+01
      vertex  0.000000e+00  1.316518e+01  5.781126e+01
    endloop
  endfacet
  facet normal -9.999999e-01  0.000000e+00  0.000000e+00
    outer loop
      vertex  0.000000e+00  4.000000e+01  0.000000e+00
      vertex  0.000000e+00  1.316518e+01  5.781126e+01
      vertex  0.000000e+00  1.364448e+01  5.876878e+01
    endloop
  endfacet
  facet normal -1.000000e+00  0.000000e+00  0.000000e+00
    outer loop
      vertex  0.000000e+00  4.000000e+01  0.000000e+00
      vertex  0.000000e+00  1.364448e+01  5.876878e+01
      vertex  0.000000e+00  1.405425e+01  5.975804e+01
    endloop
  endfacet
  facet normal -1.000000e+00  0.000000e+00  0.000000e+00
    outer loop
      vertex  0.000000e+00  4.000000e+01  0.000000e+00
      vertex  0.000000e+00  1.405425e+01  5.975804e+01
      vertex  0.000000e+00  1.439240e+01  6.077401e+01
    endloop
  endfacet
  facet normal -1.000000e+00  0.000000e+00  0.000000e+00
    outer loop
      vertex  0.000000e+00  4.000000e+01  0.000000e+00
      vertex  0.000000e+00  1.439240e+01  6.077401e+01
      vertex  0.000000e+00  1.465720e+01  6.181152e+01
    endloop
  endfacet
  facet normal -1.000000e+00  0.000000e+00  0.000000e+00
    outer loop
      vertex  0.000000e+00  4.000000e+01  0.000000e+00
      vertex  0.000000e+00  1.465720e+01  6.181152e+01
      vertex  0.000000e+00  1.484732e+01  6.286528e+01
    endloop
  endfacet
  facet normal -9.999999e-01  0.000000e+00  0.000000e+00
    outer loop
      vertex  0.000000e+00  4.000000e+01  0.000000e+00
      vertex  0.000000e+00  1.484732e+01  6.286528e+01
      vertex  0.000000e+00  1.496178e+01  6.392991e+01
    endloop
  endfacet
  facet normal -1.000000e+00  0.000000e+00  0.000000e+00
    outer loop
      vertex  0.000000e+00  4.000000e+01  0.000000e+00
      vertex  0.000000e+00  1.496178e+01  6.392991e+01
      vertex  0.000000e+00  1.500000e+01  6.500000e+01
    endloop
  endfacet
  facet normal -1.000000e+00  0.000000e+00  0.000000e+00
    outer loop
      vertex  0.000000e+00  4.000000e+01  0.000000e+00
      vertex  0.000000e+00  1.500000e+01  6.500000e+01
      vertex  0.000000e+00  4.000000e+01  6.500000e+01
    endloop
  endfacet
  facet normal -1.000000e+00  0.000000e+00  0.000000e+00
    outer loop
      vertex  0.000000e+00 -4.000000e+01  0.000000e+00
      vertex  0.000000e+00 -4.000000e+01  6.500000e+01
      vertex  0.000000e+00 -1.500000e+01  6.500000e+01
    endloop
  endfacet
  facet normal -1.000000e+00  0.000000e+00  -0.000000e+00
    outer loop
      vertex  0.000000e+00 -4.000000e+01  0.000000e+00
      vertex  0.000000e+00 -1.500000e+01  6.500000e+01
      vertex  0.000000e+00 -1.496178e+01  6.392991e+01
    endloop
  endfacet
  facet normal -9.999999e-01  0.000000e+00  -0.000000e+00
    outer loop
      vertex  0.000000e+00 -4.000000e+01  0.000000e+00
      vertex  0.000000e+00 -1.496178e+01  6.392991e+01
      vertex  0.000000e+00 -1.484732e+01  6.286528e+01
    endloop
  endfacet
  facet normal -1.000000e+00  0.000000e+00  -0.000000e+00
    outer loop
      vertex  0.000000e+00 -4.000000e+01  0.000000e+00
      vertex  0.000000e+00 -1.484732e+01  6.286528e+01
      vertex  0.000000e+00 -1.465720e+01  6.181152e+01
    endloop
  endfacet
  facet normal -1.000000e+00  0.000000e+00  -0.000000e+00
    outer loop
      vertex  0.000000e+00 -4.000000e+01  0.000000e+00
      vertex  0.000000e+00 -1.465720e+01  6.181152e+01
      vertex  0.000000e+00 -1.439240e+01  6.077401e+01
    endloop
  endfacet
  facet normal -1.000000e+00  0.000000e+00  -0.000000e+00
    outer loop
      vertex  0.000000e+00 -4.000000e+01  0.000000e+00
      vertex  0.000000e+00 -1.439240e+01  6.077401e+01
      vertex  0.000000e+00 -1.405425e+01  5.975804e+01
    endloop
  endfacet
  facet normal -1.000000e+00  0.000000e+00  -0.000000e+00
    outer loop
      vertex  0.000000e+00 -4.000000e+01  0.000000e+00
      vertex  0.000000e+00 -1.405425e+01  5.975804e+01
      vertex  0.000000e+00 -1.364448e+01  5.876878e+01
    endloop
  endfacet
  facet normal -1.000000e+00  0.000000e+00  -0.000000e+00
    outer loop
      vertex  0.000000e+00 -4.000000e+01  0.000000e+00
      vertex  0.000000e+00 -1.364448e+01  5.876878e+01
      vertex  0.000000e+00 -1.316518e+01  5.781126e+01
    endloop
  endfacet
  facet normal -9.999999e-01  0.000000e+00  -0.000000e+00
    outer loop
      vertex  0.000000e+00 -4.000000e+01  0.000000e+00
      vertex  0.000000e+00 -1.316518e+01  5.781126e+01
      vertex  0.000000e+00 -1.261880e+01  5.689039e+01
    endloop
  endfacet
  facet normal -1.000000e+00  0.000000e+00  -0.000000e+00
    outer loop
      vertex  0.000000e+00 -4.000000e+01  0.000000e+00
      vertex  0.000000e+00 -1.261880e+01  5.689039e+01
      vertex  0.000000e+00 -1.200812e+01  5.601083e+01
    endloop
  endfacet
  facet normal -9.999999e-01  0.000000e+00  -0.000000e+00
    outer loop
      vertex  0.000000e+00 -4.000000e+01  0.000000e+00
      vertex  0.000000e+00 -1.200812e+01  5.601083e+01
      vertex  0.000000e+00 -1.133624e+01  5.517709e+01
    endloop
  endfacet
  facet normal -9.999999e-01  0.000000e+00  -0.000000e+00
    outer loop
      vertex  0.000000e+00 -4.000000e+01  0.000000e+00
      vertex  0.000000e+00 -1.133624e+01  5.517709e+01
      vertex  0.000000e+00 -1.060660e+01  5.439340e+01
    endloop
  endfacet
  facet normal -1.000000e+00  0.000000e+00  -0.000000e+00
    outer loop
      vertex  0.000000e+00 -4.000000e+01  0.000000e+00
      vertex  0.000000e+00 -1.060660e+01  5.439340e+01
      vertex  0.000000e+00 -9.822911e+00  5.366376e+01
    endloop
  endfacet
  facet normal -1.000000e+00  0.000000e+00  -0.000000e+00
    outer loop
      vertex  0.000000e+00 -4.000000e+01  0.000000e+00
      vertex  0.000000e+00 -9.822911e+00  5.366376e+01
      vertex  0.000000e+00 -8.989165e+00  5.299188e+01
    endloop
  endfacet
  facet normal -1.000000e+00  0.000000e+00  -0.000000e+00
    outer loop
      vertex  0.000000e+00 -4.000000e+01  0.000000e+00
      vertex  0.000000e+00 -8.989165e+00  5.299188e+01
      vertex  0.000000e+00 -8.109612e+00  5.238120e+01
    endloop
  endfacet
  facet normal -1.000000e+00  0.000000e+00  -0.000000e+00
    outer loop
      vertex  0.000000e+00 -4.000000e+01  0.000000e+00
      vertex  0.000000e+00 -8.109612e+00  5.238120e+01
      vertex  0.000000e+00 -7.188735e+00  5.183482e+01
    endloop
  endfacet
  facet normal -9.999999e-01  0.000000e+00  -0.000000e+00
    outer loop
      vertex  0.000000e+00 -4.000000e+01  0.000000e+00
      vertex  0.000000e+00 -7.188735e+00  5.183482e+01
      vertex  0.000000e+00 -6.231225e+00  5.135552e+01
    endloop
  endfacet
  facet normal -1.000000e+00  0.000000e+00  -0.000000e+00
    outer loop
      vertex  0.000000e+00 -4.000000e+01  0.000000e+00
      vertex  0.000000e+00 -6.231225e+00  5.135552e+01
      vertex  0.000000e+00 -5.241963e+00  5.094576e+01
    endloop
  endfacet
  facet normal -9.999999e-01  0.000000e+00  -0.000000e+00
    outer loop
      vertex  0.000000e+00 -4.000000e+01  0.000000e+00
      vertex  0.000000e+00 -5.241963e+00  5.094576e+01
      vertex  0.000000e+00 -4.225988e+00  5.060760e+01
    endloop
  endfacet
  facet normal -1.000000e+00  0.000000e+00  -0.000000e+00
    outer loop
      vertex  0.000000e+00 -4.000000e+01  0.000000e+00
      vertex  0.000000e+00 -4.225988e+00  5.060760e+01
      vertex  0.000000e+00 -3.188479e+00  5.034280e+01
    endloop
  endfacet
  facet normal -1.000000e+00  0.000000e+00  -0.000000e+00
    outer loop
      vertex  0.000000e+00 -4.000000e+01  0.000000e+00
      vertex  0.000000e+00 -3.188479e+00  5.034280e+01
      vertex  0.000000e+00 -2.134722e+00  5.015268e+01
    endloop
  endfacet
  facet normal -9.999999e-01  0.000000e+00  -0.000000e+00
    outer loop
      vertex  0.000000e+00 -4.000000e+01  0.000000e+00
      vertex  0.000000e+00 -2.134722e+00  5.015268e+01
      vertex  0.000000e+00 -1.070088e+00  5.003822e+01
    endloop
  endfacet
  facet normal -1.000000e+00  0.000000e+00  -0.000000e+00
    outer loop
      vertex  0.000000e+00 -4.000000e+01  0.000000e+00
      vertex  0.000000e+00 -1.070088e+00  5.003822e+01
      vertex  0.000000e+00 -1.607813e-14  5.000000e+01
    endloop
  endfacet
  facet normal  0.000000e+00  9.999999e-01  0.000000e+00
    outer loop
      vertex  7.600000e+01  4.000000e+01  7.039230e+01
      vertex  7.665739e+01  4.000000e+01  6.216312e+01
      vertex  7.639482e+01  4.000000e+01  6.284716e+01
    endloop
  endfacet
  facet normal  -0.000000e+00  9.999999e-01  0.000000e+00
    outer loop
      vertex  7.468391e+01  4.000000e+01  6.520201e+01
      vertex  7.411449e+01  4.000000e+01  6.566312e+01
      vertex  7.425526e+01  4.000000e+01  7.122019e+01
    endloop
  endfacet
  facet normal  0.000000e+00  1.000000e+00  0.000000e+00
    outer loop
      vertex  6.334261e+01  4.000000e+01  6.216312e+01
      vertex  6.315297e+01  4.000000e+01  6.145538e+01
      vertex  6.318322e+01  4.000000e+01  6.987581e+01
    endloop
  endfacet
  facet normal  0.000000e+00  1.000000e+00  0.000000e+00
    outer loop
      vertex  8.200000e+01  4.000000e+01  2.000000e+01
      vertex  1.250000e+02  4.000000e+01  2.000000e+01
      vertex  1.250000e+02  4.000000e+01  0.000000e+00
    endloop
  endfacet
  facet normal  0.000000e+00  1.000000e+00  0.000000e+00
    outer loop
      vertex  8.200000e+01  4.000000e+01  2.000000e+01
      vertex  1.250000e+02  4.000000e+01  0.000000e+00
      vertex  5.800000e+01  4.000000e+01  2.000000e+01
    endloop
  endfacet
  facet normal  0.000000e+00  1.000000e+00  0.000000e+00
    outer loop
      vertex  8.200000e+01  4.000000e+01  2.000000e+01
      vertex  5.800000e+01  4.000000e+01  2.000000e+01
      vertex  7.639482e+01  4.000000e+01  5.715284e+01
    endloop
  endfacet
  facet normal  -0.000000e+00  1.000000e+00  0.000000e+00
    outer loop
      vertex  8.200000e+01  4.000000e+01  2.000000e+01
      vertex  7.639482e+01  4.000000e+01  5.715284e+01
      vertex  8.200000e+01  4.000000e+01  6.000000e+01
    endloop
  endfacet
  facet normal  0.000000e+00  1.000000e+00  0.000000e+00
    outer loop
      vertex  8.200000e+01  4.000000e+01  6.000000e+01
      vertex  7.639482e+01  4.000000e+01  5.715284e+01
      vertex  7.665739e+01  4.000000e+01  5.783688e+01
    endloop
  endfacet
  facet normal  0.000000e+00  1.000000e+00  0.000000e+00
    outer loop
      vertex  8.200000e+01  4.000000e+01  6.000000e+01
      vertex  7.665739e+01  4.000000e+01  5.783688e+01
      vertex  7.684703e+01  4.000000e+01  5.854462e+01
    endloop
  endfacet
  facet normal  0.000000e+00  1.000000e+00  0.000000e+00
    outer loop
      vertex  8.200000e+01  4.000000e+01  6.000000e+01
      vertex  7.684703e+01  4.000000e+01  5.854462e+01
      vertex  7.696165e+01  4.000000e+01  5.926830e+01
    endloop
  endfacet
  facet normal  0.000000e+00  1.000000e+00  0.000000e+00
    outer loop
      vertex  8.200000e+01  4.000000e+01  6.000000e+01
      vertex  7.696165e+01  4.000000e+01  5.926830e+01
      vertex  7.700000e+01  4.000000e+01  6.000000e+01
    endloop
  endfacet
  facet normal  -0.000000e+00  1.000000e+00  0.000000e+00
    outer loop
      vertex  5.800000e+01  4.000000e+01  6.000000e+01
      vertex  5.803891e+01  4.000000e+01  6.096560e+01
      vertex  5.815540e+01  4.000000e+01  6.192493e+01
    endloop
  endfacet
  facet normal  -0.000000e+00  1.000000e+00  0.000000e+00
    outer loop
      vertex  5.800000e+01  4.000000e+01  6.000000e+01
      vertex  5.815540e+01  4.000000e+01  6.192493e+01
      vertex  5.834870e+01  4.000000e+01  6.287179e+01
    endloop
  endfacet
  facet normal  -0.000000e+00  9.999999e-01  0.000000e+00
    outer loop
      vertex  5.800000e+01  4.000000e+01  6.000000e+01
      vertex  5.834870e+01  4.000000e+01  6.287179e+01
      vertex  5.861756e+01  4.000000e+01  6.380001e+01
    endloop
  endfacet
  facet normal  -0.000000e+00  1.000000e+00  0.000000e+00
    outer loop
      vertex  5.800000e+01  4.000000e+01  6.000000e+01
      vertex  5.861756e+01  4.000000e+01  6.380001e+01
      vertex  5.896025e+01  4.000000e+01  6.470360e+01
    endloop
  endfacet
  facet normal  -0.000000e+00  1.000000e+00  0.000000e+00
    outer loop
      vertex  5.800000e+01  4.000000e+01  6.000000e+01
      vertex  5.896025e+01  4.000000e+01  6.470360e+01
      vertex  5.937453e+01  4.000000e+01  6.557668e+01
    endloop
  endfacet
  facet normal  -0.000000e+00  1.000000e+00  0.000000e+00
    outer loop
      vertex  5.800000e+01  4.000000e+01  6.000000e+01
      vertex  5.937453e+01  4.000000e+01  6.557668e+01
      vertex  5.985772e+01  4.000000e+01  6.641359e+01
    endloop
  endfacet
  facet normal  -0.000000e+00  1.000000e+00  0.000000e+00
    outer loop
      vertex  5.800000e+01  4.000000e+01  6.000000e+01
      vertex  5.985772e+01  4.000000e+01  6.641359e+01
      vertex  6.040669e+01  4.000000e+01  6.720891e+01
    endloop
  endfacet
  facet normal  -0.000000e+00  1.000000e+00  0.000000e+00
    outer loop
      vertex  5.800000e+01  4.000000e+01  6.000000e+01
      vertex  6.040669e+01  4.000000e+01  6.720891e+01
      vertex  6.101787e+01  4.000000e+01  6.795747e+01
    endloop
  endfacet
  facet normal  -0.000000e+00  1.000000e+00  0.000000e+00
    outer loop
      vertex  5.800000e+01  4.000000e+01  6.000000e+01
      vertex  6.101787e+01  4.000000e+01  6.795747e+01
      vertex  6.168731e+01  4.000000e+01  6.865443e+01
    endloop
  endfacet
  facet normal  -0.000000e+00  1.000000e+00  0.000000e+00
    outer loop
      vertex  5.800000e+01  4.000000e+01  6.000000e+01
      vertex  6.168731e+01  4.000000e+01  6.865443e+01
      vertex  6.241066e+01  4.000000e+01  6.929526e+01
    endloop
  endfacet
  facet normal  0.000000e+00  1.000000e+00  0.000000e+00
    outer loop
      vertex  5.800000e+01  4.000000e+01  6.000000e+01
      vertex  6.241066e+01  4.000000e+01  6.929526e+01
      vertex  6.300000e+01  4.000000e+01  6.000000e+01
    endloop
  endfacet
  facet normal  0.000000e+00  1.000000e+00  0.000000e+00
    outer loop
      vertex  5.800000e+01  4.000000e+01  6.000000e+01
      vertex  6.300000e+01  4.000000e+01  6.000000e+01
      vertex  5.800000e+01  4.000000e+01  2.000000e+01
    endloop
  endfacet
  facet normal  0.000000e+00  1.000000e+00  0.000000e+00
    outer loop
      vertex  5.800000e+01  4.000000e+01  2.000000e+01
      vertex  6.300000e+01  4.000000e+01  6.000000e+01
      vertex  6.303835e+01  4.000000e+01  5.926830e+01
    endloop
  endfacet
  facet normal  0.000000e+00  1.000000e+00  0.000000e+00
    outer loop
      vertex  5.800000e+01  4.000000e+01  2.000000e+01
      vertex  6.303835e+01  4.000000e+01  5.926830e+01
      vertex  6.315297e+01  4.000000e+01  5.854462e+01
    endloop
  endfacet
  facet normal  0.000000e+00  1.000000e+00  0.000000e+00
    outer loop
      vertex  5.800000e+01  4.000000e+01  2.000000e+01
      vertex  6.315297e+01  4.000000e+01  5.854462e+01
      vertex  6.334261e+01  4.000000e+01  5.783688e+01
    endloop
  endfacet
  facet normal  0.000000e+00  1.000000e+00  0.000000e+00
    outer loop
      vertex  5.800000e+01  4.000000e+01  2.000000e+01
      vertex  6.334261e+01  4.000000e+01  5.783688e+01
      vertex  6.360518e+01  4.000000e+01  5.715284e+01
    endloop
  endfacet
  facet normal  0.000000e+00  1.000000e+00  0.000000e+00
    outer loop
      vertex  5.800000e+01  4.000000e+01  2.000000e+01
      vertex  6.360518e+01  4.000000e+01  5.715284e+01
      vertex  6.393782e+01  4.000000e+01  5.650000e+01
    endloop
  endfacet
  facet normal  0.000000e+00  1.000000e+00  0.000000e+00
    outer loop
      vertex  5.800000e+01  4.000000e+01  2.000000e+01
      vertex  6.393782e+01  4.000000e+01  5.650000e+01
      vertex  6.433688e+01  4.000000e+01  5.588550e+01
    endloop
  endfacet
  facet normal  0.000000e+00  1.000000e+00  0.000000e+00
    outer loop
      vertex  5.800000e+01  4.000000e+01  2.000000e+01
      vertex  6.433688e+01  4.000000e+01  5.588550e+01
      vertex  6.479799e+01  4.000000e+01  5.531609e+01
    endloop
  endfacet
  facet normal  0.000000e+00  9.999999e-01  0.000000e+00
    outer loop
      vertex  5.800000e+01  4.000000e+01  2.000000e+01
      vertex  6.479799e+01  4.000000e+01  5.531609e+01
      vertex  6.531609e+01  4.000000e+01  5.479799e+01
    endloop
  endfacet
  facet normal  0.000000e+00  9.999999e-01  0.000000e+00
    outer loop
      vertex  5.800000e+01  4.000000e+01  2.000000e+01
      vertex  6.531609e+01  4.000000e+01  5.479799e+01
      vertex  6.588551e+01  4.000000e+01  5.433688e+01
    endloop
  endfacet
  facet normal  0.000000e+00  1.000000e+00  0.000000e+00
    outer loop
      vertex  5.800000e+01  4.000000e+01  2.000000e+01
      vertex  6.588551e+01  4.000000e+01  5.433688e+01
      vertex  6.650000e+01  4.000000e+01  5.393782e+01
    endloop
  endfacet
  facet normal  0.000000e+00  1.000000e+00  0.000000e+00
    outer loop
      vertex  5.800000e+01  4.000000e+01  2.000000e+01
      vertex  6.650000e+01  4.000000e+01  5.393782e+01
      vertex  6.715285e+01  4.000000e+01  5.360518e+01
    endloop
  endfacet
  facet normal  0.000000e+00  1.000000e+00  0.000000e+00
    outer loop
      vertex  5.800000e+01  4.000000e+01  2.000000e+01
      vertex  6.715285e+01  4.000000e+01  5.360518e+01
      vertex  6.783688e+01  4.000000e+01  5.334261e+01
    endloop
  endfacet
  facet normal  0.000000e+00  9.999999e-01  0.000000e+00
    outer loop
      vertex  5.800000e+01  4.000000e+01  2.000000e+01
      vertex  6.783688e+01  4.000000e+01  5.334261e+01
      vertex  6.854462e+01  4.000000e+01  5.315297e+01
    endloop
  endfacet
  facet normal  0.000000e+00  1.000000e+00  0.000000e+00
    outer loop
      vertex  5.800000e+01  4.000000e+01  2.000000e+01
      vertex  6.854462e+01  4.000000e+01  5.315297e+01
      vertex  6.926830e+01  4.000000e+01  5.303835e+01
    endloop
  endfacet
  facet normal  0.000000e+00  1.000000e+00  0.000000e+00
    outer loop
      vertex  5.800000e+01  4.000000e+01  2.000000e+01
      vertex  6.926830e+01  4.000000e+01  5.303835e+01
      vertex  7.000000e+01  4.000000e+01  5.300000e+01
    endloop
  endfacet
  facet normal  -0.000000e+00  1.000000e+00  0.000000e+00
    outer loop
      vertex  5.800000e+01  4.000000e+01  2.000000e+01
      vertex  7.000000e+01  4.000000e+01  5.300000e+01
      vertex  7.073170e+01  4.000000e+01  5.303835e+01
    endloop
  endfacet
  facet normal  -0.000000e+00  1.000000e+00  0.000000e+00
    outer loop
      vertex  5.800000e+01  4.000000e+01  2.000000e+01
      vertex  7.073170e+01  4.000000e+01  5.303835e+01
      vertex  7.145538e+01  4.000000e+01  5.315297e+01
    endloop
  endfacet
  facet normal  -0.000000e+00  9.999999e-01  0.000000e+00
    outer loop
      vertex  5.800000e+01  4.000000e+01  2.000000e+01
      vertex  7.145538e+01  4.000000e+01  5.315297e+01
      vertex  7.216312e+01  4.000000e+01  5.334261e+01
    endloop
  endfacet
  facet normal  -0.000000e+00  1.000000e+00  0.000000e+00
    outer loop
      vertex  5.800000e+01  4.000000e+01  2.000000e+01
      vertex  7.216312e+01  4.000000e+01  5.334261e+01
      vertex  7.284715e+01  4.000000e+01  5.360518e+01
    endloop
  endfacet
  facet normal  -0.000000e+00  1.000000e+00  0.000000e+00
    outer loop
      vertex  5.800000e+01  4.000000e+01  2.000000e+01
      vertex  7.284715e+01  4.000000e+01  5.360518e+01
      vertex  7.350000e+01  4.000000e+01  5.393782e+01
    endloop
  endfacet
  facet normal  -0.000000e+00  1.000000e+00  0.000000e+00
    outer loop
      vertex  5.800000e+01  4.000000e+01  2.000000e+01
      vertex  7.350000e+01  4.000000e+01  5.393782e+01
      vertex  7.411449e+01  4.000000e+01  5.433688e+01
    endloop
  endfacet
  facet normal  -0.000000e+00  1.000000e+00  0.000000e+00
    outer loop
      vertex  5.800000e+01  4.000000e+01  2.000000e+01
      vertex  7.411449e+01  4.000000e+01  5.433688e+01
      vertex  7.468391e+01  4.000000e+01  5.479799e+01
    endloop
  endfacet
  facet normal  -0.000000e+00  1.000000e+00  0.000000e+00
    outer loop
      vertex  5.800000e+01  4.000000e+01  2.000000e+01
      vertex  7.468391e+01  4.000000e+01  5.479799e+01
      vertex  7.520201e+01  4.000000e+01  5.531609e+01
    endloop
  endfacet
  facet normal  -0.000000e+00  1.000000e+00  0.000000e+00
    outer loop
      vertex  5.800000e+01  4.000000e+01  2.000000e+01
      vertex  7.520201e+01  4.000000e+01  5.531609e+01
      vertex  7.566312e+01  4.000000e+01  5.588550e+01
    endloop
  endfacet
  facet normal  -0.000000e+00  9.999999e-01  0.000000e+00
    outer loop
      vertex  5.800000e+01  4.000000e+01  2.000000e+01
      vertex  7.566312e+01  4.000000e+01  5.588550e+01
      vertex  7.606218e+01  4.000000e+01  5.650000e+01
    endloop
  endfacet
  facet normal  -0.000000e+00  1.000000e+00  0.000000e+00
    outer loop
      vertex  5.800000e+01  4.000000e+01  2.000000e+01
      vertex  7.606218e+01  4.000000e+01  5.650000e+01
      vertex  7.639482e+01  4.000000e+01  5.715284e+01
    endloop
  endfacet
  facet normal  -0.000000e+00  1.000000e+00  -0.000000e+00
    outer loop
      vertex  7.700000e+01  4.000000e+01  6.000000e+01
      vertex  7.696165e+01  4.000000e+01  6.073170e+01
      vertex  7.681678e+01  4.000000e+01  6.987581e+01
    endloop
  endfacet
  facet normal  0.000000e+00  9.999999e-01  0.000000e+00
    outer loop
      vertex  7.700000e+01  4.000000e+01  6.000000e+01
      vertex  7.681678e+01  4.000000e+01  6.987581e+01
      vertex  7.758935e+01  4.000000e+01  6.929526e+01
    endloop
  endfacet
  facet normal  0.000000e+00  9.999999e-01  0.000000e+00
    outer loop
      vertex  7.700000e+01  4.000000e+01  6.000000e+01
      vertex  7.758935e+01  4.000000e+01  6.929526e+01
      vertex  7.831269e+01  4.000000e+01  6.865443e+01
    endloop
  endfacet
  facet normal  0.000000e+00  1.000000e+00  0.000000e+00
    outer loop
      vertex  7.700000e+01  4.000000e+01  6.000000e+01
      vertex  7.831269e+01  4.000000e+01  6.865443e+01
      vertex  7.898213e+01  4.000000e+01  6.795747e+01
    endloop
  endfacet
  facet normal  0.000000e+00  1.000000e+00  0.000000e+00
    outer loop
      vertex  7.700000e+01  4.000000e+01  6.000000e+01
      vertex  7.898213e+01  4.000000e+01  6.795747e+01
      vertex  7.959332e+01  4.000000e+01  6.720891e+01
    endloop
  endfacet
  facet normal  0.000000e+00  9.999999e-01  0.000000e+00
    outer loop
      vertex  7.700000e+01  4.000000e+01  6.000000e+01
      vertex  7.959332e+01  4.000000e+01  6.720891e+01
      vertex  8.014228e+01  4.000000e+01  6.641359e+01
    endloop
  endfacet
  facet normal  0.000000e+00  1.000000e+00  0.000000e+00
    outer loop
      vertex  7.700000e+01  4.000000e+01  6.000000e+01
      vertex  8.014228e+01  4.000000e+01  6.641359e+01
      vertex  8.062547e+01  4.000000e+01  6.557668e+01
    endloop
  endfacet
  facet normal  0.000000e+00  1.000000e+00  0.000000e+00
    outer loop
      vertex  7.700000e+01  4.000000e+01  6.000000e+01
      vertex  8.062547e+01  4.000000e+01  6.557668e+01
      vertex  8.103976e+01  4.000000e+01  6.470360e+01
    endloop
  endfacet
  facet normal  0.000000e+00  1.000000e+00  0.000000e+00
    outer loop
      vertex  7.700000e+01  4.000000e+01  6.000000e+01
      vertex  8.103976e+01  4.000000e+01  6.470360e+01
      vertex  8.138244e+01  4.000000e+01  6.380001e+01
    endloop
  endfacet
  facet normal  0.000000e+00  1.000000e+00  0.000000e+00
    outer loop
      vertex  7.700000e+01  4.000000e+01  6.000000e+01
      vertex  8.138244e+01  4.000000e+01  6.380001e+01
      vertex  8.165130e+01  4.000000e+01  6.287179e+01
    endloop
  endfacet
  facet normal  0.000000e+00  1.000000e+00  0.000000e+00
    outer loop
      vertex  7.700000e+01  4.000000e+01  6.000000e+01
      vertex  8.165130e+01  4.000000e+01  6.287179e+01
      vertex  8.184460e+01  4.000000e+01  6.192493e+01
    endloop
  endfacet
  facet normal  0.000000e+00  1.000000e+00  0.000000e+00
    outer loop
      vertex  7.700000e+01  4.000000e+01  6.000000e+01
      vertex  8.184460e+01  4.000000e+01  6.192493e+01
      vertex  8.196109e+01  4.000000e+01  6.096560e+01
    endloop
  endfacet
  facet normal  0.000000e+00  1.000000e+00  0.000000e+00
    outer loop
      vertex  7.700000e+01  4.000000e+01  6.000000e+01
      vertex  8.196109e+01  4.000000e+01  6.096560e+01
      vertex  8.200000e+01  4.000000e+01  6.000000e+01
    endloop
  endfacet
  facet normal  0.000000e+00  1.000000e+00  0.000000e+00
    outer loop
      vertex  0.000000e+00  4.000000e+01  6.500000e+01
      vertex  2.000000e+01  4.000000e+01  6.500000e+01
      vertex  0.000000e+00  4.000000e+01  0.000000e+00
    endloop
  endfacet
  facet normal  0.000000e+00  1.000000e+00  0.000000e+00
    outer loop
      vertex  0.000000e+00  4.000000e+01  0.000000e+00
      vertex  2.000000e+01  4.000000e+01  6.500000e+01
      vertex  2.000000e+01  4.000000e+01  2.000000e+01
    endloop
  endfacet
  facet normal  0.000000e+00  1.000000e+00  0.000000e+00
    outer loop
      vertex  0.000000e+00  4.000000e+01  0.000000e+00
      vertex  2.000000e+01  4.000000e+01  2.000000e+01
      vertex  1.250000e+02  4.000000e+01  0.000000e+00
    endloop
  endfacet
  facet normal  0.000000e+00  1.000000e+00  0.000000e+00
    outer loop
      vertex  1.250000e+02  4.000000e+01  0.000000e+00
      vertex  2.000000e+01  4.000000e+01  2.000000e+01
      vertex  5.800000e+01  4.000000e+01  2.000000e+01
    endloop
  endfacet
  facet normal  0.000000e+00  1.000000e+00  0.000000e+00
    outer loop
      vertex  7.665739e+01  4.000000e+01  6.216312e+01
      vertex  7.600000e+01  4.000000e+01  7.039230e+01
      vertex  7.684703e+01  4.000000e+01  6.145538e+01
    endloop
  endfacet
  facet normal  0.000000e+00  1.000000e+00  0.000000e+00
    outer loop
      vertex  7.684703e+01  4.000000e+01  6.145538e+01
      vertex  7.600000e+01  4.000000e+01  7.039230e+01
      vertex  7.681678e+01  4.000000e+01  6.987581e+01
    endloop
  endfacet
  facet normal  0.000000e+00  1.000000e+00  0.000000e+00
    outer loop
      vertex  7.684703e+01  4.000000e+01  6.145538e+01
      vertex  7.681678e+01  4.000000e+01  6.987581e+01
      vertex  7.696165e+01  4.000000e+01  6.073170e+01
    endloop
  endfacet
  facet normal  0.000000e+00  1.000000e+00  0.000000e+00
    outer loop
      vertex  7.566312e+01  4.000000e+01  6.411449e+01
      vertex  7.514431e+01  4.000000e+01  7.084141e+01
      vertex  7.606218e+01  4.000000e+01  6.350000e+01
    endloop
  endfacet
  facet normal  0.000000e+00  1.000000e+00  0.000000e+00
    outer loop
      vertex  7.606218e+01  4.000000e+01  6.350000e+01
      vertex  7.514431e+01  4.000000e+01  7.084141e+01
      vertex  7.600000e+01  4.000000e+01  7.039230e+01
    endloop
  endfacet
  facet normal  0.000000e+00  1.000000e+00  0.000000e+00
    outer loop
      vertex  7.606218e+01  4.000000e+01  6.350000e+01
      vertex  7.600000e+01  4.000000e+01  7.039230e+01
      vertex  7.639482e+01  4.000000e+01  6.284716e+01
    endloop
  endfacet
  facet normal  0.000000e+00  1.000000e+00  0.000000e+00
    outer loop
      vertex  7.468391e+01  4.000000e+01  6.520201e+01
      vertex  7.425526e+01  4.000000e+01  7.122019e+01
      vertex  7.520201e+01  4.000000e+01  6.468391e+01
    endloop
  endfacet
  facet normal  0.000000e+00  1.000000e+00  0.000000e+00
    outer loop
      vertex  7.520201e+01  4.000000e+01  6.468391e+01
      vertex  7.425526e+01  4.000000e+01  7.122019e+01
      vertex  7.514431e+01  4.000000e+01  7.084141e+01
    endloop
  endfacet
  facet normal  0.000000e+00  1.000000e+00  0.000000e+00
    outer loop
      vertex  7.520201e+01  4.000000e+01  6.468391e+01
      vertex  7.514431e+01  4.000000e+01  7.084141e+01
      vertex  7.566312e+01  4.000000e+01  6.411449e+01
    endloop
  endfacet
  facet normal  0.000000e+00  1.000000e+00  -0.000000e+00
    outer loop
      vertex  7.425526e+01  4.000000e+01  7.122019e+01
      vertex  7.411449e+01  4.000000e+01  6.566312e+01
      vertex  7.333861e+01  4.000000e+01  7.152621e+01
    endloop
  endfacet
  facet normal  0.000000e+00  1.000000e+00  0.000000e+00
    outer loop
      vertex  7.333861e+01  4.000000e+01  7.152621e+01
      vertex  7.411449e+01  4.000000e+01  6.566312e+01
      vertex  7.350000e+01  4.000000e+01  6.606218e+01
    endloop
  endfacet
  facet normal  0.000000e+00  1.000000e+00  0.000000e+00
    outer loop
      vertex  7.333861e+01  4.000000e+01  7.152621e+01
      vertex  7.350000e+01  4.000000e+01  6.606218e+01
      vertex  7.240031e+01  4.000000e+01  7.175748e+01
    endloop
  endfacet
  facet normal  0.000000e+00  1.000000e+00  0.000000e+00
    outer loop
      vertex  7.240031e+01  4.000000e+01  7.175748e+01
      vertex  7.350000e+01  4.000000e+01  6.606218e+01
      vertex  7.284715e+01  4.000000e+01  6.639482e+01
    endloop
  endfacet
  facet normal  0.000000e+00  1.000000e+00  0.000000e+00
    outer loop
      vertex  7.240031e+01  4.000000e+01  7.175748e+01
      vertex  7.284715e+01  4.000000e+01  6.639482e+01
      vertex  7.216312e+01  4.000000e+01  6.665739e+01
    endloop
  endfacet
  facet normal  0.000000e+00  1.000000e+00  -0.000000e+00
    outer loop
      vertex  7.240031e+01  4.000000e+01  7.175748e+01
      vertex  7.216312e+01  4.000000e+01  6.665739e+01
      vertex  7.144644e+01  4.000000e+01  7.191251e+01
    endloop
  endfacet
  facet normal  0.000000e+00  1.000000e+00  0.000000e+00
    outer loop
      vertex  7.144644e+01  4.000000e+01  7.191251e+01
      vertex  7.216312e+01  4.000000e+01  6.665739e+01
      vertex  7.145538e+01  4.000000e+01  6.684703e+01
    endloop
  endfacet
  facet normal  0.000000e+00  1.000000e+00  0.000000e+00
    outer loop
      vertex  7.144644e+01  4.000000e+01  7.191251e+01
      vertex  7.145538e+01  4.000000e+01  6.684703e+01
      vertex  7.048319e+01  4.000000e+01  7.199026e+01
    endloop
  endfacet
  facet normal  0.000000e+00  1.000000e+00  0.000000e+00
    outer loop
      vertex  7.048319e+01  4.000000e+01  7.199026e+01
      vertex  7.145538e+01  4.000000e+01  6.684703e+01
      vertex  7.073170e+01  4.000000e+01  6.696165e+01
    endloop
  endfacet
  facet normal  0.000000e+00  1.000000e+00  0.000000e+00
    outer loop
      vertex  7.048319e+01  4.000000e+01  7.199026e+01
      vertex  7.073170e+01  4.000000e+01  6.696165e+01
      vertex  6.951681e+01  4.000000e+01  7.199026e+01
    endloop
  endfacet
  facet normal  0.000000e+00  1.000000e+00  0.000000e+00
    outer loop
      vertex  6.951681e+01  4.000000e+01  7.199026e+01
      vertex  7.073170e+01  4.000000e+01  6.696165e+01
      vertex  7.000000e+01  4.000000e+01  6.700000e+01
    endloop
  endfacet
  facet normal  0.000000e+00  1.000000e+00  0.000000e+00
    outer loop
      vertex  6.951681e+01  4.000000e+01  7.199026e+01
      vertex  7.000000e+01  4.000000e+01  6.700000e+01
      vertex  6.926830e+01  4.000000e+01  6.696165e+01
    endloop
  endfacet
  facet normal  0.000000e+00  1.000000e+00  -0.000000e+00
    outer loop
      vertex  6.951681e+01  4.000000e+01  7.199026e+01
      vertex  6.926830e+01  4.000000e+01  6.696165e+01
      vertex  6.855356e+01  4.000000e+01  7.191251e+01
    endloop
  endfacet
  facet normal  0.000000e+00  1.000000e+00  0.000000e+00
    outer loop
      vertex  6.855356e+01  4.000000e+01  7.191251e+01
      vertex  6.926830e+01  4.000000e+01  6.696165e+01
      vertex  6.854462e+01  4.000000e+01  6.684703e+01
    endloop
  endfacet
  facet normal  0.000000e+00  1.000000e+00  -0.000000e+00
    outer loop
      vertex  6.855356e+01  4.000000e+01  7.191251e+01
      vertex  6.854462e+01  4.000000e+01  6.684703e+01
      vertex  6.759969e+01  4.000000e+01  7.175748e+01
    endloop
  endfacet
  facet normal  0.000000e+00  1.000000e+00  0.000000e+00
    outer loop
      vertex  6.759969e+01  4.000000e+01  7.175748e+01
      vertex  6.854462e+01  4.000000e+01  6.684703e+01
      vertex  6.783688e+01  4.000000e+01  6.665739e+01
    endloop
  endfacet
  facet normal  0.000000e+00  1.000000e+00  0.000000e+00
    outer loop
      vertex  6.759969e+01  4.000000e+01  7.175748e+01
      vertex  6.783688e+01  4.000000e+01  6.665739e+01
      vertex  6.666139e+01  4.000000e+01  7.152621e+01
    endloop
  endfacet
  facet normal  0.000000e+00  1.000000e+00  0.000000e+00
    outer loop
      vertex  6.666139e+01  4.000000e+01  7.152621e+01
      vertex  6.783688e+01  4.000000e+01  6.665739e+01
      vertex  6.715285e+01  4.000000e+01  6.639482e+01
    endloop
  endfacet
  facet normal  0.000000e+00  1.000000e+00  0.000000e+00
    outer loop
      vertex  6.666139e+01  4.000000e+01  7.152621e+01
      vertex  6.715285e+01  4.000000e+01  6.639482e+01
      vertex  6.650000e+01  4.000000e+01  6.606218e+01
    endloop
  endfacet
  facet normal  0.000000e+00  1.000000e+00  -0.000000e+00
    outer loop
      vertex  6.666139e+01  4.000000e+01  7.152621e+01
      vertex  6.650000e+01  4.000000e+01  6.606218e+01
      vertex  6.574474e+01  4.000000e+01  7.122019e+01
    endloop
  endfacet
  facet normal  0.000000e+00  9.999999e-01  0.000000e+00
    outer loop
      vertex  6.574474e+01  4.000000e+01  7.122019e+01
      vertex  6.650000e+01  4.000000e+01  6.606218e+01
      vertex  6.588551e+01  4.000000e+01  6.566312e+01
    endloop
  endfacet
  facet normal  0.000000e+00  9.999999e-01  0.000000e+00
    outer loop
      vertex  6.574474e+01  4.000000e+01  7.122019e+01
      vertex  6.588551e+01  4.000000e+01  6.566312e+01
      vertex  6.485569e+01  4.000000e+01  7.084141e+01
    endloop
  endfacet
  facet normal  0.000000e+00  1.000000e+00  0.000000e+00
    outer loop
      vertex  6.485569e+01  4.000000e+01  7.084141e+01
      vertex  6.588551e+01  4.000000e+01  6.566312e+01
      vertex  6.531609e+01  4.000000e+01  6.520201e+01
    endloop
  endfacet
  facet normal  0.000000e+00  1.000000e+00  0.000000e+00
    outer loop
      vertex  6.485569e+01  4.000000e+01  7.084141e+01
      vertex  6.531609e+01  4.000000e+01  6.520201e+01
      vertex  6.479799e+01  4.000000e+01  6.468391e+01
    endloop
  endfacet
  facet normal  0.000000e+00  1.000000e+00  -0.000000e+00
    outer loop
      vertex  6.485569e+01  4.000000e+01  7.084141e+01
      vertex  6.479799e+01  4.000000e+01  6.468391e+01
      vertex  6.400000e+01  4.000000e+01  7.039230e+01
    endloop
  endfacet
  facet normal  0.000000e+00  1.000000e+00  0.000000e+00
    outer loop
      vertex  6.400000e+01  4.000000e+01  7.039230e+01
      vertex  6.479799e+01  4.000000e+01  6.468391e+01
      vertex  6.433688e+01  4.000000e+01  6.411449e+01
    endloop
  endfacet
  facet normal  0.000000e+00  1.000000e+00  0.000000e+00
    outer loop
      vertex  6.400000e+01  4.000000e+01  7.039230e+01
      vertex  6.433688e+01  4.000000e+01  6.411449e+01
      vertex  6.393782e+01  4.000000e+01  6.350000e+01
    endloop
  endfacet
  facet normal  0.000000e+00  1.000000e+00  -0.000000e+00
    outer loop
      vertex  6.400000e+01  4.000000e+01  7.039230e+01
      vertex  6.393782e+01  4.000000e+01  6.350000e+01
      vertex  6.318322e+01  4.000000e+01  6.987581e+01
    endloop
  endfacet
  facet normal  0.000000e+00  1.000000e+00  0.000000e+00
    outer loop
      vertex  6.318322e+01  4.000000e+01  6.987581e+01
      vertex  6.393782e+01  4.000000e+01  6.350000e+01
      vertex  6.360518e+01  4.000000e+01  6.284716e+01
    endloop
  endfacet
  facet normal  0.000000e+00  1.000000e+00  0.000000e+00
    outer loop
      vertex  6.318322e+01  4.000000e+01  6.987581e+01
      vertex  6.360518e+01  4.000000e+01  6.284716e+01
      vertex  6.334261e+01  4.000000e+01  6.216312e+01
    endloop
  endfacet
  facet normal  0.000000e+00  1.000000e+00  -0.000000e+00
    outer loop
      vertex  6.318322e+01  4.000000e+01  6.987581e+01
      vertex  6.315297e+01  4.000000e+01  6.145538e+01
      vertex  6.241066e+01  4.000000e+01  6.929526e+01
    endloop
  endfacet
  facet normal  0.000000e+00  1.000000e+00  0.000000e+00
    outer loop
      vertex  6.241066e+01  4.000000e+01  6.929526e+01
      vertex  6.315297e+01  4.000000e+01  6.145538e+01
      vertex  6.303835e+01  4.000000e+01  6.073170e+01
    endloop
  endfacet
  facet normal  0.000000e+00  1.000000e+00  0.000000e+00
    outer loop
      vertex  6.241066e+01  4.000000e+01  6.929526e+01
      vertex  6.303835e+01  4.000000e+01  6.073170e+01
      vertex  6.300000e+01  4.000000e+01  6.000000e+01
    endloop
  endfacet
  facet normal  1.000000e+00  0.000000e+00  0.000000e+00
    outer loop
      vertex  8.200000e+01  3.000000e+01  1.000000e+01
      vertex  8.200000e+01  3.000000e+01  2.000000e+01
      vertex  8.200000e+01  2.500000e+01  1.000000e+01
    endloop
  endfacet
  facet normal  1.000000e+00  0.000000e+00  0.000000e+00
    outer loop
      vertex  8.200000e+01  2.500000e+01  1.000000e+01
      vertex  8.200000e+01  3.000000e+01  2.000000e+01
      vertex  8.200000e+01  2.500000e+01  6.000000e+01
    endloop
  endfacet
  facet normal  1.000000e+00  0.000000e+00  0.000000e+00
    outer loop
      vertex  8.200000e+01  3.000000e+01  2.000000e+01
      vertex  8.200000e+01  4.000000e+01  2.000000e+01
      vertex  8.200000e+01  2.500000e+01  6.000000e+01
    endloop
  endfacet
  facet normal  1.000000e+00  -0.000000e+00  0.000000e+00
    outer loop
      vertex  8.200000e+01  2.500000e+01  6.000000e+01
      vertex  8.200000e+01  4.000000e+01  2.000000e+01
      vertex  8.200000e+01  4.000000e+01  6.000000e+01
    endloop
  endfacet
  facet normal -1.000000e+00  0.000000e+00  0.000000e+00
    outer loop
      vertex  5.800000e+01  2.500000e+01  1.000000e+01
      vertex  5.800000e+01  2.500000e+01  6.000000e+01
      vertex  5.800000e+01  3.000000e+01  1.000000e+01
    endloop
  endfacet
  facet normal -1.000000e+00  0.000000e+00  0.000000e+00
    outer loop
      vertex  5.800000e+01  3.000000e+01  1.000000e+01
      vertex  5.800000e+01  2.500000e+01  6.000000e+01
      vertex  5.800000e+01  3.000000e+01  2.000000e+01
    endloop
  endfacet
  facet normal -1.000000e+00  -0.000000e+00  0.000000e+00
    outer loop
      vertex  5.800000e+01  2.500000e+01  6.000000e+01
      vertex  5.800000e+01  4.000000e+01  6.000000e+01
      vertex  5.800000e+01  3.000000e+01  2.000000e+01
    endloop
  endfacet
  facet normal -1.000000e+00  0.000000e+00  0.000000e+00
    outer loop
      vertex  5.800000e+01  3.000000e+01  2.000000e+01
      vertex  5.800000e+01  4.000000e+01  6.000000e+01
      vertex  5.800000e+01  4.000000e+01  2.000000e+01
    endloop
  endfacet
  facet normal  0.000000e+00 -1.000000e+00  0.000000e+00
    outer loop
      vertex  8.200000e+01  3.000000e+01  1.000000e+01
      vertex  1.250000e+02  3.000000e+01  1.000000e+01
      vertex  8.200000e+01  3.000000e+01  2.000000e+01
    endloop
  endfacet
  facet normal  0.000000e+00 -1.000000e+00  0.000000e+00
    outer loop
      vertex  8.200000e+01  3.000000e+01  2.000000e+01
      vertex  1.250000e+02  3.000000e+01  1.000000e+01
      vertex  1.250000e+02  3.000000e+01  2.000000e+01
    endloop
  endfacet
  facet normal  0.000000e+00 -1.000000e+00  0.000000e+00
    outer loop
      vertex  2.000000e+01  3.000000e+01  1.000000e+01
      vertex  5.800000e+01  3.000000e+01  1.000000e+01
      vertex  2.000000e+01  3.000000e+01  2.000000e+01
    endloop
  endfacet
  facet normal  0.000000e+00 -1.000000e+00  0.000000e+00
    outer loop
      vertex  2.000000e+01  3.000000e+01  2.000000e+01
      vertex  5.800000e+01  3.000000e+01  1.000000e+01
      vertex  5.800000e+01  3.000000e+01  2.000000e+01
    endloop
  endfacet
  facet normal  0.000000e+00  0.000000e+00  1.000000e+00
    outer loop
      vertex  8.200000e+01  4.000000e+01  2.000000e+01
      vertex  8.200000e+01  3.000000e+01  2.000000e+01
      vertex  1.250000e+02  4.000000e+01  2.000000e+01
    endloop
  endfacet
  facet normal  0.000000e+00  0.000000e+00  1.000000e+00
    outer loop
      vertex  1.250000e+02  4.000000e+01  2.000000e+01
      vertex  8.200000e+01  3.000000e+01  2.000000e+01
      vertex  1.250000e+02  3.000000e+01  2.000000e+01
    endloop
  endfacet
  facet normal  0.000000e+00  0.000000e+00  1.000000e+00
    outer loop
      vertex  2.000000e+01  4.000000e+01  2.000000e+01
      vertex  2.000000e+01  3.000000e+01  2.000000e+01
      vertex  5.800000e+01  4.000000e+01  2.000000e+01
    endloop
  endfacet
  facet normal  0.000000e+00  0.000000e+00  1.000000e+00
    outer loop
      vertex  5.800000e+01  4.000000e+01  2.000000e+01
      vertex  2.000000e+01  3.000000e+01  2.000000e+01
      vertex  5.800000e+01  3.000000e+01  2.000000e+01
    endloop
  endfacet
  facet normal  -0.000000e+00 -1.000000e+00  0.000000e+00
    outer loop
      vertex  7.284715e+01  2.500000e+01  6.639482e+01
      vertex  8.014228e+01  2.500000e+01  6.641359e+01
      vertex  7.216312e+01  2.500000e+01  6.665739e+01
    endloop
  endfacet
  facet normal  -0.000000e+00 -9.999999e-01  0.000000e+00
    outer loop
      vertex  7.606218e+01  2.500000e+01  6.350000e+01
      vertex  8.138244e+01  2.500000e+01  6.380001e+01
      vertex  7.566312e+01  2.500000e+01  6.411449e+01
    endloop
  endfacet
  facet normal  0.000000e+00 -1.000000e+00  0.000000e+00
    outer loop
      vertex  5.985772e+01  2.500000e+01  6.641359e+01
      vertex  6.715285e+01  2.500000e+01  6.639482e+01
      vertex  6.783688e+01  2.500000e+01  6.665739e+01
    endloop
  endfacet
  facet normal  0.000000e+00 -1.000000e+00  0.000000e+00
    outer loop
      vertex  7.000000e+01  2.500000e+01  6.700000e+01
      vertex  7.073170e+01  2.500000e+01  6.696165e+01
      vertex  7.959332e+01  2.500000e+01  6.720891e+01
    endloop
  endfacet
  facet normal  -0.000000e+00 -9.999999e-01  0.000000e+00
    outer loop
      vertex  7.000000e+01  2.500000e+01  6.700000e+01
      vertex  7.959332e+01  2.500000e+01  6.720891e+01
      vertex  7.898213e+01  2.500000e+01  6.795747e+01
    endloop
  endfacet
  facet normal  -0.000000e+00 -1.000000e+00  0.000000e+00
    outer loop
      vertex  7.000000e+01  2.500000e+01  6.700000e+01
      vertex  7.898213e+01  2.500000e+01  6.795747e+01
      vertex  7.831269e+01  2.500000e+01  6.865443e+01
    endloop
  endfacet
  facet normal  -0.000000e+00 -1.000000e+00  0.000000e+00
    outer loop
      vertex  7.000000e+01  2.500000e+01  6.700000e+01
      vertex  7.831269e+01  2.500000e+01  6.865443e+01
      vertex  7.758935e+01  2.500000e+01  6.929526e+01
    endloop
  endfacet
  facet normal  -0.000000e+00 -1.000000e+00  0.000000e+00
    outer loop
      vertex  7.000000e+01  2.500000e+01  6.700000e+01
      vertex  7.758935e+01  2.500000e+01  6.929526e+01
      vertex  7.681678e+01  2.500000e+01  6.987581e+01
    endloop
  endfacet
  facet normal  -0.000000e+00 -1.000000e+00  0.000000e+00
    outer loop
      vertex  7.000000e+01  2.500000e+01  6.700000e+01
      vertex  7.681678e+01  2.500000e+01  6.987581e+01
      vertex  7.600000e+01  2.500000e+01  7.039230e+01
    endloop
  endfacet
  facet normal  -0.000000e+00 -9.999999e-01  0.000000e+00
    outer loop
      vertex  7.000000e+01  2.500000e+01  6.700000e+01
      vertex  7.600000e+01  2.500000e+01  7.039230e+01
      vertex  7.514431e+01  2.500000e+01  7.084141e+01
    endloop
  endfacet
  facet normal  -0.000000e+00 -9.999999e-01  0.000000e+00
    outer loop
      vertex  7.000000e+01  2.500000e+01  6.700000e+01
      vertex  7.514431e+01  2.500000e+01  7.084141e+01
      vertex  7.425526e+01  2.500000e+01  7.122019e+01
    endloop
  endfacet
  facet normal  -0.000000e+00 -1.000000e+00  0.000000e+00
    outer loop
      vertex  7.000000e+01  2.500000e+01  6.700000e+01
      vertex  7.425526e+01  2.500000e+01  7.122019e+01
      vertex  7.333861e+01  2.500000e+01  7.152621e+01
    endloop
  endfacet
  facet normal  -0.000000e+00 -9.999999e-01  0.000000e+00
    outer loop
      vertex  7.000000e+01  2.500000e+01  6.700000e+01
      vertex  7.333861e+01  2.500000e+01  7.152621e+01
      vertex  7.240031e+01  2.500000e+01  7.175748e+01
    endloop
  endfacet
  facet normal  -0.000000e+00 -1.000000e+00  0.000000e+00
    outer loop
      vertex  7.000000e+01  2.500000e+01  6.700000e+01
      vertex  7.240031e+01  2.500000e+01  7.175748e+01
      vertex  7.144644e+01  2.500000e+01  7.191251e+01
    endloop
  endfacet
  facet normal  -0.000000e+00 -1.000000e+00  0.000000e+00
    outer loop
      vertex  7.000000e+01  2.500000e+01  6.700000e+01
      vertex  7.144644e+01  2.500000e+01  7.191251e+01
      vertex  7.048319e+01  2.500000e+01  7.199026e+01
    endloop
  endfacet
  facet normal  -0.000000e+00 -1.000000e+00  0.000000e+00
    outer loop
      vertex  7.000000e+01  2.500000e+01  6.700000e+01
      vertex  7.048319e+01  2.500000e+01  7.199026e+01
      vertex  6.951681e+01  2.500000e+01  7.199026e+01
    endloop
  endfacet
  facet normal  0.000000e+00 -1.000000e+00  -0.000000e+00
    outer loop
      vertex  7.000000e+01  2.500000e+01  6.700000e+01
      vertex  6.951681e+01  2.500000e+01  7.199026e+01
      vertex  6.855356e+01  2.500000e+01  7.191251e+01
    endloop
  endfacet
  facet normal  0.000000e+00 -1.000000e+00  -0.000000e+00
    outer loop
      vertex  7.000000e+01  2.500000e+01  6.700000e+01
      vertex  6.855356e+01  2.500000e+01  7.191251e+01
      vertex  6.759969e+01  2.500000e+01  7.175748e+01
    endloop
  endfacet
  facet normal  0.000000e+00 -9.999999e-01  -0.000000e+00
    outer loop
      vertex  7.000000e+01  2.500000e+01  6.700000e+01
      vertex  6.759969e+01  2.500000e+01  7.175748e+01
      vertex  6.666139e+01  2.500000e+01  7.152621e+01
    endloop
  endfacet
  facet normal  0.000000e+00 -1.000000e+00  -0.000000e+00
    outer loop
      vertex  7.000000e+01  2.500000e+01  6.700000e+01
      vertex  6.666139e+01  2.500000e+01  7.152621e+01
      vertex  6.574474e+01  2.500000e+01  7.122019e+01
    endloop
  endfacet
  facet normal  0.000000e+00 -9.999999e-01  -0.000000e+00
    outer loop
      vertex  7.000000e+01  2.500000e+01  6.700000e+01
      vertex  6.574474e+01  2.500000e+01  7.122019e+01
      vertex  6.485569e+01  2.500000e+01  7.084141e+01
    endloop
  endfacet
  facet normal  0.000000e+00 -9.999999e-01  -0.000000e+00
    outer loop
      vertex  7.000000e+01  2.500000e+01  6.700000e+01
      vertex  6.485569e+01  2.500000e+01  7.084141e+01
      vertex  6.400000e+01  2.500000e+01  7.039230e+01
    endloop
  endfacet
  facet normal  0.000000e+00 -1.000000e+00  -0.000000e+00
    outer loop
      vertex  7.000000e+01  2.500000e+01  6.700000e+01
      vertex  6.400000e+01  2.500000e+01  7.039230e+01
      vertex  6.318322e+01  2.500000e+01  6.987581e+01
    endloop
  endfacet
  facet normal  0.000000e+00 -1.000000e+00  -0.000000e+00
    outer loop
      vertex  7.000000e+01  2.500000e+01  6.700000e+01
      vertex  6.318322e+01  2.500000e+01  6.987581e+01
      vertex  6.241066e+01  2.500000e+01  6.929526e+01
    endloop
  endfacet
  facet normal  0.000000e+00 -1.000000e+00  -0.000000e+00
    outer loop
      vertex  7.000000e+01  2.500000e+01  6.700000e+01
      vertex  6.241066e+01  2.500000e+01  6.929526e+01
      vertex  6.168731e+01  2.500000e+01  6.865443e+01
    endloop
  endfacet
  facet normal  0.000000e+00 -1.000000e+00  -0.000000e+00
    outer loop
      vertex  7.000000e+01  2.500000e+01  6.700000e+01
      vertex  6.168731e+01  2.500000e+01  6.865443e+01
      vertex  6.101787e+01  2.500000e+01  6.795747e+01
    endloop
  endfacet
  facet normal  0.000000e+00 -1.000000e+00  -0.000000e+00
    outer loop
      vertex  7.000000e+01  2.500000e+01  6.700000e+01
      vertex  6.101787e+01  2.500000e+01  6.795747e+01
      vertex  6.040669e+01  2.500000e+01  6.720891e+01
    endloop
  endfacet
  facet normal  0.000000e+00 -1.000000e+00  0.000000e+00
    outer loop
      vertex  7.000000e+01  2.500000e+01  6.700000e+01
      vertex  6.040669e+01  2.500000e+01  6.720891e+01
      vertex  6.926830e+01  2.500000e+01  6.696165e+01
    endloop
  endfacet
  facet normal  0.000000e+00 -1.000000e+00  -0.000000e+00
    outer loop
      vertex  8.062547e+01  2.500000e+01  6.557668e+01
      vertex  8.014228e+01  2.500000e+01  6.641359e+01
      vertex  7.284715e+01  2.500000e+01  6.639482e+01
    endloop
  endfacet
  facet normal  0.000000e+00 -1.000000e+00  0.000000e+00
    outer loop
      vertex  8.062547e+01  2.500000e+01  6.557668e+01
      vertex  7.284715e+01  2.500000e+01  6.639482e+01
      vertex  7.350000e+01  2.500000e+01  6.606218e+01
    endloop
  endfacet
  facet normal  0.000000e+00 -1.000000e+00  0.000000e+00
    outer loop
      vertex  8.062547e+01  2.500000e+01  6.557668e+01
      vertex  7.350000e+01  2.500000e+01  6.606218e+01
      vertex  7.411449e+01  2.500000e+01  6.566312e+01
    endloop
  endfacet
  facet normal  0.000000e+00 -1.000000e+00  0.000000e+00
    outer loop
      vertex  8.062547e+01  2.500000e+01  6.557668e+01
      vertex  7.411449e+01  2.500000e+01  6.566312e+01
      vertex  7.468391e+01  2.500000e+01  6.520201e+01
    endloop
  endfacet
  facet normal  0.000000e+00 -1.000000e+00  0.000000e+00
    outer loop
      vertex  8.062547e+01  2.500000e+01  6.557668e+01
      vertex  7.468391e+01  2.500000e+01  6.520201e+01
      vertex  8.103976e+01  2.500000e+01  6.470360e+01
    endloop
  endfacet
  facet normal  -0.000000e+00 -1.000000e+00  -0.000000e+00
    outer loop
      vertex  8.200000e+01  2.500000e+01  1.000000e+01
      vertex  8.200000e+01  2.500000e+01  6.000000e+01
      vertex  7.700000e+01  2.500000e+01  6.000000e+01
    endloop
  endfacet
  facet normal  0.000000e+00 -1.000000e+00  -0.000000e+00
    outer loop
      vertex  8.200000e+01  2.500000e+01  1.000000e+01
      vertex  7.700000e+01  2.500000e+01  6.000000e+01
      vertex  7.696165e+01  2.500000e+01  5.926830e+01
    endloop
  endfacet
  facet normal  0.000000e+00 -1.000000e+00  -0.000000e+00
    outer loop
      vertex  8.200000e+01  2.500000e+01  1.000000e+01
      vertex  7.696165e+01  2.500000e+01  5.926830e+01
      vertex  7.684703e+01  2.500000e+01  5.854462e+01
    endloop
  endfacet
  facet normal  0.000000e+00 -1.000000e+00  -0.000000e+00
    outer loop
      vertex  8.200000e+01  2.500000e+01  1.000000e+01
      vertex  7.684703e+01  2.500000e+01  5.854462e+01
      vertex  7.665739e+01  2.500000e+01  5.783688e+01
    endloop
  endfacet
  facet normal  0.000000e+00 -1.000000e+00  -0.000000e+00
    outer loop
      vertex  8.200000e+01  2.500000e+01  1.000000e+01
      vertex  7.665739e+01  2.500000e+01  5.783688e+01
      vertex  7.639482e+01  2.500000e+01  5.715284e+01
    endloop
  endfacet
  facet normal  0.000000e+00 -1.000000e+00  -0.000000e+00
    outer loop
      vertex  8.200000e+01  2.500000e+01  1.000000e+01
      vertex  7.639482e+01  2.500000e+01  5.715284e+01
      vertex  7.606218e+01  2.500000e+01  5.650000e+01
    endloop
  endfacet
  facet normal  0.000000e+00 -1.000000e+00  -0.000000e+00
    outer loop
      vertex  8.200000e+01  2.500000e+01  1.000000e+01
      vertex  7.606218e+01  2.500000e+01  5.650000e+01
      vertex  7.566312e+01  2.500000e+01  5.588550e+01
    endloop
  endfacet
  facet normal  0.000000e+00 -1.000000e+00  -0.000000e+00
    outer loop
      vertex  8.200000e+01  2.500000e+01  1.000000e+01
      vertex  7.566312e+01  2.500000e+01  5.588550e+01
      vertex  7.520201e+01  2.500000e+01  5.531609e+01
    endloop
  endfacet
  facet normal  0.000000e+00 -1.000000e+00  -0.000000e+00
    outer loop
      vertex  8.200000e+01  2.500000e+01  1.000000e+01
      vertex  7.520201e+01  2.500000e+01  5.531609e+01
      vertex  7.468391e+01  2.500000e+01  5.479799e+01
    endloop
  endfacet
  facet normal  0.000000e+00 -1.000000e+00  -0.000000e+00
    outer loop
      vertex  8.200000e+01  2.500000e+01  1.000000e+01
      vertex  7.468391e+01  2.500000e+01  5.479799e+01
      vertex  7.411449e+01  2.500000e+01  5.433688e+01
    endloop
  endfacet
  facet normal  0.000000e+00 -9.999999e-01  -0.000000e+00
    outer loop
      vertex  8.200000e+01  2.500000e+01  1.000000e+01
      vertex  7.411449e+01  2.500000e+01  5.433688e+01
      vertex  7.350000e+01  2.500000e+01  5.393782e+01
    endloop
  endfacet
  facet normal  0.000000e+00 -1.000000e+00  -0.000000e+00
    outer loop
      vertex  8.200000e+01  2.500000e+01  1.000000e+01
      vertex  7.350000e+01  2.500000e+01  5.393782e+01
      vertex  7.284715e+01  2.500000e+01  5.360518e+01
    endloop
  endfacet
  facet normal  0.000000e+00 -1.000000e+00  -0.000000e+00
    outer loop
      vertex  8.200000e+01  2.500000e+01  1.000000e+01
      vertex  7.284715e+01  2.500000e+01  5.360518e+01
      vertex  7.216312e+01  2.500000e+01  5.334261e+01
    endloop
  endfacet
  facet normal  0.000000e+00 -1.000000e+00  -0.000000e+00
    outer loop
      vertex  8.200000e+01  2.500000e+01  1.000000e+01
      vertex  7.216312e+01  2.500000e+01  5.334261e+01
      vertex  7.145538e+01  2.500000e+01  5.315297e+01
    endloop
  endfacet
  facet normal  0.000000e+00 -1.000000e+00  -0.000000e+00
    outer loop
      vertex  8.200000e+01  2.500000e+01  1.000000e+01
      vertex  7.145538e+01  2.500000e+01  5.315297e+01
      vertex  7.073170e+01  2.500000e+01  5.303835e+01
    endloop
  endfacet
  facet normal  0.000000e+00 -1.000000e+00  -0.000000e+00
    outer loop
      vertex  8.200000e+01  2.500000e+01  1.000000e+01
      vertex  7.073170e+01  2.500000e+01  5.303835e+01
      vertex  7.000000e+01  2.500000e+01  5.300000e+01
    endloop
  endfacet
  facet normal  0.000000e+00 -1.000000e+00  -0.000000e+00
    outer loop
      vertex  8.200000e+01  2.500000e+01  1.000000e+01
      vertex  7.000000e+01  2.500000e+01  5.300000e+01
      vertex  5.800000e+01  2.500000e+01  1.000000e+01
    endloop
  endfacet
  facet normal  -0.000000e+00 -1.000000e+00  0.000000e+00
    outer loop
      vertex  5.800000e+01  2.500000e+01  1.000000e+01
      vertex  7.000000e+01  2.500000e+01  5.300000e+01
      vertex  6.926830e+01  2.500000e+01  5.303835e+01
    endloop
  endfacet
  facet normal  -0.000000e+00 -1.000000e+00  0.000000e+00
    outer loop
      vertex  5.800000e+01  2.500000e+01  1.000000e+01
      vertex  6.926830e+01  2.500000e+01  5.303835e+01
      vertex  6.854462e+01  2.500000e+01  5.315297e+01
    endloop
  endfacet
  facet normal  -0.000000e+00 -1.000000e+00  0.000000e+00
    outer loop
      vertex  5.800000e+01  2.500000e+01  1.000000e+01
      vertex  6.854462e+01  2.500000e+01  5.315297e+01
      vertex  6.783688e+01  2.500000e+01  5.334261e+01
    endloop
  endfacet
  facet normal  -0.000000e+00 -1.000000e+00  0.000000e+00
    outer loop
      vertex  5.800000e+01  2.500000e+01  1.000000e+01
      vertex  6.783688e+01  2.500000e+01  5.334261e+01
      vertex  6.715285e+01  2.500000e+01  5.360518e+01
    endloop
  endfacet
  facet normal  -0.000000e+00 -1.000000e+00  0.000000e+00
    outer loop
      vertex  5.800000e+01  2.500000e+01  1.000000e+01
      vertex  6.715285e+01  2.500000e+01  5.360518e+01
      vertex  6.650000e+01  2.500000e+01  5.393782e+01
    endloop
  endfacet
  facet normal  -0.000000e+00 -9.999999e-01  0.000000e+00
    outer loop
      vertex  5.800000e+01  2.500000e+01  1.000000e+01
      vertex  6.650000e+01  2.500000e+01  5.393782e+01
      vertex  6.588551e+01  2.500000e+01  5.433688e+01
    endloop
  endfacet
  facet normal  -0.000000e+00 -1.000000e+00  0.000000e+00
    outer loop
      vertex  5.800000e+01  2.500000e+01  1.000000e+01
      vertex  6.588551e+01  2.500000e+01  5.433688e+01
      vertex  6.531609e+01  2.500000e+01  5.479799e+01
    endloop
  endfacet
  facet normal  -0.000000e+00 -1.000000e+00  0.000000e+00
    outer loop
      vertex  5.800000e+01  2.500000e+01  1.000000e+01
      vertex  6.531609e+01  2.500000e+01  5.479799e+01
      vertex  6.479799e+01  2.500000e+01  5.531609e+01
    endloop
  endfacet
  facet normal  -0.000000e+00 -1.000000e+00  0.000000e+00
    outer loop
      vertex  5.800000e+01  2.500000e+01  1.000000e+01
      vertex  6.479799e+01  2.500000e+01  5.531609e+01
      vertex  6.433688e+01  2.500000e+01  5.588550e+01
    endloop
  endfacet
  facet normal  -0.000000e+00 -1.000000e+00  0.000000e+00
    outer loop
      vertex  5.800000e+01  2.500000e+01  1.000000e+01
      vertex  6.433688e+01  2.500000e+01  5.588550e+01
      vertex  6.393782e+01  2.500000e+01  5.650000e+01
    endloop
  endfacet
  facet normal  -0.000000e+00 -9.999999e-01  0.000000e+00
    outer loop
      vertex  5.800000e+01  2.500000e+01  1.000000e+01
      vertex  6.393782e+01  2.500000e+01  5.650000e+01
      vertex  6.360518e+01  2.500000e+01  5.715284e+01
    endloop
  endfacet
  facet normal  -0.000000e+00 -1.000000e+00  0.000000e+00
    outer loop
      vertex  5.800000e+01  2.500000e+01  1.000000e+01
      vertex  6.360518e+01  2.500000e+01  5.715284e+01
      vertex  6.334261e+01  2.500000e+01  5.783688e+01
    endloop
  endfacet
  facet normal  -0.000000e+00 -1.000000e+00  0.000000e+00
    outer loop
      vertex  5.800000e+01  2.500000e+01  1.000000e+01
      vertex  6.334261e+01  2.500000e+01  5.783688e+01
      vertex  6.315297e+01  2.500000e+01  5.854462e+01
    endloop
  endfacet
  facet normal  -0.000000e+00 -1.000000e+00  0.000000e+00
    outer loop
      vertex  5.800000e+01  2.500000e+01  1.000000e+01
      vertex  6.315297e+01  2.500000e+01  5.854462e+01
      vertex  6.303835e+01  2.500000e+01  5.926830e+01
    endloop
  endfacet
  facet normal  -0.000000e+00 -1.000000e+00  0.000000e+00
    outer loop
      vertex  5.800000e+01  2.500000e+01  1.000000e+01
      vertex  6.303835e+01  2.500000e+01  5.926830e+01
      vertex  6.300000e+01  2.500000e+01  6.000000e+01
    endloop
  endfacet
  facet normal  -0.000000e+00 -1.000000e+00  0.000000e+00
    outer loop
      vertex  5.800000e+01  2.500000e+01  1.000000e+01
      vertex  6.300000e+01  2.500000e+01  6.000000e+01
      vertex  5.800000e+01  2.500000e+01  6.000000e+01
    endloop
  endfacet
  facet normal  0.000000e+00 -9.999999e-01  0.000000e+00
    outer loop
      vertex  7.216312e+01  2.500000e+01  6.665739e+01
      vertex  8.014228e+01  2.500000e+01  6.641359e+01
      vertex  7.145538e+01  2.500000e+01  6.684703e+01
    endloop
  endfacet
  facet normal  0.000000e+00 -1.000000e+00  0.000000e+00
    outer loop
      vertex  7.145538e+01  2.500000e+01  6.684703e+01
      vertex  8.014228e+01  2.500000e+01  6.641359e+01
      vertex  7.959332e+01  2.500000e+01  6.720891e+01
    endloop
  endfacet
  facet normal  0.000000e+00 -1.000000e+00  0.000000e+00
    outer loop
      vertex  7.145538e+01  2.500000e+01  6.684703e+01
      vertex  7.959332e+01  2.500000e+01  6.720891e+01
      vertex  7.073170e+01  2.500000e+01  6.696165e+01
    endloop
  endfacet
  facet normal  0.000000e+00 -1.000000e+00  0.000000e+00
    outer loop
      vertex  7.468391e+01  2.500000e+01  6.520201e+01
      vertex  7.520201e+01  2.500000e+01  6.468391e+01
      vertex  8.103976e+01  2.500000e+01  6.470360e+01
    endloop
  endfacet
  facet normal  0.000000e+00 -1.000000e+00  0.000000e+00
    outer loop
      vertex  8.103976e+01  2.500000e+01  6.470360e+01
      vertex  7.520201e+01  2.500000e+01  6.468391e+01
      vertex  7.566312e+01  2.500000e+01  6.411449e+01
    endloop
  endfacet
  facet normal  0.000000e+00 -1.000000e+00  0.000000e+00
    outer loop
      vertex  8.103976e+01  2.500000e+01  6.470360e+01
      vertex  7.566312e+01  2.500000e+01  6.411449e+01
      vertex  8.138244e+01  2.500000e+01  6.380001e+01
    endloop
  endfacet
  facet normal  -0.000000e+00 -1.000000e+00  0.000000e+00
    outer loop
      vertex  7.696165e+01  2.500000e+01  6.073170e+01
      vertex  8.196109e+01  2.500000e+01  6.096560e+01
      vertex  7.684703e+01  2.500000e+01  6.145538e+01
    endloop
  endfacet
  facet normal  0.000000e+00 -1.000000e+00  0.000000e+00
    outer loop
      vertex  7.684703e+01  2.500000e+01  6.145538e+01
      vertex  8.196109e+01  2.500000e+01  6.096560e+01
      vertex  8.184460e+01  2.500000e+01  6.192493e+01
    endloop
  endfacet
  facet normal  -0.000000e+00 -1.000000e+00  0.000000e+00
    outer loop
      vertex  7.684703e+01  2.500000e+01  6.145538e+01
      vertex  8.184460e+01  2.500000e+01  6.192493e+01
      vertex  7.665739e+01  2.500000e+01  6.216312e+01
    endloop
  endfacet
  facet normal  0.000000e+00 -1.000000e+00  0.000000e+00
    outer loop
      vertex  7.665739e+01  2.500000e+01  6.216312e+01
      vertex  8.184460e+01  2.500000e+01  6.192493e+01
      vertex  8.165130e+01  2.500000e+01  6.287179e+01
    endloop
  endfacet
  facet normal  0.000000e+00 -1.000000e+00  0.000000e+00
    outer loop
      vertex  7.665739e+01  2.500000e+01  6.216312e+01
      vertex  8.165130e+01  2.500000e+01  6.287179e+01
      vertex  7.639482e+01  2.500000e+01  6.284716e+01
    endloop
  endfacet
  facet normal  0.000000e+00 -1.000000e+00  0.000000e+00
    outer loop
      vertex  7.639482e+01  2.500000e+01  6.284716e+01
      vertex  8.165130e+01  2.500000e+01  6.287179e+01
      vertex  8.138244e+01  2.500000e+01  6.380001e+01
    endloop
  endfacet
  facet normal  0.000000e+00 -1.000000e+00  0.000000e+00
    outer loop
      vertex  7.639482e+01  2.500000e+01  6.284716e+01
      vertex  8.138244e+01  2.500000e+01  6.380001e+01
      vertex  7.606218e+01  2.500000e+01  6.350000e+01
    endloop
  endfacet
  facet normal  0.000000e+00 -1.000000e+00  -0.000000e+00
    outer loop
      vertex  8.200000e+01  2.500000e+01  6.000000e+01
      vertex  8.196109e+01  2.500000e+01  6.096560e+01
      vertex  7.700000e+01  2.500000e+01  6.000000e+01
    endloop
  endfacet
  facet normal  0.000000e+00 -1.000000e+00  0.000000e+00
    outer loop
      vertex  7.700000e+01  2.500000e+01  6.000000e+01
      vertex  8.196109e+01  2.500000e+01  6.096560e+01
      vertex  7.696165e+01  2.500000e+01  6.073170e+01
    endloop
  endfacet
  facet normal  0.000000e+00 -9.999999e-01  0.000000e+00
    outer loop
      vertex  6.783688e+01  2.500000e+01  6.665739e+01
      vertex  6.854462e+01  2.500000e+01  6.684703e+01
      vertex  5.985772e+01  2.500000e+01  6.641359e+01
    endloop
  endfacet
  facet normal  0.000000e+00 -1.000000e+00  0.000000e+00
    outer loop
      vertex  5.985772e+01  2.500000e+01  6.641359e+01
      vertex  6.854462e+01  2.500000e+01  6.684703e+01
      vertex  6.926830e+01  2.500000e+01  6.696165e+01
    endloop
  endfacet
  facet normal  -0.000000e+00 -1.000000e+00  0.000000e+00
    outer loop
      vertex  5.985772e+01  2.500000e+01  6.641359e+01
      vertex  6.926830e+01  2.500000e+01  6.696165e+01
      vertex  6.040669e+01  2.500000e+01  6.720891e+01
    endloop
  endfacet
  facet normal  0.000000e+00 -1.000000e+00  0.000000e+00
    outer loop
      vertex  6.588551e+01  2.500000e+01  6.566312e+01
      vertex  6.650000e+01  2.500000e+01  6.606218e+01
      vertex  5.937453e+01  2.500000e+01  6.557668e+01
    endloop
  endfacet
  facet normal  0.000000e+00 -1.000000e+00  0.000000e+00
    outer loop
      vertex  5.937453e+01  2.500000e+01  6.557668e+01
      vertex  6.650000e+01  2.500000e+01  6.606218e+01
      vertex  6.715285e+01  2.500000e+01  6.639482e+01
    endloop
  endfacet
  facet normal  -0.000000e+00 -1.000000e+00  0.000000e+00
    outer loop
      vertex  5.937453e+01  2.500000e+01  6.557668e+01
      vertex  6.715285e+01  2.500000e+01  6.639482e+01
      vertex  5.985772e+01  2.500000e+01  6.641359e+01
    endloop
  endfacet
  facet normal  0.000000e+00 -1.000000e+00  0.000000e+00
    outer loop
      vertex  6.479799e+01  2.500000e+01  6.468391e+01
      vertex  6.531609e+01  2.500000e+01  6.520201e+01
      vertex  5.896025e+01  2.500000e+01  6.470360e+01
    endloop
  endfacet
  facet normal  0.000000e+00 -1.000000e+00  0.000000e+00
    outer loop
      vertex  5.896025e+01  2.500000e+01  6.470360e+01
      vertex  6.531609e+01  2.500000e+01  6.520201e+01
      vertex  6.588551e+01  2.500000e+01  6.566312e+01
    endloop
  endfacet
  facet normal  0.000000e+00 -1.000000e+00  0.000000e+00
    outer loop
      vertex  5.896025e+01  2.500000e+01  6.470360e+01
      vertex  6.588551e+01  2.500000e+01  6.566312e+01
      vertex  5.937453e+01  2.500000e+01  6.557668e+01
    endloop
  endfacet
  facet normal  0.000000e+00 -9.999999e-01  0.000000e+00
    outer loop
      vertex  6.393782e+01  2.500000e+01  6.350000e+01
      vertex  6.433688e+01  2.500000e+01  6.411449e+01
      vertex  5.861756e+01  2.500000e+01  6.380001e+01
    endloop
  endfacet
  facet normal  0.000000e+00 -9.999999e-01  0.000000e+00
    outer loop
      vertex  5.861756e+01  2.500000e+01  6.380001e+01
      vertex  6.433688e+01  2.500000e+01  6.411449e+01
      vertex  6.479799e+01  2.500000e+01  6.468391e+01
    endloop
  endfacet
  facet normal  -0.000000e+00 -1.000000e+00  0.000000e+00
    outer loop
      vertex  5.861756e+01  2.500000e+01  6.380001e+01
      vertex  6.479799e+01  2.500000e+01  6.468391e+01
      vertex  5.896025e+01  2.500000e+01  6.470360e+01
    endloop
  endfacet
  facet normal  0.000000e+00 -1.000000e+00  0.000000e+00
    outer loop
      vertex  6.303835e+01  2.500000e+01  6.073170e+01
      vertex  6.315297e+01  2.500000e+01  6.145538e+01
      vertex  5.803891e+01  2.500000e+01  6.096560e+01
    endloop
  endfacet
  facet normal  0.000000e+00 -9.999999e-01  0.000000e+00
    outer loop
      vertex  5.803891e+01  2.500000e+01  6.096560e+01
      vertex  6.315297e+01  2.500000e+01  6.145538e+01
      vertex  6.334261e+01  2.500000e+01  6.216312e+01
    endloop
  endfacet
  facet normal  0.000000e+00 -1.000000e+00  0.000000e+00
    outer loop
      vertex  5.803891e+01  2.500000e+01  6.096560e+01
      vertex  6.334261e+01  2.500000e+01  6.216312e+01
      vertex  5.815540e+01  2.500000e+01  6.192493e+01
    endloop
  endfacet
  facet normal  0.000000e+00 -1.000000e+00  0.000000e+00
    outer loop
      vertex  5.815540e+01  2.500000e+01  6.192493e+01
      vertex  6.334261e+01  2.500000e+01  6.216312e+01
      vertex  6.360518e+01  2.500000e+01  6.284716e+01
    endloop
  endfacet
  facet normal  -0.000000e+00 -1.000000e+00  0.000000e+00
    outer loop
      vertex  5.815540e+01  2.500000e+01  6.192493e+01
      vertex  6.360518e+01  2.500000e+01  6.284716e+01
      vertex  5.834870e+01  2.500000e+01  6.287179e+01
    endloop
  endfacet
  facet normal  0.000000e+00 -1.000000e+00  0.000000e+00
    outer loop
      vertex  5.834870e+01  2.500000e+01  6.287179e+01
      vertex  6.360518e+01  2.500000e+01  6.284716e+01
      vertex  6.393782e+01  2.500000e+01  6.350000e+01
    endloop
  endfacet
  facet normal  -0.000000e+00 -1.000000e+00  0.000000e+00
    outer loop
      vertex  5.834870e+01  2.500000e+01  6.287179e+01
      vertex  6.393782e+01  2.500000e+01  6.350000e+01
      vertex  5.861756e+01  2.500000e+01  6.380001e+01
    endloop
  endfacet
  facet normal  0.000000e+00 -9.999999e-01  0.000000e+00
    outer loop
      vertex  6.303835e+01  2.500000e+01  6.073170e+01
      vertex  5.803891e+01  2.500000e+01  6.096560e+01
      vertex  6.300000e+01  2.500000e+01  6.000000e+01
    endloop
  endfacet
  facet normal  0.000000e+00 -1.000000e+00  0.000000e+00
    outer loop
      vertex  6.300000e+01  2.500000e+01  6.000000e+01
      vertex  5.803891e+01  2.500000e+01  6.096560e+01
      vertex  5.800000e+01  2.500000e+01  6.000000e+01
    endloop
  endfacet
  facet normal -5.233421e-02  -0.000000e+00 -9.986296e-01
    outer loop
      vertex  7.000000e+01  2.500000e+01  6.700000e+01
      vertex  7.073170e+01  4.000000e+01  6.696165e+01
      vertex  7.073170e+01  2.500000e+01  6.696165e+01
    endloop
  endfacet
  facet normal -1.564390e-01  0.000000e+00 -9.876876e-01
    outer loop
      vertex  7.073170e+01  2.500000e+01  6.696165e+01
      vertex  7.073170e+01  4.000000e+01  6.696165e+01
      vertex  7.145538e+01  4.000000e+01  6.684703e+01
    endloop
  endfacet
  facet normal -1.564390e-01  -0.000000e+00 -9.876876e-01
    outer loop
      vertex  7.073170e+01  2.500000e+01  6.696165e+01
      vertex  7.145538e+01  4.000000e+01  6.684703e+01
      vertex  7.145538e+01  2.500000e+01  6.684703e+01
    endloop
  endfacet
  facet normal -2.588187e-01  0.000000e+00 -9.659259e-01
    outer loop
      vertex  7.145538e+01  2.500000e+01  6.684703e+01
      vertex  7.145538e+01  4.000000e+01  6.684703e+01
      vertex  7.216312e+01  4.000000e+01  6.665739e+01
    endloop
  endfacet
  facet normal -2.588187e-01  -0.000000e+00 -9.659259e-01
    outer loop
      vertex  7.145538e+01  2.500000e+01  6.684703e+01
      vertex  7.216312e+01  4.000000e+01  6.665739e+01
      vertex  7.216312e+01  2.500000e+01  6.665739e+01
    endloop
  endfacet
  facet normal -3.583635e-01  0.000000e+00 -9.335820e-01
    outer loop
      vertex  7.216312e+01  2.500000e+01  6.665739e+01
      vertex  7.216312e+01  4.000000e+01  6.665739e+01
      vertex  7.284715e+01  4.000000e+01  6.639482e+01
    endloop
  endfacet
  facet normal -3.583635e-01  -0.000000e+00 -9.335820e-01
    outer loop
      vertex  7.216312e+01  2.500000e+01  6.665739e+01
      vertex  7.284715e+01  4.000000e+01  6.639482e+01
      vertex  7.284715e+01  2.500000e+01  6.639482e+01
    endloop
  endfacet
  facet normal -4.539897e-01  0.000000e+00 -8.910069e-01
    outer loop
      vertex  7.284715e+01  2.500000e+01  6.639482e+01
      vertex  7.284715e+01  4.000000e+01  6.639482e+01
      vertex  7.350000e+01  4.000000e+01  6.606218e+01
    endloop
  endfacet
  facet normal -4.539897e-01  -0.000000e+00 -8.910069e-01
    outer loop
      vertex  7.284715e+01  2.500000e+01  6.639482e+01
      vertex  7.350000e+01  4.000000e+01  6.606218e+01
      vertex  7.350000e+01  2.500000e+01  6.606218e+01
    endloop
  endfacet
  facet normal -5.446447e-01  0.000000e+00 -8.386670e-01
    outer loop
      vertex  7.350000e+01  2.500000e+01  6.606218e+01
      vertex  7.350000e+01  4.000000e+01  6.606218e+01
      vertex  7.411449e+01  4.000000e+01  6.566312e+01
    endloop
  endfacet
  facet normal -5.446447e-01  -0.000000e+00 -8.386670e-01
    outer loop
      vertex  7.350000e+01  2.500000e+01  6.606218e+01
      vertex  7.411449e+01  4.000000e+01  6.566312e+01
      vertex  7.411449e+01  2.500000e+01  6.566312e+01
    endloop
  endfacet
  facet normal -6.293189e-01  0.000000e+00 -7.771471e-01
    outer loop
      vertex  7.411449e+01  2.500000e+01  6.566312e+01
      vertex  7.411449e+01  4.000000e+01  6.566312e+01
      vertex  7.468391e+01  4.000000e+01  6.520201e+01
    endloop
  endfacet
  facet normal -6.293189e-01  -0.000000e+00 -7.771471e-01
    outer loop
      vertex  7.411449e+01  2.500000e+01  6.566312e+01
      vertex  7.468391e+01  4.000000e+01  6.520201e+01
      vertex  7.468391e+01  2.500000e+01  6.520201e+01
    endloop
  endfacet
  facet normal -7.071068e-01  0.000000e+00 -7.071068e-01
    outer loop
      vertex  7.468391e+01  2.500000e+01  6.520201e+01
      vertex  7.468391e+01  4.000000e+01  6.520201e+01
      vertex  7.520201e+01  4.000000e+01  6.468391e+01
    endloop
  endfacet
  facet normal -7.071068e-01  -0.000000e+00 -7.071068e-01
    outer loop
      vertex  7.468391e+01  2.500000e+01  6.520201e+01
      vertex  7.520201e+01  4.000000e+01  6.468391e+01
      vertex  7.520201e+01  2.500000e+01  6.468391e+01
    endloop
  endfacet
  facet normal -7.771471e-01  0.000000e+00 -6.293189e-01
    outer loop
      vertex  7.520201e+01  2.500000e+01  6.468391e+01
      vertex  7.520201e+01  4.000000e+01  6.468391e+01
      vertex  7.566312e+01  4.000000e+01  6.411449e+01
    endloop
  endfacet
  facet normal -7.771471e-01  -0.000000e+00 -6.293189e-01
    outer loop
      vertex  7.520201e+01  2.500000e+01  6.468391e+01
      vertex  7.566312e+01  4.000000e+01  6.411449e+01
      vertex  7.566312e+01  2.500000e+01  6.411449e+01
    endloop
  endfacet
  facet normal -8.386670e-01  0.000000e+00 -5.446447e-01
    outer loop
      vertex  7.566312e+01  2.500000e+01  6.411449e+01
      vertex  7.566312e+01  4.000000e+01  6.411449e+01
      vertex  7.606218e+01  4.000000e+01  6.350000e+01
    endloop
  endfacet
  facet normal -8.386670e-01  -0.000000e+00 -5.446447e-01
    outer loop
      vertex  7.566312e+01  2.500000e+01  6.411449e+01
      vertex  7.606218e+01  4.000000e+01  6.350000e+01
      vertex  7.606218e+01  2.500000e+01  6.350000e+01
    endloop
  endfacet
  facet normal -8.910058e-01  0.000000e+00 -4.539918e-01
    outer loop
      vertex  7.606218e+01  2.500000e+01  6.350000e+01
      vertex  7.606218e+01  4.000000e+01  6.350000e+01
      vertex  7.639482e+01  4.000000e+01  6.284716e+01
    endloop
  endfacet
  facet normal -8.910058e-01  -0.000000e+00 -4.539918e-01
    outer loop
      vertex  7.606218e+01  2.500000e+01  6.350000e+01
      vertex  7.639482e+01  4.000000e+01  6.284716e+01
      vertex  7.639482e+01  2.500000e+01  6.284716e+01
    endloop
  endfacet
  facet normal -9.335820e-01  0.000000e+00 -3.583635e-01
    outer loop
      vertex  7.639482e+01  2.500000e+01  6.284716e+01
      vertex  7.639482e+01  4.000000e+01  6.284716e+01
      vertex  7.665739e+01  4.000000e+01  6.216312e+01
    endloop
  endfacet
  facet normal -9.335820e-01  -0.000000e+00 -3.583635e-01
    outer loop
      vertex  7.639482e+01  2.500000e+01  6.284716e+01
      vertex  7.665739e+01  4.000000e+01  6.216312e+01
      vertex  7.665739e+01  2.500000e+01  6.216312e+01
    endloop
  endfacet
  facet normal -9.659262e-01  0.000000e+00 -2.588173e-01
    outer loop
      vertex  7.665739e+01  2.500000e+01  6.216312e+01
      vertex  7.665739e+01  4.000000e+01  6.216312e+01
      vertex  7.684703e+01  4.000000e+01  6.145538e+01
    endloop
  endfacet
  facet normal -9.659262e-01  -0.000000e+00 -2.588173e-01
    outer loop
      vertex  7.665739e+01  2.500000e+01  6.216312e+01
      vertex  7.684703e+01  4.000000e+01  6.145538e+01
      vertex  7.684703e+01  2.500000e+01  6.145538e+01
    endloop
  endfacet
  facet normal -9.876874e-01  0.000000e+00 -1.564398e-01
    outer loop
      vertex  7.684703e+01  2.500000e+01  6.145538e+01
      vertex  7.684703e+01  4.000000e+01  6.145538e+01
      vertex  7.696165e+01  4.000000e+01  6.073170e+01
    endloop
  endfacet
  facet normal -9.876874e-01  -0.000000e+00 -1.564398e-01
    outer loop
      vertex  7.684703e+01  2.500000e+01  6.145538e+01
      vertex  7.696165e+01  4.000000e+01  6.073170e+01
      vertex  7.696165e+01  2.500000e+01  6.073170e+01
    endloop
  endfacet
  facet normal -9.986296e-01  0.000000e+00 -5.233394e-02
    outer loop
      vertex  7.696165e+01  2.500000e+01  6.073170e+01
      vertex  7.696165e+01  4.000000e+01  6.073170e+01
      vertex  7.700000e+01  4.000000e+01  6.000000e+01
    endloop
  endfacet
  facet normal -9.986296e-01  -0.000000e+00 -5.233394e-02
    outer loop
      vertex  7.696165e+01  2.500000e+01  6.073170e+01
      vertex  7.700000e+01  4.000000e+01  6.000000e+01
      vertex  7.700000e+01  2.500000e+01  6.000000e+01
    endloop
  endfacet
  facet normal -5.233421e-02  0.000000e+00 -9.986296e-01
    outer loop
      vertex  7.073170e+01  4.000000e+01  6.696165e+01
      vertex  7.000000e+01  2.500000e+01  6.700000e+01
      vertex  7.000000e+01  4.000000e+01  6.700000e+01
    endloop
  endfacet
  facet normal  5.233421e-02  0.000000e+00 -9.986296e-01
    outer loop
      vertex  7.000000e+01  4.000000e+01  6.700000e+01
      vertex  7.000000e+01  2.500000e+01  6.700000e+01
      vertex  6.926830e+01  2.500000e+01  6.696165e+01
    endloop
  endfacet
  facet normal  5.233421e-02  0.000000e+00 -9.986296e-01
    outer loop
      vertex  7.000000e+01  4.000000e+01  6.700000e+01
      vertex  6.926830e+01  2.500000e+01  6.696165e+01
      vertex  6.926830e+01  4.000000e+01  6.696165e+01
    endloop
  endfacet
  facet normal  1.564390e-01  0.000000e+00 -9.876876e-01
    outer loop
      vertex  6.926830e+01  4.000000e+01  6.696165e+01
      vertex  6.926830e+01  2.500000e+01  6.696165e+01
      vertex  6.854462e+01  2.500000e+01  6.684703e+01
    endloop
  endfacet
  facet normal  1.564390e-01  0.000000e+00 -9.876876e-01
    outer loop
      vertex  6.926830e+01  4.000000e+01  6.696165e+01
      vertex  6.854462e+01  2.500000e+01  6.684703e+01
      vertex  6.854462e+01  4.000000e+01  6.684703e+01
    endloop
  endfacet
  facet normal  2.588187e-01  0.000000e+00 -9.659259e-01
    outer loop
      vertex  6.854462e+01  4.000000e+01  6.684703e+01
      vertex  6.854462e+01  2.500000e+01  6.684703e+01
      vertex  6.783688e+01  2.500000e+01  6.665739e+01
    endloop
  endfacet
  facet normal  2.588187e-01  0.000000e+00 -9.659259e-01
    outer loop
      vertex  6.854462e+01  4.000000e+01  6.684703e+01
      vertex  6.783688e+01  2.500000e+01  6.665739e+01
      vertex  6.783688e+01  4.000000e+01  6.665739e+01
    endloop
  endfacet
  facet normal  3.583635e-01  0.000000e+00 -9.335820e-01
    outer loop
      vertex  6.783688e+01  4.000000e+01  6.665739e+01
      vertex  6.783688e+01  2.500000e+01  6.665739e+01
      vertex  6.715285e+01  2.500000e+01  6.639482e+01
    endloop
  endfacet
  facet normal  3.583635e-01  0.000000e+00 -9.335820e-01
    outer loop
      vertex  6.783688e+01  4.000000e+01  6.665739e+01
      vertex  6.715285e+01  2.500000e+01  6.639482e+01
      vertex  6.715285e+01  4.000000e+01  6.639482e+01
    endloop
  endfacet
  facet normal  4.539897e-01  0.000000e+00 -8.910069e-01
    outer loop
      vertex  6.715285e+01  4.000000e+01  6.639482e+01
      vertex  6.715285e+01  2.500000e+01  6.639482e+01
      vertex  6.650000e+01  2.500000e+01  6.606218e+01
    endloop
  endfacet
  facet normal  4.539897e-01  0.000000e+00 -8.910069e-01
    outer loop
      vertex  6.715285e+01  4.000000e+01  6.639482e+01
      vertex  6.650000e+01  2.500000e+01  6.606218e+01
      vertex  6.650000e+01  4.000000e+01  6.606218e+01
    endloop
  endfacet
  facet normal  5.446447e-01  0.000000e+00 -8.386670e-01
    outer loop
      vertex  6.650000e+01  4.000000e+01  6.606218e+01
      vertex  6.650000e+01  2.500000e+01  6.606218e+01
      vertex  6.588551e+01  2.500000e+01  6.566312e+01
    endloop
  endfacet
  facet normal  5.446447e-01  0.000000e+00 -8.386670e-01
    outer loop
      vertex  6.650000e+01  4.000000e+01  6.606218e+01
      vertex  6.588551e+01  2.500000e+01  6.566312e+01
      vertex  6.588551e+01  4.000000e+01  6.566312e+01
    endloop
  endfacet
  facet normal  6.293189e-01  0.000000e+00 -7.771471e-01
    outer loop
      vertex  6.588551e+01  4.000000e+01  6.566312e+01
      vertex  6.588551e+01  2.500000e+01  6.566312e+01
      vertex  6.531609e+01  2.500000e+01  6.520201e+01
    endloop
  endfacet
  facet normal  6.293189e-01  0.000000e+00 -7.771471e-01
    outer loop
      vertex  6.588551e+01  4.000000e+01  6.566312e+01
      vertex  6.531609e+01  2.500000e+01  6.520201e+01
      vertex  6.531609e+01  4.000000e+01  6.520201e+01
    endloop
  endfacet
  facet normal  7.071068e-01  0.000000e+00 -7.071068e-01
    outer loop
      vertex  6.531609e+01  4.000000e+01  6.520201e+01
      vertex  6.531609e+01  2.500000e+01  6.520201e+01
      vertex  6.479799e+01  2.500000e+01  6.468391e+01
    endloop
  endfacet
  facet normal  7.071068e-01  0.000000e+00 -7.071068e-01
    outer loop
      vertex  6.531609e+01  4.000000e+01  6.520201e+01
      vertex  6.479799e+01  2.500000e+01  6.468391e+01
      vertex  6.479799e+01  4.000000e+01  6.468391e+01
    endloop
  endfacet
  facet normal  7.771471e-01  0.000000e+00 -6.293189e-01
    outer loop
      vertex  6.479799e+01  4.000000e+01  6.468391e+01
      vertex  6.479799e+01  2.500000e+01  6.468391e+01
      vertex  6.433688e+01  2.500000e+01  6.411449e+01
    endloop
  endfacet
  facet normal  7.771471e-01  0.000000e+00 -6.293189e-01
    outer loop
      vertex  6.479799e+01  4.000000e+01  6.468391e+01
      vertex  6.433688e+01  2.500000e+01  6.411449e+01
      vertex  6.433688e+01  4.000000e+01  6.411449e+01
    endloop
  endfacet
  facet normal  8.386670e-01  0.000000e+00 -5.446447e-01
    outer loop
      vertex  6.433688e+01  4.000000e+01  6.411449e+01
      vertex  6.433688e+01  2.500000e+01  6.411449e+01
      vertex  6.393782e+01  2.500000e+01  6.350000e+01
    endloop
  endfacet
  facet normal  8.386670e-01  0.000000e+00 -5.446447e-01
    outer loop
      vertex  6.433688e+01  4.000000e+01  6.411449e+01
      vertex  6.393782e+01  2.500000e+01  6.350000e+01
      vertex  6.393782e+01  4.000000e+01  6.350000e+01
    endloop
  endfacet
  facet normal  8.910080e-01  0.000000e+00 -4.539877e-01
    outer loop
      vertex  6.393782e+01  4.000000e+01  6.350000e+01
      vertex  6.393782e+01  2.500000e+01  6.350000e+01
      vertex  6.360518e+01  2.500000e+01  6.284716e+01
    endloop
  endfacet
  facet normal  8.910080e-01  0.000000e+00 -4.539877e-01
    outer loop
      vertex  6.393782e+01  4.000000e+01  6.350000e+01
      vertex  6.360518e+01  2.500000e+01  6.284716e+01
      vertex  6.360518e+01  4.000000e+01  6.284716e+01
    endloop
  endfacet
  facet normal  9.335803e-01  0.000000e+00 -3.583681e-01
    outer loop
      vertex  6.360518e+01  4.000000e+01  6.284716e+01
      vertex  6.360518e+01  2.500000e+01  6.284716e+01
      vertex  6.334261e+01  2.500000e+01  6.216312e+01
    endloop
  endfacet
  facet normal  9.335803e-01  0.000000e+00 -3.583681e-01
    outer loop
      vertex  6.360518e+01  4.000000e+01  6.284716e+01
      vertex  6.334261e+01  2.500000e+01  6.216312e+01
      vertex  6.334261e+01  4.000000e+01  6.216312e+01
    endloop
  endfacet
  facet normal  9.659250e-01  0.000000e+00 -2.588222e-01
    outer loop
      vertex  6.334261e+01  4.000000e+01  6.216312e+01
      vertex  6.334261e+01  2.500000e+01  6.216312e+01
      vertex  6.315297e+01  2.500000e+01  6.145538e+01
    endloop
  endfacet
  facet normal  9.659250e-01  0.000000e+00 -2.588222e-01
    outer loop
      vertex  6.334261e+01  4.000000e+01  6.216312e+01
      vertex  6.315297e+01  2.500000e+01  6.145538e+01
      vertex  6.315297e+01  4.000000e+01  6.145538e+01
    endloop
  endfacet
  facet normal  9.876883e-01  0.000000e+00 -1.564347e-01
    outer loop
      vertex  6.315297e+01  4.000000e+01  6.145538e+01
      vertex  6.315297e+01  2.500000e+01  6.145538e+01
      vertex  6.303835e+01  2.500000e+01  6.073170e+01
    endloop
  endfacet
  facet normal  9.876883e-01  0.000000e+00 -1.564347e-01
    outer loop
      vertex  6.315297e+01  4.000000e+01  6.145538e+01
      vertex  6.303835e+01  2.500000e+01  6.073170e+01
      vertex  6.303835e+01  4.000000e+01  6.073170e+01
    endloop
  endfacet
  facet normal  9.986296e-01  0.000000e+00 -5.233394e-02
    outer loop
      vertex  6.303835e+01  4.000000e+01  6.073170e+01
      vertex  6.303835e+01  2.500000e+01  6.073170e+01
      vertex  6.300000e+01  2.500000e+01  6.000000e+01
    endloop
  endfacet
  facet normal  9.986296e-01  0.000000e+00 -5.233394e-02
    outer loop
      vertex  6.303835e+01  4.000000e+01  6.073170e+01
      vertex  6.300000e+01  2.500000e+01  6.000000e+01
      vertex  6.300000e+01  4.000000e+01  6.000000e+01
    endloop
  endfacet
  facet normal  5.233421e-02  0.000000e+00  9.986296e-01
    outer loop
      vertex  7.000000e+01  2.500000e+01  5.300000e+01
      vertex  6.926830e+01  4.000000e+01  5.303835e+01
      vertex  6.926830e+01  2.500000e+01  5.303835e+01
    endloop
  endfacet
  facet normal  1.564339e-01  -0.000000e+00  9.876884e-01
    outer loop
      vertex  6.926830e+01  2.500000e+01  5.303835e+01
      vertex  6.926830e+01  4.000000e+01  5.303835e+01
      vertex  6.854462e+01  4.000000e+01  5.315297e+01
    endloop
  endfacet
  facet normal  1.564339e-01  0.000000e+00  9.876884e-01
    outer loop
      vertex  6.926830e+01  2.500000e+01  5.303835e+01
      vertex  6.854462e+01  4.000000e+01  5.315297e+01
      vertex  6.854462e+01  2.500000e+01  5.315297e+01
    endloop
  endfacet
  facet normal  2.588235e-01  -0.000000e+00  9.659246e-01
    outer loop
      vertex  6.854462e+01  2.500000e+01  5.315297e+01
      vertex  6.854462e+01  4.000000e+01  5.315297e+01
      vertex  6.783688e+01  4.000000e+01  5.334261e+01
    endloop
  endfacet
  facet normal  2.588235e-01  0.000000e+00  9.659246e-01
    outer loop
      vertex  6.854462e+01  2.500000e+01  5.315297e+01
      vertex  6.783688e+01  4.000000e+01  5.334261e+01
      vertex  6.783688e+01  2.500000e+01  5.334261e+01
    endloop
  endfacet
  facet normal  3.583681e-01  -0.000000e+00  9.335803e-01
    outer loop
      vertex  6.783688e+01  2.500000e+01  5.334261e+01
      vertex  6.783688e+01  4.000000e+01  5.334261e+01
      vertex  6.715285e+01  4.000000e+01  5.360518e+01
    endloop
  endfacet
  facet normal  3.583681e-01  0.000000e+00  9.335803e-01
    outer loop
      vertex  6.783688e+01  2.500000e+01  5.334261e+01
      vertex  6.715285e+01  4.000000e+01  5.360518e+01
      vertex  6.715285e+01  2.500000e+01  5.360518e+01
    endloop
  endfacet
  facet normal  4.539856e-01  -0.000000e+00  8.910091e-01
    outer loop
      vertex  6.715285e+01  2.500000e+01  5.360518e+01
      vertex  6.715285e+01  4.000000e+01  5.360518e+01
      vertex  6.650000e+01  4.000000e+01  5.393782e+01
    endloop
  endfacet
  facet normal  4.539856e-01  0.000000e+00  8.910091e-01
    outer loop
      vertex  6.715285e+01  2.500000e+01  5.360518e+01
      vertex  6.650000e+01  4.000000e+01  5.393782e+01
      vertex  6.650000e+01  2.500000e+01  5.393782e+01
    endloop
  endfacet
  facet normal  5.446410e-01  -0.000000e+00  8.386694e-01
    outer loop
      vertex  6.650000e+01  2.500000e+01  5.393782e+01
      vertex  6.650000e+01  4.000000e+01  5.393782e+01
      vertex  6.588551e+01  4.000000e+01  5.433688e+01
    endloop
  endfacet
  facet normal  5.446410e-01  0.000000e+00  8.386694e-01
    outer loop
      vertex  6.650000e+01  2.500000e+01  5.393782e+01
      vertex  6.588551e+01  4.000000e+01  5.433688e+01
      vertex  6.588551e+01  2.500000e+01  5.433688e+01
    endloop
  endfacet
  facet normal  6.293189e-01  -0.000000e+00  7.771471e-01
    outer loop
      vertex  6.588551e+01  2.500000e+01  5.433688e+01
      vertex  6.588551e+01  4.000000e+01  5.433688e+01
      vertex  6.531609e+01  4.000000e+01  5.479799e+01
    endloop
  endfacet
  facet normal  6.293189e-01  0.000000e+00  7.771471e-01
    outer loop
      vertex  6.588551e+01  2.500000e+01  5.433688e+01
      vertex  6.531609e+01  4.000000e+01  5.479799e+01
      vertex  6.531609e+01  2.500000e+01  5.479799e+01
    endloop
  endfacet
  facet normal  7.071094e-01  -0.000000e+00  7.071042e-01
    outer loop
      vertex  6.531609e+01  2.500000e+01  5.479799e+01
      vertex  6.531609e+01  4.000000e+01  5.479799e+01
      vertex  6.479799e+01  4.000000e+01  5.531609e+01
    endloop
  endfacet
  facet normal  7.071094e-01  0.000000e+00  7.071042e-01
    outer loop
      vertex  6.531609e+01  2.500000e+01  5.479799e+01
      vertex  6.479799e+01  4.000000e+01  5.531609e+01
      vertex  6.479799e+01  2.500000e+01  5.531609e+01
    endloop
  endfacet
  facet normal  7.771451e-01  -0.000000e+00  6.293215e-01
    outer loop
      vertex  6.479799e+01  2.500000e+01  5.531609e+01
      vertex  6.479799e+01  4.000000e+01  5.531609e+01
      vertex  6.433688e+01  4.000000e+01  5.588550e+01
    endloop
  endfacet
  facet normal  7.771451e-01  0.000000e+00  6.293215e-01
    outer loop
      vertex  6.479799e+01  2.500000e+01  5.531609e+01
      vertex  6.433688e+01  4.000000e+01  5.588550e+01
      vertex  6.433688e+01  2.500000e+01  5.588550e+01
    endloop
  endfacet
  facet normal  8.386685e-01  -0.000000e+00  5.446423e-01
    outer loop
      vertex  6.433688e+01  2.500000e+01  5.588550e+01
      vertex  6.433688e+01  4.000000e+01  5.588550e+01
      vertex  6.393782e+01  4.000000e+01  5.650000e+01
    endloop
  endfacet
  facet normal  8.386685e-01  0.000000e+00  5.446423e-01
    outer loop
      vertex  6.433688e+01  2.500000e+01  5.588550e+01
      vertex  6.393782e+01  4.000000e+01  5.650000e+01
      vertex  6.393782e+01  2.500000e+01  5.650000e+01
    endloop
  endfacet
  facet normal  8.910080e-01  -0.000000e+00  4.539877e-01
    outer loop
      vertex  6.393782e+01  2.500000e+01  5.650000e+01
      vertex  6.393782e+01  4.000000e+01  5.650000e+01
      vertex  6.360518e+01  4.000000e+01  5.715284e+01
    endloop
  endfacet
  facet normal  8.910080e-01  0.000000e+00  4.539877e-01
    outer loop
      vertex  6.393782e+01  2.500000e+01  5.650000e+01
      vertex  6.360518e+01  4.000000e+01  5.715284e+01
      vertex  6.360518e+01  2.500000e+01  5.715284e+01
    endloop
  endfacet
  facet normal  9.335803e-01  -0.000000e+00  3.583681e-01
    outer loop
      vertex  6.360518e+01  2.500000e+01  5.715284e+01
      vertex  6.360518e+01  4.000000e+01  5.715284e+01
      vertex  6.334261e+01  4.000000e+01  5.783688e+01
    endloop
  endfacet
  facet normal  9.335803e-01  0.000000e+00  3.583681e-01
    outer loop
      vertex  6.360518e+01  2.500000e+01  5.715284e+01
      vertex  6.334261e+01  4.000000e+01  5.783688e+01
      vertex  6.334261e+01  2.500000e+01  5.783688e+01
    endloop
  endfacet
  facet normal  9.659250e-01  -0.000000e+00  2.588222e-01
    outer loop
      vertex  6.334261e+01  2.500000e+01  5.783688e+01
      vertex  6.334261e+01  4.000000e+01  5.783688e+01
      vertex  6.315297e+01  4.000000e+01  5.854462e+01
    endloop
  endfacet
  facet normal  9.659250e-01  0.000000e+00  2.588222e-01
    outer loop
      vertex  6.334261e+01  2.500000e+01  5.783688e+01
      vertex  6.315297e+01  4.000000e+01  5.854462e+01
      vertex  6.315297e+01  2.500000e+01  5.854462e+01
    endloop
  endfacet
  facet normal  9.876883e-01  -0.000000e+00  1.564347e-01
    outer loop
      vertex  6.315297e+01  2.500000e+01  5.854462e+01
      vertex  6.315297e+01  4.000000e+01  5.854462e+01
      vertex  6.303835e+01  4.000000e+01  5.926830e+01
    endloop
  endfacet
  facet normal  9.876883e-01  0.000000e+00  1.564347e-01
    outer loop
      vertex  6.315297e+01  2.500000e+01  5.854462e+01
      vertex  6.303835e+01  4.000000e+01  5.926830e+01
      vertex  6.303835e+01  2.500000e+01  5.926830e+01
    endloop
  endfacet
  facet normal  9.986296e-01  -0.000000e+00  5.233394e-02
    outer loop
      vertex  6.303835e+01  2.500000e+01  5.926830e+01
      vertex  6.303835e+01  4.000000e+01  5.926830e+01
      vertex  6.300000e+01  4.000000e+01  6.000000e+01
    endloop
  endfacet
  facet normal  9.986296e-01  0.000000e+00  5.233394e-02
    outer loop
      vertex  6.303835e+01  2.500000e+01  5.926830e+01
      vertex  6.300000e+01  4.000000e+01  6.000000e+01
      vertex  6.300000e+01  2.500000e+01  6.000000e+01
    endloop
  endfacet
  facet normal  5.233421e-02  -0.000000e+00  9.986296e-01
    outer loop
      vertex  6.926830e+01  4.000000e+01  5.303835e+01
      vertex  7.000000e+01  2.500000e+01  5.300000e+01
      vertex  7.000000e+01  4.000000e+01  5.300000e+01
    endloop
  endfacet
  facet normal -5.233421e-02  0.000000e+00  9.986296e-01
    outer loop
      vertex  7.000000e+01  4.000000e+01  5.300000e+01
      vertex  7.000000e+01  2.500000e+01  5.300000e+01
      vertex  7.073170e+01  2.500000e+01  5.303835e+01
    endloop
  endfacet
  facet normal -5.233421e-02  0.000000e+00  9.986296e-01
    outer loop
      vertex  7.000000e+01  4.000000e+01  5.300000e+01
      vertex  7.073170e+01  2.500000e+01  5.303835e+01
      vertex  7.073170e+01  4.000000e+01  5.303835e+01
    endloop
  endfacet
  facet normal -1.564339e-01  0.000000e+00  9.876884e-01
    outer loop
      vertex  7.073170e+01  4.000000e+01  5.303835e+01
      vertex  7.073170e+01  2.500000e+01  5.303835e+01
      vertex  7.145538e+01  2.500000e+01  5.315297e+01
    endloop
  endfacet
  facet normal -1.564339e-01  0.000000e+00  9.876884e-01
    outer loop
      vertex  7.073170e+01  4.000000e+01  5.303835e+01
      vertex  7.145538e+01  2.500000e+01  5.315297e+01
      vertex  7.145538e+01  4.000000e+01  5.315297e+01
    endloop
  endfacet
  facet normal -2.588235e-01  0.000000e+00  9.659246e-01
    outer loop
      vertex  7.145538e+01  4.000000e+01  5.315297e+01
      vertex  7.145538e+01  2.500000e+01  5.315297e+01
      vertex  7.216312e+01  2.500000e+01  5.334261e+01
    endloop
  endfacet
  facet normal -2.588235e-01  0.000000e+00  9.659246e-01
    outer loop
      vertex  7.145538e+01  4.000000e+01  5.315297e+01
      vertex  7.216312e+01  2.500000e+01  5.334261e+01
      vertex  7.216312e+01  4.000000e+01  5.334261e+01
    endloop
  endfacet
  facet normal -3.583681e-01  0.000000e+00  9.335803e-01
    outer loop
      vertex  7.216312e+01  4.000000e+01  5.334261e+01
      vertex  7.216312e+01  2.500000e+01  5.334261e+01
      vertex  7.284715e+01  2.500000e+01  5.360518e+01
    endloop
  endfacet
  facet normal -3.583681e-01  0.000000e+00  9.335803e-01
    outer loop
      vertex  7.216312e+01  4.000000e+01  5.334261e+01
      vertex  7.284715e+01  2.500000e+01  5.360518e+01
      vertex  7.284715e+01  4.000000e+01  5.360518e+01
    endloop
  endfacet
  facet normal -4.539856e-01  0.000000e+00  8.910091e-01
    outer loop
      vertex  7.284715e+01  4.000000e+01  5.360518e+01
      vertex  7.284715e+01  2.500000e+01  5.360518e+01
      vertex  7.350000e+01  2.500000e+01  5.393782e+01
    endloop
  endfacet
  facet normal -4.539856e-01  0.000000e+00  8.910091e-01
    outer loop
      vertex  7.284715e+01  4.000000e+01  5.360518e+01
      vertex  7.350000e+01  2.500000e+01  5.393782e+01
      vertex  7.350000e+01  4.000000e+01  5.393782e+01
    endloop
  endfacet
  facet normal -5.446410e-01  0.000000e+00  8.386694e-01
    outer loop
      vertex  7.350000e+01  4.000000e+01  5.393782e+01
      vertex  7.350000e+01  2.500000e+01  5.393782e+01
      vertex  7.411449e+01  2.500000e+01  5.433688e+01
    endloop
  endfacet
  facet normal -5.446410e-01  0.000000e+00  8.386694e-01
    outer loop
      vertex  7.350000e+01  4.000000e+01  5.393782e+01
      vertex  7.411449e+01  2.500000e+01  5.433688e+01
      vertex  7.411449e+01  4.000000e+01  5.433688e+01
    endloop
  endfacet
  facet normal -6.293189e-01  0.000000e+00  7.771471e-01
    outer loop
      vertex  7.411449e+01  4.000000e+01  5.433688e+01
      vertex  7.411449e+01  2.500000e+01  5.433688e+01
      vertex  7.468391e+01  2.500000e+01  5.479799e+01
    endloop
  endfacet
  facet normal -6.293189e-01  0.000000e+00  7.771471e-01
    outer loop
      vertex  7.411449e+01  4.000000e+01  5.433688e+01
      vertex  7.468391e+01  2.500000e+01  5.479799e+01
      vertex  7.468391e+01  4.000000e+01  5.479799e+01
    endloop
  endfacet
  facet normal -7.071094e-01  0.000000e+00  7.071042e-01
    outer loop
      vertex  7.468391e+01  4.000000e+01  5.479799e+01
      vertex  7.468391e+01  2.500000e+01  5.479799e+01
      vertex  7.520201e+01  2.500000e+01  5.531609e+01
    endloop
  endfacet
  facet normal -7.071094e-01  0.000000e+00  7.071042e-01
    outer loop
      vertex  7.468391e+01  4.000000e+01  5.479799e+01
      vertex  7.520201e+01  2.500000e+01  5.531609e+01
      vertex  7.520201e+01  4.000000e+01  5.531609e+01
    endloop
  endfacet
  facet normal -7.771451e-01  0.000000e+00  6.293215e-01
    outer loop
      vertex  7.520201e+01  4.000000e+01  5.531609e+01
      vertex  7.520201e+01  2.500000e+01  5.531609e+01
      vertex  7.566312e+01  2.500000e+01  5.588550e+01
    endloop
  endfacet
  facet normal -7.771451e-01  0.000000e+00  6.293215e-01
    outer loop
      vertex  7.520201e+01  4.000000e+01  5.531609e+01
      vertex  7.566312e+01  2.500000e+01  5.588550e+01
      vertex  7.566312e+01  4.000000e+01  5.588550e+01
    endloop
  endfacet
  facet normal -8.386685e-01  0.000000e+00  5.446423e-01
    outer loop
      vertex  7.566312e+01  4.000000e+01  5.588550e+01
      vertex  7.566312e+01  2.500000e+01  5.588550e+01
      vertex  7.606218e+01  2.500000e+01  5.650000e+01
    endloop
  endfacet
  facet normal -8.386685e-01  0.000000e+00  5.446423e-01
    outer loop
      vertex  7.566312e+01  4.000000e+01  5.588550e+01
      vertex  7.606218e+01  2.500000e+01  5.650000e+01
      vertex  7.606218e+01  4.000000e+01  5.650000e+01
    endloop
  endfacet
  facet normal -8.910058e-01  0.000000e+00  4.539918e-01
    outer loop
      vertex  7.606218e+01  4.000000e+01  5.650000e+01
      vertex  7.606218e+01  2.500000e+01  5.650000e+01
      vertex  7.639482e+01  2.500000e+01  5.715284e+01
    endloop
  endfacet
  facet normal -8.910058e-01  0.000000e+00  4.539918e-01
    outer loop
      vertex  7.606218e+01  4.000000e+01  5.650000e+01
      vertex  7.639482e+01  2.500000e+01  5.715284e+01
      vertex  7.639482e+01  4.000000e+01  5.715284e+01
    endloop
  endfacet
  facet normal -9.335820e-01  0.000000e+00  3.583635e-01
    outer loop
      vertex  7.639482e+01  4.000000e+01  5.715284e+01
      vertex  7.639482e+01  2.500000e+01  5.715284e+01
      vertex  7.665739e+01  2.500000e+01  5.783688e+01
    endloop
  endfacet
  facet normal -9.335820e-01  0.000000e+00  3.583635e-01
    outer loop
      vertex  7.639482e+01  4.000000e+01  5.715284e+01
      vertex  7.665739e+01  2.500000e+01  5.783688e+01
      vertex  7.665739e+01  4.000000e+01  5.783688e+01
    endloop
  endfacet
  facet normal -9.659262e-01  0.000000e+00  2.588173e-01
    outer loop
      vertex  7.665739e+01  4.000000e+01  5.783688e+01
      vertex  7.665739e+01  2.500000e+01  5.783688e+01
      vertex  7.684703e+01  2.500000e+01  5.854462e+01
    endloop
  endfacet
  facet normal -9.659262e-01  0.000000e+00  2.588173e-01
    outer loop
      vertex  7.665739e+01  4.000000e+01  5.783688e+01
      vertex  7.684703e+01  2.500000e+01  5.854462e+01
      vertex  7.684703e+01  4.000000e+01  5.854462e+01
    endloop
  endfacet
  facet normal -9.876874e-01  0.000000e+00  1.564398e-01
    outer loop
      vertex  7.684703e+01  4.000000e+01  5.854462e+01
      vertex  7.684703e+01  2.500000e+01  5.854462e+01
      vertex  7.696165e+01  2.500000e+01  5.926830e+01
    endloop
  endfacet
  facet normal -9.876874e-01  0.000000e+00  1.564398e-01
    outer loop
      vertex  7.684703e+01  4.000000e+01  5.854462e+01
      vertex  7.696165e+01  2.500000e+01  5.926830e+01
      vertex  7.696165e+01  4.000000e+01  5.926830e+01
    endloop
  endfacet
  facet normal -9.986296e-01  0.000000e+00  5.233394e-02
    outer loop
      vertex  7.696165e+01  4.000000e+01  5.926830e+01
      vertex  7.696165e+01  2.500000e+01  5.926830e+01
      vertex  7.700000e+01  2.500000e+01  6.000000e+01
    endloop
  endfacet
  facet normal -9.986296e-01  0.000000e+00  5.233394e-02
    outer loop
      vertex  7.696165e+01  4.000000e+01  5.926830e+01
      vertex  7.700000e+01  2.500000e+01  6.000000e+01
      vertex  7.700000e+01  4.000000e+01  6.000000e+01
    endloop
  endfacet
  facet normal  9.991891e-01  0.000000e+00  4.026346e-02
    outer loop
      vertex  8.200000e+01  2.500000e+01  6.000000e+01
      vertex  8.200000e+01  4.000000e+01  6.000000e+01
      vertex  8.196109e+01  2.500000e+01  6.096560e+01
    endloop
  endfacet
  facet normal  9.991891e-01  -0.000000e+00  4.026346e-02
    outer loop
      vertex  8.196109e+01  2.500000e+01  6.096560e+01
      vertex  8.200000e+01  4.000000e+01  6.000000e+01
      vertex  8.196109e+01  4.000000e+01  6.096560e+01
    endloop
  endfacet
  facet normal  9.927087e-01  0.000000e+00  1.205379e-01
    outer loop
      vertex  8.196109e+01  2.500000e+01  6.096560e+01
      vertex  8.196109e+01  4.000000e+01  6.096560e+01
      vertex  8.184460e+01  2.500000e+01  6.192493e+01
    endloop
  endfacet
  facet normal  9.927087e-01  -0.000000e+00  1.205379e-01
    outer loop
      vertex  8.184460e+01  2.500000e+01  6.192493e+01
      vertex  8.196109e+01  4.000000e+01  6.096560e+01
      vertex  8.184460e+01  4.000000e+01  6.192493e+01
    endloop
  endfacet
  facet normal  9.797898e-01  0.000000e+00  2.000301e-01
    outer loop
      vertex  8.184460e+01  2.500000e+01  6.192493e+01
      vertex  8.184460e+01  4.000000e+01  6.192493e+01
      vertex  8.165130e+01  2.500000e+01  6.287179e+01
    endloop
  endfacet
  facet normal  9.797898e-01  -0.000000e+00  2.000301e-01
    outer loop
      vertex  8.165130e+01  2.500000e+01  6.287179e+01
      vertex  8.184460e+01  4.000000e+01  6.192493e+01
      vertex  8.165130e+01  4.000000e+01  6.287179e+01
    endloop
  endfacet
  facet normal  9.605193e-01  0.000000e+00  2.782134e-01
    outer loop
      vertex  8.165130e+01  2.500000e+01  6.287179e+01
      vertex  8.165130e+01  4.000000e+01  6.287179e+01
      vertex  8.138244e+01  2.500000e+01  6.380001e+01
    endloop
  endfacet
  facet normal  9.605193e-01  -0.000000e+00  2.782134e-01
    outer loop
      vertex  8.138244e+01  2.500000e+01  6.380001e+01
      vertex  8.165130e+01  4.000000e+01  6.287179e+01
      vertex  8.138244e+01  4.000000e+01  6.380001e+01
    endloop
  endfacet
  facet normal  9.350169e-01  0.000000e+00  3.546029e-01
    outer loop
      vertex  8.138244e+01  2.500000e+01  6.380001e+01
      vertex  8.138244e+01  4.000000e+01  6.380001e+01
      vertex  8.103976e+01  2.500000e+01  6.470360e+01
    endloop
  endfacet
  facet normal  9.350169e-01  -0.000000e+00  3.546029e-01
    outer loop
      vertex  8.103976e+01  2.500000e+01  6.470360e+01
      vertex  8.138244e+01  4.000000e+01  6.380001e+01
      vertex  8.103976e+01  4.000000e+01  6.470360e+01
    endloop
  endfacet
  facet normal  9.034491e-01  0.000000e+00  4.286954e-01
    outer loop
      vertex  8.103976e+01  2.500000e+01  6.470360e+01
      vertex  8.103976e+01  4.000000e+01  6.470360e+01
      vertex  8.062547e+01  2.500000e+01  6.557668e+01
    endloop
  endfacet
  facet normal  9.034491e-01  -0.000000e+00  4.286954e-01
    outer loop
      vertex  8.062547e+01  2.500000e+01  6.557668e+01
      vertex  8.103976e+01  4.000000e+01  6.470360e+01
      vertex  8.062547e+01  4.000000e+01  6.557668e+01
    endloop
  endfacet
  facet normal  8.660254e-01  0.000000e+00  4.999999e-01
    outer loop
      vertex  8.062547e+01  2.500000e+01  6.557668e+01
      vertex  8.062547e+01  4.000000e+01  6.557668e+01
      vertex  8.014228e+01  2.500000e+01  6.641359e+01
    endloop
  endfacet
  facet normal  8.660254e-01  -0.000000e+00  4.999999e-01
    outer loop
      vertex  8.014228e+01  2.500000e+01  6.641359e+01
      vertex  8.062547e+01  4.000000e+01  6.557668e+01
      vertex  8.014228e+01  4.000000e+01  6.641359e+01
    endloop
  endfacet
  facet normal  8.229855e-01  0.000000e+00  5.680624e-01
    outer loop
      vertex  8.014228e+01  2.500000e+01  6.641359e+01
      vertex  8.014228e+01  4.000000e+01  6.641359e+01
      vertex  7.959332e+01  2.500000e+01  6.720891e+01
    endloop
  endfacet
  facet normal  8.229855e-01  -0.000000e+00  5.680624e-01
    outer loop
      vertex  7.959332e+01  2.500000e+01  6.720891e+01
      vertex  8.014228e+01  4.000000e+01  6.641359e+01
      vertex  7.959332e+01  4.000000e+01  6.720891e+01
    endloop
  endfacet
  facet normal  7.746058e-01  0.000000e+00  6.324443e-01
    outer loop
      vertex  7.959332e+01  2.500000e+01  6.720891e+01
      vertex  7.959332e+01  4.000000e+01  6.720891e+01
      vertex  7.898213e+01  2.500000e+01  6.795747e+01
    endloop
  endfacet
  facet normal  7.746058e-01  -0.000000e+00  6.324443e-01
    outer loop
      vertex  7.898213e+01  2.500000e+01  6.795747e+01
      vertex  7.959332e+01  4.000000e+01  6.720891e+01
      vertex  7.898213e+01  4.000000e+01  6.795747e+01
    endloop
  endfacet
  facet normal  7.211978e-01  0.000000e+00  6.927291e-01
    outer loop
      vertex  7.898213e+01  2.500000e+01  6.795747e+01
      vertex  7.898213e+01  4.000000e+01  6.795747e+01
      vertex  7.831269e+01  2.500000e+01  6.865443e+01
    endloop
  endfacet
  facet normal  7.211978e-01  -0.000000e+00  6.927291e-01
    outer loop
      vertex  7.831269e+01  2.500000e+01  6.865443e+01
      vertex  7.898213e+01  4.000000e+01  6.795747e+01
      vertex  7.831269e+01  4.000000e+01  6.865443e+01
    endloop
  endfacet
  facet normal  6.631256e-01  0.000000e+00  7.485082e-01
    outer loop
      vertex  7.831269e+01  2.500000e+01  6.865443e+01
      vertex  7.831269e+01  4.000000e+01  6.865443e+01
      vertex  7.758935e+01  2.500000e+01  6.929526e+01
    endloop
  endfacet
  facet normal  6.631256e-01  -0.000000e+00  7.485082e-01
    outer loop
      vertex  7.758935e+01  2.500000e+01  6.929526e+01
      vertex  7.831269e+01  4.000000e+01  6.865443e+01
      vertex  7.758935e+01  4.000000e+01  6.929526e+01
    endloop
  endfacet
  facet normal  6.007450e-01  0.000000e+00  7.994407e-01
    outer loop
      vertex  7.758935e+01  2.500000e+01  6.929526e+01
      vertex  7.758935e+01  4.000000e+01  6.929526e+01
      vertex  7.681678e+01  2.500000e+01  6.987581e+01
    endloop
  endfacet
  facet normal  6.007450e-01  -0.000000e+00  7.994407e-01
    outer loop
      vertex  7.681678e+01  2.500000e+01  6.987581e+01
      vertex  7.758935e+01  4.000000e+01  6.929526e+01
      vertex  7.681678e+01  4.000000e+01  6.987581e+01
    endloop
  endfacet
  facet normal  5.344616e-01  0.000000e+00  8.451927e-01
    outer loop
      vertex  7.681678e+01  2.500000e+01  6.987581e+01
      vertex  7.681678e+01  4.000000e+01  6.987581e+01
      vertex  7.600000e+01  2.500000e+01  7.039230e+01
    endloop
  endfacet
  facet normal  5.344616e-01  -0.000000e+00  8.451927e-01
    outer loop
      vertex  7.600000e+01  2.500000e+01  7.039230e+01
      vertex  7.681678e+01  4.000000e+01  6.987581e+01
      vertex  7.600000e+01  4.000000e+01  7.039230e+01
    endloop
  endfacet
  facet normal  4.647260e-01  0.000000e+00  8.854545e-01
    outer loop
      vertex  7.600000e+01  2.500000e+01  7.039230e+01
      vertex  7.600000e+01  4.000000e+01  7.039230e+01
      vertex  7.514431e+01  2.500000e+01  7.084141e+01
    endloop
  endfacet
  facet normal  4.647260e-01  -0.000000e+00  8.854545e-01
    outer loop
      vertex  7.514431e+01  2.500000e+01  7.084141e+01
      vertex  7.600000e+01  4.000000e+01  7.039230e+01
      vertex  7.514431e+01  4.000000e+01  7.084141e+01
    endloop
  endfacet
  facet normal  3.919613e-01  0.000000e+00  9.199817e-01
    outer loop
      vertex  7.514431e+01  2.500000e+01  7.084141e+01
      vertex  7.514431e+01  4.000000e+01  7.084141e+01
      vertex  7.425526e+01  2.500000e+01  7.122019e+01
    endloop
  endfacet
  facet normal  3.919613e-01  -0.000000e+00  9.199817e-01
    outer loop
      vertex  7.425526e+01  2.500000e+01  7.122019e+01
      vertex  7.514431e+01  4.000000e+01  7.084141e+01
      vertex  7.425526e+01  4.000000e+01  7.122019e+01
    endloop
  endfacet
  facet normal  3.166683e-01  0.000000e+00  9.485364e-01
    outer loop
      vertex  7.425526e+01  2.500000e+01  7.122019e+01
      vertex  7.425526e+01  4.000000e+01  7.122019e+01
      vertex  7.333861e+01  2.500000e+01  7.152621e+01
    endloop
  endfacet
  facet normal  3.166683e-01  -0.000000e+00  9.485364e-01
    outer loop
      vertex  7.333861e+01  2.500000e+01  7.152621e+01
      vertex  7.425526e+01  4.000000e+01  7.122019e+01
      vertex  7.333861e+01  4.000000e+01  7.152621e+01
    endloop
  endfacet
  facet normal  2.393151e-01  0.000000e+00  9.709420e-01
    outer loop
      vertex  7.333861e+01  2.500000e+01  7.152621e+01
      vertex  7.333861e+01  4.000000e+01  7.152621e+01
      vertex  7.240031e+01  2.500000e+01  7.175748e+01
    endloop
  endfacet
  facet normal  2.393151e-01  -0.000000e+00  9.709420e-01
    outer loop
      vertex  7.240031e+01  2.500000e+01  7.175748e+01
      vertex  7.333861e+01  4.000000e+01  7.152621e+01
      vertex  7.240031e+01  4.000000e+01  7.175748e+01
    endloop
  endfacet
  facet normal  1.604148e-01  0.000000e+00  9.870497e-01
    outer loop
      vertex  7.240031e+01  2.500000e+01  7.175748e+01
      vertex  7.240031e+01  4.000000e+01  7.175748e+01
      vertex  7.144644e+01  2.500000e+01  7.191251e+01
    endloop
  endfacet
  facet normal  1.604148e-01  -0.000000e+00  9.870497e-01
    outer loop
      vertex  7.144644e+01  2.500000e+01  7.191251e+01
      vertex  7.240031e+01  4.000000e+01  7.175748e+01
      vertex  7.144644e+01  4.000000e+01  7.191251e+01
    endloop
  endfacet
  facet normal  8.046377e-02  0.000000e+00  9.967575e-01
    outer loop
      vertex  7.144644e+01  2.500000e+01  7.191251e+01
      vertex  7.144644e+01  4.000000e+01  7.191251e+01
      vertex  7.048319e+01  2.500000e+01  7.199026e+01
    endloop
  endfacet
  facet normal  8.046377e-02  -0.000000e+00  9.967575e-01
    outer loop
      vertex  7.048319e+01  2.500000e+01  7.199026e+01
      vertex  7.144644e+01  4.000000e+01  7.191251e+01
      vertex  7.048319e+01  4.000000e+01  7.199026e+01
    endloop
  endfacet
  facet normal  0.000000e+00  0.000000e+00  1.000000e+00
    outer loop
      vertex  7.048319e+01  2.500000e+01  7.199026e+01
      vertex  7.048319e+01  4.000000e+01  7.199026e+01
      vertex  6.951681e+01  2.500000e+01  7.199026e+01
    endloop
  endfacet
  facet normal  0.000000e+00  0.000000e+00  1.000000e+00
    outer loop
      vertex  6.951681e+01  2.500000e+01  7.199026e+01
      vertex  7.048319e+01  4.000000e+01  7.199026e+01
      vertex  6.951681e+01  4.000000e+01  7.199026e+01
    endloop
  endfacet
  facet normal -8.046377e-02  0.000000e+00  9.967575e-01
    outer loop
      vertex  6.951681e+01  2.500000e+01  7.199026e+01
      vertex  6.951681e+01  4.000000e+01  7.199026e+01
      vertex  6.855356e+01  2.500000e+01  7.191251e+01
    endloop
  endfacet
  facet normal -8.046377e-02  0.000000e+00  9.967575e-01
    outer loop
      vertex  6.855356e+01  2.500000e+01  7.191251e+01
      vertex  6.951681e+01  4.000000e+01  7.199026e+01
      vertex  6.855356e+01  4.000000e+01  7.191251e+01
    endloop
  endfacet
  facet normal -1.604148e-01  0.000000e+00  9.870497e-01
    outer loop
      vertex  6.855356e+01  2.500000e+01  7.191251e+01
      vertex  6.855356e+01  4.000000e+01  7.191251e+01
      vertex  6.759969e+01  2.500000e+01  7.175748e+01
    endloop
  endfacet
  facet normal -1.604148e-01  0.000000e+00  9.870497e-01
    outer loop
      vertex  6.759969e+01  2.500000e+01  7.175748e+01
      vertex  6.855356e+01  4.000000e+01  7.191251e+01
      vertex  6.759969e+01  4.000000e+01  7.175748e+01
    endloop
  endfacet
  facet normal -2.393151e-01  0.000000e+00  9.709420e-01
    outer loop
      vertex  6.759969e+01  2.500000e+01  7.175748e+01
      vertex  6.759969e+01  4.000000e+01  7.175748e+01
      vertex  6.666139e+01  2.500000e+01  7.152621e+01
    endloop
  endfacet
  facet normal -2.393151e-01  0.000000e+00  9.709420e-01
    outer loop
      vertex  6.666139e+01  2.500000e+01  7.152621e+01
      vertex  6.759969e+01  4.000000e+01  7.175748e+01
      vertex  6.666139e+01  4.000000e+01  7.152621e+01
    endloop
  endfacet
  facet normal -3.166683e-01  0.000000e+00  9.485364e-01
    outer loop
      vertex  6.666139e+01  2.500000e+01  7.152621e+01
      vertex  6.666139e+01  4.000000e+01  7.152621e+01
      vertex  6.574474e+01  2.500000e+01  7.122019e+01
    endloop
  endfacet
  facet normal -3.166683e-01  0.000000e+00  9.485364e-01
    outer loop
      vertex  6.574474e+01  2.500000e+01  7.122019e+01
      vertex  6.666139e+01  4.000000e+01  7.152621e+01
      vertex  6.574474e+01  4.000000e+01  7.122019e+01
    endloop
  endfacet
  facet normal -3.919613e-01  0.000000e+00  9.199817e-01
    outer loop
      vertex  6.574474e+01  2.500000e+01  7.122019e+01
      vertex  6.574474e+01  4.000000e+01  7.122019e+01
      vertex  6.485569e+01  2.500000e+01  7.084141e+01
    endloop
  endfacet
  facet normal -3.919613e-01  0.000000e+00  9.199817e-01
    outer loop
      vertex  6.485569e+01  2.500000e+01  7.084141e+01
      vertex  6.574474e+01  4.000000e+01  7.122019e+01
      vertex  6.485569e+01  4.000000e+01  7.084141e+01
    endloop
  endfacet
  facet normal -4.647260e-01  0.000000e+00  8.854545e-01
    outer loop
      vertex  6.485569e+01  2.500000e+01  7.084141e+01
      vertex  6.485569e+01  4.000000e+01  7.084141e+01
      vertex  6.400000e+01  2.500000e+01  7.039230e+01
    endloop
  endfacet
  facet normal -4.647260e-01  0.000000e+00  8.854545e-01
    outer loop
      vertex  6.400000e+01  2.500000e+01  7.039230e+01
      vertex  6.485569e+01  4.000000e+01  7.084141e+01
      vertex  6.400000e+01  4.000000e+01  7.039230e+01
    endloop
  endfacet
  facet normal -5.344634e-01  0.000000e+00  8.451917e-01
    outer loop
      vertex  6.400000e+01  2.500000e+01  7.039230e+01
      vertex  6.400000e+01  4.000000e+01  7.039230e+01
      vertex  6.318322e+01  2.500000e+01  6.987581e+01
    endloop
  endfacet
  facet normal -5.344634e-01  0.000000e+00  8.451917e-01
    outer loop
      vertex  6.318322e+01  2.500000e+01  6.987581e+01
      vertex  6.400000e+01  4.000000e+01  7.039230e+01
      vertex  6.318322e+01  4.000000e+01  6.987581e+01
    endloop
  endfacet
  facet normal -6.007450e-01  0.000000e+00  7.994407e-01
    outer loop
      vertex  6.318322e+01  2.500000e+01  6.987581e+01
      vertex  6.318322e+01  4.000000e+01  6.987581e+01
      vertex  6.241066e+01  2.500000e+01  6.929526e+01
    endloop
  endfacet
  facet normal -6.007450e-01  0.000000e+00  7.994407e-01
    outer loop
      vertex  6.241066e+01  2.500000e+01  6.929526e+01
      vertex  6.318322e+01  4.000000e+01  6.987581e+01
      vertex  6.241066e+01  4.000000e+01  6.929526e+01
    endloop
  endfacet
  facet normal -6.631236e-01  0.000000e+00  7.485098e-01
    outer loop
      vertex  6.241066e+01  2.500000e+01  6.929526e+01
      vertex  6.241066e+01  4.000000e+01  6.929526e+01
      vertex  6.168731e+01  2.500000e+01  6.865443e+01
    endloop
  endfacet
  facet normal -6.631236e-01  0.000000e+00  7.485098e-01
    outer loop
      vertex  6.168731e+01  2.500000e+01  6.865443e+01
      vertex  6.241066e+01  4.000000e+01  6.929526e+01
      vertex  6.168731e+01  4.000000e+01  6.865443e+01
    endloop
  endfacet
  facet normal -7.211998e-01  0.000000e+00  6.927271e-01
    outer loop
      vertex  6.168731e+01  2.500000e+01  6.865443e+01
      vertex  6.168731e+01  4.000000e+01  6.865443e+01
      vertex  6.101787e+01  2.500000e+01  6.795747e+01
    endloop
  endfacet
  facet normal -7.211998e-01  0.000000e+00  6.927271e-01
    outer loop
      vertex  6.101787e+01  2.500000e+01  6.795747e+01
      vertex  6.168731e+01  4.000000e+01  6.865443e+01
      vertex  6.101787e+01  4.000000e+01  6.795747e+01
    endloop
  endfacet
  facet normal -7.746058e-01  0.000000e+00  6.324443e-01
    outer loop
      vertex  6.101787e+01  2.500000e+01  6.795747e+01
      vertex  6.101787e+01  4.000000e+01  6.795747e+01
      vertex  6.040669e+01  2.500000e+01  6.720891e+01
    endloop
  endfacet
  facet normal -7.746058e-01  0.000000e+00  6.324443e-01
    outer loop
      vertex  6.040669e+01  2.500000e+01  6.720891e+01
      vertex  6.101787e+01  4.000000e+01  6.795747e+01
      vertex  6.040669e+01  4.000000e+01  6.720891e+01
    endloop
  endfacet
  facet normal -8.229836e-01  0.000000e+00  5.680650e-01
    outer loop
      vertex  6.040669e+01  2.500000e+01  6.720891e+01
      vertex  6.040669e+01  4.000000e+01  6.720891e+01
      vertex  5.985772e+01  2.500000e+01  6.641359e+01
    endloop
  endfacet
  facet normal -8.229836e-01  0.000000e+00  5.680650e-01
    outer loop
      vertex  5.985772e+01  2.500000e+01  6.641359e+01
      vertex  6.040669e+01  4.000000e+01  6.720891e+01
      vertex  5.985772e+01  4.000000e+01  6.641359e+01
    endloop
  endfacet
  facet normal -8.660254e-01  0.000000e+00  4.999999e-01
    outer loop
      vertex  5.985772e+01  2.500000e+01  6.641359e+01
      vertex  5.985772e+01  4.000000e+01  6.641359e+01
      vertex  5.937453e+01  2.500000e+01  6.557668e+01
    endloop
  endfacet
  facet normal -8.660254e-01  0.000000e+00  4.999999e-01
    outer loop
      vertex  5.937453e+01  2.500000e+01  6.557668e+01
      vertex  5.985772e+01  4.000000e+01  6.641359e+01
      vertex  5.937453e+01  4.000000e+01  6.557668e+01
    endloop
  endfacet
  facet normal -9.034505e-01  0.000000e+00  4.286922e-01
    outer loop
      vertex  5.937453e+01  2.500000e+01  6.557668e+01
      vertex  5.937453e+01  4.000000e+01  6.557668e+01
      vertex  5.896025e+01  2.500000e+01  6.470360e+01
    endloop
  endfacet
  facet normal -9.034505e-01  0.000000e+00  4.286922e-01
    outer loop
      vertex  5.896025e+01  2.500000e+01  6.470360e+01
      vertex  5.937453e+01  4.000000e+01  6.557668e+01
      vertex  5.896025e+01  4.000000e+01  6.470360e+01
    endloop
  endfacet
  facet normal -9.350156e-01  0.000000e+00  3.546064e-01
    outer loop
      vertex  5.896025e+01  2.500000e+01  6.470360e+01
      vertex  5.896025e+01  4.000000e+01  6.470360e+01
      vertex  5.861756e+01  2.500000e+01  6.380001e+01
    endloop
  endfacet
  facet normal -9.350156e-01  0.000000e+00  3.546064e-01
    outer loop
      vertex  5.861756e+01  2.500000e+01  6.380001e+01
      vertex  5.896025e+01  4.000000e+01  6.470360e+01
      vertex  5.861756e+01  4.000000e+01  6.380001e+01
    endloop
  endfacet
  facet normal -9.605182e-01  0.000000e+00  2.782171e-01
    outer loop
      vertex  5.861756e+01  2.500000e+01  6.380001e+01
      vertex  5.861756e+01  4.000000e+01  6.380001e+01
      vertex  5.834870e+01  2.500000e+01  6.287179e+01
    endloop
  endfacet
  facet normal -9.605182e-01  0.000000e+00  2.782171e-01
    outer loop
      vertex  5.834870e+01  2.500000e+01  6.287179e+01
      vertex  5.861756e+01  4.000000e+01  6.380001e+01
      vertex  5.834870e+01  4.000000e+01  6.287179e+01
    endloop
  endfacet
  facet normal -9.797905e-01  0.000000e+00  2.000263e-01
    outer loop
      vertex  5.834870e+01  2.500000e+01  6.287179e+01
      vertex  5.834870e+01  4.000000e+01  6.287179e+01
      vertex  5.815540e+01  2.500000e+01  6.192493e+01
    endloop
  endfacet
  facet normal -9.797905e-01  0.000000e+00  2.000263e-01
    outer loop
      vertex  5.815540e+01  2.500000e+01  6.192493e+01
      vertex  5.834870e+01  4.000000e+01  6.287179e+01
      vertex  5.815540e+01  4.000000e+01  6.192493e+01
    endloop
  endfacet
  facet normal -9.927092e-01  0.000000e+00  1.205340e-01
    outer loop
      vertex  5.815540e+01  2.500000e+01  6.192493e+01
      vertex  5.815540e+01  4.000000e+01  6.192493e+01
      vertex  5.803891e+01  2.500000e+01  6.096560e+01
    endloop
  endfacet
  facet normal -9.927092e-01  0.000000e+00  1.205340e-01
    outer loop
      vertex  5.803891e+01  2.500000e+01  6.096560e+01
      vertex  5.815540e+01  4.000000e+01  6.192493e+01
      vertex  5.803891e+01  4.000000e+01  6.096560e+01
    endloop
  endfacet
  facet normal -9.991890e-01  0.000000e+00  4.026740e-02
    outer loop
      vertex  5.803891e+01  2.500000e+01  6.096560e+01
      vertex  5.803891e+01  4.000000e+01  6.096560e+01
      vertex  5.800000e+01  2.500000e+01  6.000000e+01
    endloop
  endfacet
  facet normal -9.991890e-01  0.000000e+00  4.026740e-02
    outer loop
      vertex  5.800000e+01  2.500000e+01  6.000000e+01
      vertex  5.803891e+01  4.000000e+01  6.096560e+01
      vertex  5.800000e+01  4.000000e+01  6.000000e+01
    endloop
  endfacet
  facet normal  1.000000e+00  0.000000e+00  0.000000e+00
    outer loop
      vertex  2.000000e+01 -3.000000e+01  2.000000e+01
      vertex  2.000000e+01 -3.000000e+01  1.000000e+01
      vertex  2.000000e+01  3.000000e+01  1.000000e+01
    endloop
  endfacet
  facet normal  1.000000e+00  0.000000e+00  -0.000000e+00
    outer loop
      vertex  2.000000e+01 -3.000000e+01  2.000000e+01
      vertex  2.000000e+01  3.000000e+01  1.000000e+01
      vertex  2.000000e+01  3.000000e+01  2.000000e+01
    endloop
  endfacet
  facet normal  1.000000e+00  0.000000e+00  0.000000e+00
    outer loop
      vertex  2.000000e+01 -3.000000e+01  2.000000e+01
      vertex  2.000000e+01  3.000000e+01  2.000000e+01
      vertex  2.000000e+01 -3.673940e-15  4.500000e+01
    endloop
  endfacet
  facet normal  1.000000e+00  0.000000e+00  0.000000e+00
    outer loop
      vertex  2.000000e+01 -3.000000e+01  2.000000e+01
      vertex  2.000000e+01 -3.673940e-15  4.500000e+01
      vertex  2.000000e+01 -4.000000e+01  2.000000e+01
    endloop
  endfacet
  facet normal  1.000000e+00  0.000000e+00  0.000000e+00
    outer loop
      vertex  2.000000e+01  4.000000e+01  2.000000e+01
      vertex  2.000000e+01  4.000000e+01  6.500000e+01
      vertex  2.000000e+01  2.000000e+01  6.500000e+01
    endloop
  endfacet
  facet normal  1.000000e+00  0.000000e+00  0.000000e+00
    outer loop
      vertex  2.000000e+01  4.000000e+01  2.000000e+01
      vertex  2.000000e+01  2.000000e+01  6.500000e+01
      vertex  2.000000e+01  1.996054e+01  6.374419e+01
    endloop
  endfacet
  facet normal  1.000000e+00  0.000000e+00  0.000000e+00
    outer loop
      vertex  2.000000e+01  4.000000e+01  2.000000e+01
      vertex  2.000000e+01  1.996054e+01  6.374419e+01
      vertex  2.000000e+01  1.984229e+01  6.249334e+01
    endloop
  endfacet
  facet normal  1.000000e+00  0.000000e+00  0.000000e+00
    outer loop
      vertex  2.000000e+01  4.000000e+01  2.000000e+01
      vertex  2.000000e+01  1.984229e+01  6.249334e+01
      vertex  2.000000e+01  1.964574e+01  6.125237e+01
    endloop
  endfacet
  facet normal  1.000000e+00  0.000000e+00  0.000000e+00
    outer loop
      vertex  2.000000e+01  4.000000e+01  2.000000e+01
      vertex  2.000000e+01  1.964574e+01  6.125237e+01
      vertex  2.000000e+01  1.937166e+01  6.002620e+01
    endloop
  endfacet
  facet normal  1.000000e+00  0.000000e+00  0.000000e+00
    outer loop
      vertex  2.000000e+01  4.000000e+01  2.000000e+01
      vertex  2.000000e+01  1.937166e+01  6.002620e+01
      vertex  2.000000e+01  1.902113e+01  5.881966e+01
    endloop
  endfacet
  facet normal  9.999999e-01  0.000000e+00  0.000000e+00
    outer loop
      vertex  2.000000e+01  4.000000e+01  2.000000e+01
      vertex  2.000000e+01  1.902113e+01  5.881966e+01
      vertex  2.000000e+01  1.859553e+01  5.763751e+01
    endloop
  endfacet
  facet normal  1.000000e+00  0.000000e+00  0.000000e+00
    outer loop
      vertex  2.000000e+01  4.000000e+01  2.000000e+01
      vertex  2.000000e+01  1.859553e+01  5.763751e+01
      vertex  2.000000e+01  1.809654e+01  5.648441e+01
    endloop
  endfacet
  facet normal  9.999999e-01  0.000000e+00  0.000000e+00
    outer loop
      vertex  2.000000e+01  4.000000e+01  2.000000e+01
      vertex  2.000000e+01  1.809654e+01  5.648441e+01
      vertex  2.000000e+01  1.752613e+01  5.536493e+01
    endloop
  endfacet
  facet normal  1.000000e+00  0.000000e+00  0.000000e+00
    outer loop
      vertex  2.000000e+01  4.000000e+01  2.000000e+01
      vertex  2.000000e+01  1.752613e+01  5.536493e+01
      vertex  2.000000e+01  1.688656e+01  5.428346e+01
    endloop
  endfacet
  facet normal  1.000000e+00  0.000000e+00  0.000000e+00
    outer loop
      vertex  2.000000e+01  4.000000e+01  2.000000e+01
      vertex  2.000000e+01  1.688656e+01  5.428346e+01
      vertex  2.000000e+01  1.618034e+01  5.324429e+01
    endloop
  endfacet
  facet normal  1.000000e+00  0.000000e+00  0.000000e+00
    outer loop
      vertex  2.000000e+01  4.000000e+01  2.000000e+01
      vertex  2.000000e+01  1.618034e+01  5.324429e+01
      vertex  2.000000e+01  1.541026e+01  5.225152e+01
    endloop
  endfacet
  facet normal  9.999999e-01  0.000000e+00  0.000000e+00
    outer loop
      vertex  2.000000e+01  4.000000e+01  2.000000e+01
      vertex  2.000000e+01  1.541026e+01  5.225152e+01
      vertex  2.000000e+01  1.457937e+01  5.130906e+01
    endloop
  endfacet
  facet normal  1.000000e+00  0.000000e+00  0.000000e+00
    outer loop
      vertex  2.000000e+01  4.000000e+01  2.000000e+01
      vertex  2.000000e+01  1.457937e+01  5.130906e+01
      vertex  2.000000e+01  1.369094e+01  5.042063e+01
    endloop
  endfacet
  facet normal  1.000000e+00  0.000000e+00  0.000000e+00
    outer loop
      vertex  2.000000e+01  4.000000e+01  2.000000e+01
      vertex  2.000000e+01  1.369094e+01  5.042063e+01
      vertex  2.000000e+01  1.274848e+01  4.958974e+01
    endloop
  endfacet
  facet normal  1.000000e+00  0.000000e+00  0.000000e+00
    outer loop
      vertex  2.000000e+01  4.000000e+01  2.000000e+01
      vertex  2.000000e+01  1.274848e+01  4.958974e+01
      vertex  2.000000e+01  1.175570e+01  4.881966e+01
    endloop
  endfacet
  facet normal  9.999999e-01  0.000000e+00  0.000000e+00
    outer loop
      vertex  2.000000e+01  4.000000e+01  2.000000e+01
      vertex  2.000000e+01  1.175570e+01  4.881966e+01
      vertex  2.000000e+01  1.071654e+01  4.811344e+01
    endloop
  endfacet
  facet normal  9.999999e-01  0.000000e+00  0.000000e+00
    outer loop
      vertex  2.000000e+01  4.000000e+01  2.000000e+01
      vertex  2.000000e+01  1.071654e+01  4.811344e+01
      vertex  2.000000e+01  9.635074e+00  4.747387e+01
    endloop
  endfacet
  facet normal  1.000000e+00  0.000000e+00  0.000000e+00
    outer loop
      vertex  2.000000e+01  4.000000e+01  2.000000e+01
      vertex  2.000000e+01  9.635074e+00  4.747387e+01
      vertex  2.000000e+01  8.515586e+00  4.690346e+01
    endloop
  endfacet
  facet normal  1.000000e+00  0.000000e+00  0.000000e+00
    outer loop
      vertex  2.000000e+01  4.000000e+01  2.000000e+01
      vertex  2.000000e+01  8.515586e+00  4.690346e+01
      vertex  2.000000e+01  7.362491e+00  4.640447e+01
    endloop
  endfacet
  facet normal  1.000000e+00  0.000000e+00  0.000000e+00
    outer loop
      vertex  2.000000e+01  4.000000e+01  2.000000e+01
      vertex  2.000000e+01  7.362491e+00  4.640447e+01
      vertex  2.000000e+01  6.180340e+00  4.597887e+01
    endloop
  endfacet
  facet normal  1.000000e+00  0.000000e+00  0.000000e+00
    outer loop
      vertex  2.000000e+01  4.000000e+01  2.000000e+01
      vertex  2.000000e+01  6.180340e+00  4.597887e+01
      vertex  2.000000e+01  4.973798e+00  4.562834e+01
    endloop
  endfacet
  facet normal  1.000000e+00  0.000000e+00  0.000000e+00
    outer loop
      vertex  2.000000e+01  4.000000e+01  2.000000e+01
      vertex  2.000000e+01  4.973798e+00  4.562834e+01
      vertex  2.000000e+01  3.747626e+00  4.535426e+01
    endloop
  endfacet
  facet normal  1.000000e+00  0.000000e+00  0.000000e+00
    outer loop
      vertex  2.000000e+01  4.000000e+01  2.000000e+01
      vertex  2.000000e+01  3.747626e+00  4.535426e+01
      vertex  2.000000e+01  2.506665e+00  4.515771e+01
    endloop
  endfacet
  facet normal  1.000000e+00  0.000000e+00  0.000000e+00
    outer loop
      vertex  2.000000e+01  4.000000e+01  2.000000e+01
      vertex  2.000000e+01  2.506665e+00  4.515771e+01
      vertex  2.000000e+01  1.255810e+00  4.503947e+01
    endloop
  endfacet
  facet normal  1.000000e+00  0.000000e+00  0.000000e+00
    outer loop
      vertex  2.000000e+01  4.000000e+01  2.000000e+01
      vertex  2.000000e+01  1.255810e+00  4.503947e+01
      vertex  2.000000e+01 -3.673940e-15  4.500000e+01
    endloop
  endfacet
  facet normal  1.000000e+00  0.000000e+00  0.000000e+00
    outer loop
      vertex  2.000000e+01  4.000000e+01  2.000000e+01
      vertex  2.000000e+01 -3.673940e-15  4.500000e+01
      vertex  2.000000e+01  3.000000e+01  2.000000e+01
    endloop
  endfacet
  facet normal  1.000000e+00  0.000000e+00  0.000000e+00
    outer loop
      vertex  2.000000e+01 -4.000000e+01  2.000000e+01
      vertex  2.000000e+01 -3.673940e-15  4.500000e+01
      vertex  2.000000e+01 -1.255810e+00  4.503947e+01
    endloop
  endfacet
  facet normal  1.000000e+00  0.000000e+00  0.000000e+00
    outer loop
      vertex  2.000000e+01 -4.000000e+01  2.000000e+01
      vertex  2.000000e+01 -1.255810e+00  4.503947e+01
      vertex  2.000000e+01 -2.506665e+00  4.515771e+01
    endloop
  endfacet
  facet normal  1.000000e+00  0.000000e+00  0.000000e+00
    outer loop
      vertex  2.000000e+01 -4.000000e+01  2.000000e+01
      vertex  2.000000e+01 -2.506665e+00  4.515771e+01
      vertex  2.000000e+01 -3.747626e+00  4.535426e+01
    endloop
  endfacet
  facet normal  1.000000e+00  0.000000e+00  0.000000e+00
    outer loop
      vertex  2.000000e+01 -4.000000e+01  2.000000e+01
      vertex  2.000000e+01 -3.747626e+00  4.535426e+01
      vertex  2.000000e+01 -4.973798e+00  4.562834e+01
    endloop
  endfacet
  facet normal  1.000000e+00  0.000000e+00  0.000000e+00
    outer loop
      vertex  2.000000e+01 -4.000000e+01  2.000000e+01
      vertex  2.000000e+01 -4.973798e+00  4.562834e+01
      vertex  2.000000e+01 -6.180340e+00  4.597887e+01
    endloop
  endfacet
  facet normal  1.000000e+00  0.000000e+00  0.000000e+00
    outer loop
      vertex  2.000000e+01 -4.000000e+01  2.000000e+01
      vertex  2.000000e+01 -6.180340e+00  4.597887e+01
      vertex  2.000000e+01 -7.362491e+00  4.640447e+01
    endloop
  endfacet
  facet normal  9.999999e-01  0.000000e+00  0.000000e+00
    outer loop
      vertex  2.000000e+01 -4.000000e+01  2.000000e+01
      vertex  2.000000e+01 -7.362491e+00  4.640447e+01
      vertex  2.000000e+01 -8.515586e+00  4.690346e+01
    endloop
  endfacet
  facet normal  1.000000e+00  0.000000e+00  0.000000e+00
    outer loop
      vertex  2.000000e+01 -4.000000e+01  2.000000e+01
      vertex  2.000000e+01 -8.515586e+00  4.690346e+01
      vertex  2.000000e+01 -9.635074e+00  4.747387e+01
    endloop
  endfacet
  facet normal  9.999999e-01  0.000000e+00  0.000000e+00
    outer loop
      vertex  2.000000e+01 -4.000000e+01  2.000000e+01
      vertex  2.000000e+01 -9.635074e+00  4.747387e+01
      vertex  2.000000e+01 -1.071654e+01  4.811344e+01
    endloop
  endfacet
  facet normal  9.999999e-01  0.000000e+00  0.000000e+00
    outer loop
      vertex  2.000000e+01 -4.000000e+01  2.000000e+01
      vertex  2.000000e+01 -1.071654e+01  4.811344e+01
      vertex  2.000000e+01 -1.175570e+01  4.881966e+01
    endloop
  endfacet
  facet normal  1.000000e+00  0.000000e+00  0.000000e+00
    outer loop
      vertex  2.000000e+01 -4.000000e+01  2.000000e+01
      vertex  2.000000e+01 -1.175570e+01  4.881966e+01
      vertex  2.000000e+01 -1.274848e+01  4.958974e+01
    endloop
  endfacet
  facet normal  1.000000e+00  0.000000e+00  0.000000e+00
    outer loop
      vertex  2.000000e+01 -4.000000e+01  2.000000e+01
      vertex  2.000000e+01 -1.274848e+01  4.958974e+01
      vertex  2.000000e+01 -1.369094e+01  5.042063e+01
    endloop
  endfacet
  facet normal  1.000000e+00  0.000000e+00  0.000000e+00
    outer loop
      vertex  2.000000e+01 -4.000000e+01  2.000000e+01
      vertex  2.000000e+01 -1.369094e+01  5.042063e+01
      vertex  2.000000e+01 -1.457937e+01  5.130906e+01
    endloop
  endfacet
  facet normal  9.999999e-01  0.000000e+00  0.000000e+00
    outer loop
      vertex  2.000000e+01 -4.000000e+01  2.000000e+01
      vertex  2.000000e+01 -1.457937e+01  5.130906e+01
      vertex  2.000000e+01 -1.541026e+01  5.225152e+01
    endloop
  endfacet
  facet normal  1.000000e+00  0.000000e+00  0.000000e+00
    outer loop
      vertex  2.000000e+01 -4.000000e+01  2.000000e+01
      vertex  2.000000e+01 -1.541026e+01  5.225152e+01
      vertex  2.000000e+01 -1.618034e+01  5.324429e+01
    endloop
  endfacet
  facet normal  1.000000e+00  0.000000e+00  0.000000e+00
    outer loop
      vertex  2.000000e+01 -4.000000e+01  2.000000e+01
      vertex  2.000000e+01 -1.618034e+01  5.324429e+01
      vertex  2.000000e+01 -1.688656e+01  5.428346e+01
    endloop
  endfacet
  facet normal  1.000000e+00  0.000000e+00  0.000000e+00
    outer loop
      vertex  2.000000e+01 -4.000000e+01  2.000000e+01
      vertex  2.000000e+01 -1.688656e+01  5.428346e+01
      vertex  2.000000e+01 -1.752613e+01  5.536493e+01
    endloop
  endfacet
  facet normal  9.999999e-01  0.000000e+00  0.000000e+00
    outer loop
      vertex  2.000000e+01 -4.000000e+01  2.000000e+01
      vertex  2.000000e+01 -1.752613e+01  5.536493e+01
      vertex  2.000000e+01 -1.809654e+01  5.648441e+01
    endloop
  endfacet
  facet normal  1.000000e+00  0.000000e+00  0.000000e+00
    outer loop
      vertex  2.000000e+01 -4.000000e+01  2.000000e+01
      vertex  2.000000e+01 -1.809654e+01  5.648441e+01
      vertex  2.000000e+01 -1.859553e+01  5.763751e+01
    endloop
  endfacet
  facet normal  9.999999e-01  0.000000e+00  0.000000e+00
    outer loop
      vertex  2.000000e+01 -4.000000e+01  2.000000e+01
      vertex  2.000000e+01 -1.859553e+01  5.763751e+01
      vertex  2.000000e+01 -1.902113e+01  5.881966e+01
    endloop
  endfacet
  facet normal  1.000000e+00  0.000000e+00  0.000000e+00
    outer loop
      vertex  2.000000e+01 -4.000000e+01  2.000000e+01
      vertex  2.000000e+01 -1.902113e+01  5.881966e+01
      vertex  2.000000e+01 -1.937166e+01  6.002620e+01
    endloop
  endfacet
  facet normal  9.999999e-01  0.000000e+00  0.000000e+00
    outer loop
      vertex  2.000000e+01 -4.000000e+01  2.000000e+01
      vertex  2.000000e+01 -1.937166e+01  6.002620e+01
      vertex  2.000000e+01 -1.964574e+01  6.125237e+01
    endloop
  endfacet
  facet normal  1.000000e+00  0.000000e+00  0.000000e+00
    outer loop
      vertex  2.000000e+01 -4.000000e+01  2.000000e+01
      vertex  2.000000e+01 -1.964574e+01  6.125237e+01
      vertex  2.000000e+01 -1.984229e+01  6.249334e+01
    endloop
  endfacet
  facet normal  1.000000e+00  0.000000e+00  0.000000e+00
    outer loop
      vertex  2.000000e+01 -4.000000e+01  2.000000e+01
      vertex  2.000000e+01 -1.984229e+01  6.249334e+01
      vertex  2.000000e+01 -1.996054e+01  6.374419e+01
    endloop
  endfacet
  facet normal  1.000000e+00  0.000000e+00  0.000000e+00
    outer loop
      vertex  2.000000e+01 -4.000000e+01  2.000000e+01
      vertex  2.000000e+01 -1.996054e+01  6.374419e+01
      vertex  2.000000e+01 -2.000000e+01  6.500000e+01
    endloop
  endfacet
  facet normal  1.000000e+00  0.000000e+00  0.000000e+00
    outer loop
      vertex  2.000000e+01 -4.000000e+01  2.000000e+01
      vertex  2.000000e+01 -2.000000e+01  6.500000e+01
      vertex  2.000000e+01 -4.000000e+01  6.500000e+01
    endloop
  endfacet
  facet normal  1.000000e+00  0.000000e+00  0.000000e+00
    outer loop
      vertex  2.500000e+01  4.225988e+00  5.060760e+01
      vertex  2.500000e+01  3.188479e+00  5.034280e+01
      vertex  2.500000e+01  1.369094e+01  5.042063e+01
    endloop
  endfacet
  facet normal  1.000000e+00  -0.000000e+00  0.000000e+00
    outer loop
      vertex  2.500000e+01 -4.225988e+00  5.060760e+01
      vertex  2.500000e+01 -1.369094e+01  5.042063e+01
      vertex  2.500000e+01 -3.188479e+00  5.034280e+01
    endloop
  endfacet
  facet normal  1.000000e+00  0.000000e+00  0.000000e+00
    outer loop
      vertex  2.500000e+01  1.274848e+01  4.958974e+01
      vertex  2.500000e+01  1.369094e+01  5.042063e+01
      vertex  2.500000e+01  3.188479e+00  5.034280e+01
    endloop
  endfacet
  facet normal  1.000000e+00  0.000000e+00  0.000000e+00
    outer loop
      vertex  2.500000e+01  1.274848e+01  4.958974e+01
      vertex  2.500000e+01  3.188479e+00  5.034280e+01
      vertex  2.500000e+01  2.134722e+00  5.015268e+01
    endloop
  endfacet
  facet normal  1.000000e+00  0.000000e+00  0.000000e+00
    outer loop
      vertex  2.500000e+01  1.274848e+01  4.958974e+01
      vertex  2.500000e+01  2.134722e+00  5.015268e+01
      vertex  2.500000e+01  1.070088e+00  5.003822e+01
    endloop
  endfacet
  facet normal  1.000000e+00  0.000000e+00  0.000000e+00
    outer loop
      vertex  2.500000e+01  1.274848e+01  4.958974e+01
      vertex  2.500000e+01  1.070088e+00  5.003822e+01
      vertex  2.500000e+01 -1.607813e-14  5.000000e+01
    endloop
  endfacet
  facet normal  1.000000e+00  0.000000e+00  0.000000e+00
    outer loop
      vertex  2.500000e+01  1.274848e+01  4.958974e+01
      vertex  2.500000e+01 -1.607813e-14  5.000000e+01
      vertex  2.500000e+01 -1.274848e+01  4.958974e+01
    endloop
  endfacet
  facet normal  1.000000e+00  -0.000000e+00  0.000000e+00
    outer loop
      vertex  2.500000e+01  1.274848e+01  4.958974e+01
      vertex  2.500000e+01 -1.274848e+01  4.958974e+01
      vertex  2.500000e+01 -1.175570e+01  4.881966e+01
    endloop
  endfacet
  facet normal  1.000000e+00  0.000000e+00  0.000000e+00
    outer loop
      vertex  2.500000e+01  1.274848e+01  4.958974e+01
      vertex  2.500000e+01 -1.175570e+01  4.881966e+01
      vertex  2.500000e+01  1.175570e+01  4.881966e+01
    endloop
  endfacet
  facet normal  1.000000e+00  0.000000e+00  0.000000e+00
    outer loop
      vertex  2.500000e+01 -1.274848e+01  4.958974e+01
      vertex  2.500000e+01 -1.607813e-14  5.000000e+01
      vertex  2.500000e+01 -1.070088e+00  5.003822e+01
    endloop
  endfacet
  facet normal  1.000000e+00  0.000000e+00  0.000000e+00
    outer loop
      vertex  2.500000e+01 -1.274848e+01  4.958974e+01
      vertex  2.500000e+01 -1.070088e+00  5.003822e+01
      vertex  2.500000e+01 -2.134722e+00  5.015268e+01
    endloop
  endfacet
  facet normal  1.000000e+00  0.000000e+00  0.000000e+00
    outer loop
      vertex  2.500000e+01 -1.274848e+01  4.958974e+01
      vertex  2.500000e+01 -2.134722e+00  5.015268e+01
      vertex  2.500000e+01 -3.188479e+00  5.034280e+01
    endloop
  endfacet
  facet normal  1.000000e+00  0.000000e+00  0.000000e+00
    outer loop
      vertex  2.500000e+01 -1.274848e+01  4.958974e+01
      vertex  2.500000e+01 -3.188479e+00  5.034280e+01
      vertex  2.500000e+01 -1.369094e+01  5.042063e+01
    endloop
  endfacet
  facet normal  9.999999e-01  -0.000000e+00  0.000000e+00
    outer loop
      vertex  2.500000e+01  2.000000e+01  6.500000e+01
      vertex  2.500000e+01  1.500000e+01  6.500000e+01
      vertex  2.500000e+01  1.996054e+01  6.374419e+01
    endloop
  endfacet
  facet normal  1.000000e+00  0.000000e+00  0.000000e+00
    outer loop
      vertex  2.500000e+01  1.996054e+01  6.374419e+01
      vertex  2.500000e+01  1.500000e+01  6.500000e+01
      vertex  2.500000e+01  1.496178e+01  6.392991e+01
    endloop
  endfacet
  facet normal  1.000000e+00  0.000000e+00  0.000000e+00
    outer loop
      vertex  2.500000e+01  1.996054e+01  6.374419e+01
      vertex  2.500000e+01  1.496178e+01  6.392991e+01
      vertex  2.500000e+01  1.984229e+01  6.249334e+01
    endloop
  endfacet
  facet normal  1.000000e+00  0.000000e+00  0.000000e+00
    outer loop
      vertex  2.500000e+01  1.984229e+01  6.249334e+01
      vertex  2.500000e+01  1.496178e+01  6.392991e+01
      vertex  2.500000e+01  1.484732e+01  6.286528e+01
    endloop
  endfacet
  facet normal  1.000000e+00  0.000000e+00  0.000000e+00
    outer loop
      vertex  2.500000e+01  1.984229e+01  6.249334e+01
      vertex  2.500000e+01  1.484732e+01  6.286528e+01
      vertex  2.500000e+01  1.964574e+01  6.125237e+01
    endloop
  endfacet
  facet normal  1.000000e+00  0.000000e+00  0.000000e+00
    outer loop
      vertex  2.500000e+01  1.964574e+01  6.125237e+01
      vertex  2.500000e+01  1.484732e+01  6.286528e+01
      vertex  2.500000e+01  1.465720e+01  6.181152e+01
    endloop
  endfacet
  facet normal  1.000000e+00  0.000000e+00  0.000000e+00
    outer loop
      vertex  2.500000e+01  1.964574e+01  6.125237e+01
      vertex  2.500000e+01  1.465720e+01  6.181152e+01
      vertex  2.500000e+01  1.439240e+01  6.077401e+01
    endloop
  endfacet
  facet normal  1.000000e+00  -0.000000e+00  0.000000e+00
    outer loop
      vertex  2.500000e+01  1.964574e+01  6.125237e+01
      vertex  2.500000e+01  1.439240e+01  6.077401e+01
      vertex  2.500000e+01  1.937166e+01  6.002620e+01
    endloop
  endfacet
  facet normal  1.000000e+00  0.000000e+00  0.000000e+00
    outer loop
      vertex  2.500000e+01  1.937166e+01  6.002620e+01
      vertex  2.500000e+01  1.439240e+01  6.077401e+01
      vertex  2.500000e+01  1.405425e+01  5.975804e+01
    endloop
  endfacet
  facet normal  1.000000e+00  -0.000000e+00  0.000000e+00
    outer loop
      vertex  2.500000e+01  1.937166e+01  6.002620e+01
      vertex  2.500000e+01  1.405425e+01  5.975804e+01
      vertex  2.500000e+01  1.902113e+01  5.881966e+01
    endloop
  endfacet
  facet normal  1.000000e+00  0.000000e+00  0.000000e+00
    outer loop
      vertex  2.500000e+01  1.902113e+01  5.881966e+01
      vertex  2.500000e+01  1.405425e+01  5.975804e+01
      vertex  2.500000e+01  1.364448e+01  5.876878e+01
    endloop
  endfacet
  facet normal  1.000000e+00  -0.000000e+00  0.000000e+00
    outer loop
      vertex  2.500000e+01  1.902113e+01  5.881966e+01
      vertex  2.500000e+01  1.364448e+01  5.876878e+01
      vertex  2.500000e+01  1.859553e+01  5.763751e+01
    endloop
  endfacet
  facet normal  9.999999e-01  0.000000e+00  0.000000e+00
    outer loop
      vertex  2.500000e+01  1.859553e+01  5.763751e+01
      vertex  2.500000e+01  1.364448e+01  5.876878e+01
      vertex  2.500000e+01  1.316518e+01  5.781126e+01
    endloop
  endfacet
  facet normal  1.000000e+00  0.000000e+00  0.000000e+00
    outer loop
      vertex  2.500000e+01  1.859553e+01  5.763751e+01
      vertex  2.500000e+01  1.316518e+01  5.781126e+01
      vertex  2.500000e+01  1.809654e+01  5.648441e+01
    endloop
  endfacet
  facet normal  1.000000e+00  0.000000e+00  0.000000e+00
    outer loop
      vertex  2.500000e+01  1.809654e+01  5.648441e+01
      vertex  2.500000e+01  1.316518e+01  5.781126e+01
      vertex  2.500000e+01  1.261880e+01  5.689039e+01
    endloop
  endfacet
  facet normal  1.000000e+00  0.000000e+00  0.000000e+00
    outer loop
      vertex  2.500000e+01  1.809654e+01  5.648441e+01
      vertex  2.500000e+01  1.261880e+01  5.689039e+01
      vertex  2.500000e+01  1.752613e+01  5.536493e+01
    endloop
  endfacet
  facet normal  1.000000e+00  0.000000e+00  0.000000e+00
    outer loop
      vertex  2.500000e+01  1.752613e+01  5.536493e+01
      vertex  2.500000e+01  1.261880e+01  5.689039e+01
      vertex  2.500000e+01  1.200812e+01  5.601083e+01
    endloop
  endfacet
  facet normal  9.999999e-01  0.000000e+00  0.000000e+00
    outer loop
      vertex  2.500000e+01  1.752613e+01  5.536493e+01
      vertex  2.500000e+01  1.200812e+01  5.601083e+01
      vertex  2.500000e+01  1.133624e+01  5.517709e+01
    endloop
  endfacet
  facet normal  1.000000e+00  -0.000000e+00  0.000000e+00
    outer loop
      vertex  2.500000e+01  1.752613e+01  5.536493e+01
      vertex  2.500000e+01  1.133624e+01  5.517709e+01
      vertex  2.500000e+01  1.688656e+01  5.428346e+01
    endloop
  endfacet
  facet normal  1.000000e+00  0.000000e+00  0.000000e+00
    outer loop
      vertex  2.500000e+01  1.688656e+01  5.428346e+01
      vertex  2.500000e+01  1.133624e+01  5.517709e+01
      vertex  2.500000e+01  1.060660e+01  5.439340e+01
    endloop
  endfacet
  facet normal  9.999999e-01  0.000000e+00  0.000000e+00
    outer loop
      vertex  2.500000e+01  1.688656e+01  5.428346e+01
      vertex  2.500000e+01  1.060660e+01  5.439340e+01
      vertex  2.500000e+01  1.618034e+01  5.324429e+01
    endloop
  endfacet
  facet normal  1.000000e+00  0.000000e+00  0.000000e+00
    outer loop
      vertex  2.500000e+01  1.618034e+01  5.324429e+01
      vertex  2.500000e+01  1.060660e+01  5.439340e+01
      vertex  2.500000e+01  9.822911e+00  5.366376e+01
    endloop
  endfacet
  facet normal  1.000000e+00  0.000000e+00  0.000000e+00
    outer loop
      vertex  2.500000e+01  1.618034e+01  5.324429e+01
      vertex  2.500000e+01  9.822911e+00  5.366376e+01
      vertex  2.500000e+01  8.989165e+00  5.299188e+01
    endloop
  endfacet
  facet normal  1.000000e+00  -0.000000e+00  0.000000e+00
    outer loop
      vertex  2.500000e+01  1.618034e+01  5.324429e+01
      vertex  2.500000e+01  8.989165e+00  5.299188e+01
      vertex  2.500000e+01  1.541026e+01  5.225152e+01
    endloop
  endfacet
  facet normal  9.999999e-01  0.000000e+00  0.000000e+00
    outer loop
      vertex  2.500000e+01  1.541026e+01  5.225152e+01
      vertex  2.500000e+01  8.989165e+00  5.299188e+01
      vertex  2.500000e+01  8.109612e+00  5.238120e+01
    endloop
  endfacet
  facet normal  1.000000e+00  0.000000e+00  0.000000e+00
    outer loop
      vertex  2.500000e+01  1.541026e+01  5.225152e+01
      vertex  2.500000e+01  8.109612e+00  5.238120e+01
      vertex  2.500000e+01  1.457937e+01  5.130906e+01
    endloop
  endfacet
  facet normal  1.000000e+00  0.000000e+00  0.000000e+00
    outer loop
      vertex  2.500000e+01  1.457937e+01  5.130906e+01
      vertex  2.500000e+01  8.109612e+00  5.238120e+01
      vertex  2.500000e+01  7.188735e+00  5.183482e+01
    endloop
  endfacet
  facet normal  1.000000e+00  0.000000e+00  0.000000e+00
    outer loop
      vertex  2.500000e+01  1.457937e+01  5.130906e+01
      vertex  2.500000e+01  7.188735e+00  5.183482e+01
      vertex  2.500000e+01  6.231225e+00  5.135552e+01
    endloop
  endfacet
  facet normal  1.000000e+00  0.000000e+00  0.000000e+00
    outer loop
      vertex  2.500000e+01  1.457937e+01  5.130906e+01
      vertex  2.500000e+01  6.231225e+00  5.135552e+01
      vertex  2.500000e+01  1.369094e+01  5.042063e+01
    endloop
  endfacet
  facet normal  1.000000e+00  0.000000e+00  0.000000e+00
    outer loop
      vertex  2.500000e+01  1.369094e+01  5.042063e+01
      vertex  2.500000e+01  6.231225e+00  5.135552e+01
      vertex  2.500000e+01  5.241963e+00  5.094576e+01
    endloop
  endfacet
  facet normal  9.999999e-01  0.000000e+00  0.000000e+00
    outer loop
      vertex  2.500000e+01  1.369094e+01  5.042063e+01
      vertex  2.500000e+01  5.241963e+00  5.094576e+01
      vertex  2.500000e+01  4.225988e+00  5.060760e+01
    endloop
  endfacet
  facet normal  1.000000e+00  -0.000000e+00  0.000000e+00
    outer loop
      vertex  2.500000e+01  1.175570e+01  4.881966e+01
      vertex  2.500000e+01 -1.175570e+01  4.881966e+01
      vertex  2.500000e+01  1.071654e+01  4.811344e+01
    endloop
  endfacet
  facet normal  1.000000e+00  0.000000e+00  0.000000e+00
    outer loop
      vertex  2.500000e+01  1.071654e+01  4.811344e+01
      vertex  2.500000e+01 -1.175570e+01  4.881966e+01
      vertex  2.500000e+01 -1.071654e+01  4.811344e+01
    endloop
  endfacet
  facet normal  1.000000e+00  -0.000000e+00  0.000000e+00
    outer loop
      vertex  2.500000e+01  1.071654e+01  4.811344e+01
      vertex  2.500000e+01 -1.071654e+01  4.811344e+01
      vertex  2.500000e+01  9.635074e+00  4.747387e+01
    endloop
  endfacet
  facet normal  1.000000e+00  0.000000e+00  0.000000e+00
    outer loop
      vertex  2.500000e+01  9.635074e+00  4.747387e+01
      vertex  2.500000e+01 -1.071654e+01  4.811344e+01
      vertex  2.500000e+01 -9.635074e+00  4.747387e+01
    endloop
  endfacet
  facet normal  1.000000e+00  -0.000000e+00  0.000000e+00
    outer loop
      vertex  2.500000e+01  9.635074e+00  4.747387e+01
      vertex  2.500000e+01 -9.635074e+00  4.747387e+01
      vertex  2.500000e+01  8.515586e+00  4.690346e+01
    endloop
  endfacet
  facet normal  1.000000e+00  0.000000e+00  0.000000e+00
    outer loop
      vertex  2.500000e+01  8.515586e+00  4.690346e+01
      vertex  2.500000e+01 -9.635074e+00  4.747387e+01
      vertex  2.500000e+01 -8.515586e+00  4.690346e+01
    endloop
  endfacet
  facet normal  1.000000e+00  -0.000000e+00  0.000000e+00
    outer loop
      vertex  2.500000e+01  8.515586e+00  4.690346e+01
      vertex  2.500000e+01 -8.515586e+00  4.690346e+01
      vertex  2.500000e+01  7.362491e+00  4.640447e+01
    endloop
  endfacet
  facet normal  1.000000e+00  0.000000e+00  0.000000e+00
    outer loop
      vertex  2.500000e+01  7.362491e+00  4.640447e+01
      vertex  2.500000e+01 -8.515586e+00  4.690346e+01
      vertex  2.500000e+01 -7.362491e+00  4.640447e+01
    endloop
  endfacet
  facet normal  1.000000e+00  -0.000000e+00  0.000000e+00
    outer loop
      vertex  2.500000e+01  7.362491e+00  4.640447e+01
      vertex  2.500000e+01 -7.362491e+00  4.640447e+01
      vertex  2.500000e+01  6.180340e+00  4.597887e+01
    endloop
  endfacet
  facet normal  1.000000e+00  0.000000e+00  0.000000e+00
    outer loop
      vertex  2.500000e+01  6.180340e+00  4.597887e+01
      vertex  2.500000e+01 -7.362491e+00  4.640447e+01
      vertex  2.500000e+01 -6.180340e+00  4.597887e+01
    endloop
  endfacet
  facet normal  1.000000e+00  -0.000000e+00  0.000000e+00
    outer loop
      vertex  2.500000e+01  6.180340e+00  4.597887e+01
      vertex  2.500000e+01 -6.180340e+00  4.597887e+01
      vertex  2.500000e+01  4.973798e+00  4.562834e+01
    endloop
  endfacet
  facet normal  1.000000e+00  0.000000e+00  0.000000e+00
    outer loop
      vertex  2.500000e+01  4.973798e+00  4.562834e+01
      vertex  2.500000e+01 -6.180340e+00  4.597887e+01
      vertex  2.500000e+01 -4.973798e+00  4.562834e+01
    endloop
  endfacet
  facet normal  1.000000e+00  -0.000000e+00  0.000000e+00
    outer loop
      vertex  2.500000e+01  4.973798e+00  4.562834e+01
      vertex  2.500000e+01 -4.973798e+00  4.562834e+01
      vertex  2.500000e+01  3.747626e+00  4.535426e+01
    endloop
  endfacet
  facet normal  1.000000e+00  0.000000e+00  0.000000e+00
    outer loop
      vertex  2.500000e+01  3.747626e+00  4.535426e+01
      vertex  2.500000e+01 -4.973798e+00  4.562834e+01
      vertex  2.500000e+01 -3.747626e+00  4.535426e+01
    endloop
  endfacet
  facet normal  1.000000e+00  -0.000000e+00  0.000000e+00
    outer loop
      vertex  2.500000e+01  3.747626e+00  4.535426e+01
      vertex  2.500000e+01 -3.747626e+00  4.535426e+01
      vertex  2.500000e+01  2.506665e+00  4.515771e+01
    endloop
  endfacet
  facet normal  1.000000e+00  0.000000e+00  0.000000e+00
    outer loop
      vertex  2.500000e+01  2.506665e+00  4.515771e+01
      vertex  2.500000e+01 -3.747626e+00  4.535426e+01
      vertex  2.500000e+01 -2.506665e+00  4.515771e+01
    endloop
  endfacet
  facet normal  1.000000e+00  -0.000000e+00  0.000000e+00
    outer loop
      vertex  2.500000e+01  2.506665e+00  4.515771e+01
      vertex  2.500000e+01 -2.506665e+00  4.515771e+01
      vertex  2.500000e+01  1.255810e+00  4.503947e+01
    endloop
  endfacet
  facet normal  1.000000e+00  0.000000e+00  0.000000e+00
    outer loop
      vertex  2.500000e+01  1.255810e+00  4.503947e+01
      vertex  2.500000e+01 -2.506665e+00  4.515771e+01
      vertex  2.500000e+01 -1.255810e+00  4.503947e+01
    endloop
  endfacet
  facet normal  1.000000e+00  -0.000000e+00  0.000000e+00
    outer loop
      vertex  2.500000e+01  1.255810e+00  4.503947e+01
      vertex  2.500000e+01 -1.255810e+00  4.503947e+01
      vertex  2.500000e+01 -3.673940e-15  4.500000e+01
    endloop
  endfacet
  facet normal  1.000000e+00  -0.000000e+00  0.000000e+00
    outer loop
      vertex  2.500000e+01 -1.500000e+01  6.500000e+01
      vertex  2.500000e+01 -2.000000e+01  6.500000e+01
      vertex  2.500000e+01 -1.496178e+01  6.392991e+01
    endloop
  endfacet
  facet normal  1.000000e+00  0.000000e+00  0.000000e+00
    outer loop
      vertex  2.500000e+01 -1.496178e+01  6.392991e+01
      vertex  2.500000e+01 -2.000000e+01  6.500000e+01
      vertex  2.500000e+01 -1.996054e+01  6.374419e+01
    endloop
  endfacet
  facet normal  9.999999e-01  -0.000000e+00  0.000000e+00
    outer loop
      vertex  2.500000e+01 -1.496178e+01  6.392991e+01
      vertex  2.500000e+01 -1.996054e+01  6.374419e+01
      vertex  2.500000e+01 -1.484732e+01  6.286528e+01
    endloop
  endfacet
  facet normal  1.000000e+00  0.000000e+00  0.000000e+00
    outer loop
      vertex  2.500000e+01 -1.484732e+01  6.286528e+01
      vertex  2.500000e+01 -1.996054e+01  6.374419e+01
      vertex  2.500000e+01 -1.984229e+01  6.249334e+01
    endloop
  endfacet
  facet normal  1.000000e+00  -0.000000e+00  0.000000e+00
    outer loop
      vertex  2.500000e+01 -1.484732e+01  6.286528e+01
      vertex  2.500000e+01 -1.984229e+01  6.249334e+01
      vertex  2.500000e+01 -1.465720e+01  6.181152e+01
    endloop
  endfacet
  facet normal  1.000000e+00  0.000000e+00  0.000000e+00
    outer loop
      vertex  2.500000e+01 -1.465720e+01  6.181152e+01
      vertex  2.500000e+01 -1.984229e+01  6.249334e+01
      vertex  2.500000e+01 -1.964574e+01  6.125237e+01
    endloop
  endfacet
  facet normal  1.000000e+00  -0.000000e+00  0.000000e+00
    outer loop
      vertex  2.500000e+01 -1.465720e+01  6.181152e+01
      vertex  2.500000e+01 -1.964574e+01  6.125237e+01
      vertex  2.500000e+01 -1.439240e+01  6.077401e+01
    endloop
  endfacet
  facet normal  1.000000e+00  0.000000e+00  0.000000e+00
    outer loop
      vertex  2.500000e+01 -1.439240e+01  6.077401e+01
      vertex  2.500000e+01 -1.964574e+01  6.125237e+01
      vertex  2.500000e+01 -1.405425e+01  5.975804e+01
    endloop
  endfacet
  facet normal  1.000000e+00  0.000000e+00  0.000000e+00
    outer loop
      vertex  2.500000e+01 -1.405425e+01  5.975804e+01
      vertex  2.500000e+01 -1.964574e+01  6.125237e+01
      vertex  2.500000e+01 -1.937166e+01  6.002620e+01
    endloop
  endfacet
  facet normal  1.000000e+00  0.000000e+00  0.000000e+00
    outer loop
      vertex  2.500000e+01 -1.405425e+01  5.975804e+01
      vertex  2.500000e+01 -1.937166e+01  6.002620e+01
      vertex  2.500000e+01 -1.364448e+01  5.876878e+01
    endloop
  endfacet
  facet normal  1.000000e+00  0.000000e+00  0.000000e+00
    outer loop
      vertex  2.500000e+01 -1.364448e+01  5.876878e+01
      vertex  2.500000e+01 -1.937166e+01  6.002620e+01
      vertex  2.500000e+01 -1.902113e+01  5.881966e+01
    endloop
  endfacet
  facet normal  1.000000e+00  0.000000e+00  0.000000e+00
    outer loop
      vertex  2.500000e+01 -1.364448e+01  5.876878e+01
      vertex  2.500000e+01 -1.902113e+01  5.881966e+01
      vertex  2.500000e+01 -1.316518e+01  5.781126e+01
    endloop
  endfacet
  facet normal  1.000000e+00  0.000000e+00  0.000000e+00
    outer loop
      vertex  2.500000e+01 -1.316518e+01  5.781126e+01
      vertex  2.500000e+01 -1.902113e+01  5.881966e+01
      vertex  2.500000e+01 -1.859553e+01  5.763751e+01
    endloop
  endfacet
  facet normal  1.000000e+00  -0.000000e+00  0.000000e+00
    outer loop
      vertex  2.500000e+01 -1.316518e+01  5.781126e+01
      vertex  2.500000e+01 -1.859553e+01  5.763751e+01
      vertex  2.500000e+01 -1.261880e+01  5.689039e+01
    endloop
  endfacet
  facet normal  1.000000e+00  0.000000e+00  0.000000e+00
    outer loop
      vertex  2.500000e+01 -1.261880e+01  5.689039e+01
      vertex  2.500000e+01 -1.859553e+01  5.763751e+01
      vertex  2.500000e+01 -1.809654e+01  5.648441e+01
    endloop
  endfacet
  facet normal  1.000000e+00  -0.000000e+00  0.000000e+00
    outer loop
      vertex  2.500000e+01 -1.261880e+01  5.689039e+01
      vertex  2.500000e+01 -1.809654e+01  5.648441e+01
      vertex  2.500000e+01 -1.200812e+01  5.601083e+01
    endloop
  endfacet
  facet normal  1.000000e+00  0.000000e+00  0.000000e+00
    outer loop
      vertex  2.500000e+01 -1.200812e+01  5.601083e+01
      vertex  2.500000e+01 -1.809654e+01  5.648441e+01
      vertex  2.500000e+01 -1.752613e+01  5.536493e+01
    endloop
  endfacet
  facet normal  9.999999e-01  -0.000000e+00  0.000000e+00
    outer loop
      vertex  2.500000e+01 -1.200812e+01  5.601083e+01
      vertex  2.500000e+01 -1.752613e+01  5.536493e+01
      vertex  2.500000e+01 -1.133624e+01  5.517709e+01
    endloop
  endfacet
  facet normal  1.000000e+00  0.000000e+00  0.000000e+00
    outer loop
      vertex  2.500000e+01 -1.133624e+01  5.517709e+01
      vertex  2.500000e+01 -1.752613e+01  5.536493e+01
      vertex  2.500000e+01 -1.060660e+01  5.439340e+01
    endloop
  endfacet
  facet normal  1.000000e+00  0.000000e+00  0.000000e+00
    outer loop
      vertex  2.500000e+01 -1.060660e+01  5.439340e+01
      vertex  2.500000e+01 -1.752613e+01  5.536493e+01
      vertex  2.500000e+01 -1.688656e+01  5.428346e+01
    endloop
  endfacet
  facet normal  9.999999e-01  -0.000000e+00  0.000000e+00
    outer loop
      vertex  2.500000e+01 -1.060660e+01  5.439340e+01
      vertex  2.500000e+01 -1.688656e+01  5.428346e+01
      vertex  2.500000e+01 -9.822911e+00  5.366376e+01
    endloop
  endfacet
  facet normal  1.000000e+00  0.000000e+00  0.000000e+00
    outer loop
      vertex  2.500000e+01 -9.822911e+00  5.366376e+01
      vertex  2.500000e+01 -1.688656e+01  5.428346e+01
      vertex  2.500000e+01 -1.618034e+01  5.324429e+01
    endloop
  endfacet
  facet normal  1.000000e+00  -0.000000e+00  0.000000e+00
    outer loop
      vertex  2.500000e+01 -9.822911e+00  5.366376e+01
      vertex  2.500000e+01 -1.618034e+01  5.324429e+01
      vertex  2.500000e+01 -8.989165e+00  5.299188e+01
    endloop
  endfacet
  facet normal  1.000000e+00  0.000000e+00  0.000000e+00
    outer loop
      vertex  2.500000e+01 -8.989165e+00  5.299188e+01
      vertex  2.500000e+01 -1.618034e+01  5.324429e+01
      vertex  2.500000e+01 -8.109612e+00  5.238120e+01
    endloop
  endfacet
  facet normal  1.000000e+00  0.000000e+00  0.000000e+00
    outer loop
      vertex  2.500000e+01 -8.109612e+00  5.238120e+01
      vertex  2.500000e+01 -1.618034e+01  5.324429e+01
      vertex  2.500000e+01 -1.541026e+01  5.225152e+01
    endloop
  endfacet
  facet normal  1.000000e+00  -0.000000e+00  0.000000e+00
    outer loop
      vertex  2.500000e+01 -8.109612e+00  5.238120e+01
      vertex  2.500000e+01 -1.541026e+01  5.225152e+01
      vertex  2.500000e+01 -7.188735e+00  5.183482e+01
    endloop
  endfacet
  facet normal  1.000000e+00  0.000000e+00  0.000000e+00
    outer loop
      vertex  2.500000e+01 -7.188735e+00  5.183482e+01
      vertex  2.500000e+01 -1.541026e+01  5.225152e+01
      vertex  2.500000e+01 -1.457937e+01  5.130906e+01
    endloop
  endfacet
  facet normal  1.000000e+00  0.000000e+00  0.000000e+00
    outer loop
      vertex  2.500000e+01 -7.188735e+00  5.183482e+01
      vertex  2.500000e+01 -1.457937e+01  5.130906e+01
      vertex  2.500000e+01 -6.231225e+00  5.135552e+01
    endloop
  endfacet
  facet normal  1.000000e+00  -0.000000e+00  0.000000e+00
    outer loop
      vertex  2.500000e+01 -6.231225e+00  5.135552e+01
      vertex  2.500000e+01 -1.457937e+01  5.130906e+01
      vertex  2.500000e+01 -5.241963e+00  5.094576e+01
    endloop
  endfacet
  facet normal  1.000000e+00  0.000000e+00  0.000000e+00
    outer loop
      vertex  2.500000e+01 -5.241963e+00  5.094576e+01
      vertex  2.500000e+01 -1.457937e+01  5.130906e+01
      vertex  2.500000e+01 -1.369094e+01  5.042063e+01
    endloop
  endfacet
  facet normal  1.000000e+00  0.000000e+00  0.000000e+00
    outer loop
      vertex  2.500000e+01 -5.241963e+00  5.094576e+01
      vertex  2.500000e+01 -1.369094e+01  5.042063e+01
      vertex  2.500000e+01 -4.225988e+00  5.060760e+01
    endloop
  endfacet
  facet normal  -0.000000e+00  0.000000e+00  1.000000e+00
    outer loop
      vertex  2.500000e+01 -1.500000e+01  6.500000e+01
      vertex  0.000000e+00 -1.500000e+01  6.500000e+01
      vertex  2.500000e+01 -2.000000e+01  6.500000e+01
    endloop
  endfacet
  facet normal  0.000000e+00  0.000000e+00  1.000000e+00
    outer loop
      vertex  2.500000e+01 -2.000000e+01  6.500000e+01
      vertex  0.000000e+00 -1.500000e+01  6.500000e+01
      vertex  2.000000e+01 -2.000000e+01  6.500000e+01
    endloop
  endfacet
  facet normal  0.000000e+00  0.000000e+00  1.000000e+00
    outer loop
      vertex  0.000000e+00 -1.500000e+01  6.500000e+01
      vertex  0.000000e+00 -4.000000e+01  6.500000e+01
      vertex  2.000000e+01 -2.000000e+01  6.500000e+01
    endloop
  endfacet
  facet normal  0.000000e+00  0.000000e+00  1.000000e+00
    outer loop
      vertex  2.000000e+01 -2.000000e+01  6.500000e+01
      vertex  0.000000e+00 -4.000000e+01  6.500000e+01
      vertex  2.000000e+01 -4.000000e+01  6.500000e+01
    endloop
  endfacet
  facet normal  0.000000e+00  0.000000e+00  1.000000e+00
    outer loop
      vertex  0.000000e+00  4.000000e+01  6.500000e+01
      vertex  0.000000e+00  1.500000e+01  6.500000e+01
      vertex  2.000000e+01  4.000000e+01  6.500000e+01
    endloop
  endfacet
  facet normal  0.000000e+00  0.000000e+00  1.000000e+00
    outer loop
      vertex  2.000000e+01  4.000000e+01  6.500000e+01
      vertex  0.000000e+00  1.500000e+01  6.500000e+01
      vertex  2.000000e+01  2.000000e+01  6.500000e+01
    endloop
  endfacet
  facet normal  0.000000e+00  0.000000e+00  1.000000e+00
    outer loop
      vertex  0.000000e+00  1.500000e+01  6.500000e+01
      vertex  2.500000e+01  1.500000e+01  6.500000e+01
      vertex  2.000000e+01  2.000000e+01  6.500000e+01
    endloop
  endfacet
  facet normal  -0.000000e+00  0.000000e+00  1.000000e+00
    outer loop
      vertex  2.000000e+01  2.000000e+01  6.500000e+01
      vertex  2.500000e+01  1.500000e+01  6.500000e+01
      vertex  2.500000e+01  2.000000e+01  6.500000e+01
    endloop
  endfacet
  facet normal  0.000000e+00 -3.569343e-02  9.993628e-01
    outer loop
      vertex  0.000000e+00 -1.607813e-14  5.000000e+01
      vertex  2.500000e+01  1.070088e+00  5.003822e+01
      vertex  0.000000e+00  1.070088e+00  5.003822e+01
    endloop
  endfacet
  facet normal  0.000000e+00 -1.068950e-01  9.942703e-01
    outer loop
      vertex  0.000000e+00  1.070088e+00  5.003822e+01
      vertex  2.500000e+01  1.070088e+00  5.003822e+01
      vertex  2.500000e+01  2.134722e+00  5.015268e+01
    endloop
  endfacet
  facet normal  0.000000e+00 -1.068950e-01  9.942703e-01
    outer loop
      vertex  0.000000e+00  1.070088e+00  5.003822e+01
      vertex  2.500000e+01  2.134722e+00  5.015268e+01
      vertex  0.000000e+00  2.134722e+00  5.015268e+01
    endloop
  endfacet
  facet normal  0.000000e+00 -1.775516e-01  9.841115e-01
    outer loop
      vertex  0.000000e+00  2.134722e+00  5.015268e+01
      vertex  2.500000e+01  2.134722e+00  5.015268e+01
      vertex  2.500000e+01  3.188479e+00  5.034280e+01
    endloop
  endfacet
  facet normal  0.000000e+00 -1.775516e-01  9.841115e-01
    outer loop
      vertex  0.000000e+00  2.134722e+00  5.015268e+01
      vertex  2.500000e+01  3.188479e+00  5.034280e+01
      vertex  0.000000e+00  3.188479e+00  5.034280e+01
    endloop
  endfacet
  facet normal  0.000000e+00 -2.473067e-01  9.689373e-01
    outer loop
      vertex  0.000000e+00  3.188479e+00  5.034280e+01
      vertex  2.500000e+01  3.188479e+00  5.034280e+01
      vertex  2.500000e+01  4.225988e+00  5.060760e+01
    endloop
  endfacet
  facet normal  0.000000e+00 -2.473067e-01  9.689373e-01
    outer loop
      vertex  0.000000e+00  3.188479e+00  5.034280e+01
      vertex  2.500000e+01  4.225988e+00  5.060760e+01
      vertex  0.000000e+00  4.225988e+00  5.060760e+01
    endloop
  endfacet
  facet normal  0.000000e+00 -3.158006e-01  9.488256e-01
    outer loop
      vertex  0.000000e+00  4.225988e+00  5.060760e+01
      vertex  2.500000e+01  4.225988e+00  5.060760e+01
      vertex  2.500000e+01  5.241963e+00  5.094576e+01
    endloop
  endfacet
  facet normal  0.000000e+00 -3.158006e-01  9.488256e-01
    outer loop
      vertex  0.000000e+00  4.225988e+00  5.060760e+01
      vertex  2.500000e+01  5.241963e+00  5.094576e+01
      vertex  0.000000e+00  5.241963e+00  5.094576e+01
    endloop
  endfacet
  facet normal  0.000000e+00 -3.826815e-01  9.238803e-01
    outer loop
      vertex  0.000000e+00  5.241963e+00  5.094576e+01
      vertex  2.500000e+01  5.241963e+00  5.094576e+01
      vertex  2.500000e+01  6.231225e+00  5.135552e+01
    endloop
  endfacet
  facet normal  0.000000e+00 -3.826815e-01  9.238803e-01
    outer loop
      vertex  0.000000e+00  5.241963e+00  5.094576e+01
      vertex  2.500000e+01  6.231225e+00  5.135552e+01
      vertex  0.000000e+00  6.231225e+00  5.135552e+01
    endloop
  endfacet
  facet normal  0.000000e+00 -4.476190e-01  8.942244e-01
    outer loop
      vertex  0.000000e+00  6.231225e+00  5.135552e+01
      vertex  2.500000e+01  6.231225e+00  5.135552e+01
      vertex  2.500000e+01  7.188735e+00  5.183482e+01
    endloop
  endfacet
  facet normal  0.000000e+00 -4.476190e-01  8.942244e-01
    outer loop
      vertex  0.000000e+00  6.231225e+00  5.135552e+01
      vertex  2.500000e+01  7.188735e+00  5.183482e+01
      vertex  0.000000e+00  7.188735e+00  5.183482e+01
    endloop
  endfacet
  facet normal  0.000000e+00 -5.102708e-01  8.600138e-01
    outer loop
      vertex  0.000000e+00  7.188735e+00  5.183482e+01
      vertex  2.500000e+01  7.188735e+00  5.183482e+01
      vertex  2.500000e+01  8.109612e+00  5.238120e+01
    endloop
  endfacet
  facet normal  0.000000e+00 -5.102708e-01  8.600138e-01
    outer loop
      vertex  0.000000e+00  7.188735e+00  5.183482e+01
      vertex  2.500000e+01  8.109612e+00  5.238120e+01
      vertex  0.000000e+00  8.109612e+00  5.238120e+01
    endloop
  endfacet
  facet normal  0.000000e+00 -5.703220e-01  8.214212e-01
    outer loop
      vertex  0.000000e+00  8.109612e+00  5.238120e+01
      vertex  2.500000e+01  8.109612e+00  5.238120e+01
      vertex  2.500000e+01  8.989165e+00  5.299188e+01
    endloop
  endfacet
  facet normal  0.000000e+00 -5.703220e-01  8.214212e-01
    outer loop
      vertex  0.000000e+00  8.109612e+00  5.238120e+01
      vertex  2.500000e+01  8.989165e+00  5.299188e+01
      vertex  0.000000e+00  8.989165e+00  5.299188e+01
    endloop
  endfacet
  facet normal  0.000000e+00 -6.274690e-01  7.786415e-01
    outer loop
      vertex  0.000000e+00  8.989165e+00  5.299188e+01
      vertex  2.500000e+01  8.989165e+00  5.299188e+01
      vertex  2.500000e+01  9.822911e+00  5.366376e+01
    endloop
  endfacet
  facet normal  0.000000e+00 -6.274690e-01  7.786415e-01
    outer loop
      vertex  0.000000e+00  8.989165e+00  5.299188e+01
      vertex  2.500000e+01  9.822911e+00  5.366376e+01
      vertex  0.000000e+00  9.822911e+00  5.366376e+01
    endloop
  endfacet
  facet normal  0.000000e+00 -6.814176e-01  7.318949e-01
    outer loop
      vertex  0.000000e+00  9.822911e+00  5.366376e+01
      vertex  2.500000e+01  9.822911e+00  5.366376e+01
      vertex  2.500000e+01  1.060660e+01  5.439340e+01
    endloop
  endfacet
  facet normal  0.000000e+00 -6.814176e-01  7.318949e-01
    outer loop
      vertex  0.000000e+00  9.822911e+00  5.366376e+01
      vertex  2.500000e+01  1.060660e+01  5.439340e+01
      vertex  0.000000e+00  1.060660e+01  5.439340e+01
    endloop
  endfacet
  facet normal  0.000000e+00 -7.318948e-01  6.814176e-01
    outer loop
      vertex  0.000000e+00  1.060660e+01  5.439340e+01
      vertex  2.500000e+01  1.060660e+01  5.439340e+01
      vertex  2.500000e+01  1.133624e+01  5.517709e+01
    endloop
  endfacet
  facet normal  0.000000e+00 -7.318948e-01  6.814176e-01
    outer loop
      vertex  0.000000e+00  1.060660e+01  5.439340e+01
      vertex  2.500000e+01  1.133624e+01  5.517709e+01
      vertex  0.000000e+00  1.133624e+01  5.517709e+01
    endloop
  endfacet
  facet normal  0.000000e+00 -7.786409e-01  6.274700e-01
    outer loop
      vertex  0.000000e+00  1.133624e+01  5.517709e+01
      vertex  2.500000e+01  1.133624e+01  5.517709e+01
      vertex  2.500000e+01  1.200812e+01  5.601083e+01
    endloop
  endfacet
  facet normal  0.000000e+00 -7.786409e-01  6.274700e-01
    outer loop
      vertex  0.000000e+00  1.133624e+01  5.517709e+01
      vertex  2.500000e+01  1.200812e+01  5.601083e+01
      vertex  0.000000e+00  1.200812e+01  5.601083e+01
    endloop
  endfacet
  facet normal  0.000000e+00 -8.214214e-01  5.703218e-01
    outer loop
      vertex  0.000000e+00  1.200812e+01  5.601083e+01
      vertex  2.500000e+01  1.200812e+01  5.601083e+01
      vertex  2.500000e+01  1.261880e+01  5.689039e+01
    endloop
  endfacet
  facet normal  0.000000e+00 -8.214214e-01  5.703218e-01
    outer loop
      vertex  0.000000e+00  1.200812e+01  5.601083e+01
      vertex  2.500000e+01  1.261880e+01  5.689039e+01
      vertex  0.000000e+00  1.261880e+01  5.689039e+01
    endloop
  endfacet
  facet normal  0.000000e+00 -8.600137e-01  5.102709e-01
    outer loop
      vertex  0.000000e+00  1.261880e+01  5.689039e+01
      vertex  2.500000e+01  1.261880e+01  5.689039e+01
      vertex  2.500000e+01  1.316518e+01  5.781126e+01
    endloop
  endfacet
  facet normal  0.000000e+00 -8.600137e-01  5.102709e-01
    outer loop
      vertex  0.000000e+00  1.261880e+01  5.689039e+01
      vertex  2.500000e+01  1.316518e+01  5.781126e+01
      vertex  0.000000e+00  1.316518e+01  5.781126e+01
    endloop
  endfacet
  facet normal  0.000000e+00 -8.942258e-01  4.476161e-01
    outer loop
      vertex  0.000000e+00  1.316518e+01  5.781126e+01
      vertex  2.500000e+01  1.316518e+01  5.781126e+01
      vertex  2.500000e+01  1.364448e+01  5.876878e+01
    endloop
  endfacet
  facet normal  0.000000e+00 -8.942258e-01  4.476161e-01
    outer loop
      vertex  0.000000e+00  1.316518e+01  5.781126e+01
      vertex  2.500000e+01  1.364448e+01  5.876878e+01
      vertex  0.000000e+00  1.364448e+01  5.876878e+01
    endloop
  endfacet
  facet normal  0.000000e+00 -9.238794e-01  3.826839e-01
    outer loop
      vertex  0.000000e+00  1.364448e+01  5.876878e+01
      vertex  2.500000e+01  1.364448e+01  5.876878e+01
      vertex  2.500000e+01  1.405425e+01  5.975804e+01
    endloop
  endfacet
  facet normal  0.000000e+00 -9.238794e-01  3.826839e-01
    outer loop
      vertex  0.000000e+00  1.364448e+01  5.876878e+01
      vertex  2.500000e+01  1.405425e+01  5.975804e+01
      vertex  0.000000e+00  1.405425e+01  5.975804e+01
    endloop
  endfacet
  facet normal  0.000000e+00 -9.488260e-01  3.157994e-01
    outer loop
      vertex  0.000000e+00  1.405425e+01  5.975804e+01
      vertex  2.500000e+01  1.405425e+01  5.975804e+01
      vertex  2.500000e+01  1.439240e+01  6.077401e+01
    endloop
  endfacet
  facet normal  0.000000e+00 -9.488260e-01  3.157994e-01
    outer loop
      vertex  0.000000e+00  1.405425e+01  5.975804e+01
      vertex  2.500000e+01  1.439240e+01  6.077401e+01
      vertex  0.000000e+00  1.439240e+01  6.077401e+01
    endloop
  endfacet
  facet normal  0.000000e+00 -9.689373e-01  2.473066e-01
    outer loop
      vertex  0.000000e+00  1.439240e+01  6.077401e+01
      vertex  2.500000e+01  1.439240e+01  6.077401e+01
      vertex  2.500000e+01  1.465720e+01  6.181152e+01
    endloop
  endfacet
  facet normal  0.000000e+00 -9.689373e-01  2.473066e-01
    outer loop
      vertex  0.000000e+00  1.439240e+01  6.077401e+01
      vertex  2.500000e+01  1.465720e+01  6.181152e+01
      vertex  0.000000e+00  1.465720e+01  6.181152e+01
    endloop
  endfacet
  facet normal  0.000000e+00 -9.841111e-01  1.775533e-01
    outer loop
      vertex  0.000000e+00  1.465720e+01  6.181152e+01
      vertex  2.500000e+01  1.465720e+01  6.181152e+01
      vertex  2.500000e+01  1.484732e+01  6.286528e+01
    endloop
  endfacet
  facet normal  0.000000e+00 -9.841111e-01  1.775533e-01
    outer loop
      vertex  0.000000e+00  1.465720e+01  6.181152e+01
      vertex  2.500000e+01  1.484732e+01  6.286528e+01
      vertex  0.000000e+00  1.484732e+01  6.286528e+01
    endloop
  endfacet
  facet normal  0.000000e+00 -9.942703e-01  1.068949e-01
    outer loop
      vertex  0.000000e+00  1.484732e+01  6.286528e+01
      vertex  2.500000e+01  1.484732e+01  6.286528e+01
      vertex  2.500000e+01  1.496178e+01  6.392991e+01
    endloop
  endfacet
  facet normal  0.000000e+00 -9.942703e-01  1.068949e-01
    outer loop
      vertex  0.000000e+00  1.484732e+01  6.286528e+01
      vertex  2.500000e+01  1.496178e+01  6.392991e+01
      vertex  0.000000e+00  1.496178e+01  6.392991e+01
    endloop
  endfacet
  facet normal  0.000000e+00 -9.993628e-01  3.569255e-02
    outer loop
      vertex  0.000000e+00  1.496178e+01  6.392991e+01
      vertex  2.500000e+01  1.496178e+01  6.392991e+01
      vertex  2.500000e+01  1.500000e+01  6.500000e+01
    endloop
  endfacet
  facet normal  0.000000e+00 -9.993628e-01  3.569255e-02
    outer loop
      vertex  0.000000e+00  1.496178e+01  6.392991e+01
      vertex  2.500000e+01  1.500000e+01  6.500000e+01
      vertex  0.000000e+00  1.500000e+01  6.500000e+01
    endloop
  endfacet
  facet normal  0.000000e+00 -3.569343e-02  9.993628e-01
    outer loop
      vertex  2.500000e+01  1.070088e+00  5.003822e+01
      vertex  0.000000e+00 -1.607813e-14  5.000000e+01
      vertex  2.500000e+01 -1.607813e-14  5.000000e+01
    endloop
  endfacet
  facet normal  0.000000e+00  3.569343e-02  9.993628e-01
    outer loop
      vertex  2.500000e+01 -1.607813e-14  5.000000e+01
      vertex  0.000000e+00 -1.607813e-14  5.000000e+01
      vertex  0.000000e+00 -1.070088e+00  5.003822e+01
    endloop
  endfacet
  facet normal  -0.000000e+00  3.569343e-02  9.993628e-01
    outer loop
      vertex  2.500000e+01 -1.607813e-14  5.000000e+01
      vertex  0.000000e+00 -1.070088e+00  5.003822e+01
      vertex  2.500000e+01 -1.070088e+00  5.003822e+01
    endloop
  endfacet
  facet normal  0.000000e+00  1.068950e-01  9.942703e-01
    outer loop
      vertex  2.500000e+01 -1.070088e+00  5.003822e+01
      vertex  0.000000e+00 -1.070088e+00  5.003822e+01
      vertex  0.000000e+00 -2.134722e+00  5.015268e+01
    endloop
  endfacet
  facet normal  -0.000000e+00  1.068950e-01  9.942703e-01
    outer loop
      vertex  2.500000e+01 -1.070088e+00  5.003822e+01
      vertex  0.000000e+00 -2.134722e+00  5.015268e+01
      vertex  2.500000e+01 -2.134722e+00  5.015268e+01
    endloop
  endfacet
  facet normal  0.000000e+00  1.775516e-01  9.841115e-01
    outer loop
      vertex  2.500000e+01 -2.134722e+00  5.015268e+01
      vertex  0.000000e+00 -2.134722e+00  5.015268e+01
      vertex  0.000000e+00 -3.188479e+00  5.034280e+01
    endloop
  endfacet
  facet normal  -0.000000e+00  1.775516e-01  9.841115e-01
    outer loop
      vertex  2.500000e+01 -2.134722e+00  5.015268e+01
      vertex  0.000000e+00 -3.188479e+00  5.034280e+01
      vertex  2.500000e+01 -3.188479e+00  5.034280e+01
    endloop
  endfacet
  facet normal  0.000000e+00  2.473067e-01  9.689373e-01
    outer loop
      vertex  2.500000e+01 -3.188479e+00  5.034280e+01
      vertex  0.000000e+00 -3.188479e+00  5.034280e+01
      vertex  0.000000e+00 -4.225988e+00  5.060760e+01
    endloop
  endfacet
  facet normal  -0.000000e+00  2.473067e-01  9.689373e-01
    outer loop
      vertex  2.500000e+01 -3.188479e+00  5.034280e+01
      vertex  0.000000e+00 -4.225988e+00  5.060760e+01
      vertex  2.500000e+01 -4.225988e+00  5.060760e+01
    endloop
  endfacet
  facet normal  0.000000e+00  3.158006e-01  9.488256e-01
    outer loop
      vertex  2.500000e+01 -4.225988e+00  5.060760e+01
      vertex  0.000000e+00 -4.225988e+00  5.060760e+01
      vertex  0.000000e+00 -5.241963e+00  5.094576e+01
    endloop
  endfacet
  facet normal  -0.000000e+00  3.158006e-01  9.488256e-01
    outer loop
      vertex  2.500000e+01 -4.225988e+00  5.060760e+01
      vertex  0.000000e+00 -5.241963e+00  5.094576e+01
      vertex  2.500000e+01 -5.241963e+00  5.094576e+01
    endloop
  endfacet
  facet normal  0.000000e+00  3.826815e-01  9.238803e-01
    outer loop
      vertex  2.500000e+01 -5.241963e+00  5.094576e+01
      vertex  0.000000e+00 -5.241963e+00  5.094576e+01
      vertex  0.000000e+00 -6.231225e+00  5.135552e+01
    endloop
  endfacet
  facet normal  -0.000000e+00  3.826815e-01  9.238803e-01
    outer loop
      vertex  2.500000e+01 -5.241963e+00  5.094576e+01
      vertex  0.000000e+00 -6.231225e+00  5.135552e+01
      vertex  2.500000e+01 -6.231225e+00  5.135552e+01
    endloop
  endfacet
  facet normal  0.000000e+00  4.476190e-01  8.942244e-01
    outer loop
      vertex  2.500000e+01 -6.231225e+00  5.135552e+01
      vertex  0.000000e+00 -6.231225e+00  5.135552e+01
      vertex  0.000000e+00 -7.188735e+00  5.183482e+01
    endloop
  endfacet
  facet normal  -0.000000e+00  4.476190e-01  8.942244e-01
    outer loop
      vertex  2.500000e+01 -6.231225e+00  5.135552e+01
      vertex  0.000000e+00 -7.188735e+00  5.183482e+01
      vertex  2.500000e+01 -7.188735e+00  5.183482e+01
    endloop
  endfacet
  facet normal  0.000000e+00  5.102708e-01  8.600138e-01
    outer loop
      vertex  2.500000e+01 -7.188735e+00  5.183482e+01
      vertex  0.000000e+00 -7.188735e+00  5.183482e+01
      vertex  0.000000e+00 -8.109612e+00  5.238120e+01
    endloop
  endfacet
  facet normal  -0.000000e+00  5.102708e-01  8.600138e-01
    outer loop
      vertex  2.500000e+01 -7.188735e+00  5.183482e+01
      vertex  0.000000e+00 -8.109612e+00  5.238120e+01
      vertex  2.500000e+01 -8.109612e+00  5.238120e+01
    endloop
  endfacet
  facet normal  0.000000e+00  5.703220e-01  8.214212e-01
    outer loop
      vertex  2.500000e+01 -8.109612e+00  5.238120e+01
      vertex  0.000000e+00 -8.109612e+00  5.238120e+01
      vertex  0.000000e+00 -8.989165e+00  5.299188e+01
    endloop
  endfacet
  facet normal  -0.000000e+00  5.703220e-01  8.214212e-01
    outer loop
      vertex  2.500000e+01 -8.109612e+00  5.238120e+01
      vertex  0.000000e+00 -8.989165e+00  5.299188e+01
      vertex  2.500000e+01 -8.989165e+00  5.299188e+01
    endloop
  endfacet
  facet normal  0.000000e+00  6.274690e-01  7.786415e-01
    outer loop
      vertex  2.500000e+01 -8.989165e+00  5.299188e+01
      vertex  0.000000e+00 -8.989165e+00  5.299188e+01
      vertex  0.000000e+00 -9.822911e+00  5.366376e+01
    endloop
  endfacet
  facet normal  -0.000000e+00  6.274690e-01  7.786415e-01
    outer loop
      vertex  2.500000e+01 -8.989165e+00  5.299188e+01
      vertex  0.000000e+00 -9.822911e+00  5.366376e+01
      vertex  2.500000e+01 -9.822911e+00  5.366376e+01
    endloop
  endfacet
  facet normal  0.000000e+00  6.814176e-01  7.318949e-01
    outer loop
      vertex  2.500000e+01 -9.822911e+00  5.366376e+01
      vertex  0.000000e+00 -9.822911e+00  5.366376e+01
      vertex  0.000000e+00 -1.060660e+01  5.439340e+01
    endloop
  endfacet
  facet normal  -0.000000e+00  6.814176e-01  7.318949e-01
    outer loop
      vertex  2.500000e+01 -9.822911e+00  5.366376e+01
      vertex  0.000000e+00 -1.060660e+01  5.439340e+01
      vertex  2.500000e+01 -1.060660e+01  5.439340e+01
    endloop
  endfacet
  facet normal  0.000000e+00  7.318948e-01  6.814176e-01
    outer loop
      vertex  2.500000e+01 -1.060660e+01  5.439340e+01
      vertex  0.000000e+00 -1.060660e+01  5.439340e+01
      vertex  0.000000e+00 -1.133624e+01  5.517709e+01
    endloop
  endfacet
  facet normal  -0.000000e+00  7.318948e-01  6.814176e-01
    outer loop
      vertex  2.500000e+01 -1.060660e+01  5.439340e+01
      vertex  0.000000e+00 -1.133624e+01  5.517709e+01
      vertex  2.500000e+01 -1.133624e+01  5.517709e+01
    endloop
  endfacet
  facet normal  0.000000e+00  7.786409e-01  6.274700e-01
    outer loop
      vertex  2.500000e+01 -1.133624e+01  5.517709e+01
      vertex  0.000000e+00 -1.133624e+01  5.517709e+01
      vertex  0.000000e+00 -1.200812e+01  5.601083e+01
    endloop
  endfacet
  facet normal  -0.000000e+00  7.786409e-01  6.274700e-01
    outer loop
      vertex  2.500000e+01 -1.133624e+01  5.517709e+01
      vertex  0.000000e+00 -1.200812e+01  5.601083e+01
      vertex  2.500000e+01 -1.200812e+01  5.601083e+01
    endloop
  endfacet
  facet normal  0.000000e+00  8.214214e-01  5.703218e-01
    outer loop
      vertex  2.500000e+01 -1.200812e+01  5.601083e+01
      vertex  0.000000e+00 -1.200812e+01  5.601083e+01
      vertex  0.000000e+00 -1.261880e+01  5.689039e+01
    endloop
  endfacet
  facet normal  -0.000000e+00  8.214214e-01  5.703218e-01
    outer loop
      vertex  2.500000e+01 -1.200812e+01  5.601083e+01
      vertex  0.000000e+00 -1.261880e+01  5.689039e+01
      vertex  2.500000e+01 -1.261880e+01  5.689039e+01
    endloop
  endfacet
  facet normal  0.000000e+00  8.600137e-01  5.102709e-01
    outer loop
      vertex  2.500000e+01 -1.261880e+01  5.689039e+01
      vertex  0.000000e+00 -1.261880e+01  5.689039e+01
      vertex  0.000000e+00 -1.316518e+01  5.781126e+01
    endloop
  endfacet
  facet normal  -0.000000e+00  8.600137e-01  5.102709e-01
    outer loop
      vertex  2.500000e+01 -1.261880e+01  5.689039e+01
      vertex  0.000000e+00 -1.316518e+01  5.781126e+01
      vertex  2.500000e+01 -1.316518e+01  5.781126e+01
    endloop
  endfacet
  facet normal  0.000000e+00  8.942258e-01  4.476161e-01
    outer loop
      vertex  2.500000e+01 -1.316518e+01  5.781126e+01
      vertex  0.000000e+00 -1.316518e+01  5.781126e+01
      vertex  0.000000e+00 -1.364448e+01  5.876878e+01
    endloop
  endfacet
  facet normal  -0.000000e+00  8.942258e-01  4.476161e-01
    outer loop
      vertex  2.500000e+01 -1.316518e+01  5.781126e+01
      vertex  0.000000e+00 -1.364448e+01  5.876878e+01
      vertex  2.500000e+01 -1.364448e+01  5.876878e+01
    endloop
  endfacet
  facet normal  0.000000e+00  9.238794e-01  3.826839e-01
    outer loop
      vertex  2.500000e+01 -1.364448e+01  5.876878e+01
      vertex  0.000000e+00 -1.364448e+01  5.876878e+01
      vertex  0.000000e+00 -1.405425e+01  5.975804e+01
    endloop
  endfacet
  facet normal  -0.000000e+00  9.238794e-01  3.826839e-01
    outer loop
      vertex  2.500000e+01 -1.364448e+01  5.876878e+01
      vertex  0.000000e+00 -1.405425e+01  5.975804e+01
      vertex  2.500000e+01 -1.405425e+01  5.975804e+01
    endloop
  endfacet
  facet normal  0.000000e+00  9.488260e-01  3.157994e-01
    outer loop
      vertex  2.500000e+01 -1.405425e+01  5.975804e+01
      vertex  0.000000e+00 -1.405425e+01  5.975804e+01
      vertex  0.000000e+00 -1.439240e+01  6.077401e+01
    endloop
  endfacet
  facet normal  -0.000000e+00  9.488260e-01  3.157994e-01
    outer loop
      vertex  2.500000e+01 -1.405425e+01  5.975804e+01
      vertex  0.000000e+00 -1.439240e+01  6.077401e+01
      vertex  2.500000e+01 -1.439240e+01  6.077401e+01
    endloop
  endfacet
  facet normal  0.000000e+00  9.689373e-01  2.473066e-01
    outer loop
      vertex  2.500000e+01 -1.439240e+01  6.077401e+01
      vertex  0.000000e+00 -1.439240e+01  6.077401e+01
      vertex  0.000000e+00 -1.465720e+01  6.181152e+01
    endloop
  endfacet
  facet normal  -0.000000e+00  9.689373e-01  2.473066e-01
    outer loop
      vertex  2.500000e+01 -1.439240e+01  6.077401e+01
      vertex  0.000000e+00 -1.465720e+01  6.181152e+01
      vertex  2.500000e+01 -1.465720e+01  6.181152e+01
    endloop
  endfacet
  facet normal  0.000000e+00  9.841111e-01  1.775533e-01
    outer loop
      vertex  2.500000e+01 -1.465720e+01  6.181152e+01
      vertex  0.000000e+00 -1.465720e+01  6.181152e+01
      vertex  0.000000e+00 -1.484732e+01  6.286528e+01
    endloop
  endfacet
  facet normal  -0.000000e+00  9.841111e-01  1.775533e-01
    outer loop
      vertex  2.500000e+01 -1.465720e+01  6.181152e+01
      vertex  0.000000e+00 -1.484732e+01  6.286528e+01
      vertex  2.500000e+01 -1.484732e+01  6.286528e+01
    endloop
  endfacet
  facet normal  0.000000e+00  9.942703e-01  1.068949e-01
    outer loop
      vertex  2.500000e+01 -1.484732e+01  6.286528e+01
      vertex  0.000000e+00 -1.484732e+01  6.286528e+01
      vertex  0.000000e+00 -1.496178e+01  6.392991e+01
    endloop
  endfacet
  facet normal  -0.000000e+00  9.942703e-01  1.068949e-01
    outer loop
      vertex  2.500000e+01 -1.484732e+01  6.286528e+01
      vertex  0.000000e+00 -1.496178e+01  6.392991e+01
      vertex  2.500000e+01 -1.496178e+01  6.392991e+01
    endloop
  endfacet
  facet normal  0.000000e+00  9.993628e-01  3.569255e-02
    outer loop
      vertex  2.500000e+01 -1.496178e+01  6.392991e+01
      vertex  0.000000e+00 -1.496178e+01  6.392991e+01
      vertex  0.000000e+00 -1.500000e+01  6.500000e+01
    endloop
  endfacet
  facet normal  -0.000000e+00  9.993628e-01  3.569255e-02
    outer loop
      vertex  2.500000e+01 -1.496178e+01  6.392991e+01
      vertex  0.000000e+00 -1.500000e+01  6.500000e+01
      vertex  2.500000e+01 -1.500000e+01  6.500000e+01
    endloop
  endfacet
  facet normal  0.000000e+00  9.995066e-01 -3.141039e-02
    outer loop
      vertex  2.000000e+01  2.000000e+01  6.500000e+01
      vertex  2.500000e+01  2.000000e+01  6.500000e+01
      vertex  2.000000e+01  1.996054e+01  6.374419e+01
    endloop
  endfacet
  facet normal  0.000000e+00  9.995066e-01 -3.141039e-02
    outer loop
      vertex  2.000000e+01  1.996054e+01  6.374419e+01
      vertex  2.500000e+01  2.000000e+01  6.500000e+01
      vertex  2.500000e+01  1.996054e+01  6.374419e+01
    endloop
  endfacet
  facet normal  0.000000e+00  9.955620e-01 -9.410815e-02
    outer loop
      vertex  2.000000e+01  1.996054e+01  6.374419e+01
      vertex  2.500000e+01  1.996054e+01  6.374419e+01
      vertex  2.000000e+01  1.984229e+01  6.249334e+01
    endloop
  endfacet
  facet normal  0.000000e+00  9.955620e-01 -9.410815e-02
    outer loop
      vertex  2.000000e+01  1.984229e+01  6.249334e+01
      vertex  2.500000e+01  1.996054e+01  6.374419e+01
      vertex  2.500000e+01  1.984229e+01  6.249334e+01
    endloop
  endfacet
  facet normal  0.000000e+00  9.876882e-01 -1.564353e-01
    outer loop
      vertex  2.000000e+01  1.984229e+01  6.249334e+01
      vertex  2.500000e+01  1.984229e+01  6.249334e+01
      vertex  2.000000e+01  1.964574e+01  6.125237e+01
    endloop
  endfacet
  facet normal  0.000000e+00  9.876882e-01 -1.564353e-01
    outer loop
      vertex  2.000000e+01  1.964574e+01  6.125237e+01
      vertex  2.500000e+01  1.984229e+01  6.249334e+01
      vertex  2.500000e+01  1.964574e+01  6.125237e+01
    endloop
  endfacet
  facet normal  0.000000e+00  9.759170e-01 -2.181424e-01
    outer loop
      vertex  2.000000e+01  1.964574e+01  6.125237e+01
      vertex  2.500000e+01  1.964574e+01  6.125237e+01
      vertex  2.000000e+01  1.937166e+01  6.002620e+01
    endloop
  endfacet
  facet normal  0.000000e+00  9.759170e-01 -2.181424e-01
    outer loop
      vertex  2.000000e+01  1.937166e+01  6.002620e+01
      vertex  2.500000e+01  1.964574e+01  6.125237e+01
      vertex  2.500000e+01  1.937166e+01  6.002620e+01
    endloop
  endfacet
  facet normal  0.000000e+00  9.602933e-01 -2.789920e-01
    outer loop
      vertex  2.000000e+01  1.937166e+01  6.002620e+01
      vertex  2.500000e+01  1.937166e+01  6.002620e+01
      vertex  2.000000e+01  1.902113e+01  5.881966e+01
    endloop
  endfacet
  facet normal  0.000000e+00  9.602933e-01 -2.789920e-01
    outer loop
      vertex  2.000000e+01  1.902113e+01  5.881966e+01
      vertex  2.500000e+01  1.937166e+01  6.002620e+01
      vertex  2.500000e+01  1.902113e+01  5.881966e+01
    endloop
  endfacet
  facet normal  0.000000e+00  9.408810e-01 -3.387374e-01
    outer loop
      vertex  2.000000e+01  1.902113e+01  5.881966e+01
      vertex  2.500000e+01  1.902113e+01  5.881966e+01
      vertex  2.000000e+01  1.859553e+01  5.763751e+01
    endloop
  endfacet
  facet normal  0.000000e+00  9.408810e-01 -3.387374e-01
    outer loop
      vertex  2.000000e+01  1.859553e+01  5.763751e+01
      vertex  2.500000e+01  1.902113e+01  5.881966e+01
      vertex  2.500000e+01  1.859553e+01  5.763751e+01
    endloop
  endfacet
  facet normal  0.000000e+00  9.177545e-01 -3.971480e-01
    outer loop
      vertex  2.000000e+01  1.859553e+01  5.763751e+01
      vertex  2.500000e+01  1.859553e+01  5.763751e+01
      vertex  2.000000e+01  1.809654e+01  5.648441e+01
    endloop
  endfacet
  facet normal  0.000000e+00  9.177545e-01 -3.971480e-01
    outer loop
      vertex  2.000000e+01  1.809654e+01  5.648441e+01
      vertex  2.500000e+01  1.859553e+01  5.763751e+01
      vertex  2.500000e+01  1.809654e+01  5.648441e+01
    endloop
  endfacet
  facet normal  0.000000e+00  8.910071e-01 -4.539895e-01
    outer loop
      vertex  2.000000e+01  1.809654e+01  5.648441e+01
      vertex  2.500000e+01  1.809654e+01  5.648441e+01
      vertex  2.000000e+01  1.752613e+01  5.536493e+01
    endloop
  endfacet
  facet normal  0.000000e+00  8.910071e-01 -4.539895e-01
    outer loop
      vertex  2.000000e+01  1.752613e+01  5.536493e+01
      vertex  2.500000e+01  1.809654e+01  5.648441e+01
      vertex  2.500000e+01  1.752613e+01  5.536493e+01
    endloop
  endfacet
  facet normal  0.000000e+00  8.607418e-01 -5.090417e-01
    outer loop
      vertex  2.000000e+01  1.752613e+01  5.536493e+01
      vertex  2.500000e+01  1.752613e+01  5.536493e+01
      vertex  2.000000e+01  1.688656e+01  5.428346e+01
    endloop
  endfacet
  facet normal  0.000000e+00  8.607418e-01 -5.090417e-01
    outer loop
      vertex  2.000000e+01  1.688656e+01  5.428346e+01
      vertex  2.500000e+01  1.752613e+01  5.536493e+01
      vertex  2.500000e+01  1.688656e+01  5.428346e+01
    endloop
  endfacet
  facet normal  0.000000e+00  8.270805e-01 -5.620833e-01
    outer loop
      vertex  2.000000e+01  1.688656e+01  5.428346e+01
      vertex  2.500000e+01  1.688656e+01  5.428346e+01
      vertex  2.000000e+01  1.618034e+01  5.324429e+01
    endloop
  endfacet
  facet normal  0.000000e+00  8.270805e-01 -5.620833e-01
    outer loop
      vertex  2.000000e+01  1.618034e+01  5.324429e+01
      vertex  2.500000e+01  1.688656e+01  5.428346e+01
      vertex  2.500000e+01  1.618034e+01  5.324429e+01
    endloop
  endfacet
  facet normal  0.000000e+00  7.901540e-01 -6.129084e-01
    outer loop
      vertex  2.000000e+01  1.618034e+01  5.324429e+01
      vertex  2.500000e+01  1.618034e+01  5.324429e+01
      vertex  2.000000e+01  1.541026e+01  5.225152e+01
    endloop
  endfacet
  facet normal  0.000000e+00  7.901540e-01 -6.129084e-01
    outer loop
      vertex  2.000000e+01  1.541026e+01  5.225152e+01
      vertex  2.500000e+01  1.618034e+01  5.324429e+01
      vertex  2.500000e+01  1.541026e+01  5.225152e+01
    endloop
  endfacet
  facet normal  0.000000e+00  7.501112e-01 -6.613117e-01
    outer loop
      vertex  2.000000e+01  1.541026e+01  5.225152e+01
      vertex  2.500000e+01  1.541026e+01  5.225152e+01
      vertex  2.000000e+01  1.457937e+01  5.130906e+01
    endloop
  endfacet
  facet normal  0.000000e+00  7.501112e-01 -6.613117e-01
    outer loop
      vertex  2.000000e+01  1.457937e+01  5.130906e+01
      vertex  2.500000e+01  1.541026e+01  5.225152e+01
      vertex  2.500000e+01  1.457937e+01  5.130906e+01
    endloop
  endfacet
  facet normal  0.000000e+00  7.071072e-01 -7.071064e-01
    outer loop
      vertex  2.000000e+01  1.457937e+01  5.130906e+01
      vertex  2.500000e+01  1.457937e+01  5.130906e+01
      vertex  2.000000e+01  1.369094e+01  5.042063e+01
    endloop
  endfacet
  facet normal  0.000000e+00  7.071072e-01 -7.071064e-01
    outer loop
      vertex  2.000000e+01  1.369094e+01  5.042063e+01
      vertex  2.500000e+01  1.457937e+01  5.130906e+01
      vertex  2.500000e+01  1.369094e+01  5.042063e+01
    endloop
  endfacet
  facet normal  0.000000e+00  6.613113e-01 -7.501116e-01
    outer loop
      vertex  2.000000e+01  1.369094e+01  5.042063e+01
      vertex  2.500000e+01  1.369094e+01  5.042063e+01
      vertex  2.000000e+01  1.274848e+01  4.958974e+01
    endloop
  endfacet
  facet normal  0.000000e+00  6.613113e-01 -7.501116e-01
    outer loop
      vertex  2.000000e+01  1.274848e+01  4.958974e+01
      vertex  2.500000e+01  1.369094e+01  5.042063e+01
      vertex  2.500000e+01  1.274848e+01  4.958974e+01
    endloop
  endfacet
  facet normal  0.000000e+00  6.129078e-01 -7.901544e-01
    outer loop
      vertex  2.000000e+01  1.274848e+01  4.958974e+01
      vertex  2.500000e+01  1.274848e+01  4.958974e+01
      vertex  2.000000e+01  1.175570e+01  4.881966e+01
    endloop
  endfacet
  facet normal  0.000000e+00  6.129078e-01 -7.901544e-01
    outer loop
      vertex  2.000000e+01  1.175570e+01  4.881966e+01
      vertex  2.500000e+01  1.274848e+01  4.958974e+01
      vertex  2.500000e+01  1.175570e+01  4.881966e+01
    endloop
  endfacet
  facet normal  0.000000e+00  5.620833e-01 -8.270805e-01
    outer loop
      vertex  2.000000e+01  1.175570e+01  4.881966e+01
      vertex  2.500000e+01  1.175570e+01  4.881966e+01
      vertex  2.000000e+01  1.071654e+01  4.811344e+01
    endloop
  endfacet
  facet normal  0.000000e+00  5.620833e-01 -8.270805e-01
    outer loop
      vertex  2.000000e+01  1.071654e+01  4.811344e+01
      vertex  2.500000e+01  1.175570e+01  4.881966e+01
      vertex  2.500000e+01  1.071654e+01  4.811344e+01
    endloop
  endfacet
  facet normal  0.000000e+00  5.090421e-01 -8.607417e-01
    outer loop
      vertex  2.000000e+01  1.071654e+01  4.811344e+01
      vertex  2.500000e+01  1.071654e+01  4.811344e+01
      vertex  2.000000e+01  9.635074e+00  4.747387e+01
    endloop
  endfacet
  facet normal  0.000000e+00  5.090421e-01 -8.607417e-01
    outer loop
      vertex  2.000000e+01  9.635074e+00  4.747387e+01
      vertex  2.500000e+01  1.071654e+01  4.811344e+01
      vertex  2.500000e+01  9.635074e+00  4.747387e+01
    endloop
  endfacet
  facet normal  0.000000e+00  4.539907e-01 -8.910064e-01
    outer loop
      vertex  2.000000e+01  9.635074e+00  4.747387e+01
      vertex  2.500000e+01  9.635074e+00  4.747387e+01
      vertex  2.000000e+01  8.515586e+00  4.690346e+01
    endloop
  endfacet
  facet normal  0.000000e+00  4.539907e-01 -8.910064e-01
    outer loop
      vertex  2.000000e+01  8.515586e+00  4.690346e+01
      vertex  2.500000e+01  9.635074e+00  4.747387e+01
      vertex  2.500000e+01  8.515586e+00  4.690346e+01
    endloop
  endfacet
  facet normal  0.000000e+00  3.971482e-01 -9.177545e-01
    outer loop
      vertex  2.000000e+01  8.515586e+00  4.690346e+01
      vertex  2.500000e+01  8.515586e+00  4.690346e+01
      vertex  2.000000e+01  7.362491e+00  4.640447e+01
    endloop
  endfacet
  facet normal  0.000000e+00  3.971482e-01 -9.177545e-01
    outer loop
      vertex  2.000000e+01  7.362491e+00  4.640447e+01
      vertex  2.500000e+01  8.515586e+00  4.690346e+01
      vertex  2.500000e+01  7.362491e+00  4.640447e+01
    endloop
  endfacet
  facet normal  0.000000e+00  3.387361e-01 -9.408814e-01
    outer loop
      vertex  2.000000e+01  7.362491e+00  4.640447e+01
      vertex  2.500000e+01  7.362491e+00  4.640447e+01
      vertex  2.000000e+01  6.180340e+00  4.597887e+01
    endloop
  endfacet
  facet normal  0.000000e+00  3.387361e-01 -9.408814e-01
    outer loop
      vertex  2.000000e+01  6.180340e+00  4.597887e+01
      vertex  2.500000e+01  7.362491e+00  4.640447e+01
      vertex  2.500000e+01  6.180340e+00  4.597887e+01
    endloop
  endfacet
  facet normal  0.000000e+00  2.789909e-01 -9.602937e-01
    outer loop
      vertex  2.000000e+01  6.180340e+00  4.597887e+01
      vertex  2.500000e+01  6.180340e+00  4.597887e+01
      vertex  2.000000e+01  4.973798e+00  4.562834e+01
    endloop
  endfacet
  facet normal  0.000000e+00  2.789909e-01 -9.602937e-01
    outer loop
      vertex  2.000000e+01  4.973798e+00  4.562834e+01
      vertex  2.500000e+01  6.180340e+00  4.597887e+01
      vertex  2.500000e+01  4.973798e+00  4.562834e+01
    endloop
  endfacet
  facet normal  0.000000e+00  2.181435e-01 -9.759167e-01
    outer loop
      vertex  2.000000e+01  4.973798e+00  4.562834e+01
      vertex  2.500000e+01  4.973798e+00  4.562834e+01
      vertex  2.000000e+01  3.747626e+00  4.535426e+01
    endloop
  endfacet
  facet normal  0.000000e+00  2.181435e-01 -9.759167e-01
    outer loop
      vertex  2.000000e+01  3.747626e+00  4.535426e+01
      vertex  2.500000e+01  4.973798e+00  4.562834e+01
      vertex  2.500000e+01  3.747626e+00  4.535426e+01
    endloop
  endfacet
  facet normal  0.000000e+00  1.564340e-01 -9.876884e-01
    outer loop
      vertex  2.000000e+01  3.747626e+00  4.535426e+01
      vertex  2.500000e+01  3.747626e+00  4.535426e+01
      vertex  2.000000e+01  2.506665e+00  4.515771e+01
    endloop
  endfacet
  facet normal  0.000000e+00  1.564340e-01 -9.876884e-01
    outer loop
      vertex  2.000000e+01  2.506665e+00  4.515771e+01
      vertex  2.500000e+01  3.747626e+00  4.535426e+01
      vertex  2.500000e+01  2.506665e+00  4.515771e+01
    endloop
  endfacet
  facet normal  0.000000e+00  9.410816e-02 -9.955620e-01
    outer loop
      vertex  2.000000e+01  2.506665e+00  4.515771e+01
      vertex  2.500000e+01  2.506665e+00  4.515771e+01
      vertex  2.000000e+01  1.255810e+00  4.503947e+01
    endloop
  endfacet
  facet normal  0.000000e+00  9.410816e-02 -9.955620e-01
    outer loop
      vertex  2.000000e+01  1.255810e+00  4.503947e+01
      vertex  2.500000e+01  2.506665e+00  4.515771e+01
      vertex  2.500000e+01  1.255810e+00  4.503947e+01
    endloop
  endfacet
  facet normal  0.000000e+00  3.141190e-02 -9.995066e-01
    outer loop
      vertex  2.000000e+01  1.255810e+00  4.503947e+01
      vertex  2.500000e+01  1.255810e+00  4.503947e+01
      vertex  2.000000e+01 -3.673940e-15  4.500000e+01
    endloop
  endfacet
  facet normal  0.000000e+00  3.141190e-02 -9.995066e-01
    outer loop
      vertex  2.000000e+01 -3.673940e-15  4.500000e+01
      vertex  2.500000e+01  1.255810e+00  4.503947e+01
      vertex  2.500000e+01 -3.673940e-15  4.500000e+01
    endloop
  endfacet
  facet normal  -0.000000e+00 -3.141190e-02 -9.995066e-01
    outer loop
      vertex  2.000000e+01 -3.673940e-15  4.500000e+01
      vertex  2.500000e+01 -3.673940e-15  4.500000e+01
      vertex  2.000000e+01 -1.255810e+00  4.503947e+01
    endloop
  endfacet
  facet normal  0.000000e+00 -3.141190e-02 -9.995066e-01
    outer loop
      vertex  2.000000e+01 -1.255810e+00  4.503947e+01
      vertex  2.500000e+01 -3.673940e-15  4.500000e+01
      vertex  2.500000e+01 -1.255810e+00  4.503947e+01
    endloop
  endfacet
  facet normal  -0.000000e+00 -9.410816e-02 -9.955620e-01
    outer loop
      vertex  2.000000e+01 -1.255810e+00  4.503947e+01
      vertex  2.500000e+01 -1.255810e+00  4.503947e+01
      vertex  2.000000e+01 -2.506665e+00  4.515771e+01
    endloop
  endfacet
  facet normal  0.000000e+00 -9.410816e-02 -9.955620e-01
    outer loop
      vertex  2.000000e+01 -2.506665e+00  4.515771e+01
      vertex  2.500000e+01 -1.255810e+00  4.503947e+01
      vertex  2.500000e+01 -2.506665e+00  4.515771e+01
    endloop
  endfacet
  facet normal  -0.000000e+00 -1.564340e-01 -9.876884e-01
    outer loop
      vertex  2.000000e+01 -2.506665e+00  4.515771e+01
      vertex  2.500000e+01 -2.506665e+00  4.515771e+01
      vertex  2.000000e+01 -3.747626e+00  4.535426e+01
    endloop
  endfacet
  facet normal  0.000000e+00 -1.564340e-01 -9.876884e-01
    outer loop
      vertex  2.000000e+01 -3.747626e+00  4.535426e+01
      vertex  2.500000e+01 -2.506665e+00  4.515771e+01
      vertex  2.500000e+01 -3.747626e+00  4.535426e+01
    endloop
  endfacet
  facet normal  -0.000000e+00 -2.181435e-01 -9.759167e-01
    outer loop
      vertex  2.000000e+01 -3.747626e+00  4.535426e+01
      vertex  2.500000e+01 -3.747626e+00  4.535426e+01
      vertex  2.000000e+01 -4.973798e+00  4.562834e+01
    endloop
  endfacet
  facet normal  0.000000e+00 -2.181435e-01 -9.759167e-01
    outer loop
      vertex  2.000000e+01 -4.973798e+00  4.562834e+01
      vertex  2.500000e+01 -3.747626e+00  4.535426e+01
      vertex  2.500000e+01 -4.973798e+00  4.562834e+01
    endloop
  endfacet
  facet normal  -0.000000e+00 -2.789909e-01 -9.602937e-01
    outer loop
      vertex  2.000000e+01 -4.973798e+00  4.562834e+01
      vertex  2.500000e+01 -4.973798e+00  4.562834e+01
      vertex  2.000000e+01 -6.180340e+00  4.597887e+01
    endloop
  endfacet
  facet normal  0.000000e+00 -2.789909e-01 -9.602937e-01
    outer loop
      vertex  2.000000e+01 -6.180340e+00  4.597887e+01
      vertex  2.500000e+01 -4.973798e+00  4.562834e+01
      vertex  2.500000e+01 -6.180340e+00  4.597887e+01
    endloop
  endfacet
  facet normal  -0.000000e+00 -3.387361e-01 -9.408814e-01
    outer loop
      vertex  2.000000e+01 -6.180340e+00  4.597887e+01
      vertex  2.500000e+01 -6.180340e+00  4.597887e+01
      vertex  2.000000e+01 -7.362491e+00  4.640447e+01
    endloop
  endfacet
  facet normal  0.000000e+00 -3.387361e-01 -9.408814e-01
    outer loop
      vertex  2.000000e+01 -7.362491e+00  4.640447e+01
      vertex  2.500000e+01 -6.180340e+00  4.597887e+01
      vertex  2.500000e+01 -7.362491e+00  4.640447e+01
    endloop
  endfacet
  facet normal  -0.000000e+00 -3.971482e-01 -9.177545e-01
    outer loop
      vertex  2.000000e+01 -7.362491e+00  4.640447e+01
      vertex  2.500000e+01 -7.362491e+00  4.640447e+01
      vertex  2.000000e+01 -8.515586e+00  4.690346e+01
    endloop
  endfacet
  facet normal  0.000000e+00 -3.971482e-01 -9.177545e-01
    outer loop
      vertex  2.000000e+01 -8.515586e+00  4.690346e+01
      vertex  2.500000e+01 -7.362491e+00  4.640447e+01
      vertex  2.500000e+01 -8.515586e+00  4.690346e+01
    endloop
  endfacet
  facet normal  -0.000000e+00 -4.539907e-01 -8.910064e-01
    outer loop
      vertex  2.000000e+01 -8.515586e+00  4.690346e+01
      vertex  2.500000e+01 -8.515586e+00  4.690346e+01
      vertex  2.000000e+01 -9.635074e+00  4.747387e+01
    endloop
  endfacet
  facet normal  0.000000e+00 -4.539907e-01 -8.910064e-01
    outer loop
      vertex  2.000000e+01 -9.635074e+00  4.747387e+01
      vertex  2.500000e+01 -8.515586e+00  4.690346e+01
      vertex  2.500000e+01 -9.635074e+00  4.747387e+01
    endloop
  endfacet
  facet normal  -0.000000e+00 -5.090421e-01 -8.607417e-01
    outer loop
      vertex  2.000000e+01 -9.635074e+00  4.747387e+01
      vertex  2.500000e+01 -9.635074e+00  4.747387e+01
      vertex  2.000000e+01 -1.071654e+01  4.811344e+01
    endloop
  endfacet
  facet normal  0.000000e+00 -5.090421e-01 -8.607417e-01
    outer loop
      vertex  2.000000e+01 -1.071654e+01  4.811344e+01
      vertex  2.500000e+01 -9.635074e+00  4.747387e+01
      vertex  2.500000e+01 -1.071654e+01  4.811344e+01
    endloop
  endfacet
  facet normal  -0.000000e+00 -5.620833e-01 -8.270805e-01
    outer loop
      vertex  2.000000e+01 -1.071654e+01  4.811344e+01
      vertex  2.500000e+01 -1.071654e+01  4.811344e+01
      vertex  2.000000e+01 -1.175570e+01  4.881966e+01
    endloop
  endfacet
  facet normal  0.000000e+00 -5.620833e-01 -8.270805e-01
    outer loop
      vertex  2.000000e+01 -1.175570e+01  4.881966e+01
      vertex  2.500000e+01 -1.071654e+01  4.811344e+01
      vertex  2.500000e+01 -1.175570e+01  4.881966e+01
    endloop
  endfacet
  facet normal  -0.000000e+00 -6.129078e-01 -7.901544e-01
    outer loop
      vertex  2.000000e+01 -1.175570e+01  4.881966e+01
      vertex  2.500000e+01 -1.175570e+01  4.881966e+01
      vertex  2.000000e+01 -1.274848e+01  4.958974e+01
    endloop
  endfacet
  facet normal  0.000000e+00 -6.129078e-01 -7.901544e-01
    outer loop
      vertex  2.000000e+01 -1.274848e+01  4.958974e+01
      vertex  2.500000e+01 -1.175570e+01  4.881966e+01
      vertex  2.500000e+01 -1.274848e+01  4.958974e+01
    endloop
  endfacet
  facet normal  -0.000000e+00 -6.613113e-01 -7.501116e-01
    outer loop
      vertex  2.000000e+01 -1.274848e+01  4.958974e+01
      vertex  2.500000e+01 -1.274848e+01  4.958974e+01
      vertex  2.000000e+01 -1.369094e+01  5.042063e+01
    endloop
  endfacet
  facet normal  0.000000e+00 -6.613113e-01 -7.501116e-01
    outer loop
      vertex  2.000000e+01 -1.369094e+01  5.042063e+01
      vertex  2.500000e+01 -1.274848e+01  4.958974e+01
      vertex  2.500000e+01 -1.369094e+01  5.042063e+01
    endloop
  endfacet
  facet normal  -0.000000e+00 -7.071072e-01 -7.071064e-01
    outer loop
      vertex  2.000000e+01 -1.369094e+01  5.042063e+01
      vertex  2.500000e+01 -1.369094e+01  5.042063e+01
      vertex  2.000000e+01 -1.457937e+01  5.130906e+01
    endloop
  endfacet
  facet normal  0.000000e+00 -7.071072e-01 -7.071064e-01
    outer loop
      vertex  2.000000e+01 -1.457937e+01  5.130906e+01
      vertex  2.500000e+01 -1.369094e+01  5.042063e+01
      vertex  2.500000e+01 -1.457937e+01  5.130906e+01
    endloop
  endfacet
  facet normal  -0.000000e+00 -7.501112e-01 -6.613117e-01
    outer loop
      vertex  2.000000e+01 -1.457937e+01  5.130906e+01
      vertex  2.500000e+01 -1.457937e+01  5.130906e+01
      vertex  2.000000e+01 -1.541026e+01  5.225152e+01
    endloop
  endfacet
  facet normal  0.000000e+00 -7.501112e-01 -6.613117e-01
    outer loop
      vertex  2.000000e+01 -1.541026e+01  5.225152e+01
      vertex  2.500000e+01 -1.457937e+01  5.130906e+01
      vertex  2.500000e+01 -1.541026e+01  5.225152e+01
    endloop
  endfacet
  facet normal  -0.000000e+00 -7.901540e-01 -6.129084e-01
    outer loop
      vertex  2.000000e+01 -1.541026e+01  5.225152e+01
      vertex  2.500000e+01 -1.541026e+01  5.225152e+01
      vertex  2.000000e+01 -1.618034e+01  5.324429e+01
    endloop
  endfacet
  facet normal  0.000000e+00 -7.901540e-01 -6.129084e-01
    outer loop
      vertex  2.000000e+01 -1.618034e+01  5.324429e+01
      vertex  2.500000e+01 -1.541026e+01  5.225152e+01
      vertex  2.500000e+01 -1.618034e+01  5.324429e+01
    endloop
  endfacet
  facet normal  -0.000000e+00 -8.270805e-01 -5.620833e-01
    outer loop
      vertex  2.000000e+01 -1.618034e+01  5.324429e+01
      vertex  2.500000e+01 -1.618034e+01  5.324429e+01
      vertex  2.000000e+01 -1.688656e+01  5.428346e+01
    endloop
  endfacet
  facet normal  0.000000e+00 -8.270805e-01 -5.620833e-01
    outer loop
      vertex  2.000000e+01 -1.688656e+01  5.428346e+01
      vertex  2.500000e+01 -1.618034e+01  5.324429e+01
      vertex  2.500000e+01 -1.688656e+01  5.428346e+01
    endloop
  endfacet
  facet normal  -0.000000e+00 -8.607418e-01 -5.090417e-01
    outer loop
      vertex  2.000000e+01 -1.688656e+01  5.428346e+01
      vertex  2.500000e+01 -1.688656e+01  5.428346e+01
      vertex  2.000000e+01 -1.752613e+01  5.536493e+01
    endloop
  endfacet
  facet normal  0.000000e+00 -8.607418e-01 -5.090417e-01
    outer loop
      vertex  2.000000e+01 -1.752613e+01  5.536493e+01
      vertex  2.500000e+01 -1.688656e+01  5.428346e+01
      vertex  2.500000e+01 -1.752613e+01  5.536493e+01
    endloop
  endfacet
  facet normal  -0.000000e+00 -8.910071e-01 -4.539895e-01
    outer loop
      vertex  2.000000e+01 -1.752613e+01  5.536493e+01
      vertex  2.500000e+01 -1.752613e+01  5.536493e+01
      vertex  2.000000e+01 -1.809654e+01  5.648441e+01
    endloop
  endfacet
  facet normal  0.000000e+00 -8.910071e-01 -4.539895e-01
    outer loop
      vertex  2.000000e+01 -1.809654e+01  5.648441e+01
      vertex  2.500000e+01 -1.752613e+01  5.536493e+01
      vertex  2.500000e+01 -1.809654e+01  5.648441e+01
    endloop
  endfacet
  facet normal  -0.000000e+00 -9.177545e-01 -3.971480e-01
    outer loop
      vertex  2.000000e+01 -1.809654e+01  5.648441e+01
      vertex  2.500000e+01 -1.809654e+01  5.648441e+01
      vertex  2.000000e+01 -1.859553e+01  5.763751e+01
    endloop
  endfacet
  facet normal  0.000000e+00 -9.177545e-01 -3.971480e-01
    outer loop
      vertex  2.000000e+01 -1.859553e+01  5.763751e+01
      vertex  2.500000e+01 -1.809654e+01  5.648441e+01
      vertex  2.500000e+01 -1.859553e+01  5.763751e+01
    endloop
  endfacet
  facet normal  -0.000000e+00 -9.408810e-01 -3.387374e-01
    outer loop
      vertex  2.000000e+01 -1.859553e+01  5.763751e+01
      vertex  2.500000e+01 -1.859553e+01  5.763751e+01
      vertex  2.000000e+01 -1.902113e+01  5.881966e+01
    endloop
  endfacet
  facet normal  0.000000e+00 -9.408810e-01 -3.387374e-01
    outer loop
      vertex  2.000000e+01 -1.902113e+01  5.881966e+01
      vertex  2.500000e+01 -1.859553e+01  5.763751e+01
      vertex  2.500000e+01 -1.902113e+01  5.881966e+01
    endloop
  endfacet
  facet normal  -0.000000e+00 -9.602933e-01 -2.789920e-01
    outer loop
      vertex  2.000000e+01 -1.902113e+01  5.881966e+01
      vertex  2.500000e+01 -1.902113e+01  5.881966e+01
      vertex  2.000000e+01 -1.937166e+01  6.002620e+01
    endloop
  endfacet
  facet normal  0.000000e+00 -9.602933e-01 -2.789920e-01
    outer loop
      vertex  2.000000e+01 -1.937166e+01  6.002620e+01
      vertex  2.500000e+01 -1.902113e+01  5.881966e+01
      vertex  2.500000e+01 -1.937166e+01  6.002620e+01
    endloop
  endfacet
  facet normal  -0.000000e+00 -9.759170e-01 -2.181424e-01
    outer loop
      vertex  2.000000e+01 -1.937166e+01  6.002620e+01
      vertex  2.500000e+01 -1.937166e+01  6.002620e+01
      vertex  2.000000e+01 -1.964574e+01  6.125237e+01
    endloop
  endfacet
  facet normal  0.000000e+00 -9.759170e-01 -2.181424e-01
    outer loop
      vertex  2.000000e+01 -1.964574e+01  6.125237e+01
      vertex  2.500000e+01 -1.937166e+01  6.002620e+01
      vertex  2.500000e+01 -1.964574e+01  6.125237e+01
    endloop
  endfacet
  facet normal  -0.000000e+00 -9.876882e-01 -1.564353e-01
    outer loop
      vertex  2.000000e+01 -1.964574e+01  6.125237e+01
      vertex  2.500000e+01 -1.964574e+01  6.125237e+01
      vertex  2.000000e+01 -1.984229e+01  6.249334e+01
    endloop
  endfacet
  facet normal  0.000000e+00 -9.876882e-01 -1.564353e-01
    outer loop
      vertex  2.000000e+01 -1.984229e+01  6.249334e+01
      vertex  2.500000e+01 -1.964574e+01  6.125237e+01
      vertex  2.500000e+01 -1.984229e+01  6.249334e+01
    endloop
  endfacet
  facet normal  -0.000000e+00 -9.955620e-01 -9.410815e-02
    outer loop
      vertex  2.000000e+01 -1.984229e+01  6.249334e+01
      vertex  2.500000e+01 -1.984229e+01  6.249334e+01
      vertex  2.000000e+01 -1.996054e+01  6.374419e+01
    endloop
  endfacet
  facet normal  0.000000e+00 -9.955620e-01 -9.410815e-02
    outer loop
      vertex  2.000000e+01 -1.996054e+01  6.374419e+01
      vertex  2.500000e+01 -1.984229e+01  6.249334e+01
      vertex  2.500000e+01 -1.996054e+01  6.374419e+01
    endloop
  endfacet
  facet normal  -0.000000e+00 -9.995066e-01 -3.141039e-02
    outer loop
      vertex  2.000000e+01 -1.996054e+01  6.374419e+01
      vertex  2.500000e+01 -1.996054e+01  6.374419e+01
      vertex  2.000000e+01 -2.000000e+01  6.500000e+01
    endloop
  endfacet
  facet normal  0.000000e+00 -9.995066e-01 -3.141039e-02
    outer loop
      vertex  2.000000e+01 -2.000000e+01  6.500000e+01
      vertex  2.500000e+01 -1.996054e+01  6.374419e+01
      vertex  2.500000e+01 -2.000000e+01  6.500000e+01
    endloop
  endfacet
endsolid CATIA STL
