solid CATIA STL
  facet normal  0.000000e+00  0.000000e+00 -1.000000e+00
    outer loop
      vertex  3.573415e+01  9.163525e+01 -1.500000e+01
      vertex  2.572645e+01  9.298289e+01 -1.500000e+01
      vertex  3.786475e+01  9.581678e+01 -1.500000e+01
    endloop
  endfacet
  facet normal  0.000000e+00  0.000000e+00 -1.000000e+00
    outer loop
      vertex  7.427354e+01  9.298289e+01 -1.500000e+01
      vertex  6.426585e+01  9.163525e+01 -1.500000e+01
      vertex  6.213525e+01  9.581678e+01 -1.500000e+01
    endloop
  endfacet
  facet normal  0.000000e+00  -0.000000e+00 -9.999999e-01
    outer loop
      vertex  5.000000e+01  7.200000e+01 -1.500000e+01
      vertex  5.463525e+01  7.273415e+01 -1.500000e+01
      vertex  6.871277e+01  7.042194e+01 -1.500000e+01
    endloop
  endfacet
  facet normal  -0.000000e+00  0.000000e+00 -1.000000e+00
    outer loop
      vertex  5.000000e+01  7.200000e+01 -1.500000e+01
      vertex  6.871277e+01  7.042194e+01 -1.500000e+01
      vertex  6.420162e+01  6.642540e+01 -1.500000e+01
    endloop
  endfacet
  facet normal  -0.000000e+00  0.000000e+00 -1.000000e+00
    outer loop
      vertex  5.000000e+01  7.200000e+01 -1.500000e+01
      vertex  6.420162e+01  6.642540e+01 -1.500000e+01
      vertex  5.886512e+01  6.362460e+01 -1.500000e+01
    endloop
  endfacet
  facet normal  -0.000000e+00  0.000000e+00 -1.000000e+00
    outer loop
      vertex  5.000000e+01  7.200000e+01 -1.500000e+01
      vertex  5.886512e+01  6.362460e+01 -1.500000e+01
      vertex  5.301342e+01  6.218228e+01 -1.500000e+01
    endloop
  endfacet
  facet normal  0.000000e+00  -0.000000e+00 -1.000000e+00
    outer loop
      vertex  2.786360e+01  9.861808e+01 -1.500000e+01
      vertex  3.128723e+01  1.035781e+02 -1.500000e+01
      vertex  5.000000e+01  1.020000e+02 -1.500000e+01
    endloop
  endfacet
  facet normal  0.000000e+00  0.000000e+00 -1.000000e+00
    outer loop
      vertex  2.786360e+01  9.861808e+01 -1.500000e+01
      vertex  5.000000e+01  1.020000e+02 -1.500000e+01
      vertex  4.536475e+01  1.012658e+02 -1.500000e+01
    endloop
  endfacet
  facet normal  0.000000e+00  0.000000e+00 -1.000000e+00
    outer loop
      vertex  2.786360e+01  9.861808e+01 -1.500000e+01
      vertex  4.536475e+01  1.012658e+02 -1.500000e+01
      vertex  4.118322e+01  9.913525e+01 -1.500000e+01
    endloop
  endfacet
  facet normal  0.000000e+00  0.000000e+00 -9.999999e-01
    outer loop
      vertex  2.786360e+01  9.861808e+01 -1.500000e+01
      vertex  4.118322e+01  9.913525e+01 -1.500000e+01
      vertex  3.786475e+01  9.581678e+01 -1.500000e+01
    endloop
  endfacet
  facet normal  -0.000000e+00  0.000000e+00 -1.000000e+00
    outer loop
      vertex  2.786360e+01  9.861808e+01 -1.500000e+01
      vertex  3.786475e+01  9.581678e+01 -1.500000e+01
      vertex  2.572645e+01  9.298289e+01 -1.500000e+01
    endloop
  endfacet
  facet normal  0.000000e+00  0.000000e+00 -1.000000e+00
    outer loop
      vertex  3.128723e+01  7.042194e+01 -1.500000e+01
      vertex  2.786360e+01  7.538192e+01 -1.500000e+01
      vertex  4.118322e+01  7.486475e+01 -1.500000e+01
    endloop
  endfacet
  facet normal  0.000000e+00  -0.000000e+00 -1.000000e+00
    outer loop
      vertex  3.128723e+01  7.042194e+01 -1.500000e+01
      vertex  4.118322e+01  7.486475e+01 -1.500000e+01
      vertex  4.536475e+01  7.273415e+01 -1.500000e+01
    endloop
  endfacet
  facet normal  0.000000e+00  -0.000000e+00 -9.999999e-01
    outer loop
      vertex  3.128723e+01  7.042194e+01 -1.500000e+01
      vertex  4.536475e+01  7.273415e+01 -1.500000e+01
      vertex  5.000000e+01  7.200000e+01 -1.500000e+01
    endloop
  endfacet
  facet normal  0.000000e+00  0.000000e+00 -1.000000e+00
    outer loop
      vertex  5.000000e+01  1.020000e+02 -1.500000e+01
      vertex  3.128723e+01  1.035781e+02 -1.500000e+01
      vertex  3.579838e+01  1.075746e+02 -1.500000e+01
    endloop
  endfacet
  facet normal  0.000000e+00  0.000000e+00 -1.000000e+00
    outer loop
      vertex  5.000000e+01  1.020000e+02 -1.500000e+01
      vertex  3.579838e+01  1.075746e+02 -1.500000e+01
      vertex  4.113488e+01  1.103754e+02 -1.500000e+01
    endloop
  endfacet
  facet normal  0.000000e+00  0.000000e+00 -1.000000e+00
    outer loop
      vertex  5.000000e+01  1.020000e+02 -1.500000e+01
      vertex  4.113488e+01  1.103754e+02 -1.500000e+01
      vertex  4.698658e+01  1.118177e+02 -1.500000e+01
    endloop
  endfacet
  facet normal  0.000000e+00  0.000000e+00 -9.999999e-01
    outer loop
      vertex  5.000000e+01  1.020000e+02 -1.500000e+01
      vertex  4.698658e+01  1.118177e+02 -1.500000e+01
      vertex  5.301342e+01  1.118177e+02 -1.500000e+01
    endloop
  endfacet
  facet normal  0.000000e+00  -0.000000e+00 -1.000000e+00
    outer loop
      vertex  5.000000e+01  1.020000e+02 -1.500000e+01
      vertex  5.301342e+01  1.118177e+02 -1.500000e+01
      vertex  5.886512e+01  1.103754e+02 -1.500000e+01
    endloop
  endfacet
  facet normal  0.000000e+00  -0.000000e+00 -1.000000e+00
    outer loop
      vertex  5.000000e+01  1.020000e+02 -1.500000e+01
      vertex  5.886512e+01  1.103754e+02 -1.500000e+01
      vertex  6.420162e+01  1.075746e+02 -1.500000e+01
    endloop
  endfacet
  facet normal  0.000000e+00  -0.000000e+00 -1.000000e+00
    outer loop
      vertex  5.000000e+01  1.020000e+02 -1.500000e+01
      vertex  6.420162e+01  1.075746e+02 -1.500000e+01
      vertex  6.871277e+01  1.035781e+02 -1.500000e+01
    endloop
  endfacet
  facet normal  0.000000e+00  -0.000000e+00 -1.000000e+00
    outer loop
      vertex  5.000000e+01  1.020000e+02 -1.500000e+01
      vertex  6.871277e+01  1.035781e+02 -1.500000e+01
      vertex  7.213640e+01  9.861808e+01 -1.500000e+01
    endloop
  endfacet
  facet normal  0.000000e+00  0.000000e+00 -1.000000e+00
    outer loop
      vertex  5.000000e+01  1.020000e+02 -1.500000e+01
      vertex  7.213640e+01  9.861808e+01 -1.500000e+01
      vertex  5.463525e+01  1.012658e+02 -1.500000e+01
    endloop
  endfacet
  facet normal  0.000000e+00  0.000000e+00 -1.000000e+00
    outer loop
      vertex  5.301342e+01  6.218228e+01 -1.500000e+01
      vertex  4.698658e+01  6.218228e+01 -1.500000e+01
      vertex  5.000000e+01  7.200000e+01 -1.500000e+01
    endloop
  endfacet
  facet normal  0.000000e+00  0.000000e+00 -1.000000e+00
    outer loop
      vertex  5.000000e+01  7.200000e+01 -1.500000e+01
      vertex  4.698658e+01  6.218228e+01 -1.500000e+01
      vertex  3.128723e+01  7.042194e+01 -1.500000e+01
    endloop
  endfacet
  facet normal  0.000000e+00  0.000000e+00 -1.000000e+00
    outer loop
      vertex  4.698658e+01  6.218228e+01 -1.500000e+01
      vertex  4.113488e+01  6.362460e+01 -1.500000e+01
      vertex  3.128723e+01  7.042194e+01 -1.500000e+01
    endloop
  endfacet
  facet normal  0.000000e+00  0.000000e+00 -1.000000e+00
    outer loop
      vertex  3.128723e+01  7.042194e+01 -1.500000e+01
      vertex  4.113488e+01  6.362460e+01 -1.500000e+01
      vertex  3.579838e+01  6.642540e+01 -1.500000e+01
    endloop
  endfacet
  facet normal  0.000000e+00  0.000000e+00 -9.999999e-01
    outer loop
      vertex  4.118322e+01  7.486475e+01 -1.500000e+01
      vertex  2.786360e+01  7.538192e+01 -1.500000e+01
      vertex  3.786475e+01  7.818322e+01 -1.500000e+01
    endloop
  endfacet
  facet normal  -0.000000e+00  0.000000e+00 -1.000000e+00
    outer loop
      vertex  3.786475e+01  7.818322e+01 -1.500000e+01
      vertex  2.786360e+01  7.538192e+01 -1.500000e+01
      vertex  2.572645e+01  8.101711e+01 -1.500000e+01
    endloop
  endfacet
  facet normal  0.000000e+00  0.000000e+00 -1.000000e+00
    outer loop
      vertex  3.786475e+01  7.818322e+01 -1.500000e+01
      vertex  2.572645e+01  8.101711e+01 -1.500000e+01
      vertex  3.573415e+01  8.236475e+01 -1.500000e+01
    endloop
  endfacet
  facet normal  -0.000000e+00  0.000000e+00 -1.000000e+00
    outer loop
      vertex  3.573415e+01  8.236475e+01 -1.500000e+01
      vertex  2.572645e+01  8.101711e+01 -1.500000e+01
      vertex  2.500000e+01  8.700000e+01 -1.500000e+01
    endloop
  endfacet
  facet normal  0.000000e+00  0.000000e+00 -1.000000e+00
    outer loop
      vertex  3.573415e+01  8.236475e+01 -1.500000e+01
      vertex  2.500000e+01  8.700000e+01 -1.500000e+01
      vertex  3.500000e+01  8.700000e+01 -1.500000e+01
    endloop
  endfacet
  facet normal  0.000000e+00  0.000000e+00 -9.999999e-01
    outer loop
      vertex  3.500000e+01  8.700000e+01 -1.500000e+01
      vertex  2.500000e+01  8.700000e+01 -1.500000e+01
      vertex  2.572645e+01  9.298289e+01 -1.500000e+01
    endloop
  endfacet
  facet normal  0.000000e+00  0.000000e+00 -1.000000e+00
    outer loop
      vertex  3.500000e+01  8.700000e+01 -1.500000e+01
      vertex  2.572645e+01  9.298289e+01 -1.500000e+01
      vertex  3.573415e+01  9.163525e+01 -1.500000e+01
    endloop
  endfacet
  facet normal  0.000000e+00  0.000000e+00 -1.000000e+00
    outer loop
      vertex  5.463525e+01  1.012658e+02 -1.500000e+01
      vertex  7.213640e+01  9.861808e+01 -1.500000e+01
      vertex  5.881678e+01  9.913525e+01 -1.500000e+01
    endloop
  endfacet
  facet normal  0.000000e+00  0.000000e+00 -1.000000e+00
    outer loop
      vertex  5.881678e+01  9.913525e+01 -1.500000e+01
      vertex  7.213640e+01  9.861808e+01 -1.500000e+01
      vertex  7.427354e+01  9.298289e+01 -1.500000e+01
    endloop
  endfacet
  facet normal  0.000000e+00  0.000000e+00 -1.000000e+00
    outer loop
      vertex  5.881678e+01  9.913525e+01 -1.500000e+01
      vertex  7.427354e+01  9.298289e+01 -1.500000e+01
      vertex  6.213525e+01  9.581678e+01 -1.500000e+01
    endloop
  endfacet
  facet normal  0.000000e+00  -0.000000e+00 -1.000000e+00
    outer loop
      vertex  5.881678e+01  7.486475e+01 -1.500000e+01
      vertex  6.213525e+01  7.818322e+01 -1.500000e+01
      vertex  7.213640e+01  7.538192e+01 -1.500000e+01
    endloop
  endfacet
  facet normal  0.000000e+00  0.000000e+00 -1.000000e+00
    outer loop
      vertex  7.213640e+01  7.538192e+01 -1.500000e+01
      vertex  6.213525e+01  7.818322e+01 -1.500000e+01
      vertex  6.426585e+01  8.236475e+01 -1.500000e+01
    endloop
  endfacet
  facet normal  0.000000e+00  0.000000e+00 -1.000000e+00
    outer loop
      vertex  7.213640e+01  7.538192e+01 -1.500000e+01
      vertex  6.426585e+01  8.236475e+01 -1.500000e+01
      vertex  7.427354e+01  8.101711e+01 -1.500000e+01
    endloop
  endfacet
  facet normal  0.000000e+00  0.000000e+00 -1.000000e+00
    outer loop
      vertex  7.427354e+01  8.101711e+01 -1.500000e+01
      vertex  6.426585e+01  8.236475e+01 -1.500000e+01
      vertex  6.500000e+01  8.700000e+01 -1.500000e+01
    endloop
  endfacet
  facet normal  0.000000e+00  0.000000e+00 -9.999999e-01
    outer loop
      vertex  7.427354e+01  8.101711e+01 -1.500000e+01
      vertex  6.500000e+01  8.700000e+01 -1.500000e+01
      vertex  7.500000e+01  8.700000e+01 -1.500000e+01
    endloop
  endfacet
  facet normal  0.000000e+00  0.000000e+00 -1.000000e+00
    outer loop
      vertex  7.500000e+01  8.700000e+01 -1.500000e+01
      vertex  6.500000e+01  8.700000e+01 -1.500000e+01
      vertex  6.426585e+01  9.163525e+01 -1.500000e+01
    endloop
  endfacet
  facet normal  0.000000e+00  0.000000e+00 -1.000000e+00
    outer loop
      vertex  7.500000e+01  8.700000e+01 -1.500000e+01
      vertex  6.426585e+01  9.163525e+01 -1.500000e+01
      vertex  7.427354e+01  9.298289e+01 -1.500000e+01
    endloop
  endfacet
  facet normal  0.000000e+00  0.000000e+00 -1.000000e+00
    outer loop
      vertex  5.881678e+01  7.486475e+01 -1.500000e+01
      vertex  7.213640e+01  7.538192e+01 -1.500000e+01
      vertex  5.463525e+01  7.273415e+01 -1.500000e+01
    endloop
  endfacet
  facet normal  0.000000e+00  0.000000e+00 -1.000000e+00
    outer loop
      vertex  5.463525e+01  7.273415e+01 -1.500000e+01
      vertex  7.213640e+01  7.538192e+01 -1.500000e+01
      vertex  6.871277e+01  7.042194e+01 -1.500000e+01
    endloop
  endfacet
  facet normal  -0.000000e+00  0.000000e+00 -9.999999e-01
    outer loop
      vertex  7.000000e+01  2.000000e+01 -1.500000e+01
      vertex  6.482362e+01  1.931852e+01 -1.500000e+01
      vertex  4.654506e+01  1.870469e+01 -1.500000e+01
    endloop
  endfacet
  facet normal  0.000000e+00  0.000000e+00 -1.000000e+00
    outer loop
      vertex  7.000000e+01  2.000000e+01 -1.500000e+01
      vertex  4.654506e+01  1.870469e+01 -1.500000e+01
      vertex  5.129531e+01  2.345494e+01 -1.500000e+01
    endloop
  endfacet
  facet normal  0.000000e+00  0.000000e+00 -1.000000e+00
    outer loop
      vertex  7.000000e+01  2.000000e+01 -1.500000e+01
      vertex  5.129531e+01  2.345494e+01 -1.500000e+01
      vertex  5.698349e+01  2.702907e+01 -1.500000e+01
    endloop
  endfacet
  facet normal  0.000000e+00  0.000000e+00 -1.000000e+00
    outer loop
      vertex  7.000000e+01  2.000000e+01 -1.500000e+01
      vertex  5.698349e+01  2.702907e+01 -1.500000e+01
      vertex  6.332437e+01  2.924784e+01 -1.500000e+01
    endloop
  endfacet
  facet normal  0.000000e+00  0.000000e+00 -1.000000e+00
    outer loop
      vertex  7.000000e+01  2.000000e+01 -1.500000e+01
      vertex  6.332437e+01  2.924784e+01 -1.500000e+01
      vertex  7.000000e+01  3.000000e+01 -1.500000e+01
    endloop
  endfacet
  facet normal  0.000000e+00  0.000000e+00 -1.000000e+00
    outer loop
      vertex  7.000000e+01  2.000000e+01 -1.500000e+01
      vertex  7.000000e+01  3.000000e+01 -1.500000e+01
      vertex  7.667563e+01  2.924784e+01 -1.500000e+01
    endloop
  endfacet
  facet normal  0.000000e+00  -0.000000e+00 -1.000000e+00
    outer loop
      vertex  7.000000e+01  2.000000e+01 -1.500000e+01
      vertex  7.667563e+01  2.924784e+01 -1.500000e+01
      vertex  8.301651e+01  2.702907e+01 -1.500000e+01
    endloop
  endfacet
  facet normal  0.000000e+00  -0.000000e+00 -1.000000e+00
    outer loop
      vertex  7.000000e+01  2.000000e+01 -1.500000e+01
      vertex  8.301651e+01  2.702907e+01 -1.500000e+01
      vertex  8.870470e+01  2.345494e+01 -1.500000e+01
    endloop
  endfacet
  facet normal  0.000000e+00  -0.000000e+00 -1.000000e+00
    outer loop
      vertex  7.000000e+01  2.000000e+01 -1.500000e+01
      vertex  8.870470e+01  2.345494e+01 -1.500000e+01
      vertex  9.345494e+01  1.870469e+01 -1.500000e+01
    endloop
  endfacet
  facet normal  0.000000e+00  0.000000e+00 -1.000000e+00
    outer loop
      vertex  7.000000e+01  2.000000e+01 -1.500000e+01
      vertex  9.345494e+01  1.870469e+01 -1.500000e+01
      vertex  7.517638e+01  1.931852e+01 -1.500000e+01
    endloop
  endfacet
  facet normal  0.000000e+00  0.000000e+00 -1.000000e+00
    outer loop
      vertex  5.585786e+01  1.414214e+01 -1.500000e+01
      vertex  4.297094e+01  1.301651e+01 -1.500000e+01
      vertex  6.000000e+01  1.732051e+01 -1.500000e+01
    endloop
  endfacet
  facet normal  -0.000000e+00  0.000000e+00 -1.000000e+00
    outer loop
      vertex  6.000000e+01  1.732051e+01 -1.500000e+01
      vertex  4.297094e+01  1.301651e+01 -1.500000e+01
      vertex  4.654506e+01  1.870469e+01 -1.500000e+01
    endloop
  endfacet
  facet normal  0.000000e+00  0.000000e+00 -1.000000e+00
    outer loop
      vertex  6.000000e+01  1.732051e+01 -1.500000e+01
      vertex  4.654506e+01  1.870469e+01 -1.500000e+01
      vertex  6.482362e+01  1.931852e+01 -1.500000e+01
    endloop
  endfacet
  facet normal  0.000000e+00  0.000000e+00 -1.000000e+00
    outer loop
      vertex  5.068148e+01  5.176381e+00 -1.500000e+01
      vertex  4.075216e+01  6.675628e+00 -1.500000e+01
      vertex  5.267949e+01  1.000000e+01 -1.500000e+01
    endloop
  endfacet
  facet normal  -0.000000e+00  0.000000e+00 -1.000000e+00
    outer loop
      vertex  5.267949e+01  1.000000e+01 -1.500000e+01
      vertex  4.075216e+01  6.675628e+00 -1.500000e+01
      vertex  4.297094e+01  1.301651e+01 -1.500000e+01
    endloop
  endfacet
  facet normal  0.000000e+00  0.000000e+00 -1.000000e+00
    outer loop
      vertex  5.267949e+01  1.000000e+01 -1.500000e+01
      vertex  4.297094e+01  1.301651e+01 -1.500000e+01
      vertex  5.585786e+01  1.414214e+01 -1.500000e+01
    endloop
  endfacet
  facet normal  0.000000e+00  0.000000e+00 -1.000000e+00
    outer loop
      vertex  5.585786e+01 -1.414214e+01 -1.500000e+01
      vertex  4.297094e+01 -1.301651e+01 -1.500000e+01
      vertex  5.267949e+01 -1.000000e+01 -1.500000e+01
    endloop
  endfacet
  facet normal  -0.000000e+00  0.000000e+00 -1.000000e+00
    outer loop
      vertex  5.267949e+01 -1.000000e+01 -1.500000e+01
      vertex  4.297094e+01 -1.301651e+01 -1.500000e+01
      vertex  4.075216e+01 -6.675628e+00 -1.500000e+01
    endloop
  endfacet
  facet normal  0.000000e+00  0.000000e+00 -1.000000e+00
    outer loop
      vertex  5.267949e+01 -1.000000e+01 -1.500000e+01
      vertex  4.075216e+01 -6.675628e+00 -1.500000e+01
      vertex  5.068148e+01 -5.176381e+00 -1.500000e+01
    endloop
  endfacet
  facet normal  -0.000000e+00  0.000000e+00 -1.000000e+00
    outer loop
      vertex  5.068148e+01 -5.176381e+00 -1.500000e+01
      vertex  4.075216e+01 -6.675628e+00 -1.500000e+01
      vertex  4.000000e+01  1.699662e-14 -1.500000e+01
    endloop
  endfacet
  facet normal  0.000000e+00  0.000000e+00 -1.000000e+00
    outer loop
      vertex  5.068148e+01 -5.176381e+00 -1.500000e+01
      vertex  4.000000e+01  1.699662e-14 -1.500000e+01
      vertex  5.000000e+01  2.449294e-15 -1.500000e+01
    endloop
  endfacet
  facet normal  0.000000e+00  0.000000e+00 -1.000000e+00
    outer loop
      vertex  5.000000e+01  2.449294e-15 -1.500000e+01
      vertex  4.000000e+01  1.699662e-14 -1.500000e+01
      vertex  4.075216e+01  6.675628e+00 -1.500000e+01
    endloop
  endfacet
  facet normal  0.000000e+00  0.000000e+00 -1.000000e+00
    outer loop
      vertex  5.000000e+01  2.449294e-15 -1.500000e+01
      vertex  4.075216e+01  6.675628e+00 -1.500000e+01
      vertex  5.068148e+01  5.176381e+00 -1.500000e+01
    endloop
  endfacet
  facet normal  0.000000e+00  0.000000e+00 -1.000000e+00
    outer loop
      vertex  6.482362e+01 -1.931852e+01 -1.500000e+01
      vertex  4.654506e+01 -1.870469e+01 -1.500000e+01
      vertex  6.000000e+01 -1.732051e+01 -1.500000e+01
    endloop
  endfacet
  facet normal  -0.000000e+00  0.000000e+00 -1.000000e+00
    outer loop
      vertex  6.000000e+01 -1.732051e+01 -1.500000e+01
      vertex  4.654506e+01 -1.870469e+01 -1.500000e+01
      vertex  4.297094e+01 -1.301651e+01 -1.500000e+01
    endloop
  endfacet
  facet normal  0.000000e+00  0.000000e+00 -1.000000e+00
    outer loop
      vertex  6.000000e+01 -1.732051e+01 -1.500000e+01
      vertex  4.297094e+01 -1.301651e+01 -1.500000e+01
      vertex  5.585786e+01 -1.414214e+01 -1.500000e+01
    endloop
  endfacet
  facet normal  0.000000e+00  0.000000e+00 -1.000000e+00
    outer loop
      vertex  6.332437e+01 -2.924784e+01 -1.500000e+01
      vertex  5.698349e+01 -2.702907e+01 -1.500000e+01
      vertex  7.000000e+01 -3.000000e+01 -1.500000e+01
    endloop
  endfacet
  facet normal  0.000000e+00  0.000000e+00 -1.000000e+00
    outer loop
      vertex  7.000000e+01 -3.000000e+01 -1.500000e+01
      vertex  5.698349e+01 -2.702907e+01 -1.500000e+01
      vertex  5.129531e+01 -2.345494e+01 -1.500000e+01
    endloop
  endfacet
  facet normal  0.000000e+00  0.000000e+00 -1.000000e+00
    outer loop
      vertex  7.000000e+01 -3.000000e+01 -1.500000e+01
      vertex  5.129531e+01 -2.345494e+01 -1.500000e+01
      vertex  7.000000e+01 -2.000000e+01 -1.500000e+01
    endloop
  endfacet
  facet normal  -0.000000e+00  0.000000e+00 -1.000000e+00
    outer loop
      vertex  7.000000e+01 -2.000000e+01 -1.500000e+01
      vertex  5.129531e+01 -2.345494e+01 -1.500000e+01
      vertex  4.654506e+01 -1.870469e+01 -1.500000e+01
    endloop
  endfacet
  facet normal  0.000000e+00  0.000000e+00 -9.999999e-01
    outer loop
      vertex  7.000000e+01 -2.000000e+01 -1.500000e+01
      vertex  4.654506e+01 -1.870469e+01 -1.500000e+01
      vertex  6.482362e+01 -1.931852e+01 -1.500000e+01
    endloop
  endfacet
  facet normal  0.000000e+00  0.000000e+00 -1.000000e+00
    outer loop
      vertex  8.414214e+01  1.414214e+01 -1.500000e+01
      vertex  8.000000e+01  1.732051e+01 -1.500000e+01
      vertex  9.702907e+01  1.301651e+01 -1.500000e+01
    endloop
  endfacet
  facet normal  0.000000e+00  0.000000e+00 -1.000000e+00
    outer loop
      vertex  9.702907e+01  1.301651e+01 -1.500000e+01
      vertex  8.000000e+01  1.732051e+01 -1.500000e+01
      vertex  7.517638e+01  1.931852e+01 -1.500000e+01
    endloop
  endfacet
  facet normal  0.000000e+00  0.000000e+00 -9.999999e-01
    outer loop
      vertex  9.702907e+01  1.301651e+01 -1.500000e+01
      vertex  7.517638e+01  1.931852e+01 -1.500000e+01
      vertex  9.345494e+01  1.870469e+01 -1.500000e+01
    endloop
  endfacet
  facet normal  0.000000e+00  0.000000e+00 -1.000000e+00
    outer loop
      vertex  8.931852e+01  5.176381e+00 -1.500000e+01
      vertex  8.732051e+01  1.000000e+01 -1.500000e+01
      vertex  9.924784e+01  6.675628e+00 -1.500000e+01
    endloop
  endfacet
  facet normal  0.000000e+00  0.000000e+00 -1.000000e+00
    outer loop
      vertex  9.924784e+01  6.675628e+00 -1.500000e+01
      vertex  8.732051e+01  1.000000e+01 -1.500000e+01
      vertex  8.414214e+01  1.414214e+01 -1.500000e+01
    endloop
  endfacet
  facet normal  0.000000e+00  0.000000e+00 -1.000000e+00
    outer loop
      vertex  9.924784e+01  6.675628e+00 -1.500000e+01
      vertex  8.414214e+01  1.414214e+01 -1.500000e+01
      vertex  9.702907e+01  1.301651e+01 -1.500000e+01
    endloop
  endfacet
  facet normal  0.000000e+00  -0.000000e+00 -1.000000e+00
    outer loop
      vertex  8.414214e+01 -1.414214e+01 -1.500000e+01
      vertex  8.732051e+01 -1.000000e+01 -1.500000e+01
      vertex  9.702907e+01 -1.301651e+01 -1.500000e+01
    endloop
  endfacet
  facet normal  0.000000e+00  0.000000e+00 -1.000000e+00
    outer loop
      vertex  9.702907e+01 -1.301651e+01 -1.500000e+01
      vertex  8.732051e+01 -1.000000e+01 -1.500000e+01
      vertex  8.931852e+01 -5.176381e+00 -1.500000e+01
    endloop
  endfacet
  facet normal  0.000000e+00  0.000000e+00 -1.000000e+00
    outer loop
      vertex  9.702907e+01 -1.301651e+01 -1.500000e+01
      vertex  8.931852e+01 -5.176381e+00 -1.500000e+01
      vertex  9.924784e+01 -6.675628e+00 -1.500000e+01
    endloop
  endfacet
  facet normal  0.000000e+00  0.000000e+00 -9.999999e-01
    outer loop
      vertex  9.924784e+01 -6.675628e+00 -1.500000e+01
      vertex  8.931852e+01 -5.176381e+00 -1.500000e+01
      vertex  9.000000e+01  0.000000e+00 -1.500000e+01
    endloop
  endfacet
  facet normal  0.000000e+00  0.000000e+00 -1.000000e+00
    outer loop
      vertex  9.924784e+01 -6.675628e+00 -1.500000e+01
      vertex  9.000000e+01  0.000000e+00 -1.500000e+01
      vertex  1.000000e+02  0.000000e+00 -1.500000e+01
    endloop
  endfacet
  facet normal  0.000000e+00  0.000000e+00 -1.000000e+00
    outer loop
      vertex  1.000000e+02  0.000000e+00 -1.500000e+01
      vertex  9.000000e+01  0.000000e+00 -1.500000e+01
      vertex  8.931852e+01  5.176381e+00 -1.500000e+01
    endloop
  endfacet
  facet normal  0.000000e+00  0.000000e+00 -9.999999e-01
    outer loop
      vertex  1.000000e+02  0.000000e+00 -1.500000e+01
      vertex  8.931852e+01  5.176381e+00 -1.500000e+01
      vertex  9.924784e+01  6.675628e+00 -1.500000e+01
    endloop
  endfacet
  facet normal  0.000000e+00  -0.000000e+00 -1.000000e+00
    outer loop
      vertex  7.517638e+01 -1.931852e+01 -1.500000e+01
      vertex  8.000000e+01 -1.732051e+01 -1.500000e+01
      vertex  9.345494e+01 -1.870469e+01 -1.500000e+01
    endloop
  endfacet
  facet normal  0.000000e+00  0.000000e+00 -1.000000e+00
    outer loop
      vertex  9.345494e+01 -1.870469e+01 -1.500000e+01
      vertex  8.000000e+01 -1.732051e+01 -1.500000e+01
      vertex  8.414214e+01 -1.414214e+01 -1.500000e+01
    endloop
  endfacet
  facet normal  0.000000e+00  0.000000e+00 -1.000000e+00
    outer loop
      vertex  9.345494e+01 -1.870469e+01 -1.500000e+01
      vertex  8.414214e+01 -1.414214e+01 -1.500000e+01
      vertex  9.702907e+01 -1.301651e+01 -1.500000e+01
    endloop
  endfacet
  facet normal  0.000000e+00  0.000000e+00 -1.000000e+00
    outer loop
      vertex  7.667563e+01 -2.924784e+01 -1.500000e+01
      vertex  7.000000e+01 -3.000000e+01 -1.500000e+01
      vertex  8.301651e+01 -2.702907e+01 -1.500000e+01
    endloop
  endfacet
  facet normal  -0.000000e+00  0.000000e+00 -1.000000e+00
    outer loop
      vertex  8.301651e+01 -2.702907e+01 -1.500000e+01
      vertex  7.000000e+01 -3.000000e+01 -1.500000e+01
      vertex  7.000000e+01 -2.000000e+01 -1.500000e+01
    endloop
  endfacet
  facet normal  0.000000e+00  0.000000e+00 -1.000000e+00
    outer loop
      vertex  8.301651e+01 -2.702907e+01 -1.500000e+01
      vertex  7.000000e+01 -2.000000e+01 -1.500000e+01
      vertex  8.870470e+01 -2.345494e+01 -1.500000e+01
    endloop
  endfacet
  facet normal  0.000000e+00  0.000000e+00 -1.000000e+00
    outer loop
      vertex  8.870470e+01 -2.345494e+01 -1.500000e+01
      vertex  7.000000e+01 -2.000000e+01 -1.500000e+01
      vertex  7.517638e+01 -1.931852e+01 -1.500000e+01
    endloop
  endfacet
  facet normal  0.000000e+00  0.000000e+00 -1.000000e+00
    outer loop
      vertex  8.870470e+01 -2.345494e+01 -1.500000e+01
      vertex  7.517638e+01 -1.931852e+01 -1.500000e+01
      vertex  9.345494e+01 -1.870469e+01 -1.500000e+01
    endloop
  endfacet
  facet normal  -0.000000e+00  0.000000e+00 -1.000000e+00
    outer loop
      vertex  1.224647e-15 -7.800000e+01 -1.500000e+01
      vertex -5.176381e+00 -7.868148e+01 -1.500000e+01
      vertex -2.345494e+01 -7.929530e+01 -1.500000e+01
    endloop
  endfacet
  facet normal  0.000000e+00  0.000000e+00 -1.000000e+00
    outer loop
      vertex  1.224647e-15 -7.800000e+01 -1.500000e+01
      vertex -2.345494e+01 -7.929530e+01 -1.500000e+01
      vertex -1.870469e+01 -7.454506e+01 -1.500000e+01
    endloop
  endfacet
  facet normal  0.000000e+00  0.000000e+00 -9.999999e-01
    outer loop
      vertex  1.224647e-15 -7.800000e+01 -1.500000e+01
      vertex -1.870469e+01 -7.454506e+01 -1.500000e+01
      vertex -1.301651e+01 -7.097093e+01 -1.500000e+01
    endloop
  endfacet
  facet normal  0.000000e+00  0.000000e+00 -1.000000e+00
    outer loop
      vertex  1.224647e-15 -7.800000e+01 -1.500000e+01
      vertex -1.301651e+01 -7.097093e+01 -1.500000e+01
      vertex -6.675628e+00 -6.875216e+01 -1.500000e+01
    endloop
  endfacet
  facet normal  0.000000e+00  0.000000e+00 -1.000000e+00
    outer loop
      vertex  1.224647e-15 -7.800000e+01 -1.500000e+01
      vertex -6.675628e+00 -6.875216e+01 -1.500000e+01
      vertex  8.498309e-15 -6.800000e+01 -1.500000e+01
    endloop
  endfacet
  facet normal  0.000000e+00  -0.000000e+00 -1.000000e+00
    outer loop
      vertex  1.224647e-15 -7.800000e+01 -1.500000e+01
      vertex  8.498309e-15 -6.800000e+01 -1.500000e+01
      vertex  6.675628e+00 -6.875216e+01 -1.500000e+01
    endloop
  endfacet
  facet normal  0.000000e+00  -0.000000e+00 -1.000000e+00
    outer loop
      vertex  1.224647e-15 -7.800000e+01 -1.500000e+01
      vertex  6.675628e+00 -6.875216e+01 -1.500000e+01
      vertex  1.301651e+01 -7.097093e+01 -1.500000e+01
    endloop
  endfacet
  facet normal  0.000000e+00  -0.000000e+00 -9.999999e-01
    outer loop
      vertex  1.224647e-15 -7.800000e+01 -1.500000e+01
      vertex  1.301651e+01 -7.097093e+01 -1.500000e+01
      vertex  1.870469e+01 -7.454506e+01 -1.500000e+01
    endloop
  endfacet
  facet normal  0.000000e+00  -0.000000e+00 -1.000000e+00
    outer loop
      vertex  1.224647e-15 -7.800000e+01 -1.500000e+01
      vertex  1.870469e+01 -7.454506e+01 -1.500000e+01
      vertex  2.345494e+01 -7.929530e+01 -1.500000e+01
    endloop
  endfacet
  facet normal  0.000000e+00  0.000000e+00 -1.000000e+00
    outer loop
      vertex  1.224647e-15 -7.800000e+01 -1.500000e+01
      vertex  2.345494e+01 -7.929530e+01 -1.500000e+01
      vertex  5.176381e+00 -7.868148e+01 -1.500000e+01
    endloop
  endfacet
  facet normal  0.000000e+00  0.000000e+00 -1.000000e+00
    outer loop
      vertex -1.414214e+01 -8.385786e+01 -1.500000e+01
      vertex -2.702907e+01 -8.498349e+01 -1.500000e+01
      vertex -1.000000e+01 -8.067949e+01 -1.500000e+01
    endloop
  endfacet
  facet normal  -0.000000e+00  0.000000e+00 -1.000000e+00
    outer loop
      vertex -1.000000e+01 -8.067949e+01 -1.500000e+01
      vertex -2.702907e+01 -8.498349e+01 -1.500000e+01
      vertex -2.345494e+01 -7.929530e+01 -1.500000e+01
    endloop
  endfacet
  facet normal  0.000000e+00  0.000000e+00 -1.000000e+00
    outer loop
      vertex -1.000000e+01 -8.067949e+01 -1.500000e+01
      vertex -2.345494e+01 -7.929530e+01 -1.500000e+01
      vertex -5.176381e+00 -7.868148e+01 -1.500000e+01
    endloop
  endfacet
  facet normal  0.000000e+00  0.000000e+00 -1.000000e+00
    outer loop
      vertex -1.931852e+01 -9.282362e+01 -1.500000e+01
      vertex -2.924784e+01 -9.132437e+01 -1.500000e+01
      vertex -1.732051e+01 -8.800000e+01 -1.500000e+01
    endloop
  endfacet
  facet normal  -0.000000e+00  0.000000e+00 -1.000000e+00
    outer loop
      vertex -1.732051e+01 -8.800000e+01 -1.500000e+01
      vertex -2.924784e+01 -9.132437e+01 -1.500000e+01
      vertex -2.702907e+01 -8.498349e+01 -1.500000e+01
    endloop
  endfacet
  facet normal  0.000000e+00  0.000000e+00 -1.000000e+00
    outer loop
      vertex -1.732051e+01 -8.800000e+01 -1.500000e+01
      vertex -2.702907e+01 -8.498349e+01 -1.500000e+01
      vertex -1.414214e+01 -8.385786e+01 -1.500000e+01
    endloop
  endfacet
  facet normal  0.000000e+00  0.000000e+00 -1.000000e+00
    outer loop
      vertex -1.414214e+01 -1.121421e+02 -1.500000e+01
      vertex -2.702907e+01 -1.110165e+02 -1.500000e+01
      vertex -1.732051e+01 -1.080000e+02 -1.500000e+01
    endloop
  endfacet
  facet normal  -0.000000e+00  0.000000e+00 -1.000000e+00
    outer loop
      vertex -1.732051e+01 -1.080000e+02 -1.500000e+01
      vertex -2.702907e+01 -1.110165e+02 -1.500000e+01
      vertex -2.924784e+01 -1.046756e+02 -1.500000e+01
    endloop
  endfacet
  facet normal  0.000000e+00  0.000000e+00 -1.000000e+00
    outer loop
      vertex -1.732051e+01 -1.080000e+02 -1.500000e+01
      vertex -2.924784e+01 -1.046756e+02 -1.500000e+01
      vertex -1.931852e+01 -1.031764e+02 -1.500000e+01
    endloop
  endfacet
  facet normal  -0.000000e+00  0.000000e+00 -1.000000e+00
    outer loop
      vertex -1.931852e+01 -1.031764e+02 -1.500000e+01
      vertex -2.924784e+01 -1.046756e+02 -1.500000e+01
      vertex -3.000000e+01 -9.800000e+01 -1.500000e+01
    endloop
  endfacet
  facet normal  0.000000e+00  0.000000e+00 -9.999999e-01
    outer loop
      vertex -1.931852e+01 -1.031764e+02 -1.500000e+01
      vertex -3.000000e+01 -9.800000e+01 -1.500000e+01
      vertex -2.000000e+01 -9.800000e+01 -1.500000e+01
    endloop
  endfacet
  facet normal  0.000000e+00  0.000000e+00 -1.000000e+00
    outer loop
      vertex -2.000000e+01 -9.800000e+01 -1.500000e+01
      vertex -3.000000e+01 -9.800000e+01 -1.500000e+01
      vertex -2.924784e+01 -9.132437e+01 -1.500000e+01
    endloop
  endfacet
  facet normal  0.000000e+00  0.000000e+00 -1.000000e+00
    outer loop
      vertex -2.000000e+01 -9.800000e+01 -1.500000e+01
      vertex -2.924784e+01 -9.132437e+01 -1.500000e+01
      vertex -1.931852e+01 -9.282362e+01 -1.500000e+01
    endloop
  endfacet
  facet normal  0.000000e+00  0.000000e+00 -1.000000e+00
    outer loop
      vertex -5.176381e+00 -1.173185e+02 -1.500000e+01
      vertex -2.345494e+01 -1.167047e+02 -1.500000e+01
      vertex -1.000000e+01 -1.153205e+02 -1.500000e+01
    endloop
  endfacet
  facet normal  -0.000000e+00  0.000000e+00 -1.000000e+00
    outer loop
      vertex -1.000000e+01 -1.153205e+02 -1.500000e+01
      vertex -2.345494e+01 -1.167047e+02 -1.500000e+01
      vertex -2.702907e+01 -1.110165e+02 -1.500000e+01
    endloop
  endfacet
  facet normal  0.000000e+00  0.000000e+00 -1.000000e+00
    outer loop
      vertex -1.000000e+01 -1.153205e+02 -1.500000e+01
      vertex -2.702907e+01 -1.110165e+02 -1.500000e+01
      vertex -1.414214e+01 -1.121421e+02 -1.500000e+01
    endloop
  endfacet
  facet normal  0.000000e+00  0.000000e+00 -1.000000e+00
    outer loop
      vertex -6.675628e+00 -1.272478e+02 -1.500000e+01
      vertex -1.301651e+01 -1.250291e+02 -1.500000e+01
      vertex -3.215626e-14 -1.280000e+02 -1.500000e+01
    endloop
  endfacet
  facet normal  0.000000e+00  0.000000e+00 -1.000000e+00
    outer loop
      vertex -3.215626e-14 -1.280000e+02 -1.500000e+01
      vertex -1.301651e+01 -1.250291e+02 -1.500000e+01
      vertex -1.870469e+01 -1.214549e+02 -1.500000e+01
    endloop
  endfacet
  facet normal  0.000000e+00  0.000000e+00 -1.000000e+00
    outer loop
      vertex -3.215626e-14 -1.280000e+02 -1.500000e+01
      vertex -1.870469e+01 -1.214549e+02 -1.500000e+01
      vertex -3.673940e-15 -1.180000e+02 -1.500000e+01
    endloop
  endfacet
  facet normal  -0.000000e+00  0.000000e+00 -1.000000e+00
    outer loop
      vertex -3.673940e-15 -1.180000e+02 -1.500000e+01
      vertex -1.870469e+01 -1.214549e+02 -1.500000e+01
      vertex -2.345494e+01 -1.167047e+02 -1.500000e+01
    endloop
  endfacet
  facet normal  0.000000e+00  0.000000e+00 -1.000000e+00
    outer loop
      vertex -3.673940e-15 -1.180000e+02 -1.500000e+01
      vertex -2.345494e+01 -1.167047e+02 -1.500000e+01
      vertex -5.176381e+00 -1.173185e+02 -1.500000e+01
    endloop
  endfacet
  facet normal  0.000000e+00  0.000000e+00 -1.000000e+00
    outer loop
      vertex  1.414214e+01 -8.385786e+01 -1.500000e+01
      vertex  1.000000e+01 -8.067949e+01 -1.500000e+01
      vertex  2.702907e+01 -8.498349e+01 -1.500000e+01
    endloop
  endfacet
  facet normal  0.000000e+00  0.000000e+00 -1.000000e+00
    outer loop
      vertex  2.702907e+01 -8.498349e+01 -1.500000e+01
      vertex  1.000000e+01 -8.067949e+01 -1.500000e+01
      vertex  5.176381e+00 -7.868148e+01 -1.500000e+01
    endloop
  endfacet
  facet normal  0.000000e+00  0.000000e+00 -1.000000e+00
    outer loop
      vertex  2.702907e+01 -8.498349e+01 -1.500000e+01
      vertex  5.176381e+00 -7.868148e+01 -1.500000e+01
      vertex  2.345494e+01 -7.929530e+01 -1.500000e+01
    endloop
  endfacet
  facet normal  0.000000e+00  0.000000e+00 -1.000000e+00
    outer loop
      vertex  1.931852e+01 -9.282362e+01 -1.500000e+01
      vertex  1.732051e+01 -8.800000e+01 -1.500000e+01
      vertex  2.924784e+01 -9.132437e+01 -1.500000e+01
    endloop
  endfacet
  facet normal  0.000000e+00  0.000000e+00 -1.000000e+00
    outer loop
      vertex  2.924784e+01 -9.132437e+01 -1.500000e+01
      vertex  1.732051e+01 -8.800000e+01 -1.500000e+01
      vertex  1.414214e+01 -8.385786e+01 -1.500000e+01
    endloop
  endfacet
  facet normal  0.000000e+00  0.000000e+00 -1.000000e+00
    outer loop
      vertex  2.924784e+01 -9.132437e+01 -1.500000e+01
      vertex  1.414214e+01 -8.385786e+01 -1.500000e+01
      vertex  2.702907e+01 -8.498349e+01 -1.500000e+01
    endloop
  endfacet
  facet normal  0.000000e+00  -0.000000e+00 -1.000000e+00
    outer loop
      vertex  1.414214e+01 -1.121421e+02 -1.500000e+01
      vertex  1.732051e+01 -1.080000e+02 -1.500000e+01
      vertex  2.702907e+01 -1.110165e+02 -1.500000e+01
    endloop
  endfacet
  facet normal  0.000000e+00  0.000000e+00 -1.000000e+00
    outer loop
      vertex  2.702907e+01 -1.110165e+02 -1.500000e+01
      vertex  1.732051e+01 -1.080000e+02 -1.500000e+01
      vertex  1.931852e+01 -1.031764e+02 -1.500000e+01
    endloop
  endfacet
  facet normal  0.000000e+00  0.000000e+00 -1.000000e+00
    outer loop
      vertex  2.702907e+01 -1.110165e+02 -1.500000e+01
      vertex  1.931852e+01 -1.031764e+02 -1.500000e+01
      vertex  2.924784e+01 -1.046756e+02 -1.500000e+01
    endloop
  endfacet
  facet normal  0.000000e+00  0.000000e+00 -1.000000e+00
    outer loop
      vertex  2.924784e+01 -1.046756e+02 -1.500000e+01
      vertex  1.931852e+01 -1.031764e+02 -1.500000e+01
      vertex  2.000000e+01 -9.800000e+01 -1.500000e+01
    endloop
  endfacet
  facet normal  0.000000e+00  0.000000e+00 -1.000000e+00
    outer loop
      vertex  2.924784e+01 -1.046756e+02 -1.500000e+01
      vertex  2.000000e+01 -9.800000e+01 -1.500000e+01
      vertex  3.000000e+01 -9.800000e+01 -1.500000e+01
    endloop
  endfacet
  facet normal  0.000000e+00  0.000000e+00 -9.999999e-01
    outer loop
      vertex  3.000000e+01 -9.800000e+01 -1.500000e+01
      vertex  2.000000e+01 -9.800000e+01 -1.500000e+01
      vertex  1.931852e+01 -9.282362e+01 -1.500000e+01
    endloop
  endfacet
  facet normal  0.000000e+00  0.000000e+00 -1.000000e+00
    outer loop
      vertex  3.000000e+01 -9.800000e+01 -1.500000e+01
      vertex  1.931852e+01 -9.282362e+01 -1.500000e+01
      vertex  2.924784e+01 -9.132437e+01 -1.500000e+01
    endloop
  endfacet
  facet normal  0.000000e+00  -0.000000e+00 -1.000000e+00
    outer loop
      vertex  5.176381e+00 -1.173185e+02 -1.500000e+01
      vertex  1.000000e+01 -1.153205e+02 -1.500000e+01
      vertex  2.345494e+01 -1.167047e+02 -1.500000e+01
    endloop
  endfacet
  facet normal  0.000000e+00  0.000000e+00 -9.999999e-01
    outer loop
      vertex  2.345494e+01 -1.167047e+02 -1.500000e+01
      vertex  1.000000e+01 -1.153205e+02 -1.500000e+01
      vertex  1.414214e+01 -1.121421e+02 -1.500000e+01
    endloop
  endfacet
  facet normal  0.000000e+00  0.000000e+00 -1.000000e+00
    outer loop
      vertex  2.345494e+01 -1.167047e+02 -1.500000e+01
      vertex  1.414214e+01 -1.121421e+02 -1.500000e+01
      vertex  2.702907e+01 -1.110165e+02 -1.500000e+01
    endloop
  endfacet
  facet normal  0.000000e+00  0.000000e+00 -1.000000e+00
    outer loop
      vertex  6.675628e+00 -1.272478e+02 -1.500000e+01
      vertex -3.215626e-14 -1.280000e+02 -1.500000e+01
      vertex  1.301651e+01 -1.250291e+02 -1.500000e+01
    endloop
  endfacet
  facet normal  -0.000000e+00  0.000000e+00 -1.000000e+00
    outer loop
      vertex  1.301651e+01 -1.250291e+02 -1.500000e+01
      vertex -3.215626e-14 -1.280000e+02 -1.500000e+01
      vertex -3.673940e-15 -1.180000e+02 -1.500000e+01
    endloop
  endfacet
  facet normal  0.000000e+00  0.000000e+00 -9.999999e-01
    outer loop
      vertex  1.301651e+01 -1.250291e+02 -1.500000e+01
      vertex -3.673940e-15 -1.180000e+02 -1.500000e+01
      vertex  1.870469e+01 -1.214549e+02 -1.500000e+01
    endloop
  endfacet
  facet normal  0.000000e+00  0.000000e+00 -1.000000e+00
    outer loop
      vertex  1.870469e+01 -1.214549e+02 -1.500000e+01
      vertex -3.673940e-15 -1.180000e+02 -1.500000e+01
      vertex  5.176381e+00 -1.173185e+02 -1.500000e+01
    endloop
  endfacet
  facet normal  0.000000e+00  0.000000e+00 -1.000000e+00
    outer loop
      vertex  1.870469e+01 -1.214549e+02 -1.500000e+01
      vertex  5.176381e+00 -1.173185e+02 -1.500000e+01
      vertex  2.345494e+01 -1.167047e+02 -1.500000e+01
    endloop
  endfacet
  facet normal  9.914448e-01 -1.305263e-01  0.000000e+00
    outer loop
      vertex -2.000000e+01 -9.800000e+01  5.000000e+00
      vertex -1.931852e+01 -9.282362e+01  1.500000e+01
      vertex -2.000000e+01 -9.800000e+01  1.500000e+01
    endloop
  endfacet
  facet normal  1.305256e-01 -9.914449e-01  0.000000e+00
    outer loop
      vertex  1.224647e-15 -7.800000e+01 -1.500000e+01
      vertex -5.176381e+00 -7.868148e+01  1.500000e+01
      vertex -5.176381e+00 -7.868148e+01 -1.500000e+01
    endloop
  endfacet
  facet normal  3.826835e-01 -9.238794e-01  0.000000e+00
    outer loop
      vertex -5.176381e+00 -7.868148e+01 -1.500000e+01
      vertex -5.176381e+00 -7.868148e+01  1.500000e+01
      vertex -1.000000e+01 -8.067949e+01  1.500000e+01
    endloop
  endfacet
  facet normal  3.826835e-01 -9.238794e-01  0.000000e+00
    outer loop
      vertex -5.176381e+00 -7.868148e+01 -1.500000e+01
      vertex -1.000000e+01 -8.067949e+01  1.500000e+01
      vertex -1.000000e+01 -8.067949e+01 -1.500000e+01
    endloop
  endfacet
  facet normal  6.087617e-01 -7.933530e-01  0.000000e+00
    outer loop
      vertex -1.000000e+01 -8.067949e+01 -1.500000e+01
      vertex -1.000000e+01 -8.067949e+01  1.500000e+01
      vertex -1.414214e+01 -8.385786e+01  1.500000e+01
    endloop
  endfacet
  facet normal  6.087617e-01 -7.933530e-01  0.000000e+00
    outer loop
      vertex -1.000000e+01 -8.067949e+01 -1.500000e+01
      vertex -1.414214e+01 -8.385786e+01  1.500000e+01
      vertex -1.414214e+01 -8.385786e+01 -1.500000e+01
    endloop
  endfacet
  facet normal  7.933532e-01 -6.087615e-01  0.000000e+00
    outer loop
      vertex -1.414214e+01 -8.385786e+01 -1.500000e+01
      vertex -1.414214e+01 -8.385786e+01  1.500000e+01
      vertex -1.732051e+01 -8.800000e+01  1.500000e+01
    endloop
  endfacet
  facet normal  7.933532e-01 -6.087615e-01  0.000000e+00
    outer loop
      vertex -1.414214e+01 -8.385786e+01 -1.500000e+01
      vertex -1.732051e+01 -8.800000e+01  1.500000e+01
      vertex -1.732051e+01 -8.800000e+01 -1.500000e+01
    endloop
  endfacet
  facet normal  9.238796e-01 -3.826834e-01  0.000000e+00
    outer loop
      vertex -1.732051e+01 -8.800000e+01 -1.500000e+01
      vertex -1.732051e+01 -8.800000e+01  1.500000e+01
      vertex -1.931852e+01 -9.282362e+01  1.500000e+01
    endloop
  endfacet
  facet normal  9.238796e-01 -3.826834e-01  0.000000e+00
    outer loop
      vertex -1.732051e+01 -8.800000e+01 -1.500000e+01
      vertex -1.931852e+01 -9.282362e+01  1.500000e+01
      vertex -1.931852e+01 -9.282362e+01 -1.500000e+01
    endloop
  endfacet
  facet normal  9.914449e-01 -1.305263e-01  0.000000e+00
    outer loop
      vertex -1.931852e+01 -9.282362e+01 -1.500000e+01
      vertex -1.931852e+01 -9.282362e+01  1.500000e+01
      vertex -2.000000e+01 -9.800000e+01  5.000000e+00
    endloop
  endfacet
  facet normal  9.914448e-01 -1.305263e-01  0.000000e+00
    outer loop
      vertex -1.931852e+01 -9.282362e+01 -1.500000e+01
      vertex -2.000000e+01 -9.800000e+01  5.000000e+00
      vertex -2.000000e+01 -9.800000e+01 -1.500000e+01
    endloop
  endfacet
  facet normal  1.305256e-01 -9.914449e-01  0.000000e+00
    outer loop
      vertex -5.176381e+00 -7.868148e+01  1.500000e+01
      vertex  1.224647e-15 -7.800000e+01 -1.500000e+01
      vertex  1.224647e-15 -7.800000e+01  1.500000e+01
    endloop
  endfacet
  facet normal -1.305256e-01 -9.914449e-01  -0.000000e+00
    outer loop
      vertex  1.224647e-15 -7.800000e+01  1.500000e+01
      vertex  1.224647e-15 -7.800000e+01 -1.500000e+01
      vertex  5.176381e+00 -7.868148e+01 -1.500000e+01
    endloop
  endfacet
  facet normal -1.305256e-01 -9.914449e-01  0.000000e+00
    outer loop
      vertex  1.224647e-15 -7.800000e+01  1.500000e+01
      vertex  5.176381e+00 -7.868148e+01 -1.500000e+01
      vertex  5.176381e+00 -7.868148e+01  1.500000e+01
    endloop
  endfacet
  facet normal -3.826835e-01 -9.238794e-01  -0.000000e+00
    outer loop
      vertex  5.176381e+00 -7.868148e+01  1.500000e+01
      vertex  5.176381e+00 -7.868148e+01 -1.500000e+01
      vertex  1.000000e+01 -8.067949e+01 -1.500000e+01
    endloop
  endfacet
  facet normal -3.826835e-01 -9.238794e-01  0.000000e+00
    outer loop
      vertex  5.176381e+00 -7.868148e+01  1.500000e+01
      vertex  1.000000e+01 -8.067949e+01 -1.500000e+01
      vertex  1.000000e+01 -8.067949e+01  1.500000e+01
    endloop
  endfacet
  facet normal -6.087617e-01 -7.933530e-01  -0.000000e+00
    outer loop
      vertex  1.000000e+01 -8.067949e+01  1.500000e+01
      vertex  1.000000e+01 -8.067949e+01 -1.500000e+01
      vertex  1.414214e+01 -8.385786e+01 -1.500000e+01
    endloop
  endfacet
  facet normal -6.087617e-01 -7.933530e-01  0.000000e+00
    outer loop
      vertex  1.000000e+01 -8.067949e+01  1.500000e+01
      vertex  1.414214e+01 -8.385786e+01 -1.500000e+01
      vertex  1.414214e+01 -8.385786e+01  1.500000e+01
    endloop
  endfacet
  facet normal -7.933532e-01 -6.087615e-01  -0.000000e+00
    outer loop
      vertex  1.414214e+01 -8.385786e+01  1.500000e+01
      vertex  1.414214e+01 -8.385786e+01 -1.500000e+01
      vertex  1.732051e+01 -8.800000e+01 -1.500000e+01
    endloop
  endfacet
  facet normal -7.933532e-01 -6.087615e-01  0.000000e+00
    outer loop
      vertex  1.414214e+01 -8.385786e+01  1.500000e+01
      vertex  1.732051e+01 -8.800000e+01 -1.500000e+01
      vertex  1.732051e+01 -8.800000e+01  1.500000e+01
    endloop
  endfacet
  facet normal -9.238796e-01 -3.826834e-01  -0.000000e+00
    outer loop
      vertex  1.732051e+01 -8.800000e+01  1.500000e+01
      vertex  1.732051e+01 -8.800000e+01 -1.500000e+01
      vertex  1.931852e+01 -9.282362e+01 -1.500000e+01
    endloop
  endfacet
  facet normal -9.238796e-01 -3.826834e-01  0.000000e+00
    outer loop
      vertex  1.732051e+01 -8.800000e+01  1.500000e+01
      vertex  1.931852e+01 -9.282362e+01 -1.500000e+01
      vertex  1.931852e+01 -9.282362e+01  1.500000e+01
    endloop
  endfacet
  facet normal -9.914449e-01 -1.305263e-01  -0.000000e+00
    outer loop
      vertex  1.931852e+01 -9.282362e+01  1.500000e+01
      vertex  1.931852e+01 -9.282362e+01 -1.500000e+01
      vertex  2.000000e+01 -9.800000e+01 -1.500000e+01
    endloop
  endfacet
  facet normal -9.914449e-01 -1.305263e-01  0.000000e+00
    outer loop
      vertex  1.931852e+01 -9.282362e+01  1.500000e+01
      vertex  2.000000e+01 -9.800000e+01 -1.500000e+01
      vertex  2.000000e+01 -9.800000e+01  1.500000e+01
    endloop
  endfacet
  facet normal  9.914448e-01  1.305263e-01  -0.000000e+00
    outer loop
      vertex -1.931852e+01 -1.031764e+02 -1.500000e+01
      vertex -2.000000e+01 -9.800000e+01 -1.500000e+01
      vertex -2.000000e+01 -9.800000e+01  5.000000e+00
    endloop
  endfacet
  facet normal -1.305256e-01  9.914449e-01  0.000000e+00
    outer loop
      vertex -3.673940e-15 -1.180000e+02 -1.500000e+01
      vertex  5.176381e+00 -1.173185e+02  1.500000e+01
      vertex  5.176381e+00 -1.173185e+02 -1.500000e+01
    endloop
  endfacet
  facet normal -3.826835e-01  9.238794e-01  0.000000e+00
    outer loop
      vertex  5.176381e+00 -1.173185e+02 -1.500000e+01
      vertex  5.176381e+00 -1.173185e+02  1.500000e+01
      vertex  1.000000e+01 -1.153205e+02  1.500000e+01
    endloop
  endfacet
  facet normal -3.826835e-01  9.238794e-01  0.000000e+00
    outer loop
      vertex  5.176381e+00 -1.173185e+02 -1.500000e+01
      vertex  1.000000e+01 -1.153205e+02  1.500000e+01
      vertex  1.000000e+01 -1.153205e+02 -1.500000e+01
    endloop
  endfacet
  facet normal -6.087617e-01  7.933530e-01  0.000000e+00
    outer loop
      vertex  1.000000e+01 -1.153205e+02 -1.500000e+01
      vertex  1.000000e+01 -1.153205e+02  1.500000e+01
      vertex  1.414214e+01 -1.121421e+02  1.500000e+01
    endloop
  endfacet
  facet normal -6.087617e-01  7.933530e-01  0.000000e+00
    outer loop
      vertex  1.000000e+01 -1.153205e+02 -1.500000e+01
      vertex  1.414214e+01 -1.121421e+02  1.500000e+01
      vertex  1.414214e+01 -1.121421e+02 -1.500000e+01
    endloop
  endfacet
  facet normal -7.933532e-01  6.087615e-01  0.000000e+00
    outer loop
      vertex  1.414214e+01 -1.121421e+02 -1.500000e+01
      vertex  1.414214e+01 -1.121421e+02  1.500000e+01
      vertex  1.732051e+01 -1.080000e+02  1.500000e+01
    endloop
  endfacet
  facet normal -7.933532e-01  6.087615e-01  0.000000e+00
    outer loop
      vertex  1.414214e+01 -1.121421e+02 -1.500000e+01
      vertex  1.732051e+01 -1.080000e+02  1.500000e+01
      vertex  1.732051e+01 -1.080000e+02 -1.500000e+01
    endloop
  endfacet
  facet normal -9.238796e-01  3.826834e-01  0.000000e+00
    outer loop
      vertex  1.732051e+01 -1.080000e+02 -1.500000e+01
      vertex  1.732051e+01 -1.080000e+02  1.500000e+01
      vertex  1.931852e+01 -1.031764e+02  1.500000e+01
    endloop
  endfacet
  facet normal -9.238796e-01  3.826834e-01  0.000000e+00
    outer loop
      vertex  1.732051e+01 -1.080000e+02 -1.500000e+01
      vertex  1.931852e+01 -1.031764e+02  1.500000e+01
      vertex  1.931852e+01 -1.031764e+02 -1.500000e+01
    endloop
  endfacet
  facet normal -9.914449e-01  1.305263e-01  0.000000e+00
    outer loop
      vertex  1.931852e+01 -1.031764e+02 -1.500000e+01
      vertex  1.931852e+01 -1.031764e+02  1.500000e+01
      vertex  2.000000e+01 -9.800000e+01  1.500000e+01
    endloop
  endfacet
  facet normal -9.914449e-01  1.305263e-01  0.000000e+00
    outer loop
      vertex  1.931852e+01 -1.031764e+02 -1.500000e+01
      vertex  2.000000e+01 -9.800000e+01  1.500000e+01
      vertex  2.000000e+01 -9.800000e+01 -1.500000e+01
    endloop
  endfacet
  facet normal -1.305256e-01  9.914449e-01  0.000000e+00
    outer loop
      vertex  5.176381e+00 -1.173185e+02  1.500000e+01
      vertex -3.673940e-15 -1.180000e+02 -1.500000e+01
      vertex -3.673940e-15 -1.180000e+02  1.500000e+01
    endloop
  endfacet
  facet normal  1.305256e-01  9.914449e-01  0.000000e+00
    outer loop
      vertex -3.673940e-15 -1.180000e+02  1.500000e+01
      vertex -3.673940e-15 -1.180000e+02 -1.500000e+01
      vertex -5.176381e+00 -1.173185e+02 -1.500000e+01
    endloop
  endfacet
  facet normal  1.305256e-01  9.914449e-01  -0.000000e+00
    outer loop
      vertex -3.673940e-15 -1.180000e+02  1.500000e+01
      vertex -5.176381e+00 -1.173185e+02 -1.500000e+01
      vertex -5.176381e+00 -1.173185e+02  1.500000e+01
    endloop
  endfacet
  facet normal  3.826835e-01  9.238794e-01  0.000000e+00
    outer loop
      vertex -5.176381e+00 -1.173185e+02  1.500000e+01
      vertex -5.176381e+00 -1.173185e+02 -1.500000e+01
      vertex -1.000000e+01 -1.153205e+02 -1.500000e+01
    endloop
  endfacet
  facet normal  3.826835e-01  9.238794e-01  -0.000000e+00
    outer loop
      vertex -5.176381e+00 -1.173185e+02  1.500000e+01
      vertex -1.000000e+01 -1.153205e+02 -1.500000e+01
      vertex -1.000000e+01 -1.153205e+02  1.500000e+01
    endloop
  endfacet
  facet normal  6.087617e-01  7.933530e-01  0.000000e+00
    outer loop
      vertex -1.000000e+01 -1.153205e+02  1.500000e+01
      vertex -1.000000e+01 -1.153205e+02 -1.500000e+01
      vertex -1.414214e+01 -1.121421e+02 -1.500000e+01
    endloop
  endfacet
  facet normal  6.087617e-01  7.933530e-01  -0.000000e+00
    outer loop
      vertex -1.000000e+01 -1.153205e+02  1.500000e+01
      vertex -1.414214e+01 -1.121421e+02 -1.500000e+01
      vertex -1.414214e+01 -1.121421e+02  1.500000e+01
    endloop
  endfacet
  facet normal  7.933532e-01  6.087615e-01  0.000000e+00
    outer loop
      vertex -1.414214e+01 -1.121421e+02  1.500000e+01
      vertex -1.414214e+01 -1.121421e+02 -1.500000e+01
      vertex -1.732051e+01 -1.080000e+02 -1.500000e+01
    endloop
  endfacet
  facet normal  7.933532e-01  6.087615e-01  -0.000000e+00
    outer loop
      vertex -1.414214e+01 -1.121421e+02  1.500000e+01
      vertex -1.732051e+01 -1.080000e+02 -1.500000e+01
      vertex -1.732051e+01 -1.080000e+02  1.500000e+01
    endloop
  endfacet
  facet normal  9.238796e-01  3.826834e-01  0.000000e+00
    outer loop
      vertex -1.732051e+01 -1.080000e+02  1.500000e+01
      vertex -1.732051e+01 -1.080000e+02 -1.500000e+01
      vertex -1.931852e+01 -1.031764e+02 -1.500000e+01
    endloop
  endfacet
  facet normal  9.238796e-01  3.826834e-01  -0.000000e+00
    outer loop
      vertex -1.732051e+01 -1.080000e+02  1.500000e+01
      vertex -1.931852e+01 -1.031764e+02 -1.500000e+01
      vertex -1.931852e+01 -1.031764e+02  1.500000e+01
    endloop
  endfacet
  facet normal  9.914449e-01  1.305263e-01  0.000000e+00
    outer loop
      vertex -1.931852e+01 -1.031764e+02  1.500000e+01
      vertex -1.931852e+01 -1.031764e+02 -1.500000e+01
      vertex -2.000000e+01 -9.800000e+01  5.000000e+00
    endloop
  endfacet
  facet normal  9.914448e-01  1.305263e-01  -0.000000e+00
    outer loop
      vertex -1.931852e+01 -1.031764e+02  1.500000e+01
      vertex -2.000000e+01 -9.800000e+01  5.000000e+00
      vertex -2.000000e+01 -9.800000e+01  1.500000e+01
    endloop
  endfacet
  facet normal  9.914448e-01 -1.305263e-01  0.000000e+00
    outer loop
      vertex  5.000000e+01  2.449294e-15  5.000000e+00
      vertex  5.068148e+01  5.176381e+00  1.500000e+01
      vertex  5.000000e+01  2.449294e-15  1.500000e+01
    endloop
  endfacet
  facet normal  1.305263e-01 -9.914449e-01  0.000000e+00
    outer loop
      vertex  7.000000e+01  2.000000e+01 -1.500000e+01
      vertex  6.482362e+01  1.931852e+01  1.500000e+01
      vertex  6.482362e+01  1.931852e+01 -1.500000e+01
    endloop
  endfacet
  facet normal  3.826834e-01 -9.238796e-01  0.000000e+00
    outer loop
      vertex  6.482362e+01  1.931852e+01 -1.500000e+01
      vertex  6.482362e+01  1.931852e+01  1.500000e+01
      vertex  6.000000e+01  1.732051e+01  1.500000e+01
    endloop
  endfacet
  facet normal  3.826834e-01 -9.238796e-01  0.000000e+00
    outer loop
      vertex  6.482362e+01  1.931852e+01 -1.500000e+01
      vertex  6.000000e+01  1.732051e+01  1.500000e+01
      vertex  6.000000e+01  1.732051e+01 -1.500000e+01
    endloop
  endfacet
  facet normal  6.087615e-01 -7.933532e-01  0.000000e+00
    outer loop
      vertex  6.000000e+01  1.732051e+01 -1.500000e+01
      vertex  6.000000e+01  1.732051e+01  1.500000e+01
      vertex  5.585786e+01  1.414214e+01  1.500000e+01
    endloop
  endfacet
  facet normal  6.087615e-01 -7.933532e-01  0.000000e+00
    outer loop
      vertex  6.000000e+01  1.732051e+01 -1.500000e+01
      vertex  5.585786e+01  1.414214e+01  1.500000e+01
      vertex  5.585786e+01  1.414214e+01 -1.500000e+01
    endloop
  endfacet
  facet normal  7.933534e-01 -6.087613e-01  0.000000e+00
    outer loop
      vertex  5.585786e+01  1.414214e+01 -1.500000e+01
      vertex  5.585786e+01  1.414214e+01  1.500000e+01
      vertex  5.267949e+01  1.000000e+01  1.500000e+01
    endloop
  endfacet
  facet normal  7.933534e-01 -6.087613e-01  0.000000e+00
    outer loop
      vertex  5.585786e+01  1.414214e+01 -1.500000e+01
      vertex  5.267949e+01  1.000000e+01  1.500000e+01
      vertex  5.267949e+01  1.000000e+01 -1.500000e+01
    endloop
  endfacet
  facet normal  9.238794e-01 -3.826835e-01  0.000000e+00
    outer loop
      vertex  5.267949e+01  1.000000e+01 -1.500000e+01
      vertex  5.267949e+01  1.000000e+01  1.500000e+01
      vertex  5.068148e+01  5.176381e+00  1.500000e+01
    endloop
  endfacet
  facet normal  9.238794e-01 -3.826835e-01  0.000000e+00
    outer loop
      vertex  5.267949e+01  1.000000e+01 -1.500000e+01
      vertex  5.068148e+01  5.176381e+00  1.500000e+01
      vertex  5.068148e+01  5.176381e+00 -1.500000e+01
    endloop
  endfacet
  facet normal  9.914448e-01 -1.305263e-01  0.000000e+00
    outer loop
      vertex  5.068148e+01  5.176381e+00 -1.500000e+01
      vertex  5.068148e+01  5.176381e+00  1.500000e+01
      vertex  5.000000e+01  2.449294e-15  5.000000e+00
    endloop
  endfacet
  facet normal  9.914448e-01 -1.305263e-01  0.000000e+00
    outer loop
      vertex  5.068148e+01  5.176381e+00 -1.500000e+01
      vertex  5.000000e+01  2.449294e-15  5.000000e+00
      vertex  5.000000e+01  2.449294e-15 -1.500000e+01
    endloop
  endfacet
  facet normal  1.305263e-01 -9.914449e-01  0.000000e+00
    outer loop
      vertex  6.482362e+01  1.931852e+01  1.500000e+01
      vertex  7.000000e+01  2.000000e+01 -1.500000e+01
      vertex  7.000000e+01  2.000000e+01  1.500000e+01
    endloop
  endfacet
  facet normal -1.305263e-01 -9.914449e-01  -0.000000e+00
    outer loop
      vertex  7.000000e+01  2.000000e+01  1.500000e+01
      vertex  7.000000e+01  2.000000e+01 -1.500000e+01
      vertex  7.517638e+01  1.931852e+01 -1.500000e+01
    endloop
  endfacet
  facet normal -1.305263e-01 -9.914449e-01  0.000000e+00
    outer loop
      vertex  7.000000e+01  2.000000e+01  1.500000e+01
      vertex  7.517638e+01  1.931852e+01 -1.500000e+01
      vertex  7.517638e+01  1.931852e+01  1.500000e+01
    endloop
  endfacet
  facet normal -3.826834e-01 -9.238796e-01  -0.000000e+00
    outer loop
      vertex  7.517638e+01  1.931852e+01  1.500000e+01
      vertex  7.517638e+01  1.931852e+01 -1.500000e+01
      vertex  8.000000e+01  1.732051e+01 -1.500000e+01
    endloop
  endfacet
  facet normal -3.826834e-01 -9.238796e-01  0.000000e+00
    outer loop
      vertex  7.517638e+01  1.931852e+01  1.500000e+01
      vertex  8.000000e+01  1.732051e+01 -1.500000e+01
      vertex  8.000000e+01  1.732051e+01  1.500000e+01
    endloop
  endfacet
  facet normal -6.087615e-01 -7.933532e-01  -0.000000e+00
    outer loop
      vertex  8.000000e+01  1.732051e+01  1.500000e+01
      vertex  8.000000e+01  1.732051e+01 -1.500000e+01
      vertex  8.414214e+01  1.414214e+01 -1.500000e+01
    endloop
  endfacet
  facet normal -6.087615e-01 -7.933532e-01  0.000000e+00
    outer loop
      vertex  8.000000e+01  1.732051e+01  1.500000e+01
      vertex  8.414214e+01  1.414214e+01 -1.500000e+01
      vertex  8.414214e+01  1.414214e+01  1.500000e+01
    endloop
  endfacet
  facet normal -7.933530e-01 -6.087617e-01  -0.000000e+00
    outer loop
      vertex  8.414214e+01  1.414214e+01  1.500000e+01
      vertex  8.414214e+01  1.414214e+01 -1.500000e+01
      vertex  8.732051e+01  1.000000e+01 -1.500000e+01
    endloop
  endfacet
  facet normal -7.933530e-01 -6.087617e-01  0.000000e+00
    outer loop
      vertex  8.414214e+01  1.414214e+01  1.500000e+01
      vertex  8.732051e+01  1.000000e+01 -1.500000e+01
      vertex  8.732051e+01  1.000000e+01  1.500000e+01
    endloop
  endfacet
  facet normal -9.238794e-01 -3.826835e-01  -0.000000e+00
    outer loop
      vertex  8.732051e+01  1.000000e+01  1.500000e+01
      vertex  8.732051e+01  1.000000e+01 -1.500000e+01
      vertex  8.931852e+01  5.176381e+00 -1.500000e+01
    endloop
  endfacet
  facet normal -9.238794e-01 -3.826835e-01  0.000000e+00
    outer loop
      vertex  8.732051e+01  1.000000e+01  1.500000e+01
      vertex  8.931852e+01  5.176381e+00 -1.500000e+01
      vertex  8.931852e+01  5.176381e+00  1.500000e+01
    endloop
  endfacet
  facet normal -9.914449e-01 -1.305256e-01  -0.000000e+00
    outer loop
      vertex  8.931852e+01  5.176381e+00  1.500000e+01
      vertex  8.931852e+01  5.176381e+00 -1.500000e+01
      vertex  9.000000e+01  0.000000e+00 -1.500000e+01
    endloop
  endfacet
  facet normal -9.914449e-01 -1.305256e-01  0.000000e+00
    outer loop
      vertex  8.931852e+01  5.176381e+00  1.500000e+01
      vertex  9.000000e+01  0.000000e+00 -1.500000e+01
      vertex  9.000000e+01  0.000000e+00  1.500000e+01
    endloop
  endfacet
  facet normal  9.914448e-01  1.305263e-01  -0.000000e+00
    outer loop
      vertex  5.068148e+01 -5.176381e+00 -1.500000e+01
      vertex  5.000000e+01  2.449294e-15 -1.500000e+01
      vertex  5.000000e+01  2.449294e-15  5.000000e+00
    endloop
  endfacet
  facet normal -1.305263e-01  9.914449e-01  0.000000e+00
    outer loop
      vertex  7.000000e+01 -2.000000e+01 -1.500000e+01
      vertex  7.517638e+01 -1.931852e+01  1.500000e+01
      vertex  7.517638e+01 -1.931852e+01 -1.500000e+01
    endloop
  endfacet
  facet normal -3.826834e-01  9.238796e-01  0.000000e+00
    outer loop
      vertex  7.517638e+01 -1.931852e+01 -1.500000e+01
      vertex  7.517638e+01 -1.931852e+01  1.500000e+01
      vertex  8.000000e+01 -1.732051e+01  1.500000e+01
    endloop
  endfacet
  facet normal -3.826834e-01  9.238796e-01  0.000000e+00
    outer loop
      vertex  7.517638e+01 -1.931852e+01 -1.500000e+01
      vertex  8.000000e+01 -1.732051e+01  1.500000e+01
      vertex  8.000000e+01 -1.732051e+01 -1.500000e+01
    endloop
  endfacet
  facet normal -6.087615e-01  7.933532e-01  0.000000e+00
    outer loop
      vertex  8.000000e+01 -1.732051e+01 -1.500000e+01
      vertex  8.000000e+01 -1.732051e+01  1.500000e+01
      vertex  8.414214e+01 -1.414214e+01  1.500000e+01
    endloop
  endfacet
  facet normal -6.087615e-01  7.933532e-01  0.000000e+00
    outer loop
      vertex  8.000000e+01 -1.732051e+01 -1.500000e+01
      vertex  8.414214e+01 -1.414214e+01  1.500000e+01
      vertex  8.414214e+01 -1.414214e+01 -1.500000e+01
    endloop
  endfacet
  facet normal -7.933530e-01  6.087617e-01  0.000000e+00
    outer loop
      vertex  8.414214e+01 -1.414214e+01 -1.500000e+01
      vertex  8.414214e+01 -1.414214e+01  1.500000e+01
      vertex  8.732051e+01 -1.000000e+01  1.500000e+01
    endloop
  endfacet
  facet normal -7.933530e-01  6.087617e-01  0.000000e+00
    outer loop
      vertex  8.414214e+01 -1.414214e+01 -1.500000e+01
      vertex  8.732051e+01 -1.000000e+01  1.500000e+01
      vertex  8.732051e+01 -1.000000e+01 -1.500000e+01
    endloop
  endfacet
  facet normal -9.238794e-01  3.826835e-01  0.000000e+00
    outer loop
      vertex  8.732051e+01 -1.000000e+01 -1.500000e+01
      vertex  8.732051e+01 -1.000000e+01  1.500000e+01
      vertex  8.931852e+01 -5.176381e+00  1.500000e+01
    endloop
  endfacet
  facet normal -9.238794e-01  3.826835e-01  0.000000e+00
    outer loop
      vertex  8.732051e+01 -1.000000e+01 -1.500000e+01
      vertex  8.931852e+01 -5.176381e+00  1.500000e+01
      vertex  8.931852e+01 -5.176381e+00 -1.500000e+01
    endloop
  endfacet
  facet normal -9.914449e-01  1.305256e-01  0.000000e+00
    outer loop
      vertex  8.931852e+01 -5.176381e+00 -1.500000e+01
      vertex  8.931852e+01 -5.176381e+00  1.500000e+01
      vertex  9.000000e+01  0.000000e+00  1.500000e+01
    endloop
  endfacet
  facet normal -9.914449e-01  1.305256e-01  0.000000e+00
    outer loop
      vertex  8.931852e+01 -5.176381e+00 -1.500000e+01
      vertex  9.000000e+01  0.000000e+00  1.500000e+01
      vertex  9.000000e+01  0.000000e+00 -1.500000e+01
    endloop
  endfacet
  facet normal -1.305263e-01  9.914449e-01  0.000000e+00
    outer loop
      vertex  7.517638e+01 -1.931852e+01  1.500000e+01
      vertex  7.000000e+01 -2.000000e+01 -1.500000e+01
      vertex  7.000000e+01 -2.000000e+01  1.500000e+01
    endloop
  endfacet
  facet normal  1.305263e-01  9.914449e-01  0.000000e+00
    outer loop
      vertex  7.000000e+01 -2.000000e+01  1.500000e+01
      vertex  7.000000e+01 -2.000000e+01 -1.500000e+01
      vertex  6.482362e+01 -1.931852e+01 -1.500000e+01
    endloop
  endfacet
  facet normal  1.305263e-01  9.914449e-01  -0.000000e+00
    outer loop
      vertex  7.000000e+01 -2.000000e+01  1.500000e+01
      vertex  6.482362e+01 -1.931852e+01 -1.500000e+01
      vertex  6.482362e+01 -1.931852e+01  1.500000e+01
    endloop
  endfacet
  facet normal  3.826834e-01  9.238796e-01  0.000000e+00
    outer loop
      vertex  6.482362e+01 -1.931852e+01  1.500000e+01
      vertex  6.482362e+01 -1.931852e+01 -1.500000e+01
      vertex  6.000000e+01 -1.732051e+01 -1.500000e+01
    endloop
  endfacet
  facet normal  3.826834e-01  9.238796e-01  -0.000000e+00
    outer loop
      vertex  6.482362e+01 -1.931852e+01  1.500000e+01
      vertex  6.000000e+01 -1.732051e+01 -1.500000e+01
      vertex  6.000000e+01 -1.732051e+01  1.500000e+01
    endloop
  endfacet
  facet normal  6.087615e-01  7.933532e-01  0.000000e+00
    outer loop
      vertex  6.000000e+01 -1.732051e+01  1.500000e+01
      vertex  6.000000e+01 -1.732051e+01 -1.500000e+01
      vertex  5.585786e+01 -1.414214e+01 -1.500000e+01
    endloop
  endfacet
  facet normal  6.087615e-01  7.933532e-01  -0.000000e+00
    outer loop
      vertex  6.000000e+01 -1.732051e+01  1.500000e+01
      vertex  5.585786e+01 -1.414214e+01 -1.500000e+01
      vertex  5.585786e+01 -1.414214e+01  1.500000e+01
    endloop
  endfacet
  facet normal  7.933534e-01  6.087613e-01  0.000000e+00
    outer loop
      vertex  5.585786e+01 -1.414214e+01  1.500000e+01
      vertex  5.585786e+01 -1.414214e+01 -1.500000e+01
      vertex  5.267949e+01 -1.000000e+01 -1.500000e+01
    endloop
  endfacet
  facet normal  7.933534e-01  6.087613e-01  -0.000000e+00
    outer loop
      vertex  5.585786e+01 -1.414214e+01  1.500000e+01
      vertex  5.267949e+01 -1.000000e+01 -1.500000e+01
      vertex  5.267949e+01 -1.000000e+01  1.500000e+01
    endloop
  endfacet
  facet normal  9.238794e-01  3.826835e-01  0.000000e+00
    outer loop
      vertex  5.267949e+01 -1.000000e+01  1.500000e+01
      vertex  5.267949e+01 -1.000000e+01 -1.500000e+01
      vertex  5.068148e+01 -5.176381e+00 -1.500000e+01
    endloop
  endfacet
  facet normal  9.238794e-01  3.826835e-01  -0.000000e+00
    outer loop
      vertex  5.267949e+01 -1.000000e+01  1.500000e+01
      vertex  5.068148e+01 -5.176381e+00 -1.500000e+01
      vertex  5.068148e+01 -5.176381e+00  1.500000e+01
    endloop
  endfacet
  facet normal  9.914448e-01  1.305263e-01  0.000000e+00
    outer loop
      vertex  5.068148e+01 -5.176381e+00  1.500000e+01
      vertex  5.068148e+01 -5.176381e+00 -1.500000e+01
      vertex  5.000000e+01  2.449294e-15  5.000000e+00
    endloop
  endfacet
  facet normal  9.914448e-01  1.305263e-01  -0.000000e+00
    outer loop
      vertex  5.068148e+01 -5.176381e+00  1.500000e+01
      vertex  5.000000e+01  2.449294e-15  5.000000e+00
      vertex  5.000000e+01  2.449294e-15  1.500000e+01
    endloop
  endfacet
  facet normal  9.876882e-01 -1.564348e-01  0.000000e+00
    outer loop
      vertex  3.500000e+01  8.700000e+01  5.000000e+00
      vertex  3.573415e+01  9.163525e+01  1.500000e+01
      vertex  3.500000e+01  8.700000e+01  1.500000e+01
    endloop
  endfacet
  facet normal  1.564348e-01 -9.876882e-01  0.000000e+00
    outer loop
      vertex  5.000000e+01  1.020000e+02 -1.500000e+01
      vertex  4.536475e+01  1.012658e+02  1.500000e+01
      vertex  4.536475e+01  1.012658e+02 -1.500000e+01
    endloop
  endfacet
  facet normal  4.539902e-01 -8.910066e-01  0.000000e+00
    outer loop
      vertex  4.536475e+01  1.012658e+02 -1.500000e+01
      vertex  4.536475e+01  1.012658e+02  1.500000e+01
      vertex  4.118322e+01  9.913525e+01  1.500000e+01
    endloop
  endfacet
  facet normal  4.539902e-01 -8.910066e-01  0.000000e+00
    outer loop
      vertex  4.536475e+01  1.012658e+02 -1.500000e+01
      vertex  4.118322e+01  9.913525e+01  1.500000e+01
      vertex  4.118322e+01  9.913525e+01 -1.500000e+01
    endloop
  endfacet
  facet normal  7.071068e-01 -7.071068e-01  0.000000e+00
    outer loop
      vertex  4.118322e+01  9.913525e+01 -1.500000e+01
      vertex  4.118322e+01  9.913525e+01  1.500000e+01
      vertex  3.786475e+01  9.581678e+01  1.500000e+01
    endloop
  endfacet
  facet normal  7.071068e-01 -7.071068e-01  0.000000e+00
    outer loop
      vertex  4.118322e+01  9.913525e+01 -1.500000e+01
      vertex  3.786475e+01  9.581678e+01  1.500000e+01
      vertex  3.786475e+01  9.581678e+01 -1.500000e+01
    endloop
  endfacet
  facet normal  8.910066e-01 -4.539902e-01  0.000000e+00
    outer loop
      vertex  3.786475e+01  9.581678e+01 -1.500000e+01
      vertex  3.786475e+01  9.581678e+01  1.500000e+01
      vertex  3.573415e+01  9.163525e+01  1.500000e+01
    endloop
  endfacet
  facet normal  8.910066e-01 -4.539902e-01  0.000000e+00
    outer loop
      vertex  3.786475e+01  9.581678e+01 -1.500000e+01
      vertex  3.573415e+01  9.163525e+01  1.500000e+01
      vertex  3.573415e+01  9.163525e+01 -1.500000e+01
    endloop
  endfacet
  facet normal  9.876882e-01 -1.564348e-01  0.000000e+00
    outer loop
      vertex  3.573415e+01  9.163525e+01 -1.500000e+01
      vertex  3.573415e+01  9.163525e+01  1.500000e+01
      vertex  3.500000e+01  8.700000e+01  5.000000e+00
    endloop
  endfacet
  facet normal  9.876882e-01 -1.564348e-01  0.000000e+00
    outer loop
      vertex  3.573415e+01  9.163525e+01 -1.500000e+01
      vertex  3.500000e+01  8.700000e+01  5.000000e+00
      vertex  3.500000e+01  8.700000e+01 -1.500000e+01
    endloop
  endfacet
  facet normal  1.564348e-01 -9.876882e-01  0.000000e+00
    outer loop
      vertex  4.536475e+01  1.012658e+02  1.500000e+01
      vertex  5.000000e+01  1.020000e+02 -1.500000e+01
      vertex  5.000000e+01  1.020000e+02  1.500000e+01
    endloop
  endfacet
  facet normal -1.564348e-01 -9.876882e-01  -0.000000e+00
    outer loop
      vertex  5.000000e+01  1.020000e+02  1.500000e+01
      vertex  5.000000e+01  1.020000e+02 -1.500000e+01
      vertex  5.463525e+01  1.012658e+02 -1.500000e+01
    endloop
  endfacet
  facet normal -1.564348e-01 -9.876882e-01  0.000000e+00
    outer loop
      vertex  5.000000e+01  1.020000e+02  1.500000e+01
      vertex  5.463525e+01  1.012658e+02 -1.500000e+01
      vertex  5.463525e+01  1.012658e+02  1.500000e+01
    endloop
  endfacet
  facet normal -4.539902e-01 -8.910066e-01  -0.000000e+00
    outer loop
      vertex  5.463525e+01  1.012658e+02  1.500000e+01
      vertex  5.463525e+01  1.012658e+02 -1.500000e+01
      vertex  5.881678e+01  9.913525e+01 -1.500000e+01
    endloop
  endfacet
  facet normal -4.539902e-01 -8.910066e-01  0.000000e+00
    outer loop
      vertex  5.463525e+01  1.012658e+02  1.500000e+01
      vertex  5.881678e+01  9.913525e+01 -1.500000e+01
      vertex  5.881678e+01  9.913525e+01  1.500000e+01
    endloop
  endfacet
  facet normal -7.071068e-01 -7.071068e-01  -0.000000e+00
    outer loop
      vertex  5.881678e+01  9.913525e+01  1.500000e+01
      vertex  5.881678e+01  9.913525e+01 -1.500000e+01
      vertex  6.213525e+01  9.581678e+01 -1.500000e+01
    endloop
  endfacet
  facet normal -7.071068e-01 -7.071068e-01  0.000000e+00
    outer loop
      vertex  5.881678e+01  9.913525e+01  1.500000e+01
      vertex  6.213525e+01  9.581678e+01 -1.500000e+01
      vertex  6.213525e+01  9.581678e+01  1.500000e+01
    endloop
  endfacet
  facet normal -8.910066e-01 -4.539902e-01  -0.000000e+00
    outer loop
      vertex  6.213525e+01  9.581678e+01  1.500000e+01
      vertex  6.213525e+01  9.581678e+01 -1.500000e+01
      vertex  6.426585e+01  9.163525e+01 -1.500000e+01
    endloop
  endfacet
  facet normal -8.910066e-01 -4.539902e-01  0.000000e+00
    outer loop
      vertex  6.213525e+01  9.581678e+01  1.500000e+01
      vertex  6.426585e+01  9.163525e+01 -1.500000e+01
      vertex  6.426585e+01  9.163525e+01  1.500000e+01
    endloop
  endfacet
  facet normal -9.876882e-01 -1.564348e-01  -0.000000e+00
    outer loop
      vertex  6.426585e+01  9.163525e+01  1.500000e+01
      vertex  6.426585e+01  9.163525e+01 -1.500000e+01
      vertex  6.500000e+01  8.700000e+01 -1.500000e+01
    endloop
  endfacet
  facet normal -9.876882e-01 -1.564348e-01  0.000000e+00
    outer loop
      vertex  6.426585e+01  9.163525e+01  1.500000e+01
      vertex  6.500000e+01  8.700000e+01 -1.500000e+01
      vertex  6.500000e+01  8.700000e+01  1.500000e+01
    endloop
  endfacet
  facet normal  9.876882e-01  1.564348e-01  -0.000000e+00
    outer loop
      vertex  3.573415e+01  8.236475e+01 -1.500000e+01
      vertex  3.500000e+01  8.700000e+01 -1.500000e+01
      vertex  3.500000e+01  8.700000e+01  5.000000e+00
    endloop
  endfacet
  facet normal -1.564348e-01  9.876882e-01  0.000000e+00
    outer loop
      vertex  5.000000e+01  7.200000e+01 -1.500000e+01
      vertex  5.463525e+01  7.273415e+01  1.500000e+01
      vertex  5.463525e+01  7.273415e+01 -1.500000e+01
    endloop
  endfacet
  facet normal -4.539902e-01  8.910066e-01  0.000000e+00
    outer loop
      vertex  5.463525e+01  7.273415e+01 -1.500000e+01
      vertex  5.463525e+01  7.273415e+01  1.500000e+01
      vertex  5.881678e+01  7.486475e+01  1.500000e+01
    endloop
  endfacet
  facet normal -4.539902e-01  8.910066e-01  0.000000e+00
    outer loop
      vertex  5.463525e+01  7.273415e+01 -1.500000e+01
      vertex  5.881678e+01  7.486475e+01  1.500000e+01
      vertex  5.881678e+01  7.486475e+01 -1.500000e+01
    endloop
  endfacet
  facet normal -7.071068e-01  7.071068e-01  0.000000e+00
    outer loop
      vertex  5.881678e+01  7.486475e+01 -1.500000e+01
      vertex  5.881678e+01  7.486475e+01  1.500000e+01
      vertex  6.213525e+01  7.818322e+01  1.500000e+01
    endloop
  endfacet
  facet normal -7.071068e-01  7.071068e-01  0.000000e+00
    outer loop
      vertex  5.881678e+01  7.486475e+01 -1.500000e+01
      vertex  6.213525e+01  7.818322e+01  1.500000e+01
      vertex  6.213525e+01  7.818322e+01 -1.500000e+01
    endloop
  endfacet
  facet normal -8.910066e-01  4.539902e-01  0.000000e+00
    outer loop
      vertex  6.213525e+01  7.818322e+01 -1.500000e+01
      vertex  6.213525e+01  7.818322e+01  1.500000e+01
      vertex  6.426585e+01  8.236475e+01  1.500000e+01
    endloop
  endfacet
  facet normal -8.910066e-01  4.539902e-01  0.000000e+00
    outer loop
      vertex  6.213525e+01  7.818322e+01 -1.500000e+01
      vertex  6.426585e+01  8.236475e+01  1.500000e+01
      vertex  6.426585e+01  8.236475e+01 -1.500000e+01
    endloop
  endfacet
  facet normal -9.876882e-01  1.564348e-01  0.000000e+00
    outer loop
      vertex  6.426585e+01  8.236475e+01 -1.500000e+01
      vertex  6.426585e+01  8.236475e+01  1.500000e+01
      vertex  6.500000e+01  8.700000e+01  1.500000e+01
    endloop
  endfacet
  facet normal -9.876882e-01  1.564348e-01  0.000000e+00
    outer loop
      vertex  6.426585e+01  8.236475e+01 -1.500000e+01
      vertex  6.500000e+01  8.700000e+01  1.500000e+01
      vertex  6.500000e+01  8.700000e+01 -1.500000e+01
    endloop
  endfacet
  facet normal -1.564348e-01  9.876882e-01  0.000000e+00
    outer loop
      vertex  5.463525e+01  7.273415e+01  1.500000e+01
      vertex  5.000000e+01  7.200000e+01 -1.500000e+01
      vertex  5.000000e+01  7.200000e+01  1.500000e+01
    endloop
  endfacet
  facet normal  1.564348e-01  9.876882e-01  0.000000e+00
    outer loop
      vertex  5.000000e+01  7.200000e+01  1.500000e+01
      vertex  5.000000e+01  7.200000e+01 -1.500000e+01
      vertex  4.536475e+01  7.273415e+01 -1.500000e+01
    endloop
  endfacet
  facet normal  1.564348e-01  9.876882e-01  -0.000000e+00
    outer loop
      vertex  5.000000e+01  7.200000e+01  1.500000e+01
      vertex  4.536475e+01  7.273415e+01 -1.500000e+01
      vertex  4.536475e+01  7.273415e+01  1.500000e+01
    endloop
  endfacet
  facet normal  4.539902e-01  8.910066e-01  0.000000e+00
    outer loop
      vertex  4.536475e+01  7.273415e+01  1.500000e+01
      vertex  4.536475e+01  7.273415e+01 -1.500000e+01
      vertex  4.118322e+01  7.486475e+01 -1.500000e+01
    endloop
  endfacet
  facet normal  4.539902e-01  8.910066e-01  -0.000000e+00
    outer loop
      vertex  4.536475e+01  7.273415e+01  1.500000e+01
      vertex  4.118322e+01  7.486475e+01 -1.500000e+01
      vertex  4.118322e+01  7.486475e+01  1.500000e+01
    endloop
  endfacet
  facet normal  7.071068e-01  7.071068e-01  0.000000e+00
    outer loop
      vertex  4.118322e+01  7.486475e+01  1.500000e+01
      vertex  4.118322e+01  7.486475e+01 -1.500000e+01
      vertex  3.786475e+01  7.818322e+01 -1.500000e+01
    endloop
  endfacet
  facet normal  7.071068e-01  7.071068e-01  -0.000000e+00
    outer loop
      vertex  4.118322e+01  7.486475e+01  1.500000e+01
      vertex  3.786475e+01  7.818322e+01 -1.500000e+01
      vertex  3.786475e+01  7.818322e+01  1.500000e+01
    endloop
  endfacet
  facet normal  8.910066e-01  4.539902e-01  0.000000e+00
    outer loop
      vertex  3.786475e+01  7.818322e+01  1.500000e+01
      vertex  3.786475e+01  7.818322e+01 -1.500000e+01
      vertex  3.573415e+01  8.236475e+01 -1.500000e+01
    endloop
  endfacet
  facet normal  8.910066e-01  4.539902e-01  -0.000000e+00
    outer loop
      vertex  3.786475e+01  7.818322e+01  1.500000e+01
      vertex  3.573415e+01  8.236475e+01 -1.500000e+01
      vertex  3.573415e+01  8.236475e+01  1.500000e+01
    endloop
  endfacet
  facet normal  9.876882e-01  1.564348e-01  0.000000e+00
    outer loop
      vertex  3.573415e+01  8.236475e+01  1.500000e+01
      vertex  3.573415e+01  8.236475e+01 -1.500000e+01
      vertex  3.500000e+01  8.700000e+01  5.000000e+00
    endloop
  endfacet
  facet normal  9.876882e-01  1.564348e-01  -0.000000e+00
    outer loop
      vertex  3.573415e+01  8.236475e+01  1.500000e+01
      vertex  3.500000e+01  8.700000e+01  5.000000e+00
      vertex  3.500000e+01  8.700000e+01  1.500000e+01
    endloop
  endfacet
  facet normal -1.305263e-01  9.914448e-01  0.000000e+00
    outer loop
      vertex -7.000000e+01 -2.000000e+01 -5.000000e+00
      vertex -6.482362e+01 -1.931852e+01  5.000000e+00
      vertex -6.482362e+01 -1.931852e+01 -5.000000e+00
    endloop
  endfacet
  facet normal -3.826834e-01  9.238795e-01  0.000000e+00
    outer loop
      vertex -6.482362e+01 -1.931852e+01 -5.000000e+00
      vertex -6.482362e+01 -1.931852e+01  5.000000e+00
      vertex -6.000000e+01 -1.732051e+01  5.000000e+00
    endloop
  endfacet
  facet normal -3.826834e-01  9.238795e-01  0.000000e+00
    outer loop
      vertex -6.482362e+01 -1.931852e+01 -5.000000e+00
      vertex -6.000000e+01 -1.732051e+01  5.000000e+00
      vertex -6.000000e+01 -1.732051e+01 -5.000000e+00
    endloop
  endfacet
  facet normal -6.087615e-01  7.933532e-01  0.000000e+00
    outer loop
      vertex -6.000000e+01 -1.732051e+01 -5.000000e+00
      vertex -6.000000e+01 -1.732051e+01  5.000000e+00
      vertex -5.585786e+01 -1.414214e+01  5.000000e+00
    endloop
  endfacet
  facet normal -6.087615e-01  7.933532e-01  0.000000e+00
    outer loop
      vertex -6.000000e+01 -1.732051e+01 -5.000000e+00
      vertex -5.585786e+01 -1.414214e+01  5.000000e+00
      vertex -5.585786e+01 -1.414214e+01 -5.000000e+00
    endloop
  endfacet
  facet normal -7.933534e-01  6.087613e-01  0.000000e+00
    outer loop
      vertex -5.585786e+01 -1.414214e+01 -5.000000e+00
      vertex -5.585786e+01 -1.414214e+01  5.000000e+00
      vertex -5.267949e+01 -1.000000e+01  5.000000e+00
    endloop
  endfacet
  facet normal -7.933534e-01  6.087613e-01  0.000000e+00
    outer loop
      vertex -5.585786e+01 -1.414214e+01 -5.000000e+00
      vertex -5.267949e+01 -1.000000e+01  5.000000e+00
      vertex -5.267949e+01 -1.000000e+01 -5.000000e+00
    endloop
  endfacet
  facet normal -9.238796e-01  3.826835e-01  0.000000e+00
    outer loop
      vertex -5.267949e+01 -1.000000e+01 -5.000000e+00
      vertex -5.267949e+01 -1.000000e+01  5.000000e+00
      vertex -5.068148e+01 -5.176381e+00  5.000000e+00
    endloop
  endfacet
  facet normal -9.238796e-01  3.826835e-01  0.000000e+00
    outer loop
      vertex -5.267949e+01 -1.000000e+01 -5.000000e+00
      vertex -5.068148e+01 -5.176381e+00  5.000000e+00
      vertex -5.068148e+01 -5.176381e+00 -5.000000e+00
    endloop
  endfacet
  facet normal -9.914448e-01  1.305263e-01  0.000000e+00
    outer loop
      vertex -5.068148e+01 -5.176381e+00 -5.000000e+00
      vertex -5.068148e+01 -5.176381e+00  5.000000e+00
      vertex -5.000000e+01 -4.898587e-15  5.000000e+00
    endloop
  endfacet
  facet normal -9.914448e-01  1.305263e-01  6.393946e-17
    outer loop
      vertex -5.068148e+01 -5.176381e+00 -5.000000e+00
      vertex -5.000000e+01 -4.898587e-15  5.000000e+00
      vertex -5.000000e+01  0.000000e+00 -5.000000e+00
    endloop
  endfacet
  facet normal -1.305263e-01  9.914448e-01  0.000000e+00
    outer loop
      vertex -6.482362e+01 -1.931852e+01  5.000000e+00
      vertex -7.000000e+01 -2.000000e+01 -5.000000e+00
      vertex -7.000000e+01 -2.000000e+01  5.000000e+00
    endloop
  endfacet
  facet normal  1.305263e-01  9.914448e-01  0.000000e+00
    outer loop
      vertex -7.000000e+01 -2.000000e+01  5.000000e+00
      vertex -7.000000e+01 -2.000000e+01 -5.000000e+00
      vertex -7.517638e+01 -1.931852e+01 -5.000000e+00
    endloop
  endfacet
  facet normal  1.305263e-01  9.914448e-01  -0.000000e+00
    outer loop
      vertex -7.000000e+01 -2.000000e+01  5.000000e+00
      vertex -7.517638e+01 -1.931852e+01 -5.000000e+00
      vertex -7.517638e+01 -1.931852e+01  5.000000e+00
    endloop
  endfacet
  facet normal  3.826834e-01  9.238795e-01  0.000000e+00
    outer loop
      vertex -7.517638e+01 -1.931852e+01  5.000000e+00
      vertex -7.517638e+01 -1.931852e+01 -5.000000e+00
      vertex -8.000000e+01 -1.732051e+01 -5.000000e+00
    endloop
  endfacet
  facet normal  3.826834e-01  9.238795e-01  -0.000000e+00
    outer loop
      vertex -7.517638e+01 -1.931852e+01  5.000000e+00
      vertex -8.000000e+01 -1.732051e+01 -5.000000e+00
      vertex -8.000000e+01 -1.732051e+01  5.000000e+00
    endloop
  endfacet
  facet normal  6.087615e-01  7.933532e-01  0.000000e+00
    outer loop
      vertex -8.000000e+01 -1.732051e+01  5.000000e+00
      vertex -8.000000e+01 -1.732051e+01 -5.000000e+00
      vertex -8.414214e+01 -1.414214e+01 -5.000000e+00
    endloop
  endfacet
  facet normal  6.087615e-01  7.933532e-01  -0.000000e+00
    outer loop
      vertex -8.000000e+01 -1.732051e+01  5.000000e+00
      vertex -8.414214e+01 -1.414214e+01 -5.000000e+00
      vertex -8.414214e+01 -1.414214e+01  5.000000e+00
    endloop
  endfacet
  facet normal  7.933531e-01  6.087618e-01  0.000000e+00
    outer loop
      vertex -8.414214e+01 -1.414214e+01  5.000000e+00
      vertex -8.414214e+01 -1.414214e+01 -5.000000e+00
      vertex -8.732051e+01 -1.000000e+01 -5.000000e+00
    endloop
  endfacet
  facet normal  7.933531e-01  6.087618e-01  -0.000000e+00
    outer loop
      vertex -8.414214e+01 -1.414214e+01  5.000000e+00
      vertex -8.732051e+01 -1.000000e+01 -5.000000e+00
      vertex -8.732051e+01 -1.000000e+01  5.000000e+00
    endloop
  endfacet
  facet normal  9.238796e-01  3.826835e-01  0.000000e+00
    outer loop
      vertex -8.732051e+01 -1.000000e+01  5.000000e+00
      vertex -8.732051e+01 -1.000000e+01 -5.000000e+00
      vertex -8.931852e+01 -5.176381e+00 -5.000000e+00
    endloop
  endfacet
  facet normal  9.238796e-01  3.826835e-01  -0.000000e+00
    outer loop
      vertex -8.732051e+01 -1.000000e+01  5.000000e+00
      vertex -8.931852e+01 -5.176381e+00 -5.000000e+00
      vertex -8.931852e+01 -5.176381e+00  5.000000e+00
    endloop
  endfacet
  facet normal  9.914449e-01  1.305256e-01  0.000000e+00
    outer loop
      vertex -8.931852e+01 -5.176381e+00  5.000000e+00
      vertex -8.931852e+01 -5.176381e+00 -5.000000e+00
      vertex -9.000000e+01  1.133108e-14 -5.000000e+00
    endloop
  endfacet
  facet normal  9.914449e-01  1.305256e-01  1.159300e-16
    outer loop
      vertex -8.931852e+01 -5.176381e+00  5.000000e+00
      vertex -9.000000e+01  1.133108e-14 -5.000000e+00
      vertex -9.000000e+01  2.449294e-15  5.000000e+00
    endloop
  endfacet
  facet normal  1.305263e-01 -9.914448e-01  0.000000e+00
    outer loop
      vertex -7.000000e+01  2.000000e+01 -5.000000e+00
      vertex -7.517638e+01  1.931852e+01  5.000000e+00
      vertex -7.517638e+01  1.931852e+01 -5.000000e+00
    endloop
  endfacet
  facet normal  3.826834e-01 -9.238795e-01  0.000000e+00
    outer loop
      vertex -7.517638e+01  1.931852e+01 -5.000000e+00
      vertex -7.517638e+01  1.931852e+01  5.000000e+00
      vertex -8.000000e+01  1.732051e+01  5.000000e+00
    endloop
  endfacet
  facet normal  3.826834e-01 -9.238795e-01  0.000000e+00
    outer loop
      vertex -7.517638e+01  1.931852e+01 -5.000000e+00
      vertex -8.000000e+01  1.732051e+01  5.000000e+00
      vertex -8.000000e+01  1.732051e+01 -5.000000e+00
    endloop
  endfacet
  facet normal  6.087615e-01 -7.933532e-01  0.000000e+00
    outer loop
      vertex -8.000000e+01  1.732051e+01 -5.000000e+00
      vertex -8.000000e+01  1.732051e+01  5.000000e+00
      vertex -8.414214e+01  1.414214e+01  5.000000e+00
    endloop
  endfacet
  facet normal  6.087615e-01 -7.933532e-01  0.000000e+00
    outer loop
      vertex -8.000000e+01  1.732051e+01 -5.000000e+00
      vertex -8.414214e+01  1.414214e+01  5.000000e+00
      vertex -8.414214e+01  1.414214e+01 -5.000000e+00
    endloop
  endfacet
  facet normal  7.933531e-01 -6.087618e-01  0.000000e+00
    outer loop
      vertex -8.414214e+01  1.414214e+01 -5.000000e+00
      vertex -8.414214e+01  1.414214e+01  5.000000e+00
      vertex -8.732051e+01  1.000000e+01  5.000000e+00
    endloop
  endfacet
  facet normal  7.933531e-01 -6.087618e-01  0.000000e+00
    outer loop
      vertex -8.414214e+01  1.414214e+01 -5.000000e+00
      vertex -8.732051e+01  1.000000e+01  5.000000e+00
      vertex -8.732051e+01  1.000000e+01 -5.000000e+00
    endloop
  endfacet
  facet normal  9.238796e-01 -3.826835e-01  0.000000e+00
    outer loop
      vertex -8.732051e+01  1.000000e+01 -5.000000e+00
      vertex -8.732051e+01  1.000000e+01  5.000000e+00
      vertex -8.931852e+01  5.176381e+00  5.000000e+00
    endloop
  endfacet
  facet normal  9.238796e-01 -3.826835e-01  0.000000e+00
    outer loop
      vertex -8.732051e+01  1.000000e+01 -5.000000e+00
      vertex -8.931852e+01  5.176381e+00  5.000000e+00
      vertex -8.931852e+01  5.176381e+00 -5.000000e+00
    endloop
  endfacet
  facet normal  9.914449e-01 -1.305256e-01  0.000000e+00
    outer loop
      vertex -8.931852e+01  5.176381e+00 -5.000000e+00
      vertex -8.931852e+01  5.176381e+00  5.000000e+00
      vertex -9.000000e+01  2.449294e-15  5.000000e+00
    endloop
  endfacet
  facet normal  9.914449e-01 -1.305256e-01 -1.159300e-16
    outer loop
      vertex -8.931852e+01  5.176381e+00 -5.000000e+00
      vertex -9.000000e+01  2.449294e-15  5.000000e+00
      vertex -9.000000e+01  1.133108e-14 -5.000000e+00
    endloop
  endfacet
  facet normal  1.305263e-01 -9.914448e-01  0.000000e+00
    outer loop
      vertex -7.517638e+01  1.931852e+01  5.000000e+00
      vertex -7.000000e+01  2.000000e+01 -5.000000e+00
      vertex -7.000000e+01  2.000000e+01  5.000000e+00
    endloop
  endfacet
  facet normal -1.305263e-01 -9.914448e-01  -0.000000e+00
    outer loop
      vertex -7.000000e+01  2.000000e+01  5.000000e+00
      vertex -7.000000e+01  2.000000e+01 -5.000000e+00
      vertex -6.482362e+01  1.931852e+01 -5.000000e+00
    endloop
  endfacet
  facet normal -1.305263e-01 -9.914448e-01  0.000000e+00
    outer loop
      vertex -7.000000e+01  2.000000e+01  5.000000e+00
      vertex -6.482362e+01  1.931852e+01 -5.000000e+00
      vertex -6.482362e+01  1.931852e+01  5.000000e+00
    endloop
  endfacet
  facet normal -3.826834e-01 -9.238795e-01  -0.000000e+00
    outer loop
      vertex -6.482362e+01  1.931852e+01  5.000000e+00
      vertex -6.482362e+01  1.931852e+01 -5.000000e+00
      vertex -6.000000e+01  1.732051e+01 -5.000000e+00
    endloop
  endfacet
  facet normal -3.826834e-01 -9.238795e-01  0.000000e+00
    outer loop
      vertex -6.482362e+01  1.931852e+01  5.000000e+00
      vertex -6.000000e+01  1.732051e+01 -5.000000e+00
      vertex -6.000000e+01  1.732051e+01  5.000000e+00
    endloop
  endfacet
  facet normal -6.087615e-01 -7.933532e-01  -0.000000e+00
    outer loop
      vertex -6.000000e+01  1.732051e+01  5.000000e+00
      vertex -6.000000e+01  1.732051e+01 -5.000000e+00
      vertex -5.585786e+01  1.414214e+01 -5.000000e+00
    endloop
  endfacet
  facet normal -6.087615e-01 -7.933532e-01  0.000000e+00
    outer loop
      vertex -6.000000e+01  1.732051e+01  5.000000e+00
      vertex -5.585786e+01  1.414214e+01 -5.000000e+00
      vertex -5.585786e+01  1.414214e+01  5.000000e+00
    endloop
  endfacet
  facet normal -7.933534e-01 -6.087613e-01  -0.000000e+00
    outer loop
      vertex -5.585786e+01  1.414214e+01  5.000000e+00
      vertex -5.585786e+01  1.414214e+01 -5.000000e+00
      vertex -5.267949e+01  1.000000e+01 -5.000000e+00
    endloop
  endfacet
  facet normal -7.933534e-01 -6.087613e-01  0.000000e+00
    outer loop
      vertex -5.585786e+01  1.414214e+01  5.000000e+00
      vertex -5.267949e+01  1.000000e+01 -5.000000e+00
      vertex -5.267949e+01  1.000000e+01  5.000000e+00
    endloop
  endfacet
  facet normal -9.238796e-01 -3.826835e-01  -0.000000e+00
    outer loop
      vertex -5.267949e+01  1.000000e+01  5.000000e+00
      vertex -5.267949e+01  1.000000e+01 -5.000000e+00
      vertex -5.068148e+01  5.176381e+00 -5.000000e+00
    endloop
  endfacet
  facet normal -9.238796e-01 -3.826835e-01  0.000000e+00
    outer loop
      vertex -5.267949e+01  1.000000e+01  5.000000e+00
      vertex -5.068148e+01  5.176381e+00 -5.000000e+00
      vertex -5.068148e+01  5.176381e+00  5.000000e+00
    endloop
  endfacet
  facet normal -9.914448e-01 -1.305263e-01  -0.000000e+00
    outer loop
      vertex -5.068148e+01  5.176381e+00  5.000000e+00
      vertex -5.068148e+01  5.176381e+00 -5.000000e+00
      vertex -5.000000e+01  0.000000e+00 -5.000000e+00
    endloop
  endfacet
  facet normal -9.914448e-01 -1.305263e-01 -6.393946e-17
    outer loop
      vertex -5.068148e+01  5.176381e+00  5.000000e+00
      vertex -5.000000e+01  0.000000e+00 -5.000000e+00
      vertex -5.000000e+01 -4.898587e-15  5.000000e+00
    endloop
  endfacet
  facet normal  1.564348e-01 -9.876882e-01  0.000000e+00
    outer loop
      vertex -5.000000e+01  1.020000e+02 -5.000000e+00
      vertex -5.463525e+01  1.012658e+02  5.000000e+00
      vertex -5.463525e+01  1.012658e+02 -5.000000e+00
    endloop
  endfacet
  facet normal  4.539902e-01 -8.910066e-01  0.000000e+00
    outer loop
      vertex -5.463525e+01  1.012658e+02 -5.000000e+00
      vertex -5.463525e+01  1.012658e+02  5.000000e+00
      vertex -5.881678e+01  9.913525e+01  5.000000e+00
    endloop
  endfacet
  facet normal  4.539902e-01 -8.910066e-01  0.000000e+00
    outer loop
      vertex -5.463525e+01  1.012658e+02 -5.000000e+00
      vertex -5.881678e+01  9.913525e+01  5.000000e+00
      vertex -5.881678e+01  9.913525e+01 -5.000000e+00
    endloop
  endfacet
  facet normal  7.071068e-01 -7.071068e-01  0.000000e+00
    outer loop
      vertex -5.881678e+01  9.913525e+01 -5.000000e+00
      vertex -5.881678e+01  9.913525e+01  5.000000e+00
      vertex -6.213525e+01  9.581678e+01  5.000000e+00
    endloop
  endfacet
  facet normal  7.071068e-01 -7.071068e-01  0.000000e+00
    outer loop
      vertex -5.881678e+01  9.913525e+01 -5.000000e+00
      vertex -6.213525e+01  9.581678e+01  5.000000e+00
      vertex -6.213525e+01  9.581678e+01 -5.000000e+00
    endloop
  endfacet
  facet normal  8.910066e-01 -4.539902e-01  0.000000e+00
    outer loop
      vertex -6.213525e+01  9.581678e+01 -5.000000e+00
      vertex -6.213525e+01  9.581678e+01  5.000000e+00
      vertex -6.426585e+01  9.163525e+01  5.000000e+00
    endloop
  endfacet
  facet normal  8.910066e-01 -4.539902e-01  0.000000e+00
    outer loop
      vertex -6.213525e+01  9.581678e+01 -5.000000e+00
      vertex -6.426585e+01  9.163525e+01  5.000000e+00
      vertex -6.426585e+01  9.163525e+01 -5.000000e+00
    endloop
  endfacet
  facet normal  9.876882e-01 -1.564348e-01  0.000000e+00
    outer loop
      vertex -6.426585e+01  9.163525e+01 -5.000000e+00
      vertex -6.426585e+01  9.163525e+01  5.000000e+00
      vertex -6.500000e+01  8.700000e+01  5.000000e+00
    endloop
  endfacet
  facet normal  9.876882e-01 -1.564348e-01  0.000000e+00
    outer loop
      vertex -6.426585e+01  9.163525e+01 -5.000000e+00
      vertex -6.500000e+01  8.700000e+01  5.000000e+00
      vertex -6.500000e+01  8.700000e+01 -5.000000e+00
    endloop
  endfacet
  facet normal  1.564348e-01 -9.876882e-01  0.000000e+00
    outer loop
      vertex -5.463525e+01  1.012658e+02  5.000000e+00
      vertex -5.000000e+01  1.020000e+02 -5.000000e+00
      vertex -5.000000e+01  1.020000e+02  5.000000e+00
    endloop
  endfacet
  facet normal -1.564348e-01 -9.876882e-01  -0.000000e+00
    outer loop
      vertex -5.000000e+01  1.020000e+02  5.000000e+00
      vertex -5.000000e+01  1.020000e+02 -5.000000e+00
      vertex -4.536475e+01  1.012658e+02 -5.000000e+00
    endloop
  endfacet
  facet normal -1.564348e-01 -9.876882e-01  0.000000e+00
    outer loop
      vertex -5.000000e+01  1.020000e+02  5.000000e+00
      vertex -4.536475e+01  1.012658e+02 -5.000000e+00
      vertex -4.536475e+01  1.012658e+02  5.000000e+00
    endloop
  endfacet
  facet normal -4.539902e-01 -8.910066e-01  -0.000000e+00
    outer loop
      vertex -4.536475e+01  1.012658e+02  5.000000e+00
      vertex -4.536475e+01  1.012658e+02 -5.000000e+00
      vertex -4.118322e+01  9.913525e+01 -5.000000e+00
    endloop
  endfacet
  facet normal -4.539902e-01 -8.910066e-01  0.000000e+00
    outer loop
      vertex -4.536475e+01  1.012658e+02  5.000000e+00
      vertex -4.118322e+01  9.913525e+01 -5.000000e+00
      vertex -4.118322e+01  9.913525e+01  5.000000e+00
    endloop
  endfacet
  facet normal -7.071068e-01 -7.071068e-01  -0.000000e+00
    outer loop
      vertex -4.118322e+01  9.913525e+01  5.000000e+00
      vertex -4.118322e+01  9.913525e+01 -5.000000e+00
      vertex -3.786475e+01  9.581678e+01 -5.000000e+00
    endloop
  endfacet
  facet normal -7.071068e-01 -7.071068e-01  0.000000e+00
    outer loop
      vertex -4.118322e+01  9.913525e+01  5.000000e+00
      vertex -3.786475e+01  9.581678e+01 -5.000000e+00
      vertex -3.786475e+01  9.581678e+01  5.000000e+00
    endloop
  endfacet
  facet normal -8.910066e-01 -4.539902e-01  -0.000000e+00
    outer loop
      vertex -3.786475e+01  9.581678e+01  5.000000e+00
      vertex -3.786475e+01  9.581678e+01 -5.000000e+00
      vertex -3.573415e+01  9.163525e+01 -5.000000e+00
    endloop
  endfacet
  facet normal -8.910066e-01 -4.539902e-01  0.000000e+00
    outer loop
      vertex -3.786475e+01  9.581678e+01  5.000000e+00
      vertex -3.573415e+01  9.163525e+01 -5.000000e+00
      vertex -3.573415e+01  9.163525e+01  5.000000e+00
    endloop
  endfacet
  facet normal -9.876882e-01 -1.564348e-01  -0.000000e+00
    outer loop
      vertex -3.573415e+01  9.163525e+01  5.000000e+00
      vertex -3.573415e+01  9.163525e+01 -5.000000e+00
      vertex -3.500000e+01  8.700000e+01 -5.000000e+00
    endloop
  endfacet
  facet normal -9.876882e-01 -1.564348e-01  0.000000e+00
    outer loop
      vertex -3.573415e+01  9.163525e+01  5.000000e+00
      vertex -3.500000e+01  8.700000e+01 -5.000000e+00
      vertex -3.500000e+01  8.700000e+01  5.000000e+00
    endloop
  endfacet
  facet normal -1.564348e-01  9.876882e-01  0.000000e+00
    outer loop
      vertex -5.000000e+01  7.200000e+01 -5.000000e+00
      vertex -4.536475e+01  7.273415e+01  5.000000e+00
      vertex -4.536475e+01  7.273415e+01 -5.000000e+00
    endloop
  endfacet
  facet normal -4.539902e-01  8.910066e-01  0.000000e+00
    outer loop
      vertex -4.536475e+01  7.273415e+01 -5.000000e+00
      vertex -4.536475e+01  7.273415e+01  5.000000e+00
      vertex -4.118322e+01  7.486475e+01  5.000000e+00
    endloop
  endfacet
  facet normal -4.539902e-01  8.910066e-01  0.000000e+00
    outer loop
      vertex -4.536475e+01  7.273415e+01 -5.000000e+00
      vertex -4.118322e+01  7.486475e+01  5.000000e+00
      vertex -4.118322e+01  7.486475e+01 -5.000000e+00
    endloop
  endfacet
  facet normal -7.071068e-01  7.071068e-01  0.000000e+00
    outer loop
      vertex -4.118322e+01  7.486475e+01 -5.000000e+00
      vertex -4.118322e+01  7.486475e+01  5.000000e+00
      vertex -3.786475e+01  7.818322e+01  5.000000e+00
    endloop
  endfacet
  facet normal -7.071068e-01  7.071068e-01  0.000000e+00
    outer loop
      vertex -4.118322e+01  7.486475e+01 -5.000000e+00
      vertex -3.786475e+01  7.818322e+01  5.000000e+00
      vertex -3.786475e+01  7.818322e+01 -5.000000e+00
    endloop
  endfacet
  facet normal -8.910066e-01  4.539902e-01  0.000000e+00
    outer loop
      vertex -3.786475e+01  7.818322e+01 -5.000000e+00
      vertex -3.786475e+01  7.818322e+01  5.000000e+00
      vertex -3.573415e+01  8.236475e+01  5.000000e+00
    endloop
  endfacet
  facet normal -8.910066e-01  4.539902e-01  0.000000e+00
    outer loop
      vertex -3.786475e+01  7.818322e+01 -5.000000e+00
      vertex -3.573415e+01  8.236475e+01  5.000000e+00
      vertex -3.573415e+01  8.236475e+01 -5.000000e+00
    endloop
  endfacet
  facet normal -9.876882e-01  1.564348e-01  0.000000e+00
    outer loop
      vertex -3.573415e+01  8.236475e+01 -5.000000e+00
      vertex -3.573415e+01  8.236475e+01  5.000000e+00
      vertex -3.500000e+01  8.700000e+01  5.000000e+00
    endloop
  endfacet
  facet normal -9.876882e-01  1.564348e-01  0.000000e+00
    outer loop
      vertex -3.573415e+01  8.236475e+01 -5.000000e+00
      vertex -3.500000e+01  8.700000e+01  5.000000e+00
      vertex -3.500000e+01  8.700000e+01 -5.000000e+00
    endloop
  endfacet
  facet normal -1.564348e-01  9.876882e-01  0.000000e+00
    outer loop
      vertex -4.536475e+01  7.273415e+01  5.000000e+00
      vertex -5.000000e+01  7.200000e+01 -5.000000e+00
      vertex -5.000000e+01  7.200000e+01  5.000000e+00
    endloop
  endfacet
  facet normal  1.564348e-01  9.876882e-01  0.000000e+00
    outer loop
      vertex -5.000000e+01  7.200000e+01  5.000000e+00
      vertex -5.000000e+01  7.200000e+01 -5.000000e+00
      vertex -5.463525e+01  7.273415e+01 -5.000000e+00
    endloop
  endfacet
  facet normal  1.564348e-01  9.876882e-01  -0.000000e+00
    outer loop
      vertex -5.000000e+01  7.200000e+01  5.000000e+00
      vertex -5.463525e+01  7.273415e+01 -5.000000e+00
      vertex -5.463525e+01  7.273415e+01  5.000000e+00
    endloop
  endfacet
  facet normal  4.539902e-01  8.910066e-01  0.000000e+00
    outer loop
      vertex -5.463525e+01  7.273415e+01  5.000000e+00
      vertex -5.463525e+01  7.273415e+01 -5.000000e+00
      vertex -5.881678e+01  7.486475e+01 -5.000000e+00
    endloop
  endfacet
  facet normal  4.539902e-01  8.910066e-01  -0.000000e+00
    outer loop
      vertex -5.463525e+01  7.273415e+01  5.000000e+00
      vertex -5.881678e+01  7.486475e+01 -5.000000e+00
      vertex -5.881678e+01  7.486475e+01  5.000000e+00
    endloop
  endfacet
  facet normal  7.071068e-01  7.071068e-01  0.000000e+00
    outer loop
      vertex -5.881678e+01  7.486475e+01  5.000000e+00
      vertex -5.881678e+01  7.486475e+01 -5.000000e+00
      vertex -6.213525e+01  7.818322e+01 -5.000000e+00
    endloop
  endfacet
  facet normal  7.071068e-01  7.071068e-01  -0.000000e+00
    outer loop
      vertex -5.881678e+01  7.486475e+01  5.000000e+00
      vertex -6.213525e+01  7.818322e+01 -5.000000e+00
      vertex -6.213525e+01  7.818322e+01  5.000000e+00
    endloop
  endfacet
  facet normal  8.910066e-01  4.539902e-01  0.000000e+00
    outer loop
      vertex -6.213525e+01  7.818322e+01  5.000000e+00
      vertex -6.213525e+01  7.818322e+01 -5.000000e+00
      vertex -6.426585e+01  8.236475e+01 -5.000000e+00
    endloop
  endfacet
  facet normal  8.910066e-01  4.539902e-01  -0.000000e+00
    outer loop
      vertex -6.213525e+01  7.818322e+01  5.000000e+00
      vertex -6.426585e+01  8.236475e+01 -5.000000e+00
      vertex -6.426585e+01  8.236475e+01  5.000000e+00
    endloop
  endfacet
  facet normal  9.876882e-01  1.564348e-01  0.000000e+00
    outer loop
      vertex -6.426585e+01  8.236475e+01  5.000000e+00
      vertex -6.426585e+01  8.236475e+01 -5.000000e+00
      vertex -6.500000e+01  8.700000e+01 -5.000000e+00
    endloop
  endfacet
  facet normal  9.876882e-01  1.564348e-01  -0.000000e+00
    outer loop
      vertex -6.426585e+01  8.236475e+01  5.000000e+00
      vertex -6.500000e+01  8.700000e+01 -5.000000e+00
      vertex -6.500000e+01  8.700000e+01  5.000000e+00
    endloop
  endfacet
  facet normal -1.564348e-01  9.876882e-01  0.000000e+00
    outer loop
      vertex -5.000000e+01  7.200000e+01  5.000000e+00
      vertex -4.536475e+01  7.273415e+01  1.500000e+01
      vertex -4.536475e+01  7.273415e+01  5.000000e+00
    endloop
  endfacet
  facet normal -4.539902e-01  8.910066e-01  0.000000e+00
    outer loop
      vertex -4.536475e+01  7.273415e+01  5.000000e+00
      vertex -4.536475e+01  7.273415e+01  1.500000e+01
      vertex -4.118322e+01  7.486475e+01  1.500000e+01
    endloop
  endfacet
  facet normal -4.539902e-01  8.910066e-01  0.000000e+00
    outer loop
      vertex -4.536475e+01  7.273415e+01  5.000000e+00
      vertex -4.118322e+01  7.486475e+01  1.500000e+01
      vertex -4.118322e+01  7.486475e+01  5.000000e+00
    endloop
  endfacet
  facet normal -7.071068e-01  7.071068e-01  0.000000e+00
    outer loop
      vertex -4.118322e+01  7.486475e+01  5.000000e+00
      vertex -4.118322e+01  7.486475e+01  1.500000e+01
      vertex -3.786475e+01  7.818322e+01  1.500000e+01
    endloop
  endfacet
  facet normal -7.071068e-01  7.071068e-01  0.000000e+00
    outer loop
      vertex -4.118322e+01  7.486475e+01  5.000000e+00
      vertex -3.786475e+01  7.818322e+01  1.500000e+01
      vertex -3.786475e+01  7.818322e+01  5.000000e+00
    endloop
  endfacet
  facet normal -8.910066e-01  4.539902e-01  0.000000e+00
    outer loop
      vertex -3.786475e+01  7.818322e+01  5.000000e+00
      vertex -3.786475e+01  7.818322e+01  1.500000e+01
      vertex -3.573415e+01  8.236475e+01  1.500000e+01
    endloop
  endfacet
  facet normal -8.910066e-01  4.539902e-01  0.000000e+00
    outer loop
      vertex -3.786475e+01  7.818322e+01  5.000000e+00
      vertex -3.573415e+01  8.236475e+01  1.500000e+01
      vertex -3.573415e+01  8.236475e+01  5.000000e+00
    endloop
  endfacet
  facet normal -9.876882e-01  1.564348e-01  0.000000e+00
    outer loop
      vertex -3.573415e+01  8.236475e+01  5.000000e+00
      vertex -3.573415e+01  8.236475e+01  1.500000e+01
      vertex -3.500000e+01  8.700000e+01  1.500000e+01
    endloop
  endfacet
  facet normal -9.876882e-01  1.564348e-01  0.000000e+00
    outer loop
      vertex -3.573415e+01  8.236475e+01  5.000000e+00
      vertex -3.500000e+01  8.700000e+01  1.500000e+01
      vertex -3.500000e+01  8.700000e+01  5.000000e+00
    endloop
  endfacet
  facet normal -1.564348e-01  9.876882e-01  0.000000e+00
    outer loop
      vertex -4.536475e+01  7.273415e+01  1.500000e+01
      vertex -5.000000e+01  7.200000e+01  5.000000e+00
      vertex -5.000000e+01  7.200000e+01  1.500000e+01
    endloop
  endfacet
  facet normal  1.564348e-01  9.876882e-01  0.000000e+00
    outer loop
      vertex -5.000000e+01  7.200000e+01  1.500000e+01
      vertex -5.000000e+01  7.200000e+01  5.000000e+00
      vertex -5.463525e+01  7.273415e+01  5.000000e+00
    endloop
  endfacet
  facet normal  1.564348e-01  9.876882e-01  -0.000000e+00
    outer loop
      vertex -5.000000e+01  7.200000e+01  1.500000e+01
      vertex -5.463525e+01  7.273415e+01  5.000000e+00
      vertex -5.463525e+01  7.273415e+01  1.500000e+01
    endloop
  endfacet
  facet normal  4.539902e-01  8.910066e-01  0.000000e+00
    outer loop
      vertex -5.463525e+01  7.273415e+01  1.500000e+01
      vertex -5.463525e+01  7.273415e+01  5.000000e+00
      vertex -5.881678e+01  7.486475e+01  5.000000e+00
    endloop
  endfacet
  facet normal  4.539902e-01  8.910066e-01  -0.000000e+00
    outer loop
      vertex -5.463525e+01  7.273415e+01  1.500000e+01
      vertex -5.881678e+01  7.486475e+01  5.000000e+00
      vertex -5.881678e+01  7.486475e+01  1.500000e+01
    endloop
  endfacet
  facet normal  7.071068e-01  7.071068e-01  0.000000e+00
    outer loop
      vertex -5.881678e+01  7.486475e+01  1.500000e+01
      vertex -5.881678e+01  7.486475e+01  5.000000e+00
      vertex -6.213525e+01  7.818322e+01  5.000000e+00
    endloop
  endfacet
  facet normal  7.071068e-01  7.071068e-01  -0.000000e+00
    outer loop
      vertex -5.881678e+01  7.486475e+01  1.500000e+01
      vertex -6.213525e+01  7.818322e+01  5.000000e+00
      vertex -6.213525e+01  7.818322e+01  1.500000e+01
    endloop
  endfacet
  facet normal  8.910066e-01  4.539902e-01  0.000000e+00
    outer loop
      vertex -6.213525e+01  7.818322e+01  1.500000e+01
      vertex -6.213525e+01  7.818322e+01  5.000000e+00
      vertex -6.426585e+01  8.236475e+01  5.000000e+00
    endloop
  endfacet
  facet normal  8.910066e-01  4.539902e-01  -0.000000e+00
    outer loop
      vertex -6.213525e+01  7.818322e+01  1.500000e+01
      vertex -6.426585e+01  8.236475e+01  5.000000e+00
      vertex -6.426585e+01  8.236475e+01  1.500000e+01
    endloop
  endfacet
  facet normal  9.876882e-01  1.564348e-01  0.000000e+00
    outer loop
      vertex -6.426585e+01  8.236475e+01  1.500000e+01
      vertex -6.426585e+01  8.236475e+01  5.000000e+00
      vertex -6.500000e+01  8.700000e+01  5.000000e+00
    endloop
  endfacet
  facet normal  9.876882e-01  1.564348e-01  -0.000000e+00
    outer loop
      vertex -6.426585e+01  8.236475e+01  1.500000e+01
      vertex -6.500000e+01  8.700000e+01  5.000000e+00
      vertex -6.500000e+01  8.700000e+01  1.500000e+01
    endloop
  endfacet
  facet normal  1.564348e-01 -9.876882e-01  0.000000e+00
    outer loop
      vertex -5.000000e+01  1.020000e+02  5.000000e+00
      vertex -5.463525e+01  1.012658e+02  1.500000e+01
      vertex -5.463525e+01  1.012658e+02  5.000000e+00
    endloop
  endfacet
  facet normal  4.539902e-01 -8.910066e-01  0.000000e+00
    outer loop
      vertex -5.463525e+01  1.012658e+02  5.000000e+00
      vertex -5.463525e+01  1.012658e+02  1.500000e+01
      vertex -5.881678e+01  9.913525e+01  1.500000e+01
    endloop
  endfacet
  facet normal  4.539902e-01 -8.910066e-01  0.000000e+00
    outer loop
      vertex -5.463525e+01  1.012658e+02  5.000000e+00
      vertex -5.881678e+01  9.913525e+01  1.500000e+01
      vertex -5.881678e+01  9.913525e+01  5.000000e+00
    endloop
  endfacet
  facet normal  7.071068e-01 -7.071068e-01  0.000000e+00
    outer loop
      vertex -5.881678e+01  9.913525e+01  5.000000e+00
      vertex -5.881678e+01  9.913525e+01  1.500000e+01
      vertex -6.213525e+01  9.581678e+01  1.500000e+01
    endloop
  endfacet
  facet normal  7.071068e-01 -7.071068e-01  0.000000e+00
    outer loop
      vertex -5.881678e+01  9.913525e+01  5.000000e+00
      vertex -6.213525e+01  9.581678e+01  1.500000e+01
      vertex -6.213525e+01  9.581678e+01  5.000000e+00
    endloop
  endfacet
  facet normal  8.910066e-01 -4.539902e-01  0.000000e+00
    outer loop
      vertex -6.213525e+01  9.581678e+01  5.000000e+00
      vertex -6.213525e+01  9.581678e+01  1.500000e+01
      vertex -6.426585e+01  9.163525e+01  1.500000e+01
    endloop
  endfacet
  facet normal  8.910066e-01 -4.539902e-01  0.000000e+00
    outer loop
      vertex -6.213525e+01  9.581678e+01  5.000000e+00
      vertex -6.426585e+01  9.163525e+01  1.500000e+01
      vertex -6.426585e+01  9.163525e+01  5.000000e+00
    endloop
  endfacet
  facet normal  9.876882e-01 -1.564348e-01  0.000000e+00
    outer loop
      vertex -6.426585e+01  9.163525e+01  5.000000e+00
      vertex -6.426585e+01  9.163525e+01  1.500000e+01
      vertex -6.500000e+01  8.700000e+01  1.500000e+01
    endloop
  endfacet
  facet normal  9.876882e-01 -1.564348e-01  0.000000e+00
    outer loop
      vertex -6.426585e+01  9.163525e+01  5.000000e+00
      vertex -6.500000e+01  8.700000e+01  1.500000e+01
      vertex -6.500000e+01  8.700000e+01  5.000000e+00
    endloop
  endfacet
  facet normal  1.564348e-01 -9.876882e-01  0.000000e+00
    outer loop
      vertex -5.463525e+01  1.012658e+02  1.500000e+01
      vertex -5.000000e+01  1.020000e+02  5.000000e+00
      vertex -5.000000e+01  1.020000e+02  1.500000e+01
    endloop
  endfacet
  facet normal -1.564348e-01 -9.876882e-01  -0.000000e+00
    outer loop
      vertex -5.000000e+01  1.020000e+02  1.500000e+01
      vertex -5.000000e+01  1.020000e+02  5.000000e+00
      vertex -4.536475e+01  1.012658e+02  5.000000e+00
    endloop
  endfacet
  facet normal -1.564348e-01 -9.876882e-01  0.000000e+00
    outer loop
      vertex -5.000000e+01  1.020000e+02  1.500000e+01
      vertex -4.536475e+01  1.012658e+02  5.000000e+00
      vertex -4.536475e+01  1.012658e+02  1.500000e+01
    endloop
  endfacet
  facet normal -4.539902e-01 -8.910066e-01  -0.000000e+00
    outer loop
      vertex -4.536475e+01  1.012658e+02  1.500000e+01
      vertex -4.536475e+01  1.012658e+02  5.000000e+00
      vertex -4.118322e+01  9.913525e+01  5.000000e+00
    endloop
  endfacet
  facet normal -4.539902e-01 -8.910066e-01  0.000000e+00
    outer loop
      vertex -4.536475e+01  1.012658e+02  1.500000e+01
      vertex -4.118322e+01  9.913525e+01  5.000000e+00
      vertex -4.118322e+01  9.913525e+01  1.500000e+01
    endloop
  endfacet
  facet normal -7.071068e-01 -7.071068e-01  -0.000000e+00
    outer loop
      vertex -4.118322e+01  9.913525e+01  1.500000e+01
      vertex -4.118322e+01  9.913525e+01  5.000000e+00
      vertex -3.786475e+01  9.581678e+01  5.000000e+00
    endloop
  endfacet
  facet normal -7.071068e-01 -7.071068e-01  0.000000e+00
    outer loop
      vertex -4.118322e+01  9.913525e+01  1.500000e+01
      vertex -3.786475e+01  9.581678e+01  5.000000e+00
      vertex -3.786475e+01  9.581678e+01  1.500000e+01
    endloop
  endfacet
  facet normal -8.910066e-01 -4.539902e-01  -0.000000e+00
    outer loop
      vertex -3.786475e+01  9.581678e+01  1.500000e+01
      vertex -3.786475e+01  9.581678e+01  5.000000e+00
      vertex -3.573415e+01  9.163525e+01  5.000000e+00
    endloop
  endfacet
  facet normal -8.910066e-01 -4.539902e-01  0.000000e+00
    outer loop
      vertex -3.786475e+01  9.581678e+01  1.500000e+01
      vertex -3.573415e+01  9.163525e+01  5.000000e+00
      vertex -3.573415e+01  9.163525e+01  1.500000e+01
    endloop
  endfacet
  facet normal -9.876882e-01 -1.564348e-01  -0.000000e+00
    outer loop
      vertex -3.573415e+01  9.163525e+01  1.500000e+01
      vertex -3.573415e+01  9.163525e+01  5.000000e+00
      vertex -3.500000e+01  8.700000e+01  5.000000e+00
    endloop
  endfacet
  facet normal -9.876882e-01 -1.564348e-01  0.000000e+00
    outer loop
      vertex -3.573415e+01  9.163525e+01  1.500000e+01
      vertex -3.500000e+01  8.700000e+01  5.000000e+00
      vertex -3.500000e+01  8.700000e+01  1.500000e+01
    endloop
  endfacet
  facet normal  -0.000000e+00  0.000000e+00  1.000000e+00
    outer loop
      vertex -6.213525e+01  9.581678e+01  1.500000e+01
      vertex -7.427354e+01  9.298289e+01  1.500000e+01
      vertex -6.426585e+01  9.163525e+01  1.500000e+01
    endloop
  endfacet
  facet normal  0.000000e+00  -0.000000e+00  1.000000e+00
    outer loop
      vertex -3.786475e+01  9.581678e+01  1.500000e+01
      vertex -3.573415e+01  9.163525e+01  1.500000e+01
      vertex -2.572645e+01  9.298289e+01  1.500000e+01
    endloop
  endfacet
  facet normal  0.000000e+00  -0.000000e+00  1.000000e+00
    outer loop
      vertex -5.000000e+01  7.200000e+01  1.500000e+01
      vertex -4.698658e+01  6.218228e+01  1.500000e+01
      vertex -4.113488e+01  6.362460e+01  1.500000e+01
    endloop
  endfacet
  facet normal  0.000000e+00  -0.000000e+00  1.000000e+00
    outer loop
      vertex -5.000000e+01  7.200000e+01  1.500000e+01
      vertex -4.113488e+01  6.362460e+01  1.500000e+01
      vertex -3.579838e+01  6.642540e+01  1.500000e+01
    endloop
  endfacet
  facet normal  0.000000e+00  -0.000000e+00  9.999999e-01
    outer loop
      vertex -5.000000e+01  7.200000e+01  1.500000e+01
      vertex -3.579838e+01  6.642540e+01  1.500000e+01
      vertex -3.128723e+01  7.042194e+01  1.500000e+01
    endloop
  endfacet
  facet normal  0.000000e+00  0.000000e+00  1.000000e+00
    outer loop
      vertex -5.000000e+01  7.200000e+01  1.500000e+01
      vertex -3.128723e+01  7.042194e+01  1.500000e+01
      vertex -4.536475e+01  7.273415e+01  1.500000e+01
    endloop
  endfacet
  facet normal  0.000000e+00  0.000000e+00  1.000000e+00
    outer loop
      vertex -7.213640e+01  9.861808e+01  1.500000e+01
      vertex -7.427354e+01  9.298289e+01  1.500000e+01
      vertex -6.213525e+01  9.581678e+01  1.500000e+01
    endloop
  endfacet
  facet normal  0.000000e+00  -0.000000e+00  1.000000e+00
    outer loop
      vertex -7.213640e+01  9.861808e+01  1.500000e+01
      vertex -6.213525e+01  9.581678e+01  1.500000e+01
      vertex -5.881678e+01  9.913525e+01  1.500000e+01
    endloop
  endfacet
  facet normal  0.000000e+00  -0.000000e+00  1.000000e+00
    outer loop
      vertex -7.213640e+01  9.861808e+01  1.500000e+01
      vertex -5.881678e+01  9.913525e+01  1.500000e+01
      vertex -5.463525e+01  1.012658e+02  1.500000e+01
    endloop
  endfacet
  facet normal  0.000000e+00  -0.000000e+00  1.000000e+00
    outer loop
      vertex -7.213640e+01  9.861808e+01  1.500000e+01
      vertex -5.463525e+01  1.012658e+02  1.500000e+01
      vertex -5.000000e+01  1.020000e+02  1.500000e+01
    endloop
  endfacet
  facet normal  0.000000e+00  0.000000e+00  1.000000e+00
    outer loop
      vertex -7.213640e+01  9.861808e+01  1.500000e+01
      vertex -5.000000e+01  1.020000e+02  1.500000e+01
      vertex -6.871277e+01  1.035781e+02  1.500000e+01
    endloop
  endfacet
  facet normal  0.000000e+00  0.000000e+00  9.999999e-01
    outer loop
      vertex -6.871277e+01  7.042194e+01  1.500000e+01
      vertex -5.000000e+01  7.200000e+01  1.500000e+01
      vertex -5.463525e+01  7.273415e+01  1.500000e+01
    endloop
  endfacet
  facet normal  0.000000e+00  0.000000e+00  1.000000e+00
    outer loop
      vertex -6.871277e+01  7.042194e+01  1.500000e+01
      vertex -5.463525e+01  7.273415e+01  1.500000e+01
      vertex -5.881678e+01  7.486475e+01  1.500000e+01
    endloop
  endfacet
  facet normal  0.000000e+00  0.000000e+00  1.000000e+00
    outer loop
      vertex -6.871277e+01  7.042194e+01  1.500000e+01
      vertex -5.881678e+01  7.486475e+01  1.500000e+01
      vertex -7.213640e+01  7.538192e+01  1.500000e+01
    endloop
  endfacet
  facet normal  -0.000000e+00  -0.000000e+00  1.000000e+00
    outer loop
      vertex -5.000000e+01  1.020000e+02  1.500000e+01
      vertex -4.536475e+01  1.012658e+02  1.500000e+01
      vertex -2.786360e+01  9.861808e+01  1.500000e+01
    endloop
  endfacet
  facet normal  0.000000e+00  0.000000e+00  1.000000e+00
    outer loop
      vertex -5.000000e+01  1.020000e+02  1.500000e+01
      vertex -2.786360e+01  9.861808e+01  1.500000e+01
      vertex -3.128723e+01  1.035781e+02  1.500000e+01
    endloop
  endfacet
  facet normal  0.000000e+00  0.000000e+00  1.000000e+00
    outer loop
      vertex -5.000000e+01  1.020000e+02  1.500000e+01
      vertex -3.128723e+01  1.035781e+02  1.500000e+01
      vertex -3.579838e+01  1.075746e+02  1.500000e+01
    endloop
  endfacet
  facet normal  0.000000e+00  0.000000e+00  1.000000e+00
    outer loop
      vertex -5.000000e+01  1.020000e+02  1.500000e+01
      vertex -3.579838e+01  1.075746e+02  1.500000e+01
      vertex -4.113488e+01  1.103754e+02  1.500000e+01
    endloop
  endfacet
  facet normal  0.000000e+00  0.000000e+00  1.000000e+00
    outer loop
      vertex -5.000000e+01  1.020000e+02  1.500000e+01
      vertex -4.113488e+01  1.103754e+02  1.500000e+01
      vertex -4.698658e+01  1.118177e+02  1.500000e+01
    endloop
  endfacet
  facet normal  0.000000e+00  0.000000e+00  9.999999e-01
    outer loop
      vertex -5.000000e+01  1.020000e+02  1.500000e+01
      vertex -4.698658e+01  1.118177e+02  1.500000e+01
      vertex -5.301342e+01  1.118177e+02  1.500000e+01
    endloop
  endfacet
  facet normal  0.000000e+00  0.000000e+00  1.000000e+00
    outer loop
      vertex -5.000000e+01  1.020000e+02  1.500000e+01
      vertex -5.301342e+01  1.118177e+02  1.500000e+01
      vertex -5.886512e+01  1.103754e+02  1.500000e+01
    endloop
  endfacet
  facet normal  0.000000e+00  0.000000e+00  1.000000e+00
    outer loop
      vertex -5.000000e+01  1.020000e+02  1.500000e+01
      vertex -5.886512e+01  1.103754e+02  1.500000e+01
      vertex -6.420162e+01  1.075746e+02  1.500000e+01
    endloop
  endfacet
  facet normal  0.000000e+00  0.000000e+00  1.000000e+00
    outer loop
      vertex -5.000000e+01  1.020000e+02  1.500000e+01
      vertex -6.420162e+01  1.075746e+02  1.500000e+01
      vertex -6.871277e+01  1.035781e+02  1.500000e+01
    endloop
  endfacet
  facet normal  0.000000e+00  0.000000e+00  1.000000e+00
    outer loop
      vertex -4.698658e+01  6.218228e+01  1.500000e+01
      vertex -5.000000e+01  7.200000e+01  1.500000e+01
      vertex -5.301342e+01  6.218228e+01  1.500000e+01
    endloop
  endfacet
  facet normal  0.000000e+00  -0.000000e+00  1.000000e+00
    outer loop
      vertex -5.301342e+01  6.218228e+01  1.500000e+01
      vertex -5.000000e+01  7.200000e+01  1.500000e+01
      vertex -6.871277e+01  7.042194e+01  1.500000e+01
    endloop
  endfacet
  facet normal  0.000000e+00  0.000000e+00  1.000000e+00
    outer loop
      vertex -5.301342e+01  6.218228e+01  1.500000e+01
      vertex -6.871277e+01  7.042194e+01  1.500000e+01
      vertex -5.886512e+01  6.362460e+01  1.500000e+01
    endloop
  endfacet
  facet normal  0.000000e+00  0.000000e+00  1.000000e+00
    outer loop
      vertex -5.886512e+01  6.362460e+01  1.500000e+01
      vertex -6.871277e+01  7.042194e+01  1.500000e+01
      vertex -6.420162e+01  6.642540e+01  1.500000e+01
    endloop
  endfacet
  facet normal  0.000000e+00  0.000000e+00  1.000000e+00
    outer loop
      vertex -6.426585e+01  9.163525e+01  1.500000e+01
      vertex -7.427354e+01  9.298289e+01  1.500000e+01
      vertex -6.500000e+01  8.700000e+01  1.500000e+01
    endloop
  endfacet
  facet normal  0.000000e+00  0.000000e+00  9.999999e-01
    outer loop
      vertex -6.500000e+01  8.700000e+01  1.500000e+01
      vertex -7.427354e+01  9.298289e+01  1.500000e+01
      vertex -7.500000e+01  8.700000e+01  1.500000e+01
    endloop
  endfacet
  facet normal  -0.000000e+00  0.000000e+00  1.000000e+00
    outer loop
      vertex -6.500000e+01  8.700000e+01  1.500000e+01
      vertex -7.500000e+01  8.700000e+01  1.500000e+01
      vertex -6.426585e+01  8.236475e+01  1.500000e+01
    endloop
  endfacet
  facet normal  0.000000e+00  0.000000e+00  1.000000e+00
    outer loop
      vertex -6.426585e+01  8.236475e+01  1.500000e+01
      vertex -7.500000e+01  8.700000e+01  1.500000e+01
      vertex -7.427354e+01  8.101711e+01  1.500000e+01
    endloop
  endfacet
  facet normal  -0.000000e+00  0.000000e+00  1.000000e+00
    outer loop
      vertex -6.426585e+01  8.236475e+01  1.500000e+01
      vertex -7.427354e+01  8.101711e+01  1.500000e+01
      vertex -6.213525e+01  7.818322e+01  1.500000e+01
    endloop
  endfacet
  facet normal  0.000000e+00  0.000000e+00  9.999999e-01
    outer loop
      vertex -6.213525e+01  7.818322e+01  1.500000e+01
      vertex -7.427354e+01  8.101711e+01  1.500000e+01
      vertex -7.213640e+01  7.538192e+01  1.500000e+01
    endloop
  endfacet
  facet normal  -0.000000e+00  0.000000e+00  1.000000e+00
    outer loop
      vertex -6.213525e+01  7.818322e+01  1.500000e+01
      vertex -7.213640e+01  7.538192e+01  1.500000e+01
      vertex -5.881678e+01  7.486475e+01  1.500000e+01
    endloop
  endfacet
  facet normal  0.000000e+00  0.000000e+00  1.000000e+00
    outer loop
      vertex -3.786475e+01  9.581678e+01  1.500000e+01
      vertex -2.572645e+01  9.298289e+01  1.500000e+01
      vertex -4.118322e+01  9.913525e+01  1.500000e+01
    endloop
  endfacet
  facet normal  0.000000e+00  0.000000e+00  1.000000e+00
    outer loop
      vertex -4.118322e+01  9.913525e+01  1.500000e+01
      vertex -2.572645e+01  9.298289e+01  1.500000e+01
      vertex -2.786360e+01  9.861808e+01  1.500000e+01
    endloop
  endfacet
  facet normal  0.000000e+00  0.000000e+00  1.000000e+00
    outer loop
      vertex -4.118322e+01  9.913525e+01  1.500000e+01
      vertex -2.786360e+01  9.861808e+01  1.500000e+01
      vertex -4.536475e+01  1.012658e+02  1.500000e+01
    endloop
  endfacet
  facet normal  -0.000000e+00  0.000000e+00  1.000000e+00
    outer loop
      vertex -2.572645e+01  9.298289e+01  1.500000e+01
      vertex -3.573415e+01  9.163525e+01  1.500000e+01
      vertex -2.500000e+01  8.700000e+01  1.500000e+01
    endloop
  endfacet
  facet normal  0.000000e+00  0.000000e+00  1.000000e+00
    outer loop
      vertex -2.500000e+01  8.700000e+01  1.500000e+01
      vertex -3.573415e+01  9.163525e+01  1.500000e+01
      vertex -3.500000e+01  8.700000e+01  1.500000e+01
    endloop
  endfacet
  facet normal  -0.000000e+00  0.000000e+00  9.999999e-01
    outer loop
      vertex -2.500000e+01  8.700000e+01  1.500000e+01
      vertex -3.500000e+01  8.700000e+01  1.500000e+01
      vertex -2.572645e+01  8.101711e+01  1.500000e+01
    endloop
  endfacet
  facet normal  0.000000e+00  0.000000e+00  1.000000e+00
    outer loop
      vertex -2.572645e+01  8.101711e+01  1.500000e+01
      vertex -3.500000e+01  8.700000e+01  1.500000e+01
      vertex -3.573415e+01  8.236475e+01  1.500000e+01
    endloop
  endfacet
  facet normal  0.000000e+00  0.000000e+00  1.000000e+00
    outer loop
      vertex -2.572645e+01  8.101711e+01  1.500000e+01
      vertex -3.573415e+01  8.236475e+01  1.500000e+01
      vertex -2.786360e+01  7.538192e+01  1.500000e+01
    endloop
  endfacet
  facet normal  0.000000e+00  0.000000e+00  1.000000e+00
    outer loop
      vertex -2.786360e+01  7.538192e+01  1.500000e+01
      vertex -3.573415e+01  8.236475e+01  1.500000e+01
      vertex -3.786475e+01  7.818322e+01  1.500000e+01
    endloop
  endfacet
  facet normal  0.000000e+00  0.000000e+00  9.999999e-01
    outer loop
      vertex -2.786360e+01  7.538192e+01  1.500000e+01
      vertex -3.786475e+01  7.818322e+01  1.500000e+01
      vertex -4.118322e+01  7.486475e+01  1.500000e+01
    endloop
  endfacet
  facet normal  0.000000e+00  0.000000e+00  1.000000e+00
    outer loop
      vertex -4.118322e+01  7.486475e+01  1.500000e+01
      vertex -4.536475e+01  7.273415e+01  1.500000e+01
      vertex -2.786360e+01  7.538192e+01  1.500000e+01
    endloop
  endfacet
  facet normal  0.000000e+00  0.000000e+00  1.000000e+00
    outer loop
      vertex -2.786360e+01  7.538192e+01  1.500000e+01
      vertex -4.536475e+01  7.273415e+01  1.500000e+01
      vertex -3.128723e+01  7.042194e+01  1.500000e+01
    endloop
  endfacet
  facet normal -1.564348e-01  9.876882e-01  0.000000e+00
    outer loop
      vertex -5.000000e+01  7.200000e+01 -1.500000e+01
      vertex -4.536475e+01  7.273415e+01 -5.000000e+00
      vertex -4.536475e+01  7.273415e+01 -1.500000e+01
    endloop
  endfacet
  facet normal -4.539902e-01  8.910066e-01  0.000000e+00
    outer loop
      vertex -4.536475e+01  7.273415e+01 -1.500000e+01
      vertex -4.536475e+01  7.273415e+01 -5.000000e+00
      vertex -4.118322e+01  7.486475e+01 -5.000000e+00
    endloop
  endfacet
  facet normal -4.539902e-01  8.910066e-01  0.000000e+00
    outer loop
      vertex -4.536475e+01  7.273415e+01 -1.500000e+01
      vertex -4.118322e+01  7.486475e+01 -5.000000e+00
      vertex -4.118322e+01  7.486475e+01 -1.500000e+01
    endloop
  endfacet
  facet normal -7.071068e-01  7.071068e-01  0.000000e+00
    outer loop
      vertex -4.118322e+01  7.486475e+01 -1.500000e+01
      vertex -4.118322e+01  7.486475e+01 -5.000000e+00
      vertex -3.786475e+01  7.818322e+01 -5.000000e+00
    endloop
  endfacet
  facet normal -7.071068e-01  7.071068e-01  0.000000e+00
    outer loop
      vertex -4.118322e+01  7.486475e+01 -1.500000e+01
      vertex -3.786475e+01  7.818322e+01 -5.000000e+00
      vertex -3.786475e+01  7.818322e+01 -1.500000e+01
    endloop
  endfacet
  facet normal -8.910066e-01  4.539902e-01  0.000000e+00
    outer loop
      vertex -3.786475e+01  7.818322e+01 -1.500000e+01
      vertex -3.786475e+01  7.818322e+01 -5.000000e+00
      vertex -3.573415e+01  8.236475e+01 -5.000000e+00
    endloop
  endfacet
  facet normal -8.910066e-01  4.539902e-01  0.000000e+00
    outer loop
      vertex -3.786475e+01  7.818322e+01 -1.500000e+01
      vertex -3.573415e+01  8.236475e+01 -5.000000e+00
      vertex -3.573415e+01  8.236475e+01 -1.500000e+01
    endloop
  endfacet
  facet normal -9.876882e-01  1.564348e-01  0.000000e+00
    outer loop
      vertex -3.573415e+01  8.236475e+01 -1.500000e+01
      vertex -3.573415e+01  8.236475e+01 -5.000000e+00
      vertex -3.500000e+01  8.700000e+01 -5.000000e+00
    endloop
  endfacet
  facet normal -9.876882e-01  1.564348e-01  0.000000e+00
    outer loop
      vertex -3.573415e+01  8.236475e+01 -1.500000e+01
      vertex -3.500000e+01  8.700000e+01 -5.000000e+00
      vertex -3.500000e+01  8.700000e+01 -1.500000e+01
    endloop
  endfacet
  facet normal -1.564348e-01  9.876882e-01  0.000000e+00
    outer loop
      vertex -4.536475e+01  7.273415e+01 -5.000000e+00
      vertex -5.000000e+01  7.200000e+01 -1.500000e+01
      vertex -5.000000e+01  7.200000e+01 -5.000000e+00
    endloop
  endfacet
  facet normal  1.564348e-01  9.876882e-01  0.000000e+00
    outer loop
      vertex -5.000000e+01  7.200000e+01 -5.000000e+00
      vertex -5.000000e+01  7.200000e+01 -1.500000e+01
      vertex -5.463525e+01  7.273415e+01 -1.500000e+01
    endloop
  endfacet
  facet normal  1.564348e-01  9.876882e-01  -0.000000e+00
    outer loop
      vertex -5.000000e+01  7.200000e+01 -5.000000e+00
      vertex -5.463525e+01  7.273415e+01 -1.500000e+01
      vertex -5.463525e+01  7.273415e+01 -5.000000e+00
    endloop
  endfacet
  facet normal  4.539902e-01  8.910066e-01  0.000000e+00
    outer loop
      vertex -5.463525e+01  7.273415e+01 -5.000000e+00
      vertex -5.463525e+01  7.273415e+01 -1.500000e+01
      vertex -5.881678e+01  7.486475e+01 -1.500000e+01
    endloop
  endfacet
  facet normal  4.539902e-01  8.910066e-01  -0.000000e+00
    outer loop
      vertex -5.463525e+01  7.273415e+01 -5.000000e+00
      vertex -5.881678e+01  7.486475e+01 -1.500000e+01
      vertex -5.881678e+01  7.486475e+01 -5.000000e+00
    endloop
  endfacet
  facet normal  7.071068e-01  7.071068e-01  0.000000e+00
    outer loop
      vertex -5.881678e+01  7.486475e+01 -5.000000e+00
      vertex -5.881678e+01  7.486475e+01 -1.500000e+01
      vertex -6.213525e+01  7.818322e+01 -1.500000e+01
    endloop
  endfacet
  facet normal  7.071068e-01  7.071068e-01  -0.000000e+00
    outer loop
      vertex -5.881678e+01  7.486475e+01 -5.000000e+00
      vertex -6.213525e+01  7.818322e+01 -1.500000e+01
      vertex -6.213525e+01  7.818322e+01 -5.000000e+00
    endloop
  endfacet
  facet normal  8.910066e-01  4.539902e-01  0.000000e+00
    outer loop
      vertex -6.213525e+01  7.818322e+01 -5.000000e+00
      vertex -6.213525e+01  7.818322e+01 -1.500000e+01
      vertex -6.426585e+01  8.236475e+01 -1.500000e+01
    endloop
  endfacet
  facet normal  8.910066e-01  4.539902e-01  -0.000000e+00
    outer loop
      vertex -6.213525e+01  7.818322e+01 -5.000000e+00
      vertex -6.426585e+01  8.236475e+01 -1.500000e+01
      vertex -6.426585e+01  8.236475e+01 -5.000000e+00
    endloop
  endfacet
  facet normal  9.876882e-01  1.564348e-01  0.000000e+00
    outer loop
      vertex -6.426585e+01  8.236475e+01 -5.000000e+00
      vertex -6.426585e+01  8.236475e+01 -1.500000e+01
      vertex -6.500000e+01  8.700000e+01 -1.500000e+01
    endloop
  endfacet
  facet normal  9.876882e-01  1.564348e-01  -0.000000e+00
    outer loop
      vertex -6.426585e+01  8.236475e+01 -5.000000e+00
      vertex -6.500000e+01  8.700000e+01 -1.500000e+01
      vertex -6.500000e+01  8.700000e+01 -5.000000e+00
    endloop
  endfacet
  facet normal  1.564348e-01 -9.876882e-01  0.000000e+00
    outer loop
      vertex -5.000000e+01  1.020000e+02 -1.500000e+01
      vertex -5.463525e+01  1.012658e+02 -5.000000e+00
      vertex -5.463525e+01  1.012658e+02 -1.500000e+01
    endloop
  endfacet
  facet normal  4.539902e-01 -8.910066e-01  0.000000e+00
    outer loop
      vertex -5.463525e+01  1.012658e+02 -1.500000e+01
      vertex -5.463525e+01  1.012658e+02 -5.000000e+00
      vertex -5.881678e+01  9.913525e+01 -5.000000e+00
    endloop
  endfacet
  facet normal  4.539902e-01 -8.910066e-01  0.000000e+00
    outer loop
      vertex -5.463525e+01  1.012658e+02 -1.500000e+01
      vertex -5.881678e+01  9.913525e+01 -5.000000e+00
      vertex -5.881678e+01  9.913525e+01 -1.500000e+01
    endloop
  endfacet
  facet normal  7.071068e-01 -7.071068e-01  0.000000e+00
    outer loop
      vertex -5.881678e+01  9.913525e+01 -1.500000e+01
      vertex -5.881678e+01  9.913525e+01 -5.000000e+00
      vertex -6.213525e+01  9.581678e+01 -5.000000e+00
    endloop
  endfacet
  facet normal  7.071068e-01 -7.071068e-01  0.000000e+00
    outer loop
      vertex -5.881678e+01  9.913525e+01 -1.500000e+01
      vertex -6.213525e+01  9.581678e+01 -5.000000e+00
      vertex -6.213525e+01  9.581678e+01 -1.500000e+01
    endloop
  endfacet
  facet normal  8.910066e-01 -4.539902e-01  0.000000e+00
    outer loop
      vertex -6.213525e+01  9.581678e+01 -1.500000e+01
      vertex -6.213525e+01  9.581678e+01 -5.000000e+00
      vertex -6.426585e+01  9.163525e+01 -5.000000e+00
    endloop
  endfacet
  facet normal  8.910066e-01 -4.539902e-01  0.000000e+00
    outer loop
      vertex -6.213525e+01  9.581678e+01 -1.500000e+01
      vertex -6.426585e+01  9.163525e+01 -5.000000e+00
      vertex -6.426585e+01  9.163525e+01 -1.500000e+01
    endloop
  endfacet
  facet normal  9.876882e-01 -1.564348e-01  0.000000e+00
    outer loop
      vertex -6.426585e+01  9.163525e+01 -1.500000e+01
      vertex -6.426585e+01  9.163525e+01 -5.000000e+00
      vertex -6.500000e+01  8.700000e+01 -5.000000e+00
    endloop
  endfacet
  facet normal  9.876882e-01 -1.564348e-01  0.000000e+00
    outer loop
      vertex -6.426585e+01  9.163525e+01 -1.500000e+01
      vertex -6.500000e+01  8.700000e+01 -5.000000e+00
      vertex -6.500000e+01  8.700000e+01 -1.500000e+01
    endloop
  endfacet
  facet normal  1.564348e-01 -9.876882e-01  0.000000e+00
    outer loop
      vertex -5.463525e+01  1.012658e+02 -5.000000e+00
      vertex -5.000000e+01  1.020000e+02 -1.500000e+01
      vertex -5.000000e+01  1.020000e+02 -5.000000e+00
    endloop
  endfacet
  facet normal -1.564348e-01 -9.876882e-01  -0.000000e+00
    outer loop
      vertex -5.000000e+01  1.020000e+02 -5.000000e+00
      vertex -5.000000e+01  1.020000e+02 -1.500000e+01
      vertex -4.536475e+01  1.012658e+02 -1.500000e+01
    endloop
  endfacet
  facet normal -1.564348e-01 -9.876882e-01  0.000000e+00
    outer loop
      vertex -5.000000e+01  1.020000e+02 -5.000000e+00
      vertex -4.536475e+01  1.012658e+02 -1.500000e+01
      vertex -4.536475e+01  1.012658e+02 -5.000000e+00
    endloop
  endfacet
  facet normal -4.539902e-01 -8.910066e-01  -0.000000e+00
    outer loop
      vertex -4.536475e+01  1.012658e+02 -5.000000e+00
      vertex -4.536475e+01  1.012658e+02 -1.500000e+01
      vertex -4.118322e+01  9.913525e+01 -1.500000e+01
    endloop
  endfacet
  facet normal -4.539902e-01 -8.910066e-01  0.000000e+00
    outer loop
      vertex -4.536475e+01  1.012658e+02 -5.000000e+00
      vertex -4.118322e+01  9.913525e+01 -1.500000e+01
      vertex -4.118322e+01  9.913525e+01 -5.000000e+00
    endloop
  endfacet
  facet normal -7.071068e-01 -7.071068e-01  -0.000000e+00
    outer loop
      vertex -4.118322e+01  9.913525e+01 -5.000000e+00
      vertex -4.118322e+01  9.913525e+01 -1.500000e+01
      vertex -3.786475e+01  9.581678e+01 -1.500000e+01
    endloop
  endfacet
  facet normal -7.071068e-01 -7.071068e-01  0.000000e+00
    outer loop
      vertex -4.118322e+01  9.913525e+01 -5.000000e+00
      vertex -3.786475e+01  9.581678e+01 -1.500000e+01
      vertex -3.786475e+01  9.581678e+01 -5.000000e+00
    endloop
  endfacet
  facet normal -8.910066e-01 -4.539902e-01  -0.000000e+00
    outer loop
      vertex -3.786475e+01  9.581678e+01 -5.000000e+00
      vertex -3.786475e+01  9.581678e+01 -1.500000e+01
      vertex -3.573415e+01  9.163525e+01 -1.500000e+01
    endloop
  endfacet
  facet normal -8.910066e-01 -4.539902e-01  0.000000e+00
    outer loop
      vertex -3.786475e+01  9.581678e+01 -5.000000e+00
      vertex -3.573415e+01  9.163525e+01 -1.500000e+01
      vertex -3.573415e+01  9.163525e+01 -5.000000e+00
    endloop
  endfacet
  facet normal -9.876882e-01 -1.564348e-01  -0.000000e+00
    outer loop
      vertex -3.573415e+01  9.163525e+01 -5.000000e+00
      vertex -3.573415e+01  9.163525e+01 -1.500000e+01
      vertex -3.500000e+01  8.700000e+01 -1.500000e+01
    endloop
  endfacet
  facet normal -9.876882e-01 -1.564348e-01  0.000000e+00
    outer loop
      vertex -3.573415e+01  9.163525e+01 -5.000000e+00
      vertex -3.500000e+01  8.700000e+01 -1.500000e+01
      vertex -3.500000e+01  8.700000e+01 -5.000000e+00
    endloop
  endfacet
  facet normal -1.305263e-01  9.914448e-01  0.000000e+00
    outer loop
      vertex -7.000000e+01 -2.000000e+01  5.000000e+00
      vertex -6.482362e+01 -1.931852e+01  1.500000e+01
      vertex -6.482362e+01 -1.931852e+01  5.000000e+00
    endloop
  endfacet
  facet normal -3.826834e-01  9.238795e-01  0.000000e+00
    outer loop
      vertex -6.482362e+01 -1.931852e+01  5.000000e+00
      vertex -6.482362e+01 -1.931852e+01  1.500000e+01
      vertex -6.000000e+01 -1.732051e+01  1.500000e+01
    endloop
  endfacet
  facet normal -3.826834e-01  9.238795e-01  0.000000e+00
    outer loop
      vertex -6.482362e+01 -1.931852e+01  5.000000e+00
      vertex -6.000000e+01 -1.732051e+01  1.500000e+01
      vertex -6.000000e+01 -1.732051e+01  5.000000e+00
    endloop
  endfacet
  facet normal -6.087615e-01  7.933532e-01  0.000000e+00
    outer loop
      vertex -6.000000e+01 -1.732051e+01  5.000000e+00
      vertex -6.000000e+01 -1.732051e+01  1.500000e+01
      vertex -5.585786e+01 -1.414214e+01  1.500000e+01
    endloop
  endfacet
  facet normal -6.087615e-01  7.933532e-01  0.000000e+00
    outer loop
      vertex -6.000000e+01 -1.732051e+01  5.000000e+00
      vertex -5.585786e+01 -1.414214e+01  1.500000e+01
      vertex -5.585786e+01 -1.414214e+01  5.000000e+00
    endloop
  endfacet
  facet normal -7.933534e-01  6.087613e-01  0.000000e+00
    outer loop
      vertex -5.585786e+01 -1.414214e+01  5.000000e+00
      vertex -5.585786e+01 -1.414214e+01  1.500000e+01
      vertex -5.267949e+01 -1.000000e+01  1.500000e+01
    endloop
  endfacet
  facet normal -7.933534e-01  6.087613e-01  0.000000e+00
    outer loop
      vertex -5.585786e+01 -1.414214e+01  5.000000e+00
      vertex -5.267949e+01 -1.000000e+01  1.500000e+01
      vertex -5.267949e+01 -1.000000e+01  5.000000e+00
    endloop
  endfacet
  facet normal -9.238796e-01  3.826835e-01  0.000000e+00
    outer loop
      vertex -5.267949e+01 -1.000000e+01  5.000000e+00
      vertex -5.267949e+01 -1.000000e+01  1.500000e+01
      vertex -5.068148e+01 -5.176381e+00  1.500000e+01
    endloop
  endfacet
  facet normal -9.238796e-01  3.826835e-01  0.000000e+00
    outer loop
      vertex -5.267949e+01 -1.000000e+01  5.000000e+00
      vertex -5.068148e+01 -5.176381e+00  1.500000e+01
      vertex -5.068148e+01 -5.176381e+00  5.000000e+00
    endloop
  endfacet
  facet normal -9.914448e-01  1.305263e-01  0.000000e+00
    outer loop
      vertex -5.068148e+01 -5.176381e+00  5.000000e+00
      vertex -5.068148e+01 -5.176381e+00  1.500000e+01
      vertex -5.000000e+01 -4.898587e-15  1.500000e+01
    endloop
  endfacet
  facet normal -9.914448e-01  1.305263e-01  0.000000e+00
    outer loop
      vertex -5.068148e+01 -5.176381e+00  5.000000e+00
      vertex -5.000000e+01 -4.898587e-15  1.500000e+01
      vertex -5.000000e+01 -4.898587e-15  5.000000e+00
    endloop
  endfacet
  facet normal -1.305263e-01  9.914448e-01  0.000000e+00
    outer loop
      vertex -6.482362e+01 -1.931852e+01  1.500000e+01
      vertex -7.000000e+01 -2.000000e+01  5.000000e+00
      vertex -7.000000e+01 -2.000000e+01  1.500000e+01
    endloop
  endfacet
  facet normal  1.305263e-01  9.914448e-01  0.000000e+00
    outer loop
      vertex -7.000000e+01 -2.000000e+01  1.500000e+01
      vertex -7.000000e+01 -2.000000e+01  5.000000e+00
      vertex -7.517638e+01 -1.931852e+01  5.000000e+00
    endloop
  endfacet
  facet normal  1.305263e-01  9.914448e-01  -0.000000e+00
    outer loop
      vertex -7.000000e+01 -2.000000e+01  1.500000e+01
      vertex -7.517638e+01 -1.931852e+01  5.000000e+00
      vertex -7.517638e+01 -1.931852e+01  1.500000e+01
    endloop
  endfacet
  facet normal  3.826834e-01  9.238795e-01  0.000000e+00
    outer loop
      vertex -7.517638e+01 -1.931852e+01  1.500000e+01
      vertex -7.517638e+01 -1.931852e+01  5.000000e+00
      vertex -8.000000e+01 -1.732051e+01  5.000000e+00
    endloop
  endfacet
  facet normal  3.826834e-01  9.238795e-01  -0.000000e+00
    outer loop
      vertex -7.517638e+01 -1.931852e+01  1.500000e+01
      vertex -8.000000e+01 -1.732051e+01  5.000000e+00
      vertex -8.000000e+01 -1.732051e+01  1.500000e+01
    endloop
  endfacet
  facet normal  6.087615e-01  7.933532e-01  0.000000e+00
    outer loop
      vertex -8.000000e+01 -1.732051e+01  1.500000e+01
      vertex -8.000000e+01 -1.732051e+01  5.000000e+00
      vertex -8.414214e+01 -1.414214e+01  5.000000e+00
    endloop
  endfacet
  facet normal  6.087615e-01  7.933532e-01  -0.000000e+00
    outer loop
      vertex -8.000000e+01 -1.732051e+01  1.500000e+01
      vertex -8.414214e+01 -1.414214e+01  5.000000e+00
      vertex -8.414214e+01 -1.414214e+01  1.500000e+01
    endloop
  endfacet
  facet normal  7.933531e-01  6.087618e-01  0.000000e+00
    outer loop
      vertex -8.414214e+01 -1.414214e+01  1.500000e+01
      vertex -8.414214e+01 -1.414214e+01  5.000000e+00
      vertex -8.732051e+01 -1.000000e+01  5.000000e+00
    endloop
  endfacet
  facet normal  7.933531e-01  6.087618e-01  -0.000000e+00
    outer loop
      vertex -8.414214e+01 -1.414214e+01  1.500000e+01
      vertex -8.732051e+01 -1.000000e+01  5.000000e+00
      vertex -8.732051e+01 -1.000000e+01  1.500000e+01
    endloop
  endfacet
  facet normal  9.238796e-01  3.826835e-01  0.000000e+00
    outer loop
      vertex -8.732051e+01 -1.000000e+01  1.500000e+01
      vertex -8.732051e+01 -1.000000e+01  5.000000e+00
      vertex -8.931852e+01 -5.176381e+00  5.000000e+00
    endloop
  endfacet
  facet normal  9.238796e-01  3.826835e-01  -0.000000e+00
    outer loop
      vertex -8.732051e+01 -1.000000e+01  1.500000e+01
      vertex -8.931852e+01 -5.176381e+00  5.000000e+00
      vertex -8.931852e+01 -5.176381e+00  1.500000e+01
    endloop
  endfacet
  facet normal  9.914449e-01  1.305256e-01  0.000000e+00
    outer loop
      vertex -8.931852e+01 -5.176381e+00  1.500000e+01
      vertex -8.931852e+01 -5.176381e+00  5.000000e+00
      vertex -9.000000e+01  2.449294e-15  5.000000e+00
    endloop
  endfacet
  facet normal  9.914449e-01  1.305256e-01  -0.000000e+00
    outer loop
      vertex -8.931852e+01 -5.176381e+00  1.500000e+01
      vertex -9.000000e+01  2.449294e-15  5.000000e+00
      vertex -9.000000e+01  2.449294e-15  1.500000e+01
    endloop
  endfacet
  facet normal  1.305263e-01 -9.914448e-01  0.000000e+00
    outer loop
      vertex -7.000000e+01  2.000000e+01  5.000000e+00
      vertex -7.517638e+01  1.931852e+01  1.500000e+01
      vertex -7.517638e+01  1.931852e+01  5.000000e+00
    endloop
  endfacet
  facet normal  3.826834e-01 -9.238795e-01  0.000000e+00
    outer loop
      vertex -7.517638e+01  1.931852e+01  5.000000e+00
      vertex -7.517638e+01  1.931852e+01  1.500000e+01
      vertex -8.000000e+01  1.732051e+01  1.500000e+01
    endloop
  endfacet
  facet normal  3.826834e-01 -9.238795e-01  0.000000e+00
    outer loop
      vertex -7.517638e+01  1.931852e+01  5.000000e+00
      vertex -8.000000e+01  1.732051e+01  1.500000e+01
      vertex -8.000000e+01  1.732051e+01  5.000000e+00
    endloop
  endfacet
  facet normal  6.087615e-01 -7.933532e-01  0.000000e+00
    outer loop
      vertex -8.000000e+01  1.732051e+01  5.000000e+00
      vertex -8.000000e+01  1.732051e+01  1.500000e+01
      vertex -8.414214e+01  1.414214e+01  1.500000e+01
    endloop
  endfacet
  facet normal  6.087615e-01 -7.933532e-01  0.000000e+00
    outer loop
      vertex -8.000000e+01  1.732051e+01  5.000000e+00
      vertex -8.414214e+01  1.414214e+01  1.500000e+01
      vertex -8.414214e+01  1.414214e+01  5.000000e+00
    endloop
  endfacet
  facet normal  7.933531e-01 -6.087618e-01  0.000000e+00
    outer loop
      vertex -8.414214e+01  1.414214e+01  5.000000e+00
      vertex -8.414214e+01  1.414214e+01  1.500000e+01
      vertex -8.732051e+01  1.000000e+01  1.500000e+01
    endloop
  endfacet
  facet normal  7.933531e-01 -6.087618e-01  0.000000e+00
    outer loop
      vertex -8.414214e+01  1.414214e+01  5.000000e+00
      vertex -8.732051e+01  1.000000e+01  1.500000e+01
      vertex -8.732051e+01  1.000000e+01  5.000000e+00
    endloop
  endfacet
  facet normal  9.238796e-01 -3.826835e-01  0.000000e+00
    outer loop
      vertex -8.732051e+01  1.000000e+01  5.000000e+00
      vertex -8.732051e+01  1.000000e+01  1.500000e+01
      vertex -8.931852e+01  5.176381e+00  1.500000e+01
    endloop
  endfacet
  facet normal  9.238796e-01 -3.826835e-01  0.000000e+00
    outer loop
      vertex -8.732051e+01  1.000000e+01  5.000000e+00
      vertex -8.931852e+01  5.176381e+00  1.500000e+01
      vertex -8.931852e+01  5.176381e+00  5.000000e+00
    endloop
  endfacet
  facet normal  9.914449e-01 -1.305256e-01  0.000000e+00
    outer loop
      vertex -8.931852e+01  5.176381e+00  5.000000e+00
      vertex -8.931852e+01  5.176381e+00  1.500000e+01
      vertex -9.000000e+01  2.449294e-15  1.500000e+01
    endloop
  endfacet
  facet normal  9.914449e-01 -1.305256e-01  0.000000e+00
    outer loop
      vertex -8.931852e+01  5.176381e+00  5.000000e+00
      vertex -9.000000e+01  2.449294e-15  1.500000e+01
      vertex -9.000000e+01  2.449294e-15  5.000000e+00
    endloop
  endfacet
  facet normal  1.305263e-01 -9.914448e-01  0.000000e+00
    outer loop
      vertex -7.517638e+01  1.931852e+01  1.500000e+01
      vertex -7.000000e+01  2.000000e+01  5.000000e+00
      vertex -7.000000e+01  2.000000e+01  1.500000e+01
    endloop
  endfacet
  facet normal -1.305263e-01 -9.914448e-01  -0.000000e+00
    outer loop
      vertex -7.000000e+01  2.000000e+01  1.500000e+01
      vertex -7.000000e+01  2.000000e+01  5.000000e+00
      vertex -6.482362e+01  1.931852e+01  5.000000e+00
    endloop
  endfacet
  facet normal -1.305263e-01 -9.914448e-01  0.000000e+00
    outer loop
      vertex -7.000000e+01  2.000000e+01  1.500000e+01
      vertex -6.482362e+01  1.931852e+01  5.000000e+00
      vertex -6.482362e+01  1.931852e+01  1.500000e+01
    endloop
  endfacet
  facet normal -3.826834e-01 -9.238795e-01  -0.000000e+00
    outer loop
      vertex -6.482362e+01  1.931852e+01  1.500000e+01
      vertex -6.482362e+01  1.931852e+01  5.000000e+00
      vertex -6.000000e+01  1.732051e+01  5.000000e+00
    endloop
  endfacet
  facet normal -3.826834e-01 -9.238795e-01  0.000000e+00
    outer loop
      vertex -6.482362e+01  1.931852e+01  1.500000e+01
      vertex -6.000000e+01  1.732051e+01  5.000000e+00
      vertex -6.000000e+01  1.732051e+01  1.500000e+01
    endloop
  endfacet
  facet normal -6.087615e-01 -7.933532e-01  -0.000000e+00
    outer loop
      vertex -6.000000e+01  1.732051e+01  1.500000e+01
      vertex -6.000000e+01  1.732051e+01  5.000000e+00
      vertex -5.585786e+01  1.414214e+01  5.000000e+00
    endloop
  endfacet
  facet normal -6.087615e-01 -7.933532e-01  0.000000e+00
    outer loop
      vertex -6.000000e+01  1.732051e+01  1.500000e+01
      vertex -5.585786e+01  1.414214e+01  5.000000e+00
      vertex -5.585786e+01  1.414214e+01  1.500000e+01
    endloop
  endfacet
  facet normal -7.933534e-01 -6.087613e-01  -0.000000e+00
    outer loop
      vertex -5.585786e+01  1.414214e+01  1.500000e+01
      vertex -5.585786e+01  1.414214e+01  5.000000e+00
      vertex -5.267949e+01  1.000000e+01  5.000000e+00
    endloop
  endfacet
  facet normal -7.933534e-01 -6.087613e-01  0.000000e+00
    outer loop
      vertex -5.585786e+01  1.414214e+01  1.500000e+01
      vertex -5.267949e+01  1.000000e+01  5.000000e+00
      vertex -5.267949e+01  1.000000e+01  1.500000e+01
    endloop
  endfacet
  facet normal -9.238796e-01 -3.826835e-01  -0.000000e+00
    outer loop
      vertex -5.267949e+01  1.000000e+01  1.500000e+01
      vertex -5.267949e+01  1.000000e+01  5.000000e+00
      vertex -5.068148e+01  5.176381e+00  5.000000e+00
    endloop
  endfacet
  facet normal -9.238796e-01 -3.826835e-01  0.000000e+00
    outer loop
      vertex -5.267949e+01  1.000000e+01  1.500000e+01
      vertex -5.068148e+01  5.176381e+00  5.000000e+00
      vertex -5.068148e+01  5.176381e+00  1.500000e+01
    endloop
  endfacet
  facet normal -9.914448e-01 -1.305263e-01  -0.000000e+00
    outer loop
      vertex -5.068148e+01  5.176381e+00  1.500000e+01
      vertex -5.068148e+01  5.176381e+00  5.000000e+00
      vertex -5.000000e+01 -4.898587e-15  5.000000e+00
    endloop
  endfacet
  facet normal -9.914448e-01 -1.305263e-01  0.000000e+00
    outer loop
      vertex -5.068148e+01  5.176381e+00  1.500000e+01
      vertex -5.000000e+01 -4.898587e-15  5.000000e+00
      vertex -5.000000e+01 -4.898587e-15  1.500000e+01
    endloop
  endfacet
  facet normal  -0.000000e+00  -0.000000e+00  9.999999e-01
    outer loop
      vertex -7.000000e+01  2.000000e+01  1.500000e+01
      vertex -6.482362e+01  1.931852e+01  1.500000e+01
      vertex -4.654506e+01  1.870469e+01  1.500000e+01
    endloop
  endfacet
  facet normal  0.000000e+00  0.000000e+00  1.000000e+00
    outer loop
      vertex -7.000000e+01  2.000000e+01  1.500000e+01
      vertex -4.654506e+01  1.870469e+01  1.500000e+01
      vertex -5.129531e+01  2.345494e+01  1.500000e+01
    endloop
  endfacet
  facet normal  0.000000e+00  0.000000e+00  1.000000e+00
    outer loop
      vertex -7.000000e+01  2.000000e+01  1.500000e+01
      vertex -5.129531e+01  2.345494e+01  1.500000e+01
      vertex -5.698349e+01  2.702907e+01  1.500000e+01
    endloop
  endfacet
  facet normal  0.000000e+00  0.000000e+00  1.000000e+00
    outer loop
      vertex -7.000000e+01  2.000000e+01  1.500000e+01
      vertex -5.698349e+01  2.702907e+01  1.500000e+01
      vertex -6.332437e+01  2.924784e+01  1.500000e+01
    endloop
  endfacet
  facet normal  0.000000e+00  0.000000e+00  1.000000e+00
    outer loop
      vertex -7.000000e+01  2.000000e+01  1.500000e+01
      vertex -6.332437e+01  2.924784e+01  1.500000e+01
      vertex -7.000000e+01  3.000000e+01  1.500000e+01
    endloop
  endfacet
  facet normal  0.000000e+00  0.000000e+00  1.000000e+00
    outer loop
      vertex -7.000000e+01  2.000000e+01  1.500000e+01
      vertex -7.000000e+01  3.000000e+01  1.500000e+01
      vertex -7.667563e+01  2.924784e+01  1.500000e+01
    endloop
  endfacet
  facet normal  0.000000e+00  0.000000e+00  1.000000e+00
    outer loop
      vertex -7.000000e+01  2.000000e+01  1.500000e+01
      vertex -7.667563e+01  2.924784e+01  1.500000e+01
      vertex -8.301651e+01  2.702907e+01  1.500000e+01
    endloop
  endfacet
  facet normal  0.000000e+00  0.000000e+00  1.000000e+00
    outer loop
      vertex -7.000000e+01  2.000000e+01  1.500000e+01
      vertex -8.301651e+01  2.702907e+01  1.500000e+01
      vertex -8.870470e+01  2.345494e+01  1.500000e+01
    endloop
  endfacet
  facet normal  0.000000e+00  0.000000e+00  1.000000e+00
    outer loop
      vertex -7.000000e+01  2.000000e+01  1.500000e+01
      vertex -8.870470e+01  2.345494e+01  1.500000e+01
      vertex -9.345494e+01  1.870469e+01  1.500000e+01
    endloop
  endfacet
  facet normal  0.000000e+00  0.000000e+00  1.000000e+00
    outer loop
      vertex -7.000000e+01  2.000000e+01  1.500000e+01
      vertex -9.345494e+01  1.870469e+01  1.500000e+01
      vertex -7.517638e+01  1.931852e+01  1.500000e+01
    endloop
  endfacet
  facet normal  -0.000000e+00  0.000000e+00  1.000000e+00
    outer loop
      vertex -7.517638e+01  1.931852e+01  1.500000e+01
      vertex -9.345494e+01  1.870469e+01  1.500000e+01
      vertex -8.000000e+01  1.732051e+01  1.500000e+01
    endloop
  endfacet
  facet normal  0.000000e+00  0.000000e+00  1.000000e+00
    outer loop
      vertex -8.000000e+01  1.732051e+01  1.500000e+01
      vertex -9.345494e+01  1.870469e+01  1.500000e+01
      vertex -9.702907e+01  1.301651e+01  1.500000e+01
    endloop
  endfacet
  facet normal  0.000000e+00  0.000000e+00  1.000000e+00
    outer loop
      vertex -8.000000e+01  1.732051e+01  1.500000e+01
      vertex -9.702907e+01  1.301651e+01  1.500000e+01
      vertex -8.414214e+01  1.414214e+01  1.500000e+01
    endloop
  endfacet
  facet normal  -0.000000e+00  0.000000e+00  1.000000e+00
    outer loop
      vertex -8.414214e+01  1.414214e+01  1.500000e+01
      vertex -9.702907e+01  1.301651e+01  1.500000e+01
      vertex -8.732051e+01  1.000000e+01  1.500000e+01
    endloop
  endfacet
  facet normal  0.000000e+00  0.000000e+00  1.000000e+00
    outer loop
      vertex -8.732051e+01  1.000000e+01  1.500000e+01
      vertex -9.702907e+01  1.301651e+01  1.500000e+01
      vertex -9.924784e+01  6.675628e+00  1.500000e+01
    endloop
  endfacet
  facet normal  -0.000000e+00  0.000000e+00  1.000000e+00
    outer loop
      vertex -8.732051e+01  1.000000e+01  1.500000e+01
      vertex -9.924784e+01  6.675628e+00  1.500000e+01
      vertex -8.931852e+01  5.176381e+00  1.500000e+01
    endloop
  endfacet
  facet normal  0.000000e+00  0.000000e+00  9.999999e-01
    outer loop
      vertex -8.931852e+01  5.176381e+00  1.500000e+01
      vertex -9.924784e+01  6.675628e+00  1.500000e+01
      vertex -9.000000e+01  2.449294e-15  1.500000e+01
    endloop
  endfacet
  facet normal  0.000000e+00  0.000000e+00  1.000000e+00
    outer loop
      vertex -9.000000e+01  2.449294e-15  1.500000e+01
      vertex -9.924784e+01  6.675628e+00  1.500000e+01
      vertex -1.000000e+02  1.699662e-14  1.500000e+01
    endloop
  endfacet
  facet normal  0.000000e+00  0.000000e+00  1.000000e+00
    outer loop
      vertex -9.000000e+01  2.449294e-15  1.500000e+01
      vertex -1.000000e+02  1.699662e-14  1.500000e+01
      vertex -8.931852e+01 -5.176381e+00  1.500000e+01
    endloop
  endfacet
  facet normal  0.000000e+00  0.000000e+00  9.999999e-01
    outer loop
      vertex -8.931852e+01 -5.176381e+00  1.500000e+01
      vertex -1.000000e+02  1.699662e-14  1.500000e+01
      vertex -9.924784e+01 -6.675628e+00  1.500000e+01
    endloop
  endfacet
  facet normal  -0.000000e+00  0.000000e+00  1.000000e+00
    outer loop
      vertex -8.931852e+01 -5.176381e+00  1.500000e+01
      vertex -9.924784e+01 -6.675628e+00  1.500000e+01
      vertex -8.732051e+01 -1.000000e+01  1.500000e+01
    endloop
  endfacet
  facet normal  0.000000e+00  0.000000e+00  1.000000e+00
    outer loop
      vertex -8.732051e+01 -1.000000e+01  1.500000e+01
      vertex -9.924784e+01 -6.675628e+00  1.500000e+01
      vertex -9.702907e+01 -1.301651e+01  1.500000e+01
    endloop
  endfacet
  facet normal  -0.000000e+00  0.000000e+00  1.000000e+00
    outer loop
      vertex -8.732051e+01 -1.000000e+01  1.500000e+01
      vertex -9.702907e+01 -1.301651e+01  1.500000e+01
      vertex -8.414214e+01 -1.414214e+01  1.500000e+01
    endloop
  endfacet
  facet normal  0.000000e+00  0.000000e+00  1.000000e+00
    outer loop
      vertex -8.414214e+01 -1.414214e+01  1.500000e+01
      vertex -9.702907e+01 -1.301651e+01  1.500000e+01
      vertex -8.000000e+01 -1.732051e+01  1.500000e+01
    endloop
  endfacet
  facet normal  0.000000e+00  0.000000e+00  1.000000e+00
    outer loop
      vertex -8.000000e+01 -1.732051e+01  1.500000e+01
      vertex -9.702907e+01 -1.301651e+01  1.500000e+01
      vertex -9.345494e+01 -1.870469e+01  1.500000e+01
    endloop
  endfacet
  facet normal  -0.000000e+00  0.000000e+00  1.000000e+00
    outer loop
      vertex -8.000000e+01 -1.732051e+01  1.500000e+01
      vertex -9.345494e+01 -1.870469e+01  1.500000e+01
      vertex -7.517638e+01 -1.931852e+01  1.500000e+01
    endloop
  endfacet
  facet normal  0.000000e+00  0.000000e+00  1.000000e+00
    outer loop
      vertex -7.517638e+01 -1.931852e+01  1.500000e+01
      vertex -9.345494e+01 -1.870469e+01  1.500000e+01
      vertex -7.000000e+01 -2.000000e+01  1.500000e+01
    endloop
  endfacet
  facet normal  0.000000e+00  0.000000e+00  9.999999e-01
    outer loop
      vertex -7.000000e+01 -2.000000e+01  1.500000e+01
      vertex -9.345494e+01 -1.870469e+01  1.500000e+01
      vertex -8.870470e+01 -2.345494e+01  1.500000e+01
    endloop
  endfacet
  facet normal  -0.000000e+00  0.000000e+00  1.000000e+00
    outer loop
      vertex -7.000000e+01 -2.000000e+01  1.500000e+01
      vertex -8.870470e+01 -2.345494e+01  1.500000e+01
      vertex -7.000000e+01 -3.000000e+01  1.500000e+01
    endloop
  endfacet
  facet normal  0.000000e+00  0.000000e+00  1.000000e+00
    outer loop
      vertex -7.000000e+01 -3.000000e+01  1.500000e+01
      vertex -8.870470e+01 -2.345494e+01  1.500000e+01
      vertex -8.301651e+01 -2.702907e+01  1.500000e+01
    endloop
  endfacet
  facet normal  0.000000e+00  0.000000e+00  1.000000e+00
    outer loop
      vertex -7.000000e+01 -3.000000e+01  1.500000e+01
      vertex -8.301651e+01 -2.702907e+01  1.500000e+01
      vertex -7.667563e+01 -2.924784e+01  1.500000e+01
    endloop
  endfacet
  facet normal  0.000000e+00  0.000000e+00  1.000000e+00
    outer loop
      vertex -4.654506e+01  1.870469e+01  1.500000e+01
      vertex -6.482362e+01  1.931852e+01  1.500000e+01
      vertex -4.297094e+01  1.301651e+01  1.500000e+01
    endloop
  endfacet
  facet normal  0.000000e+00  0.000000e+00  1.000000e+00
    outer loop
      vertex -4.297094e+01  1.301651e+01  1.500000e+01
      vertex -6.482362e+01  1.931852e+01  1.500000e+01
      vertex -6.000000e+01  1.732051e+01  1.500000e+01
    endloop
  endfacet
  facet normal  0.000000e+00  0.000000e+00  1.000000e+00
    outer loop
      vertex -4.297094e+01  1.301651e+01  1.500000e+01
      vertex -6.000000e+01  1.732051e+01  1.500000e+01
      vertex -5.585786e+01  1.414214e+01  1.500000e+01
    endloop
  endfacet
  facet normal  0.000000e+00  0.000000e+00  1.000000e+00
    outer loop
      vertex -4.297094e+01  1.301651e+01  1.500000e+01
      vertex -5.585786e+01  1.414214e+01  1.500000e+01
      vertex -4.075216e+01  6.675628e+00  1.500000e+01
    endloop
  endfacet
  facet normal  0.000000e+00  0.000000e+00  1.000000e+00
    outer loop
      vertex -4.075216e+01  6.675628e+00  1.500000e+01
      vertex -5.585786e+01  1.414214e+01  1.500000e+01
      vertex -5.267949e+01  1.000000e+01  1.500000e+01
    endloop
  endfacet
  facet normal  0.000000e+00  0.000000e+00  1.000000e+00
    outer loop
      vertex -4.075216e+01  6.675628e+00  1.500000e+01
      vertex -5.267949e+01  1.000000e+01  1.500000e+01
      vertex -5.068148e+01  5.176381e+00  1.500000e+01
    endloop
  endfacet
  facet normal  -0.000000e+00  0.000000e+00  1.000000e+00
    outer loop
      vertex -4.075216e+01  6.675628e+00  1.500000e+01
      vertex -5.068148e+01  5.176381e+00  1.500000e+01
      vertex -4.000000e+01 -3.399323e-14  1.500000e+01
    endloop
  endfacet
  facet normal  0.000000e+00  0.000000e+00  1.000000e+00
    outer loop
      vertex -4.000000e+01 -3.399323e-14  1.500000e+01
      vertex -5.068148e+01  5.176381e+00  1.500000e+01
      vertex -5.000000e+01 -4.898587e-15  1.500000e+01
    endloop
  endfacet
  facet normal  0.000000e+00  0.000000e+00  1.000000e+00
    outer loop
      vertex -4.000000e+01 -3.399323e-14  1.500000e+01
      vertex -5.000000e+01 -4.898587e-15  1.500000e+01
      vertex -4.075216e+01 -6.675628e+00  1.500000e+01
    endloop
  endfacet
  facet normal  0.000000e+00  0.000000e+00  1.000000e+00
    outer loop
      vertex -4.075216e+01 -6.675628e+00  1.500000e+01
      vertex -5.000000e+01 -4.898587e-15  1.500000e+01
      vertex -5.068148e+01 -5.176381e+00  1.500000e+01
    endloop
  endfacet
  facet normal  0.000000e+00  0.000000e+00  1.000000e+00
    outer loop
      vertex -4.075216e+01 -6.675628e+00  1.500000e+01
      vertex -5.068148e+01 -5.176381e+00  1.500000e+01
      vertex -4.297094e+01 -1.301651e+01  1.500000e+01
    endloop
  endfacet
  facet normal  0.000000e+00  0.000000e+00  1.000000e+00
    outer loop
      vertex -4.297094e+01 -1.301651e+01  1.500000e+01
      vertex -5.068148e+01 -5.176381e+00  1.500000e+01
      vertex -5.267949e+01 -1.000000e+01  1.500000e+01
    endloop
  endfacet
  facet normal  0.000000e+00  0.000000e+00  1.000000e+00
    outer loop
      vertex -4.297094e+01 -1.301651e+01  1.500000e+01
      vertex -5.267949e+01 -1.000000e+01  1.500000e+01
      vertex -5.585786e+01 -1.414214e+01  1.500000e+01
    endloop
  endfacet
  facet normal  -0.000000e+00  0.000000e+00  1.000000e+00
    outer loop
      vertex -4.297094e+01 -1.301651e+01  1.500000e+01
      vertex -5.585786e+01 -1.414214e+01  1.500000e+01
      vertex -4.654506e+01 -1.870469e+01  1.500000e+01
    endloop
  endfacet
  facet normal  0.000000e+00  0.000000e+00  9.999999e-01
    outer loop
      vertex -4.654506e+01 -1.870469e+01  1.500000e+01
      vertex -5.585786e+01 -1.414214e+01  1.500000e+01
      vertex -6.000000e+01 -1.732051e+01  1.500000e+01
    endloop
  endfacet
  facet normal  0.000000e+00  0.000000e+00  1.000000e+00
    outer loop
      vertex -4.654506e+01 -1.870469e+01  1.500000e+01
      vertex -6.000000e+01 -1.732051e+01  1.500000e+01
      vertex -6.482362e+01 -1.931852e+01  1.500000e+01
    endloop
  endfacet
  facet normal  -0.000000e+00  0.000000e+00  9.999999e-01
    outer loop
      vertex -4.654506e+01 -1.870469e+01  1.500000e+01
      vertex -6.482362e+01 -1.931852e+01  1.500000e+01
      vertex -5.129531e+01 -2.345494e+01  1.500000e+01
    endloop
  endfacet
  facet normal  0.000000e+00  0.000000e+00  1.000000e+00
    outer loop
      vertex -5.129531e+01 -2.345494e+01  1.500000e+01
      vertex -6.482362e+01 -1.931852e+01  1.500000e+01
      vertex -7.000000e+01 -2.000000e+01  1.500000e+01
    endloop
  endfacet
  facet normal  0.000000e+00  0.000000e+00  1.000000e+00
    outer loop
      vertex -5.129531e+01 -2.345494e+01  1.500000e+01
      vertex -7.000000e+01 -2.000000e+01  1.500000e+01
      vertex -5.698349e+01 -2.702907e+01  1.500000e+01
    endloop
  endfacet
  facet normal  0.000000e+00  0.000000e+00  1.000000e+00
    outer loop
      vertex -5.698349e+01 -2.702907e+01  1.500000e+01
      vertex -7.000000e+01 -2.000000e+01  1.500000e+01
      vertex -7.000000e+01 -3.000000e+01  1.500000e+01
    endloop
  endfacet
  facet normal  0.000000e+00  0.000000e+00  1.000000e+00
    outer loop
      vertex -5.698349e+01 -2.702907e+01  1.500000e+01
      vertex -7.000000e+01 -3.000000e+01  1.500000e+01
      vertex -6.332437e+01 -2.924784e+01  1.500000e+01
    endloop
  endfacet
  facet normal -1.305263e-01  9.914448e-01  0.000000e+00
    outer loop
      vertex -7.000000e+01 -2.000000e+01 -1.500000e+01
      vertex -6.482362e+01 -1.931852e+01 -5.000000e+00
      vertex -6.482362e+01 -1.931852e+01 -1.500000e+01
    endloop
  endfacet
  facet normal -3.826834e-01  9.238795e-01  0.000000e+00
    outer loop
      vertex -6.482362e+01 -1.931852e+01 -1.500000e+01
      vertex -6.482362e+01 -1.931852e+01 -5.000000e+00
      vertex -6.000000e+01 -1.732051e+01 -5.000000e+00
    endloop
  endfacet
  facet normal -3.826834e-01  9.238795e-01  0.000000e+00
    outer loop
      vertex -6.482362e+01 -1.931852e+01 -1.500000e+01
      vertex -6.000000e+01 -1.732051e+01 -5.000000e+00
      vertex -6.000000e+01 -1.732051e+01 -1.500000e+01
    endloop
  endfacet
  facet normal -6.087615e-01  7.933532e-01  0.000000e+00
    outer loop
      vertex -6.000000e+01 -1.732051e+01 -1.500000e+01
      vertex -6.000000e+01 -1.732051e+01 -5.000000e+00
      vertex -5.585786e+01 -1.414214e+01 -5.000000e+00
    endloop
  endfacet
  facet normal -6.087615e-01  7.933532e-01  0.000000e+00
    outer loop
      vertex -6.000000e+01 -1.732051e+01 -1.500000e+01
      vertex -5.585786e+01 -1.414214e+01 -5.000000e+00
      vertex -5.585786e+01 -1.414214e+01 -1.500000e+01
    endloop
  endfacet
  facet normal -7.933534e-01  6.087613e-01  0.000000e+00
    outer loop
      vertex -5.585786e+01 -1.414214e+01 -1.500000e+01
      vertex -5.585786e+01 -1.414214e+01 -5.000000e+00
      vertex -5.267949e+01 -1.000000e+01 -5.000000e+00
    endloop
  endfacet
  facet normal -7.933534e-01  6.087613e-01  0.000000e+00
    outer loop
      vertex -5.585786e+01 -1.414214e+01 -1.500000e+01
      vertex -5.267949e+01 -1.000000e+01 -5.000000e+00
      vertex -5.267949e+01 -1.000000e+01 -1.500000e+01
    endloop
  endfacet
  facet normal -9.238796e-01  3.826835e-01  0.000000e+00
    outer loop
      vertex -5.267949e+01 -1.000000e+01 -1.500000e+01
      vertex -5.267949e+01 -1.000000e+01 -5.000000e+00
      vertex -5.068148e+01 -5.176381e+00 -5.000000e+00
    endloop
  endfacet
  facet normal -9.238796e-01  3.826835e-01  0.000000e+00
    outer loop
      vertex -5.267949e+01 -1.000000e+01 -1.500000e+01
      vertex -5.068148e+01 -5.176381e+00 -5.000000e+00
      vertex -5.068148e+01 -5.176381e+00 -1.500000e+01
    endloop
  endfacet
  facet normal -9.914448e-01  1.305263e-01  0.000000e+00
    outer loop
      vertex -5.068148e+01 -5.176381e+00 -1.500000e+01
      vertex -5.068148e+01 -5.176381e+00 -5.000000e+00
      vertex -5.000000e+01  0.000000e+00 -5.000000e+00
    endloop
  endfacet
  facet normal -9.914448e-01  1.305263e-01 -6.393946e-17
    outer loop
      vertex -5.068148e+01 -5.176381e+00 -1.500000e+01
      vertex -5.000000e+01  0.000000e+00 -5.000000e+00
      vertex -5.000000e+01 -4.898587e-15 -1.500000e+01
    endloop
  endfacet
  facet normal -1.305263e-01  9.914448e-01  0.000000e+00
    outer loop
      vertex -6.482362e+01 -1.931852e+01 -5.000000e+00
      vertex -7.000000e+01 -2.000000e+01 -1.500000e+01
      vertex -7.000000e+01 -2.000000e+01 -5.000000e+00
    endloop
  endfacet
  facet normal  1.305263e-01  9.914448e-01  0.000000e+00
    outer loop
      vertex -7.000000e+01 -2.000000e+01 -5.000000e+00
      vertex -7.000000e+01 -2.000000e+01 -1.500000e+01
      vertex -7.517638e+01 -1.931852e+01 -1.500000e+01
    endloop
  endfacet
  facet normal  1.305263e-01  9.914448e-01  -0.000000e+00
    outer loop
      vertex -7.000000e+01 -2.000000e+01 -5.000000e+00
      vertex -7.517638e+01 -1.931852e+01 -1.500000e+01
      vertex -7.517638e+01 -1.931852e+01 -5.000000e+00
    endloop
  endfacet
  facet normal  3.826834e-01  9.238795e-01  0.000000e+00
    outer loop
      vertex -7.517638e+01 -1.931852e+01 -5.000000e+00
      vertex -7.517638e+01 -1.931852e+01 -1.500000e+01
      vertex -8.000000e+01 -1.732051e+01 -1.500000e+01
    endloop
  endfacet
  facet normal  3.826834e-01  9.238795e-01  -0.000000e+00
    outer loop
      vertex -7.517638e+01 -1.931852e+01 -5.000000e+00
      vertex -8.000000e+01 -1.732051e+01 -1.500000e+01
      vertex -8.000000e+01 -1.732051e+01 -5.000000e+00
    endloop
  endfacet
  facet normal  6.087615e-01  7.933532e-01  0.000000e+00
    outer loop
      vertex -8.000000e+01 -1.732051e+01 -5.000000e+00
      vertex -8.000000e+01 -1.732051e+01 -1.500000e+01
      vertex -8.414214e+01 -1.414214e+01 -1.500000e+01
    endloop
  endfacet
  facet normal  6.087615e-01  7.933532e-01  -0.000000e+00
    outer loop
      vertex -8.000000e+01 -1.732051e+01 -5.000000e+00
      vertex -8.414214e+01 -1.414214e+01 -1.500000e+01
      vertex -8.414214e+01 -1.414214e+01 -5.000000e+00
    endloop
  endfacet
  facet normal  7.933531e-01  6.087618e-01  0.000000e+00
    outer loop
      vertex -8.414214e+01 -1.414214e+01 -5.000000e+00
      vertex -8.414214e+01 -1.414214e+01 -1.500000e+01
      vertex -8.732051e+01 -1.000000e+01 -1.500000e+01
    endloop
  endfacet
  facet normal  7.933531e-01  6.087618e-01  -0.000000e+00
    outer loop
      vertex -8.414214e+01 -1.414214e+01 -5.000000e+00
      vertex -8.732051e+01 -1.000000e+01 -1.500000e+01
      vertex -8.732051e+01 -1.000000e+01 -5.000000e+00
    endloop
  endfacet
  facet normal  9.238796e-01  3.826835e-01  0.000000e+00
    outer loop
      vertex -8.732051e+01 -1.000000e+01 -5.000000e+00
      vertex -8.732051e+01 -1.000000e+01 -1.500000e+01
      vertex -8.931852e+01 -5.176381e+00 -1.500000e+01
    endloop
  endfacet
  facet normal  9.238796e-01  3.826835e-01  -0.000000e+00
    outer loop
      vertex -8.732051e+01 -1.000000e+01 -5.000000e+00
      vertex -8.931852e+01 -5.176381e+00 -1.500000e+01
      vertex -8.931852e+01 -5.176381e+00 -5.000000e+00
    endloop
  endfacet
  facet normal  9.914449e-01  1.305256e-01  0.000000e+00
    outer loop
      vertex -8.931852e+01 -5.176381e+00 -5.000000e+00
      vertex -8.931852e+01 -5.176381e+00 -1.500000e+01
      vertex -9.000000e+01  2.449294e-15 -1.500000e+01
    endloop
  endfacet
  facet normal  9.914449e-01  1.305256e-01 -1.159300e-16
    outer loop
      vertex -8.931852e+01 -5.176381e+00 -5.000000e+00
      vertex -9.000000e+01  2.449294e-15 -1.500000e+01
      vertex -9.000000e+01  1.133108e-14 -5.000000e+00
    endloop
  endfacet
  facet normal  1.305263e-01 -9.914448e-01  0.000000e+00
    outer loop
      vertex -7.000000e+01  2.000000e+01 -1.500000e+01
      vertex -7.517638e+01  1.931852e+01 -5.000000e+00
      vertex -7.517638e+01  1.931852e+01 -1.500000e+01
    endloop
  endfacet
  facet normal  3.826834e-01 -9.238795e-01  0.000000e+00
    outer loop
      vertex -7.517638e+01  1.931852e+01 -1.500000e+01
      vertex -7.517638e+01  1.931852e+01 -5.000000e+00
      vertex -8.000000e+01  1.732051e+01 -5.000000e+00
    endloop
  endfacet
  facet normal  3.826834e-01 -9.238795e-01  0.000000e+00
    outer loop
      vertex -7.517638e+01  1.931852e+01 -1.500000e+01
      vertex -8.000000e+01  1.732051e+01 -5.000000e+00
      vertex -8.000000e+01  1.732051e+01 -1.500000e+01
    endloop
  endfacet
  facet normal  6.087615e-01 -7.933532e-01  0.000000e+00
    outer loop
      vertex -8.000000e+01  1.732051e+01 -1.500000e+01
      vertex -8.000000e+01  1.732051e+01 -5.000000e+00
      vertex -8.414214e+01  1.414214e+01 -5.000000e+00
    endloop
  endfacet
  facet normal  6.087615e-01 -7.933532e-01  0.000000e+00
    outer loop
      vertex -8.000000e+01  1.732051e+01 -1.500000e+01
      vertex -8.414214e+01  1.414214e+01 -5.000000e+00
      vertex -8.414214e+01  1.414214e+01 -1.500000e+01
    endloop
  endfacet
  facet normal  7.933531e-01 -6.087618e-01  0.000000e+00
    outer loop
      vertex -8.414214e+01  1.414214e+01 -1.500000e+01
      vertex -8.414214e+01  1.414214e+01 -5.000000e+00
      vertex -8.732051e+01  1.000000e+01 -5.000000e+00
    endloop
  endfacet
  facet normal  7.933531e-01 -6.087618e-01  0.000000e+00
    outer loop
      vertex -8.414214e+01  1.414214e+01 -1.500000e+01
      vertex -8.732051e+01  1.000000e+01 -5.000000e+00
      vertex -8.732051e+01  1.000000e+01 -1.500000e+01
    endloop
  endfacet
  facet normal  9.238796e-01 -3.826835e-01  0.000000e+00
    outer loop
      vertex -8.732051e+01  1.000000e+01 -1.500000e+01
      vertex -8.732051e+01  1.000000e+01 -5.000000e+00
      vertex -8.931852e+01  5.176381e+00 -5.000000e+00
    endloop
  endfacet
  facet normal  9.238796e-01 -3.826835e-01  0.000000e+00
    outer loop
      vertex -8.732051e+01  1.000000e+01 -1.500000e+01
      vertex -8.931852e+01  5.176381e+00 -5.000000e+00
      vertex -8.931852e+01  5.176381e+00 -1.500000e+01
    endloop
  endfacet
  facet normal  9.914449e-01 -1.305256e-01  0.000000e+00
    outer loop
      vertex -8.931852e+01  5.176381e+00 -1.500000e+01
      vertex -8.931852e+01  5.176381e+00 -5.000000e+00
      vertex -9.000000e+01  1.133108e-14 -5.000000e+00
    endloop
  endfacet
  facet normal  9.914449e-01 -1.305256e-01  1.159300e-16
    outer loop
      vertex -8.931852e+01  5.176381e+00 -1.500000e+01
      vertex -9.000000e+01  1.133108e-14 -5.000000e+00
      vertex -9.000000e+01  2.449294e-15 -1.500000e+01
    endloop
  endfacet
  facet normal  1.305263e-01 -9.914448e-01  0.000000e+00
    outer loop
      vertex -7.517638e+01  1.931852e+01 -5.000000e+00
      vertex -7.000000e+01  2.000000e+01 -1.500000e+01
      vertex -7.000000e+01  2.000000e+01 -5.000000e+00
    endloop
  endfacet
  facet normal -1.305263e-01 -9.914448e-01  -0.000000e+00
    outer loop
      vertex -7.000000e+01  2.000000e+01 -5.000000e+00
      vertex -7.000000e+01  2.000000e+01 -1.500000e+01
      vertex -6.482362e+01  1.931852e+01 -1.500000e+01
    endloop
  endfacet
  facet normal -1.305263e-01 -9.914448e-01  0.000000e+00
    outer loop
      vertex -7.000000e+01  2.000000e+01 -5.000000e+00
      vertex -6.482362e+01  1.931852e+01 -1.500000e+01
      vertex -6.482362e+01  1.931852e+01 -5.000000e+00
    endloop
  endfacet
  facet normal -3.826834e-01 -9.238795e-01  -0.000000e+00
    outer loop
      vertex -6.482362e+01  1.931852e+01 -5.000000e+00
      vertex -6.482362e+01  1.931852e+01 -1.500000e+01
      vertex -6.000000e+01  1.732051e+01 -1.500000e+01
    endloop
  endfacet
  facet normal -3.826834e-01 -9.238795e-01  0.000000e+00
    outer loop
      vertex -6.482362e+01  1.931852e+01 -5.000000e+00
      vertex -6.000000e+01  1.732051e+01 -1.500000e+01
      vertex -6.000000e+01  1.732051e+01 -5.000000e+00
    endloop
  endfacet
  facet normal -6.087615e-01 -7.933532e-01  -0.000000e+00
    outer loop
      vertex -6.000000e+01  1.732051e+01 -5.000000e+00
      vertex -6.000000e+01  1.732051e+01 -1.500000e+01
      vertex -5.585786e+01  1.414214e+01 -1.500000e+01
    endloop
  endfacet
  facet normal -6.087615e-01 -7.933532e-01  0.000000e+00
    outer loop
      vertex -6.000000e+01  1.732051e+01 -5.000000e+00
      vertex -5.585786e+01  1.414214e+01 -1.500000e+01
      vertex -5.585786e+01  1.414214e+01 -5.000000e+00
    endloop
  endfacet
  facet normal -7.933534e-01 -6.087613e-01  -0.000000e+00
    outer loop
      vertex -5.585786e+01  1.414214e+01 -5.000000e+00
      vertex -5.585786e+01  1.414214e+01 -1.500000e+01
      vertex -5.267949e+01  1.000000e+01 -1.500000e+01
    endloop
  endfacet
  facet normal -7.933534e-01 -6.087613e-01  0.000000e+00
    outer loop
      vertex -5.585786e+01  1.414214e+01 -5.000000e+00
      vertex -5.267949e+01  1.000000e+01 -1.500000e+01
      vertex -5.267949e+01  1.000000e+01 -5.000000e+00
    endloop
  endfacet
  facet normal -9.238796e-01 -3.826835e-01  -0.000000e+00
    outer loop
      vertex -5.267949e+01  1.000000e+01 -5.000000e+00
      vertex -5.267949e+01  1.000000e+01 -1.500000e+01
      vertex -5.068148e+01  5.176381e+00 -1.500000e+01
    endloop
  endfacet
  facet normal -9.238796e-01 -3.826835e-01  0.000000e+00
    outer loop
      vertex -5.267949e+01  1.000000e+01 -5.000000e+00
      vertex -5.068148e+01  5.176381e+00 -1.500000e+01
      vertex -5.068148e+01  5.176381e+00 -5.000000e+00
    endloop
  endfacet
  facet normal -9.914448e-01 -1.305263e-01  -0.000000e+00
    outer loop
      vertex -5.068148e+01  5.176381e+00 -5.000000e+00
      vertex -5.068148e+01  5.176381e+00 -1.500000e+01
      vertex -5.000000e+01 -4.898587e-15 -1.500000e+01
    endloop
  endfacet
  facet normal -9.914448e-01 -1.305263e-01  6.393946e-17
    outer loop
      vertex -5.068148e+01  5.176381e+00 -5.000000e+00
      vertex -5.000000e+01 -4.898587e-15 -1.500000e+01
      vertex -5.000000e+01  0.000000e+00 -5.000000e+00
    endloop
  endfacet
  facet normal  -0.000000e+00  -0.000000e+00  9.999999e-01
    outer loop
      vertex  7.000000e+01  2.000000e+01  1.500000e+01
      vertex  7.517638e+01  1.931852e+01  1.500000e+01
      vertex  9.345494e+01  1.870469e+01  1.500000e+01
    endloop
  endfacet
  facet normal  0.000000e+00  0.000000e+00  9.999999e-01
    outer loop
      vertex  7.000000e+01  2.000000e+01  1.500000e+01
      vertex  9.345494e+01  1.870469e+01  1.500000e+01
      vertex  8.870470e+01  2.345494e+01  1.500000e+01
    endloop
  endfacet
  facet normal  0.000000e+00  0.000000e+00  1.000000e+00
    outer loop
      vertex  7.000000e+01  2.000000e+01  1.500000e+01
      vertex  8.870470e+01  2.345494e+01  1.500000e+01
      vertex  8.301651e+01  2.702907e+01  1.500000e+01
    endloop
  endfacet
  facet normal  0.000000e+00  0.000000e+00  1.000000e+00
    outer loop
      vertex  7.000000e+01  2.000000e+01  1.500000e+01
      vertex  8.301651e+01  2.702907e+01  1.500000e+01
      vertex  7.667563e+01  2.924784e+01  1.500000e+01
    endloop
  endfacet
  facet normal  0.000000e+00  0.000000e+00  1.000000e+00
    outer loop
      vertex  7.000000e+01  2.000000e+01  1.500000e+01
      vertex  7.667563e+01  2.924784e+01  1.500000e+01
      vertex  7.000000e+01  3.000000e+01  1.500000e+01
    endloop
  endfacet
  facet normal  0.000000e+00  0.000000e+00  1.000000e+00
    outer loop
      vertex  7.000000e+01  2.000000e+01  1.500000e+01
      vertex  7.000000e+01  3.000000e+01  1.500000e+01
      vertex  6.332437e+01  2.924784e+01  1.500000e+01
    endloop
  endfacet
  facet normal  0.000000e+00  0.000000e+00  1.000000e+00
    outer loop
      vertex  7.000000e+01  2.000000e+01  1.500000e+01
      vertex  6.332437e+01  2.924784e+01  1.500000e+01
      vertex  5.698349e+01  2.702907e+01  1.500000e+01
    endloop
  endfacet
  facet normal  0.000000e+00  0.000000e+00  1.000000e+00
    outer loop
      vertex  7.000000e+01  2.000000e+01  1.500000e+01
      vertex  5.698349e+01  2.702907e+01  1.500000e+01
      vertex  5.129531e+01  2.345494e+01  1.500000e+01
    endloop
  endfacet
  facet normal  0.000000e+00  0.000000e+00  1.000000e+00
    outer loop
      vertex  7.000000e+01  2.000000e+01  1.500000e+01
      vertex  5.129531e+01  2.345494e+01  1.500000e+01
      vertex  4.654506e+01  1.870469e+01  1.500000e+01
    endloop
  endfacet
  facet normal  0.000000e+00  0.000000e+00  9.999999e-01
    outer loop
      vertex  7.000000e+01  2.000000e+01  1.500000e+01
      vertex  4.654506e+01  1.870469e+01  1.500000e+01
      vertex  6.482362e+01  1.931852e+01  1.500000e+01
    endloop
  endfacet
  facet normal  -0.000000e+00  0.000000e+00  1.000000e+00
    outer loop
      vertex  6.482362e+01  1.931852e+01  1.500000e+01
      vertex  4.654506e+01  1.870469e+01  1.500000e+01
      vertex  6.000000e+01  1.732051e+01  1.500000e+01
    endloop
  endfacet
  facet normal  0.000000e+00  0.000000e+00  1.000000e+00
    outer loop
      vertex  6.000000e+01  1.732051e+01  1.500000e+01
      vertex  4.654506e+01  1.870469e+01  1.500000e+01
      vertex  4.297094e+01  1.301651e+01  1.500000e+01
    endloop
  endfacet
  facet normal  0.000000e+00  0.000000e+00  1.000000e+00
    outer loop
      vertex  6.000000e+01  1.732051e+01  1.500000e+01
      vertex  4.297094e+01  1.301651e+01  1.500000e+01
      vertex  5.585786e+01  1.414214e+01  1.500000e+01
    endloop
  endfacet
  facet normal  -0.000000e+00  0.000000e+00  1.000000e+00
    outer loop
      vertex  5.585786e+01  1.414214e+01  1.500000e+01
      vertex  4.297094e+01  1.301651e+01  1.500000e+01
      vertex  5.267949e+01  1.000000e+01  1.500000e+01
    endloop
  endfacet
  facet normal  0.000000e+00  0.000000e+00  1.000000e+00
    outer loop
      vertex  5.267949e+01  1.000000e+01  1.500000e+01
      vertex  4.297094e+01  1.301651e+01  1.500000e+01
      vertex  4.075216e+01  6.675628e+00  1.500000e+01
    endloop
  endfacet
  facet normal  -0.000000e+00  0.000000e+00  1.000000e+00
    outer loop
      vertex  5.267949e+01  1.000000e+01  1.500000e+01
      vertex  4.075216e+01  6.675628e+00  1.500000e+01
      vertex  5.068148e+01  5.176381e+00  1.500000e+01
    endloop
  endfacet
  facet normal  0.000000e+00  0.000000e+00  1.000000e+00
    outer loop
      vertex  5.068148e+01  5.176381e+00  1.500000e+01
      vertex  4.075216e+01  6.675628e+00  1.500000e+01
      vertex  5.000000e+01  2.449294e-15  1.500000e+01
    endloop
  endfacet
  facet normal  0.000000e+00  0.000000e+00  1.000000e+00
    outer loop
      vertex  5.000000e+01  2.449294e-15  1.500000e+01
      vertex  4.075216e+01  6.675628e+00  1.500000e+01
      vertex  4.000000e+01  1.699662e-14  1.500000e+01
    endloop
  endfacet
  facet normal  0.000000e+00  0.000000e+00  1.000000e+00
    outer loop
      vertex  5.000000e+01  2.449294e-15  1.500000e+01
      vertex  4.000000e+01  1.699662e-14  1.500000e+01
      vertex  5.068148e+01 -5.176381e+00  1.500000e+01
    endloop
  endfacet
  facet normal  0.000000e+00  0.000000e+00  1.000000e+00
    outer loop
      vertex  5.068148e+01 -5.176381e+00  1.500000e+01
      vertex  4.000000e+01  1.699662e-14  1.500000e+01
      vertex  4.075216e+01 -6.675628e+00  1.500000e+01
    endloop
  endfacet
  facet normal  -0.000000e+00  0.000000e+00  1.000000e+00
    outer loop
      vertex  5.068148e+01 -5.176381e+00  1.500000e+01
      vertex  4.075216e+01 -6.675628e+00  1.500000e+01
      vertex  5.267949e+01 -1.000000e+01  1.500000e+01
    endloop
  endfacet
  facet normal  0.000000e+00  0.000000e+00  1.000000e+00
    outer loop
      vertex  5.267949e+01 -1.000000e+01  1.500000e+01
      vertex  4.075216e+01 -6.675628e+00  1.500000e+01
      vertex  4.297094e+01 -1.301651e+01  1.500000e+01
    endloop
  endfacet
  facet normal  -0.000000e+00  0.000000e+00  1.000000e+00
    outer loop
      vertex  5.267949e+01 -1.000000e+01  1.500000e+01
      vertex  4.297094e+01 -1.301651e+01  1.500000e+01
      vertex  5.585786e+01 -1.414214e+01  1.500000e+01
    endloop
  endfacet
  facet normal  0.000000e+00  0.000000e+00  1.000000e+00
    outer loop
      vertex  5.585786e+01 -1.414214e+01  1.500000e+01
      vertex  4.297094e+01 -1.301651e+01  1.500000e+01
      vertex  6.000000e+01 -1.732051e+01  1.500000e+01
    endloop
  endfacet
  facet normal  0.000000e+00  0.000000e+00  1.000000e+00
    outer loop
      vertex  6.000000e+01 -1.732051e+01  1.500000e+01
      vertex  4.297094e+01 -1.301651e+01  1.500000e+01
      vertex  4.654506e+01 -1.870469e+01  1.500000e+01
    endloop
  endfacet
  facet normal  -0.000000e+00  0.000000e+00  1.000000e+00
    outer loop
      vertex  6.000000e+01 -1.732051e+01  1.500000e+01
      vertex  4.654506e+01 -1.870469e+01  1.500000e+01
      vertex  6.482362e+01 -1.931852e+01  1.500000e+01
    endloop
  endfacet
  facet normal  0.000000e+00  0.000000e+00  9.999999e-01
    outer loop
      vertex  6.482362e+01 -1.931852e+01  1.500000e+01
      vertex  4.654506e+01 -1.870469e+01  1.500000e+01
      vertex  7.000000e+01 -2.000000e+01  1.500000e+01
    endloop
  endfacet
  facet normal  0.000000e+00  0.000000e+00  1.000000e+00
    outer loop
      vertex  7.000000e+01 -2.000000e+01  1.500000e+01
      vertex  4.654506e+01 -1.870469e+01  1.500000e+01
      vertex  5.129531e+01 -2.345494e+01  1.500000e+01
    endloop
  endfacet
  facet normal  -0.000000e+00  0.000000e+00  1.000000e+00
    outer loop
      vertex  7.000000e+01 -2.000000e+01  1.500000e+01
      vertex  5.129531e+01 -2.345494e+01  1.500000e+01
      vertex  7.000000e+01 -3.000000e+01  1.500000e+01
    endloop
  endfacet
  facet normal  0.000000e+00  0.000000e+00  1.000000e+00
    outer loop
      vertex  7.000000e+01 -3.000000e+01  1.500000e+01
      vertex  5.129531e+01 -2.345494e+01  1.500000e+01
      vertex  5.698349e+01 -2.702907e+01  1.500000e+01
    endloop
  endfacet
  facet normal  0.000000e+00  0.000000e+00  1.000000e+00
    outer loop
      vertex  7.000000e+01 -3.000000e+01  1.500000e+01
      vertex  5.698349e+01 -2.702907e+01  1.500000e+01
      vertex  6.332437e+01 -2.924784e+01  1.500000e+01
    endloop
  endfacet
  facet normal  0.000000e+00  0.000000e+00  9.999999e-01
    outer loop
      vertex  9.345494e+01  1.870469e+01  1.500000e+01
      vertex  7.517638e+01  1.931852e+01  1.500000e+01
      vertex  9.702907e+01  1.301651e+01  1.500000e+01
    endloop
  endfacet
  facet normal  0.000000e+00  0.000000e+00  1.000000e+00
    outer loop
      vertex  9.702907e+01  1.301651e+01  1.500000e+01
      vertex  7.517638e+01  1.931852e+01  1.500000e+01
      vertex  8.000000e+01  1.732051e+01  1.500000e+01
    endloop
  endfacet
  facet normal  0.000000e+00  0.000000e+00  1.000000e+00
    outer loop
      vertex  9.702907e+01  1.301651e+01  1.500000e+01
      vertex  8.000000e+01  1.732051e+01  1.500000e+01
      vertex  8.414214e+01  1.414214e+01  1.500000e+01
    endloop
  endfacet
  facet normal  0.000000e+00  0.000000e+00  1.000000e+00
    outer loop
      vertex  9.702907e+01  1.301651e+01  1.500000e+01
      vertex  8.414214e+01  1.414214e+01  1.500000e+01
      vertex  9.924784e+01  6.675628e+00  1.500000e+01
    endloop
  endfacet
  facet normal  0.000000e+00  0.000000e+00  1.000000e+00
    outer loop
      vertex  9.924784e+01  6.675628e+00  1.500000e+01
      vertex  8.414214e+01  1.414214e+01  1.500000e+01
      vertex  8.732051e+01  1.000000e+01  1.500000e+01
    endloop
  endfacet
  facet normal  0.000000e+00  0.000000e+00  1.000000e+00
    outer loop
      vertex  9.924784e+01  6.675628e+00  1.500000e+01
      vertex  8.732051e+01  1.000000e+01  1.500000e+01
      vertex  8.931852e+01  5.176381e+00  1.500000e+01
    endloop
  endfacet
  facet normal  -0.000000e+00  0.000000e+00  9.999999e-01
    outer loop
      vertex  9.924784e+01  6.675628e+00  1.500000e+01
      vertex  8.931852e+01  5.176381e+00  1.500000e+01
      vertex  1.000000e+02  0.000000e+00  1.500000e+01
    endloop
  endfacet
  facet normal  0.000000e+00  0.000000e+00  1.000000e+00
    outer loop
      vertex  1.000000e+02  0.000000e+00  1.500000e+01
      vertex  8.931852e+01  5.176381e+00  1.500000e+01
      vertex  9.000000e+01  0.000000e+00  1.500000e+01
    endloop
  endfacet
  facet normal  -0.000000e+00  0.000000e+00  1.000000e+00
    outer loop
      vertex  1.000000e+02  0.000000e+00  1.500000e+01
      vertex  9.000000e+01  0.000000e+00  1.500000e+01
      vertex  9.924784e+01 -6.675628e+00  1.500000e+01
    endloop
  endfacet
  facet normal  0.000000e+00  0.000000e+00  9.999999e-01
    outer loop
      vertex  9.924784e+01 -6.675628e+00  1.500000e+01
      vertex  9.000000e+01  0.000000e+00  1.500000e+01
      vertex  8.931852e+01 -5.176381e+00  1.500000e+01
    endloop
  endfacet
  facet normal  0.000000e+00  0.000000e+00  1.000000e+00
    outer loop
      vertex  9.924784e+01 -6.675628e+00  1.500000e+01
      vertex  8.931852e+01 -5.176381e+00  1.500000e+01
      vertex  9.702907e+01 -1.301651e+01  1.500000e+01
    endloop
  endfacet
  facet normal  0.000000e+00  0.000000e+00  1.000000e+00
    outer loop
      vertex  9.702907e+01 -1.301651e+01  1.500000e+01
      vertex  8.931852e+01 -5.176381e+00  1.500000e+01
      vertex  8.732051e+01 -1.000000e+01  1.500000e+01
    endloop
  endfacet
  facet normal  0.000000e+00  0.000000e+00  1.000000e+00
    outer loop
      vertex  9.702907e+01 -1.301651e+01  1.500000e+01
      vertex  8.732051e+01 -1.000000e+01  1.500000e+01
      vertex  8.414214e+01 -1.414214e+01  1.500000e+01
    endloop
  endfacet
  facet normal  -0.000000e+00  0.000000e+00  1.000000e+00
    outer loop
      vertex  9.702907e+01 -1.301651e+01  1.500000e+01
      vertex  8.414214e+01 -1.414214e+01  1.500000e+01
      vertex  9.345494e+01 -1.870469e+01  1.500000e+01
    endloop
  endfacet
  facet normal  0.000000e+00  0.000000e+00  1.000000e+00
    outer loop
      vertex  9.345494e+01 -1.870469e+01  1.500000e+01
      vertex  8.414214e+01 -1.414214e+01  1.500000e+01
      vertex  8.000000e+01 -1.732051e+01  1.500000e+01
    endloop
  endfacet
  facet normal  0.000000e+00  0.000000e+00  1.000000e+00
    outer loop
      vertex  9.345494e+01 -1.870469e+01  1.500000e+01
      vertex  8.000000e+01 -1.732051e+01  1.500000e+01
      vertex  7.517638e+01 -1.931852e+01  1.500000e+01
    endloop
  endfacet
  facet normal  -0.000000e+00  0.000000e+00  1.000000e+00
    outer loop
      vertex  9.345494e+01 -1.870469e+01  1.500000e+01
      vertex  7.517638e+01 -1.931852e+01  1.500000e+01
      vertex  8.870470e+01 -2.345494e+01  1.500000e+01
    endloop
  endfacet
  facet normal  0.000000e+00  0.000000e+00  1.000000e+00
    outer loop
      vertex  8.870470e+01 -2.345494e+01  1.500000e+01
      vertex  7.517638e+01 -1.931852e+01  1.500000e+01
      vertex  7.000000e+01 -2.000000e+01  1.500000e+01
    endloop
  endfacet
  facet normal  0.000000e+00  0.000000e+00  1.000000e+00
    outer loop
      vertex  8.870470e+01 -2.345494e+01  1.500000e+01
      vertex  7.000000e+01 -2.000000e+01  1.500000e+01
      vertex  8.301651e+01 -2.702907e+01  1.500000e+01
    endloop
  endfacet
  facet normal  0.000000e+00  0.000000e+00  1.000000e+00
    outer loop
      vertex  8.301651e+01 -2.702907e+01  1.500000e+01
      vertex  7.000000e+01 -2.000000e+01  1.500000e+01
      vertex  7.000000e+01 -3.000000e+01  1.500000e+01
    endloop
  endfacet
  facet normal  0.000000e+00  0.000000e+00  1.000000e+00
    outer loop
      vertex  8.301651e+01 -2.702907e+01  1.500000e+01
      vertex  7.000000e+01 -3.000000e+01  1.500000e+01
      vertex  7.667563e+01 -2.924784e+01  1.500000e+01
    endloop
  endfacet
  facet normal  -0.000000e+00  0.000000e+00  1.000000e+00
    outer loop
      vertex  3.786475e+01  9.581678e+01  1.500000e+01
      vertex  2.572645e+01  9.298289e+01  1.500000e+01
      vertex  3.573415e+01  9.163525e+01  1.500000e+01
    endloop
  endfacet
  facet normal  0.000000e+00  -0.000000e+00  1.000000e+00
    outer loop
      vertex  6.213525e+01  9.581678e+01  1.500000e+01
      vertex  6.426585e+01  9.163525e+01  1.500000e+01
      vertex  7.427354e+01  9.298289e+01  1.500000e+01
    endloop
  endfacet
  facet normal  0.000000e+00  -0.000000e+00  1.000000e+00
    outer loop
      vertex  5.000000e+01  7.200000e+01  1.500000e+01
      vertex  5.301342e+01  6.218228e+01  1.500000e+01
      vertex  5.886512e+01  6.362460e+01  1.500000e+01
    endloop
  endfacet
  facet normal  0.000000e+00  -0.000000e+00  1.000000e+00
    outer loop
      vertex  5.000000e+01  7.200000e+01  1.500000e+01
      vertex  5.886512e+01  6.362460e+01  1.500000e+01
      vertex  6.420162e+01  6.642540e+01  1.500000e+01
    endloop
  endfacet
  facet normal  0.000000e+00  -0.000000e+00  1.000000e+00
    outer loop
      vertex  5.000000e+01  7.200000e+01  1.500000e+01
      vertex  6.420162e+01  6.642540e+01  1.500000e+01
      vertex  6.871277e+01  7.042194e+01  1.500000e+01
    endloop
  endfacet
  facet normal  0.000000e+00  0.000000e+00  1.000000e+00
    outer loop
      vertex  5.000000e+01  7.200000e+01  1.500000e+01
      vertex  6.871277e+01  7.042194e+01  1.500000e+01
      vertex  5.463525e+01  7.273415e+01  1.500000e+01
    endloop
  endfacet
  facet normal  0.000000e+00  0.000000e+00  1.000000e+00
    outer loop
      vertex  2.786360e+01  9.861808e+01  1.500000e+01
      vertex  2.572645e+01  9.298289e+01  1.500000e+01
      vertex  3.786475e+01  9.581678e+01  1.500000e+01
    endloop
  endfacet
  facet normal  0.000000e+00  -0.000000e+00  9.999999e-01
    outer loop
      vertex  2.786360e+01  9.861808e+01  1.500000e+01
      vertex  3.786475e+01  9.581678e+01  1.500000e+01
      vertex  4.118322e+01  9.913525e+01  1.500000e+01
    endloop
  endfacet
  facet normal  0.000000e+00  -0.000000e+00  9.999999e-01
    outer loop
      vertex  2.786360e+01  9.861808e+01  1.500000e+01
      vertex  4.118322e+01  9.913525e+01  1.500000e+01
      vertex  4.536475e+01  1.012658e+02  1.500000e+01
    endloop
  endfacet
  facet normal  0.000000e+00  -0.000000e+00  1.000000e+00
    outer loop
      vertex  2.786360e+01  9.861808e+01  1.500000e+01
      vertex  4.536475e+01  1.012658e+02  1.500000e+01
      vertex  5.000000e+01  1.020000e+02  1.500000e+01
    endloop
  endfacet
  facet normal  0.000000e+00  0.000000e+00  1.000000e+00
    outer loop
      vertex  2.786360e+01  9.861808e+01  1.500000e+01
      vertex  5.000000e+01  1.020000e+02  1.500000e+01
      vertex  3.128723e+01  1.035781e+02  1.500000e+01
    endloop
  endfacet
  facet normal  0.000000e+00  0.000000e+00  9.999999e-01
    outer loop
      vertex  3.128723e+01  7.042194e+01  1.500000e+01
      vertex  5.000000e+01  7.200000e+01  1.500000e+01
      vertex  4.536475e+01  7.273415e+01  1.500000e+01
    endloop
  endfacet
  facet normal  0.000000e+00  0.000000e+00  1.000000e+00
    outer loop
      vertex  3.128723e+01  7.042194e+01  1.500000e+01
      vertex  4.536475e+01  7.273415e+01  1.500000e+01
      vertex  4.118322e+01  7.486475e+01  1.500000e+01
    endloop
  endfacet
  facet normal  0.000000e+00  0.000000e+00  1.000000e+00
    outer loop
      vertex  3.128723e+01  7.042194e+01  1.500000e+01
      vertex  4.118322e+01  7.486475e+01  1.500000e+01
      vertex  2.786360e+01  7.538192e+01  1.500000e+01
    endloop
  endfacet
  facet normal  -0.000000e+00  -0.000000e+00  1.000000e+00
    outer loop
      vertex  5.000000e+01  1.020000e+02  1.500000e+01
      vertex  5.463525e+01  1.012658e+02  1.500000e+01
      vertex  7.213640e+01  9.861808e+01  1.500000e+01
    endloop
  endfacet
  facet normal  0.000000e+00  0.000000e+00  1.000000e+00
    outer loop
      vertex  5.000000e+01  1.020000e+02  1.500000e+01
      vertex  7.213640e+01  9.861808e+01  1.500000e+01
      vertex  6.871277e+01  1.035781e+02  1.500000e+01
    endloop
  endfacet
  facet normal  0.000000e+00  0.000000e+00  1.000000e+00
    outer loop
      vertex  5.000000e+01  1.020000e+02  1.500000e+01
      vertex  6.871277e+01  1.035781e+02  1.500000e+01
      vertex  6.420162e+01  1.075746e+02  1.500000e+01
    endloop
  endfacet
  facet normal  0.000000e+00  0.000000e+00  1.000000e+00
    outer loop
      vertex  5.000000e+01  1.020000e+02  1.500000e+01
      vertex  6.420162e+01  1.075746e+02  1.500000e+01
      vertex  5.886512e+01  1.103754e+02  1.500000e+01
    endloop
  endfacet
  facet normal  0.000000e+00  0.000000e+00  1.000000e+00
    outer loop
      vertex  5.000000e+01  1.020000e+02  1.500000e+01
      vertex  5.886512e+01  1.103754e+02  1.500000e+01
      vertex  5.301342e+01  1.118177e+02  1.500000e+01
    endloop
  endfacet
  facet normal  0.000000e+00  0.000000e+00  9.999999e-01
    outer loop
      vertex  5.000000e+01  1.020000e+02  1.500000e+01
      vertex  5.301342e+01  1.118177e+02  1.500000e+01
      vertex  4.698658e+01  1.118177e+02  1.500000e+01
    endloop
  endfacet
  facet normal  0.000000e+00  0.000000e+00  1.000000e+00
    outer loop
      vertex  5.000000e+01  1.020000e+02  1.500000e+01
      vertex  4.698658e+01  1.118177e+02  1.500000e+01
      vertex  4.113488e+01  1.103754e+02  1.500000e+01
    endloop
  endfacet
  facet normal  0.000000e+00  0.000000e+00  1.000000e+00
    outer loop
      vertex  5.000000e+01  1.020000e+02  1.500000e+01
      vertex  4.113488e+01  1.103754e+02  1.500000e+01
      vertex  3.579838e+01  1.075746e+02  1.500000e+01
    endloop
  endfacet
  facet normal  0.000000e+00  0.000000e+00  9.999999e-01
    outer loop
      vertex  5.000000e+01  1.020000e+02  1.500000e+01
      vertex  3.579838e+01  1.075746e+02  1.500000e+01
      vertex  3.128723e+01  1.035781e+02  1.500000e+01
    endloop
  endfacet
  facet normal  0.000000e+00  0.000000e+00  1.000000e+00
    outer loop
      vertex  5.301342e+01  6.218228e+01  1.500000e+01
      vertex  5.000000e+01  7.200000e+01  1.500000e+01
      vertex  4.698658e+01  6.218228e+01  1.500000e+01
    endloop
  endfacet
  facet normal  0.000000e+00  -0.000000e+00  1.000000e+00
    outer loop
      vertex  4.698658e+01  6.218228e+01  1.500000e+01
      vertex  5.000000e+01  7.200000e+01  1.500000e+01
      vertex  3.128723e+01  7.042194e+01  1.500000e+01
    endloop
  endfacet
  facet normal  0.000000e+00  0.000000e+00  1.000000e+00
    outer loop
      vertex  4.698658e+01  6.218228e+01  1.500000e+01
      vertex  3.128723e+01  7.042194e+01  1.500000e+01
      vertex  4.113488e+01  6.362460e+01  1.500000e+01
    endloop
  endfacet
  facet normal  0.000000e+00  0.000000e+00  1.000000e+00
    outer loop
      vertex  4.113488e+01  6.362460e+01  1.500000e+01
      vertex  3.128723e+01  7.042194e+01  1.500000e+01
      vertex  3.579838e+01  6.642540e+01  1.500000e+01
    endloop
  endfacet
  facet normal  0.000000e+00  0.000000e+00  1.000000e+00
    outer loop
      vertex  3.573415e+01  9.163525e+01  1.500000e+01
      vertex  2.572645e+01  9.298289e+01  1.500000e+01
      vertex  3.500000e+01  8.700000e+01  1.500000e+01
    endloop
  endfacet
  facet normal  0.000000e+00  0.000000e+00  9.999999e-01
    outer loop
      vertex  3.500000e+01  8.700000e+01  1.500000e+01
      vertex  2.572645e+01  9.298289e+01  1.500000e+01
      vertex  2.500000e+01  8.700000e+01  1.500000e+01
    endloop
  endfacet
  facet normal  -0.000000e+00  0.000000e+00  1.000000e+00
    outer loop
      vertex  3.500000e+01  8.700000e+01  1.500000e+01
      vertex  2.500000e+01  8.700000e+01  1.500000e+01
      vertex  3.573415e+01  8.236475e+01  1.500000e+01
    endloop
  endfacet
  facet normal  0.000000e+00  0.000000e+00  1.000000e+00
    outer loop
      vertex  3.573415e+01  8.236475e+01  1.500000e+01
      vertex  2.500000e+01  8.700000e+01  1.500000e+01
      vertex  2.572645e+01  8.101711e+01  1.500000e+01
    endloop
  endfacet
  facet normal  -0.000000e+00  0.000000e+00  1.000000e+00
    outer loop
      vertex  3.573415e+01  8.236475e+01  1.500000e+01
      vertex  2.572645e+01  8.101711e+01  1.500000e+01
      vertex  3.786475e+01  7.818322e+01  1.500000e+01
    endloop
  endfacet
  facet normal  0.000000e+00  0.000000e+00  1.000000e+00
    outer loop
      vertex  3.786475e+01  7.818322e+01  1.500000e+01
      vertex  2.572645e+01  8.101711e+01  1.500000e+01
      vertex  2.786360e+01  7.538192e+01  1.500000e+01
    endloop
  endfacet
  facet normal  -0.000000e+00  0.000000e+00  9.999999e-01
    outer loop
      vertex  3.786475e+01  7.818322e+01  1.500000e+01
      vertex  2.786360e+01  7.538192e+01  1.500000e+01
      vertex  4.118322e+01  7.486475e+01  1.500000e+01
    endloop
  endfacet
  facet normal  0.000000e+00  0.000000e+00  1.000000e+00
    outer loop
      vertex  6.213525e+01  9.581678e+01  1.500000e+01
      vertex  7.427354e+01  9.298289e+01  1.500000e+01
      vertex  5.881678e+01  9.913525e+01  1.500000e+01
    endloop
  endfacet
  facet normal  0.000000e+00  0.000000e+00  1.000000e+00
    outer loop
      vertex  5.881678e+01  9.913525e+01  1.500000e+01
      vertex  7.427354e+01  9.298289e+01  1.500000e+01
      vertex  7.213640e+01  9.861808e+01  1.500000e+01
    endloop
  endfacet
  facet normal  0.000000e+00  0.000000e+00  1.000000e+00
    outer loop
      vertex  5.881678e+01  9.913525e+01  1.500000e+01
      vertex  7.213640e+01  9.861808e+01  1.500000e+01
      vertex  5.463525e+01  1.012658e+02  1.500000e+01
    endloop
  endfacet
  facet normal  -0.000000e+00  0.000000e+00  1.000000e+00
    outer loop
      vertex  7.427354e+01  9.298289e+01  1.500000e+01
      vertex  6.426585e+01  9.163525e+01  1.500000e+01
      vertex  7.500000e+01  8.700000e+01  1.500000e+01
    endloop
  endfacet
  facet normal  0.000000e+00  0.000000e+00  1.000000e+00
    outer loop
      vertex  7.500000e+01  8.700000e+01  1.500000e+01
      vertex  6.426585e+01  9.163525e+01  1.500000e+01
      vertex  6.500000e+01  8.700000e+01  1.500000e+01
    endloop
  endfacet
  facet normal  -0.000000e+00  0.000000e+00  9.999999e-01
    outer loop
      vertex  7.500000e+01  8.700000e+01  1.500000e+01
      vertex  6.500000e+01  8.700000e+01  1.500000e+01
      vertex  7.427354e+01  8.101711e+01  1.500000e+01
    endloop
  endfacet
  facet normal  0.000000e+00  0.000000e+00  1.000000e+00
    outer loop
      vertex  7.427354e+01  8.101711e+01  1.500000e+01
      vertex  6.500000e+01  8.700000e+01  1.500000e+01
      vertex  6.426585e+01  8.236475e+01  1.500000e+01
    endloop
  endfacet
  facet normal  0.000000e+00  0.000000e+00  1.000000e+00
    outer loop
      vertex  7.427354e+01  8.101711e+01  1.500000e+01
      vertex  6.426585e+01  8.236475e+01  1.500000e+01
      vertex  7.213640e+01  7.538192e+01  1.500000e+01
    endloop
  endfacet
  facet normal  0.000000e+00  0.000000e+00  1.000000e+00
    outer loop
      vertex  7.213640e+01  7.538192e+01  1.500000e+01
      vertex  6.426585e+01  8.236475e+01  1.500000e+01
      vertex  6.213525e+01  7.818322e+01  1.500000e+01
    endloop
  endfacet
  facet normal  0.000000e+00  0.000000e+00  1.000000e+00
    outer loop
      vertex  7.213640e+01  7.538192e+01  1.500000e+01
      vertex  6.213525e+01  7.818322e+01  1.500000e+01
      vertex  5.881678e+01  7.486475e+01  1.500000e+01
    endloop
  endfacet
  facet normal  0.000000e+00  0.000000e+00  1.000000e+00
    outer loop
      vertex  5.881678e+01  7.486475e+01  1.500000e+01
      vertex  5.463525e+01  7.273415e+01  1.500000e+01
      vertex  7.213640e+01  7.538192e+01  1.500000e+01
    endloop
  endfacet
  facet normal  0.000000e+00  0.000000e+00  1.000000e+00
    outer loop
      vertex  7.213640e+01  7.538192e+01  1.500000e+01
      vertex  5.463525e+01  7.273415e+01  1.500000e+01
      vertex  6.871277e+01  7.042194e+01  1.500000e+01
    endloop
  endfacet
  facet normal  -0.000000e+00  -0.000000e+00  1.000000e+00
    outer loop
      vertex  1.224647e-15 -7.800000e+01  1.500000e+01
      vertex  5.176381e+00 -7.868148e+01  1.500000e+01
      vertex  2.345494e+01 -7.929530e+01  1.500000e+01
    endloop
  endfacet
  facet normal  0.000000e+00  0.000000e+00  1.000000e+00
    outer loop
      vertex  1.224647e-15 -7.800000e+01  1.500000e+01
      vertex  2.345494e+01 -7.929530e+01  1.500000e+01
      vertex  1.870469e+01 -7.454506e+01  1.500000e+01
    endloop
  endfacet
  facet normal  0.000000e+00  0.000000e+00  9.999999e-01
    outer loop
      vertex  1.224647e-15 -7.800000e+01  1.500000e+01
      vertex  1.870469e+01 -7.454506e+01  1.500000e+01
      vertex  1.301651e+01 -7.097093e+01  1.500000e+01
    endloop
  endfacet
  facet normal  0.000000e+00  0.000000e+00  1.000000e+00
    outer loop
      vertex  1.224647e-15 -7.800000e+01  1.500000e+01
      vertex  1.301651e+01 -7.097093e+01  1.500000e+01
      vertex  6.675628e+00 -6.875216e+01  1.500000e+01
    endloop
  endfacet
  facet normal  0.000000e+00  0.000000e+00  1.000000e+00
    outer loop
      vertex  1.224647e-15 -7.800000e+01  1.500000e+01
      vertex  6.675628e+00 -6.875216e+01  1.500000e+01
      vertex  8.498309e-15 -6.800000e+01  1.500000e+01
    endloop
  endfacet
  facet normal  0.000000e+00  0.000000e+00  1.000000e+00
    outer loop
      vertex  1.224647e-15 -7.800000e+01  1.500000e+01
      vertex  8.498309e-15 -6.800000e+01  1.500000e+01
      vertex -6.675628e+00 -6.875216e+01  1.500000e+01
    endloop
  endfacet
  facet normal  0.000000e+00  0.000000e+00  1.000000e+00
    outer loop
      vertex  1.224647e-15 -7.800000e+01  1.500000e+01
      vertex -6.675628e+00 -6.875216e+01  1.500000e+01
      vertex -1.301651e+01 -7.097093e+01  1.500000e+01
    endloop
  endfacet
  facet normal  0.000000e+00  0.000000e+00  9.999999e-01
    outer loop
      vertex  1.224647e-15 -7.800000e+01  1.500000e+01
      vertex -1.301651e+01 -7.097093e+01  1.500000e+01
      vertex -1.870469e+01 -7.454506e+01  1.500000e+01
    endloop
  endfacet
  facet normal  0.000000e+00  0.000000e+00  1.000000e+00
    outer loop
      vertex  1.224647e-15 -7.800000e+01  1.500000e+01
      vertex -1.870469e+01 -7.454506e+01  1.500000e+01
      vertex -2.345494e+01 -7.929530e+01  1.500000e+01
    endloop
  endfacet
  facet normal  0.000000e+00  0.000000e+00  1.000000e+00
    outer loop
      vertex  1.224647e-15 -7.800000e+01  1.500000e+01
      vertex -2.345494e+01 -7.929530e+01  1.500000e+01
      vertex -5.176381e+00 -7.868148e+01  1.500000e+01
    endloop
  endfacet
  facet normal  -0.000000e+00  0.000000e+00  1.000000e+00
    outer loop
      vertex -5.176381e+00 -7.868148e+01  1.500000e+01
      vertex -2.345494e+01 -7.929530e+01  1.500000e+01
      vertex -1.000000e+01 -8.067949e+01  1.500000e+01
    endloop
  endfacet
  facet normal  0.000000e+00  0.000000e+00  1.000000e+00
    outer loop
      vertex -1.000000e+01 -8.067949e+01  1.500000e+01
      vertex -2.345494e+01 -7.929530e+01  1.500000e+01
      vertex -2.702907e+01 -8.498349e+01  1.500000e+01
    endloop
  endfacet
  facet normal  0.000000e+00  0.000000e+00  1.000000e+00
    outer loop
      vertex -1.000000e+01 -8.067949e+01  1.500000e+01
      vertex -2.702907e+01 -8.498349e+01  1.500000e+01
      vertex -1.414214e+01 -8.385786e+01  1.500000e+01
    endloop
  endfacet
  facet normal  -0.000000e+00  0.000000e+00  1.000000e+00
    outer loop
      vertex -1.414214e+01 -8.385786e+01  1.500000e+01
      vertex -2.702907e+01 -8.498349e+01  1.500000e+01
      vertex -1.732051e+01 -8.800000e+01  1.500000e+01
    endloop
  endfacet
  facet normal  0.000000e+00  0.000000e+00  1.000000e+00
    outer loop
      vertex -1.732051e+01 -8.800000e+01  1.500000e+01
      vertex -2.702907e+01 -8.498349e+01  1.500000e+01
      vertex -2.924784e+01 -9.132437e+01  1.500000e+01
    endloop
  endfacet
  facet normal  -0.000000e+00  0.000000e+00  1.000000e+00
    outer loop
      vertex -1.732051e+01 -8.800000e+01  1.500000e+01
      vertex -2.924784e+01 -9.132437e+01  1.500000e+01
      vertex -1.931852e+01 -9.282362e+01  1.500000e+01
    endloop
  endfacet
  facet normal  0.000000e+00  0.000000e+00  1.000000e+00
    outer loop
      vertex -1.931852e+01 -9.282362e+01  1.500000e+01
      vertex -2.924784e+01 -9.132437e+01  1.500000e+01
      vertex -2.000000e+01 -9.800000e+01  1.500000e+01
    endloop
  endfacet
  facet normal  0.000000e+00  0.000000e+00  1.000000e+00
    outer loop
      vertex -2.000000e+01 -9.800000e+01  1.500000e+01
      vertex -2.924784e+01 -9.132437e+01  1.500000e+01
      vertex -3.000000e+01 -9.800000e+01  1.500000e+01
    endloop
  endfacet
  facet normal  -0.000000e+00  0.000000e+00  9.999999e-01
    outer loop
      vertex -2.000000e+01 -9.800000e+01  1.500000e+01
      vertex -3.000000e+01 -9.800000e+01  1.500000e+01
      vertex -1.931852e+01 -1.031764e+02  1.500000e+01
    endloop
  endfacet
  facet normal  0.000000e+00  0.000000e+00  1.000000e+00
    outer loop
      vertex -1.931852e+01 -1.031764e+02  1.500000e+01
      vertex -3.000000e+01 -9.800000e+01  1.500000e+01
      vertex -2.924784e+01 -1.046756e+02  1.500000e+01
    endloop
  endfacet
  facet normal  -0.000000e+00  0.000000e+00  1.000000e+00
    outer loop
      vertex -1.931852e+01 -1.031764e+02  1.500000e+01
      vertex -2.924784e+01 -1.046756e+02  1.500000e+01
      vertex -1.732051e+01 -1.080000e+02  1.500000e+01
    endloop
  endfacet
  facet normal  0.000000e+00  0.000000e+00  1.000000e+00
    outer loop
      vertex -1.732051e+01 -1.080000e+02  1.500000e+01
      vertex -2.924784e+01 -1.046756e+02  1.500000e+01
      vertex -2.702907e+01 -1.110165e+02  1.500000e+01
    endloop
  endfacet
  facet normal  -0.000000e+00  0.000000e+00  1.000000e+00
    outer loop
      vertex -1.732051e+01 -1.080000e+02  1.500000e+01
      vertex -2.702907e+01 -1.110165e+02  1.500000e+01
      vertex -1.414214e+01 -1.121421e+02  1.500000e+01
    endloop
  endfacet
  facet normal  0.000000e+00  0.000000e+00  1.000000e+00
    outer loop
      vertex -1.414214e+01 -1.121421e+02  1.500000e+01
      vertex -2.702907e+01 -1.110165e+02  1.500000e+01
      vertex -1.000000e+01 -1.153205e+02  1.500000e+01
    endloop
  endfacet
  facet normal  0.000000e+00  0.000000e+00  1.000000e+00
    outer loop
      vertex -1.000000e+01 -1.153205e+02  1.500000e+01
      vertex -2.702907e+01 -1.110165e+02  1.500000e+01
      vertex -2.345494e+01 -1.167047e+02  1.500000e+01
    endloop
  endfacet
  facet normal  -0.000000e+00  0.000000e+00  1.000000e+00
    outer loop
      vertex -1.000000e+01 -1.153205e+02  1.500000e+01
      vertex -2.345494e+01 -1.167047e+02  1.500000e+01
      vertex -5.176381e+00 -1.173185e+02  1.500000e+01
    endloop
  endfacet
  facet normal  0.000000e+00  0.000000e+00  1.000000e+00
    outer loop
      vertex -5.176381e+00 -1.173185e+02  1.500000e+01
      vertex -2.345494e+01 -1.167047e+02  1.500000e+01
      vertex -3.673940e-15 -1.180000e+02  1.500000e+01
    endloop
  endfacet
  facet normal  0.000000e+00  0.000000e+00  1.000000e+00
    outer loop
      vertex -3.673940e-15 -1.180000e+02  1.500000e+01
      vertex -2.345494e+01 -1.167047e+02  1.500000e+01
      vertex -1.870469e+01 -1.214549e+02  1.500000e+01
    endloop
  endfacet
  facet normal  -0.000000e+00  0.000000e+00  1.000000e+00
    outer loop
      vertex -3.673940e-15 -1.180000e+02  1.500000e+01
      vertex -1.870469e+01 -1.214549e+02  1.500000e+01
      vertex -3.215626e-14 -1.280000e+02  1.500000e+01
    endloop
  endfacet
  facet normal  0.000000e+00  0.000000e+00  1.000000e+00
    outer loop
      vertex -3.215626e-14 -1.280000e+02  1.500000e+01
      vertex -1.870469e+01 -1.214549e+02  1.500000e+01
      vertex -1.301651e+01 -1.250291e+02  1.500000e+01
    endloop
  endfacet
  facet normal  0.000000e+00  0.000000e+00  1.000000e+00
    outer loop
      vertex -3.215626e-14 -1.280000e+02  1.500000e+01
      vertex -1.301651e+01 -1.250291e+02  1.500000e+01
      vertex -6.675628e+00 -1.272478e+02  1.500000e+01
    endloop
  endfacet
  facet normal  0.000000e+00  0.000000e+00  1.000000e+00
    outer loop
      vertex  2.345494e+01 -7.929530e+01  1.500000e+01
      vertex  5.176381e+00 -7.868148e+01  1.500000e+01
      vertex  2.702907e+01 -8.498349e+01  1.500000e+01
    endloop
  endfacet
  facet normal  0.000000e+00  0.000000e+00  1.000000e+00
    outer loop
      vertex  2.702907e+01 -8.498349e+01  1.500000e+01
      vertex  5.176381e+00 -7.868148e+01  1.500000e+01
      vertex  1.000000e+01 -8.067949e+01  1.500000e+01
    endloop
  endfacet
  facet normal  0.000000e+00  0.000000e+00  1.000000e+00
    outer loop
      vertex  2.702907e+01 -8.498349e+01  1.500000e+01
      vertex  1.000000e+01 -8.067949e+01  1.500000e+01
      vertex  1.414214e+01 -8.385786e+01  1.500000e+01
    endloop
  endfacet
  facet normal  0.000000e+00  0.000000e+00  1.000000e+00
    outer loop
      vertex  2.702907e+01 -8.498349e+01  1.500000e+01
      vertex  1.414214e+01 -8.385786e+01  1.500000e+01
      vertex  2.924784e+01 -9.132437e+01  1.500000e+01
    endloop
  endfacet
  facet normal  0.000000e+00  0.000000e+00  1.000000e+00
    outer loop
      vertex  2.924784e+01 -9.132437e+01  1.500000e+01
      vertex  1.414214e+01 -8.385786e+01  1.500000e+01
      vertex  1.732051e+01 -8.800000e+01  1.500000e+01
    endloop
  endfacet
  facet normal  0.000000e+00  0.000000e+00  1.000000e+00
    outer loop
      vertex  2.924784e+01 -9.132437e+01  1.500000e+01
      vertex  1.732051e+01 -8.800000e+01  1.500000e+01
      vertex  1.931852e+01 -9.282362e+01  1.500000e+01
    endloop
  endfacet
  facet normal  -0.000000e+00  0.000000e+00  1.000000e+00
    outer loop
      vertex  2.924784e+01 -9.132437e+01  1.500000e+01
      vertex  1.931852e+01 -9.282362e+01  1.500000e+01
      vertex  3.000000e+01 -9.800000e+01  1.500000e+01
    endloop
  endfacet
  facet normal  0.000000e+00  0.000000e+00  9.999999e-01
    outer loop
      vertex  3.000000e+01 -9.800000e+01  1.500000e+01
      vertex  1.931852e+01 -9.282362e+01  1.500000e+01
      vertex  2.000000e+01 -9.800000e+01  1.500000e+01
    endloop
  endfacet
  facet normal  -0.000000e+00  0.000000e+00  1.000000e+00
    outer loop
      vertex  3.000000e+01 -9.800000e+01  1.500000e+01
      vertex  2.000000e+01 -9.800000e+01  1.500000e+01
      vertex  2.924784e+01 -1.046756e+02  1.500000e+01
    endloop
  endfacet
  facet normal  0.000000e+00  0.000000e+00  1.000000e+00
    outer loop
      vertex  2.924784e+01 -1.046756e+02  1.500000e+01
      vertex  2.000000e+01 -9.800000e+01  1.500000e+01
      vertex  1.931852e+01 -1.031764e+02  1.500000e+01
    endloop
  endfacet
  facet normal  0.000000e+00  0.000000e+00  1.000000e+00
    outer loop
      vertex  2.924784e+01 -1.046756e+02  1.500000e+01
      vertex  1.931852e+01 -1.031764e+02  1.500000e+01
      vertex  2.702907e+01 -1.110165e+02  1.500000e+01
    endloop
  endfacet
  facet normal  0.000000e+00  0.000000e+00  1.000000e+00
    outer loop
      vertex  2.702907e+01 -1.110165e+02  1.500000e+01
      vertex  1.931852e+01 -1.031764e+02  1.500000e+01
      vertex  1.732051e+01 -1.080000e+02  1.500000e+01
    endloop
  endfacet
  facet normal  0.000000e+00  0.000000e+00  1.000000e+00
    outer loop
      vertex  2.702907e+01 -1.110165e+02  1.500000e+01
      vertex  1.732051e+01 -1.080000e+02  1.500000e+01
      vertex  1.414214e+01 -1.121421e+02  1.500000e+01
    endloop
  endfacet
  facet normal  -0.000000e+00  0.000000e+00  1.000000e+00
    outer loop
      vertex  2.702907e+01 -1.110165e+02  1.500000e+01
      vertex  1.414214e+01 -1.121421e+02  1.500000e+01
      vertex  2.345494e+01 -1.167047e+02  1.500000e+01
    endloop
  endfacet
  facet normal  0.000000e+00  0.000000e+00  9.999999e-01
    outer loop
      vertex  2.345494e+01 -1.167047e+02  1.500000e+01
      vertex  1.414214e+01 -1.121421e+02  1.500000e+01
      vertex  1.000000e+01 -1.153205e+02  1.500000e+01
    endloop
  endfacet
  facet normal  0.000000e+00  0.000000e+00  1.000000e+00
    outer loop
      vertex  2.345494e+01 -1.167047e+02  1.500000e+01
      vertex  1.000000e+01 -1.153205e+02  1.500000e+01
      vertex  5.176381e+00 -1.173185e+02  1.500000e+01
    endloop
  endfacet
  facet normal  -0.000000e+00  0.000000e+00  1.000000e+00
    outer loop
      vertex  2.345494e+01 -1.167047e+02  1.500000e+01
      vertex  5.176381e+00 -1.173185e+02  1.500000e+01
      vertex  1.870469e+01 -1.214549e+02  1.500000e+01
    endloop
  endfacet
  facet normal  0.000000e+00  0.000000e+00  1.000000e+00
    outer loop
      vertex  1.870469e+01 -1.214549e+02  1.500000e+01
      vertex  5.176381e+00 -1.173185e+02  1.500000e+01
      vertex -3.673940e-15 -1.180000e+02  1.500000e+01
    endloop
  endfacet
  facet normal  0.000000e+00  0.000000e+00  9.999999e-01
    outer loop
      vertex  1.870469e+01 -1.214549e+02  1.500000e+01
      vertex -3.673940e-15 -1.180000e+02  1.500000e+01
      vertex  1.301651e+01 -1.250291e+02  1.500000e+01
    endloop
  endfacet
  facet normal  0.000000e+00  0.000000e+00  1.000000e+00
    outer loop
      vertex  1.301651e+01 -1.250291e+02  1.500000e+01
      vertex -3.673940e-15 -1.180000e+02  1.500000e+01
      vertex -3.215626e-14 -1.280000e+02  1.500000e+01
    endloop
  endfacet
  facet normal  0.000000e+00  0.000000e+00  1.000000e+00
    outer loop
      vertex  1.301651e+01 -1.250291e+02  1.500000e+01
      vertex -3.215626e-14 -1.280000e+02  1.500000e+01
      vertex  6.675628e+00 -1.272478e+02  1.500000e+01
    endloop
  endfacet
  facet normal  9.912102e-01 -1.322960e-01  0.000000e+00
    outer loop
      vertex  2.924784e+01 -1.046756e+02  1.500000e+01
      vertex  2.924784e+01 -1.046756e+02 -1.500000e+01
      vertex  2.997482e+01 -9.922877e+01 -5.000000e+00
    endloop
  endfacet
  facet normal  9.912103e-01 -1.322960e-01  0.000000e+00
    outer loop
      vertex  2.924784e+01 -1.046756e+02  1.500000e+01
      vertex  2.997482e+01 -9.922877e+01 -5.000000e+00
      vertex  2.997482e+01 -9.922877e+01  5.000000e+00
    endloop
  endfacet
  facet normal  9.979031e-01 -2.044513e-02  6.141016e-02
    outer loop
      vertex  2.924784e+01 -1.046756e+02  1.500000e+01
      vertex  2.997482e+01 -9.922877e+01  5.000000e+00
      vertex  3.000000e+01 -9.800000e+01  5.000000e+00
    endloop
  endfacet
  facet normal  9.937122e-01 -1.119645e-01  0.000000e+00
    outer loop
      vertex  2.924784e+01 -1.046756e+02  1.500000e+01
      vertex  3.000000e+01 -9.800000e+01  5.000000e+00
      vertex  3.000000e+01 -9.800000e+01  1.500000e+01
    endloop
  endfacet
  facet normal -9.997901e-01 -2.048379e-02  0.000000e+00
    outer loop
      vertex -3.000000e+01 -9.800000e+01 -5.000000e+00
      vertex -3.000000e+01 -9.800000e+01 -1.500000e+01
      vertex -2.997482e+01 -9.922877e+01 -5.000000e+00
    endloop
  endfacet
  facet normal -9.936493e-01 -1.119574e-01 -1.125544e-02
    outer loop
      vertex -2.997482e+01 -9.922877e+01 -5.000000e+00
      vertex -3.000000e+01 -9.800000e+01 -1.500000e+01
      vertex -2.924784e+01 -1.046756e+02 -1.500000e+01
    endloop
  endfacet
  facet normal -9.912103e-01 -1.322960e-01  0.000000e+00
    outer loop
      vertex -2.997482e+01 -9.922877e+01 -5.000000e+00
      vertex -2.924784e+01 -1.046756e+02 -1.500000e+01
      vertex -2.997482e+01 -9.922877e+01  5.000000e+00
    endloop
  endfacet
  facet normal -9.912102e-01 -1.322960e-01  0.000000e+00
    outer loop
      vertex -2.997482e+01 -9.922877e+01  5.000000e+00
      vertex -2.924784e+01 -1.046756e+02 -1.500000e+01
      vertex -2.924784e+01 -1.046756e+02  1.500000e+01
    endloop
  endfacet
  facet normal -9.979031e-01 -2.044513e-02  6.141016e-02
    outer loop
      vertex -2.997482e+01 -9.922877e+01  5.000000e+00
      vertex -2.924784e+01 -1.046756e+02  1.500000e+01
      vertex -3.000000e+01 -9.800000e+01  5.000000e+00
    endloop
  endfacet
  facet normal -9.937122e-01 -1.119645e-01  0.000000e+00
    outer loop
      vertex -3.000000e+01 -9.800000e+01  5.000000e+00
      vertex -2.924784e+01 -1.046756e+02  1.500000e+01
      vertex -3.000000e+01 -9.800000e+01  1.500000e+01
    endloop
  endfacet
  facet normal  9.979031e-01 -2.044513e-02 -6.141016e-02
    outer loop
      vertex  2.997482e+01 -9.922877e+01 -5.000000e+00
      vertex  2.924784e+01 -1.046756e+02 -1.500000e+01
      vertex  3.000000e+01 -9.800000e+01 -5.000000e+00
    endloop
  endfacet
  facet normal  9.937122e-01 -1.119645e-01  0.000000e+00
    outer loop
      vertex  3.000000e+01 -9.800000e+01 -5.000000e+00
      vertex  2.924784e+01 -1.046756e+02 -1.500000e+01
      vertex  3.000000e+01 -9.800000e+01 -1.500000e+01
    endloop
  endfacet
  facet normal  9.438833e-01 -3.302791e-01  0.000000e+00
    outer loop
      vertex  2.924784e+01 -1.046756e+02 -1.500000e+01
      vertex  2.924784e+01 -1.046756e+02  1.500000e+01
      vertex  2.702907e+01 -1.110165e+02 -1.500000e+01
    endloop
  endfacet
  facet normal  9.438833e-01 -3.302791e-01  0.000000e+00
    outer loop
      vertex  2.702907e+01 -1.110165e+02 -1.500000e+01
      vertex  2.924784e+01 -1.046756e+02  1.500000e+01
      vertex  2.702907e+01 -1.110165e+02  1.500000e+01
    endloop
  endfacet
  facet normal  8.467244e-01 -5.320318e-01  0.000000e+00
    outer loop
      vertex  2.702907e+01 -1.110165e+02 -1.500000e+01
      vertex  2.702907e+01 -1.110165e+02  1.500000e+01
      vertex  2.345494e+01 -1.167047e+02 -1.500000e+01
    endloop
  endfacet
  facet normal  8.467244e-01 -5.320318e-01  0.000000e+00
    outer loop
      vertex  2.345494e+01 -1.167047e+02 -1.500000e+01
      vertex  2.702907e+01 -1.110165e+02  1.500000e+01
      vertex  2.345494e+01 -1.167047e+02  1.500000e+01
    endloop
  endfacet
  facet normal  7.071064e-01 -7.071072e-01  0.000000e+00
    outer loop
      vertex  2.345494e+01 -1.167047e+02 -1.500000e+01
      vertex  2.345494e+01 -1.167047e+02  1.500000e+01
      vertex  1.870469e+01 -1.214549e+02 -1.500000e+01
    endloop
  endfacet
  facet normal  7.071064e-01 -7.071072e-01  0.000000e+00
    outer loop
      vertex  1.870469e+01 -1.214549e+02 -1.500000e+01
      vertex  2.345494e+01 -1.167047e+02  1.500000e+01
      vertex  1.870469e+01 -1.214549e+02  1.500000e+01
    endloop
  endfacet
  facet normal  5.320327e-01 -8.467239e-01  0.000000e+00
    outer loop
      vertex  1.870469e+01 -1.214549e+02 -1.500000e+01
      vertex  1.870469e+01 -1.214549e+02  1.500000e+01
      vertex  1.301651e+01 -1.250291e+02 -1.500000e+01
    endloop
  endfacet
  facet normal  5.320327e-01 -8.467239e-01  0.000000e+00
    outer loop
      vertex  1.301651e+01 -1.250291e+02 -1.500000e+01
      vertex  1.870469e+01 -1.214549e+02  1.500000e+01
      vertex  1.301651e+01 -1.250291e+02  1.500000e+01
    endloop
  endfacet
  facet normal  3.302793e-01 -9.438832e-01  0.000000e+00
    outer loop
      vertex  1.301651e+01 -1.250291e+02 -1.500000e+01
      vertex  1.301651e+01 -1.250291e+02  1.500000e+01
      vertex  6.675628e+00 -1.272478e+02 -1.500000e+01
    endloop
  endfacet
  facet normal  3.302793e-01 -9.438832e-01  0.000000e+00
    outer loop
      vertex  6.675628e+00 -1.272478e+02 -1.500000e+01
      vertex  1.301651e+01 -1.250291e+02  1.500000e+01
      vertex  6.675628e+00 -1.272478e+02  1.500000e+01
    endloop
  endfacet
  facet normal  1.119640e-01 -9.937123e-01  0.000000e+00
    outer loop
      vertex  6.675628e+00 -1.272478e+02 -1.500000e+01
      vertex  6.675628e+00 -1.272478e+02  1.500000e+01
      vertex -3.215626e-14 -1.280000e+02 -1.500000e+01
    endloop
  endfacet
  facet normal  1.119640e-01 -9.937123e-01  0.000000e+00
    outer loop
      vertex -3.215626e-14 -1.280000e+02 -1.500000e+01
      vertex  6.675628e+00 -1.272478e+02  1.500000e+01
      vertex -3.215626e-14 -1.280000e+02  1.500000e+01
    endloop
  endfacet
  facet normal -1.119640e-01 -9.937123e-01  -0.000000e+00
    outer loop
      vertex -3.215626e-14 -1.280000e+02 -1.500000e+01
      vertex -3.215626e-14 -1.280000e+02  1.500000e+01
      vertex -6.675628e+00 -1.272478e+02 -1.500000e+01
    endloop
  endfacet
  facet normal -1.119640e-01 -9.937123e-01  0.000000e+00
    outer loop
      vertex -6.675628e+00 -1.272478e+02 -1.500000e+01
      vertex -3.215626e-14 -1.280000e+02  1.500000e+01
      vertex -6.675628e+00 -1.272478e+02  1.500000e+01
    endloop
  endfacet
  facet normal -3.302793e-01 -9.438832e-01  -0.000000e+00
    outer loop
      vertex -6.675628e+00 -1.272478e+02 -1.500000e+01
      vertex -6.675628e+00 -1.272478e+02  1.500000e+01
      vertex -1.301651e+01 -1.250291e+02 -1.500000e+01
    endloop
  endfacet
  facet normal -3.302793e-01 -9.438832e-01  0.000000e+00
    outer loop
      vertex -1.301651e+01 -1.250291e+02 -1.500000e+01
      vertex -6.675628e+00 -1.272478e+02  1.500000e+01
      vertex -1.301651e+01 -1.250291e+02  1.500000e+01
    endloop
  endfacet
  facet normal -5.320327e-01 -8.467239e-01  -0.000000e+00
    outer loop
      vertex -1.301651e+01 -1.250291e+02 -1.500000e+01
      vertex -1.301651e+01 -1.250291e+02  1.500000e+01
      vertex -1.870469e+01 -1.214549e+02 -1.500000e+01
    endloop
  endfacet
  facet normal -5.320327e-01 -8.467239e-01  0.000000e+00
    outer loop
      vertex -1.870469e+01 -1.214549e+02 -1.500000e+01
      vertex -1.301651e+01 -1.250291e+02  1.500000e+01
      vertex -1.870469e+01 -1.214549e+02  1.500000e+01
    endloop
  endfacet
  facet normal -7.071064e-01 -7.071072e-01  -0.000000e+00
    outer loop
      vertex -1.870469e+01 -1.214549e+02 -1.500000e+01
      vertex -1.870469e+01 -1.214549e+02  1.500000e+01
      vertex -2.345494e+01 -1.167047e+02 -1.500000e+01
    endloop
  endfacet
  facet normal -7.071064e-01 -7.071072e-01  0.000000e+00
    outer loop
      vertex -2.345494e+01 -1.167047e+02 -1.500000e+01
      vertex -1.870469e+01 -1.214549e+02  1.500000e+01
      vertex -2.345494e+01 -1.167047e+02  1.500000e+01
    endloop
  endfacet
  facet normal -8.467244e-01 -5.320318e-01  -0.000000e+00
    outer loop
      vertex -2.345494e+01 -1.167047e+02 -1.500000e+01
      vertex -2.345494e+01 -1.167047e+02  1.500000e+01
      vertex -2.702907e+01 -1.110165e+02 -1.500000e+01
    endloop
  endfacet
  facet normal -8.467244e-01 -5.320318e-01  0.000000e+00
    outer loop
      vertex -2.702907e+01 -1.110165e+02 -1.500000e+01
      vertex -2.345494e+01 -1.167047e+02  1.500000e+01
      vertex -2.702907e+01 -1.110165e+02  1.500000e+01
    endloop
  endfacet
  facet normal -9.438833e-01 -3.302791e-01  -0.000000e+00
    outer loop
      vertex -2.702907e+01 -1.110165e+02 -1.500000e+01
      vertex -2.702907e+01 -1.110165e+02  1.500000e+01
      vertex -2.924784e+01 -1.046756e+02 -1.500000e+01
    endloop
  endfacet
  facet normal -9.438833e-01 -3.302791e-01  0.000000e+00
    outer loop
      vertex -2.924784e+01 -1.046756e+02 -1.500000e+01
      vertex -2.702907e+01 -1.110165e+02  1.500000e+01
      vertex -2.924784e+01 -1.046756e+02  1.500000e+01
    endloop
  endfacet
  facet normal  9.971654e-01 -7.524131e-02  0.000000e+00
    outer loop
      vertex  7.500000e+01  8.700000e+01  1.500000e+01
      vertex  7.471693e+01  8.324856e+01  5.000000e+00
      vertex  7.500000e+01  8.700000e+01 -1.500000e+01
    endloop
  endfacet
  facet normal  9.925634e-01 -1.205191e-01  1.711598e-02
    outer loop
      vertex  7.500000e+01  8.700000e+01  1.500000e+01
      vertex  7.427354e+01  8.101711e+01  1.500000e+01
      vertex  7.471693e+01  8.324856e+01  5.000000e+00
    endloop
  endfacet
  facet normal  9.622017e-01 -2.717440e-01 -1.797534e-02
    outer loop
      vertex  7.471693e+01  8.324856e+01  5.000000e+00
      vertex  7.427354e+01  8.101711e+01  1.500000e+01
      vertex  7.302776e+01  7.726745e+01  5.000000e+00
    endloop
  endfacet
  facet normal  9.348891e-01 -3.545570e-01  1.647929e-02
    outer loop
      vertex  7.427354e+01  8.101711e+01  1.500000e+01
      vertex  7.213640e+01  7.538192e+01  1.500000e+01
      vertex  7.302776e+01  7.726745e+01  5.000000e+00
    endloop
  endfacet
  facet normal  8.654463e-01 -5.007041e-01 -1.726699e-02
    outer loop
      vertex  6.991538e+01  7.188784e+01  5.000000e+00
      vertex  7.302776e+01  7.726745e+01  5.000000e+00
      vertex  7.213640e+01  7.538192e+01  1.500000e+01
    endloop
  endfacet
  facet normal  8.228824e-01 -5.679948e-01  1.569839e-02
    outer loop
      vertex  7.213640e+01  7.538192e+01  1.500000e+01
      vertex  6.871277e+01  7.042194e+01  1.500000e+01
      vertex  6.991538e+01  7.188784e+01  5.000000e+00
    endloop
  endfacet
  facet normal  7.152024e-01 -6.987246e-01 -1.641510e-02
    outer loop
      vertex  6.557218e+01  6.744221e+01  5.000000e+00
      vertex  6.991538e+01  7.188784e+01  5.000000e+00
      vertex  6.871277e+01  7.042194e+01  1.500000e+01
    endloop
  endfacet
  facet normal  6.630512e-01 -7.484283e-01  1.477379e-02
    outer loop
      vertex  6.871277e+01  7.042194e+01  1.500000e+01
      vertex  6.420162e+01  6.642540e+01  1.500000e+01
      vertex  6.557218e+01  6.744221e+01  5.000000e+00
    endloop
  endfacet
  facet normal  5.207524e-01 -8.535685e-01 -1.541991e-02
    outer loop
      vertex  6.026657e+01  6.420532e+01  5.000000e+00
      vertex  6.557218e+01  6.744221e+01  5.000000e+00
      vertex  6.420162e+01  6.642540e+01  1.500000e+01
    endloop
  endfacet
  facet normal  4.646787e-01 -8.853732e-01  1.370629e-02
    outer loop
      vertex  6.420162e+01  6.642540e+01  1.500000e+01
      vertex  5.886512e+01  6.362460e+01  1.500000e+01
      vertex  6.026657e+01  6.420532e+01  5.000000e+00
    endloop
  endfacet
  facet normal  2.941125e-01 -9.556641e-01 -1.427964e-02
    outer loop
      vertex  5.432645e+01  6.237721e+01  5.000000e+00
      vertex  6.026657e+01  6.420532e+01  5.000000e+00
      vertex  5.886512e+01  6.362460e+01  1.500000e+01
    endloop
  endfacet
  facet normal  2.392973e-01 -9.708660e-01  1.249544e-02
    outer loop
      vertex  5.886512e+01  6.362460e+01  1.500000e+01
      vertex  5.301342e+01  6.218228e+01  1.500000e+01
      vertex  5.432645e+01  6.237721e+01  5.000000e+00
    endloop
  endfacet
  facet normal  4.928565e-02 -9.987002e-01 -1.299637e-02
    outer loop
      vertex  4.811895e+01  6.207087e+01  5.000000e+00
      vertex  5.432645e+01  6.237721e+01  5.000000e+00
      vertex  5.301342e+01  6.218228e+01  1.500000e+01
    endloop
  endfacet
  facet normal  0.000000e+00 -9.999380e-01  1.114013e-02
    outer loop
      vertex  5.301342e+01  6.218228e+01  1.500000e+01
      vertex  4.698658e+01  6.218228e+01  1.500000e+01
      vertex  4.811895e+01  6.207087e+01  5.000000e+00
    endloop
  endfacet
  facet normal -1.985939e-01 -9.800136e-01 -1.156987e-02
    outer loop
      vertex  4.202769e+01  6.330523e+01  5.000000e+00
      vertex  4.811895e+01  6.207087e+01  5.000000e+00
      vertex  4.698658e+01  6.218228e+01  1.500000e+01
    endloop
  endfacet
  facet normal -2.393048e-01 -9.708967e-01  9.641980e-03
    outer loop
      vertex  4.698658e+01  6.218228e+01  1.500000e+01
      vertex  4.113488e+01  6.362460e+01  1.500000e+01
      vertex  4.202769e+01  6.330523e+01  5.000000e+00
    endloop
  endfacet
  facet normal -4.342090e-01 -9.007567e-01 -9.999494e-03
    outer loop
      vertex  3.642915e+01  6.600400e+01  5.000000e+00
      vertex  4.202769e+01  6.330523e+01  5.000000e+00
      vertex  4.113488e+01  6.362460e+01  1.500000e+01
    endloop
  endfacet
  facet normal -4.647077e-01 -8.854280e-01  7.999663e-03
    outer loop
      vertex  4.113488e+01  6.362460e+01  1.500000e+01
      vertex  3.579838e+01  6.642540e+01  1.500000e+01
      vertex  3.642915e+01  6.600400e+01  5.000000e+00
    endloop
  endfacet
  facet normal -6.429952e-01 -7.658255e-01 -8.286278e-03
    outer loop
      vertex  3.166934e+01  7.000039e+01  5.000000e+00
      vertex  3.642915e+01  6.600400e+01  5.000000e+00
      vertex  3.579838e+01  6.642540e+01  1.500000e+01
    endloop
  endfacet
  facet normal -6.631104e-01 -7.484959e-01  6.214714e-03
    outer loop
      vertex  3.579838e+01  6.642540e+01  1.500000e+01
      vertex  3.128723e+01  7.042194e+01  1.500000e+01
      vertex  3.166934e+01  7.000039e+01  5.000000e+00
    endloop
  endfacet
  facet normal -8.120459e-01 -5.835581e-01 -6.429114e-03
    outer loop
      vertex  2.804241e+01  7.504741e+01  5.000000e+00
      vertex  3.166934e+01  7.000039e+01  5.000000e+00
      vertex  3.128723e+01  7.042194e+01  1.500000e+01
    endloop
  endfacet
  facet normal -8.229761e-01 -5.680597e-01  4.286252e-03
    outer loop
      vertex  3.128723e+01  7.042194e+01  1.500000e+01
      vertex  2.786360e+01  7.538192e+01  1.500000e+01
      vertex  2.804241e+01  7.504741e+01  5.000000e+00
    endloop
  endfacet
  facet normal -9.309115e-01 -3.652180e-01 -4.429058e-03
    outer loop
      vertex  2.577254e+01  8.083314e+01  5.000000e+00
      vertex  2.804241e+01  7.504741e+01  5.000000e+00
      vertex  2.786360e+01  7.538192e+01  1.500000e+01
    endloop
  endfacet
  facet normal  9.348891e-01 -3.545570e-01 -1.647929e-02
    outer loop
      vertex  7.427354e+01  8.101711e+01 -1.500000e+01
      vertex  7.302776e+01  7.726745e+01 -5.000000e+00
      vertex  7.213640e+01  7.538192e+01 -1.500000e+01
    endloop
  endfacet
  facet normal  8.654463e-01 -5.007041e-01  1.726699e-02
    outer loop
      vertex  7.213640e+01  7.538192e+01 -1.500000e+01
      vertex  7.302776e+01  7.726745e+01 -5.000000e+00
      vertex  6.991538e+01  7.188784e+01 -5.000000e+00
    endloop
  endfacet
  facet normal  8.228824e-01 -5.679948e-01 -1.569838e-02
    outer loop
      vertex  7.213640e+01  7.538192e+01 -1.500000e+01
      vertex  6.991538e+01  7.188784e+01 -5.000000e+00
      vertex  6.871277e+01  7.042194e+01 -1.500000e+01
    endloop
  endfacet
  facet normal  7.152024e-01 -6.987246e-01  1.641510e-02
    outer loop
      vertex  6.871277e+01  7.042194e+01 -1.500000e+01
      vertex  6.991538e+01  7.188784e+01 -5.000000e+00
      vertex  6.557218e+01  6.744221e+01 -5.000000e+00
    endloop
  endfacet
  facet normal  6.630512e-01 -7.484283e-01 -1.477379e-02
    outer loop
      vertex  6.871277e+01  7.042194e+01 -1.500000e+01
      vertex  6.557218e+01  6.744221e+01 -5.000000e+00
      vertex  6.420162e+01  6.642540e+01 -1.500000e+01
    endloop
  endfacet
  facet normal  5.207524e-01 -8.535685e-01  1.541991e-02
    outer loop
      vertex  6.420162e+01  6.642540e+01 -1.500000e+01
      vertex  6.557218e+01  6.744221e+01 -5.000000e+00
      vertex  6.026657e+01  6.420532e+01 -5.000000e+00
    endloop
  endfacet
  facet normal  4.646787e-01 -8.853732e-01 -1.370629e-02
    outer loop
      vertex  6.420162e+01  6.642540e+01 -1.500000e+01
      vertex  6.026657e+01  6.420532e+01 -5.000000e+00
      vertex  5.886512e+01  6.362460e+01 -1.500000e+01
    endloop
  endfacet
  facet normal  2.941125e-01 -9.556641e-01  1.427964e-02
    outer loop
      vertex  5.886512e+01  6.362460e+01 -1.500000e+01
      vertex  6.026657e+01  6.420532e+01 -5.000000e+00
      vertex  5.432645e+01  6.237721e+01 -5.000000e+00
    endloop
  endfacet
  facet normal  2.392973e-01 -9.708660e-01 -1.249544e-02
    outer loop
      vertex  5.886512e+01  6.362460e+01 -1.500000e+01
      vertex  5.432645e+01  6.237721e+01 -5.000000e+00
      vertex  5.301342e+01  6.218228e+01 -1.500000e+01
    endloop
  endfacet
  facet normal  4.928565e-02 -9.987002e-01  1.299637e-02
    outer loop
      vertex  5.301342e+01  6.218228e+01 -1.500000e+01
      vertex  5.432645e+01  6.237721e+01 -5.000000e+00
      vertex  4.811895e+01  6.207087e+01 -5.000000e+00
    endloop
  endfacet
  facet normal  0.000000e+00 -9.999380e-01 -1.114013e-02
    outer loop
      vertex  5.301342e+01  6.218228e+01 -1.500000e+01
      vertex  4.811895e+01  6.207087e+01 -5.000000e+00
      vertex  4.698658e+01  6.218228e+01 -1.500000e+01
    endloop
  endfacet
  facet normal -1.985939e-01 -9.800136e-01  1.156987e-02
    outer loop
      vertex  4.698658e+01  6.218228e+01 -1.500000e+01
      vertex  4.811895e+01  6.207087e+01 -5.000000e+00
      vertex  4.202769e+01  6.330523e+01 -5.000000e+00
    endloop
  endfacet
  facet normal -2.393048e-01 -9.708967e-01 -9.641980e-03
    outer loop
      vertex  4.698658e+01  6.218228e+01 -1.500000e+01
      vertex  4.202769e+01  6.330523e+01 -5.000000e+00
      vertex  4.113488e+01  6.362460e+01 -1.500000e+01
    endloop
  endfacet
  facet normal -4.342090e-01 -9.007567e-01  9.999494e-03
    outer loop
      vertex  4.113488e+01  6.362460e+01 -1.500000e+01
      vertex  4.202769e+01  6.330523e+01 -5.000000e+00
      vertex  3.642915e+01  6.600400e+01 -5.000000e+00
    endloop
  endfacet
  facet normal -4.647077e-01 -8.854280e-01 -7.999663e-03
    outer loop
      vertex  4.113488e+01  6.362460e+01 -1.500000e+01
      vertex  3.642915e+01  6.600400e+01 -5.000000e+00
      vertex  3.579838e+01  6.642540e+01 -1.500000e+01
    endloop
  endfacet
  facet normal -6.429952e-01 -7.658255e-01  8.286278e-03
    outer loop
      vertex  3.579838e+01  6.642540e+01 -1.500000e+01
      vertex  3.642915e+01  6.600400e+01 -5.000000e+00
      vertex  3.166934e+01  7.000039e+01 -5.000000e+00
    endloop
  endfacet
  facet normal -6.631104e-01 -7.484959e-01 -6.214714e-03
    outer loop
      vertex  3.579838e+01  6.642540e+01 -1.500000e+01
      vertex  3.166934e+01  7.000039e+01 -5.000000e+00
      vertex  3.128723e+01  7.042194e+01 -1.500000e+01
    endloop
  endfacet
  facet normal -8.120459e-01 -5.835581e-01  6.429114e-03
    outer loop
      vertex  3.128723e+01  7.042194e+01 -1.500000e+01
      vertex  3.166934e+01  7.000039e+01 -5.000000e+00
      vertex  2.804241e+01  7.504741e+01 -5.000000e+00
    endloop
  endfacet
  facet normal -8.229761e-01 -5.680597e-01 -4.286252e-03
    outer loop
      vertex  3.128723e+01  7.042194e+01 -1.500000e+01
      vertex  2.804241e+01  7.504741e+01 -5.000000e+00
      vertex  2.786360e+01  7.538192e+01 -1.500000e+01
    endloop
  endfacet
  facet normal -9.309115e-01 -3.652180e-01  4.429058e-03
    outer loop
      vertex  2.786360e+01  7.538192e+01 -1.500000e+01
      vertex  2.804241e+01  7.504741e+01 -5.000000e+00
      vertex  2.577254e+01  8.083314e+01 -5.000000e+00
    endloop
  endfacet
  facet normal  9.622017e-01 -2.717440e-01  1.797533e-02
    outer loop
      vertex  7.471693e+01  8.324856e+01 -5.000000e+00
      vertex  7.302776e+01  7.726745e+01 -5.000000e+00
      vertex  7.427354e+01  8.101711e+01 -1.500000e+01
    endloop
  endfacet
  facet normal  9.925634e-01 -1.205191e-01 -1.711598e-02
    outer loop
      vertex  7.471693e+01  8.324856e+01 -5.000000e+00
      vertex  7.427354e+01  8.101711e+01 -1.500000e+01
      vertex  7.500000e+01  8.700000e+01 -1.500000e+01
    endloop
  endfacet
  facet normal  9.971654e-01 -7.524131e-02  0.000000e+00
    outer loop
      vertex  7.471693e+01  8.324856e+01 -5.000000e+00
      vertex  7.500000e+01  8.700000e+01 -1.500000e+01
      vertex  7.471693e+01  8.324856e+01  5.000000e+00
    endloop
  endfacet
  facet normal -9.927089e-01 -1.205365e-01  0.000000e+00
    outer loop
      vertex  2.500000e+01  8.700000e+01  1.500000e+01
      vertex  2.500000e+01  8.700000e+01  5.000000e+00
      vertex  2.572645e+01  8.101711e+01  1.500000e+01
    endloop
  endfacet
  facet normal -9.922420e-01 -1.243008e-01 -2.286051e-03
    outer loop
      vertex  2.572645e+01  8.101711e+01  1.500000e+01
      vertex  2.500000e+01  8.700000e+01  5.000000e+00
      vertex  2.577254e+01  8.083314e+01  5.000000e+00
    endloop
  endfacet
  facet normal -9.350138e-01 -3.546043e-01  2.214526e-03
    outer loop
      vertex  2.572645e+01  8.101711e+01  1.500000e+01
      vertex  2.577254e+01  8.083314e+01  5.000000e+00
      vertex  2.786360e+01  7.538192e+01  1.500000e+01
    endloop
  endfacet
  facet normal -9.922445e-01 -1.243011e-01  0.000000e+00
    outer loop
      vertex  2.500000e+01  8.700000e+01 -5.000000e+00
      vertex  2.500000e+01  8.700000e+01 -1.500000e+01
      vertex  2.577254e+01  8.083314e+01 -5.000000e+00
    endloop
  endfacet
  facet normal -9.927061e-01 -1.205361e-01  2.357447e-03
    outer loop
      vertex  2.577254e+01  8.083314e+01 -5.000000e+00
      vertex  2.500000e+01  8.700000e+01 -1.500000e+01
      vertex  2.572645e+01  8.101711e+01 -1.500000e+01
    endloop
  endfacet
  facet normal -9.350138e-01 -3.546043e-01 -2.214526e-03
    outer loop
      vertex  2.577254e+01  8.083314e+01 -5.000000e+00
      vertex  2.572645e+01  8.101711e+01 -1.500000e+01
      vertex  2.786360e+01  7.538192e+01 -1.500000e+01
    endloop
  endfacet
  facet normal -4.646472e-01  8.853127e-01  1.801342e-02
    outer loop
      vertex  3.809524e+01  1.089836e+02  5.000000e+00
      vertex  3.579838e+01  1.075746e+02  1.500000e+01
      vertex  4.113488e+01  1.103754e+02  1.500000e+01
    endloop
  endfacet
  facet normal -5.676869e-01  8.231183e-01 -1.441618e-02
    outer loop
      vertex  3.809524e+01  1.089836e+02  5.000000e+00
      vertex  3.368117e+01  1.059393e+02  5.000000e+00
      vertex  3.579838e+01  1.075746e+02  1.500000e+01
    endloop
  endfacet
  facet normal -9.349424e-01  3.545772e-01 -1.256710e-02
    outer loop
      vertex  2.572645e+01  9.298289e+01 -1.500000e+01
      vertex  2.727369e+01  9.741703e+01 -5.000000e+00
      vertex  2.786360e+01  9.861808e+01 -1.500000e+01
    endloop
  endfacet
  facet normal -8.590747e-01  5.117365e-01  1.078405e-02
    outer loop
      vertex  2.786360e+01  9.861808e+01 -1.500000e+01
      vertex  2.727369e+01  9.741703e+01 -5.000000e+00
      vertex  3.001781e+01  1.020237e+02 -5.000000e+00
    endloop
  endfacet
  facet normal -8.228760e-01  5.679907e-01 -1.617201e-02
    outer loop
      vertex  2.786360e+01  9.861808e+01 -1.500000e+01
      vertex  3.001781e+01  1.020237e+02 -5.000000e+00
      vertex  3.128723e+01  1.035781e+02 -1.500000e+01
    endloop
  endfacet
  facet normal -7.301654e-01  6.831371e-01  1.349470e-02
    outer loop
      vertex  3.128723e+01  1.035781e+02 -1.500000e+01
      vertex  3.001781e+01  1.020237e+02 -5.000000e+00
      vertex  3.368117e+01  1.059393e+02 -5.000000e+00
    endloop
  endfacet
  facet normal -6.630160e-01  7.483892e-01 -1.798776e-02
    outer loop
      vertex  3.128723e+01  1.035781e+02 -1.500000e+01
      vertex  3.368117e+01  1.059393e+02 -5.000000e+00
      vertex  3.579838e+01  1.075746e+02 -1.500000e+01
    endloop
  endfacet
  facet normal -9.349424e-01  3.545772e-01  1.256710e-02
    outer loop
      vertex  2.572645e+01  9.298289e+01  1.500000e+01
      vertex  2.786360e+01  9.861808e+01  1.500000e+01
      vertex  2.727369e+01  9.741703e+01  5.000000e+00
    endloop
  endfacet
  facet normal -8.590747e-01  5.117365e-01 -1.078405e-02
    outer loop
      vertex  3.001781e+01  1.020237e+02  5.000000e+00
      vertex  2.727369e+01  9.741703e+01  5.000000e+00
      vertex  2.786360e+01  9.861808e+01  1.500000e+01
    endloop
  endfacet
  facet normal -8.228760e-01  5.679907e-01  1.617201e-02
    outer loop
      vertex  2.786360e+01  9.861808e+01  1.500000e+01
      vertex  3.128723e+01  1.035781e+02  1.500000e+01
      vertex  3.001781e+01  1.020237e+02  5.000000e+00
    endloop
  endfacet
  facet normal -7.301654e-01  6.831371e-01 -1.349470e-02
    outer loop
      vertex  3.368117e+01  1.059393e+02  5.000000e+00
      vertex  3.001781e+01  1.020237e+02  5.000000e+00
      vertex  3.128723e+01  1.035781e+02  1.500000e+01
    endloop
  endfacet
  facet normal -6.630160e-01  7.483892e-01  1.798775e-02
    outer loop
      vertex  3.128723e+01  1.035781e+02  1.500000e+01
      vertex  3.579838e+01  1.075746e+02  1.500000e+01
      vertex  3.368117e+01  1.059393e+02  5.000000e+00
    endloop
  endfacet
  facet normal -4.163298e-01  9.092137e-01  0.000000e+00
    outer loop
      vertex  3.809524e+01  1.089836e+02 -5.000000e+00
      vertex  3.809524e+01  1.089836e+02  5.000000e+00
      vertex  4.113488e+01  1.103754e+02  1.500000e+01
    endloop
  endfacet
  facet normal -4.163298e-01  9.092137e-01  0.000000e+00
    outer loop
      vertex  3.809524e+01  1.089836e+02 -5.000000e+00
      vertex  4.113488e+01  1.103754e+02  1.500000e+01
      vertex  4.113488e+01  1.103754e+02 -1.500000e+01
    endloop
  endfacet
  facet normal -4.646472e-01  8.853127e-01 -1.801343e-02
    outer loop
      vertex  3.809524e+01  1.089836e+02 -5.000000e+00
      vertex  4.113488e+01  1.103754e+02 -1.500000e+01
      vertex  3.579838e+01  1.075746e+02 -1.500000e+01
    endloop
  endfacet
  facet normal -5.676869e-01  8.231183e-01  1.441618e-02
    outer loop
      vertex  3.809524e+01  1.089836e+02 -5.000000e+00
      vertex  3.579838e+01  1.075746e+02 -1.500000e+01
      vertex  3.368117e+01  1.059393e+02 -5.000000e+00
    endloop
  endfacet
  facet normal -9.927089e-01  1.205365e-01  0.000000e+00
    outer loop
      vertex  2.500000e+01  8.700000e+01 -1.500000e+01
      vertex  2.500000e+01  8.700000e+01 -5.000000e+00
      vertex  2.572645e+01  9.298289e+01 -1.500000e+01
    endloop
  endfacet
  facet normal -9.942007e-01  1.072379e-01 -8.064756e-03
    outer loop
      vertex  2.572645e+01  9.298289e+01 -1.500000e+01
      vertex  2.500000e+01  8.700000e+01 -5.000000e+00
      vertex  2.557504e+01  9.233114e+01 -5.000000e+00
    endloop
  endfacet
  facet normal -9.484768e-01  3.167843e-01  6.284903e-03
    outer loop
      vertex  2.572645e+01  9.298289e+01 -1.500000e+01
      vertex  2.557504e+01  9.233114e+01 -5.000000e+00
      vertex  2.727369e+01  9.741703e+01 -5.000000e+00
    endloop
  endfacet
  facet normal -2.393153e-01  9.709420e-01  0.000000e+00
    outer loop
      vertex  4.113488e+01  1.103754e+02 -1.500000e+01
      vertex  4.113488e+01  1.103754e+02  1.500000e+01
      vertex  4.698658e+01  1.118177e+02 -1.500000e+01
    endloop
  endfacet
  facet normal -2.393153e-01  9.709420e-01  0.000000e+00
    outer loop
      vertex  4.698658e+01  1.118177e+02 -1.500000e+01
      vertex  4.113488e+01  1.103754e+02  1.500000e+01
      vertex  4.698658e+01  1.118177e+02  1.500000e+01
    endloop
  endfacet
  facet normal  0.000000e+00  1.000000e+00  0.000000e+00
    outer loop
      vertex  4.698658e+01  1.118177e+02 -1.500000e+01
      vertex  4.698658e+01  1.118177e+02  1.500000e+01
      vertex  5.301342e+01  1.118177e+02 -1.500000e+01
    endloop
  endfacet
  facet normal  0.000000e+00  1.000000e+00  -0.000000e+00
    outer loop
      vertex  5.301342e+01  1.118177e+02 -1.500000e+01
      vertex  4.698658e+01  1.118177e+02  1.500000e+01
      vertex  5.301342e+01  1.118177e+02  1.500000e+01
    endloop
  endfacet
  facet normal  2.393153e-01  9.709420e-01  0.000000e+00
    outer loop
      vertex  5.301342e+01  1.118177e+02 -1.500000e+01
      vertex  5.301342e+01  1.118177e+02  1.500000e+01
      vertex  5.886512e+01  1.103754e+02 -1.500000e+01
    endloop
  endfacet
  facet normal  2.393153e-01  9.709420e-01  -0.000000e+00
    outer loop
      vertex  5.886512e+01  1.103754e+02 -1.500000e+01
      vertex  5.301342e+01  1.118177e+02  1.500000e+01
      vertex  5.886512e+01  1.103754e+02  1.500000e+01
    endloop
  endfacet
  facet normal  4.647224e-01  8.854564e-01  0.000000e+00
    outer loop
      vertex  5.886512e+01  1.103754e+02 -1.500000e+01
      vertex  5.886512e+01  1.103754e+02  1.500000e+01
      vertex  6.420162e+01  1.075746e+02 -1.500000e+01
    endloop
  endfacet
  facet normal  4.647224e-01  8.854564e-01  -0.000000e+00
    outer loop
      vertex  6.420162e+01  1.075746e+02 -1.500000e+01
      vertex  5.886512e+01  1.103754e+02  1.500000e+01
      vertex  6.420162e+01  1.075746e+02  1.500000e+01
    endloop
  endfacet
  facet normal  6.631235e-01  7.485099e-01  0.000000e+00
    outer loop
      vertex  6.420162e+01  1.075746e+02 -1.500000e+01
      vertex  6.420162e+01  1.075746e+02  1.500000e+01
      vertex  6.871277e+01  1.035781e+02 -1.500000e+01
    endloop
  endfacet
  facet normal  6.631235e-01  7.485099e-01  -0.000000e+00
    outer loop
      vertex  6.871277e+01  1.035781e+02 -1.500000e+01
      vertex  6.420162e+01  1.075746e+02  1.500000e+01
      vertex  6.871277e+01  1.035781e+02  1.500000e+01
    endloop
  endfacet
  facet normal  8.229839e-01  5.680647e-01  0.000000e+00
    outer loop
      vertex  6.871277e+01  1.035781e+02 -1.500000e+01
      vertex  6.871277e+01  1.035781e+02  1.500000e+01
      vertex  7.213640e+01  9.861808e+01 -1.500000e+01
    endloop
  endfacet
  facet normal  8.229839e-01  5.680647e-01  -0.000000e+00
    outer loop
      vertex  7.213640e+01  9.861808e+01 -1.500000e+01
      vertex  6.871277e+01  1.035781e+02  1.500000e+01
      vertex  7.213640e+01  9.861808e+01  1.500000e+01
    endloop
  endfacet
  facet normal  9.350162e-01  3.546052e-01  0.000000e+00
    outer loop
      vertex  7.213640e+01  9.861808e+01 -1.500000e+01
      vertex  7.213640e+01  9.861808e+01  1.500000e+01
      vertex  7.427354e+01  9.298289e+01 -1.500000e+01
    endloop
  endfacet
  facet normal  9.350162e-01  3.546052e-01  -0.000000e+00
    outer loop
      vertex  7.427354e+01  9.298289e+01 -1.500000e+01
      vertex  7.213640e+01  9.861808e+01  1.500000e+01
      vertex  7.427354e+01  9.298289e+01  1.500000e+01
    endloop
  endfacet
  facet normal  9.927089e-01  1.205368e-01  0.000000e+00
    outer loop
      vertex  7.427354e+01  9.298289e+01 -1.500000e+01
      vertex  7.427354e+01  9.298289e+01  1.500000e+01
      vertex  7.500000e+01  8.700000e+01 -1.500000e+01
    endloop
  endfacet
  facet normal  9.927089e-01  1.205368e-01  -0.000000e+00
    outer loop
      vertex  7.500000e+01  8.700000e+01 -1.500000e+01
      vertex  7.427354e+01  9.298289e+01  1.500000e+01
      vertex  7.500000e+01  8.700000e+01  1.500000e+01
    endloop
  endfacet
  facet normal -9.942330e-01  1.072414e-01  0.000000e+00
    outer loop
      vertex  2.500000e+01  8.700000e+01  5.000000e+00
      vertex  2.500000e+01  8.700000e+01  1.500000e+01
      vertex  2.557504e+01  9.233114e+01  5.000000e+00
    endloop
  endfacet
  facet normal -9.926834e-01  1.205334e-01  7.175242e-03
    outer loop
      vertex  2.557504e+01  9.233114e+01  5.000000e+00
      vertex  2.500000e+01  8.700000e+01  1.500000e+01
      vertex  2.572645e+01  9.298289e+01  1.500000e+01
    endloop
  endfacet
  facet normal -9.484768e-01  3.167843e-01 -6.284902e-03
    outer loop
      vertex  2.557504e+01  9.233114e+01  5.000000e+00
      vertex  2.572645e+01  9.298289e+01  1.500000e+01
      vertex  2.727369e+01  9.741703e+01  5.000000e+00
    endloop
  endfacet
  facet normal  2.603109e-01 -9.654058e-01 -1.516416e-02
    outer loop
      vertex  8.088392e+01 -2.795604e+01  5.000000e+00
      vertex  7.667563e+01 -2.924784e+01  1.500000e+01
      vertex  7.464571e+01 -2.963811e+01  5.000000e+00
    endloop
  endfacet
  facet normal  3.302311e-01 -9.437460e-01  1.705830e-02
    outer loop
      vertex  8.088392e+01 -2.795604e+01  5.000000e+00
      vertex  8.301651e+01 -2.702907e+01  1.500000e+01
      vertex  7.667563e+01 -2.924784e+01  1.500000e+01
    endloop
  endfacet
  facet normal  1.119501e-01 -9.935842e-01  1.605153e-02
    outer loop
      vertex  7.464571e+01 -2.963811e+01  5.000000e+00
      vertex  7.667563e+01 -2.924784e+01  1.500000e+01
      vertex  7.000000e+01 -3.000000e+01  1.500000e+01
    endloop
  endfacet
  facet normal  4.756780e-02 -9.987692e-01 -1.404628e-02
    outer loop
      vertex  7.464571e+01 -2.963811e+01  5.000000e+00
      vertex  7.000000e+01 -3.000000e+01  1.500000e+01
      vertex  6.819204e+01 -2.994547e+01  5.000000e+00
    endloop
  endfacet
  facet normal -1.119522e-01 -9.936031e-01  1.482248e-02
    outer loop
      vertex  6.819204e+01 -2.994547e+01  5.000000e+00
      vertex  7.000000e+01 -3.000000e+01  1.500000e+01
      vertex  6.332437e+01 -2.924784e+01  1.500000e+01
    endloop
  endfacet
  facet normal -1.673890e-01 -9.858091e-01 -1.270602e-02
    outer loop
      vertex  6.819204e+01 -2.994547e+01  5.000000e+00
      vertex  6.332437e+01 -2.924784e+01  1.500000e+01
      vertex  6.182222e+01 -2.886388e+01  5.000000e+00
    endloop
  endfacet
  facet normal -3.302495e-01 -9.437990e-01  1.337114e-02
    outer loop
      vertex  6.182222e+01 -2.886388e+01  5.000000e+00
      vertex  6.332437e+01 -2.924784e+01  1.500000e+01
      vertex  5.698349e+01 -2.702907e+01  1.500000e+01
    endloop
  endfacet
  facet normal -3.745897e-01 -9.271237e-01 -1.114351e-02
    outer loop
      vertex  6.182222e+01 -2.886388e+01  5.000000e+00
      vertex  5.698349e+01 -2.702907e+01  1.500000e+01
      vertex  5.583170e+01 -2.644351e+01  5.000000e+00
    endloop
  endfacet
  facet normal -5.319959e-01 -8.466662e-01  1.169749e-02
    outer loop
      vertex  5.583170e+01 -2.644351e+01  5.000000e+00
      vertex  5.698349e+01 -2.702907e+01  1.500000e+01
      vertex  5.129531e+01 -2.345494e+01  1.500000e+01
    endloop
  endfacet
  facet normal -5.644230e-01 -8.254327e-01 -9.358497e-03
    outer loop
      vertex  5.583170e+01 -2.644351e+01  5.000000e+00
      vertex  5.129531e+01 -2.345494e+01  1.500000e+01
      vertex  5.049835e+01 -2.279662e+01  5.000000e+00
    endloop
  endfacet
  facet normal -7.070727e-01 -7.070730e-01  9.801989e-03
    outer loop
      vertex  5.049835e+01 -2.279662e+01  5.000000e+00
      vertex  5.129531e+01 -2.345494e+01  1.500000e+01
      vertex  4.654506e+01 -1.870469e+01  1.500000e+01
    endloop
  endfacet
  facet normal -7.280824e-01 -6.854503e-01 -7.351627e-03
    outer loop
      vertex  5.049835e+01 -2.279662e+01  5.000000e+00
      vertex  4.654506e+01 -1.870469e+01  1.500000e+01
      vertex  4.606954e+01 -1.809235e+01  5.000000e+00
    endloop
  endfacet
  facet normal -8.466993e-01 -5.320160e-01  7.684170e-03
    outer loop
      vertex  4.606954e+01 -1.809235e+01  5.000000e+00
      vertex  4.654506e+01 -1.870469e+01  1.500000e+01
      vertex  4.297094e+01 -1.301651e+01  1.500000e+01
    endloop
  endfacet
  facet normal -8.579740e-01 -5.136677e-01 -5.122746e-03
    outer loop
      vertex  4.606954e+01 -1.809235e+01  5.000000e+00
      vertex  4.297094e+01 -1.301651e+01  1.500000e+01
      vertex  4.275069e+01 -1.254892e+01  5.000000e+00
    endloop
  endfacet
  facet normal -9.438698e-01 -3.302746e-01  5.344427e-03
    outer loop
      vertex  4.275069e+01 -1.254892e+01  5.000000e+00
      vertex  4.297094e+01 -1.301651e+01  1.500000e+01
      vertex  4.075216e+01 -6.675628e+00  1.500000e+01
    endloop
  endfacet
  facet normal  1.119501e-01 -9.935842e-01 -1.605153e-02
    outer loop
      vertex  7.000000e+01 -3.000000e+01 -1.500000e+01
      vertex  7.667563e+01 -2.924784e+01 -1.500000e+01
      vertex  7.464571e+01 -2.963811e+01 -5.000000e+00
    endloop
  endfacet
  facet normal  4.756780e-02 -9.987692e-01  1.404628e-02
    outer loop
      vertex  7.464571e+01 -2.963811e+01 -5.000000e+00
      vertex  6.819204e+01 -2.994547e+01 -5.000000e+00
      vertex  7.000000e+01 -3.000000e+01 -1.500000e+01
    endloop
  endfacet
  facet normal -1.119522e-01 -9.936031e-01 -1.482248e-02
    outer loop
      vertex  6.332437e+01 -2.924784e+01 -1.500000e+01
      vertex  7.000000e+01 -3.000000e+01 -1.500000e+01
      vertex  6.819204e+01 -2.994547e+01 -5.000000e+00
    endloop
  endfacet
  facet normal -1.673890e-01 -9.858091e-01  1.270603e-02
    outer loop
      vertex  6.819204e+01 -2.994547e+01 -5.000000e+00
      vertex  6.182222e+01 -2.886388e+01 -5.000000e+00
      vertex  6.332437e+01 -2.924784e+01 -1.500000e+01
    endloop
  endfacet
  facet normal -3.302495e-01 -9.437990e-01 -1.337114e-02
    outer loop
      vertex  5.698349e+01 -2.702907e+01 -1.500000e+01
      vertex  6.332437e+01 -2.924784e+01 -1.500000e+01
      vertex  6.182222e+01 -2.886388e+01 -5.000000e+00
    endloop
  endfacet
  facet normal -3.745897e-01 -9.271237e-01  1.114351e-02
    outer loop
      vertex  6.182222e+01 -2.886388e+01 -5.000000e+00
      vertex  5.583170e+01 -2.644351e+01 -5.000000e+00
      vertex  5.698349e+01 -2.702907e+01 -1.500000e+01
    endloop
  endfacet
  facet normal -5.319959e-01 -8.466662e-01 -1.169749e-02
    outer loop
      vertex  5.129531e+01 -2.345494e+01 -1.500000e+01
      vertex  5.698349e+01 -2.702907e+01 -1.500000e+01
      vertex  5.583170e+01 -2.644351e+01 -5.000000e+00
    endloop
  endfacet
  facet normal -5.644230e-01 -8.254327e-01  9.358494e-03
    outer loop
      vertex  5.583170e+01 -2.644351e+01 -5.000000e+00
      vertex  5.049835e+01 -2.279662e+01 -5.000000e+00
      vertex  5.129531e+01 -2.345494e+01 -1.500000e+01
    endloop
  endfacet
  facet normal -7.070727e-01 -7.070730e-01 -9.801989e-03
    outer loop
      vertex  4.654506e+01 -1.870469e+01 -1.500000e+01
      vertex  5.129531e+01 -2.345494e+01 -1.500000e+01
      vertex  5.049835e+01 -2.279662e+01 -5.000000e+00
    endloop
  endfacet
  facet normal -7.280824e-01 -6.854503e-01  7.351627e-03
    outer loop
      vertex  5.049835e+01 -2.279662e+01 -5.000000e+00
      vertex  4.606954e+01 -1.809235e+01 -5.000000e+00
      vertex  4.654506e+01 -1.870469e+01 -1.500000e+01
    endloop
  endfacet
  facet normal -8.466993e-01 -5.320160e-01 -7.684170e-03
    outer loop
      vertex  4.297094e+01 -1.301651e+01 -1.500000e+01
      vertex  4.654506e+01 -1.870469e+01 -1.500000e+01
      vertex  4.606954e+01 -1.809235e+01 -5.000000e+00
    endloop
  endfacet
  facet normal -8.579740e-01 -5.136677e-01  5.122748e-03
    outer loop
      vertex  4.606954e+01 -1.809235e+01 -5.000000e+00
      vertex  4.275069e+01 -1.254892e+01 -5.000000e+00
      vertex  4.297094e+01 -1.301651e+01 -1.500000e+01
    endloop
  endfacet
  facet normal -9.438698e-01 -3.302746e-01 -5.344427e-03
    outer loop
      vertex  4.075216e+01 -6.675628e+00 -1.500000e+01
      vertex  4.297094e+01 -1.301651e+01 -1.500000e+01
      vertex  4.275069e+01 -1.254892e+01 -5.000000e+00
    endloop
  endfacet
  facet normal  2.603109e-01 -9.654058e-01  1.516416e-02
    outer loop
      vertex  8.088392e+01 -2.795604e+01 -5.000000e+00
      vertex  7.464571e+01 -2.963811e+01 -5.000000e+00
      vertex  7.667563e+01 -2.924784e+01 -1.500000e+01
    endloop
  endfacet
  facet normal  3.302311e-01 -9.437460e-01 -1.705829e-02
    outer loop
      vertex  8.088392e+01 -2.795604e+01 -5.000000e+00
      vertex  7.667563e+01 -2.924784e+01 -1.500000e+01
      vertex  8.301651e+01 -2.702907e+01 -1.500000e+01
    endloop
  endfacet
  facet normal  3.986406e-01 -9.171072e-01  0.000000e+00
    outer loop
      vertex  8.088392e+01 -2.795604e+01 -5.000000e+00
      vertex  8.301651e+01 -2.702907e+01 -1.500000e+01
      vertex  8.301651e+01 -2.702907e+01  1.500000e+01
    endloop
  endfacet
  facet normal  3.986406e-01 -9.171072e-01  0.000000e+00
    outer loop
      vertex  8.088392e+01 -2.795604e+01 -5.000000e+00
      vertex  8.301651e+01 -2.702907e+01  1.500000e+01
      vertex  8.088392e+01 -2.795604e+01  5.000000e+00
    endloop
  endfacet
  facet normal  9.937123e-01 -1.119640e-01  0.000000e+00
    outer loop
      vertex  1.000000e+02  0.000000e+00 -1.500000e+01
      vertex  1.000000e+02  0.000000e+00  1.500000e+01
      vertex  9.924784e+01 -6.675628e+00 -1.500000e+01
    endloop
  endfacet
  facet normal  9.937123e-01 -1.119640e-01  0.000000e+00
    outer loop
      vertex  9.924784e+01 -6.675628e+00 -1.500000e+01
      vertex  1.000000e+02  0.000000e+00  1.500000e+01
      vertex  9.924784e+01 -6.675628e+00  1.500000e+01
    endloop
  endfacet
  facet normal  9.438832e-01 -3.302793e-01  0.000000e+00
    outer loop
      vertex  9.924784e+01 -6.675628e+00 -1.500000e+01
      vertex  9.924784e+01 -6.675628e+00  1.500000e+01
      vertex  9.702907e+01 -1.301651e+01 -1.500000e+01
    endloop
  endfacet
  facet normal  9.438832e-01 -3.302793e-01  0.000000e+00
    outer loop
      vertex  9.702907e+01 -1.301651e+01 -1.500000e+01
      vertex  9.924784e+01 -6.675628e+00  1.500000e+01
      vertex  9.702907e+01 -1.301651e+01  1.500000e+01
    endloop
  endfacet
  facet normal  8.467239e-01 -5.320327e-01  0.000000e+00
    outer loop
      vertex  9.702907e+01 -1.301651e+01 -1.500000e+01
      vertex  9.702907e+01 -1.301651e+01  1.500000e+01
      vertex  9.345494e+01 -1.870469e+01 -1.500000e+01
    endloop
  endfacet
  facet normal  8.467239e-01 -5.320327e-01  0.000000e+00
    outer loop
      vertex  9.345494e+01 -1.870469e+01 -1.500000e+01
      vertex  9.702907e+01 -1.301651e+01  1.500000e+01
      vertex  9.345494e+01 -1.870469e+01  1.500000e+01
    endloop
  endfacet
  facet normal  7.071072e-01 -7.071064e-01  0.000000e+00
    outer loop
      vertex  9.345494e+01 -1.870469e+01 -1.500000e+01
      vertex  9.345494e+01 -1.870469e+01  1.500000e+01
      vertex  8.870470e+01 -2.345494e+01 -1.500000e+01
    endloop
  endfacet
  facet normal  7.071072e-01 -7.071064e-01  0.000000e+00
    outer loop
      vertex  8.870470e+01 -2.345494e+01 -1.500000e+01
      vertex  9.345494e+01 -1.870469e+01  1.500000e+01
      vertex  8.870470e+01 -2.345494e+01  1.500000e+01
    endloop
  endfacet
  facet normal  5.320318e-01 -8.467244e-01  0.000000e+00
    outer loop
      vertex  8.870470e+01 -2.345494e+01 -1.500000e+01
      vertex  8.870470e+01 -2.345494e+01  1.500000e+01
      vertex  8.301651e+01 -2.702907e+01 -1.500000e+01
    endloop
  endfacet
  facet normal  5.320318e-01 -8.467244e-01  0.000000e+00
    outer loop
      vertex  8.301651e+01 -2.702907e+01 -1.500000e+01
      vertex  8.870470e+01 -2.345494e+01  1.500000e+01
      vertex  8.301651e+01 -2.702907e+01  1.500000e+01
    endloop
  endfacet
  facet normal -9.937123e-01 -1.119645e-01  0.000000e+00
    outer loop
      vertex  4.000000e+01  1.699662e-14  1.500000e+01
      vertex  4.000000e+01  1.699662e-14  5.000000e+00
      vertex  4.075216e+01 -6.675628e+00  1.500000e+01
    endloop
  endfacet
  facet normal -9.941811e-01 -1.076826e-01  2.893709e-03
    outer loop
      vertex  4.075216e+01 -6.675628e+00  1.500000e+01
      vertex  4.000000e+01  1.699662e-14  5.000000e+00
      vertex  4.069574e+01 -6.423426e+00  5.000000e+00
    endloop
  endfacet
  facet normal -9.480688e-01 -3.180543e-01 -2.672087e-03
    outer loop
      vertex  4.075216e+01 -6.675628e+00  1.500000e+01
      vertex  4.069574e+01 -6.423426e+00  5.000000e+00
      vertex  4.275069e+01 -1.254892e+01  5.000000e+00
    endloop
  endfacet
  facet normal -9.941853e-01 -1.076831e-01  0.000000e+00
    outer loop
      vertex  4.000000e+01  1.699662e-14 -5.000000e+00
      vertex  4.000000e+01  1.699662e-14 -1.500000e+01
      vertex  4.069574e+01 -6.423426e+00 -5.000000e+00
    endloop
  endfacet
  facet normal -9.937083e-01 -1.119641e-01 -2.783062e-03
    outer loop
      vertex  4.069574e+01 -6.423426e+00 -5.000000e+00
      vertex  4.000000e+01  1.699662e-14 -1.500000e+01
      vertex  4.075216e+01 -6.675628e+00 -1.500000e+01
    endloop
  endfacet
  facet normal -9.480688e-01 -3.180543e-01  2.672088e-03
    outer loop
      vertex  4.069574e+01 -6.423426e+00 -5.000000e+00
      vertex  4.075216e+01 -6.675628e+00 -1.500000e+01
      vertex  4.275069e+01 -1.254892e+01 -5.000000e+00
    endloop
  endfacet
  facet normal  7.070782e-01  7.070774e-01  9.057845e-03
    outer loop
      vertex  9.285757e+01  1.943016e+01  5.000000e+00
      vertex  8.870470e+01  2.345494e+01  1.500000e+01
      vertex  9.345494e+01  1.870469e+01  1.500000e+01
    endloop
  endfacet
  facet normal  6.856261e-01  7.279075e-01 -8.234627e-03
    outer loop
      vertex  9.285757e+01  1.943016e+01  5.000000e+00
      vertex  8.802923e+01  2.397805e+01  5.000000e+00
      vertex  8.870470e+01  2.345494e+01  1.500000e+01
    endloop
  endfacet
  facet normal -7.071019e-01  7.071022e-01 -3.632825e-03
    outer loop
      vertex  4.654506e+01  1.870469e+01 -1.500000e+01
      vertex  5.102934e+01  2.324035e+01 -5.000000e+00
      vertex  5.129531e+01  2.345494e+01 -1.500000e+01
    endloop
  endfacet
  facet normal -5.428358e-01  8.398311e-01  3.584388e-03
    outer loop
      vertex  5.129531e+01  2.345494e+01 -1.500000e+01
      vertex  5.102934e+01  2.324035e+01 -5.000000e+00
      vertex  5.659994e+01  2.684098e+01 -5.000000e+00
    endloop
  endfacet
  facet normal -5.320269e-01  8.467156e-01 -4.480448e-03
    outer loop
      vertex  5.129531e+01  2.345494e+01 -1.500000e+01
      vertex  5.659994e+01  2.684098e+01 -5.000000e+00
      vertex  5.698349e+01  2.702907e+01 -1.500000e+01
    endloop
  endfacet
  facet normal -3.450190e-01  9.385853e-01  4.420046e-03
    outer loop
      vertex  5.698349e+01  2.702907e+01 -1.500000e+01
      vertex  5.659994e+01  2.684098e+01 -5.000000e+00
      vertex  6.282560e+01  2.912951e+01 -5.000000e+00
    endloop
  endfacet
  facet normal -3.302743e-01  9.438701e-01 -5.304026e-03
    outer loop
      vertex  5.698349e+01  2.702907e+01 -1.500000e+01
      vertex  6.282560e+01  2.912951e+01 -5.000000e+00
      vertex  6.332437e+01  2.924784e+01 -1.500000e+01
    endloop
  endfacet
  facet normal -1.303373e-01  9.914559e-01  5.231282e-03
    outer loop
      vertex  6.332437e+01  2.924784e+01 -1.500000e+01
      vertex  6.282560e+01  2.912951e+01 -5.000000e+00
      vertex  6.940199e+01  2.999404e+01 -5.000000e+00
    endloop
  endfacet
  facet normal -1.119624e-01  9.936938e-01 -6.103232e-03
    outer loop
      vertex  6.332437e+01  2.924784e+01 -1.500000e+01
      vertex  6.940199e+01  2.999404e+01 -5.000000e+00
      vertex  7.000000e+01  3.000000e+01 -1.500000e+01
    endloop
  endfacet
  facet normal  9.071425e-02  9.958588e-01  6.018425e-03
    outer loop
      vertex  7.000000e+01  3.000000e+01 -1.500000e+01
      vertex  6.940199e+01  2.999404e+01 -5.000000e+00
      vertex  7.600760e+01  2.939232e+01 -5.000000e+00
    endloop
  endfacet
  facet normal  1.119619e-01  9.936887e-01 -6.878162e-03
    outer loop
      vertex  7.000000e+01  3.000000e+01 -1.500000e+01
      vertex  7.600760e+01  2.939232e+01 -5.000000e+00
      vertex  7.667563e+01  2.924784e+01 -1.500000e+01
    endloop
  endfacet
  facet normal  3.073288e-01  9.515792e-01  6.781360e-03
    outer loop
      vertex  7.667563e+01  2.924784e+01 -1.500000e+01
      vertex  7.600760e+01  2.939232e+01 -5.000000e+00
      vertex  8.231953e+01  2.735378e+01 -5.000000e+00
    endloop
  endfacet
  facet normal  3.302695e-01  9.438559e-01 -7.629040e-03
    outer loop
      vertex  7.667563e+01  2.924784e+01 -1.500000e+01
      vertex  8.231953e+01  2.735378e+01 -5.000000e+00
      vertex  8.301651e+01  2.702907e+01 -1.500000e+01
    endloop
  endfacet
  facet normal  5.089179e-01  8.607822e-01  7.519809e-03
    outer loop
      vertex  8.301651e+01  2.702907e+01 -1.500000e+01
      vertex  8.231953e+01  2.735378e+01 -5.000000e+00
      vertex  8.802923e+01  2.397805e+01 -5.000000e+00
    endloop
  endfacet
  facet normal  5.320132e-01  8.466949e-01 -8.355275e-03
    outer loop
      vertex  8.301651e+01  2.702907e+01 -1.500000e+01
      vertex  8.802923e+01  2.397805e+01 -5.000000e+00
      vertex  8.870470e+01  2.345494e+01 -1.500000e+01
    endloop
  endfacet
  facet normal -7.071019e-01  7.071022e-01  3.632825e-03
    outer loop
      vertex  4.654506e+01  1.870469e+01  1.500000e+01
      vertex  5.129531e+01  2.345494e+01  1.500000e+01
      vertex  5.102934e+01  2.324035e+01  5.000000e+00
    endloop
  endfacet
  facet normal -5.428358e-01  8.398311e-01 -3.584388e-03
    outer loop
      vertex  5.659994e+01  2.684098e+01  5.000000e+00
      vertex  5.102934e+01  2.324035e+01  5.000000e+00
      vertex  5.129531e+01  2.345494e+01  1.500000e+01
    endloop
  endfacet
  facet normal -5.320269e-01  8.467156e-01  4.480449e-03
    outer loop
      vertex  5.129531e+01  2.345494e+01  1.500000e+01
      vertex  5.698349e+01  2.702907e+01  1.500000e+01
      vertex  5.659994e+01  2.684098e+01  5.000000e+00
    endloop
  endfacet
  facet normal -3.450190e-01  9.385853e-01 -4.420046e-03
    outer loop
      vertex  6.282560e+01  2.912951e+01  5.000000e+00
      vertex  5.659994e+01  2.684098e+01  5.000000e+00
      vertex  5.698349e+01  2.702907e+01  1.500000e+01
    endloop
  endfacet
  facet normal -3.302743e-01  9.438701e-01  5.304027e-03
    outer loop
      vertex  5.698349e+01  2.702907e+01  1.500000e+01
      vertex  6.332437e+01  2.924784e+01  1.500000e+01
      vertex  6.282560e+01  2.912951e+01  5.000000e+00
    endloop
  endfacet
  facet normal -1.303373e-01  9.914559e-01 -5.231282e-03
    outer loop
      vertex  6.940199e+01  2.999404e+01  5.000000e+00
      vertex  6.282560e+01  2.912951e+01  5.000000e+00
      vertex  6.332437e+01  2.924784e+01  1.500000e+01
    endloop
  endfacet
  facet normal -1.119624e-01  9.936938e-01  6.103232e-03
    outer loop
      vertex  6.332437e+01  2.924784e+01  1.500000e+01
      vertex  7.000000e+01  3.000000e+01  1.500000e+01
      vertex  6.940199e+01  2.999404e+01  5.000000e+00
    endloop
  endfacet
  facet normal  9.071425e-02  9.958588e-01 -6.018425e-03
    outer loop
      vertex  7.600760e+01  2.939232e+01  5.000000e+00
      vertex  6.940199e+01  2.999404e+01  5.000000e+00
      vertex  7.000000e+01  3.000000e+01  1.500000e+01
    endloop
  endfacet
  facet normal  1.119619e-01  9.936887e-01  6.878163e-03
    outer loop
      vertex  7.000000e+01  3.000000e+01  1.500000e+01
      vertex  7.667563e+01  2.924784e+01  1.500000e+01
      vertex  7.600760e+01  2.939232e+01  5.000000e+00
    endloop
  endfacet
  facet normal  3.073288e-01  9.515792e-01 -6.781360e-03
    outer loop
      vertex  8.231953e+01  2.735378e+01  5.000000e+00
      vertex  7.600760e+01  2.939232e+01  5.000000e+00
      vertex  7.667563e+01  2.924784e+01  1.500000e+01
    endloop
  endfacet
  facet normal  3.302695e-01  9.438559e-01  7.629040e-03
    outer loop
      vertex  7.667563e+01  2.924784e+01  1.500000e+01
      vertex  8.301651e+01  2.702907e+01  1.500000e+01
      vertex  8.231953e+01  2.735378e+01  5.000000e+00
    endloop
  endfacet
  facet normal  5.089179e-01  8.607822e-01 -7.519809e-03
    outer loop
      vertex  8.802923e+01  2.397805e+01  5.000000e+00
      vertex  8.231953e+01  2.735378e+01  5.000000e+00
      vertex  8.301651e+01  2.702907e+01  1.500000e+01
    endloop
  endfacet
  facet normal  5.320132e-01  8.466949e-01  8.355275e-03
    outer loop
      vertex  8.301651e+01  2.702907e+01  1.500000e+01
      vertex  8.870470e+01  2.345494e+01  1.500000e+01
      vertex  8.802923e+01  2.397805e+01  5.000000e+00
    endloop
  endfacet
  facet normal  7.719716e-01  6.356571e-01  0.000000e+00
    outer loop
      vertex  9.285757e+01  1.943016e+01 -5.000000e+00
      vertex  9.285757e+01  1.943016e+01  5.000000e+00
      vertex  9.345494e+01  1.870469e+01  1.500000e+01
    endloop
  endfacet
  facet normal  7.719716e-01  6.356570e-01  0.000000e+00
    outer loop
      vertex  9.285757e+01  1.943016e+01 -5.000000e+00
      vertex  9.345494e+01  1.870469e+01  1.500000e+01
      vertex  9.345494e+01  1.870469e+01 -1.500000e+01
    endloop
  endfacet
  facet normal  7.070782e-01  7.070774e-01 -9.057841e-03
    outer loop
      vertex  9.285757e+01  1.943016e+01 -5.000000e+00
      vertex  9.345494e+01  1.870469e+01 -1.500000e+01
      vertex  8.870470e+01  2.345494e+01 -1.500000e+01
    endloop
  endfacet
  facet normal  6.856261e-01  7.279075e-01  8.234627e-03
    outer loop
      vertex  9.285757e+01  1.943016e+01 -5.000000e+00
      vertex  8.870470e+01  2.345494e+01 -1.500000e+01
      vertex  8.802923e+01  2.397805e+01 -5.000000e+00
    endloop
  endfacet
  facet normal -9.937123e-01  1.119645e-01  0.000000e+00
    outer loop
      vertex  4.000000e+01  1.699662e-14 -1.500000e+01
      vertex  4.000000e+01  1.699662e-14 -5.000000e+00
      vertex  4.075216e+01  6.675628e+00 -1.500000e+01
    endloop
  endfacet
  facet normal -9.938702e-01  1.105492e-01 -9.567248e-04
    outer loop
      vertex  4.075216e+01  6.675628e+00 -1.500000e+01
      vertex  4.000000e+01  1.699662e-14 -5.000000e+00
      vertex  4.073327e+01  6.592307e+00 -5.000000e+00
    endloop
  endfacet
  facet normal -9.438828e-01  3.302791e-01  9.685471e-04
    outer loop
      vertex  4.075216e+01  6.675628e+00 -1.500000e+01
      vertex  4.073327e+01  6.592307e+00 -5.000000e+00
      vertex  4.297094e+01  1.301651e+01 -1.500000e+01
    endloop
  endfacet
  facet normal -9.452838e-01  3.262433e-01 -1.937684e-03
    outer loop
      vertex  4.297094e+01  1.301651e+01 -1.500000e+01
      vertex  4.073327e+01  6.592307e+00 -5.000000e+00
      vertex  4.289723e+01  1.286235e+01 -5.000000e+00
    endloop
  endfacet
  facet normal -8.467227e-01  5.320307e-01  1.961198e-03
    outer loop
      vertex  4.297094e+01  1.301651e+01 -1.500000e+01
      vertex  4.289723e+01  1.286235e+01 -5.000000e+00
      vertex  4.654506e+01  1.870469e+01 -1.500000e+01
    endloop
  endfacet
  facet normal -8.504868e-01  5.259883e-01 -2.942041e-03
    outer loop
      vertex  4.654506e+01  1.870469e+01 -1.500000e+01
      vertex  4.289723e+01  1.286235e+01 -5.000000e+00
      vertex  4.638611e+01  1.850362e+01 -5.000000e+00
    endloop
  endfacet
  facet normal -7.141172e-01  7.000209e-01  2.724831e-03
    outer loop
      vertex  4.654506e+01  1.870469e+01 -1.500000e+01
      vertex  4.638611e+01  1.850362e+01 -5.000000e+00
      vertex  5.102934e+01  2.324035e+01 -5.000000e+00
    endloop
  endfacet
  facet normal  8.467239e-01  5.320327e-01  0.000000e+00
    outer loop
      vertex  9.345494e+01  1.870469e+01 -1.500000e+01
      vertex  9.345494e+01  1.870469e+01  1.500000e+01
      vertex  9.702907e+01  1.301651e+01 -1.500000e+01
    endloop
  endfacet
  facet normal  8.467239e-01  5.320327e-01  -0.000000e+00
    outer loop
      vertex  9.702907e+01  1.301651e+01 -1.500000e+01
      vertex  9.345494e+01  1.870469e+01  1.500000e+01
      vertex  9.702907e+01  1.301651e+01  1.500000e+01
    endloop
  endfacet
  facet normal  9.438832e-01  3.302793e-01  0.000000e+00
    outer loop
      vertex  9.702907e+01  1.301651e+01 -1.500000e+01
      vertex  9.702907e+01  1.301651e+01  1.500000e+01
      vertex  9.924784e+01  6.675628e+00 -1.500000e+01
    endloop
  endfacet
  facet normal  9.438832e-01  3.302793e-01  -0.000000e+00
    outer loop
      vertex  9.924784e+01  6.675628e+00 -1.500000e+01
      vertex  9.702907e+01  1.301651e+01  1.500000e+01
      vertex  9.924784e+01  6.675628e+00  1.500000e+01
    endloop
  endfacet
  facet normal  9.937123e-01  1.119640e-01  0.000000e+00
    outer loop
      vertex  9.924784e+01  6.675628e+00 -1.500000e+01
      vertex  9.924784e+01  6.675628e+00  1.500000e+01
      vertex  1.000000e+02  0.000000e+00 -1.500000e+01
    endloop
  endfacet
  facet normal  9.937123e-01  1.119640e-01  -0.000000e+00
    outer loop
      vertex  1.000000e+02  0.000000e+00 -1.500000e+01
      vertex  9.924784e+01  6.675628e+00  1.500000e+01
      vertex  1.000000e+02  0.000000e+00  1.500000e+01
    endloop
  endfacet
  facet normal -9.938707e-01  1.105492e-01  0.000000e+00
    outer loop
      vertex  4.000000e+01  1.699662e-14  5.000000e+00
      vertex  4.000000e+01  1.699662e-14  1.500000e+01
      vertex  4.073327e+01  6.592307e+00  5.000000e+00
    endloop
  endfacet
  facet normal -9.937118e-01  1.119645e-01  9.446331e-04
    outer loop
      vertex  4.073327e+01  6.592307e+00  5.000000e+00
      vertex  4.000000e+01  1.699662e-14  1.500000e+01
      vertex  4.075216e+01  6.675628e+00  1.500000e+01
    endloop
  endfacet
  facet normal -9.452852e-01  3.262437e-01 -9.322737e-04
    outer loop
      vertex  4.073327e+01  6.592307e+00  5.000000e+00
      vertex  4.075216e+01  6.675628e+00  1.500000e+01
      vertex  4.289723e+01  1.286235e+01  5.000000e+00
    endloop
  endfacet
  facet normal -9.438816e-01  3.302787e-01  1.865138e-03
    outer loop
      vertex  4.289723e+01  1.286235e+01  5.000000e+00
      vertex  4.075216e+01  6.675628e+00  1.500000e+01
      vertex  4.297094e+01  1.301651e+01  1.500000e+01
    endloop
  endfacet
  facet normal -8.504889e-01  5.259897e-01 -1.840310e-03
    outer loop
      vertex  4.289723e+01  1.286235e+01  5.000000e+00
      vertex  4.297094e+01  1.301651e+01  1.500000e+01
      vertex  4.638611e+01  1.850362e+01  5.000000e+00
    endloop
  endfacet
  facet normal -8.467211e-01  5.320297e-01  2.760712e-03
    outer loop
      vertex  4.638611e+01  1.850362e+01  5.000000e+00
      vertex  4.297094e+01  1.301651e+01  1.500000e+01
      vertex  4.654506e+01  1.870469e+01  1.500000e+01
    endloop
  endfacet
  facet normal -7.141172e-01  7.000209e-01 -2.724832e-03
    outer loop
      vertex  4.638611e+01  1.850362e+01  5.000000e+00
      vertex  4.654506e+01  1.870469e+01  1.500000e+01
      vertex  5.102934e+01  2.324035e+01  5.000000e+00
    endloop
  endfacet
  facet normal -6.856261e-01  7.279075e-01 -8.234627e-03
    outer loop
      vertex -9.285757e+01  1.943016e+01  5.000000e+00
      vertex -8.870470e+01  2.345494e+01  1.500000e+01
      vertex -8.802923e+01  2.397805e+01  5.000000e+00
    endloop
  endfacet
  facet normal -7.070782e-01  7.070774e-01  9.057841e-03
    outer loop
      vertex -9.285757e+01  1.943016e+01  5.000000e+00
      vertex -9.345494e+01  1.870469e+01  1.500000e+01
      vertex -8.870470e+01  2.345494e+01  1.500000e+01
    endloop
  endfacet
  facet normal -5.320132e-01  8.466949e-01  8.355275e-03
    outer loop
      vertex -8.802923e+01  2.397805e+01  5.000000e+00
      vertex -8.870470e+01  2.345494e+01  1.500000e+01
      vertex -8.301651e+01  2.702907e+01  1.500000e+01
    endloop
  endfacet
  facet normal -5.089179e-01  8.607822e-01 -7.519809e-03
    outer loop
      vertex -8.802923e+01  2.397805e+01  5.000000e+00
      vertex -8.301651e+01  2.702907e+01  1.500000e+01
      vertex -8.231953e+01  2.735378e+01  5.000000e+00
    endloop
  endfacet
  facet normal -3.302695e-01  9.438559e-01  7.629040e-03
    outer loop
      vertex -8.231953e+01  2.735378e+01  5.000000e+00
      vertex -8.301651e+01  2.702907e+01  1.500000e+01
      vertex -7.667563e+01  2.924784e+01  1.500000e+01
    endloop
  endfacet
  facet normal -3.073288e-01  9.515792e-01 -6.781360e-03
    outer loop
      vertex -8.231953e+01  2.735378e+01  5.000000e+00
      vertex -7.667563e+01  2.924784e+01  1.500000e+01
      vertex -7.600760e+01  2.939232e+01  5.000000e+00
    endloop
  endfacet
  facet normal -1.119619e-01  9.936887e-01  6.878163e-03
    outer loop
      vertex -7.600760e+01  2.939232e+01  5.000000e+00
      vertex -7.667563e+01  2.924784e+01  1.500000e+01
      vertex -7.000000e+01  3.000000e+01  1.500000e+01
    endloop
  endfacet
  facet normal -9.071425e-02  9.958588e-01 -6.018425e-03
    outer loop
      vertex -7.600760e+01  2.939232e+01  5.000000e+00
      vertex -7.000000e+01  3.000000e+01  1.500000e+01
      vertex -6.940199e+01  2.999404e+01  5.000000e+00
    endloop
  endfacet
  facet normal  1.119624e-01  9.936938e-01  6.103232e-03
    outer loop
      vertex -6.940199e+01  2.999404e+01  5.000000e+00
      vertex -7.000000e+01  3.000000e+01  1.500000e+01
      vertex -6.332437e+01  2.924784e+01  1.500000e+01
    endloop
  endfacet
  facet normal  1.303373e-01  9.914559e-01 -5.231282e-03
    outer loop
      vertex -6.940199e+01  2.999404e+01  5.000000e+00
      vertex -6.332437e+01  2.924784e+01  1.500000e+01
      vertex -6.282560e+01  2.912951e+01  5.000000e+00
    endloop
  endfacet
  facet normal  3.302743e-01  9.438701e-01  5.304027e-03
    outer loop
      vertex -6.282560e+01  2.912951e+01  5.000000e+00
      vertex -6.332437e+01  2.924784e+01  1.500000e+01
      vertex -5.698349e+01  2.702907e+01  1.500000e+01
    endloop
  endfacet
  facet normal  3.450190e-01  9.385853e-01 -4.420047e-03
    outer loop
      vertex -6.282560e+01  2.912951e+01  5.000000e+00
      vertex -5.698349e+01  2.702907e+01  1.500000e+01
      vertex -5.659994e+01  2.684098e+01  5.000000e+00
    endloop
  endfacet
  facet normal  5.320269e-01  8.467156e-01  4.480449e-03
    outer loop
      vertex -5.659994e+01  2.684098e+01  5.000000e+00
      vertex -5.698349e+01  2.702907e+01  1.500000e+01
      vertex -5.129531e+01  2.345494e+01  1.500000e+01
    endloop
  endfacet
  facet normal  5.428358e-01  8.398311e-01 -3.584388e-03
    outer loop
      vertex -5.659994e+01  2.684098e+01  5.000000e+00
      vertex -5.129531e+01  2.345494e+01  1.500000e+01
      vertex -5.102934e+01  2.324035e+01  5.000000e+00
    endloop
  endfacet
  facet normal  7.071019e-01  7.071022e-01  3.632825e-03
    outer loop
      vertex -5.102934e+01  2.324035e+01  5.000000e+00
      vertex -5.129531e+01  2.345494e+01  1.500000e+01
      vertex -4.654506e+01  1.870469e+01  1.500000e+01
    endloop
  endfacet
  facet normal -5.320132e-01  8.466949e-01 -8.355275e-03
    outer loop
      vertex -8.301651e+01  2.702907e+01 -1.500000e+01
      vertex -8.870470e+01  2.345494e+01 -1.500000e+01
      vertex -8.802923e+01  2.397805e+01 -5.000000e+00
    endloop
  endfacet
  facet normal -5.089179e-01  8.607822e-01  7.519809e-03
    outer loop
      vertex -8.802923e+01  2.397805e+01 -5.000000e+00
      vertex -8.231953e+01  2.735378e+01 -5.000000e+00
      vertex -8.301651e+01  2.702907e+01 -1.500000e+01
    endloop
  endfacet
  facet normal -3.302695e-01  9.438559e-01 -7.629040e-03
    outer loop
      vertex -7.667563e+01  2.924784e+01 -1.500000e+01
      vertex -8.301651e+01  2.702907e+01 -1.500000e+01
      vertex -8.231953e+01  2.735378e+01 -5.000000e+00
    endloop
  endfacet
  facet normal -3.073288e-01  9.515792e-01  6.781360e-03
    outer loop
      vertex -8.231953e+01  2.735378e+01 -5.000000e+00
      vertex -7.600760e+01  2.939232e+01 -5.000000e+00
      vertex -7.667563e+01  2.924784e+01 -1.500000e+01
    endloop
  endfacet
  facet normal -1.119619e-01  9.936887e-01 -6.878163e-03
    outer loop
      vertex -7.000000e+01  3.000000e+01 -1.500000e+01
      vertex -7.667563e+01  2.924784e+01 -1.500000e+01
      vertex -7.600760e+01  2.939232e+01 -5.000000e+00
    endloop
  endfacet
  facet normal -9.071425e-02  9.958588e-01  6.018425e-03
    outer loop
      vertex -7.600760e+01  2.939232e+01 -5.000000e+00
      vertex -6.940199e+01  2.999404e+01 -5.000000e+00
      vertex -7.000000e+01  3.000000e+01 -1.500000e+01
    endloop
  endfacet
  facet normal  1.119624e-01  9.936938e-01 -6.103232e-03
    outer loop
      vertex -6.332437e+01  2.924784e+01 -1.500000e+01
      vertex -7.000000e+01  3.000000e+01 -1.500000e+01
      vertex -6.940199e+01  2.999404e+01 -5.000000e+00
    endloop
  endfacet
  facet normal  1.303373e-01  9.914559e-01  5.231282e-03
    outer loop
      vertex -6.940199e+01  2.999404e+01 -5.000000e+00
      vertex -6.282560e+01  2.912951e+01 -5.000000e+00
      vertex -6.332437e+01  2.924784e+01 -1.500000e+01
    endloop
  endfacet
  facet normal  3.302743e-01  9.438701e-01 -5.304027e-03
    outer loop
      vertex -5.698349e+01  2.702907e+01 -1.500000e+01
      vertex -6.332437e+01  2.924784e+01 -1.500000e+01
      vertex -6.282560e+01  2.912951e+01 -5.000000e+00
    endloop
  endfacet
  facet normal  3.450190e-01  9.385853e-01  4.420046e-03
    outer loop
      vertex -6.282560e+01  2.912951e+01 -5.000000e+00
      vertex -5.659994e+01  2.684098e+01 -5.000000e+00
      vertex -5.698349e+01  2.702907e+01 -1.500000e+01
    endloop
  endfacet
  facet normal  5.320269e-01  8.467156e-01 -4.480449e-03
    outer loop
      vertex -5.129531e+01  2.345494e+01 -1.500000e+01
      vertex -5.698349e+01  2.702907e+01 -1.500000e+01
      vertex -5.659994e+01  2.684098e+01 -5.000000e+00
    endloop
  endfacet
  facet normal  5.428358e-01  8.398311e-01  3.584388e-03
    outer loop
      vertex -5.659994e+01  2.684098e+01 -5.000000e+00
      vertex -5.102934e+01  2.324035e+01 -5.000000e+00
      vertex -5.129531e+01  2.345494e+01 -1.500000e+01
    endloop
  endfacet
  facet normal  7.071019e-01  7.071022e-01 -3.632825e-03
    outer loop
      vertex -4.654506e+01  1.870469e+01 -1.500000e+01
      vertex -5.129531e+01  2.345494e+01 -1.500000e+01
      vertex -5.102934e+01  2.324035e+01 -5.000000e+00
    endloop
  endfacet
  facet normal -6.856261e-01  7.279075e-01  8.234627e-03
    outer loop
      vertex -9.285757e+01  1.943016e+01 -5.000000e+00
      vertex -8.802923e+01  2.397805e+01 -5.000000e+00
      vertex -8.870470e+01  2.345494e+01 -1.500000e+01
    endloop
  endfacet
  facet normal -7.070782e-01  7.070774e-01 -9.057845e-03
    outer loop
      vertex -9.285757e+01  1.943016e+01 -5.000000e+00
      vertex -8.870470e+01  2.345494e+01 -1.500000e+01
      vertex -9.345494e+01  1.870469e+01 -1.500000e+01
    endloop
  endfacet
  facet normal -7.719716e-01  6.356570e-01  0.000000e+00
    outer loop
      vertex -9.285757e+01  1.943016e+01 -5.000000e+00
      vertex -9.345494e+01  1.870469e+01 -1.500000e+01
      vertex -9.345494e+01  1.870469e+01  1.500000e+01
    endloop
  endfacet
  facet normal -7.719716e-01  6.356571e-01  0.000000e+00
    outer loop
      vertex -9.285757e+01  1.943016e+01 -5.000000e+00
      vertex -9.345494e+01  1.870469e+01  1.500000e+01
      vertex -9.285757e+01  1.943016e+01  5.000000e+00
    endloop
  endfacet
  facet normal -9.937123e-01  1.119640e-01  0.000000e+00
    outer loop
      vertex -1.000000e+02  1.699662e-14 -1.500000e+01
      vertex -1.000000e+02  1.699662e-14  1.500000e+01
      vertex -9.924784e+01  6.675628e+00 -1.500000e+01
    endloop
  endfacet
  facet normal -9.937123e-01  1.119640e-01  0.000000e+00
    outer loop
      vertex -9.924784e+01  6.675628e+00 -1.500000e+01
      vertex -1.000000e+02  1.699662e-14  1.500000e+01
      vertex -9.924784e+01  6.675628e+00  1.500000e+01
    endloop
  endfacet
  facet normal -9.438832e-01  3.302793e-01  0.000000e+00
    outer loop
      vertex -9.924784e+01  6.675628e+00 -1.500000e+01
      vertex -9.924784e+01  6.675628e+00  1.500000e+01
      vertex -9.702907e+01  1.301651e+01 -1.500000e+01
    endloop
  endfacet
  facet normal -9.438832e-01  3.302793e-01  0.000000e+00
    outer loop
      vertex -9.702907e+01  1.301651e+01 -1.500000e+01
      vertex -9.924784e+01  6.675628e+00  1.500000e+01
      vertex -9.702907e+01  1.301651e+01  1.500000e+01
    endloop
  endfacet
  facet normal -8.467239e-01  5.320327e-01  0.000000e+00
    outer loop
      vertex -9.702907e+01  1.301651e+01 -1.500000e+01
      vertex -9.702907e+01  1.301651e+01  1.500000e+01
      vertex -9.345494e+01  1.870469e+01 -1.500000e+01
    endloop
  endfacet
  facet normal -8.467239e-01  5.320327e-01  0.000000e+00
    outer loop
      vertex -9.345494e+01  1.870469e+01 -1.500000e+01
      vertex -9.702907e+01  1.301651e+01  1.500000e+01
      vertex -9.345494e+01  1.870469e+01  1.500000e+01
    endloop
  endfacet
  facet normal  9.937123e-01  1.119645e-01  -0.000000e+00
    outer loop
      vertex -4.000000e+01 -3.399323e-14  1.500000e+01
      vertex -4.000000e+01 -3.399323e-14  5.000000e+00
      vertex -4.075216e+01  6.675628e+00  1.500000e+01
    endloop
  endfacet
  facet normal  9.938702e-01  1.105492e-01  9.567248e-04
    outer loop
      vertex -4.075216e+01  6.675628e+00  1.500000e+01
      vertex -4.000000e+01 -3.399323e-14  5.000000e+00
      vertex -4.073327e+01  6.592307e+00  5.000000e+00
    endloop
  endfacet
  facet normal  9.438828e-01  3.302791e-01 -9.685471e-04
    outer loop
      vertex -4.075216e+01  6.675628e+00  1.500000e+01
      vertex -4.073327e+01  6.592307e+00  5.000000e+00
      vertex -4.297094e+01  1.301651e+01  1.500000e+01
    endloop
  endfacet
  facet normal  9.452838e-01  3.262433e-01  1.937684e-03
    outer loop
      vertex -4.297094e+01  1.301651e+01  1.500000e+01
      vertex -4.073327e+01  6.592307e+00  5.000000e+00
      vertex -4.289723e+01  1.286235e+01  5.000000e+00
    endloop
  endfacet
  facet normal  8.467227e-01  5.320307e-01 -1.961198e-03
    outer loop
      vertex -4.297094e+01  1.301651e+01  1.500000e+01
      vertex -4.289723e+01  1.286235e+01  5.000000e+00
      vertex -4.654506e+01  1.870469e+01  1.500000e+01
    endloop
  endfacet
  facet normal  8.504868e-01  5.259883e-01  2.942041e-03
    outer loop
      vertex -4.654506e+01  1.870469e+01  1.500000e+01
      vertex -4.289723e+01  1.286235e+01  5.000000e+00
      vertex -4.638611e+01  1.850362e+01  5.000000e+00
    endloop
  endfacet
  facet normal  7.141172e-01  7.000209e-01 -2.724831e-03
    outer loop
      vertex -4.654506e+01  1.870469e+01  1.500000e+01
      vertex -4.638611e+01  1.850362e+01  5.000000e+00
      vertex -5.102934e+01  2.324035e+01  5.000000e+00
    endloop
  endfacet
  facet normal  9.938707e-01  1.105492e-01  -0.000000e+00
    outer loop
      vertex -4.000000e+01 -3.399323e-14 -5.000000e+00
      vertex -4.000000e+01 -3.399323e-14 -1.500000e+01
      vertex -4.073327e+01  6.592307e+00 -5.000000e+00
    endloop
  endfacet
  facet normal  9.937118e-01  1.119645e-01 -9.446331e-04
    outer loop
      vertex -4.073327e+01  6.592307e+00 -5.000000e+00
      vertex -4.000000e+01 -3.399323e-14 -1.500000e+01
      vertex -4.075216e+01  6.675628e+00 -1.500000e+01
    endloop
  endfacet
  facet normal  9.452852e-01  3.262437e-01  9.322737e-04
    outer loop
      vertex -4.073327e+01  6.592307e+00 -5.000000e+00
      vertex -4.075216e+01  6.675628e+00 -1.500000e+01
      vertex -4.289723e+01  1.286235e+01 -5.000000e+00
    endloop
  endfacet
  facet normal  9.438816e-01  3.302787e-01 -1.865138e-03
    outer loop
      vertex -4.289723e+01  1.286235e+01 -5.000000e+00
      vertex -4.075216e+01  6.675628e+00 -1.500000e+01
      vertex -4.297094e+01  1.301651e+01 -1.500000e+01
    endloop
  endfacet
  facet normal  8.504889e-01  5.259897e-01  1.840310e-03
    outer loop
      vertex -4.289723e+01  1.286235e+01 -5.000000e+00
      vertex -4.297094e+01  1.301651e+01 -1.500000e+01
      vertex -4.638611e+01  1.850362e+01 -5.000000e+00
    endloop
  endfacet
  facet normal  8.467211e-01  5.320297e-01 -2.760712e-03
    outer loop
      vertex -4.638611e+01  1.850362e+01 -5.000000e+00
      vertex -4.297094e+01  1.301651e+01 -1.500000e+01
      vertex -4.654506e+01  1.870469e+01 -1.500000e+01
    endloop
  endfacet
  facet normal  7.141172e-01  7.000209e-01  2.724832e-03
    outer loop
      vertex -4.638611e+01  1.850362e+01 -5.000000e+00
      vertex -4.654506e+01  1.870469e+01 -1.500000e+01
      vertex -5.102934e+01  2.324035e+01 -5.000000e+00
    endloop
  endfacet
  facet normal -3.302311e-01 -9.437460e-01  1.705829e-02
    outer loop
      vertex -8.088392e+01 -2.795604e+01  5.000000e+00
      vertex -7.667563e+01 -2.924784e+01  1.500000e+01
      vertex -8.301651e+01 -2.702907e+01  1.500000e+01
    endloop
  endfacet
  facet normal -2.603109e-01 -9.654058e-01 -1.516416e-02
    outer loop
      vertex -8.088392e+01 -2.795604e+01  5.000000e+00
      vertex -7.464571e+01 -2.963811e+01  5.000000e+00
      vertex -7.667563e+01 -2.924784e+01  1.500000e+01
    endloop
  endfacet
  facet normal  9.438698e-01 -3.302746e-01 -5.344425e-03
    outer loop
      vertex -4.075216e+01 -6.675628e+00 -1.500000e+01
      vertex -4.275069e+01 -1.254892e+01 -5.000000e+00
      vertex -4.297094e+01 -1.301651e+01 -1.500000e+01
    endloop
  endfacet
  facet normal  8.579740e-01 -5.136677e-01  5.122748e-03
    outer loop
      vertex -4.297094e+01 -1.301651e+01 -1.500000e+01
      vertex -4.275069e+01 -1.254892e+01 -5.000000e+00
      vertex -4.606954e+01 -1.809235e+01 -5.000000e+00
    endloop
  endfacet
  facet normal  8.466993e-01 -5.320160e-01 -7.684172e-03
    outer loop
      vertex -4.297094e+01 -1.301651e+01 -1.500000e+01
      vertex -4.606954e+01 -1.809235e+01 -5.000000e+00
      vertex -4.654506e+01 -1.870469e+01 -1.500000e+01
    endloop
  endfacet
  facet normal  7.280824e-01 -6.854503e-01  7.351627e-03
    outer loop
      vertex -4.654506e+01 -1.870469e+01 -1.500000e+01
      vertex -4.606954e+01 -1.809235e+01 -5.000000e+00
      vertex -5.049835e+01 -2.279662e+01 -5.000000e+00
    endloop
  endfacet
  facet normal  7.070727e-01 -7.070730e-01 -9.801989e-03
    outer loop
      vertex -4.654506e+01 -1.870469e+01 -1.500000e+01
      vertex -5.049835e+01 -2.279662e+01 -5.000000e+00
      vertex -5.129531e+01 -2.345494e+01 -1.500000e+01
    endloop
  endfacet
  facet normal  5.644230e-01 -8.254327e-01  9.358494e-03
    outer loop
      vertex -5.129531e+01 -2.345494e+01 -1.500000e+01
      vertex -5.049835e+01 -2.279662e+01 -5.000000e+00
      vertex -5.583170e+01 -2.644351e+01 -5.000000e+00
    endloop
  endfacet
  facet normal  5.319959e-01 -8.466662e-01 -1.169749e-02
    outer loop
      vertex -5.129531e+01 -2.345494e+01 -1.500000e+01
      vertex -5.583170e+01 -2.644351e+01 -5.000000e+00
      vertex -5.698349e+01 -2.702907e+01 -1.500000e+01
    endloop
  endfacet
  facet normal  3.745897e-01 -9.271237e-01  1.114351e-02
    outer loop
      vertex -5.698349e+01 -2.702907e+01 -1.500000e+01
      vertex -5.583170e+01 -2.644351e+01 -5.000000e+00
      vertex -6.182222e+01 -2.886388e+01 -5.000000e+00
    endloop
  endfacet
  facet normal  3.302495e-01 -9.437990e-01 -1.337114e-02
    outer loop
      vertex -5.698349e+01 -2.702907e+01 -1.500000e+01
      vertex -6.182222e+01 -2.886388e+01 -5.000000e+00
      vertex -6.332437e+01 -2.924784e+01 -1.500000e+01
    endloop
  endfacet
  facet normal  1.673890e-01 -9.858091e-01  1.270603e-02
    outer loop
      vertex -6.332437e+01 -2.924784e+01 -1.500000e+01
      vertex -6.182222e+01 -2.886388e+01 -5.000000e+00
      vertex -6.819204e+01 -2.994547e+01 -5.000000e+00
    endloop
  endfacet
  facet normal  1.119522e-01 -9.936031e-01 -1.482248e-02
    outer loop
      vertex -6.332437e+01 -2.924784e+01 -1.500000e+01
      vertex -6.819204e+01 -2.994547e+01 -5.000000e+00
      vertex -7.000000e+01 -3.000000e+01 -1.500000e+01
    endloop
  endfacet
  facet normal -4.756780e-02 -9.987692e-01  1.404628e-02
    outer loop
      vertex -7.000000e+01 -3.000000e+01 -1.500000e+01
      vertex -6.819204e+01 -2.994547e+01 -5.000000e+00
      vertex -7.464571e+01 -2.963811e+01 -5.000000e+00
    endloop
  endfacet
  facet normal -1.119501e-01 -9.935842e-01 -1.605153e-02
    outer loop
      vertex -7.000000e+01 -3.000000e+01 -1.500000e+01
      vertex -7.464571e+01 -2.963811e+01 -5.000000e+00
      vertex -7.667563e+01 -2.924784e+01 -1.500000e+01
    endloop
  endfacet
  facet normal  9.438698e-01 -3.302746e-01  5.344427e-03
    outer loop
      vertex -4.075216e+01 -6.675628e+00  1.500000e+01
      vertex -4.297094e+01 -1.301651e+01  1.500000e+01
      vertex -4.275069e+01 -1.254892e+01  5.000000e+00
    endloop
  endfacet
  facet normal  8.579740e-01 -5.136677e-01 -5.122748e-03
    outer loop
      vertex -4.606954e+01 -1.809235e+01  5.000000e+00
      vertex -4.275069e+01 -1.254892e+01  5.000000e+00
      vertex -4.297094e+01 -1.301651e+01  1.500000e+01
    endloop
  endfacet
  facet normal  8.466993e-01 -5.320160e-01  7.684170e-03
    outer loop
      vertex -4.297094e+01 -1.301651e+01  1.500000e+01
      vertex -4.654506e+01 -1.870469e+01  1.500000e+01
      vertex -4.606954e+01 -1.809235e+01  5.000000e+00
    endloop
  endfacet
  facet normal  7.280824e-01 -6.854503e-01 -7.351627e-03
    outer loop
      vertex -5.049835e+01 -2.279662e+01  5.000000e+00
      vertex -4.606954e+01 -1.809235e+01  5.000000e+00
      vertex -4.654506e+01 -1.870469e+01  1.500000e+01
    endloop
  endfacet
  facet normal  7.070727e-01 -7.070730e-01  9.801989e-03
    outer loop
      vertex -4.654506e+01 -1.870469e+01  1.500000e+01
      vertex -5.129531e+01 -2.345494e+01  1.500000e+01
      vertex -5.049835e+01 -2.279662e+01  5.000000e+00
    endloop
  endfacet
  facet normal  5.644230e-01 -8.254327e-01 -9.358494e-03
    outer loop
      vertex -5.583170e+01 -2.644351e+01  5.000000e+00
      vertex -5.049835e+01 -2.279662e+01  5.000000e+00
      vertex -5.129531e+01 -2.345494e+01  1.500000e+01
    endloop
  endfacet
  facet normal  5.319959e-01 -8.466662e-01  1.169749e-02
    outer loop
      vertex -5.129531e+01 -2.345494e+01  1.500000e+01
      vertex -5.698349e+01 -2.702907e+01  1.500000e+01
      vertex -5.583170e+01 -2.644351e+01  5.000000e+00
    endloop
  endfacet
  facet normal  3.745897e-01 -9.271237e-01 -1.114351e-02
    outer loop
      vertex -6.182222e+01 -2.886388e+01  5.000000e+00
      vertex -5.583170e+01 -2.644351e+01  5.000000e+00
      vertex -5.698349e+01 -2.702907e+01  1.500000e+01
    endloop
  endfacet
  facet normal  3.302495e-01 -9.437990e-01  1.337114e-02
    outer loop
      vertex -5.698349e+01 -2.702907e+01  1.500000e+01
      vertex -6.332437e+01 -2.924784e+01  1.500000e+01
      vertex -6.182222e+01 -2.886388e+01  5.000000e+00
    endloop
  endfacet
  facet normal  1.673890e-01 -9.858091e-01 -1.270603e-02
    outer loop
      vertex -6.819204e+01 -2.994547e+01  5.000000e+00
      vertex -6.182222e+01 -2.886388e+01  5.000000e+00
      vertex -6.332437e+01 -2.924784e+01  1.500000e+01
    endloop
  endfacet
  facet normal  1.119522e-01 -9.936031e-01  1.482248e-02
    outer loop
      vertex -6.332437e+01 -2.924784e+01  1.500000e+01
      vertex -7.000000e+01 -3.000000e+01  1.500000e+01
      vertex -6.819204e+01 -2.994547e+01  5.000000e+00
    endloop
  endfacet
  facet normal -4.756780e-02 -9.987692e-01 -1.404628e-02
    outer loop
      vertex -7.464571e+01 -2.963811e+01  5.000000e+00
      vertex -6.819204e+01 -2.994547e+01  5.000000e+00
      vertex -7.000000e+01 -3.000000e+01  1.500000e+01
    endloop
  endfacet
  facet normal -1.119501e-01 -9.935842e-01  1.605153e-02
    outer loop
      vertex -7.000000e+01 -3.000000e+01  1.500000e+01
      vertex -7.667563e+01 -2.924784e+01  1.500000e+01
      vertex -7.464571e+01 -2.963811e+01  5.000000e+00
    endloop
  endfacet
  facet normal -3.986406e-01 -9.171072e-01  -0.000000e+00
    outer loop
      vertex -8.088392e+01 -2.795604e+01 -5.000000e+00
      vertex -8.088392e+01 -2.795604e+01  5.000000e+00
      vertex -8.301651e+01 -2.702907e+01  1.500000e+01
    endloop
  endfacet
  facet normal -3.986406e-01 -9.171072e-01  -0.000000e+00
    outer loop
      vertex -8.088392e+01 -2.795604e+01 -5.000000e+00
      vertex -8.301651e+01 -2.702907e+01  1.500000e+01
      vertex -8.301651e+01 -2.702907e+01 -1.500000e+01
    endloop
  endfacet
  facet normal -3.302311e-01 -9.437460e-01 -1.705830e-02
    outer loop
      vertex -8.088392e+01 -2.795604e+01 -5.000000e+00
      vertex -8.301651e+01 -2.702907e+01 -1.500000e+01
      vertex -7.667563e+01 -2.924784e+01 -1.500000e+01
    endloop
  endfacet
  facet normal -2.603109e-01 -9.654058e-01  1.516416e-02
    outer loop
      vertex -8.088392e+01 -2.795604e+01 -5.000000e+00
      vertex -7.667563e+01 -2.924784e+01 -1.500000e+01
      vertex -7.464571e+01 -2.963811e+01 -5.000000e+00
    endloop
  endfacet
  facet normal  9.937123e-01 -1.119645e-01  0.000000e+00
    outer loop
      vertex -4.000000e+01 -3.399323e-14 -1.500000e+01
      vertex -4.000000e+01 -3.399323e-14 -5.000000e+00
      vertex -4.075216e+01 -6.675628e+00 -1.500000e+01
    endloop
  endfacet
  facet normal  9.941811e-01 -1.076826e-01 -2.893709e-03
    outer loop
      vertex -4.075216e+01 -6.675628e+00 -1.500000e+01
      vertex -4.000000e+01 -3.399323e-14 -5.000000e+00
      vertex -4.069574e+01 -6.423426e+00 -5.000000e+00
    endloop
  endfacet
  facet normal  9.480688e-01 -3.180543e-01  2.672087e-03
    outer loop
      vertex -4.075216e+01 -6.675628e+00 -1.500000e+01
      vertex -4.069574e+01 -6.423426e+00 -5.000000e+00
      vertex -4.275069e+01 -1.254892e+01 -5.000000e+00
    endloop
  endfacet
  facet normal -5.320318e-01 -8.467244e-01  -0.000000e+00
    outer loop
      vertex -8.301651e+01 -2.702907e+01 -1.500000e+01
      vertex -8.301651e+01 -2.702907e+01  1.500000e+01
      vertex -8.870470e+01 -2.345494e+01 -1.500000e+01
    endloop
  endfacet
  facet normal -5.320318e-01 -8.467244e-01  0.000000e+00
    outer loop
      vertex -8.870470e+01 -2.345494e+01 -1.500000e+01
      vertex -8.301651e+01 -2.702907e+01  1.500000e+01
      vertex -8.870470e+01 -2.345494e+01  1.500000e+01
    endloop
  endfacet
  facet normal -7.071072e-01 -7.071064e-01  -0.000000e+00
    outer loop
      vertex -8.870470e+01 -2.345494e+01 -1.500000e+01
      vertex -8.870470e+01 -2.345494e+01  1.500000e+01
      vertex -9.345494e+01 -1.870469e+01 -1.500000e+01
    endloop
  endfacet
  facet normal -7.071072e-01 -7.071064e-01  0.000000e+00
    outer loop
      vertex -9.345494e+01 -1.870469e+01 -1.500000e+01
      vertex -8.870470e+01 -2.345494e+01  1.500000e+01
      vertex -9.345494e+01 -1.870469e+01  1.500000e+01
    endloop
  endfacet
  facet normal -8.467239e-01 -5.320327e-01  -0.000000e+00
    outer loop
      vertex -9.345494e+01 -1.870469e+01 -1.500000e+01
      vertex -9.345494e+01 -1.870469e+01  1.500000e+01
      vertex -9.702907e+01 -1.301651e+01 -1.500000e+01
    endloop
  endfacet
  facet normal -8.467239e-01 -5.320327e-01  0.000000e+00
    outer loop
      vertex -9.702907e+01 -1.301651e+01 -1.500000e+01
      vertex -9.345494e+01 -1.870469e+01  1.500000e+01
      vertex -9.702907e+01 -1.301651e+01  1.500000e+01
    endloop
  endfacet
  facet normal -9.438832e-01 -3.302793e-01  -0.000000e+00
    outer loop
      vertex -9.702907e+01 -1.301651e+01 -1.500000e+01
      vertex -9.702907e+01 -1.301651e+01  1.500000e+01
      vertex -9.924784e+01 -6.675628e+00 -1.500000e+01
    endloop
  endfacet
  facet normal -9.438832e-01 -3.302793e-01  0.000000e+00
    outer loop
      vertex -9.924784e+01 -6.675628e+00 -1.500000e+01
      vertex -9.702907e+01 -1.301651e+01  1.500000e+01
      vertex -9.924784e+01 -6.675628e+00  1.500000e+01
    endloop
  endfacet
  facet normal -9.937123e-01 -1.119640e-01  -0.000000e+00
    outer loop
      vertex -9.924784e+01 -6.675628e+00 -1.500000e+01
      vertex -9.924784e+01 -6.675628e+00  1.500000e+01
      vertex -1.000000e+02  1.699662e-14 -1.500000e+01
    endloop
  endfacet
  facet normal -9.937123e-01 -1.119640e-01  0.000000e+00
    outer loop
      vertex -1.000000e+02  1.699662e-14 -1.500000e+01
      vertex -9.924784e+01 -6.675628e+00  1.500000e+01
      vertex -1.000000e+02  1.699662e-14  1.500000e+01
    endloop
  endfacet
  facet normal  9.941853e-01 -1.076831e-01  0.000000e+00
    outer loop
      vertex -4.000000e+01 -3.399323e-14  5.000000e+00
      vertex -4.000000e+01 -3.399323e-14  1.500000e+01
      vertex -4.069574e+01 -6.423426e+00  5.000000e+00
    endloop
  endfacet
  facet normal  9.937083e-01 -1.119641e-01  2.783062e-03
    outer loop
      vertex -4.069574e+01 -6.423426e+00  5.000000e+00
      vertex -4.000000e+01 -3.399323e-14  1.500000e+01
      vertex -4.075216e+01 -6.675628e+00  1.500000e+01
    endloop
  endfacet
  facet normal  9.480688e-01 -3.180543e-01 -2.672088e-03
    outer loop
      vertex -4.069574e+01 -6.423426e+00  5.000000e+00
      vertex -4.075216e+01 -6.675628e+00  1.500000e+01
      vertex -4.275069e+01 -1.254892e+01  5.000000e+00
    endloop
  endfacet
  facet normal  5.676869e-01  8.231183e-01 -1.441618e-02
    outer loop
      vertex -3.809524e+01  1.089836e+02  5.000000e+00
      vertex -3.579838e+01  1.075746e+02  1.500000e+01
      vertex -3.368117e+01  1.059393e+02  5.000000e+00
    endloop
  endfacet
  facet normal  4.646472e-01  8.853127e-01  1.801343e-02
    outer loop
      vertex -3.809524e+01  1.089836e+02  5.000000e+00
      vertex -4.113488e+01  1.103754e+02  1.500000e+01
      vertex -3.579838e+01  1.075746e+02  1.500000e+01
    endloop
  endfacet
  facet normal  6.630160e-01  7.483892e-01  1.798775e-02
    outer loop
      vertex -3.368117e+01  1.059393e+02  5.000000e+00
      vertex -3.579838e+01  1.075746e+02  1.500000e+01
      vertex -3.128723e+01  1.035781e+02  1.500000e+01
    endloop
  endfacet
  facet normal  7.301654e-01  6.831371e-01 -1.349470e-02
    outer loop
      vertex -3.368117e+01  1.059393e+02  5.000000e+00
      vertex -3.128723e+01  1.035781e+02  1.500000e+01
      vertex -3.001781e+01  1.020237e+02  5.000000e+00
    endloop
  endfacet
  facet normal  8.228760e-01  5.679907e-01  1.617201e-02
    outer loop
      vertex -3.001781e+01  1.020237e+02  5.000000e+00
      vertex -3.128723e+01  1.035781e+02  1.500000e+01
      vertex -2.786360e+01  9.861808e+01  1.500000e+01
    endloop
  endfacet
  facet normal  8.590747e-01  5.117365e-01 -1.078405e-02
    outer loop
      vertex -3.001781e+01  1.020237e+02  5.000000e+00
      vertex -2.786360e+01  9.861808e+01  1.500000e+01
      vertex -2.727369e+01  9.741703e+01  5.000000e+00
    endloop
  endfacet
  facet normal  9.349424e-01  3.545772e-01  1.256710e-02
    outer loop
      vertex -2.727369e+01  9.741703e+01  5.000000e+00
      vertex -2.786360e+01  9.861808e+01  1.500000e+01
      vertex -2.572645e+01  9.298289e+01  1.500000e+01
    endloop
  endfacet
  facet normal  6.630160e-01  7.483892e-01 -1.798775e-02
    outer loop
      vertex -3.128723e+01  1.035781e+02 -1.500000e+01
      vertex -3.579838e+01  1.075746e+02 -1.500000e+01
      vertex -3.368117e+01  1.059393e+02 -5.000000e+00
    endloop
  endfacet
  facet normal  7.301654e-01  6.831371e-01  1.349470e-02
    outer loop
      vertex -3.368117e+01  1.059393e+02 -5.000000e+00
      vertex -3.001781e+01  1.020237e+02 -5.000000e+00
      vertex -3.128723e+01  1.035781e+02 -1.500000e+01
    endloop
  endfacet
  facet normal  8.228760e-01  5.679907e-01 -1.617201e-02
    outer loop
      vertex -2.786360e+01  9.861808e+01 -1.500000e+01
      vertex -3.128723e+01  1.035781e+02 -1.500000e+01
      vertex -3.001781e+01  1.020237e+02 -5.000000e+00
    endloop
  endfacet
  facet normal  8.590747e-01  5.117365e-01  1.078405e-02
    outer loop
      vertex -3.001781e+01  1.020237e+02 -5.000000e+00
      vertex -2.727369e+01  9.741703e+01 -5.000000e+00
      vertex -2.786360e+01  9.861808e+01 -1.500000e+01
    endloop
  endfacet
  facet normal  9.349424e-01  3.545772e-01 -1.256710e-02
    outer loop
      vertex -2.572645e+01  9.298289e+01 -1.500000e+01
      vertex -2.786360e+01  9.861808e+01 -1.500000e+01
      vertex -2.727369e+01  9.741703e+01 -5.000000e+00
    endloop
  endfacet
  facet normal  5.676869e-01  8.231183e-01  1.441618e-02
    outer loop
      vertex -3.809524e+01  1.089836e+02 -5.000000e+00
      vertex -3.368117e+01  1.059393e+02 -5.000000e+00
      vertex -3.579838e+01  1.075746e+02 -1.500000e+01
    endloop
  endfacet
  facet normal  4.646472e-01  8.853127e-01 -1.801342e-02
    outer loop
      vertex -3.809524e+01  1.089836e+02 -5.000000e+00
      vertex -3.579838e+01  1.075746e+02 -1.500000e+01
      vertex -4.113488e+01  1.103754e+02 -1.500000e+01
    endloop
  endfacet
  facet normal  4.163298e-01  9.092137e-01  -0.000000e+00
    outer loop
      vertex -3.809524e+01  1.089836e+02 -5.000000e+00
      vertex -4.113488e+01  1.103754e+02 -1.500000e+01
      vertex -4.113488e+01  1.103754e+02  1.500000e+01
    endloop
  endfacet
  facet normal  4.163298e-01  9.092137e-01  0.000000e+00
    outer loop
      vertex -3.809524e+01  1.089836e+02 -5.000000e+00
      vertex -4.113488e+01  1.103754e+02  1.500000e+01
      vertex -3.809524e+01  1.089836e+02  5.000000e+00
    endloop
  endfacet
  facet normal -9.927089e-01  1.205368e-01  0.000000e+00
    outer loop
      vertex -7.500000e+01  8.700000e+01 -1.500000e+01
      vertex -7.500000e+01  8.700000e+01  1.500000e+01
      vertex -7.427354e+01  9.298289e+01 -1.500000e+01
    endloop
  endfacet
  facet normal -9.927089e-01  1.205368e-01  0.000000e+00
    outer loop
      vertex -7.427354e+01  9.298289e+01 -1.500000e+01
      vertex -7.500000e+01  8.700000e+01  1.500000e+01
      vertex -7.427354e+01  9.298289e+01  1.500000e+01
    endloop
  endfacet
  facet normal -9.350162e-01  3.546052e-01  0.000000e+00
    outer loop
      vertex -7.427354e+01  9.298289e+01 -1.500000e+01
      vertex -7.427354e+01  9.298289e+01  1.500000e+01
      vertex -7.213640e+01  9.861808e+01 -1.500000e+01
    endloop
  endfacet
  facet normal -9.350162e-01  3.546052e-01  0.000000e+00
    outer loop
      vertex -7.213640e+01  9.861808e+01 -1.500000e+01
      vertex -7.427354e+01  9.298289e+01  1.500000e+01
      vertex -7.213640e+01  9.861808e+01  1.500000e+01
    endloop
  endfacet
  facet normal -8.229839e-01  5.680647e-01  0.000000e+00
    outer loop
      vertex -7.213640e+01  9.861808e+01 -1.500000e+01
      vertex -7.213640e+01  9.861808e+01  1.500000e+01
      vertex -6.871277e+01  1.035781e+02 -1.500000e+01
    endloop
  endfacet
  facet normal -8.229839e-01  5.680647e-01  0.000000e+00
    outer loop
      vertex -6.871277e+01  1.035781e+02 -1.500000e+01
      vertex -7.213640e+01  9.861808e+01  1.500000e+01
      vertex -6.871277e+01  1.035781e+02  1.500000e+01
    endloop
  endfacet
  facet normal -6.631235e-01  7.485099e-01  0.000000e+00
    outer loop
      vertex -6.871277e+01  1.035781e+02 -1.500000e+01
      vertex -6.871277e+01  1.035781e+02  1.500000e+01
      vertex -6.420162e+01  1.075746e+02 -1.500000e+01
    endloop
  endfacet
  facet normal -6.631235e-01  7.485099e-01  0.000000e+00
    outer loop
      vertex -6.420162e+01  1.075746e+02 -1.500000e+01
      vertex -6.871277e+01  1.035781e+02  1.500000e+01
      vertex -6.420162e+01  1.075746e+02  1.500000e+01
    endloop
  endfacet
  facet normal -4.647224e-01  8.854564e-01  0.000000e+00
    outer loop
      vertex -6.420162e+01  1.075746e+02 -1.500000e+01
      vertex -6.420162e+01  1.075746e+02  1.500000e+01
      vertex -5.886512e+01  1.103754e+02 -1.500000e+01
    endloop
  endfacet
  facet normal -4.647224e-01  8.854564e-01  0.000000e+00
    outer loop
      vertex -5.886512e+01  1.103754e+02 -1.500000e+01
      vertex -6.420162e+01  1.075746e+02  1.500000e+01
      vertex -5.886512e+01  1.103754e+02  1.500000e+01
    endloop
  endfacet
  facet normal -2.393153e-01  9.709420e-01  0.000000e+00
    outer loop
      vertex -5.886512e+01  1.103754e+02 -1.500000e+01
      vertex -5.886512e+01  1.103754e+02  1.500000e+01
      vertex -5.301342e+01  1.118177e+02 -1.500000e+01
    endloop
  endfacet
  facet normal -2.393153e-01  9.709420e-01  0.000000e+00
    outer loop
      vertex -5.301342e+01  1.118177e+02 -1.500000e+01
      vertex -5.886512e+01  1.103754e+02  1.500000e+01
      vertex -5.301342e+01  1.118177e+02  1.500000e+01
    endloop
  endfacet
  facet normal  0.000000e+00  1.000000e+00  0.000000e+00
    outer loop
      vertex -5.301342e+01  1.118177e+02 -1.500000e+01
      vertex -5.301342e+01  1.118177e+02  1.500000e+01
      vertex -4.698658e+01  1.118177e+02 -1.500000e+01
    endloop
  endfacet
  facet normal  0.000000e+00  1.000000e+00  -0.000000e+00
    outer loop
      vertex -4.698658e+01  1.118177e+02 -1.500000e+01
      vertex -5.301342e+01  1.118177e+02  1.500000e+01
      vertex -4.698658e+01  1.118177e+02  1.500000e+01
    endloop
  endfacet
  facet normal  2.393153e-01  9.709420e-01  0.000000e+00
    outer loop
      vertex -4.698658e+01  1.118177e+02 -1.500000e+01
      vertex -4.698658e+01  1.118177e+02  1.500000e+01
      vertex -4.113488e+01  1.103754e+02 -1.500000e+01
    endloop
  endfacet
  facet normal  2.393153e-01  9.709420e-01  -0.000000e+00
    outer loop
      vertex -4.113488e+01  1.103754e+02 -1.500000e+01
      vertex -4.698658e+01  1.118177e+02  1.500000e+01
      vertex -4.113488e+01  1.103754e+02  1.500000e+01
    endloop
  endfacet
  facet normal  9.927089e-01  1.205365e-01  -0.000000e+00
    outer loop
      vertex -2.500000e+01  8.700000e+01  1.500000e+01
      vertex -2.500000e+01  8.700000e+01  5.000000e+00
      vertex -2.572645e+01  9.298289e+01  1.500000e+01
    endloop
  endfacet
  facet normal  9.942007e-01  1.072379e-01  8.064756e-03
    outer loop
      vertex -2.572645e+01  9.298289e+01  1.500000e+01
      vertex -2.500000e+01  8.700000e+01  5.000000e+00
      vertex -2.557504e+01  9.233114e+01  5.000000e+00
    endloop
  endfacet
  facet normal  9.484768e-01  3.167843e-01 -6.284903e-03
    outer loop
      vertex -2.572645e+01  9.298289e+01  1.500000e+01
      vertex -2.557504e+01  9.233114e+01  5.000000e+00
      vertex -2.727369e+01  9.741703e+01  5.000000e+00
    endloop
  endfacet
  facet normal  9.942330e-01  1.072414e-01  -0.000000e+00
    outer loop
      vertex -2.500000e+01  8.700000e+01 -5.000000e+00
      vertex -2.500000e+01  8.700000e+01 -1.500000e+01
      vertex -2.557504e+01  9.233114e+01 -5.000000e+00
    endloop
  endfacet
  facet normal  9.926834e-01  1.205334e-01 -7.175242e-03
    outer loop
      vertex -2.557504e+01  9.233114e+01 -5.000000e+00
      vertex -2.500000e+01  8.700000e+01 -1.500000e+01
      vertex -2.572645e+01  9.298289e+01 -1.500000e+01
    endloop
  endfacet
  facet normal  9.484768e-01  3.167843e-01  6.284902e-03
    outer loop
      vertex -2.557504e+01  9.233114e+01 -5.000000e+00
      vertex -2.572645e+01  9.298289e+01 -1.500000e+01
      vertex -2.727369e+01  9.741703e+01 -5.000000e+00
    endloop
  endfacet
  facet normal -9.925634e-01 -1.205191e-01  1.711598e-02
    outer loop
      vertex -7.471693e+01  8.324856e+01  5.000000e+00
      vertex -7.427354e+01  8.101711e+01  1.500000e+01
      vertex -7.500000e+01  8.700000e+01  1.500000e+01
    endloop
  endfacet
  facet normal -9.622017e-01 -2.717440e-01 -1.797533e-02
    outer loop
      vertex -7.471693e+01  8.324856e+01  5.000000e+00
      vertex -7.302776e+01  7.726745e+01  5.000000e+00
      vertex -7.427354e+01  8.101711e+01  1.500000e+01
    endloop
  endfacet
  facet normal  9.309115e-01 -3.652180e-01  4.429058e-03
    outer loop
      vertex -2.577254e+01  8.083314e+01 -5.000000e+00
      vertex -2.804241e+01  7.504741e+01 -5.000000e+00
      vertex -2.786360e+01  7.538192e+01 -1.500000e+01
    endloop
  endfacet
  facet normal  8.229761e-01 -5.680597e-01 -4.286252e-03
    outer loop
      vertex -3.128723e+01  7.042194e+01 -1.500000e+01
      vertex -2.786360e+01  7.538192e+01 -1.500000e+01
      vertex -2.804241e+01  7.504741e+01 -5.000000e+00
    endloop
  endfacet
  facet normal  8.120459e-01 -5.835581e-01  6.429114e-03
    outer loop
      vertex -2.804241e+01  7.504741e+01 -5.000000e+00
      vertex -3.166934e+01  7.000039e+01 -5.000000e+00
      vertex -3.128723e+01  7.042194e+01 -1.500000e+01
    endloop
  endfacet
  facet normal  6.631104e-01 -7.484959e-01 -6.214714e-03
    outer loop
      vertex -3.579838e+01  6.642540e+01 -1.500000e+01
      vertex -3.128723e+01  7.042194e+01 -1.500000e+01
      vertex -3.166934e+01  7.000039e+01 -5.000000e+00
    endloop
  endfacet
  facet normal  6.429952e-01 -7.658255e-01  8.286278e-03
    outer loop
      vertex -3.166934e+01  7.000039e+01 -5.000000e+00
      vertex -3.642915e+01  6.600400e+01 -5.000000e+00
      vertex -3.579838e+01  6.642540e+01 -1.500000e+01
    endloop
  endfacet
  facet normal  4.647077e-01 -8.854280e-01 -7.999663e-03
    outer loop
      vertex -4.113488e+01  6.362460e+01 -1.500000e+01
      vertex -3.579838e+01  6.642540e+01 -1.500000e+01
      vertex -3.642915e+01  6.600400e+01 -5.000000e+00
    endloop
  endfacet
  facet normal  4.342090e-01 -9.007567e-01  9.999494e-03
    outer loop
      vertex -3.642915e+01  6.600400e+01 -5.000000e+00
      vertex -4.202769e+01  6.330523e+01 -5.000000e+00
      vertex -4.113488e+01  6.362460e+01 -1.500000e+01
    endloop
  endfacet
  facet normal  2.393048e-01 -9.708967e-01 -9.641980e-03
    outer loop
      vertex -4.698658e+01  6.218228e+01 -1.500000e+01
      vertex -4.113488e+01  6.362460e+01 -1.500000e+01
      vertex -4.202769e+01  6.330523e+01 -5.000000e+00
    endloop
  endfacet
  facet normal  1.985939e-01 -9.800136e-01  1.156987e-02
    outer loop
      vertex -4.202769e+01  6.330523e+01 -5.000000e+00
      vertex -4.811895e+01  6.207087e+01 -5.000000e+00
      vertex -4.698658e+01  6.218228e+01 -1.500000e+01
    endloop
  endfacet
  facet normal  -0.000000e+00 -9.999380e-01 -1.114013e-02
    outer loop
      vertex -5.301342e+01  6.218228e+01 -1.500000e+01
      vertex -4.698658e+01  6.218228e+01 -1.500000e+01
      vertex -4.811895e+01  6.207087e+01 -5.000000e+00
    endloop
  endfacet
  facet normal -4.928565e-02 -9.987002e-01  1.299637e-02
    outer loop
      vertex -4.811895e+01  6.207087e+01 -5.000000e+00
      vertex -5.432645e+01  6.237721e+01 -5.000000e+00
      vertex -5.301342e+01  6.218228e+01 -1.500000e+01
    endloop
  endfacet
  facet normal -2.392973e-01 -9.708660e-01 -1.249544e-02
    outer loop
      vertex -5.886512e+01  6.362460e+01 -1.500000e+01
      vertex -5.301342e+01  6.218228e+01 -1.500000e+01
      vertex -5.432645e+01  6.237721e+01 -5.000000e+00
    endloop
  endfacet
  facet normal -2.941125e-01 -9.556641e-01  1.427964e-02
    outer loop
      vertex -5.432645e+01  6.237721e+01 -5.000000e+00
      vertex -6.026657e+01  6.420532e+01 -5.000000e+00
      vertex -5.886512e+01  6.362460e+01 -1.500000e+01
    endloop
  endfacet
  facet normal -4.646787e-01 -8.853732e-01 -1.370629e-02
    outer loop
      vertex -6.420162e+01  6.642540e+01 -1.500000e+01
      vertex -5.886512e+01  6.362460e+01 -1.500000e+01
      vertex -6.026657e+01  6.420532e+01 -5.000000e+00
    endloop
  endfacet
  facet normal -5.207524e-01 -8.535685e-01  1.541991e-02
    outer loop
      vertex -6.026657e+01  6.420532e+01 -5.000000e+00
      vertex -6.557218e+01  6.744221e+01 -5.000000e+00
      vertex -6.420162e+01  6.642540e+01 -1.500000e+01
    endloop
  endfacet
  facet normal -6.630512e-01 -7.484283e-01 -1.477379e-02
    outer loop
      vertex -6.871277e+01  7.042194e+01 -1.500000e+01
      vertex -6.420162e+01  6.642540e+01 -1.500000e+01
      vertex -6.557218e+01  6.744221e+01 -5.000000e+00
    endloop
  endfacet
  facet normal -7.152024e-01 -6.987246e-01  1.641510e-02
    outer loop
      vertex -6.557218e+01  6.744221e+01 -5.000000e+00
      vertex -6.991538e+01  7.188784e+01 -5.000000e+00
      vertex -6.871277e+01  7.042194e+01 -1.500000e+01
    endloop
  endfacet
  facet normal -8.228824e-01 -5.679948e-01 -1.569839e-02
    outer loop
      vertex -7.213640e+01  7.538192e+01 -1.500000e+01
      vertex -6.871277e+01  7.042194e+01 -1.500000e+01
      vertex -6.991538e+01  7.188784e+01 -5.000000e+00
    endloop
  endfacet
  facet normal -8.654463e-01 -5.007041e-01  1.726699e-02
    outer loop
      vertex -6.991538e+01  7.188784e+01 -5.000000e+00
      vertex -7.302776e+01  7.726745e+01 -5.000000e+00
      vertex -7.213640e+01  7.538192e+01 -1.500000e+01
    endloop
  endfacet
  facet normal -9.348891e-01 -3.545570e-01 -1.647929e-02
    outer loop
      vertex -7.427354e+01  8.101711e+01 -1.500000e+01
      vertex -7.213640e+01  7.538192e+01 -1.500000e+01
      vertex -7.302776e+01  7.726745e+01 -5.000000e+00
    endloop
  endfacet
  facet normal  9.309115e-01 -3.652180e-01 -4.429057e-03
    outer loop
      vertex -2.577254e+01  8.083314e+01  5.000000e+00
      vertex -2.786360e+01  7.538192e+01  1.500000e+01
      vertex -2.804241e+01  7.504741e+01  5.000000e+00
    endloop
  endfacet
  facet normal  8.229761e-01 -5.680597e-01  4.286252e-03
    outer loop
      vertex -2.804241e+01  7.504741e+01  5.000000e+00
      vertex -2.786360e+01  7.538192e+01  1.500000e+01
      vertex -3.128723e+01  7.042194e+01  1.500000e+01
    endloop
  endfacet
  facet normal  8.120459e-01 -5.835581e-01 -6.429113e-03
    outer loop
      vertex -2.804241e+01  7.504741e+01  5.000000e+00
      vertex -3.128723e+01  7.042194e+01  1.500000e+01
      vertex -3.166934e+01  7.000039e+01  5.000000e+00
    endloop
  endfacet
  facet normal  6.631104e-01 -7.484959e-01  6.214714e-03
    outer loop
      vertex -3.166934e+01  7.000039e+01  5.000000e+00
      vertex -3.128723e+01  7.042194e+01  1.500000e+01
      vertex -3.579838e+01  6.642540e+01  1.500000e+01
    endloop
  endfacet
  facet normal  6.429952e-01 -7.658255e-01 -8.286274e-03
    outer loop
      vertex -3.166934e+01  7.000039e+01  5.000000e+00
      vertex -3.579838e+01  6.642540e+01  1.500000e+01
      vertex -3.642915e+01  6.600400e+01  5.000000e+00
    endloop
  endfacet
  facet normal  4.647077e-01 -8.854280e-01  7.999663e-03
    outer loop
      vertex -3.642915e+01  6.600400e+01  5.000000e+00
      vertex -3.579838e+01  6.642540e+01  1.500000e+01
      vertex -4.113488e+01  6.362460e+01  1.500000e+01
    endloop
  endfacet
  facet normal  4.342090e-01 -9.007567e-01 -9.999496e-03
    outer loop
      vertex -3.642915e+01  6.600400e+01  5.000000e+00
      vertex -4.113488e+01  6.362460e+01  1.500000e+01
      vertex -4.202769e+01  6.330523e+01  5.000000e+00
    endloop
  endfacet
  facet normal  2.393048e-01 -9.708967e-01  9.641980e-03
    outer loop
      vertex -4.202769e+01  6.330523e+01  5.000000e+00
      vertex -4.113488e+01  6.362460e+01  1.500000e+01
      vertex -4.698658e+01  6.218228e+01  1.500000e+01
    endloop
  endfacet
  facet normal  1.985939e-01 -9.800136e-01 -1.156987e-02
    outer loop
      vertex -4.202769e+01  6.330523e+01  5.000000e+00
      vertex -4.698658e+01  6.218228e+01  1.500000e+01
      vertex -4.811895e+01  6.207087e+01  5.000000e+00
    endloop
  endfacet
  facet normal  0.000000e+00 -9.999380e-01  1.114013e-02
    outer loop
      vertex -4.811895e+01  6.207087e+01  5.000000e+00
      vertex -4.698658e+01  6.218228e+01  1.500000e+01
      vertex -5.301342e+01  6.218228e+01  1.500000e+01
    endloop
  endfacet
  facet normal -4.928565e-02 -9.987002e-01 -1.299637e-02
    outer loop
      vertex -4.811895e+01  6.207087e+01  5.000000e+00
      vertex -5.301342e+01  6.218228e+01  1.500000e+01
      vertex -5.432645e+01  6.237721e+01  5.000000e+00
    endloop
  endfacet
  facet normal -2.392973e-01 -9.708660e-01  1.249544e-02
    outer loop
      vertex -5.432645e+01  6.237721e+01  5.000000e+00
      vertex -5.301342e+01  6.218228e+01  1.500000e+01
      vertex -5.886512e+01  6.362460e+01  1.500000e+01
    endloop
  endfacet
  facet normal -2.941125e-01 -9.556641e-01 -1.427964e-02
    outer loop
      vertex -5.432645e+01  6.237721e+01  5.000000e+00
      vertex -5.886512e+01  6.362460e+01  1.500000e+01
      vertex -6.026657e+01  6.420532e+01  5.000000e+00
    endloop
  endfacet
  facet normal -4.646787e-01 -8.853732e-01  1.370629e-02
    outer loop
      vertex -6.026657e+01  6.420532e+01  5.000000e+00
      vertex -5.886512e+01  6.362460e+01  1.500000e+01
      vertex -6.420162e+01  6.642540e+01  1.500000e+01
    endloop
  endfacet
  facet normal -5.207524e-01 -8.535685e-01 -1.541992e-02
    outer loop
      vertex -6.026657e+01  6.420532e+01  5.000000e+00
      vertex -6.420162e+01  6.642540e+01  1.500000e+01
      vertex -6.557218e+01  6.744221e+01  5.000000e+00
    endloop
  endfacet
  facet normal -6.630512e-01 -7.484283e-01  1.477379e-02
    outer loop
      vertex -6.557218e+01  6.744221e+01  5.000000e+00
      vertex -6.420162e+01  6.642540e+01  1.500000e+01
      vertex -6.871277e+01  7.042194e+01  1.500000e+01
    endloop
  endfacet
  facet normal -7.152024e-01 -6.987246e-01 -1.641510e-02
    outer loop
      vertex -6.557218e+01  6.744221e+01  5.000000e+00
      vertex -6.871277e+01  7.042194e+01  1.500000e+01
      vertex -6.991538e+01  7.188784e+01  5.000000e+00
    endloop
  endfacet
  facet normal -8.228824e-01 -5.679948e-01  1.569839e-02
    outer loop
      vertex -6.991538e+01  7.188784e+01  5.000000e+00
      vertex -6.871277e+01  7.042194e+01  1.500000e+01
      vertex -7.213640e+01  7.538192e+01  1.500000e+01
    endloop
  endfacet
  facet normal -8.654463e-01 -5.007041e-01 -1.726699e-02
    outer loop
      vertex -6.991538e+01  7.188784e+01  5.000000e+00
      vertex -7.213640e+01  7.538192e+01  1.500000e+01
      vertex -7.302776e+01  7.726745e+01  5.000000e+00
    endloop
  endfacet
  facet normal -9.348891e-01 -3.545570e-01  1.647929e-02
    outer loop
      vertex -7.302776e+01  7.726745e+01  5.000000e+00
      vertex -7.213640e+01  7.538192e+01  1.500000e+01
      vertex -7.427354e+01  8.101711e+01  1.500000e+01
    endloop
  endfacet
  facet normal -9.971654e-01 -7.524131e-02  -0.000000e+00
    outer loop
      vertex -7.471693e+01  8.324856e+01 -5.000000e+00
      vertex -7.471693e+01  8.324856e+01  5.000000e+00
      vertex -7.500000e+01  8.700000e+01  1.500000e+01
    endloop
  endfacet
  facet normal -9.971654e-01 -7.524131e-02  -0.000000e+00
    outer loop
      vertex -7.471693e+01  8.324856e+01 -5.000000e+00
      vertex -7.500000e+01  8.700000e+01  1.500000e+01
      vertex -7.500000e+01  8.700000e+01 -1.500000e+01
    endloop
  endfacet
  facet normal -9.925634e-01 -1.205191e-01 -1.711598e-02
    outer loop
      vertex -7.471693e+01  8.324856e+01 -5.000000e+00
      vertex -7.500000e+01  8.700000e+01 -1.500000e+01
      vertex -7.427354e+01  8.101711e+01 -1.500000e+01
    endloop
  endfacet
  facet normal -9.622017e-01 -2.717440e-01  1.797534e-02
    outer loop
      vertex -7.471693e+01  8.324856e+01 -5.000000e+00
      vertex -7.427354e+01  8.101711e+01 -1.500000e+01
      vertex -7.302776e+01  7.726745e+01 -5.000000e+00
    endloop
  endfacet
  facet normal  9.927089e-01 -1.205365e-01  0.000000e+00
    outer loop
      vertex -2.500000e+01  8.700000e+01 -1.500000e+01
      vertex -2.500000e+01  8.700000e+01 -5.000000e+00
      vertex -2.572645e+01  8.101711e+01 -1.500000e+01
    endloop
  endfacet
  facet normal  9.922420e-01 -1.243008e-01  2.286051e-03
    outer loop
      vertex -2.572645e+01  8.101711e+01 -1.500000e+01
      vertex -2.500000e+01  8.700000e+01 -5.000000e+00
      vertex -2.577254e+01  8.083314e+01 -5.000000e+00
    endloop
  endfacet
  facet normal  9.350138e-01 -3.546043e-01 -2.214526e-03
    outer loop
      vertex -2.572645e+01  8.101711e+01 -1.500000e+01
      vertex -2.577254e+01  8.083314e+01 -5.000000e+00
      vertex -2.786360e+01  7.538192e+01 -1.500000e+01
    endloop
  endfacet
  facet normal  9.922445e-01 -1.243011e-01  0.000000e+00
    outer loop
      vertex -2.500000e+01  8.700000e+01  5.000000e+00
      vertex -2.500000e+01  8.700000e+01  1.500000e+01
      vertex -2.577254e+01  8.083314e+01  5.000000e+00
    endloop
  endfacet
  facet normal  9.927061e-01 -1.205361e-01 -2.357447e-03
    outer loop
      vertex -2.577254e+01  8.083314e+01  5.000000e+00
      vertex -2.500000e+01  8.700000e+01  1.500000e+01
      vertex -2.572645e+01  8.101711e+01  1.500000e+01
    endloop
  endfacet
  facet normal  9.350138e-01 -3.546043e-01  2.214526e-03
    outer loop
      vertex -2.577254e+01  8.083314e+01  5.000000e+00
      vertex -2.572645e+01  8.101711e+01  1.500000e+01
      vertex -2.786360e+01  7.538192e+01  1.500000e+01
    endloop
  endfacet
  facet normal  0.000000e+00  0.000000e+00 -1.000000e+00
    outer loop
      vertex -2.997482e+01 -9.922877e+01 -5.000000e+00
      vertex -3.105684e+01 -8.899463e+01 -5.000000e+00
      vertex -3.000000e+01 -9.800000e+01 -5.000000e+00
    endloop
  endfacet
  facet normal  -0.000000e+00  0.000000e+00 -1.000000e+00
    outer loop
      vertex -3.105684e+01 -8.899463e+01 -5.000000e+00
      vertex -2.924784e+01 -9.132437e+01 -5.000000e+00
      vertex -3.000000e+01 -9.800000e+01 -5.000000e+00
    endloop
  endfacet
  facet normal  0.000000e+00  0.000000e+00 -1.000000e+00
    outer loop
      vertex  2.924784e+01 -9.132437e+01 -5.000000e+00
      vertex  3.105684e+01 -8.899463e+01 -5.000000e+00
      vertex  3.000000e+01 -9.800000e+01 -5.000000e+00
    endloop
  endfacet
  facet normal  0.000000e+00  0.000000e+00 -1.000000e+00
    outer loop
      vertex  3.105684e+01 -8.899463e+01 -5.000000e+00
      vertex  2.997482e+01 -9.922877e+01 -5.000000e+00
      vertex  3.000000e+01 -9.800000e+01 -5.000000e+00
    endloop
  endfacet
  facet normal  0.000000e+00  -0.000000e+00 -9.999999e-01
    outer loop
      vertex  7.155389e+01 -3.229876e+01 -5.000000e+00
      vertex  7.464571e+01 -2.963811e+01 -5.000000e+00
      vertex  8.088392e+01 -2.795604e+01 -5.000000e+00
    endloop
  endfacet
  facet normal  0.000000e+00  0.000000e+00 -1.000000e+00
    outer loop
      vertex  6.819204e+01 -2.994547e+01 -5.000000e+00
      vertex  7.464571e+01 -2.963811e+01 -5.000000e+00
      vertex  7.155389e+01 -3.229876e+01 -5.000000e+00
    endloop
  endfacet
  facet normal  0.000000e+00  0.000000e+00 -1.000000e+00
    outer loop
      vertex  7.384351e+01  7.352060e+01 -5.000000e+00
      vertex  7.302776e+01  7.726745e+01 -5.000000e+00
      vertex  7.471693e+01  8.324856e+01 -5.000000e+00
    endloop
  endfacet
  facet normal  0.000000e+00  0.000000e+00 -1.000000e+00
    outer loop
      vertex  7.384351e+01  7.352060e+01 -5.000000e+00
      vertex  6.991538e+01  7.188784e+01 -5.000000e+00
      vertex  7.302776e+01  7.726745e+01 -5.000000e+00
    endloop
  endfacet
  facet normal  0.000000e+00  0.000000e+00 -1.000000e+00
    outer loop
      vertex -8.699778e+01  2.724417e+01 -5.000000e+00
      vertex -8.231953e+01  2.735378e+01 -5.000000e+00
      vertex -8.802923e+01  2.397805e+01 -5.000000e+00
    endloop
  endfacet
  facet normal  -0.000000e+00  0.000000e+00 -1.000000e+00
    outer loop
      vertex -8.699778e+01  2.724417e+01 -5.000000e+00
      vertex -8.802923e+01  2.397805e+01 -5.000000e+00
      vertex -9.285757e+01  1.943016e+01 -5.000000e+00
    endloop
  endfacet
  facet normal  0.000000e+00  0.000000e+00 -1.000000e+00
    outer loop
      vertex -2.924784e+01 -9.132437e+01 -5.000000e+00
      vertex -3.105684e+01 -8.899463e+01 -5.000000e+00
      vertex -2.702907e+01 -8.498349e+01 -5.000000e+00
    endloop
  endfacet
  facet normal  0.000000e+00  0.000000e+00 -1.000000e+00
    outer loop
      vertex -7.302776e+01  7.726745e+01 -5.000000e+00
      vertex -7.384351e+01  7.352060e+01 -5.000000e+00
      vertex -7.471693e+01  8.324856e+01 -5.000000e+00
    endloop
  endfacet
  facet normal  0.000000e+00  0.000000e+00 -1.000000e+00
    outer loop
      vertex -6.991538e+01  7.188784e+01 -5.000000e+00
      vertex -7.384351e+01  7.352060e+01 -5.000000e+00
      vertex -7.302776e+01  7.726745e+01 -5.000000e+00
    endloop
  endfacet
  facet normal  -0.000000e+00  0.000000e+00 -9.999999e-01
    outer loop
      vertex -5.432645e+01  6.237721e+01 -5.000000e+00
      vertex -4.811895e+01  6.207087e+01 -5.000000e+00
      vertex -7.566782e+01  5.410839e+01 -5.000000e+00
    endloop
  endfacet
  facet normal  0.000000e+00  0.000000e+00 -9.999999e-01
    outer loop
      vertex -7.464571e+01 -2.963811e+01 -5.000000e+00
      vertex -7.155389e+01 -3.229876e+01 -5.000000e+00
      vertex -8.088392e+01 -2.795604e+01 -5.000000e+00
    endloop
  endfacet
  facet normal  -0.000000e+00  0.000000e+00 -1.000000e+00
    outer loop
      vertex -7.464571e+01 -2.963811e+01 -5.000000e+00
      vertex -6.819204e+01 -2.994547e+01 -5.000000e+00
      vertex -7.155389e+01 -3.229876e+01 -5.000000e+00
    endloop
  endfacet
  facet normal  0.000000e+00  0.000000e+00 -1.000000e+00
    outer loop
      vertex  8.802923e+01  2.397805e+01 -5.000000e+00
      vertex  8.231953e+01  2.735378e+01 -5.000000e+00
      vertex  8.699778e+01  2.724417e+01 -5.000000e+00
    endloop
  endfacet
  facet normal  0.000000e+00  0.000000e+00 -1.000000e+00
    outer loop
      vertex  8.802923e+01  2.397805e+01 -5.000000e+00
      vertex  8.699778e+01  2.724417e+01 -5.000000e+00
      vertex  9.285757e+01  1.943016e+01 -5.000000e+00
    endloop
  endfacet
  facet normal  0.000000e+00  0.000000e+00 -1.000000e+00
    outer loop
      vertex  2.727369e+01  9.741703e+01 -5.000000e+00
      vertex  2.557504e+01  9.233114e+01 -5.000000e+00
      vertex -2.557504e+01  9.233114e+01 -5.000000e+00
    endloop
  endfacet
  facet normal  0.000000e+00  0.000000e+00 -1.000000e+00
    outer loop
      vertex  2.727369e+01  9.741703e+01 -5.000000e+00
      vertex -2.557504e+01  9.233114e+01 -5.000000e+00
      vertex -2.727369e+01  9.741703e+01 -5.000000e+00
    endloop
  endfacet
  facet normal  0.000000e+00  0.000000e+00 -9.999999e-01
    outer loop
      vertex  2.727369e+01  9.741703e+01 -5.000000e+00
      vertex -2.727369e+01  9.741703e+01 -5.000000e+00
      vertex -1.469576e-14  9.933092e+01 -5.000000e+00
    endloop
  endfacet
  facet normal  0.000000e+00  0.000000e+00 -1.000000e+00
    outer loop
      vertex  2.727369e+01  9.741703e+01 -5.000000e+00
      vertex -1.469576e-14  9.933092e+01 -5.000000e+00
      vertex  9.900896e+00  9.994596e+01 -5.000000e+00
    endloop
  endfacet
  facet normal  0.000000e+00  0.000000e+00 -1.000000e+00
    outer loop
      vertex  2.727369e+01  9.741703e+01 -5.000000e+00
      vertex  9.900896e+00  9.994596e+01 -5.000000e+00
      vertex  1.964956e+01  1.017816e+02 -5.000000e+00
    endloop
  endfacet
  facet normal  0.000000e+00  0.000000e+00 -1.000000e+00
    outer loop
      vertex  2.727369e+01  9.741703e+01 -5.000000e+00
      vertex  1.964956e+01  1.017816e+02 -5.000000e+00
      vertex  3.001781e+01  1.020237e+02 -5.000000e+00
    endloop
  endfacet
  facet normal  0.000000e+00  -0.000000e+00 -1.000000e+00
    outer loop
      vertex -7.416206e+01  6.375871e+01 -5.000000e+00
      vertex -7.384351e+01  7.352060e+01 -5.000000e+00
      vertex -6.991538e+01  7.188784e+01 -5.000000e+00
    endloop
  endfacet
  facet normal  0.000000e+00  -0.000000e+00 -1.000000e+00
    outer loop
      vertex -7.416206e+01  6.375871e+01 -5.000000e+00
      vertex -6.991538e+01  7.188784e+01 -5.000000e+00
      vertex -6.557218e+01  6.744221e+01 -5.000000e+00
    endloop
  endfacet
  facet normal  0.000000e+00  -0.000000e+00 -1.000000e+00
    outer loop
      vertex -7.416206e+01  6.375871e+01 -5.000000e+00
      vertex -6.557218e+01  6.744221e+01 -5.000000e+00
      vertex -6.026657e+01  6.420532e+01 -5.000000e+00
    endloop
  endfacet
  facet normal  0.000000e+00  -0.000000e+00 -1.000000e+00
    outer loop
      vertex -7.416206e+01  6.375871e+01 -5.000000e+00
      vertex -6.026657e+01  6.420532e+01 -5.000000e+00
      vertex -5.432645e+01  6.237721e+01 -5.000000e+00
    endloop
  endfacet
  facet normal  -0.000000e+00  0.000000e+00 -9.999999e-01
    outer loop
      vertex -7.416206e+01  6.375871e+01 -5.000000e+00
      vertex -5.432645e+01  6.237721e+01 -5.000000e+00
      vertex -7.566782e+01  5.410839e+01 -5.000000e+00
    endloop
  endfacet
  facet normal  0.000000e+00  0.000000e+00 -1.000000e+00
    outer loop
      vertex -2.727369e+01  9.741703e+01 -5.000000e+00
      vertex -3.001781e+01  1.020237e+02 -5.000000e+00
      vertex -1.964956e+01  1.017816e+02 -5.000000e+00
    endloop
  endfacet
  facet normal  0.000000e+00  -0.000000e+00 -1.000000e+00
    outer loop
      vertex -2.727369e+01  9.741703e+01 -5.000000e+00
      vertex -1.964956e+01  1.017816e+02 -5.000000e+00
      vertex -9.900896e+00  9.994596e+01 -5.000000e+00
    endloop
  endfacet
  facet normal  0.000000e+00  -0.000000e+00 -1.000000e+00
    outer loop
      vertex -2.727369e+01  9.741703e+01 -5.000000e+00
      vertex -9.900896e+00  9.994596e+01 -5.000000e+00
      vertex -1.469576e-14  9.933092e+01 -5.000000e+00
    endloop
  endfacet
  facet normal  0.000000e+00  -0.000000e+00 -1.000000e+00
    outer loop
      vertex  6.026657e+01  6.420532e+01 -5.000000e+00
      vertex  6.557218e+01  6.744221e+01 -5.000000e+00
      vertex  7.416206e+01  6.375871e+01 -5.000000e+00
    endloop
  endfacet
  facet normal  0.000000e+00  0.000000e+00 -1.000000e+00
    outer loop
      vertex  7.416206e+01  6.375871e+01 -5.000000e+00
      vertex  6.557218e+01  6.744221e+01 -5.000000e+00
      vertex  6.991538e+01  7.188784e+01 -5.000000e+00
    endloop
  endfacet
  facet normal  0.000000e+00  0.000000e+00 -1.000000e+00
    outer loop
      vertex  7.416206e+01  6.375871e+01 -5.000000e+00
      vertex  6.991538e+01  7.188784e+01 -5.000000e+00
      vertex  7.384351e+01  7.352060e+01 -5.000000e+00
    endloop
  endfacet
  facet normal  0.000000e+00  -0.000000e+00 -9.999999e-01
    outer loop
      vertex  4.811895e+01  6.207087e+01 -5.000000e+00
      vertex  5.432645e+01  6.237721e+01 -5.000000e+00
      vertex  7.566782e+01  5.410839e+01 -5.000000e+00
    endloop
  endfacet
  facet normal  0.000000e+00  0.000000e+00 -1.000000e+00
    outer loop
      vertex  7.566782e+01  5.410839e+01 -5.000000e+00
      vertex  5.432645e+01  6.237721e+01 -5.000000e+00
      vertex  6.026657e+01  6.420532e+01 -5.000000e+00
    endloop
  endfacet
  facet normal  0.000000e+00  0.000000e+00 -1.000000e+00
    outer loop
      vertex  7.566782e+01  5.410839e+01 -5.000000e+00
      vertex  6.026657e+01  6.420532e+01 -5.000000e+00
      vertex  7.416206e+01  6.375871e+01 -5.000000e+00
    endloop
  endfacet
  facet normal  0.000000e+00  0.000000e+00 -1.000000e+00
    outer loop
      vertex -6.940199e+01  2.999404e+01 -5.000000e+00
      vertex -7.600760e+01  2.939232e+01 -5.000000e+00
      vertex -8.213387e+01  3.571403e+01 -5.000000e+00
    endloop
  endfacet
  facet normal  0.000000e+00  -0.000000e+00 -1.000000e+00
    outer loop
      vertex -8.213387e+01  3.571403e+01 -5.000000e+00
      vertex -7.600760e+01  2.939232e+01 -5.000000e+00
      vertex -8.231953e+01  2.735378e+01 -5.000000e+00
    endloop
  endfacet
  facet normal  -0.000000e+00  0.000000e+00 -1.000000e+00
    outer loop
      vertex -8.213387e+01  3.571403e+01 -5.000000e+00
      vertex -8.231953e+01  2.735378e+01 -5.000000e+00
      vertex -8.699778e+01  2.724417e+01 -5.000000e+00
    endloop
  endfacet
  facet normal  -0.000000e+00  0.000000e+00 -1.000000e+00
    outer loop
      vertex  3.809524e+01  1.089836e+02 -5.000000e+00
      vertex  3.368117e+01  1.059393e+02 -5.000000e+00
      vertex  2.909609e+01  1.048097e+02 -5.000000e+00
    endloop
  endfacet
  facet normal  0.000000e+00  0.000000e+00 -1.000000e+00
    outer loop
      vertex  2.909609e+01  1.048097e+02 -5.000000e+00
      vertex  3.368117e+01  1.059393e+02 -5.000000e+00
      vertex  3.001781e+01  1.020237e+02 -5.000000e+00
    endloop
  endfacet
  facet normal  -0.000000e+00  0.000000e+00 -1.000000e+00
    outer loop
      vertex  2.909609e+01  1.048097e+02 -5.000000e+00
      vertex  3.001781e+01  1.020237e+02 -5.000000e+00
      vertex  1.964956e+01  1.017816e+02 -5.000000e+00
    endloop
  endfacet
  facet normal  0.000000e+00  0.000000e+00 -9.999999e-01
    outer loop
      vertex -6.675628e+00 -6.875216e+01 -5.000000e+00
      vertex -3.709589e+01 -6.936274e+01 -5.000000e+00
      vertex  8.498309e-15 -6.800000e+01 -5.000000e+00
    endloop
  endfacet
  facet normal  -0.000000e+00  0.000000e+00 -1.000000e+00
    outer loop
      vertex  8.498309e-15 -6.800000e+01 -5.000000e+00
      vertex -3.709589e+01 -6.936274e+01 -5.000000e+00
      vertex -4.195300e+01 -6.028986e+01 -5.000000e+00
    endloop
  endfacet
  facet normal  0.000000e+00  0.000000e+00 -1.000000e+00
    outer loop
      vertex  8.498309e-15 -6.800000e+01 -5.000000e+00
      vertex -4.195300e+01 -6.028986e+01 -5.000000e+00
      vertex  4.195300e+01 -6.028986e+01 -5.000000e+00
    endloop
  endfacet
  facet normal  0.000000e+00  0.000000e+00 -1.000000e+00
    outer loop
      vertex  4.195300e+01 -6.028986e+01 -5.000000e+00
      vertex -4.195300e+01 -6.028986e+01 -5.000000e+00
      vertex -4.793463e+01 -5.191558e+01 -5.000000e+00
    endloop
  endfacet
  facet normal  0.000000e+00  0.000000e+00 -9.999999e-01
    outer loop
      vertex  4.195300e+01 -6.028986e+01 -5.000000e+00
      vertex -4.793463e+01 -5.191558e+01 -5.000000e+00
      vertex  4.793463e+01 -5.191558e+01 -5.000000e+00
    endloop
  endfacet
  facet normal  0.000000e+00  0.000000e+00 -9.999999e-01
    outer loop
      vertex  4.793463e+01 -5.191558e+01 -5.000000e+00
      vertex -4.793463e+01 -5.191558e+01 -5.000000e+00
      vertex -5.494180e+01 -4.437847e+01 -5.000000e+00
    endloop
  endfacet
  facet normal  0.000000e+00  0.000000e+00 -1.000000e+00
    outer loop
      vertex  4.793463e+01 -5.191558e+01 -5.000000e+00
      vertex -5.494180e+01 -4.437847e+01 -5.000000e+00
      vertex  5.494180e+01 -4.437847e+01 -5.000000e+00
    endloop
  endfacet
  facet normal  0.000000e+00  0.000000e+00 -1.000000e+00
    outer loop
      vertex  5.494180e+01 -4.437847e+01 -5.000000e+00
      vertex -5.494180e+01 -4.437847e+01 -5.000000e+00
      vertex -6.285855e+01 -3.780326e+01 -5.000000e+00
    endloop
  endfacet
  facet normal  0.000000e+00  0.000000e+00 -1.000000e+00
    outer loop
      vertex  5.494180e+01 -4.437847e+01 -5.000000e+00
      vertex -6.285855e+01 -3.780326e+01 -5.000000e+00
      vertex  6.285855e+01 -3.780326e+01 -5.000000e+00
    endloop
  endfacet
  facet normal  0.000000e+00  0.000000e+00 -1.000000e+00
    outer loop
      vertex  6.285855e+01 -3.780326e+01 -5.000000e+00
      vertex -6.285855e+01 -3.780326e+01 -5.000000e+00
      vertex -7.155389e+01 -3.229876e+01 -5.000000e+00
    endloop
  endfacet
  facet normal  0.000000e+00  0.000000e+00 -1.000000e+00
    outer loop
      vertex  6.285855e+01 -3.780326e+01 -5.000000e+00
      vertex -7.155389e+01 -3.229876e+01 -5.000000e+00
      vertex  7.155389e+01 -3.229876e+01 -5.000000e+00
    endloop
  endfacet
  facet normal  0.000000e+00  0.000000e+00 -1.000000e+00
    outer loop
      vertex  7.155389e+01 -3.229876e+01 -5.000000e+00
      vertex -7.155389e+01 -3.229876e+01 -5.000000e+00
      vertex -6.819204e+01 -2.994547e+01 -5.000000e+00
    endloop
  endfacet
  facet normal  0.000000e+00  0.000000e+00 -1.000000e+00
    outer loop
      vertex  7.155389e+01 -3.229876e+01 -5.000000e+00
      vertex -6.819204e+01 -2.994547e+01 -5.000000e+00
      vertex  6.819204e+01 -2.994547e+01 -5.000000e+00
    endloop
  endfacet
  facet normal  0.000000e+00  0.000000e+00 -1.000000e+00
    outer loop
      vertex  6.819204e+01 -2.994547e+01 -5.000000e+00
      vertex -6.819204e+01 -2.994547e+01 -5.000000e+00
      vertex -6.182222e+01 -2.886388e+01 -5.000000e+00
    endloop
  endfacet
  facet normal  0.000000e+00  0.000000e+00 -1.000000e+00
    outer loop
      vertex  6.819204e+01 -2.994547e+01 -5.000000e+00
      vertex -6.182222e+01 -2.886388e+01 -5.000000e+00
      vertex  6.182222e+01 -2.886388e+01 -5.000000e+00
    endloop
  endfacet
  facet normal  0.000000e+00  0.000000e+00 -1.000000e+00
    outer loop
      vertex  6.182222e+01 -2.886388e+01 -5.000000e+00
      vertex -6.182222e+01 -2.886388e+01 -5.000000e+00
      vertex -5.583170e+01 -2.644351e+01 -5.000000e+00
    endloop
  endfacet
  facet normal  0.000000e+00  0.000000e+00 -1.000000e+00
    outer loop
      vertex  6.182222e+01 -2.886388e+01 -5.000000e+00
      vertex -5.583170e+01 -2.644351e+01 -5.000000e+00
      vertex  5.583170e+01 -2.644351e+01 -5.000000e+00
    endloop
  endfacet
  facet normal  0.000000e+00  0.000000e+00 -1.000000e+00
    outer loop
      vertex  5.583170e+01 -2.644351e+01 -5.000000e+00
      vertex -5.583170e+01 -2.644351e+01 -5.000000e+00
      vertex -5.049835e+01 -2.279662e+01 -5.000000e+00
    endloop
  endfacet
  facet normal  0.000000e+00  0.000000e+00 -9.999999e-01
    outer loop
      vertex  5.583170e+01 -2.644351e+01 -5.000000e+00
      vertex -5.049835e+01 -2.279662e+01 -5.000000e+00
      vertex  5.049835e+01 -2.279662e+01 -5.000000e+00
    endloop
  endfacet
  facet normal  0.000000e+00  0.000000e+00 -1.000000e+00
    outer loop
      vertex  5.049835e+01 -2.279662e+01 -5.000000e+00
      vertex -5.049835e+01 -2.279662e+01 -5.000000e+00
      vertex -4.606954e+01 -1.809235e+01 -5.000000e+00
    endloop
  endfacet
  facet normal  0.000000e+00  0.000000e+00 -9.999999e-01
    outer loop
      vertex  5.049835e+01 -2.279662e+01 -5.000000e+00
      vertex -4.606954e+01 -1.809235e+01 -5.000000e+00
      vertex  4.606954e+01 -1.809235e+01 -5.000000e+00
    endloop
  endfacet
  facet normal  0.000000e+00  0.000000e+00 -1.000000e+00
    outer loop
      vertex  4.606954e+01 -1.809235e+01 -5.000000e+00
      vertex -4.606954e+01 -1.809235e+01 -5.000000e+00
      vertex -4.275069e+01 -1.254892e+01 -5.000000e+00
    endloop
  endfacet
  facet normal  0.000000e+00  0.000000e+00 -9.999999e-01
    outer loop
      vertex  4.606954e+01 -1.809235e+01 -5.000000e+00
      vertex -4.275069e+01 -1.254892e+01 -5.000000e+00
      vertex  4.275069e+01 -1.254892e+01 -5.000000e+00
    endloop
  endfacet
  facet normal  0.000000e+00  0.000000e+00 -1.000000e+00
    outer loop
      vertex  4.275069e+01 -1.254892e+01 -5.000000e+00
      vertex -4.275069e+01 -1.254892e+01 -5.000000e+00
      vertex -4.069574e+01 -6.423426e+00 -5.000000e+00
    endloop
  endfacet
  facet normal  0.000000e+00  0.000000e+00 -1.000000e+00
    outer loop
      vertex  4.275069e+01 -1.254892e+01 -5.000000e+00
      vertex -4.069574e+01 -6.423426e+00 -5.000000e+00
      vertex  4.069574e+01 -6.423426e+00 -5.000000e+00
    endloop
  endfacet
  facet normal  0.000000e+00  0.000000e+00 -1.000000e+00
    outer loop
      vertex  4.069574e+01 -6.423426e+00 -5.000000e+00
      vertex -4.069574e+01 -6.423426e+00 -5.000000e+00
      vertex -4.000000e+01 -3.399323e-14 -5.000000e+00
    endloop
  endfacet
  facet normal  0.000000e+00  0.000000e+00 -1.000000e+00
    outer loop
      vertex  4.069574e+01 -6.423426e+00 -5.000000e+00
      vertex -4.000000e+01 -3.399323e-14 -5.000000e+00
      vertex  4.000000e+01  1.699662e-14 -5.000000e+00
    endloop
  endfacet
  facet normal  -0.000000e+00  0.000000e+00 -1.000000e+00
    outer loop
      vertex  4.000000e+01  1.699662e-14 -5.000000e+00
      vertex -4.000000e+01 -3.399323e-14 -5.000000e+00
      vertex -4.073327e+01  6.592307e+00 -5.000000e+00
    endloop
  endfacet
  facet normal  0.000000e+00  0.000000e+00 -1.000000e+00
    outer loop
      vertex  4.000000e+01  1.699662e-14 -5.000000e+00
      vertex -4.073327e+01  6.592307e+00 -5.000000e+00
      vertex  4.073327e+01  6.592307e+00 -5.000000e+00
    endloop
  endfacet
  facet normal  0.000000e+00  0.000000e+00 -9.999999e-01
    outer loop
      vertex  4.073327e+01  6.592307e+00 -5.000000e+00
      vertex -4.073327e+01  6.592307e+00 -5.000000e+00
      vertex -4.289723e+01  1.286235e+01 -5.000000e+00
    endloop
  endfacet
  facet normal  0.000000e+00  0.000000e+00 -1.000000e+00
    outer loop
      vertex  4.073327e+01  6.592307e+00 -5.000000e+00
      vertex -4.289723e+01  1.286235e+01 -5.000000e+00
      vertex  4.289723e+01  1.286235e+01 -5.000000e+00
    endloop
  endfacet
  facet normal  0.000000e+00  0.000000e+00 -1.000000e+00
    outer loop
      vertex  4.289723e+01  1.286235e+01 -5.000000e+00
      vertex -4.289723e+01  1.286235e+01 -5.000000e+00
      vertex -4.638611e+01  1.850362e+01 -5.000000e+00
    endloop
  endfacet
  facet normal  0.000000e+00  0.000000e+00 -1.000000e+00
    outer loop
      vertex  4.289723e+01  1.286235e+01 -5.000000e+00
      vertex -4.638611e+01  1.850362e+01 -5.000000e+00
      vertex  4.638611e+01  1.850362e+01 -5.000000e+00
    endloop
  endfacet
  facet normal  0.000000e+00  0.000000e+00 -1.000000e+00
    outer loop
      vertex  4.638611e+01  1.850362e+01 -5.000000e+00
      vertex -4.638611e+01  1.850362e+01 -5.000000e+00
      vertex -5.102934e+01  2.324035e+01 -5.000000e+00
    endloop
  endfacet
  facet normal  0.000000e+00  0.000000e+00 -1.000000e+00
    outer loop
      vertex  4.638611e+01  1.850362e+01 -5.000000e+00
      vertex -5.102934e+01  2.324035e+01 -5.000000e+00
      vertex  5.102934e+01  2.324035e+01 -5.000000e+00
    endloop
  endfacet
  facet normal  0.000000e+00  0.000000e+00 -9.999999e-01
    outer loop
      vertex  5.102934e+01  2.324035e+01 -5.000000e+00
      vertex -5.102934e+01  2.324035e+01 -5.000000e+00
      vertex -5.659994e+01  2.684098e+01 -5.000000e+00
    endloop
  endfacet
  facet normal  0.000000e+00  0.000000e+00 -9.999999e-01
    outer loop
      vertex  5.102934e+01  2.324035e+01 -5.000000e+00
      vertex -5.659994e+01  2.684098e+01 -5.000000e+00
      vertex  5.659994e+01  2.684098e+01 -5.000000e+00
    endloop
  endfacet
  facet normal  0.000000e+00  0.000000e+00 -1.000000e+00
    outer loop
      vertex  5.659994e+01  2.684098e+01 -5.000000e+00
      vertex -5.659994e+01  2.684098e+01 -5.000000e+00
      vertex -6.282560e+01  2.912951e+01 -5.000000e+00
    endloop
  endfacet
  facet normal  0.000000e+00  0.000000e+00 -1.000000e+00
    outer loop
      vertex  5.659994e+01  2.684098e+01 -5.000000e+00
      vertex -6.282560e+01  2.912951e+01 -5.000000e+00
      vertex  6.282560e+01  2.912951e+01 -5.000000e+00
    endloop
  endfacet
  facet normal  0.000000e+00  0.000000e+00 -1.000000e+00
    outer loop
      vertex  6.282560e+01  2.912951e+01 -5.000000e+00
      vertex -6.282560e+01  2.912951e+01 -5.000000e+00
      vertex -6.940199e+01  2.999404e+01 -5.000000e+00
    endloop
  endfacet
  facet normal  0.000000e+00  0.000000e+00 -1.000000e+00
    outer loop
      vertex  6.282560e+01  2.912951e+01 -5.000000e+00
      vertex -6.940199e+01  2.999404e+01 -5.000000e+00
      vertex  6.940199e+01  2.999404e+01 -5.000000e+00
    endloop
  endfacet
  facet normal  0.000000e+00  0.000000e+00 -9.999999e-01
    outer loop
      vertex  6.940199e+01  2.999404e+01 -5.000000e+00
      vertex -6.940199e+01  2.999404e+01 -5.000000e+00
      vertex -8.213387e+01  3.571403e+01 -5.000000e+00
    endloop
  endfacet
  facet normal  0.000000e+00  0.000000e+00 -1.000000e+00
    outer loop
      vertex  6.940199e+01  2.999404e+01 -5.000000e+00
      vertex -8.213387e+01  3.571403e+01 -5.000000e+00
      vertex  8.213387e+01  3.571403e+01 -5.000000e+00
    endloop
  endfacet
  facet normal  0.000000e+00  0.000000e+00 -1.000000e+00
    outer loop
      vertex  8.213387e+01  3.571403e+01 -5.000000e+00
      vertex -8.213387e+01  3.571403e+01 -5.000000e+00
      vertex -7.833836e+01  4.471348e+01 -5.000000e+00
    endloop
  endfacet
  facet normal  0.000000e+00  0.000000e+00 -1.000000e+00
    outer loop
      vertex  8.213387e+01  3.571403e+01 -5.000000e+00
      vertex -7.833836e+01  4.471348e+01 -5.000000e+00
      vertex  7.833836e+01  4.471348e+01 -5.000000e+00
    endloop
  endfacet
  facet normal  0.000000e+00  0.000000e+00 -1.000000e+00
    outer loop
      vertex  7.833836e+01  4.471348e+01 -5.000000e+00
      vertex -7.833836e+01  4.471348e+01 -5.000000e+00
      vertex -7.566782e+01  5.410839e+01 -5.000000e+00
    endloop
  endfacet
  facet normal  0.000000e+00  0.000000e+00 -1.000000e+00
    outer loop
      vertex  7.833836e+01  4.471348e+01 -5.000000e+00
      vertex -7.566782e+01  5.410839e+01 -5.000000e+00
      vertex  7.566782e+01  5.410839e+01 -5.000000e+00
    endloop
  endfacet
  facet normal  0.000000e+00  0.000000e+00 -1.000000e+00
    outer loop
      vertex  7.566782e+01  5.410839e+01 -5.000000e+00
      vertex -7.566782e+01  5.410839e+01 -5.000000e+00
      vertex -4.811895e+01  6.207087e+01 -5.000000e+00
    endloop
  endfacet
  facet normal  0.000000e+00  0.000000e+00 -1.000000e+00
    outer loop
      vertex  7.566782e+01  5.410839e+01 -5.000000e+00
      vertex -4.811895e+01  6.207087e+01 -5.000000e+00
      vertex  4.811895e+01  6.207087e+01 -5.000000e+00
    endloop
  endfacet
  facet normal  0.000000e+00  0.000000e+00 -1.000000e+00
    outer loop
      vertex  4.811895e+01  6.207087e+01 -5.000000e+00
      vertex -4.811895e+01  6.207087e+01 -5.000000e+00
      vertex -4.202769e+01  6.330523e+01 -5.000000e+00
    endloop
  endfacet
  facet normal  0.000000e+00  0.000000e+00 -9.999999e-01
    outer loop
      vertex  4.811895e+01  6.207087e+01 -5.000000e+00
      vertex -4.202769e+01  6.330523e+01 -5.000000e+00
      vertex  4.202769e+01  6.330523e+01 -5.000000e+00
    endloop
  endfacet
  facet normal  0.000000e+00  0.000000e+00 -1.000000e+00
    outer loop
      vertex  4.202769e+01  6.330523e+01 -5.000000e+00
      vertex -4.202769e+01  6.330523e+01 -5.000000e+00
      vertex -3.642915e+01  6.600400e+01 -5.000000e+00
    endloop
  endfacet
  facet normal  0.000000e+00  0.000000e+00 -1.000000e+00
    outer loop
      vertex  4.202769e+01  6.330523e+01 -5.000000e+00
      vertex -3.642915e+01  6.600400e+01 -5.000000e+00
      vertex  3.642915e+01  6.600400e+01 -5.000000e+00
    endloop
  endfacet
  facet normal  0.000000e+00  0.000000e+00 -1.000000e+00
    outer loop
      vertex  3.642915e+01  6.600400e+01 -5.000000e+00
      vertex -3.642915e+01  6.600400e+01 -5.000000e+00
      vertex -3.166934e+01  7.000039e+01 -5.000000e+00
    endloop
  endfacet
  facet normal  0.000000e+00  0.000000e+00 -1.000000e+00
    outer loop
      vertex  3.642915e+01  6.600400e+01 -5.000000e+00
      vertex -3.166934e+01  7.000039e+01 -5.000000e+00
      vertex  3.166934e+01  7.000039e+01 -5.000000e+00
    endloop
  endfacet
  facet normal  0.000000e+00  0.000000e+00 -1.000000e+00
    outer loop
      vertex  3.166934e+01  7.000039e+01 -5.000000e+00
      vertex -3.166934e+01  7.000039e+01 -5.000000e+00
      vertex -2.804241e+01  7.504741e+01 -5.000000e+00
    endloop
  endfacet
  facet normal  0.000000e+00  0.000000e+00 -1.000000e+00
    outer loop
      vertex  3.166934e+01  7.000039e+01 -5.000000e+00
      vertex -2.804241e+01  7.504741e+01 -5.000000e+00
      vertex  2.804241e+01  7.504741e+01 -5.000000e+00
    endloop
  endfacet
  facet normal  0.000000e+00  0.000000e+00 -1.000000e+00
    outer loop
      vertex  2.804241e+01  7.504741e+01 -5.000000e+00
      vertex -2.804241e+01  7.504741e+01 -5.000000e+00
      vertex -2.577254e+01  8.083314e+01 -5.000000e+00
    endloop
  endfacet
  facet normal  0.000000e+00  0.000000e+00 -1.000000e+00
    outer loop
      vertex  2.804241e+01  7.504741e+01 -5.000000e+00
      vertex -2.577254e+01  8.083314e+01 -5.000000e+00
      vertex  2.577254e+01  8.083314e+01 -5.000000e+00
    endloop
  endfacet
  facet normal  0.000000e+00  0.000000e+00 -1.000000e+00
    outer loop
      vertex  2.577254e+01  8.083314e+01 -5.000000e+00
      vertex -2.577254e+01  8.083314e+01 -5.000000e+00
      vertex -2.500000e+01  8.700000e+01 -5.000000e+00
    endloop
  endfacet
  facet normal  0.000000e+00  0.000000e+00 -1.000000e+00
    outer loop
      vertex  2.577254e+01  8.083314e+01 -5.000000e+00
      vertex -2.500000e+01  8.700000e+01 -5.000000e+00
      vertex  2.500000e+01  8.700000e+01 -5.000000e+00
    endloop
  endfacet
  facet normal  0.000000e+00  0.000000e+00 -1.000000e+00
    outer loop
      vertex  2.500000e+01  8.700000e+01 -5.000000e+00
      vertex -2.500000e+01  8.700000e+01 -5.000000e+00
      vertex -2.557504e+01  9.233114e+01 -5.000000e+00
    endloop
  endfacet
  facet normal  0.000000e+00  0.000000e+00 -1.000000e+00
    outer loop
      vertex  2.500000e+01  8.700000e+01 -5.000000e+00
      vertex -2.557504e+01  9.233114e+01 -5.000000e+00
      vertex  2.557504e+01  9.233114e+01 -5.000000e+00
    endloop
  endfacet
  facet normal  0.000000e+00  0.000000e+00 -1.000000e+00
    outer loop
      vertex -6.675628e+00 -6.875216e+01 -5.000000e+00
      vertex -1.301651e+01 -7.097093e+01 -5.000000e+00
      vertex -3.709589e+01 -6.936274e+01 -5.000000e+00
    endloop
  endfacet
  facet normal  0.000000e+00  0.000000e+00 -1.000000e+00
    outer loop
      vertex -3.709589e+01 -6.936274e+01 -5.000000e+00
      vertex -1.301651e+01 -7.097093e+01 -5.000000e+00
      vertex -1.870469e+01 -7.454506e+01 -5.000000e+00
    endloop
  endfacet
  facet normal  -0.000000e+00  0.000000e+00 -9.999999e-01
    outer loop
      vertex -3.709589e+01 -6.936274e+01 -5.000000e+00
      vertex -1.870469e+01 -7.454506e+01 -5.000000e+00
      vertex -3.344370e+01 -7.898406e+01 -5.000000e+00
    endloop
  endfacet
  facet normal  0.000000e+00  0.000000e+00 -1.000000e+00
    outer loop
      vertex -1.870469e+01 -7.454506e+01 -5.000000e+00
      vertex -2.345494e+01 -7.929530e+01 -5.000000e+00
      vertex -3.344370e+01 -7.898406e+01 -5.000000e+00
    endloop
  endfacet
  facet normal  0.000000e+00  0.000000e+00 -1.000000e+00
    outer loop
      vertex -3.344370e+01 -7.898406e+01 -5.000000e+00
      vertex -2.345494e+01 -7.929530e+01 -5.000000e+00
      vertex -2.702907e+01 -8.498349e+01 -5.000000e+00
    endloop
  endfacet
  facet normal  -0.000000e+00  0.000000e+00 -1.000000e+00
    outer loop
      vertex -3.344370e+01 -7.898406e+01 -5.000000e+00
      vertex -2.702907e+01 -8.498349e+01 -5.000000e+00
      vertex -3.105684e+01 -8.899463e+01 -5.000000e+00
    endloop
  endfacet
  facet normal  0.000000e+00  0.000000e+00 -1.000000e+00
    outer loop
      vertex -3.809524e+01  1.089836e+02 -5.000000e+00
      vertex -2.909609e+01  1.048097e+02 -5.000000e+00
      vertex -3.368117e+01  1.059393e+02 -5.000000e+00
    endloop
  endfacet
  facet normal  0.000000e+00  0.000000e+00 -1.000000e+00
    outer loop
      vertex -3.368117e+01  1.059393e+02 -5.000000e+00
      vertex -2.909609e+01  1.048097e+02 -5.000000e+00
      vertex -1.964956e+01  1.017816e+02 -5.000000e+00
    endloop
  endfacet
  facet normal  0.000000e+00  0.000000e+00 -1.000000e+00
    outer loop
      vertex -3.368117e+01  1.059393e+02 -5.000000e+00
      vertex -1.964956e+01  1.017816e+02 -5.000000e+00
      vertex -3.001781e+01  1.020237e+02 -5.000000e+00
    endloop
  endfacet
  facet normal  0.000000e+00  0.000000e+00 -1.000000e+00
    outer loop
      vertex  6.940199e+01  2.999404e+01 -5.000000e+00
      vertex  8.213387e+01  3.571403e+01 -5.000000e+00
      vertex  7.600760e+01  2.939232e+01 -5.000000e+00
    endloop
  endfacet
  facet normal  0.000000e+00  0.000000e+00 -1.000000e+00
    outer loop
      vertex  7.600760e+01  2.939232e+01 -5.000000e+00
      vertex  8.213387e+01  3.571403e+01 -5.000000e+00
      vertex  8.699778e+01  2.724417e+01 -5.000000e+00
    endloop
  endfacet
  facet normal  0.000000e+00  0.000000e+00 -9.999999e-01
    outer loop
      vertex  7.600760e+01  2.939232e+01 -5.000000e+00
      vertex  8.699778e+01  2.724417e+01 -5.000000e+00
      vertex  8.231953e+01  2.735378e+01 -5.000000e+00
    endloop
  endfacet
  facet normal  0.000000e+00  0.000000e+00 -1.000000e+00
    outer loop
      vertex  1.301651e+01 -7.097093e+01 -5.000000e+00
      vertex  6.675628e+00 -6.875216e+01 -5.000000e+00
      vertex  3.709589e+01 -6.936274e+01 -5.000000e+00
    endloop
  endfacet
  facet normal  0.000000e+00  0.000000e+00 -9.999999e-01
    outer loop
      vertex  3.709589e+01 -6.936274e+01 -5.000000e+00
      vertex  6.675628e+00 -6.875216e+01 -5.000000e+00
      vertex  8.498309e-15 -6.800000e+01 -5.000000e+00
    endloop
  endfacet
  facet normal  0.000000e+00  0.000000e+00 -1.000000e+00
    outer loop
      vertex  3.709589e+01 -6.936274e+01 -5.000000e+00
      vertex  8.498309e-15 -6.800000e+01 -5.000000e+00
      vertex  4.195300e+01 -6.028986e+01 -5.000000e+00
    endloop
  endfacet
  facet normal  0.000000e+00  0.000000e+00 -1.000000e+00
    outer loop
      vertex  2.345494e+01 -7.929530e+01 -5.000000e+00
      vertex  1.870469e+01 -7.454506e+01 -5.000000e+00
      vertex  3.344370e+01 -7.898406e+01 -5.000000e+00
    endloop
  endfacet
  facet normal  0.000000e+00  0.000000e+00 -1.000000e+00
    outer loop
      vertex  3.344370e+01 -7.898406e+01 -5.000000e+00
      vertex  1.870469e+01 -7.454506e+01 -5.000000e+00
      vertex  1.301651e+01 -7.097093e+01 -5.000000e+00
    endloop
  endfacet
  facet normal  0.000000e+00  0.000000e+00 -1.000000e+00
    outer loop
      vertex  3.344370e+01 -7.898406e+01 -5.000000e+00
      vertex  1.301651e+01 -7.097093e+01 -5.000000e+00
      vertex  3.709589e+01 -6.936274e+01 -5.000000e+00
    endloop
  endfacet
  facet normal  0.000000e+00  0.000000e+00 -1.000000e+00
    outer loop
      vertex  2.924784e+01 -9.132437e+01 -5.000000e+00
      vertex  2.702907e+01 -8.498349e+01 -5.000000e+00
      vertex  3.105684e+01 -8.899463e+01 -5.000000e+00
    endloop
  endfacet
  facet normal  0.000000e+00  0.000000e+00 -1.000000e+00
    outer loop
      vertex  3.105684e+01 -8.899463e+01 -5.000000e+00
      vertex  2.702907e+01 -8.498349e+01 -5.000000e+00
      vertex  2.345494e+01 -7.929530e+01 -5.000000e+00
    endloop
  endfacet
  facet normal  0.000000e+00  0.000000e+00 -1.000000e+00
    outer loop
      vertex  3.105684e+01 -8.899463e+01 -5.000000e+00
      vertex  2.345494e+01 -7.929530e+01 -5.000000e+00
      vertex  3.344370e+01 -7.898406e+01 -5.000000e+00
    endloop
  endfacet
  facet normal  0.000000e+00  0.000000e+00  1.000000e+00
    outer loop
      vertex -3.000000e+01 -9.800000e+01  5.000000e+00
      vertex -3.105684e+01 -8.899463e+01  5.000000e+00
      vertex -2.997482e+01 -9.922877e+01  5.000000e+00
    endloop
  endfacet
  facet normal  0.000000e+00  0.000000e+00  1.000000e+00
    outer loop
      vertex -3.000000e+01 -9.800000e+01  5.000000e+00
      vertex -2.924784e+01 -9.132437e+01  5.000000e+00
      vertex -3.105684e+01 -8.899463e+01  5.000000e+00
    endloop
  endfacet
  facet normal  0.000000e+00  0.000000e+00  1.000000e+00
    outer loop
      vertex  3.000000e+01 -9.800000e+01  5.000000e+00
      vertex  3.105684e+01 -8.899463e+01  5.000000e+00
      vertex  2.924784e+01 -9.132437e+01  5.000000e+00
    endloop
  endfacet
  facet normal  0.000000e+00  0.000000e+00  1.000000e+00
    outer loop
      vertex  3.000000e+01 -9.800000e+01  5.000000e+00
      vertex  2.997482e+01 -9.922877e+01  5.000000e+00
      vertex  3.105684e+01 -8.899463e+01  5.000000e+00
    endloop
  endfacet
  facet normal  -0.000000e+00  0.000000e+00  9.999999e-01
    outer loop
      vertex  8.088392e+01 -2.795604e+01  5.000000e+00
      vertex  7.464571e+01 -2.963811e+01  5.000000e+00
      vertex  7.155389e+01 -3.229876e+01  5.000000e+00
    endloop
  endfacet
  facet normal  0.000000e+00  0.000000e+00  1.000000e+00
    outer loop
      vertex  7.155389e+01 -3.229876e+01  5.000000e+00
      vertex  7.464571e+01 -2.963811e+01  5.000000e+00
      vertex  6.819204e+01 -2.994547e+01  5.000000e+00
    endloop
  endfacet
  facet normal  -0.000000e+00  0.000000e+00  1.000000e+00
    outer loop
      vertex  7.471693e+01  8.324856e+01  5.000000e+00
      vertex  7.302776e+01  7.726745e+01  5.000000e+00
      vertex  7.384351e+01  7.352060e+01  5.000000e+00
    endloop
  endfacet
  facet normal  0.000000e+00  0.000000e+00  1.000000e+00
    outer loop
      vertex  7.302776e+01  7.726745e+01  5.000000e+00
      vertex  6.991538e+01  7.188784e+01  5.000000e+00
      vertex  7.384351e+01  7.352060e+01  5.000000e+00
    endloop
  endfacet
  facet normal  0.000000e+00  0.000000e+00  1.000000e+00
    outer loop
      vertex -8.802923e+01  2.397805e+01  5.000000e+00
      vertex -8.231953e+01  2.735378e+01  5.000000e+00
      vertex -8.699778e+01  2.724417e+01  5.000000e+00
    endloop
  endfacet
  facet normal  0.000000e+00  -0.000000e+00  1.000000e+00
    outer loop
      vertex -9.285757e+01  1.943016e+01  5.000000e+00
      vertex -8.802923e+01  2.397805e+01  5.000000e+00
      vertex -8.699778e+01  2.724417e+01  5.000000e+00
    endloop
  endfacet
  facet normal  -0.000000e+00  0.000000e+00  1.000000e+00
    outer loop
      vertex -2.702907e+01 -8.498349e+01  5.000000e+00
      vertex -3.105684e+01 -8.899463e+01  5.000000e+00
      vertex -2.924784e+01 -9.132437e+01  5.000000e+00
    endloop
  endfacet
  facet normal  0.000000e+00  -0.000000e+00  1.000000e+00
    outer loop
      vertex -7.471693e+01  8.324856e+01  5.000000e+00
      vertex -7.384351e+01  7.352060e+01  5.000000e+00
      vertex -7.302776e+01  7.726745e+01  5.000000e+00
    endloop
  endfacet
  facet normal  -0.000000e+00  0.000000e+00  1.000000e+00
    outer loop
      vertex -7.302776e+01  7.726745e+01  5.000000e+00
      vertex -7.384351e+01  7.352060e+01  5.000000e+00
      vertex -6.991538e+01  7.188784e+01  5.000000e+00
    endloop
  endfacet
  facet normal  0.000000e+00  0.000000e+00  9.999999e-01
    outer loop
      vertex -7.566782e+01  5.410839e+01  5.000000e+00
      vertex -4.811895e+01  6.207087e+01  5.000000e+00
      vertex -5.432645e+01  6.237721e+01  5.000000e+00
    endloop
  endfacet
  facet normal  0.000000e+00  0.000000e+00  9.999999e-01
    outer loop
      vertex -8.088392e+01 -2.795604e+01  5.000000e+00
      vertex -7.155389e+01 -3.229876e+01  5.000000e+00
      vertex -7.464571e+01 -2.963811e+01  5.000000e+00
    endloop
  endfacet
  facet normal  0.000000e+00  0.000000e+00  1.000000e+00
    outer loop
      vertex -7.155389e+01 -3.229876e+01  5.000000e+00
      vertex -6.819204e+01 -2.994547e+01  5.000000e+00
      vertex -7.464571e+01 -2.963811e+01  5.000000e+00
    endloop
  endfacet
  facet normal  0.000000e+00  0.000000e+00  1.000000e+00
    outer loop
      vertex  8.699778e+01  2.724417e+01  5.000000e+00
      vertex  8.231953e+01  2.735378e+01  5.000000e+00
      vertex  8.802923e+01  2.397805e+01  5.000000e+00
    endloop
  endfacet
  facet normal  0.000000e+00  0.000000e+00  1.000000e+00
    outer loop
      vertex  9.285757e+01  1.943016e+01  5.000000e+00
      vertex  8.699778e+01  2.724417e+01  5.000000e+00
      vertex  8.802923e+01  2.397805e+01  5.000000e+00
    endloop
  endfacet
  facet normal  0.000000e+00  0.000000e+00  1.000000e+00
    outer loop
      vertex  2.727369e+01  9.741703e+01  5.000000e+00
      vertex  3.001781e+01  1.020237e+02  5.000000e+00
      vertex  1.964956e+01  1.017816e+02  5.000000e+00
    endloop
  endfacet
  facet normal  0.000000e+00  0.000000e+00  1.000000e+00
    outer loop
      vertex  2.727369e+01  9.741703e+01  5.000000e+00
      vertex  1.964956e+01  1.017816e+02  5.000000e+00
      vertex  9.900896e+00  9.994596e+01  5.000000e+00
    endloop
  endfacet
  facet normal  0.000000e+00  0.000000e+00  1.000000e+00
    outer loop
      vertex  2.727369e+01  9.741703e+01  5.000000e+00
      vertex  9.900896e+00  9.994596e+01  5.000000e+00
      vertex -1.469576e-14  9.933092e+01  5.000000e+00
    endloop
  endfacet
  facet normal  0.000000e+00  0.000000e+00  9.999999e-01
    outer loop
      vertex  2.727369e+01  9.741703e+01  5.000000e+00
      vertex -1.469576e-14  9.933092e+01  5.000000e+00
      vertex -2.727369e+01  9.741703e+01  5.000000e+00
    endloop
  endfacet
  facet normal  -0.000000e+00  0.000000e+00  1.000000e+00
    outer loop
      vertex  2.727369e+01  9.741703e+01  5.000000e+00
      vertex -2.727369e+01  9.741703e+01  5.000000e+00
      vertex -2.557504e+01  9.233114e+01  5.000000e+00
    endloop
  endfacet
  facet normal  0.000000e+00  0.000000e+00  1.000000e+00
    outer loop
      vertex  2.727369e+01  9.741703e+01  5.000000e+00
      vertex -2.557504e+01  9.233114e+01  5.000000e+00
      vertex  2.557504e+01  9.233114e+01  5.000000e+00
    endloop
  endfacet
  facet normal  0.000000e+00  0.000000e+00  9.999999e-01
    outer loop
      vertex -7.416206e+01  6.375871e+01  5.000000e+00
      vertex -7.566782e+01  5.410839e+01  5.000000e+00
      vertex -5.432645e+01  6.237721e+01  5.000000e+00
    endloop
  endfacet
  facet normal  0.000000e+00  0.000000e+00  1.000000e+00
    outer loop
      vertex -7.416206e+01  6.375871e+01  5.000000e+00
      vertex -5.432645e+01  6.237721e+01  5.000000e+00
      vertex -6.026657e+01  6.420532e+01  5.000000e+00
    endloop
  endfacet
  facet normal  0.000000e+00  0.000000e+00  1.000000e+00
    outer loop
      vertex -7.416206e+01  6.375871e+01  5.000000e+00
      vertex -6.026657e+01  6.420532e+01  5.000000e+00
      vertex -6.557218e+01  6.744221e+01  5.000000e+00
    endloop
  endfacet
  facet normal  0.000000e+00  0.000000e+00  1.000000e+00
    outer loop
      vertex -7.416206e+01  6.375871e+01  5.000000e+00
      vertex -6.557218e+01  6.744221e+01  5.000000e+00
      vertex -6.991538e+01  7.188784e+01  5.000000e+00
    endloop
  endfacet
  facet normal  0.000000e+00  0.000000e+00  1.000000e+00
    outer loop
      vertex -7.416206e+01  6.375871e+01  5.000000e+00
      vertex -6.991538e+01  7.188784e+01  5.000000e+00
      vertex -7.384351e+01  7.352060e+01  5.000000e+00
    endloop
  endfacet
  facet normal  0.000000e+00  0.000000e+00  1.000000e+00
    outer loop
      vertex -2.727369e+01  9.741703e+01  5.000000e+00
      vertex -1.469576e-14  9.933092e+01  5.000000e+00
      vertex -9.900896e+00  9.994596e+01  5.000000e+00
    endloop
  endfacet
  facet normal  0.000000e+00  0.000000e+00  1.000000e+00
    outer loop
      vertex -2.727369e+01  9.741703e+01  5.000000e+00
      vertex -9.900896e+00  9.994596e+01  5.000000e+00
      vertex -1.964956e+01  1.017816e+02  5.000000e+00
    endloop
  endfacet
  facet normal  0.000000e+00  0.000000e+00  1.000000e+00
    outer loop
      vertex -2.727369e+01  9.741703e+01  5.000000e+00
      vertex -1.964956e+01  1.017816e+02  5.000000e+00
      vertex -3.001781e+01  1.020237e+02  5.000000e+00
    endloop
  endfacet
  facet normal  -0.000000e+00  0.000000e+00  1.000000e+00
    outer loop
      vertex  7.384351e+01  7.352060e+01  5.000000e+00
      vertex  6.991538e+01  7.188784e+01  5.000000e+00
      vertex  7.416206e+01  6.375871e+01  5.000000e+00
    endloop
  endfacet
  facet normal  0.000000e+00  0.000000e+00  1.000000e+00
    outer loop
      vertex  7.416206e+01  6.375871e+01  5.000000e+00
      vertex  6.991538e+01  7.188784e+01  5.000000e+00
      vertex  6.557218e+01  6.744221e+01  5.000000e+00
    endloop
  endfacet
  facet normal  0.000000e+00  0.000000e+00  1.000000e+00
    outer loop
      vertex  7.416206e+01  6.375871e+01  5.000000e+00
      vertex  6.557218e+01  6.744221e+01  5.000000e+00
      vertex  6.026657e+01  6.420532e+01  5.000000e+00
    endloop
  endfacet
  facet normal  0.000000e+00  0.000000e+00  1.000000e+00
    outer loop
      vertex  7.416206e+01  6.375871e+01  5.000000e+00
      vertex  6.026657e+01  6.420532e+01  5.000000e+00
      vertex  7.566782e+01  5.410839e+01  5.000000e+00
    endloop
  endfacet
  facet normal  0.000000e+00  0.000000e+00  1.000000e+00
    outer loop
      vertex  7.566782e+01  5.410839e+01  5.000000e+00
      vertex  6.026657e+01  6.420532e+01  5.000000e+00
      vertex  5.432645e+01  6.237721e+01  5.000000e+00
    endloop
  endfacet
  facet normal  0.000000e+00  0.000000e+00  9.999999e-01
    outer loop
      vertex  7.566782e+01  5.410839e+01  5.000000e+00
      vertex  5.432645e+01  6.237721e+01  5.000000e+00
      vertex  4.811895e+01  6.207087e+01  5.000000e+00
    endloop
  endfacet
  facet normal  0.000000e+00  -0.000000e+00  1.000000e+00
    outer loop
      vertex -8.699778e+01  2.724417e+01  5.000000e+00
      vertex -8.231953e+01  2.735378e+01  5.000000e+00
      vertex -8.213387e+01  3.571403e+01  5.000000e+00
    endloop
  endfacet
  facet normal  0.000000e+00  0.000000e+00  1.000000e+00
    outer loop
      vertex -8.213387e+01  3.571403e+01  5.000000e+00
      vertex -8.231953e+01  2.735378e+01  5.000000e+00
      vertex -7.600760e+01  2.939232e+01  5.000000e+00
    endloop
  endfacet
  facet normal  0.000000e+00  -0.000000e+00  1.000000e+00
    outer loop
      vertex -8.213387e+01  3.571403e+01  5.000000e+00
      vertex -7.600760e+01  2.939232e+01  5.000000e+00
      vertex -6.940199e+01  2.999404e+01  5.000000e+00
    endloop
  endfacet
  facet normal  0.000000e+00  0.000000e+00  1.000000e+00
    outer loop
      vertex  1.964956e+01  1.017816e+02  5.000000e+00
      vertex  3.001781e+01  1.020237e+02  5.000000e+00
      vertex  2.909609e+01  1.048097e+02  5.000000e+00
    endloop
  endfacet
  facet normal  -0.000000e+00  0.000000e+00  1.000000e+00
    outer loop
      vertex  2.909609e+01  1.048097e+02  5.000000e+00
      vertex  3.001781e+01  1.020237e+02  5.000000e+00
      vertex  3.368117e+01  1.059393e+02  5.000000e+00
    endloop
  endfacet
  facet normal  0.000000e+00  -0.000000e+00  1.000000e+00
    outer loop
      vertex  2.909609e+01  1.048097e+02  5.000000e+00
      vertex  3.368117e+01  1.059393e+02  5.000000e+00
      vertex  3.809524e+01  1.089836e+02  5.000000e+00
    endloop
  endfacet
  facet normal  -0.000000e+00  0.000000e+00  1.000000e+00
    outer loop
      vertex  2.557504e+01  9.233114e+01  5.000000e+00
      vertex -2.557504e+01  9.233114e+01  5.000000e+00
      vertex  2.500000e+01  8.700000e+01  5.000000e+00
    endloop
  endfacet
  facet normal  0.000000e+00  0.000000e+00  1.000000e+00
    outer loop
      vertex  2.500000e+01  8.700000e+01  5.000000e+00
      vertex -2.557504e+01  9.233114e+01  5.000000e+00
      vertex -2.500000e+01  8.700000e+01  5.000000e+00
    endloop
  endfacet
  facet normal  -0.000000e+00  0.000000e+00  1.000000e+00
    outer loop
      vertex  2.500000e+01  8.700000e+01  5.000000e+00
      vertex -2.500000e+01  8.700000e+01  5.000000e+00
      vertex  2.577254e+01  8.083314e+01  5.000000e+00
    endloop
  endfacet
  facet normal  0.000000e+00  0.000000e+00  1.000000e+00
    outer loop
      vertex  2.577254e+01  8.083314e+01  5.000000e+00
      vertex -2.500000e+01  8.700000e+01  5.000000e+00
      vertex -2.577254e+01  8.083314e+01  5.000000e+00
    endloop
  endfacet
  facet normal  -0.000000e+00  0.000000e+00  1.000000e+00
    outer loop
      vertex  2.577254e+01  8.083314e+01  5.000000e+00
      vertex -2.577254e+01  8.083314e+01  5.000000e+00
      vertex  2.804241e+01  7.504741e+01  5.000000e+00
    endloop
  endfacet
  facet normal  0.000000e+00  0.000000e+00  1.000000e+00
    outer loop
      vertex  2.804241e+01  7.504741e+01  5.000000e+00
      vertex -2.577254e+01  8.083314e+01  5.000000e+00
      vertex -2.804241e+01  7.504741e+01  5.000000e+00
    endloop
  endfacet
  facet normal  -0.000000e+00  0.000000e+00  1.000000e+00
    outer loop
      vertex  2.804241e+01  7.504741e+01  5.000000e+00
      vertex -2.804241e+01  7.504741e+01  5.000000e+00
      vertex  3.166934e+01  7.000039e+01  5.000000e+00
    endloop
  endfacet
  facet normal  0.000000e+00  0.000000e+00  1.000000e+00
    outer loop
      vertex  3.166934e+01  7.000039e+01  5.000000e+00
      vertex -2.804241e+01  7.504741e+01  5.000000e+00
      vertex -3.166934e+01  7.000039e+01  5.000000e+00
    endloop
  endfacet
  facet normal  -0.000000e+00  0.000000e+00  1.000000e+00
    outer loop
      vertex  3.166934e+01  7.000039e+01  5.000000e+00
      vertex -3.166934e+01  7.000039e+01  5.000000e+00
      vertex  3.642915e+01  6.600400e+01  5.000000e+00
    endloop
  endfacet
  facet normal  0.000000e+00  0.000000e+00  1.000000e+00
    outer loop
      vertex  3.642915e+01  6.600400e+01  5.000000e+00
      vertex -3.166934e+01  7.000039e+01  5.000000e+00
      vertex -3.642915e+01  6.600400e+01  5.000000e+00
    endloop
  endfacet
  facet normal  -0.000000e+00  0.000000e+00  1.000000e+00
    outer loop
      vertex  3.642915e+01  6.600400e+01  5.000000e+00
      vertex -3.642915e+01  6.600400e+01  5.000000e+00
      vertex  4.202769e+01  6.330523e+01  5.000000e+00
    endloop
  endfacet
  facet normal  0.000000e+00  0.000000e+00  1.000000e+00
    outer loop
      vertex  4.202769e+01  6.330523e+01  5.000000e+00
      vertex -3.642915e+01  6.600400e+01  5.000000e+00
      vertex -4.202769e+01  6.330523e+01  5.000000e+00
    endloop
  endfacet
  facet normal  -0.000000e+00  0.000000e+00  9.999999e-01
    outer loop
      vertex  4.202769e+01  6.330523e+01  5.000000e+00
      vertex -4.202769e+01  6.330523e+01  5.000000e+00
      vertex  4.811895e+01  6.207087e+01  5.000000e+00
    endloop
  endfacet
  facet normal  0.000000e+00  0.000000e+00  1.000000e+00
    outer loop
      vertex  4.811895e+01  6.207087e+01  5.000000e+00
      vertex -4.202769e+01  6.330523e+01  5.000000e+00
      vertex -4.811895e+01  6.207087e+01  5.000000e+00
    endloop
  endfacet
  facet normal  -0.000000e+00  0.000000e+00  1.000000e+00
    outer loop
      vertex  4.811895e+01  6.207087e+01  5.000000e+00
      vertex -4.811895e+01  6.207087e+01  5.000000e+00
      vertex  7.566782e+01  5.410839e+01  5.000000e+00
    endloop
  endfacet
  facet normal  0.000000e+00  0.000000e+00  1.000000e+00
    outer loop
      vertex  7.566782e+01  5.410839e+01  5.000000e+00
      vertex -4.811895e+01  6.207087e+01  5.000000e+00
      vertex -7.566782e+01  5.410839e+01  5.000000e+00
    endloop
  endfacet
  facet normal  -0.000000e+00  0.000000e+00  1.000000e+00
    outer loop
      vertex  7.566782e+01  5.410839e+01  5.000000e+00
      vertex -7.566782e+01  5.410839e+01  5.000000e+00
      vertex  7.833836e+01  4.471348e+01  5.000000e+00
    endloop
  endfacet
  facet normal  0.000000e+00  0.000000e+00  1.000000e+00
    outer loop
      vertex  7.833836e+01  4.471348e+01  5.000000e+00
      vertex -7.566782e+01  5.410839e+01  5.000000e+00
      vertex -7.833836e+01  4.471348e+01  5.000000e+00
    endloop
  endfacet
  facet normal  -0.000000e+00  0.000000e+00  1.000000e+00
    outer loop
      vertex  7.833836e+01  4.471348e+01  5.000000e+00
      vertex -7.833836e+01  4.471348e+01  5.000000e+00
      vertex  8.213387e+01  3.571403e+01  5.000000e+00
    endloop
  endfacet
  facet normal  0.000000e+00  0.000000e+00  1.000000e+00
    outer loop
      vertex  8.213387e+01  3.571403e+01  5.000000e+00
      vertex -7.833836e+01  4.471348e+01  5.000000e+00
      vertex -8.213387e+01  3.571403e+01  5.000000e+00
    endloop
  endfacet
  facet normal  -0.000000e+00  0.000000e+00  1.000000e+00
    outer loop
      vertex  8.213387e+01  3.571403e+01  5.000000e+00
      vertex -8.213387e+01  3.571403e+01  5.000000e+00
      vertex  6.940199e+01  2.999404e+01  5.000000e+00
    endloop
  endfacet
  facet normal  0.000000e+00  0.000000e+00  9.999999e-01
    outer loop
      vertex  6.940199e+01  2.999404e+01  5.000000e+00
      vertex -8.213387e+01  3.571403e+01  5.000000e+00
      vertex -6.940199e+01  2.999404e+01  5.000000e+00
    endloop
  endfacet
  facet normal  -0.000000e+00  0.000000e+00  1.000000e+00
    outer loop
      vertex  6.940199e+01  2.999404e+01  5.000000e+00
      vertex -6.940199e+01  2.999404e+01  5.000000e+00
      vertex  6.282560e+01  2.912951e+01  5.000000e+00
    endloop
  endfacet
  facet normal  0.000000e+00  0.000000e+00  1.000000e+00
    outer loop
      vertex  6.282560e+01  2.912951e+01  5.000000e+00
      vertex -6.940199e+01  2.999404e+01  5.000000e+00
      vertex -6.282560e+01  2.912951e+01  5.000000e+00
    endloop
  endfacet
  facet normal  -0.000000e+00  0.000000e+00  1.000000e+00
    outer loop
      vertex  6.282560e+01  2.912951e+01  5.000000e+00
      vertex -6.282560e+01  2.912951e+01  5.000000e+00
      vertex  5.659994e+01  2.684098e+01  5.000000e+00
    endloop
  endfacet
  facet normal  0.000000e+00  0.000000e+00  1.000000e+00
    outer loop
      vertex  5.659994e+01  2.684098e+01  5.000000e+00
      vertex -6.282560e+01  2.912951e+01  5.000000e+00
      vertex -5.659994e+01  2.684098e+01  5.000000e+00
    endloop
  endfacet
  facet normal  -0.000000e+00  0.000000e+00  9.999999e-01
    outer loop
      vertex  5.659994e+01  2.684098e+01  5.000000e+00
      vertex -5.659994e+01  2.684098e+01  5.000000e+00
      vertex  5.102934e+01  2.324035e+01  5.000000e+00
    endloop
  endfacet
  facet normal  0.000000e+00  0.000000e+00  9.999999e-01
    outer loop
      vertex  5.102934e+01  2.324035e+01  5.000000e+00
      vertex -5.659994e+01  2.684098e+01  5.000000e+00
      vertex -5.102934e+01  2.324035e+01  5.000000e+00
    endloop
  endfacet
  facet normal  -0.000000e+00  0.000000e+00  1.000000e+00
    outer loop
      vertex  5.102934e+01  2.324035e+01  5.000000e+00
      vertex -5.102934e+01  2.324035e+01  5.000000e+00
      vertex  4.638611e+01  1.850362e+01  5.000000e+00
    endloop
  endfacet
  facet normal  0.000000e+00  0.000000e+00  1.000000e+00
    outer loop
      vertex  4.638611e+01  1.850362e+01  5.000000e+00
      vertex -5.102934e+01  2.324035e+01  5.000000e+00
      vertex -4.638611e+01  1.850362e+01  5.000000e+00
    endloop
  endfacet
  facet normal  -0.000000e+00  0.000000e+00  1.000000e+00
    outer loop
      vertex  4.638611e+01  1.850362e+01  5.000000e+00
      vertex -4.638611e+01  1.850362e+01  5.000000e+00
      vertex  4.289723e+01  1.286235e+01  5.000000e+00
    endloop
  endfacet
  facet normal  0.000000e+00  0.000000e+00  1.000000e+00
    outer loop
      vertex  4.289723e+01  1.286235e+01  5.000000e+00
      vertex -4.638611e+01  1.850362e+01  5.000000e+00
      vertex -4.289723e+01  1.286235e+01  5.000000e+00
    endloop
  endfacet
  facet normal  -0.000000e+00  0.000000e+00  1.000000e+00
    outer loop
      vertex  4.289723e+01  1.286235e+01  5.000000e+00
      vertex -4.289723e+01  1.286235e+01  5.000000e+00
      vertex  4.073327e+01  6.592307e+00  5.000000e+00
    endloop
  endfacet
  facet normal  0.000000e+00  0.000000e+00  9.999999e-01
    outer loop
      vertex  4.073327e+01  6.592307e+00  5.000000e+00
      vertex -4.289723e+01  1.286235e+01  5.000000e+00
      vertex -4.073327e+01  6.592307e+00  5.000000e+00
    endloop
  endfacet
  facet normal  -0.000000e+00  0.000000e+00  1.000000e+00
    outer loop
      vertex  4.073327e+01  6.592307e+00  5.000000e+00
      vertex -4.073327e+01  6.592307e+00  5.000000e+00
      vertex  4.000000e+01  1.699662e-14  5.000000e+00
    endloop
  endfacet
  facet normal  0.000000e+00  0.000000e+00  1.000000e+00
    outer loop
      vertex  4.000000e+01  1.699662e-14  5.000000e+00
      vertex -4.073327e+01  6.592307e+00  5.000000e+00
      vertex -4.000000e+01 -3.399323e-14  5.000000e+00
    endloop
  endfacet
  facet normal  -0.000000e+00  0.000000e+00  1.000000e+00
    outer loop
      vertex  4.000000e+01  1.699662e-14  5.000000e+00
      vertex -4.000000e+01 -3.399323e-14  5.000000e+00
      vertex  4.069574e+01 -6.423426e+00  5.000000e+00
    endloop
  endfacet
  facet normal  0.000000e+00  0.000000e+00  1.000000e+00
    outer loop
      vertex  4.069574e+01 -6.423426e+00  5.000000e+00
      vertex -4.000000e+01 -3.399323e-14  5.000000e+00
      vertex -4.069574e+01 -6.423426e+00  5.000000e+00
    endloop
  endfacet
  facet normal  -0.000000e+00  0.000000e+00  1.000000e+00
    outer loop
      vertex  4.069574e+01 -6.423426e+00  5.000000e+00
      vertex -4.069574e+01 -6.423426e+00  5.000000e+00
      vertex  4.275069e+01 -1.254892e+01  5.000000e+00
    endloop
  endfacet
  facet normal  0.000000e+00  0.000000e+00  1.000000e+00
    outer loop
      vertex  4.275069e+01 -1.254892e+01  5.000000e+00
      vertex -4.069574e+01 -6.423426e+00  5.000000e+00
      vertex -4.275069e+01 -1.254892e+01  5.000000e+00
    endloop
  endfacet
  facet normal  -0.000000e+00  0.000000e+00  9.999999e-01
    outer loop
      vertex  4.275069e+01 -1.254892e+01  5.000000e+00
      vertex -4.275069e+01 -1.254892e+01  5.000000e+00
      vertex  4.606954e+01 -1.809235e+01  5.000000e+00
    endloop
  endfacet
  facet normal  0.000000e+00  0.000000e+00  1.000000e+00
    outer loop
      vertex  4.606954e+01 -1.809235e+01  5.000000e+00
      vertex -4.275069e+01 -1.254892e+01  5.000000e+00
      vertex -4.606954e+01 -1.809235e+01  5.000000e+00
    endloop
  endfacet
  facet normal  -0.000000e+00  0.000000e+00  9.999999e-01
    outer loop
      vertex  4.606954e+01 -1.809235e+01  5.000000e+00
      vertex -4.606954e+01 -1.809235e+01  5.000000e+00
      vertex  5.049835e+01 -2.279662e+01  5.000000e+00
    endloop
  endfacet
  facet normal  0.000000e+00  0.000000e+00  1.000000e+00
    outer loop
      vertex  5.049835e+01 -2.279662e+01  5.000000e+00
      vertex -4.606954e+01 -1.809235e+01  5.000000e+00
      vertex -5.049835e+01 -2.279662e+01  5.000000e+00
    endloop
  endfacet
  facet normal  -0.000000e+00  0.000000e+00  9.999999e-01
    outer loop
      vertex  5.049835e+01 -2.279662e+01  5.000000e+00
      vertex -5.049835e+01 -2.279662e+01  5.000000e+00
      vertex  5.583170e+01 -2.644351e+01  5.000000e+00
    endloop
  endfacet
  facet normal  0.000000e+00  0.000000e+00  1.000000e+00
    outer loop
      vertex  5.583170e+01 -2.644351e+01  5.000000e+00
      vertex -5.049835e+01 -2.279662e+01  5.000000e+00
      vertex -5.583170e+01 -2.644351e+01  5.000000e+00
    endloop
  endfacet
  facet normal  -0.000000e+00  0.000000e+00  1.000000e+00
    outer loop
      vertex  5.583170e+01 -2.644351e+01  5.000000e+00
      vertex -5.583170e+01 -2.644351e+01  5.000000e+00
      vertex  6.182222e+01 -2.886388e+01  5.000000e+00
    endloop
  endfacet
  facet normal  0.000000e+00  0.000000e+00  1.000000e+00
    outer loop
      vertex  6.182222e+01 -2.886388e+01  5.000000e+00
      vertex -5.583170e+01 -2.644351e+01  5.000000e+00
      vertex -6.182222e+01 -2.886388e+01  5.000000e+00
    endloop
  endfacet
  facet normal  -0.000000e+00  0.000000e+00  1.000000e+00
    outer loop
      vertex  6.182222e+01 -2.886388e+01  5.000000e+00
      vertex -6.182222e+01 -2.886388e+01  5.000000e+00
      vertex  6.819204e+01 -2.994547e+01  5.000000e+00
    endloop
  endfacet
  facet normal  0.000000e+00  0.000000e+00  1.000000e+00
    outer loop
      vertex  6.819204e+01 -2.994547e+01  5.000000e+00
      vertex -6.182222e+01 -2.886388e+01  5.000000e+00
      vertex -6.819204e+01 -2.994547e+01  5.000000e+00
    endloop
  endfacet
  facet normal  -0.000000e+00  0.000000e+00  1.000000e+00
    outer loop
      vertex  6.819204e+01 -2.994547e+01  5.000000e+00
      vertex -6.819204e+01 -2.994547e+01  5.000000e+00
      vertex  7.155389e+01 -3.229876e+01  5.000000e+00
    endloop
  endfacet
  facet normal  0.000000e+00  0.000000e+00  1.000000e+00
    outer loop
      vertex  7.155389e+01 -3.229876e+01  5.000000e+00
      vertex -6.819204e+01 -2.994547e+01  5.000000e+00
      vertex -7.155389e+01 -3.229876e+01  5.000000e+00
    endloop
  endfacet
  facet normal  -0.000000e+00  0.000000e+00  1.000000e+00
    outer loop
      vertex  7.155389e+01 -3.229876e+01  5.000000e+00
      vertex -7.155389e+01 -3.229876e+01  5.000000e+00
      vertex  6.285855e+01 -3.780326e+01  5.000000e+00
    endloop
  endfacet
  facet normal  0.000000e+00  0.000000e+00  1.000000e+00
    outer loop
      vertex  6.285855e+01 -3.780326e+01  5.000000e+00
      vertex -7.155389e+01 -3.229876e+01  5.000000e+00
      vertex -6.285855e+01 -3.780326e+01  5.000000e+00
    endloop
  endfacet
  facet normal  -0.000000e+00  0.000000e+00  1.000000e+00
    outer loop
      vertex  6.285855e+01 -3.780326e+01  5.000000e+00
      vertex -6.285855e+01 -3.780326e+01  5.000000e+00
      vertex  5.494180e+01 -4.437847e+01  5.000000e+00
    endloop
  endfacet
  facet normal  0.000000e+00  0.000000e+00  1.000000e+00
    outer loop
      vertex  5.494180e+01 -4.437847e+01  5.000000e+00
      vertex -6.285855e+01 -3.780326e+01  5.000000e+00
      vertex -5.494180e+01 -4.437847e+01  5.000000e+00
    endloop
  endfacet
  facet normal  -0.000000e+00  0.000000e+00  1.000000e+00
    outer loop
      vertex  5.494180e+01 -4.437847e+01  5.000000e+00
      vertex -5.494180e+01 -4.437847e+01  5.000000e+00
      vertex  4.793463e+01 -5.191558e+01  5.000000e+00
    endloop
  endfacet
  facet normal  0.000000e+00  0.000000e+00  9.999999e-01
    outer loop
      vertex  4.793463e+01 -5.191558e+01  5.000000e+00
      vertex -5.494180e+01 -4.437847e+01  5.000000e+00
      vertex -4.793463e+01 -5.191558e+01  5.000000e+00
    endloop
  endfacet
  facet normal  -0.000000e+00  0.000000e+00  9.999999e-01
    outer loop
      vertex  4.793463e+01 -5.191558e+01  5.000000e+00
      vertex -4.793463e+01 -5.191558e+01  5.000000e+00
      vertex  4.195300e+01 -6.028986e+01  5.000000e+00
    endloop
  endfacet
  facet normal  0.000000e+00  0.000000e+00  1.000000e+00
    outer loop
      vertex  4.195300e+01 -6.028986e+01  5.000000e+00
      vertex -4.793463e+01 -5.191558e+01  5.000000e+00
      vertex -4.195300e+01 -6.028986e+01  5.000000e+00
    endloop
  endfacet
  facet normal  -0.000000e+00  0.000000e+00  1.000000e+00
    outer loop
      vertex  4.195300e+01 -6.028986e+01  5.000000e+00
      vertex -4.195300e+01 -6.028986e+01  5.000000e+00
      vertex  8.498309e-15 -6.800000e+01  5.000000e+00
    endloop
  endfacet
  facet normal  0.000000e+00  0.000000e+00  1.000000e+00
    outer loop
      vertex  8.498309e-15 -6.800000e+01  5.000000e+00
      vertex -4.195300e+01 -6.028986e+01  5.000000e+00
      vertex -3.709589e+01 -6.936274e+01  5.000000e+00
    endloop
  endfacet
  facet normal  0.000000e+00  0.000000e+00  9.999999e-01
    outer loop
      vertex  8.498309e-15 -6.800000e+01  5.000000e+00
      vertex -3.709589e+01 -6.936274e+01  5.000000e+00
      vertex -6.675628e+00 -6.875216e+01  5.000000e+00
    endloop
  endfacet
  facet normal  0.000000e+00  0.000000e+00  9.999999e-01
    outer loop
      vertex -3.344370e+01 -7.898406e+01  5.000000e+00
      vertex -1.870469e+01 -7.454506e+01  5.000000e+00
      vertex -3.709589e+01 -6.936274e+01  5.000000e+00
    endloop
  endfacet
  facet normal  0.000000e+00  0.000000e+00  1.000000e+00
    outer loop
      vertex -3.709589e+01 -6.936274e+01  5.000000e+00
      vertex -1.870469e+01 -7.454506e+01  5.000000e+00
      vertex -1.301651e+01 -7.097093e+01  5.000000e+00
    endloop
  endfacet
  facet normal  0.000000e+00  -0.000000e+00  1.000000e+00
    outer loop
      vertex -3.709589e+01 -6.936274e+01  5.000000e+00
      vertex -1.301651e+01 -7.097093e+01  5.000000e+00
      vertex -6.675628e+00 -6.875216e+01  5.000000e+00
    endloop
  endfacet
  facet normal  0.000000e+00  0.000000e+00  1.000000e+00
    outer loop
      vertex -3.105684e+01 -8.899463e+01  5.000000e+00
      vertex -2.702907e+01 -8.498349e+01  5.000000e+00
      vertex -3.344370e+01 -7.898406e+01  5.000000e+00
    endloop
  endfacet
  facet normal  0.000000e+00  0.000000e+00  1.000000e+00
    outer loop
      vertex -3.344370e+01 -7.898406e+01  5.000000e+00
      vertex -2.702907e+01 -8.498349e+01  5.000000e+00
      vertex -2.345494e+01 -7.929530e+01  5.000000e+00
    endloop
  endfacet
  facet normal  0.000000e+00  -0.000000e+00  1.000000e+00
    outer loop
      vertex -3.344370e+01 -7.898406e+01  5.000000e+00
      vertex -2.345494e+01 -7.929530e+01  5.000000e+00
      vertex -1.870469e+01 -7.454506e+01  5.000000e+00
    endloop
  endfacet
  facet normal  0.000000e+00  0.000000e+00  1.000000e+00
    outer loop
      vertex -3.001781e+01  1.020237e+02  5.000000e+00
      vertex -1.964956e+01  1.017816e+02  5.000000e+00
      vertex -3.368117e+01  1.059393e+02  5.000000e+00
    endloop
  endfacet
  facet normal  0.000000e+00  0.000000e+00  1.000000e+00
    outer loop
      vertex -3.368117e+01  1.059393e+02  5.000000e+00
      vertex -1.964956e+01  1.017816e+02  5.000000e+00
      vertex -2.909609e+01  1.048097e+02  5.000000e+00
    endloop
  endfacet
  facet normal  0.000000e+00  0.000000e+00  1.000000e+00
    outer loop
      vertex -3.368117e+01  1.059393e+02  5.000000e+00
      vertex -2.909609e+01  1.048097e+02  5.000000e+00
      vertex -3.809524e+01  1.089836e+02  5.000000e+00
    endloop
  endfacet
  facet normal  0.000000e+00  0.000000e+00  9.999999e-01
    outer loop
      vertex  8.231953e+01  2.735378e+01  5.000000e+00
      vertex  8.699778e+01  2.724417e+01  5.000000e+00
      vertex  7.600760e+01  2.939232e+01  5.000000e+00
    endloop
  endfacet
  facet normal  -0.000000e+00  0.000000e+00  1.000000e+00
    outer loop
      vertex  7.600760e+01  2.939232e+01  5.000000e+00
      vertex  8.699778e+01  2.724417e+01  5.000000e+00
      vertex  8.213387e+01  3.571403e+01  5.000000e+00
    endloop
  endfacet
  facet normal  0.000000e+00  0.000000e+00  1.000000e+00
    outer loop
      vertex  7.600760e+01  2.939232e+01  5.000000e+00
      vertex  8.213387e+01  3.571403e+01  5.000000e+00
      vertex  6.940199e+01  2.999404e+01  5.000000e+00
    endloop
  endfacet
  facet normal  -0.000000e+00  0.000000e+00  1.000000e+00
    outer loop
      vertex  4.195300e+01 -6.028986e+01  5.000000e+00
      vertex  8.498309e-15 -6.800000e+01  5.000000e+00
      vertex  3.709589e+01 -6.936274e+01  5.000000e+00
    endloop
  endfacet
  facet normal  0.000000e+00  0.000000e+00  9.999999e-01
    outer loop
      vertex  3.709589e+01 -6.936274e+01  5.000000e+00
      vertex  8.498309e-15 -6.800000e+01  5.000000e+00
      vertex  6.675628e+00 -6.875216e+01  5.000000e+00
    endloop
  endfacet
  facet normal  0.000000e+00  0.000000e+00  1.000000e+00
    outer loop
      vertex  3.709589e+01 -6.936274e+01  5.000000e+00
      vertex  6.675628e+00 -6.875216e+01  5.000000e+00
      vertex  1.301651e+01 -7.097093e+01  5.000000e+00
    endloop
  endfacet
  facet normal  -0.000000e+00  0.000000e+00  1.000000e+00
    outer loop
      vertex  3.709589e+01 -6.936274e+01  5.000000e+00
      vertex  1.301651e+01 -7.097093e+01  5.000000e+00
      vertex  3.344370e+01 -7.898406e+01  5.000000e+00
    endloop
  endfacet
  facet normal  0.000000e+00  0.000000e+00  1.000000e+00
    outer loop
      vertex  3.344370e+01 -7.898406e+01  5.000000e+00
      vertex  1.301651e+01 -7.097093e+01  5.000000e+00
      vertex  1.870469e+01 -7.454506e+01  5.000000e+00
    endloop
  endfacet
  facet normal  0.000000e+00  0.000000e+00  1.000000e+00
    outer loop
      vertex  3.344370e+01 -7.898406e+01  5.000000e+00
      vertex  1.870469e+01 -7.454506e+01  5.000000e+00
      vertex  2.345494e+01 -7.929530e+01  5.000000e+00
    endloop
  endfacet
  facet normal  -0.000000e+00  0.000000e+00  1.000000e+00
    outer loop
      vertex  3.344370e+01 -7.898406e+01  5.000000e+00
      vertex  2.345494e+01 -7.929530e+01  5.000000e+00
      vertex  3.105684e+01 -8.899463e+01  5.000000e+00
    endloop
  endfacet
  facet normal  0.000000e+00  0.000000e+00  1.000000e+00
    outer loop
      vertex  3.105684e+01 -8.899463e+01  5.000000e+00
      vertex  2.345494e+01 -7.929530e+01  5.000000e+00
      vertex  2.702907e+01 -8.498349e+01  5.000000e+00
    endloop
  endfacet
  facet normal  0.000000e+00  0.000000e+00  1.000000e+00
    outer loop
      vertex  3.105684e+01 -8.899463e+01  5.000000e+00
      vertex  2.702907e+01 -8.498349e+01  5.000000e+00
      vertex  2.924784e+01 -9.132437e+01  5.000000e+00
    endloop
  endfacet
  facet normal -9.937122e-01  1.119645e-01  0.000000e+00
    outer loop
      vertex -3.000000e+01 -9.800000e+01  5.000000e+00
      vertex -3.000000e+01 -9.800000e+01  1.500000e+01
      vertex -2.924784e+01 -9.132437e+01  5.000000e+00
    endloop
  endfacet
  facet normal -9.937122e-01  1.119645e-01  0.000000e+00
    outer loop
      vertex -2.924784e+01 -9.132437e+01  5.000000e+00
      vertex -3.000000e+01 -9.800000e+01  1.500000e+01
      vertex -2.924784e+01 -9.132437e+01  1.500000e+01
    endloop
  endfacet
  facet normal -9.438833e-01  3.302791e-01  0.000000e+00
    outer loop
      vertex -2.924784e+01 -9.132437e+01  5.000000e+00
      vertex -2.924784e+01 -9.132437e+01  1.500000e+01
      vertex -2.702907e+01 -8.498349e+01  5.000000e+00
    endloop
  endfacet
  facet normal -9.438833e-01  3.302791e-01  0.000000e+00
    outer loop
      vertex -2.702907e+01 -8.498349e+01  5.000000e+00
      vertex -2.924784e+01 -9.132437e+01  1.500000e+01
      vertex -2.702907e+01 -8.498349e+01  1.500000e+01
    endloop
  endfacet
  facet normal -8.467244e-01  5.320318e-01  0.000000e+00
    outer loop
      vertex -2.702907e+01 -8.498349e+01  5.000000e+00
      vertex -2.702907e+01 -8.498349e+01  1.500000e+01
      vertex -2.345494e+01 -7.929530e+01  5.000000e+00
    endloop
  endfacet
  facet normal -8.467244e-01  5.320318e-01  0.000000e+00
    outer loop
      vertex -2.345494e+01 -7.929530e+01  5.000000e+00
      vertex -2.702907e+01 -8.498349e+01  1.500000e+01
      vertex -2.345494e+01 -7.929530e+01  1.500000e+01
    endloop
  endfacet
  facet normal -7.071064e-01  7.071072e-01  0.000000e+00
    outer loop
      vertex -2.345494e+01 -7.929530e+01  5.000000e+00
      vertex -2.345494e+01 -7.929530e+01  1.500000e+01
      vertex -1.870469e+01 -7.454506e+01  5.000000e+00
    endloop
  endfacet
  facet normal -7.071064e-01  7.071072e-01  0.000000e+00
    outer loop
      vertex -1.870469e+01 -7.454506e+01  5.000000e+00
      vertex -2.345494e+01 -7.929530e+01  1.500000e+01
      vertex -1.870469e+01 -7.454506e+01  1.500000e+01
    endloop
  endfacet
  facet normal -5.320326e-01  8.467239e-01  0.000000e+00
    outer loop
      vertex -1.870469e+01 -7.454506e+01  5.000000e+00
      vertex -1.870469e+01 -7.454506e+01  1.500000e+01
      vertex -1.301651e+01 -7.097093e+01  5.000000e+00
    endloop
  endfacet
  facet normal -5.320326e-01  8.467239e-01  0.000000e+00
    outer loop
      vertex -1.301651e+01 -7.097093e+01  5.000000e+00
      vertex -1.870469e+01 -7.454506e+01  1.500000e+01
      vertex -1.301651e+01 -7.097093e+01  1.500000e+01
    endloop
  endfacet
  facet normal -3.302793e-01  9.438834e-01  0.000000e+00
    outer loop
      vertex -1.301651e+01 -7.097093e+01  5.000000e+00
      vertex -1.301651e+01 -7.097093e+01  1.500000e+01
      vertex -6.675628e+00 -6.875216e+01  5.000000e+00
    endloop
  endfacet
  facet normal -3.302793e-01  9.438834e-01  0.000000e+00
    outer loop
      vertex -6.675628e+00 -6.875216e+01  5.000000e+00
      vertex -1.301651e+01 -7.097093e+01  1.500000e+01
      vertex -6.675628e+00 -6.875216e+01  1.500000e+01
    endloop
  endfacet
  facet normal -1.119640e-01  9.937123e-01  0.000000e+00
    outer loop
      vertex -6.675628e+00 -6.875216e+01  5.000000e+00
      vertex -6.675628e+00 -6.875216e+01  1.500000e+01
      vertex  8.498309e-15 -6.800000e+01  5.000000e+00
    endloop
  endfacet
  facet normal -1.119640e-01  9.937123e-01  0.000000e+00
    outer loop
      vertex  8.498309e-15 -6.800000e+01  5.000000e+00
      vertex -6.675628e+00 -6.875216e+01  1.500000e+01
      vertex  8.498309e-15 -6.800000e+01  1.500000e+01
    endloop
  endfacet
  facet normal  1.119640e-01  9.937123e-01  0.000000e+00
    outer loop
      vertex  8.498309e-15 -6.800000e+01  5.000000e+00
      vertex  8.498309e-15 -6.800000e+01  1.500000e+01
      vertex  6.675628e+00 -6.875216e+01  5.000000e+00
    endloop
  endfacet
  facet normal  1.119640e-01  9.937123e-01  -0.000000e+00
    outer loop
      vertex  6.675628e+00 -6.875216e+01  5.000000e+00
      vertex  8.498309e-15 -6.800000e+01  1.500000e+01
      vertex  6.675628e+00 -6.875216e+01  1.500000e+01
    endloop
  endfacet
  facet normal  3.302793e-01  9.438834e-01  0.000000e+00
    outer loop
      vertex  6.675628e+00 -6.875216e+01  5.000000e+00
      vertex  6.675628e+00 -6.875216e+01  1.500000e+01
      vertex  1.301651e+01 -7.097093e+01  5.000000e+00
    endloop
  endfacet
  facet normal  3.302793e-01  9.438834e-01  -0.000000e+00
    outer loop
      vertex  1.301651e+01 -7.097093e+01  5.000000e+00
      vertex  6.675628e+00 -6.875216e+01  1.500000e+01
      vertex  1.301651e+01 -7.097093e+01  1.500000e+01
    endloop
  endfacet
  facet normal  5.320326e-01  8.467239e-01  0.000000e+00
    outer loop
      vertex  1.301651e+01 -7.097093e+01  5.000000e+00
      vertex  1.301651e+01 -7.097093e+01  1.500000e+01
      vertex  1.870469e+01 -7.454506e+01  5.000000e+00
    endloop
  endfacet
  facet normal  5.320326e-01  8.467239e-01  -0.000000e+00
    outer loop
      vertex  1.870469e+01 -7.454506e+01  5.000000e+00
      vertex  1.301651e+01 -7.097093e+01  1.500000e+01
      vertex  1.870469e+01 -7.454506e+01  1.500000e+01
    endloop
  endfacet
  facet normal  7.071064e-01  7.071072e-01  0.000000e+00
    outer loop
      vertex  1.870469e+01 -7.454506e+01  5.000000e+00
      vertex  1.870469e+01 -7.454506e+01  1.500000e+01
      vertex  2.345494e+01 -7.929530e+01  5.000000e+00
    endloop
  endfacet
  facet normal  7.071064e-01  7.071072e-01  -0.000000e+00
    outer loop
      vertex  2.345494e+01 -7.929530e+01  5.000000e+00
      vertex  1.870469e+01 -7.454506e+01  1.500000e+01
      vertex  2.345494e+01 -7.929530e+01  1.500000e+01
    endloop
  endfacet
  facet normal  8.467244e-01  5.320318e-01  0.000000e+00
    outer loop
      vertex  2.345494e+01 -7.929530e+01  5.000000e+00
      vertex  2.345494e+01 -7.929530e+01  1.500000e+01
      vertex  2.702907e+01 -8.498349e+01  5.000000e+00
    endloop
  endfacet
  facet normal  8.467244e-01  5.320318e-01  -0.000000e+00
    outer loop
      vertex  2.702907e+01 -8.498349e+01  5.000000e+00
      vertex  2.345494e+01 -7.929530e+01  1.500000e+01
      vertex  2.702907e+01 -8.498349e+01  1.500000e+01
    endloop
  endfacet
  facet normal  9.438833e-01  3.302791e-01  0.000000e+00
    outer loop
      vertex  2.702907e+01 -8.498349e+01  5.000000e+00
      vertex  2.702907e+01 -8.498349e+01  1.500000e+01
      vertex  2.924784e+01 -9.132437e+01  5.000000e+00
    endloop
  endfacet
  facet normal  9.438833e-01  3.302791e-01  -0.000000e+00
    outer loop
      vertex  2.924784e+01 -9.132437e+01  5.000000e+00
      vertex  2.702907e+01 -8.498349e+01  1.500000e+01
      vertex  2.924784e+01 -9.132437e+01  1.500000e+01
    endloop
  endfacet
  facet normal  9.937122e-01  1.119645e-01  0.000000e+00
    outer loop
      vertex  2.924784e+01 -9.132437e+01  5.000000e+00
      vertex  2.924784e+01 -9.132437e+01  1.500000e+01
      vertex  3.000000e+01 -9.800000e+01  5.000000e+00
    endloop
  endfacet
  facet normal  9.937122e-01  1.119645e-01  -0.000000e+00
    outer loop
      vertex  3.000000e+01 -9.800000e+01  5.000000e+00
      vertex  2.924784e+01 -9.132437e+01  1.500000e+01
      vertex  3.000000e+01 -9.800000e+01  1.500000e+01
    endloop
  endfacet
  facet normal -9.937122e-01  1.119645e-01  0.000000e+00
    outer loop
      vertex -3.000000e+01 -9.800000e+01 -1.500000e+01
      vertex -3.000000e+01 -9.800000e+01 -5.000000e+00
      vertex -2.924784e+01 -9.132437e+01 -1.500000e+01
    endloop
  endfacet
  facet normal -9.937122e-01  1.119645e-01  0.000000e+00
    outer loop
      vertex -2.924784e+01 -9.132437e+01 -1.500000e+01
      vertex -3.000000e+01 -9.800000e+01 -5.000000e+00
      vertex -2.924784e+01 -9.132437e+01 -5.000000e+00
    endloop
  endfacet
  facet normal -9.438833e-01  3.302791e-01  0.000000e+00
    outer loop
      vertex -2.924784e+01 -9.132437e+01 -1.500000e+01
      vertex -2.924784e+01 -9.132437e+01 -5.000000e+00
      vertex -2.702907e+01 -8.498349e+01 -1.500000e+01
    endloop
  endfacet
  facet normal -9.438833e-01  3.302791e-01  0.000000e+00
    outer loop
      vertex -2.702907e+01 -8.498349e+01 -1.500000e+01
      vertex -2.924784e+01 -9.132437e+01 -5.000000e+00
      vertex -2.702907e+01 -8.498349e+01 -5.000000e+00
    endloop
  endfacet
  facet normal -8.467244e-01  5.320318e-01  0.000000e+00
    outer loop
      vertex -2.702907e+01 -8.498349e+01 -1.500000e+01
      vertex -2.702907e+01 -8.498349e+01 -5.000000e+00
      vertex -2.345494e+01 -7.929530e+01 -1.500000e+01
    endloop
  endfacet
  facet normal -8.467244e-01  5.320318e-01  0.000000e+00
    outer loop
      vertex -2.345494e+01 -7.929530e+01 -1.500000e+01
      vertex -2.702907e+01 -8.498349e+01 -5.000000e+00
      vertex -2.345494e+01 -7.929530e+01 -5.000000e+00
    endloop
  endfacet
  facet normal -7.071064e-01  7.071072e-01  0.000000e+00
    outer loop
      vertex -2.345494e+01 -7.929530e+01 -1.500000e+01
      vertex -2.345494e+01 -7.929530e+01 -5.000000e+00
      vertex -1.870469e+01 -7.454506e+01 -1.500000e+01
    endloop
  endfacet
  facet normal -7.071064e-01  7.071072e-01  0.000000e+00
    outer loop
      vertex -1.870469e+01 -7.454506e+01 -1.500000e+01
      vertex -2.345494e+01 -7.929530e+01 -5.000000e+00
      vertex -1.870469e+01 -7.454506e+01 -5.000000e+00
    endloop
  endfacet
  facet normal -5.320326e-01  8.467239e-01  0.000000e+00
    outer loop
      vertex -1.870469e+01 -7.454506e+01 -1.500000e+01
      vertex -1.870469e+01 -7.454506e+01 -5.000000e+00
      vertex -1.301651e+01 -7.097093e+01 -1.500000e+01
    endloop
  endfacet
  facet normal -5.320326e-01  8.467239e-01  0.000000e+00
    outer loop
      vertex -1.301651e+01 -7.097093e+01 -1.500000e+01
      vertex -1.870469e+01 -7.454506e+01 -5.000000e+00
      vertex -1.301651e+01 -7.097093e+01 -5.000000e+00
    endloop
  endfacet
  facet normal -3.302793e-01  9.438834e-01  0.000000e+00
    outer loop
      vertex -1.301651e+01 -7.097093e+01 -1.500000e+01
      vertex -1.301651e+01 -7.097093e+01 -5.000000e+00
      vertex -6.675628e+00 -6.875216e+01 -1.500000e+01
    endloop
  endfacet
  facet normal -3.302793e-01  9.438834e-01  0.000000e+00
    outer loop
      vertex -6.675628e+00 -6.875216e+01 -1.500000e+01
      vertex -1.301651e+01 -7.097093e+01 -5.000000e+00
      vertex -6.675628e+00 -6.875216e+01 -5.000000e+00
    endloop
  endfacet
  facet normal -1.119640e-01  9.937123e-01  0.000000e+00
    outer loop
      vertex -6.675628e+00 -6.875216e+01 -1.500000e+01
      vertex -6.675628e+00 -6.875216e+01 -5.000000e+00
      vertex  8.498309e-15 -6.800000e+01 -1.500000e+01
    endloop
  endfacet
  facet normal -1.119640e-01  9.937123e-01  0.000000e+00
    outer loop
      vertex  8.498309e-15 -6.800000e+01 -1.500000e+01
      vertex -6.675628e+00 -6.875216e+01 -5.000000e+00
      vertex  8.498309e-15 -6.800000e+01 -5.000000e+00
    endloop
  endfacet
  facet normal  1.119640e-01  9.937123e-01  0.000000e+00
    outer loop
      vertex  8.498309e-15 -6.800000e+01 -1.500000e+01
      vertex  8.498309e-15 -6.800000e+01 -5.000000e+00
      vertex  6.675628e+00 -6.875216e+01 -1.500000e+01
    endloop
  endfacet
  facet normal  1.119640e-01  9.937123e-01  -0.000000e+00
    outer loop
      vertex  6.675628e+00 -6.875216e+01 -1.500000e+01
      vertex  8.498309e-15 -6.800000e+01 -5.000000e+00
      vertex  6.675628e+00 -6.875216e+01 -5.000000e+00
    endloop
  endfacet
  facet normal  3.302793e-01  9.438834e-01  0.000000e+00
    outer loop
      vertex  6.675628e+00 -6.875216e+01 -1.500000e+01
      vertex  6.675628e+00 -6.875216e+01 -5.000000e+00
      vertex  1.301651e+01 -7.097093e+01 -1.500000e+01
    endloop
  endfacet
  facet normal  3.302793e-01  9.438834e-01  -0.000000e+00
    outer loop
      vertex  1.301651e+01 -7.097093e+01 -1.500000e+01
      vertex  6.675628e+00 -6.875216e+01 -5.000000e+00
      vertex  1.301651e+01 -7.097093e+01 -5.000000e+00
    endloop
  endfacet
  facet normal  5.320326e-01  8.467239e-01  0.000000e+00
    outer loop
      vertex  1.301651e+01 -7.097093e+01 -1.500000e+01
      vertex  1.301651e+01 -7.097093e+01 -5.000000e+00
      vertex  1.870469e+01 -7.454506e+01 -1.500000e+01
    endloop
  endfacet
  facet normal  5.320326e-01  8.467239e-01  -0.000000e+00
    outer loop
      vertex  1.870469e+01 -7.454506e+01 -1.500000e+01
      vertex  1.301651e+01 -7.097093e+01 -5.000000e+00
      vertex  1.870469e+01 -7.454506e+01 -5.000000e+00
    endloop
  endfacet
  facet normal  7.071064e-01  7.071072e-01  0.000000e+00
    outer loop
      vertex  1.870469e+01 -7.454506e+01 -1.500000e+01
      vertex  1.870469e+01 -7.454506e+01 -5.000000e+00
      vertex  2.345494e+01 -7.929530e+01 -1.500000e+01
    endloop
  endfacet
  facet normal  7.071064e-01  7.071072e-01  -0.000000e+00
    outer loop
      vertex  2.345494e+01 -7.929530e+01 -1.500000e+01
      vertex  1.870469e+01 -7.454506e+01 -5.000000e+00
      vertex  2.345494e+01 -7.929530e+01 -5.000000e+00
    endloop
  endfacet
  facet normal  8.467244e-01  5.320318e-01  0.000000e+00
    outer loop
      vertex  2.345494e+01 -7.929530e+01 -1.500000e+01
      vertex  2.345494e+01 -7.929530e+01 -5.000000e+00
      vertex  2.702907e+01 -8.498349e+01 -1.500000e+01
    endloop
  endfacet
  facet normal  8.467244e-01  5.320318e-01  -0.000000e+00
    outer loop
      vertex  2.702907e+01 -8.498349e+01 -1.500000e+01
      vertex  2.345494e+01 -7.929530e+01 -5.000000e+00
      vertex  2.702907e+01 -8.498349e+01 -5.000000e+00
    endloop
  endfacet
  facet normal  9.438833e-01  3.302791e-01  0.000000e+00
    outer loop
      vertex  2.702907e+01 -8.498349e+01 -1.500000e+01
      vertex  2.702907e+01 -8.498349e+01 -5.000000e+00
      vertex  2.924784e+01 -9.132437e+01 -1.500000e+01
    endloop
  endfacet
  facet normal  9.438833e-01  3.302791e-01  -0.000000e+00
    outer loop
      vertex  2.924784e+01 -9.132437e+01 -1.500000e+01
      vertex  2.702907e+01 -8.498349e+01 -5.000000e+00
      vertex  2.924784e+01 -9.132437e+01 -5.000000e+00
    endloop
  endfacet
  facet normal  9.937122e-01  1.119645e-01  0.000000e+00
    outer loop
      vertex  2.924784e+01 -9.132437e+01 -1.500000e+01
      vertex  2.924784e+01 -9.132437e+01 -5.000000e+00
      vertex  3.000000e+01 -9.800000e+01 -1.500000e+01
    endloop
  endfacet
  facet normal  9.937122e-01  1.119645e-01  -0.000000e+00
    outer loop
      vertex  3.000000e+01 -9.800000e+01 -1.500000e+01
      vertex  2.924784e+01 -9.132437e+01 -5.000000e+00
      vertex  3.000000e+01 -9.800000e+01 -5.000000e+00
    endloop
  endfacet
  facet normal  9.214058e-01  3.886020e-01  0.000000e+00
    outer loop
      vertex  7.833836e+01  4.471348e+01 -5.000000e+00
      vertex  8.213387e+01  3.571403e+01  5.000000e+00
      vertex  8.213387e+01  3.571403e+01 -5.000000e+00
    endloop
  endfacet
  facet normal  8.671831e-01  4.979893e-01  -0.000000e+00
    outer loop
      vertex  8.213387e+01  3.571403e+01 -5.000000e+00
      vertex  8.213387e+01  3.571403e+01  5.000000e+00
      vertex  8.699778e+01  2.724417e+01  5.000000e+00
    endloop
  endfacet
  facet normal  8.671831e-01  4.979893e-01  0.000000e+00
    outer loop
      vertex  8.213387e+01  3.571403e+01 -5.000000e+00
      vertex  8.699778e+01  2.724417e+01  5.000000e+00
      vertex  8.699778e+01  2.724417e+01 -5.000000e+00
    endloop
  endfacet
  facet normal  8.000350e-01  5.999532e-01  -0.000000e+00
    outer loop
      vertex  8.699778e+01  2.724417e+01 -5.000000e+00
      vertex  8.699778e+01  2.724417e+01  5.000000e+00
      vertex  9.285757e+01  1.943016e+01  5.000000e+00
    endloop
  endfacet
  facet normal  8.000350e-01  5.999532e-01  0.000000e+00
    outer loop
      vertex  8.699778e+01  2.724417e+01 -5.000000e+00
      vertex  9.285757e+01  1.943016e+01  5.000000e+00
      vertex  9.285757e+01  1.943016e+01 -5.000000e+00
    endloop
  endfacet
  facet normal  9.214058e-01  3.886020e-01  -0.000000e+00
    outer loop
      vertex  8.213387e+01  3.571403e+01  5.000000e+00
      vertex  7.833836e+01  4.471348e+01 -5.000000e+00
      vertex  7.833836e+01  4.471348e+01  5.000000e+00
    endloop
  endfacet
  facet normal  9.618940e-01  2.734223e-01  0.000000e+00
    outer loop
      vertex  7.833836e+01  4.471348e+01  5.000000e+00
      vertex  7.833836e+01  4.471348e+01 -5.000000e+00
      vertex  7.566782e+01  5.410839e+01 -5.000000e+00
    endloop
  endfacet
  facet normal  9.618940e-01  2.734223e-01  -0.000000e+00
    outer loop
      vertex  7.833836e+01  4.471348e+01  5.000000e+00
      vertex  7.566782e+01  5.410839e+01 -5.000000e+00
      vertex  7.566782e+01  5.410839e+01  5.000000e+00
    endloop
  endfacet
  facet normal  9.880448e-01  1.541676e-01  0.000000e+00
    outer loop
      vertex  7.566782e+01  5.410839e+01  5.000000e+00
      vertex  7.566782e+01  5.410839e+01 -5.000000e+00
      vertex  7.416206e+01  6.375871e+01 -5.000000e+00
    endloop
  endfacet
  facet normal  9.880448e-01  1.541676e-01  -0.000000e+00
    outer loop
      vertex  7.566782e+01  5.410839e+01  5.000000e+00
      vertex  7.416206e+01  6.375871e+01 -5.000000e+00
      vertex  7.416206e+01  6.375871e+01  5.000000e+00
    endloop
  endfacet
  facet normal  9.994680e-01  3.261386e-02  0.000000e+00
    outer loop
      vertex  7.416206e+01  6.375871e+01  5.000000e+00
      vertex  7.416206e+01  6.375871e+01 -5.000000e+00
      vertex  7.384351e+01  7.352060e+01 -5.000000e+00
    endloop
  endfacet
  facet normal  9.994680e-01  3.261386e-02  -0.000000e+00
    outer loop
      vertex  7.416206e+01  6.375871e+01  5.000000e+00
      vertex  7.384351e+01  7.352060e+01 -5.000000e+00
      vertex  7.384351e+01  7.352060e+01  5.000000e+00
    endloop
  endfacet
  facet normal  9.959936e-01 -8.942486e-02  0.000000e+00
    outer loop
      vertex  7.384351e+01  7.352060e+01  5.000000e+00
      vertex  7.384351e+01  7.352060e+01 -5.000000e+00
      vertex  7.471693e+01  8.324856e+01 -5.000000e+00
    endloop
  endfacet
  facet normal  9.959936e-01 -8.942486e-02  0.000000e+00
    outer loop
      vertex  7.384351e+01  7.352060e+01  5.000000e+00
      vertex  7.471693e+01  8.324856e+01 -5.000000e+00
      vertex  7.471693e+01  8.324856e+01  5.000000e+00
    endloop
  endfacet
  facet normal  8.816162e-01 -4.719671e-01  0.000000e+00
    outer loop
      vertex  4.195300e+01 -6.028986e+01 -5.000000e+00
      vertex  3.709589e+01 -6.936274e+01  5.000000e+00
      vertex  3.709589e+01 -6.936274e+01 -5.000000e+00
    endloop
  endfacet
  facet normal  9.349096e-01 -3.548860e-01  0.000000e+00
    outer loop
      vertex  3.709589e+01 -6.936274e+01 -5.000000e+00
      vertex  3.709589e+01 -6.936274e+01  5.000000e+00
      vertex  3.344370e+01 -7.898406e+01  5.000000e+00
    endloop
  endfacet
  facet normal  9.349096e-01 -3.548860e-01  0.000000e+00
    outer loop
      vertex  3.709589e+01 -6.936274e+01 -5.000000e+00
      vertex  3.344370e+01 -7.898406e+01  5.000000e+00
      vertex  3.344370e+01 -7.898406e+01 -5.000000e+00
    endloop
  endfacet
  facet normal  9.727319e-01 -2.319322e-01  0.000000e+00
    outer loop
      vertex  3.344370e+01 -7.898406e+01 -5.000000e+00
      vertex  3.344370e+01 -7.898406e+01  5.000000e+00
      vertex  3.105684e+01 -8.899463e+01  5.000000e+00
    endloop
  endfacet
  facet normal  9.727319e-01 -2.319322e-01  0.000000e+00
    outer loop
      vertex  3.344370e+01 -7.898406e+01 -5.000000e+00
      vertex  3.105684e+01 -8.899463e+01  5.000000e+00
      vertex  3.105684e+01 -8.899463e+01 -5.000000e+00
    endloop
  endfacet
  facet normal  9.944574e-01 -1.051401e-01  0.000000e+00
    outer loop
      vertex  3.105684e+01 -8.899463e+01 -5.000000e+00
      vertex  3.105684e+01 -8.899463e+01  5.000000e+00
      vertex  2.997482e+01 -9.922877e+01  5.000000e+00
    endloop
  endfacet
  facet normal  9.944574e-01 -1.051401e-01  0.000000e+00
    outer loop
      vertex  3.105684e+01 -8.899463e+01 -5.000000e+00
      vertex  2.997482e+01 -9.922877e+01  5.000000e+00
      vertex  2.997482e+01 -9.922877e+01 -5.000000e+00
    endloop
  endfacet
  facet normal  8.816162e-01 -4.719671e-01  0.000000e+00
    outer loop
      vertex  3.709589e+01 -6.936274e+01  5.000000e+00
      vertex  4.195300e+01 -6.028986e+01 -5.000000e+00
      vertex  4.195300e+01 -6.028986e+01  5.000000e+00
    endloop
  endfacet
  facet normal  8.137334e-01 -5.812383e-01  0.000000e+00
    outer loop
      vertex  4.195300e+01 -6.028986e+01  5.000000e+00
      vertex  4.195300e+01 -6.028986e+01 -5.000000e+00
      vertex  4.793463e+01 -5.191558e+01 -5.000000e+00
    endloop
  endfacet
  facet normal  8.137334e-01 -5.812383e-01  0.000000e+00
    outer loop
      vertex  4.195300e+01 -6.028986e+01  5.000000e+00
      vertex  4.793463e+01 -5.191558e+01 -5.000000e+00
      vertex  4.793463e+01 -5.191558e+01  5.000000e+00
    endloop
  endfacet
  facet normal  7.323850e-01 -6.808907e-01  0.000000e+00
    outer loop
      vertex  4.793463e+01 -5.191558e+01  5.000000e+00
      vertex  4.793463e+01 -5.191558e+01 -5.000000e+00
      vertex  5.494180e+01 -4.437847e+01 -5.000000e+00
    endloop
  endfacet
  facet normal  7.323850e-01 -6.808907e-01  0.000000e+00
    outer loop
      vertex  4.793463e+01 -5.191558e+01  5.000000e+00
      vertex  5.494180e+01 -4.437847e+01 -5.000000e+00
      vertex  5.494180e+01 -4.437847e+01  5.000000e+00
    endloop
  endfacet
  facet normal  6.389170e-01 -7.692757e-01  0.000000e+00
    outer loop
      vertex  5.494180e+01 -4.437847e+01  5.000000e+00
      vertex  5.494180e+01 -4.437847e+01 -5.000000e+00
      vertex  6.285855e+01 -3.780326e+01 -5.000000e+00
    endloop
  endfacet
  facet normal  6.389170e-01 -7.692757e-01  0.000000e+00
    outer loop
      vertex  5.494180e+01 -4.437847e+01  5.000000e+00
      vertex  6.285855e+01 -3.780326e+01 -5.000000e+00
      vertex  6.285855e+01 -3.780326e+01  5.000000e+00
    endloop
  endfacet
  facet normal  5.348757e-01 -8.449307e-01  0.000000e+00
    outer loop
      vertex  6.285855e+01 -3.780326e+01  5.000000e+00
      vertex  6.285855e+01 -3.780326e+01 -5.000000e+00
      vertex  7.155389e+01 -3.229876e+01 -5.000000e+00
    endloop
  endfacet
  facet normal  5.348757e-01 -8.449307e-01  0.000000e+00
    outer loop
      vertex  6.285855e+01 -3.780326e+01  5.000000e+00
      vertex  7.155389e+01 -3.229876e+01 -5.000000e+00
      vertex  7.155389e+01 -3.229876e+01  5.000000e+00
    endloop
  endfacet
  facet normal  4.219837e-01 -9.066035e-01  0.000000e+00
    outer loop
      vertex  7.155389e+01 -3.229876e+01  5.000000e+00
      vertex  7.155389e+01 -3.229876e+01 -5.000000e+00
      vertex  8.088392e+01 -2.795604e+01 -5.000000e+00
    endloop
  endfacet
  facet normal  4.219837e-01 -9.066035e-01  0.000000e+00
    outer loop
      vertex  7.155389e+01 -3.229876e+01  5.000000e+00
      vertex  8.088392e+01 -2.795604e+01 -5.000000e+00
      vertex  8.088392e+01 -2.795604e+01  5.000000e+00
    endloop
  endfacet
  facet normal -7.323850e-01 -6.808907e-01  -0.000000e+00
    outer loop
      vertex -4.793463e+01 -5.191558e+01 -5.000000e+00
      vertex -5.494180e+01 -4.437847e+01  5.000000e+00
      vertex -5.494180e+01 -4.437847e+01 -5.000000e+00
    endloop
  endfacet
  facet normal -6.389170e-01 -7.692757e-01  0.000000e+00
    outer loop
      vertex -5.494180e+01 -4.437847e+01 -5.000000e+00
      vertex -5.494180e+01 -4.437847e+01  5.000000e+00
      vertex -6.285855e+01 -3.780326e+01  5.000000e+00
    endloop
  endfacet
  facet normal -6.389170e-01 -7.692757e-01  -0.000000e+00
    outer loop
      vertex -5.494180e+01 -4.437847e+01 -5.000000e+00
      vertex -6.285855e+01 -3.780326e+01  5.000000e+00
      vertex -6.285855e+01 -3.780326e+01 -5.000000e+00
    endloop
  endfacet
  facet normal -5.348757e-01 -8.449307e-01  0.000000e+00
    outer loop
      vertex -6.285855e+01 -3.780326e+01 -5.000000e+00
      vertex -6.285855e+01 -3.780326e+01  5.000000e+00
      vertex -7.155389e+01 -3.229876e+01  5.000000e+00
    endloop
  endfacet
  facet normal -5.348757e-01 -8.449307e-01  -0.000000e+00
    outer loop
      vertex -6.285855e+01 -3.780326e+01 -5.000000e+00
      vertex -7.155389e+01 -3.229876e+01  5.000000e+00
      vertex -7.155389e+01 -3.229876e+01 -5.000000e+00
    endloop
  endfacet
  facet normal -4.219837e-01 -9.066035e-01  0.000000e+00
    outer loop
      vertex -7.155389e+01 -3.229876e+01 -5.000000e+00
      vertex -7.155389e+01 -3.229876e+01  5.000000e+00
      vertex -8.088392e+01 -2.795604e+01  5.000000e+00
    endloop
  endfacet
  facet normal -4.219837e-01 -9.066035e-01  -0.000000e+00
    outer loop
      vertex -7.155389e+01 -3.229876e+01 -5.000000e+00
      vertex -8.088392e+01 -2.795604e+01  5.000000e+00
      vertex -8.088392e+01 -2.795604e+01 -5.000000e+00
    endloop
  endfacet
  facet normal -7.323850e-01 -6.808907e-01  0.000000e+00
    outer loop
      vertex -5.494180e+01 -4.437847e+01  5.000000e+00
      vertex -4.793463e+01 -5.191558e+01 -5.000000e+00
      vertex -4.793463e+01 -5.191558e+01  5.000000e+00
    endloop
  endfacet
  facet normal -8.137334e-01 -5.812383e-01  -0.000000e+00
    outer loop
      vertex -4.793463e+01 -5.191558e+01  5.000000e+00
      vertex -4.793463e+01 -5.191558e+01 -5.000000e+00
      vertex -4.195300e+01 -6.028986e+01 -5.000000e+00
    endloop
  endfacet
  facet normal -8.137334e-01 -5.812383e-01  0.000000e+00
    outer loop
      vertex -4.793463e+01 -5.191558e+01  5.000000e+00
      vertex -4.195300e+01 -6.028986e+01 -5.000000e+00
      vertex -4.195300e+01 -6.028986e+01  5.000000e+00
    endloop
  endfacet
  facet normal -8.816162e-01 -4.719671e-01  -0.000000e+00
    outer loop
      vertex -4.195300e+01 -6.028986e+01  5.000000e+00
      vertex -4.195300e+01 -6.028986e+01 -5.000000e+00
      vertex -3.709589e+01 -6.936274e+01 -5.000000e+00
    endloop
  endfacet
  facet normal -8.816162e-01 -4.719671e-01  0.000000e+00
    outer loop
      vertex -4.195300e+01 -6.028986e+01  5.000000e+00
      vertex -3.709589e+01 -6.936274e+01 -5.000000e+00
      vertex -3.709589e+01 -6.936274e+01  5.000000e+00
    endloop
  endfacet
  facet normal -9.349096e-01 -3.548860e-01  -0.000000e+00
    outer loop
      vertex -3.709589e+01 -6.936274e+01  5.000000e+00
      vertex -3.709589e+01 -6.936274e+01 -5.000000e+00
      vertex -3.344370e+01 -7.898406e+01 -5.000000e+00
    endloop
  endfacet
  facet normal -9.349096e-01 -3.548860e-01  0.000000e+00
    outer loop
      vertex -3.709589e+01 -6.936274e+01  5.000000e+00
      vertex -3.344370e+01 -7.898406e+01 -5.000000e+00
      vertex -3.344370e+01 -7.898406e+01  5.000000e+00
    endloop
  endfacet
  facet normal -9.727319e-01 -2.319322e-01  -0.000000e+00
    outer loop
      vertex -3.344370e+01 -7.898406e+01  5.000000e+00
      vertex -3.344370e+01 -7.898406e+01 -5.000000e+00
      vertex -3.105684e+01 -8.899463e+01 -5.000000e+00
    endloop
  endfacet
  facet normal -9.727319e-01 -2.319322e-01  0.000000e+00
    outer loop
      vertex -3.344370e+01 -7.898406e+01  5.000000e+00
      vertex -3.105684e+01 -8.899463e+01 -5.000000e+00
      vertex -3.105684e+01 -8.899463e+01  5.000000e+00
    endloop
  endfacet
  facet normal -9.944574e-01 -1.051401e-01  -0.000000e+00
    outer loop
      vertex -3.105684e+01 -8.899463e+01  5.000000e+00
      vertex -3.105684e+01 -8.899463e+01 -5.000000e+00
      vertex -2.997482e+01 -9.922877e+01 -5.000000e+00
    endloop
  endfacet
  facet normal -9.944574e-01 -1.051401e-01  0.000000e+00
    outer loop
      vertex -3.105684e+01 -8.899463e+01  5.000000e+00
      vertex -2.997482e+01 -9.922877e+01 -5.000000e+00
      vertex -2.997482e+01 -9.922877e+01  5.000000e+00
    endloop
  endfacet
  facet normal -9.880448e-01  1.541676e-01  0.000000e+00
    outer loop
      vertex -7.566782e+01  5.410839e+01 -5.000000e+00
      vertex -7.416206e+01  6.375871e+01  5.000000e+00
      vertex -7.416206e+01  6.375871e+01 -5.000000e+00
    endloop
  endfacet
  facet normal -9.994680e-01  3.261386e-02  0.000000e+00
    outer loop
      vertex -7.416206e+01  6.375871e+01 -5.000000e+00
      vertex -7.416206e+01  6.375871e+01  5.000000e+00
      vertex -7.384351e+01  7.352060e+01  5.000000e+00
    endloop
  endfacet
  facet normal -9.994680e-01  3.261386e-02  0.000000e+00
    outer loop
      vertex -7.416206e+01  6.375871e+01 -5.000000e+00
      vertex -7.384351e+01  7.352060e+01  5.000000e+00
      vertex -7.384351e+01  7.352060e+01 -5.000000e+00
    endloop
  endfacet
  facet normal -9.959936e-01 -8.942486e-02  0.000000e+00
    outer loop
      vertex -7.384351e+01  7.352060e+01 -5.000000e+00
      vertex -7.384351e+01  7.352060e+01  5.000000e+00
      vertex -7.471693e+01  8.324856e+01  5.000000e+00
    endloop
  endfacet
  facet normal -9.959936e-01 -8.942486e-02  -0.000000e+00
    outer loop
      vertex -7.384351e+01  7.352060e+01 -5.000000e+00
      vertex -7.471693e+01  8.324856e+01  5.000000e+00
      vertex -7.471693e+01  8.324856e+01 -5.000000e+00
    endloop
  endfacet
  facet normal -9.880448e-01  1.541676e-01  0.000000e+00
    outer loop
      vertex -7.416206e+01  6.375871e+01  5.000000e+00
      vertex -7.566782e+01  5.410839e+01 -5.000000e+00
      vertex -7.566782e+01  5.410839e+01  5.000000e+00
    endloop
  endfacet
  facet normal -9.618940e-01  2.734223e-01  0.000000e+00
    outer loop
      vertex -7.566782e+01  5.410839e+01  5.000000e+00
      vertex -7.566782e+01  5.410839e+01 -5.000000e+00
      vertex -7.833836e+01  4.471348e+01 -5.000000e+00
    endloop
  endfacet
  facet normal -9.618940e-01  2.734223e-01  0.000000e+00
    outer loop
      vertex -7.566782e+01  5.410839e+01  5.000000e+00
      vertex -7.833836e+01  4.471348e+01 -5.000000e+00
      vertex -7.833836e+01  4.471348e+01  5.000000e+00
    endloop
  endfacet
  facet normal -9.214058e-01  3.886020e-01  0.000000e+00
    outer loop
      vertex -7.833836e+01  4.471348e+01  5.000000e+00
      vertex -7.833836e+01  4.471348e+01 -5.000000e+00
      vertex -8.213387e+01  3.571403e+01 -5.000000e+00
    endloop
  endfacet
  facet normal -9.214058e-01  3.886020e-01  0.000000e+00
    outer loop
      vertex -7.833836e+01  4.471348e+01  5.000000e+00
      vertex -8.213387e+01  3.571403e+01 -5.000000e+00
      vertex -8.213387e+01  3.571403e+01  5.000000e+00
    endloop
  endfacet
  facet normal -8.671831e-01  4.979893e-01  0.000000e+00
    outer loop
      vertex -8.213387e+01  3.571403e+01  5.000000e+00
      vertex -8.213387e+01  3.571403e+01 -5.000000e+00
      vertex -8.699778e+01  2.724417e+01 -5.000000e+00
    endloop
  endfacet
  facet normal -8.671831e-01  4.979893e-01  0.000000e+00
    outer loop
      vertex -8.213387e+01  3.571403e+01  5.000000e+00
      vertex -8.699778e+01  2.724417e+01 -5.000000e+00
      vertex -8.699778e+01  2.724417e+01  5.000000e+00
    endloop
  endfacet
  facet normal -8.000350e-01  5.999532e-01  0.000000e+00
    outer loop
      vertex -8.699778e+01  2.724417e+01  5.000000e+00
      vertex -8.699778e+01  2.724417e+01 -5.000000e+00
      vertex -9.285757e+01  1.943016e+01 -5.000000e+00
    endloop
  endfacet
  facet normal -8.000350e-01  5.999532e-01  0.000000e+00
    outer loop
      vertex -8.699778e+01  2.724417e+01  5.000000e+00
      vertex -9.285757e+01  1.943016e+01 -5.000000e+00
      vertex -9.285757e+01  1.943016e+01  5.000000e+00
    endloop
  endfacet
  facet normal -6.199972e-02  9.980761e-01  0.000000e+00
    outer loop
      vertex -1.469576e-14  9.933092e+01 -5.000000e+00
      vertex  9.900896e+00  9.994596e+01  5.000000e+00
      vertex  9.900896e+00  9.994596e+01 -5.000000e+00
    endloop
  endfacet
  facet normal -1.850470e-01  9.827296e-01  0.000000e+00
    outer loop
      vertex  9.900896e+00  9.994596e+01 -5.000000e+00
      vertex  9.900896e+00  9.994596e+01  5.000000e+00
      vertex  1.964956e+01  1.017816e+02  5.000000e+00
    endloop
  endfacet
  facet normal -1.850470e-01  9.827296e-01  0.000000e+00
    outer loop
      vertex  9.900896e+00  9.994596e+01 -5.000000e+00
      vertex  1.964956e+01  1.017816e+02  5.000000e+00
      vertex  1.964956e+01  1.017816e+02 -5.000000e+00
    endloop
  endfacet
  facet normal -3.052471e-01  9.522731e-01  0.000000e+00
    outer loop
      vertex  1.964956e+01  1.017816e+02 -5.000000e+00
      vertex  1.964956e+01  1.017816e+02  5.000000e+00
      vertex  2.909609e+01  1.048097e+02  5.000000e+00
    endloop
  endfacet
  facet normal -3.052471e-01  9.522731e-01  0.000000e+00
    outer loop
      vertex  1.964956e+01  1.017816e+02 -5.000000e+00
      vertex  2.909609e+01  1.048097e+02  5.000000e+00
      vertex  2.909609e+01  1.048097e+02 -5.000000e+00
    endloop
  endfacet
  facet normal -4.207551e-01  9.071743e-01  0.000000e+00
    outer loop
      vertex  2.909609e+01  1.048097e+02 -5.000000e+00
      vertex  2.909609e+01  1.048097e+02  5.000000e+00
      vertex  3.809524e+01  1.089836e+02  5.000000e+00
    endloop
  endfacet
  facet normal -4.207551e-01  9.071743e-01  0.000000e+00
    outer loop
      vertex  2.909609e+01  1.048097e+02 -5.000000e+00
      vertex  3.809524e+01  1.089836e+02  5.000000e+00
      vertex  3.809524e+01  1.089836e+02 -5.000000e+00
    endloop
  endfacet
  facet normal -6.199972e-02  9.980761e-01  0.000000e+00
    outer loop
      vertex  9.900896e+00  9.994596e+01  5.000000e+00
      vertex -1.469576e-14  9.933092e+01 -5.000000e+00
      vertex -1.469576e-14  9.933092e+01  5.000000e+00
    endloop
  endfacet
  facet normal  6.199972e-02  9.980761e-01  0.000000e+00
    outer loop
      vertex -1.469576e-14  9.933092e+01  5.000000e+00
      vertex -1.469576e-14  9.933092e+01 -5.000000e+00
      vertex -9.900896e+00  9.994596e+01 -5.000000e+00
    endloop
  endfacet
  facet normal  6.199972e-02  9.980761e-01  -0.000000e+00
    outer loop
      vertex -1.469576e-14  9.933092e+01  5.000000e+00
      vertex -9.900896e+00  9.994596e+01 -5.000000e+00
      vertex -9.900896e+00  9.994596e+01  5.000000e+00
    endloop
  endfacet
  facet normal  1.850470e-01  9.827296e-01  0.000000e+00
    outer loop
      vertex -9.900896e+00  9.994596e+01  5.000000e+00
      vertex -9.900896e+00  9.994596e+01 -5.000000e+00
      vertex -1.964956e+01  1.017816e+02 -5.000000e+00
    endloop
  endfacet
  facet normal  1.850470e-01  9.827296e-01  -0.000000e+00
    outer loop
      vertex -9.900896e+00  9.994596e+01  5.000000e+00
      vertex -1.964956e+01  1.017816e+02 -5.000000e+00
      vertex -1.964956e+01  1.017816e+02  5.000000e+00
    endloop
  endfacet
  facet normal  3.052471e-01  9.522731e-01  0.000000e+00
    outer loop
      vertex -1.964956e+01  1.017816e+02  5.000000e+00
      vertex -1.964956e+01  1.017816e+02 -5.000000e+00
      vertex -2.909609e+01  1.048097e+02 -5.000000e+00
    endloop
  endfacet
  facet normal  3.052471e-01  9.522731e-01  -0.000000e+00
    outer loop
      vertex -1.964956e+01  1.017816e+02  5.000000e+00
      vertex -2.909609e+01  1.048097e+02 -5.000000e+00
      vertex -2.909609e+01  1.048097e+02  5.000000e+00
    endloop
  endfacet
  facet normal  4.207551e-01  9.071743e-01  0.000000e+00
    outer loop
      vertex -2.909609e+01  1.048097e+02  5.000000e+00
      vertex -2.909609e+01  1.048097e+02 -5.000000e+00
      vertex -3.809524e+01  1.089836e+02 -5.000000e+00
    endloop
  endfacet
  facet normal  4.207551e-01  9.071743e-01  -0.000000e+00
    outer loop
      vertex -2.909609e+01  1.048097e+02  5.000000e+00
      vertex -3.809524e+01  1.089836e+02 -5.000000e+00
      vertex -3.809524e+01  1.089836e+02  5.000000e+00
    endloop
  endfacet
  facet normal  0.000000e+00  0.000000e+00 -1.000000e+00
    outer loop
      vertex -6.426585e+01  9.163525e+01 -1.500000e+01
      vertex -7.427354e+01  9.298289e+01 -1.500000e+01
      vertex -6.213525e+01  9.581678e+01 -1.500000e+01
    endloop
  endfacet
  facet normal  0.000000e+00  0.000000e+00 -1.000000e+00
    outer loop
      vertex -2.572645e+01  9.298289e+01 -1.500000e+01
      vertex -3.573415e+01  9.163525e+01 -1.500000e+01
      vertex -3.786475e+01  9.581678e+01 -1.500000e+01
    endloop
  endfacet
  facet normal  0.000000e+00  -0.000000e+00 -9.999999e-01
    outer loop
      vertex -5.000000e+01  7.200000e+01 -1.500000e+01
      vertex -4.536475e+01  7.273415e+01 -1.500000e+01
      vertex -3.128723e+01  7.042194e+01 -1.500000e+01
    endloop
  endfacet
  facet normal  -0.000000e+00  0.000000e+00 -1.000000e+00
    outer loop
      vertex -5.000000e+01  7.200000e+01 -1.500000e+01
      vertex -3.128723e+01  7.042194e+01 -1.500000e+01
      vertex -3.579838e+01  6.642540e+01 -1.500000e+01
    endloop
  endfacet
  facet normal  -0.000000e+00  0.000000e+00 -1.000000e+00
    outer loop
      vertex -5.000000e+01  7.200000e+01 -1.500000e+01
      vertex -3.579838e+01  6.642540e+01 -1.500000e+01
      vertex -4.113488e+01  6.362460e+01 -1.500000e+01
    endloop
  endfacet
  facet normal  -0.000000e+00  0.000000e+00 -1.000000e+00
    outer loop
      vertex -5.000000e+01  7.200000e+01 -1.500000e+01
      vertex -4.113488e+01  6.362460e+01 -1.500000e+01
      vertex -4.698658e+01  6.218228e+01 -1.500000e+01
    endloop
  endfacet
  facet normal  0.000000e+00  -0.000000e+00 -1.000000e+00
    outer loop
      vertex -7.213640e+01  9.861808e+01 -1.500000e+01
      vertex -6.871277e+01  1.035781e+02 -1.500000e+01
      vertex -5.000000e+01  1.020000e+02 -1.500000e+01
    endloop
  endfacet
  facet normal  0.000000e+00  0.000000e+00 -1.000000e+00
    outer loop
      vertex -7.213640e+01  9.861808e+01 -1.500000e+01
      vertex -5.000000e+01  1.020000e+02 -1.500000e+01
      vertex -5.463525e+01  1.012658e+02 -1.500000e+01
    endloop
  endfacet
  facet normal  0.000000e+00  0.000000e+00 -1.000000e+00
    outer loop
      vertex -7.213640e+01  9.861808e+01 -1.500000e+01
      vertex -5.463525e+01  1.012658e+02 -1.500000e+01
      vertex -5.881678e+01  9.913525e+01 -1.500000e+01
    endloop
  endfacet
  facet normal  0.000000e+00  0.000000e+00 -1.000000e+00
    outer loop
      vertex -7.213640e+01  9.861808e+01 -1.500000e+01
      vertex -5.881678e+01  9.913525e+01 -1.500000e+01
      vertex -6.213525e+01  9.581678e+01 -1.500000e+01
    endloop
  endfacet
  facet normal  -0.000000e+00  0.000000e+00 -9.999999e-01
    outer loop
      vertex -7.213640e+01  9.861808e+01 -1.500000e+01
      vertex -6.213525e+01  9.581678e+01 -1.500000e+01
      vertex -7.427354e+01  9.298289e+01 -1.500000e+01
    endloop
  endfacet
  facet normal  0.000000e+00  0.000000e+00 -1.000000e+00
    outer loop
      vertex -6.871277e+01  7.042194e+01 -1.500000e+01
      vertex -7.213640e+01  7.538192e+01 -1.500000e+01
      vertex -5.881678e+01  7.486475e+01 -1.500000e+01
    endloop
  endfacet
  facet normal  0.000000e+00  -0.000000e+00 -1.000000e+00
    outer loop
      vertex -6.871277e+01  7.042194e+01 -1.500000e+01
      vertex -5.881678e+01  7.486475e+01 -1.500000e+01
      vertex -5.463525e+01  7.273415e+01 -1.500000e+01
    endloop
  endfacet
  facet normal  0.000000e+00  -0.000000e+00 -9.999999e-01
    outer loop
      vertex -6.871277e+01  7.042194e+01 -1.500000e+01
      vertex -5.463525e+01  7.273415e+01 -1.500000e+01
      vertex -5.000000e+01  7.200000e+01 -1.500000e+01
    endloop
  endfacet
  facet normal  0.000000e+00  0.000000e+00 -1.000000e+00
    outer loop
      vertex -5.000000e+01  1.020000e+02 -1.500000e+01
      vertex -6.871277e+01  1.035781e+02 -1.500000e+01
      vertex -6.420162e+01  1.075746e+02 -1.500000e+01
    endloop
  endfacet
  facet normal  0.000000e+00  0.000000e+00 -1.000000e+00
    outer loop
      vertex -5.000000e+01  1.020000e+02 -1.500000e+01
      vertex -6.420162e+01  1.075746e+02 -1.500000e+01
      vertex -5.886512e+01  1.103754e+02 -1.500000e+01
    endloop
  endfacet
  facet normal  0.000000e+00  0.000000e+00 -1.000000e+00
    outer loop
      vertex -5.000000e+01  1.020000e+02 -1.500000e+01
      vertex -5.886512e+01  1.103754e+02 -1.500000e+01
      vertex -5.301342e+01  1.118177e+02 -1.500000e+01
    endloop
  endfacet
  facet normal  0.000000e+00  0.000000e+00 -9.999999e-01
    outer loop
      vertex -5.000000e+01  1.020000e+02 -1.500000e+01
      vertex -5.301342e+01  1.118177e+02 -1.500000e+01
      vertex -4.698658e+01  1.118177e+02 -1.500000e+01
    endloop
  endfacet
  facet normal  0.000000e+00  -0.000000e+00 -1.000000e+00
    outer loop
      vertex -5.000000e+01  1.020000e+02 -1.500000e+01
      vertex -4.698658e+01  1.118177e+02 -1.500000e+01
      vertex -4.113488e+01  1.103754e+02 -1.500000e+01
    endloop
  endfacet
  facet normal  0.000000e+00  -0.000000e+00 -1.000000e+00
    outer loop
      vertex -5.000000e+01  1.020000e+02 -1.500000e+01
      vertex -4.113488e+01  1.103754e+02 -1.500000e+01
      vertex -3.579838e+01  1.075746e+02 -1.500000e+01
    endloop
  endfacet
  facet normal  0.000000e+00  -0.000000e+00 -9.999999e-01
    outer loop
      vertex -5.000000e+01  1.020000e+02 -1.500000e+01
      vertex -3.579838e+01  1.075746e+02 -1.500000e+01
      vertex -3.128723e+01  1.035781e+02 -1.500000e+01
    endloop
  endfacet
  facet normal  0.000000e+00  -0.000000e+00 -1.000000e+00
    outer loop
      vertex -5.000000e+01  1.020000e+02 -1.500000e+01
      vertex -3.128723e+01  1.035781e+02 -1.500000e+01
      vertex -2.786360e+01  9.861808e+01 -1.500000e+01
    endloop
  endfacet
  facet normal  0.000000e+00  0.000000e+00 -1.000000e+00
    outer loop
      vertex -5.000000e+01  1.020000e+02 -1.500000e+01
      vertex -2.786360e+01  9.861808e+01 -1.500000e+01
      vertex -4.536475e+01  1.012658e+02 -1.500000e+01
    endloop
  endfacet
  facet normal  0.000000e+00  0.000000e+00 -1.000000e+00
    outer loop
      vertex -4.698658e+01  6.218228e+01 -1.500000e+01
      vertex -5.301342e+01  6.218228e+01 -1.500000e+01
      vertex -5.000000e+01  7.200000e+01 -1.500000e+01
    endloop
  endfacet
  facet normal  0.000000e+00  0.000000e+00 -1.000000e+00
    outer loop
      vertex -5.000000e+01  7.200000e+01 -1.500000e+01
      vertex -5.301342e+01  6.218228e+01 -1.500000e+01
      vertex -6.871277e+01  7.042194e+01 -1.500000e+01
    endloop
  endfacet
  facet normal  0.000000e+00  0.000000e+00 -1.000000e+00
    outer loop
      vertex -5.301342e+01  6.218228e+01 -1.500000e+01
      vertex -5.886512e+01  6.362460e+01 -1.500000e+01
      vertex -6.871277e+01  7.042194e+01 -1.500000e+01
    endloop
  endfacet
  facet normal  0.000000e+00  0.000000e+00 -1.000000e+00
    outer loop
      vertex -6.871277e+01  7.042194e+01 -1.500000e+01
      vertex -5.886512e+01  6.362460e+01 -1.500000e+01
      vertex -6.420162e+01  6.642540e+01 -1.500000e+01
    endloop
  endfacet
  facet normal  0.000000e+00  0.000000e+00 -1.000000e+00
    outer loop
      vertex -5.881678e+01  7.486475e+01 -1.500000e+01
      vertex -7.213640e+01  7.538192e+01 -1.500000e+01
      vertex -6.213525e+01  7.818322e+01 -1.500000e+01
    endloop
  endfacet
  facet normal  -0.000000e+00  0.000000e+00 -9.999999e-01
    outer loop
      vertex -6.213525e+01  7.818322e+01 -1.500000e+01
      vertex -7.213640e+01  7.538192e+01 -1.500000e+01
      vertex -7.427354e+01  8.101711e+01 -1.500000e+01
    endloop
  endfacet
  facet normal  0.000000e+00  0.000000e+00 -1.000000e+00
    outer loop
      vertex -6.213525e+01  7.818322e+01 -1.500000e+01
      vertex -7.427354e+01  8.101711e+01 -1.500000e+01
      vertex -6.426585e+01  8.236475e+01 -1.500000e+01
    endloop
  endfacet
  facet normal  -0.000000e+00  0.000000e+00 -1.000000e+00
    outer loop
      vertex -6.426585e+01  8.236475e+01 -1.500000e+01
      vertex -7.427354e+01  8.101711e+01 -1.500000e+01
      vertex -7.500000e+01  8.700000e+01 -1.500000e+01
    endloop
  endfacet
  facet normal  0.000000e+00  0.000000e+00 -1.000000e+00
    outer loop
      vertex -6.426585e+01  8.236475e+01 -1.500000e+01
      vertex -7.500000e+01  8.700000e+01 -1.500000e+01
      vertex -6.500000e+01  8.700000e+01 -1.500000e+01
    endloop
  endfacet
  facet normal  0.000000e+00  0.000000e+00 -9.999999e-01
    outer loop
      vertex -6.500000e+01  8.700000e+01 -1.500000e+01
      vertex -7.500000e+01  8.700000e+01 -1.500000e+01
      vertex -7.427354e+01  9.298289e+01 -1.500000e+01
    endloop
  endfacet
  facet normal  0.000000e+00  0.000000e+00 -1.000000e+00
    outer loop
      vertex -6.500000e+01  8.700000e+01 -1.500000e+01
      vertex -7.427354e+01  9.298289e+01 -1.500000e+01
      vertex -6.426585e+01  9.163525e+01 -1.500000e+01
    endloop
  endfacet
  facet normal  0.000000e+00  0.000000e+00 -1.000000e+00
    outer loop
      vertex -4.536475e+01  1.012658e+02 -1.500000e+01
      vertex -2.786360e+01  9.861808e+01 -1.500000e+01
      vertex -4.118322e+01  9.913525e+01 -1.500000e+01
    endloop
  endfacet
  facet normal  0.000000e+00  0.000000e+00 -1.000000e+00
    outer loop
      vertex -4.118322e+01  9.913525e+01 -1.500000e+01
      vertex -2.786360e+01  9.861808e+01 -1.500000e+01
      vertex -2.572645e+01  9.298289e+01 -1.500000e+01
    endloop
  endfacet
  facet normal  0.000000e+00  0.000000e+00 -1.000000e+00
    outer loop
      vertex -4.118322e+01  9.913525e+01 -1.500000e+01
      vertex -2.572645e+01  9.298289e+01 -1.500000e+01
      vertex -3.786475e+01  9.581678e+01 -1.500000e+01
    endloop
  endfacet
  facet normal  0.000000e+00  -0.000000e+00 -9.999999e-01
    outer loop
      vertex -4.118322e+01  7.486475e+01 -1.500000e+01
      vertex -3.786475e+01  7.818322e+01 -1.500000e+01
      vertex -2.786360e+01  7.538192e+01 -1.500000e+01
    endloop
  endfacet
  facet normal  0.000000e+00  0.000000e+00 -1.000000e+00
    outer loop
      vertex -2.786360e+01  7.538192e+01 -1.500000e+01
      vertex -3.786475e+01  7.818322e+01 -1.500000e+01
      vertex -3.573415e+01  8.236475e+01 -1.500000e+01
    endloop
  endfacet
  facet normal  0.000000e+00  0.000000e+00 -1.000000e+00
    outer loop
      vertex -2.786360e+01  7.538192e+01 -1.500000e+01
      vertex -3.573415e+01  8.236475e+01 -1.500000e+01
      vertex -2.572645e+01  8.101711e+01 -1.500000e+01
    endloop
  endfacet
  facet normal  0.000000e+00  0.000000e+00 -1.000000e+00
    outer loop
      vertex -2.572645e+01  8.101711e+01 -1.500000e+01
      vertex -3.573415e+01  8.236475e+01 -1.500000e+01
      vertex -3.500000e+01  8.700000e+01 -1.500000e+01
    endloop
  endfacet
  facet normal  0.000000e+00  0.000000e+00 -9.999999e-01
    outer loop
      vertex -2.572645e+01  8.101711e+01 -1.500000e+01
      vertex -3.500000e+01  8.700000e+01 -1.500000e+01
      vertex -2.500000e+01  8.700000e+01 -1.500000e+01
    endloop
  endfacet
  facet normal  0.000000e+00  0.000000e+00 -1.000000e+00
    outer loop
      vertex -2.500000e+01  8.700000e+01 -1.500000e+01
      vertex -3.500000e+01  8.700000e+01 -1.500000e+01
      vertex -3.573415e+01  9.163525e+01 -1.500000e+01
    endloop
  endfacet
  facet normal  0.000000e+00  0.000000e+00 -1.000000e+00
    outer loop
      vertex -2.500000e+01  8.700000e+01 -1.500000e+01
      vertex -3.573415e+01  9.163525e+01 -1.500000e+01
      vertex -2.572645e+01  9.298289e+01 -1.500000e+01
    endloop
  endfacet
  facet normal  0.000000e+00  0.000000e+00 -1.000000e+00
    outer loop
      vertex -4.118322e+01  7.486475e+01 -1.500000e+01
      vertex -2.786360e+01  7.538192e+01 -1.500000e+01
      vertex -4.536475e+01  7.273415e+01 -1.500000e+01
    endloop
  endfacet
  facet normal  0.000000e+00  0.000000e+00 -1.000000e+00
    outer loop
      vertex -4.536475e+01  7.273415e+01 -1.500000e+01
      vertex -2.786360e+01  7.538192e+01 -1.500000e+01
      vertex -3.128723e+01  7.042194e+01 -1.500000e+01
    endloop
  endfacet
  facet normal  -0.000000e+00  0.000000e+00 -9.999999e-01
    outer loop
      vertex -7.000000e+01  2.000000e+01 -1.500000e+01
      vertex -7.517638e+01  1.931852e+01 -1.500000e+01
      vertex -9.345494e+01  1.870469e+01 -1.500000e+01
    endloop
  endfacet
  facet normal  0.000000e+00  0.000000e+00 -9.999999e-01
    outer loop
      vertex -7.000000e+01  2.000000e+01 -1.500000e+01
      vertex -9.345494e+01  1.870469e+01 -1.500000e+01
      vertex -8.870470e+01  2.345494e+01 -1.500000e+01
    endloop
  endfacet
  facet normal  0.000000e+00  0.000000e+00 -1.000000e+00
    outer loop
      vertex -7.000000e+01  2.000000e+01 -1.500000e+01
      vertex -8.870470e+01  2.345494e+01 -1.500000e+01
      vertex -8.301651e+01  2.702907e+01 -1.500000e+01
    endloop
  endfacet
  facet normal  0.000000e+00  0.000000e+00 -1.000000e+00
    outer loop
      vertex -7.000000e+01  2.000000e+01 -1.500000e+01
      vertex -8.301651e+01  2.702907e+01 -1.500000e+01
      vertex -7.667563e+01  2.924784e+01 -1.500000e+01
    endloop
  endfacet
  facet normal  0.000000e+00  0.000000e+00 -1.000000e+00
    outer loop
      vertex -7.000000e+01  2.000000e+01 -1.500000e+01
      vertex -7.667563e+01  2.924784e+01 -1.500000e+01
      vertex -7.000000e+01  3.000000e+01 -1.500000e+01
    endloop
  endfacet
  facet normal  0.000000e+00  0.000000e+00 -1.000000e+00
    outer loop
      vertex -7.000000e+01  2.000000e+01 -1.500000e+01
      vertex -7.000000e+01  3.000000e+01 -1.500000e+01
      vertex -6.332437e+01  2.924784e+01 -1.500000e+01
    endloop
  endfacet
  facet normal  0.000000e+00  -0.000000e+00 -1.000000e+00
    outer loop
      vertex -7.000000e+01  2.000000e+01 -1.500000e+01
      vertex -6.332437e+01  2.924784e+01 -1.500000e+01
      vertex -5.698349e+01  2.702907e+01 -1.500000e+01
    endloop
  endfacet
  facet normal  0.000000e+00  -0.000000e+00 -1.000000e+00
    outer loop
      vertex -7.000000e+01  2.000000e+01 -1.500000e+01
      vertex -5.698349e+01  2.702907e+01 -1.500000e+01
      vertex -5.129531e+01  2.345494e+01 -1.500000e+01
    endloop
  endfacet
  facet normal  0.000000e+00  -0.000000e+00 -1.000000e+00
    outer loop
      vertex -7.000000e+01  2.000000e+01 -1.500000e+01
      vertex -5.129531e+01  2.345494e+01 -1.500000e+01
      vertex -4.654506e+01  1.870469e+01 -1.500000e+01
    endloop
  endfacet
  facet normal  0.000000e+00  0.000000e+00 -9.999999e-01
    outer loop
      vertex -7.000000e+01  2.000000e+01 -1.500000e+01
      vertex -4.654506e+01  1.870469e+01 -1.500000e+01
      vertex -6.482362e+01  1.931852e+01 -1.500000e+01
    endloop
  endfacet
  facet normal  0.000000e+00  0.000000e+00 -1.000000e+00
    outer loop
      vertex -8.414214e+01  1.414214e+01 -1.500000e+01
      vertex -9.702907e+01  1.301651e+01 -1.500000e+01
      vertex -8.000000e+01  1.732051e+01 -1.500000e+01
    endloop
  endfacet
  facet normal  -0.000000e+00  0.000000e+00 -1.000000e+00
    outer loop
      vertex -8.000000e+01  1.732051e+01 -1.500000e+01
      vertex -9.702907e+01  1.301651e+01 -1.500000e+01
      vertex -9.345494e+01  1.870469e+01 -1.500000e+01
    endloop
  endfacet
  facet normal  0.000000e+00  0.000000e+00 -1.000000e+00
    outer loop
      vertex -8.000000e+01  1.732051e+01 -1.500000e+01
      vertex -9.345494e+01  1.870469e+01 -1.500000e+01
      vertex -7.517638e+01  1.931852e+01 -1.500000e+01
    endloop
  endfacet
  facet normal  0.000000e+00  0.000000e+00 -1.000000e+00
    outer loop
      vertex -8.931852e+01  5.176381e+00 -1.500000e+01
      vertex -9.924784e+01  6.675628e+00 -1.500000e+01
      vertex -8.732051e+01  1.000000e+01 -1.500000e+01
    endloop
  endfacet
  facet normal  -0.000000e+00  0.000000e+00 -1.000000e+00
    outer loop
      vertex -8.732051e+01  1.000000e+01 -1.500000e+01
      vertex -9.924784e+01  6.675628e+00 -1.500000e+01
      vertex -9.702907e+01  1.301651e+01 -1.500000e+01
    endloop
  endfacet
  facet normal  0.000000e+00  0.000000e+00 -1.000000e+00
    outer loop
      vertex -8.732051e+01  1.000000e+01 -1.500000e+01
      vertex -9.702907e+01  1.301651e+01 -1.500000e+01
      vertex -8.414214e+01  1.414214e+01 -1.500000e+01
    endloop
  endfacet
  facet normal  0.000000e+00  0.000000e+00 -1.000000e+00
    outer loop
      vertex -8.414214e+01 -1.414214e+01 -1.500000e+01
      vertex -9.702907e+01 -1.301651e+01 -1.500000e+01
      vertex -8.732051e+01 -1.000000e+01 -1.500000e+01
    endloop
  endfacet
  facet normal  -0.000000e+00  0.000000e+00 -1.000000e+00
    outer loop
      vertex -8.732051e+01 -1.000000e+01 -1.500000e+01
      vertex -9.702907e+01 -1.301651e+01 -1.500000e+01
      vertex -9.924784e+01 -6.675628e+00 -1.500000e+01
    endloop
  endfacet
  facet normal  0.000000e+00  0.000000e+00 -1.000000e+00
    outer loop
      vertex -8.732051e+01 -1.000000e+01 -1.500000e+01
      vertex -9.924784e+01 -6.675628e+00 -1.500000e+01
      vertex -8.931852e+01 -5.176381e+00 -1.500000e+01
    endloop
  endfacet
  facet normal  -0.000000e+00  0.000000e+00 -9.999999e-01
    outer loop
      vertex -8.931852e+01 -5.176381e+00 -1.500000e+01
      vertex -9.924784e+01 -6.675628e+00 -1.500000e+01
      vertex -1.000000e+02  1.699662e-14 -1.500000e+01
    endloop
  endfacet
  facet normal  0.000000e+00  0.000000e+00 -1.000000e+00
    outer loop
      vertex -8.931852e+01 -5.176381e+00 -1.500000e+01
      vertex -1.000000e+02  1.699662e-14 -1.500000e+01
      vertex -9.000000e+01  2.449294e-15 -1.500000e+01
    endloop
  endfacet
  facet normal  0.000000e+00  0.000000e+00 -1.000000e+00
    outer loop
      vertex -9.000000e+01  2.449294e-15 -1.500000e+01
      vertex -1.000000e+02  1.699662e-14 -1.500000e+01
      vertex -9.924784e+01  6.675628e+00 -1.500000e+01
    endloop
  endfacet
  facet normal  0.000000e+00  0.000000e+00 -9.999999e-01
    outer loop
      vertex -9.000000e+01  2.449294e-15 -1.500000e+01
      vertex -9.924784e+01  6.675628e+00 -1.500000e+01
      vertex -8.931852e+01  5.176381e+00 -1.500000e+01
    endloop
  endfacet
  facet normal  0.000000e+00  0.000000e+00 -1.000000e+00
    outer loop
      vertex -7.517638e+01 -1.931852e+01 -1.500000e+01
      vertex -9.345494e+01 -1.870469e+01 -1.500000e+01
      vertex -8.000000e+01 -1.732051e+01 -1.500000e+01
    endloop
  endfacet
  facet normal  -0.000000e+00  0.000000e+00 -1.000000e+00
    outer loop
      vertex -8.000000e+01 -1.732051e+01 -1.500000e+01
      vertex -9.345494e+01 -1.870469e+01 -1.500000e+01
      vertex -9.702907e+01 -1.301651e+01 -1.500000e+01
    endloop
  endfacet
  facet normal  0.000000e+00  0.000000e+00 -1.000000e+00
    outer loop
      vertex -8.000000e+01 -1.732051e+01 -1.500000e+01
      vertex -9.702907e+01 -1.301651e+01 -1.500000e+01
      vertex -8.414214e+01 -1.414214e+01 -1.500000e+01
    endloop
  endfacet
  facet normal  0.000000e+00  0.000000e+00 -1.000000e+00
    outer loop
      vertex -7.667563e+01 -2.924784e+01 -1.500000e+01
      vertex -8.301651e+01 -2.702907e+01 -1.500000e+01
      vertex -7.000000e+01 -3.000000e+01 -1.500000e+01
    endloop
  endfacet
  facet normal  0.000000e+00  0.000000e+00 -1.000000e+00
    outer loop
      vertex -7.000000e+01 -3.000000e+01 -1.500000e+01
      vertex -8.301651e+01 -2.702907e+01 -1.500000e+01
      vertex -8.870470e+01 -2.345494e+01 -1.500000e+01
    endloop
  endfacet
  facet normal  0.000000e+00  0.000000e+00 -1.000000e+00
    outer loop
      vertex -7.000000e+01 -3.000000e+01 -1.500000e+01
      vertex -8.870470e+01 -2.345494e+01 -1.500000e+01
      vertex -7.000000e+01 -2.000000e+01 -1.500000e+01
    endloop
  endfacet
  facet normal  -0.000000e+00  0.000000e+00 -9.999999e-01
    outer loop
      vertex -7.000000e+01 -2.000000e+01 -1.500000e+01
      vertex -8.870470e+01 -2.345494e+01 -1.500000e+01
      vertex -9.345494e+01 -1.870469e+01 -1.500000e+01
    endloop
  endfacet
  facet normal  0.000000e+00  0.000000e+00 -1.000000e+00
    outer loop
      vertex -7.000000e+01 -2.000000e+01 -1.500000e+01
      vertex -9.345494e+01 -1.870469e+01 -1.500000e+01
      vertex -7.517638e+01 -1.931852e+01 -1.500000e+01
    endloop
  endfacet
  facet normal  0.000000e+00  0.000000e+00 -1.000000e+00
    outer loop
      vertex -5.585786e+01  1.414214e+01 -1.500000e+01
      vertex -6.000000e+01  1.732051e+01 -1.500000e+01
      vertex -4.297094e+01  1.301651e+01 -1.500000e+01
    endloop
  endfacet
  facet normal  0.000000e+00  0.000000e+00 -1.000000e+00
    outer loop
      vertex -4.297094e+01  1.301651e+01 -1.500000e+01
      vertex -6.000000e+01  1.732051e+01 -1.500000e+01
      vertex -6.482362e+01  1.931852e+01 -1.500000e+01
    endloop
  endfacet
  facet normal  0.000000e+00  0.000000e+00 -1.000000e+00
    outer loop
      vertex -4.297094e+01  1.301651e+01 -1.500000e+01
      vertex -6.482362e+01  1.931852e+01 -1.500000e+01
      vertex -4.654506e+01  1.870469e+01 -1.500000e+01
    endloop
  endfacet
  facet normal  0.000000e+00  0.000000e+00 -1.000000e+00
    outer loop
      vertex -5.068148e+01  5.176381e+00 -1.500000e+01
      vertex -5.267949e+01  1.000000e+01 -1.500000e+01
      vertex -4.075216e+01  6.675628e+00 -1.500000e+01
    endloop
  endfacet
  facet normal  0.000000e+00  0.000000e+00 -1.000000e+00
    outer loop
      vertex -4.075216e+01  6.675628e+00 -1.500000e+01
      vertex -5.267949e+01  1.000000e+01 -1.500000e+01
      vertex -5.585786e+01  1.414214e+01 -1.500000e+01
    endloop
  endfacet
  facet normal  0.000000e+00  0.000000e+00 -1.000000e+00
    outer loop
      vertex -4.075216e+01  6.675628e+00 -1.500000e+01
      vertex -5.585786e+01  1.414214e+01 -1.500000e+01
      vertex -4.297094e+01  1.301651e+01 -1.500000e+01
    endloop
  endfacet
  facet normal  0.000000e+00  -0.000000e+00 -1.000000e+00
    outer loop
      vertex -5.585786e+01 -1.414214e+01 -1.500000e+01
      vertex -5.267949e+01 -1.000000e+01 -1.500000e+01
      vertex -4.297094e+01 -1.301651e+01 -1.500000e+01
    endloop
  endfacet
  facet normal  0.000000e+00  0.000000e+00 -1.000000e+00
    outer loop
      vertex -4.297094e+01 -1.301651e+01 -1.500000e+01
      vertex -5.267949e+01 -1.000000e+01 -1.500000e+01
      vertex -5.068148e+01 -5.176381e+00 -1.500000e+01
    endloop
  endfacet
  facet normal  0.000000e+00  0.000000e+00 -1.000000e+00
    outer loop
      vertex -4.297094e+01 -1.301651e+01 -1.500000e+01
      vertex -5.068148e+01 -5.176381e+00 -1.500000e+01
      vertex -4.075216e+01 -6.675628e+00 -1.500000e+01
    endloop
  endfacet
  facet normal  0.000000e+00  0.000000e+00 -1.000000e+00
    outer loop
      vertex -4.075216e+01 -6.675628e+00 -1.500000e+01
      vertex -5.068148e+01 -5.176381e+00 -1.500000e+01
      vertex -5.000000e+01 -4.898587e-15 -1.500000e+01
    endloop
  endfacet
  facet normal  0.000000e+00  0.000000e+00 -1.000000e+00
    outer loop
      vertex -4.075216e+01 -6.675628e+00 -1.500000e+01
      vertex -5.000000e+01 -4.898587e-15 -1.500000e+01
      vertex -4.000000e+01 -3.399323e-14 -1.500000e+01
    endloop
  endfacet
  facet normal  0.000000e+00  0.000000e+00 -1.000000e+00
    outer loop
      vertex -4.000000e+01 -3.399323e-14 -1.500000e+01
      vertex -5.000000e+01 -4.898587e-15 -1.500000e+01
      vertex -5.068148e+01  5.176381e+00 -1.500000e+01
    endloop
  endfacet
  facet normal  0.000000e+00  0.000000e+00 -1.000000e+00
    outer loop
      vertex -4.000000e+01 -3.399323e-14 -1.500000e+01
      vertex -5.068148e+01  5.176381e+00 -1.500000e+01
      vertex -4.075216e+01  6.675628e+00 -1.500000e+01
    endloop
  endfacet
  facet normal  0.000000e+00  -0.000000e+00 -1.000000e+00
    outer loop
      vertex -6.482362e+01 -1.931852e+01 -1.500000e+01
      vertex -6.000000e+01 -1.732051e+01 -1.500000e+01
      vertex -4.654506e+01 -1.870469e+01 -1.500000e+01
    endloop
  endfacet
  facet normal  0.000000e+00  0.000000e+00 -9.999999e-01
    outer loop
      vertex -4.654506e+01 -1.870469e+01 -1.500000e+01
      vertex -6.000000e+01 -1.732051e+01 -1.500000e+01
      vertex -5.585786e+01 -1.414214e+01 -1.500000e+01
    endloop
  endfacet
  facet normal  0.000000e+00  0.000000e+00 -1.000000e+00
    outer loop
      vertex -4.654506e+01 -1.870469e+01 -1.500000e+01
      vertex -5.585786e+01 -1.414214e+01 -1.500000e+01
      vertex -4.297094e+01 -1.301651e+01 -1.500000e+01
    endloop
  endfacet
  facet normal  0.000000e+00  0.000000e+00 -1.000000e+00
    outer loop
      vertex -6.332437e+01 -2.924784e+01 -1.500000e+01
      vertex -7.000000e+01 -3.000000e+01 -1.500000e+01
      vertex -5.698349e+01 -2.702907e+01 -1.500000e+01
    endloop
  endfacet
  facet normal  -0.000000e+00  0.000000e+00 -1.000000e+00
    outer loop
      vertex -5.698349e+01 -2.702907e+01 -1.500000e+01
      vertex -7.000000e+01 -3.000000e+01 -1.500000e+01
      vertex -7.000000e+01 -2.000000e+01 -1.500000e+01
    endloop
  endfacet
  facet normal  0.000000e+00  0.000000e+00 -1.000000e+00
    outer loop
      vertex -5.698349e+01 -2.702907e+01 -1.500000e+01
      vertex -7.000000e+01 -2.000000e+01 -1.500000e+01
      vertex -5.129531e+01 -2.345494e+01 -1.500000e+01
    endloop
  endfacet
  facet normal  0.000000e+00  0.000000e+00 -1.000000e+00
    outer loop
      vertex -5.129531e+01 -2.345494e+01 -1.500000e+01
      vertex -7.000000e+01 -2.000000e+01 -1.500000e+01
      vertex -6.482362e+01 -1.931852e+01 -1.500000e+01
    endloop
  endfacet
  facet normal  0.000000e+00  0.000000e+00 -9.999999e-01
    outer loop
      vertex -5.129531e+01 -2.345494e+01 -1.500000e+01
      vertex -6.482362e+01 -1.931852e+01 -1.500000e+01
      vertex -4.654506e+01 -1.870469e+01 -1.500000e+01
    endloop
  endfacet
endsolid CATIA STL
