solid CATIA STL
  facet normal  0.000000e+00  0.000000e+00  1.000000e+00
    outer loop
      vertex -9.000000e+01 -2.000000e+01  2.000000e+01
      vertex  9.000000e+01 -2.000000e+01  2.000000e+01
      vertex  8.833109e+01 -7.311959e+00  2.000000e+01
    endloop
  endfacet
  facet normal  0.000000e+00  0.000000e+00  1.000000e+00
    outer loop
      vertex -9.000000e+01 -2.000000e+01  2.000000e+01
      vertex  8.833109e+01 -7.311959e+00  2.000000e+01
      vertex  1.668907e+00 -7.311959e+00  2.000000e+01
    endloop
  endfacet
  facet normal  0.000000e+00  0.000000e+00  9.999999e-01
    outer loop
      vertex -9.000000e+01 -2.000000e+01  2.000000e+01
      vertex  1.668907e+00 -7.311959e+00  2.000000e+01
      vertex -1.668907e+00 -7.311959e+00  2.000000e+01
    endloop
  endfacet
  facet normal  0.000000e+00  0.000000e+00  1.000000e+00
    outer loop
      vertex -9.000000e+01 -2.000000e+01  2.000000e+01
      vertex -1.668907e+00 -7.311959e+00  2.000000e+01
      vertex -8.833109e+01 -7.311959e+00  2.000000e+01
    endloop
  endfacet
  facet normal  0.000000e+00  0.000000e+00  9.999999e-01
    outer loop
      vertex -9.000000e+01 -2.000000e+01  2.000000e+01
      vertex -8.833109e+01 -7.311959e+00  2.000000e+01
      vertex -9.166891e+01 -7.311959e+00  2.000000e+01
    endloop
  endfacet
  facet normal  0.000000e+00  0.000000e+00  1.000000e+00
    outer loop
      vertex -9.000000e+01 -2.000000e+01  2.000000e+01
      vertex -9.166891e+01 -7.311959e+00  2.000000e+01
      vertex -1.073205e+02 -1.000000e+01  2.000000e+01
    endloop
  endfacet
  facet normal  0.000000e+00  0.000000e+00  1.000000e+00
    outer loop
      vertex -9.000000e+01 -2.000000e+01  2.000000e+01
      vertex -1.073205e+02 -1.000000e+01  2.000000e+01
      vertex -1.041421e+02 -1.414214e+01  2.000000e+01
    endloop
  endfacet
  facet normal  0.000000e+00  0.000000e+00  1.000000e+00
    outer loop
      vertex -9.000000e+01 -2.000000e+01  2.000000e+01
      vertex -1.041421e+02 -1.414214e+01  2.000000e+01
      vertex -1.000000e+02 -1.732051e+01  2.000000e+01
    endloop
  endfacet
  facet normal  0.000000e+00  0.000000e+00  1.000000e+00
    outer loop
      vertex -9.000000e+01 -2.000000e+01  2.000000e+01
      vertex -1.000000e+02 -1.732051e+01  2.000000e+01
      vertex -9.517638e+01 -1.931852e+01  2.000000e+01
    endloop
  endfacet
  facet normal  0.000000e+00  -0.000000e+00  1.000000e+00
    outer loop
      vertex  9.000000e+01 -2.000000e+01  2.000000e+01
      vertex  9.517638e+01 -1.931852e+01  2.000000e+01
      vertex  1.000000e+02 -1.732051e+01  2.000000e+01
    endloop
  endfacet
  facet normal  0.000000e+00  -0.000000e+00  1.000000e+00
    outer loop
      vertex  9.000000e+01 -2.000000e+01  2.000000e+01
      vertex  1.000000e+02 -1.732051e+01  2.000000e+01
      vertex  1.041421e+02 -1.414214e+01  2.000000e+01
    endloop
  endfacet
  facet normal  0.000000e+00  -0.000000e+00  1.000000e+00
    outer loop
      vertex  9.000000e+01 -2.000000e+01  2.000000e+01
      vertex  1.041421e+02 -1.414214e+01  2.000000e+01
      vertex  1.073205e+02 -1.000000e+01  2.000000e+01
    endloop
  endfacet
  facet normal  0.000000e+00  0.000000e+00  1.000000e+00
    outer loop
      vertex  9.000000e+01 -2.000000e+01  2.000000e+01
      vertex  1.073205e+02 -1.000000e+01  2.000000e+01
      vertex  9.166891e+01 -7.311959e+00  2.000000e+01
    endloop
  endfacet
  facet normal  0.000000e+00  0.000000e+00  9.999999e-01
    outer loop
      vertex  9.000000e+01 -2.000000e+01  2.000000e+01
      vertex  9.166891e+01 -7.311959e+00  2.000000e+01
      vertex  8.833109e+01 -7.311959e+00  2.000000e+01
    endloop
  endfacet
  facet normal  0.000000e+00  0.000000e+00  1.000000e+00
    outer loop
      vertex -1.073205e+02 -1.000000e+01  2.000000e+01
      vertex -9.166891e+01 -7.311959e+00  2.000000e+01
      vertex -1.093185e+02 -5.176381e+00  2.000000e+01
    endloop
  endfacet
  facet normal  0.000000e+00  0.000000e+00  9.999999e-01
    outer loop
      vertex -1.093185e+02 -5.176381e+00  2.000000e+01
      vertex -9.166891e+01 -7.311959e+00  2.000000e+01
      vertex -9.467617e+01 -5.863736e+00  2.000000e+01
    endloop
  endfacet
  facet normal  0.000000e+00  0.000000e+00  1.000000e+00
    outer loop
      vertex -1.093185e+02 -5.176381e+00  2.000000e+01
      vertex -9.467617e+01 -5.863736e+00  2.000000e+01
      vertex -9.675726e+01 -3.254128e+00  2.000000e+01
    endloop
  endfacet
  facet normal  0.000000e+00  0.000000e+00  1.000000e+00
    outer loop
      vertex  9.000000e+01  2.000000e+01  2.000000e+01
      vertex  8.833109e+01  7.311959e+00  2.000000e+01
      vertex  9.517638e+01  1.931852e+01  2.000000e+01
    endloop
  endfacet
  facet normal  0.000000e+00  0.000000e+00  1.000000e+00
    outer loop
      vertex  9.517638e+01  1.931852e+01  2.000000e+01
      vertex  8.833109e+01  7.311959e+00  2.000000e+01
      vertex  9.166891e+01  7.311959e+00  2.000000e+01
    endloop
  endfacet
  facet normal  0.000000e+00  0.000000e+00  1.000000e+00
    outer loop
      vertex  9.517638e+01  1.931852e+01  2.000000e+01
      vertex  9.166891e+01  7.311959e+00  2.000000e+01
      vertex  1.000000e+02  1.732051e+01  2.000000e+01
    endloop
  endfacet
  facet normal  0.000000e+00  0.000000e+00  1.000000e+00
    outer loop
      vertex  1.041421e+02  1.414214e+01  2.000000e+01
      vertex  1.000000e+02  1.732051e+01  2.000000e+01
      vertex  1.073205e+02  1.000000e+01  2.000000e+01
    endloop
  endfacet
  facet normal  0.000000e+00  0.000000e+00  1.000000e+00
    outer loop
      vertex  1.073205e+02  1.000000e+01  2.000000e+01
      vertex  1.000000e+02  1.732051e+01  2.000000e+01
      vertex  9.166891e+01  7.311959e+00  2.000000e+01
    endloop
  endfacet
  facet normal  -0.000000e+00  0.000000e+00  1.000000e+00
    outer loop
      vertex  1.073205e+02  1.000000e+01  2.000000e+01
      vertex  9.166891e+01  7.311959e+00  2.000000e+01
      vertex  1.093185e+02  5.176381e+00  2.000000e+01
    endloop
  endfacet
  facet normal  0.000000e+00  0.000000e+00  9.999999e-01
    outer loop
      vertex  1.093185e+02  5.176381e+00  2.000000e+01
      vertex  9.166891e+01  7.311959e+00  2.000000e+01
      vertex  9.467617e+01  5.863736e+00  2.000000e+01
    endloop
  endfacet
  facet normal  0.000000e+00  0.000000e+00  1.000000e+00
    outer loop
      vertex  1.093185e+02  5.176381e+00  2.000000e+01
      vertex  9.467617e+01  5.863736e+00  2.000000e+01
      vertex  1.100000e+02 -4.898587e-15  2.000000e+01
    endloop
  endfacet
  facet normal  0.000000e+00  0.000000e+00  1.000000e+00
    outer loop
      vertex  1.100000e+02 -4.898587e-15  2.000000e+01
      vertex  9.467617e+01  5.863736e+00  2.000000e+01
      vertex  9.675726e+01  3.254128e+00  2.000000e+01
    endloop
  endfacet
  facet normal  0.000000e+00  0.000000e+00  1.000000e+00
    outer loop
      vertex  1.100000e+02 -4.898587e-15  2.000000e+01
      vertex  9.675726e+01  3.254128e+00  2.000000e+01
      vertex  9.750000e+01 -8.498309e-15  2.000000e+01
    endloop
  endfacet
  facet normal  0.000000e+00  -0.000000e+00  1.000000e+00
    outer loop
      vertex -9.000000e+01  2.000000e+01  2.000000e+01
      vertex -1.668907e+00  7.311959e+00  2.000000e+01
      vertex  9.000000e+01  2.000000e+01  2.000000e+01
    endloop
  endfacet
  facet normal  0.000000e+00  0.000000e+00  1.000000e+00
    outer loop
      vertex  9.000000e+01  2.000000e+01  2.000000e+01
      vertex -1.668907e+00  7.311959e+00  2.000000e+01
      vertex  1.668907e+00  7.311959e+00  2.000000e+01
    endloop
  endfacet
  facet normal  0.000000e+00  0.000000e+00  1.000000e+00
    outer loop
      vertex  9.000000e+01  2.000000e+01  2.000000e+01
      vertex  1.668907e+00  7.311959e+00  2.000000e+01
      vertex  8.833109e+01  7.311959e+00  2.000000e+01
    endloop
  endfacet
  facet normal  0.000000e+00  0.000000e+00  9.999999e-01
    outer loop
      vertex -8.833109e+01  7.311959e+00  2.000000e+01
      vertex -9.000000e+01  2.000000e+01  2.000000e+01
      vertex -9.166891e+01  7.311959e+00  2.000000e+01
    endloop
  endfacet
  facet normal  0.000000e+00  -0.000000e+00  1.000000e+00
    outer loop
      vertex -9.166891e+01  7.311959e+00  2.000000e+01
      vertex -9.000000e+01  2.000000e+01  2.000000e+01
      vertex -9.517638e+01  1.931852e+01  2.000000e+01
    endloop
  endfacet
  facet normal  0.000000e+00  0.000000e+00  1.000000e+00
    outer loop
      vertex -9.166891e+01  7.311959e+00  2.000000e+01
      vertex -9.517638e+01  1.931852e+01  2.000000e+01
      vertex -1.073205e+02  1.000000e+01  2.000000e+01
    endloop
  endfacet
  facet normal  0.000000e+00  0.000000e+00  1.000000e+00
    outer loop
      vertex -1.073205e+02  1.000000e+01  2.000000e+01
      vertex -9.517638e+01  1.931852e+01  2.000000e+01
      vertex -1.000000e+02  1.732051e+01  2.000000e+01
    endloop
  endfacet
  facet normal  0.000000e+00  0.000000e+00  1.000000e+00
    outer loop
      vertex -1.073205e+02  1.000000e+01  2.000000e+01
      vertex -1.000000e+02  1.732051e+01  2.000000e+01
      vertex -1.041421e+02  1.414214e+01  2.000000e+01
    endloop
  endfacet
  facet normal  0.000000e+00  0.000000e+00  1.000000e+00
    outer loop
      vertex -9.166891e+01  7.311959e+00  2.000000e+01
      vertex -1.073205e+02  1.000000e+01  2.000000e+01
      vertex -9.467617e+01  5.863736e+00  2.000000e+01
    endloop
  endfacet
  facet normal  0.000000e+00  0.000000e+00  1.000000e+00
    outer loop
      vertex -9.467617e+01  5.863736e+00  2.000000e+01
      vertex -1.073205e+02  1.000000e+01  2.000000e+01
      vertex -1.093185e+02  5.176381e+00  2.000000e+01
    endloop
  endfacet
  facet normal  -0.000000e+00  0.000000e+00  1.000000e+00
    outer loop
      vertex -9.467617e+01  5.863736e+00  2.000000e+01
      vertex -1.093185e+02  5.176381e+00  2.000000e+01
      vertex -9.675726e+01  3.254128e+00  2.000000e+01
    endloop
  endfacet
  facet normal  0.000000e+00  0.000000e+00  1.000000e+00
    outer loop
      vertex -9.675726e+01  3.254128e+00  2.000000e+01
      vertex -1.093185e+02  5.176381e+00  2.000000e+01
      vertex -1.100000e+02  2.449294e-15  2.000000e+01
    endloop
  endfacet
  facet normal  0.000000e+00  0.000000e+00  1.000000e+00
    outer loop
      vertex -9.675726e+01  3.254128e+00  2.000000e+01
      vertex -1.100000e+02  2.449294e-15  2.000000e+01
      vertex -9.750000e+01  4.249154e-15  2.000000e+01
    endloop
  endfacet
  facet normal  0.000000e+00  -0.000000e+00  1.000000e+00
    outer loop
      vertex -1.100000e+02  2.449294e-15  2.000000e+01
      vertex -1.093185e+02 -5.176381e+00  2.000000e+01
      vertex -9.750000e+01  4.249154e-15  2.000000e+01
    endloop
  endfacet
  facet normal  0.000000e+00  0.000000e+00  1.000000e+00
    outer loop
      vertex -9.750000e+01  4.249154e-15  2.000000e+01
      vertex -1.093185e+02 -5.176381e+00  2.000000e+01
      vertex -9.675726e+01 -3.254128e+00  2.000000e+01
    endloop
  endfacet
  facet normal  0.000000e+00  0.000000e+00  9.999999e-01
    outer loop
      vertex -8.833109e+01 -7.311959e+00  2.000000e+01
      vertex -1.668907e+00 -7.311959e+00  2.000000e+01
      vertex -8.532383e+01 -5.863736e+00  2.000000e+01
    endloop
  endfacet
  facet normal  -0.000000e+00  0.000000e+00  1.000000e+00
    outer loop
      vertex -8.532383e+01 -5.863736e+00  2.000000e+01
      vertex -1.668907e+00 -7.311959e+00  2.000000e+01
      vertex -4.676174e+00 -5.863736e+00  2.000000e+01
    endloop
  endfacet
  facet normal  0.000000e+00  0.000000e+00  9.999999e-01
    outer loop
      vertex -8.532383e+01 -5.863736e+00  2.000000e+01
      vertex -4.676174e+00 -5.863736e+00  2.000000e+01
      vertex -8.324274e+01 -3.254128e+00  2.000000e+01
    endloop
  endfacet
  facet normal  -0.000000e+00  0.000000e+00  1.000000e+00
    outer loop
      vertex -8.324274e+01 -3.254128e+00  2.000000e+01
      vertex -4.676174e+00 -5.863736e+00  2.000000e+01
      vertex -6.757267e+00 -3.254128e+00  2.000000e+01
    endloop
  endfacet
  facet normal  0.000000e+00  0.000000e+00  1.000000e+00
    outer loop
      vertex -8.324274e+01 -3.254128e+00  2.000000e+01
      vertex -6.757267e+00 -3.254128e+00  2.000000e+01
      vertex -8.250000e+01  0.000000e+00  2.000000e+01
    endloop
  endfacet
  facet normal  -0.000000e+00  0.000000e+00  1.000000e+00
    outer loop
      vertex -8.250000e+01  0.000000e+00  2.000000e+01
      vertex -6.757267e+00 -3.254128e+00  2.000000e+01
      vertex -7.500000e+00  4.249154e-15  2.000000e+01
    endloop
  endfacet
  facet normal  0.000000e+00  0.000000e+00  1.000000e+00
    outer loop
      vertex -8.250000e+01  0.000000e+00  2.000000e+01
      vertex -7.500000e+00  4.249154e-15  2.000000e+01
      vertex -8.324274e+01  3.254128e+00  2.000000e+01
    endloop
  endfacet
  facet normal  -0.000000e+00  0.000000e+00  1.000000e+00
    outer loop
      vertex -8.324274e+01  3.254128e+00  2.000000e+01
      vertex -7.500000e+00  4.249154e-15  2.000000e+01
      vertex -6.757267e+00  3.254128e+00  2.000000e+01
    endloop
  endfacet
  facet normal  0.000000e+00  0.000000e+00  1.000000e+00
    outer loop
      vertex -8.324274e+01  3.254128e+00  2.000000e+01
      vertex -6.757267e+00  3.254128e+00  2.000000e+01
      vertex -8.532383e+01  5.863736e+00  2.000000e+01
    endloop
  endfacet
  facet normal  -0.000000e+00  0.000000e+00  9.999999e-01
    outer loop
      vertex -8.532383e+01  5.863736e+00  2.000000e+01
      vertex -6.757267e+00  3.254128e+00  2.000000e+01
      vertex -4.676174e+00  5.863736e+00  2.000000e+01
    endloop
  endfacet
  facet normal  0.000000e+00  0.000000e+00  1.000000e+00
    outer loop
      vertex -8.532383e+01  5.863736e+00  2.000000e+01
      vertex -4.676174e+00  5.863736e+00  2.000000e+01
      vertex -8.833109e+01  7.311959e+00  2.000000e+01
    endloop
  endfacet
  facet normal  -0.000000e+00  0.000000e+00  9.999999e-01
    outer loop
      vertex -8.833109e+01  7.311959e+00  2.000000e+01
      vertex -4.676174e+00  5.863736e+00  2.000000e+01
      vertex -1.668907e+00  7.311959e+00  2.000000e+01
    endloop
  endfacet
  facet normal  0.000000e+00  0.000000e+00  1.000000e+00
    outer loop
      vertex -8.833109e+01  7.311959e+00  2.000000e+01
      vertex -1.668907e+00  7.311959e+00  2.000000e+01
      vertex -9.000000e+01  2.000000e+01  2.000000e+01
    endloop
  endfacet
  facet normal  -0.000000e+00  0.000000e+00  9.999999e-01
    outer loop
      vertex  8.833109e+01  7.311959e+00  2.000000e+01
      vertex  1.668907e+00  7.311959e+00  2.000000e+01
      vertex  8.532383e+01  5.863736e+00  2.000000e+01
    endloop
  endfacet
  facet normal  0.000000e+00  0.000000e+00  1.000000e+00
    outer loop
      vertex  8.532383e+01  5.863736e+00  2.000000e+01
      vertex  1.668907e+00  7.311959e+00  2.000000e+01
      vertex  4.676174e+00  5.863736e+00  2.000000e+01
    endloop
  endfacet
  facet normal  -0.000000e+00  0.000000e+00  9.999999e-01
    outer loop
      vertex  8.532383e+01  5.863736e+00  2.000000e+01
      vertex  4.676174e+00  5.863736e+00  2.000000e+01
      vertex  8.324274e+01  3.254128e+00  2.000000e+01
    endloop
  endfacet
  facet normal  0.000000e+00  0.000000e+00  1.000000e+00
    outer loop
      vertex  8.324274e+01  3.254128e+00  2.000000e+01
      vertex  4.676174e+00  5.863736e+00  2.000000e+01
      vertex  6.757267e+00  3.254128e+00  2.000000e+01
    endloop
  endfacet
  facet normal  -0.000000e+00  0.000000e+00  1.000000e+00
    outer loop
      vertex  8.324274e+01  3.254128e+00  2.000000e+01
      vertex  6.757267e+00  3.254128e+00  2.000000e+01
      vertex  8.250000e+01  4.249154e-15  2.000000e+01
    endloop
  endfacet
  facet normal  0.000000e+00  0.000000e+00  1.000000e+00
    outer loop
      vertex  8.250000e+01  4.249154e-15  2.000000e+01
      vertex  6.757267e+00  3.254128e+00  2.000000e+01
      vertex  7.500000e+00  0.000000e+00  2.000000e+01
    endloop
  endfacet
  facet normal  -0.000000e+00  0.000000e+00  1.000000e+00
    outer loop
      vertex  8.250000e+01  4.249154e-15  2.000000e+01
      vertex  7.500000e+00  0.000000e+00  2.000000e+01
      vertex  8.324274e+01 -3.254128e+00  2.000000e+01
    endloop
  endfacet
  facet normal  0.000000e+00  0.000000e+00  1.000000e+00
    outer loop
      vertex  8.324274e+01 -3.254128e+00  2.000000e+01
      vertex  7.500000e+00  0.000000e+00  2.000000e+01
      vertex  6.757267e+00 -3.254128e+00  2.000000e+01
    endloop
  endfacet
  facet normal  -0.000000e+00  0.000000e+00  1.000000e+00
    outer loop
      vertex  8.324274e+01 -3.254128e+00  2.000000e+01
      vertex  6.757267e+00 -3.254128e+00  2.000000e+01
      vertex  8.532383e+01 -5.863736e+00  2.000000e+01
    endloop
  endfacet
  facet normal  0.000000e+00  0.000000e+00  9.999999e-01
    outer loop
      vertex  8.532383e+01 -5.863736e+00  2.000000e+01
      vertex  6.757267e+00 -3.254128e+00  2.000000e+01
      vertex  4.676174e+00 -5.863736e+00  2.000000e+01
    endloop
  endfacet
  facet normal  -0.000000e+00  0.000000e+00  1.000000e+00
    outer loop
      vertex  8.532383e+01 -5.863736e+00  2.000000e+01
      vertex  4.676174e+00 -5.863736e+00  2.000000e+01
      vertex  8.833109e+01 -7.311959e+00  2.000000e+01
    endloop
  endfacet
  facet normal  0.000000e+00  0.000000e+00  9.999999e-01
    outer loop
      vertex  8.833109e+01 -7.311959e+00  2.000000e+01
      vertex  4.676174e+00 -5.863736e+00  2.000000e+01
      vertex  1.668907e+00 -7.311959e+00  2.000000e+01
    endloop
  endfacet
  facet normal  -0.000000e+00  0.000000e+00  1.000000e+00
    outer loop
      vertex  1.100000e+02 -4.898587e-15  2.000000e+01
      vertex  9.750000e+01 -8.498309e-15  2.000000e+01
      vertex  1.093185e+02 -5.176381e+00  2.000000e+01
    endloop
  endfacet
  facet normal  0.000000e+00  0.000000e+00  1.000000e+00
    outer loop
      vertex  1.093185e+02 -5.176381e+00  2.000000e+01
      vertex  9.750000e+01 -8.498309e-15  2.000000e+01
      vertex  9.675726e+01 -3.254128e+00  2.000000e+01
    endloop
  endfacet
  facet normal  0.000000e+00  0.000000e+00  1.000000e+00
    outer loop
      vertex  1.093185e+02 -5.176381e+00  2.000000e+01
      vertex  9.675726e+01 -3.254128e+00  2.000000e+01
      vertex  9.467617e+01 -5.863736e+00  2.000000e+01
    endloop
  endfacet
  facet normal  0.000000e+00  0.000000e+00  1.000000e+00
    outer loop
      vertex  9.467617e+01 -5.863736e+00  2.000000e+01
      vertex  9.166891e+01 -7.311959e+00  2.000000e+01
      vertex  1.093185e+02 -5.176381e+00  2.000000e+01
    endloop
  endfacet
  facet normal  0.000000e+00  0.000000e+00  1.000000e+00
    outer loop
      vertex  1.093185e+02 -5.176381e+00  2.000000e+01
      vertex  9.166891e+01 -7.311959e+00  2.000000e+01
      vertex  1.073205e+02 -1.000000e+01  2.000000e+01
    endloop
  endfacet
  facet normal  0.000000e+00  0.000000e+00  1.000000e+00
    outer loop
      vertex -1.042358e+02  3.197409e+01  2.000000e+01
      vertex -1.551612e+02  2.557387e+01  2.000000e+01
      vertex -1.105725e+02  2.831560e+01  2.000000e+01
    endloop
  endfacet
  facet normal  -0.000000e+00  0.000000e+00  1.000000e+00
    outer loop
      vertex -1.105725e+02  2.831560e+01  2.000000e+01
      vertex -1.551612e+02  2.557387e+01  2.000000e+01
      vertex -1.160101e+02  2.341957e+01  2.000000e+01
    endloop
  endfacet
  facet normal  0.000000e+00  0.000000e+00  1.000000e+00
    outer loop
      vertex -9.727691e+01 -3.423516e+01  2.000000e+01
      vertex -1.042358e+02 -3.197409e+01  2.000000e+01
      vertex -1.506218e+02 -3.500000e+01  2.000000e+01
    endloop
  endfacet
  facet normal  0.000000e+00  0.000000e+00  1.000000e+00
    outer loop
      vertex -9.000000e+01 -3.500000e+01  2.000000e+01
      vertex -9.727691e+01 -3.423516e+01  2.000000e+01
      vertex -1.506218e+02 -3.500000e+01  2.000000e+01
    endloop
  endfacet
  facet normal  -0.000000e+00  0.000000e+00  9.999999e-01
    outer loop
      vertex -1.000000e+02 -5.500000e+01  2.000000e+01
      vertex -1.294324e+02 -5.783672e+01  2.000000e+01
      vertex -9.923879e+01 -5.882684e+01  2.000000e+01
    endloop
  endfacet
  facet normal  0.000000e+00  0.000000e+00  1.000000e+00
    outer loop
      vertex  1.551612e+02  2.557387e+01  2.000000e+01
      vertex  1.042358e+02  3.197409e+01  2.000000e+01
      vertex  1.105725e+02  2.831560e+01  2.000000e+01
    endloop
  endfacet
  facet normal  0.000000e+00  -0.000000e+00  1.000000e+00
    outer loop
      vertex  1.105725e+02  2.831560e+01  2.000000e+01
      vertex  1.160101e+02  2.341957e+01  2.000000e+01
      vertex  1.551612e+02  2.557387e+01  2.000000e+01
    endloop
  endfacet
  facet normal  0.000000e+00  0.000000e+00  1.000000e+00
    outer loop
      vertex  1.000000e+02 -5.500000e+01  2.000000e+01
      vertex  9.923879e+01 -5.882684e+01  2.000000e+01
      vertex  1.294324e+02 -5.783672e+01  2.000000e+01
    endloop
  endfacet
  facet normal  0.000000e+00  0.000000e+00  1.000000e+00
    outer loop
      vertex -1.447282e+02  4.364429e+01  2.000000e+01
      vertex -1.506218e+02  3.500000e+01  2.000000e+01
      vertex -9.000000e+01  3.500000e+01  2.000000e+01
    endloop
  endfacet
  facet normal  0.000000e+00  -0.000000e+00  1.000000e+00
    outer loop
      vertex -1.447282e+02  4.364429e+01  2.000000e+01
      vertex -9.000000e+01  3.500000e+01  2.000000e+01
      vertex -9.000000e+01  4.500000e+01  2.000000e+01
    endloop
  endfacet
  facet normal  0.000000e+00  0.000000e+00  1.000000e+00
    outer loop
      vertex -1.447282e+02  4.364429e+01  2.000000e+01
      vertex -9.000000e+01  4.500000e+01  2.000000e+01
      vertex -9.382684e+01  4.576120e+01  2.000000e+01
    endloop
  endfacet
  facet normal  0.000000e+00  0.000000e+00  1.000000e+00
    outer loop
      vertex -1.447282e+02  4.364429e+01  2.000000e+01
      vertex -9.382684e+01  4.576120e+01  2.000000e+01
      vertex -9.707107e+01  4.792893e+01  2.000000e+01
    endloop
  endfacet
  facet normal  0.000000e+00  0.000000e+00  1.000000e+00
    outer loop
      vertex -1.447282e+02  4.364429e+01  2.000000e+01
      vertex -9.707107e+01  4.792893e+01  2.000000e+01
      vertex -9.923879e+01  5.117316e+01  2.000000e+01
    endloop
  endfacet
  facet normal  0.000000e+00  0.000000e+00  1.000000e+00
    outer loop
      vertex -1.447282e+02  4.364429e+01  2.000000e+01
      vertex -9.923879e+01  5.117316e+01  2.000000e+01
      vertex -1.376121e+02  5.131363e+01  2.000000e+01
    endloop
  endfacet
  facet normal  0.000000e+00  -0.000000e+00  1.000000e+00
    outer loop
      vertex -1.376121e+02 -5.131363e+01  2.000000e+01
      vertex -1.294324e+02 -5.783672e+01  2.000000e+01
      vertex -1.000000e+02 -5.500000e+01  2.000000e+01
    endloop
  endfacet
  facet normal  0.000000e+00  -0.000000e+00  1.000000e+00
    outer loop
      vertex -1.376121e+02 -5.131363e+01  2.000000e+01
      vertex -1.000000e+02 -5.500000e+01  2.000000e+01
      vertex -9.923879e+01 -5.117316e+01  2.000000e+01
    endloop
  endfacet
  facet normal  0.000000e+00  -0.000000e+00  9.999999e-01
    outer loop
      vertex -1.376121e+02 -5.131363e+01  2.000000e+01
      vertex -9.923879e+01 -5.117316e+01  2.000000e+01
      vertex -9.707107e+01 -4.792893e+01  2.000000e+01
    endloop
  endfacet
  facet normal  0.000000e+00  -0.000000e+00  1.000000e+00
    outer loop
      vertex -1.376121e+02 -5.131363e+01  2.000000e+01
      vertex -9.707107e+01 -4.792893e+01  2.000000e+01
      vertex -9.382684e+01 -4.576120e+01  2.000000e+01
    endloop
  endfacet
  facet normal  0.000000e+00  -0.000000e+00  1.000000e+00
    outer loop
      vertex -1.376121e+02 -5.131363e+01  2.000000e+01
      vertex -9.382684e+01 -4.576120e+01  2.000000e+01
      vertex -9.000000e+01 -4.500000e+01  2.000000e+01
    endloop
  endfacet
  facet normal  0.000000e+00  0.000000e+00  1.000000e+00
    outer loop
      vertex -1.376121e+02 -5.131363e+01  2.000000e+01
      vertex -9.000000e+01 -4.500000e+01  2.000000e+01
      vertex -1.447282e+02 -4.364429e+01  2.000000e+01
    endloop
  endfacet
  facet normal  0.000000e+00  0.000000e+00  1.000000e+00
    outer loop
      vertex  1.447282e+02  4.364429e+01  2.000000e+01
      vertex  1.376121e+02  5.131363e+01  2.000000e+01
      vertex  9.923879e+01  5.117316e+01  2.000000e+01
    endloop
  endfacet
  facet normal  0.000000e+00  0.000000e+00  1.000000e+00
    outer loop
      vertex  1.447282e+02  4.364429e+01  2.000000e+01
      vertex  9.923879e+01  5.117316e+01  2.000000e+01
      vertex  9.707107e+01  4.792893e+01  2.000000e+01
    endloop
  endfacet
  facet normal  0.000000e+00  0.000000e+00  1.000000e+00
    outer loop
      vertex  1.447282e+02  4.364429e+01  2.000000e+01
      vertex  9.707107e+01  4.792893e+01  2.000000e+01
      vertex  9.382684e+01  4.576120e+01  2.000000e+01
    endloop
  endfacet
  facet normal  0.000000e+00  0.000000e+00  1.000000e+00
    outer loop
      vertex  1.447282e+02  4.364429e+01  2.000000e+01
      vertex  9.382684e+01  4.576120e+01  2.000000e+01
      vertex  9.000000e+01  4.500000e+01  2.000000e+01
    endloop
  endfacet
  facet normal  0.000000e+00  0.000000e+00  1.000000e+00
    outer loop
      vertex  1.447282e+02  4.364429e+01  2.000000e+01
      vertex  9.000000e+01  4.500000e+01  2.000000e+01
      vertex  9.000000e+01  3.500000e+01  2.000000e+01
    endloop
  endfacet
  facet normal  0.000000e+00  0.000000e+00  1.000000e+00
    outer loop
      vertex  1.447282e+02  4.364429e+01  2.000000e+01
      vertex  9.000000e+01  3.500000e+01  2.000000e+01
      vertex  1.506218e+02  3.500000e+01  2.000000e+01
    endloop
  endfacet
  facet normal  0.000000e+00  0.000000e+00  1.000000e+00
    outer loop
      vertex  1.506218e+02 -3.500000e+01  2.000000e+01
      vertex  1.551612e+02 -2.557387e+01  2.000000e+01
      vertex  1.160101e+02 -2.341957e+01  2.000000e+01
    endloop
  endfacet
  facet normal  0.000000e+00  0.000000e+00  1.000000e+00
    outer loop
      vertex  1.506218e+02 -3.500000e+01  2.000000e+01
      vertex  1.160101e+02 -2.341957e+01  2.000000e+01
      vertex  1.105725e+02 -2.831560e+01  2.000000e+01
    endloop
  endfacet
  facet normal  0.000000e+00  0.000000e+00  1.000000e+00
    outer loop
      vertex  1.506218e+02 -3.500000e+01  2.000000e+01
      vertex  1.105725e+02 -2.831560e+01  2.000000e+01
      vertex  1.042358e+02 -3.197409e+01  2.000000e+01
    endloop
  endfacet
  facet normal  0.000000e+00  0.000000e+00  1.000000e+00
    outer loop
      vertex  1.506218e+02 -3.500000e+01  2.000000e+01
      vertex  1.042358e+02 -3.197409e+01  2.000000e+01
      vertex  9.727691e+01 -3.423516e+01  2.000000e+01
    endloop
  endfacet
  facet normal  0.000000e+00  0.000000e+00  1.000000e+00
    outer loop
      vertex  1.506218e+02 -3.500000e+01  2.000000e+01
      vertex  9.727691e+01 -3.423516e+01  2.000000e+01
      vertex  9.000000e+01 -3.500000e+01  2.000000e+01
    endloop
  endfacet
  facet normal  -0.000000e+00  0.000000e+00  9.999999e-01
    outer loop
      vertex  1.506218e+02 -3.500000e+01  2.000000e+01
      vertex  9.000000e+01 -3.500000e+01  2.000000e+01
      vertex  9.000000e+01 -4.500000e+01  2.000000e+01
    endloop
  endfacet
  facet normal  0.000000e+00  0.000000e+00  1.000000e+00
    outer loop
      vertex  1.506218e+02 -3.500000e+01  2.000000e+01
      vertex  9.000000e+01 -4.500000e+01  2.000000e+01
      vertex  1.447282e+02 -4.364429e+01  2.000000e+01
    endloop
  endfacet
  facet normal  0.000000e+00  0.000000e+00  1.000000e+00
    outer loop
      vertex  1.376121e+02 -5.131363e+01  2.000000e+01
      vertex  1.447282e+02 -4.364429e+01  2.000000e+01
      vertex  9.000000e+01 -4.500000e+01  2.000000e+01
    endloop
  endfacet
  facet normal  0.000000e+00  0.000000e+00  1.000000e+00
    outer loop
      vertex  1.376121e+02 -5.131363e+01  2.000000e+01
      vertex  9.000000e+01 -4.500000e+01  2.000000e+01
      vertex  9.382684e+01 -4.576120e+01  2.000000e+01
    endloop
  endfacet
  facet normal  0.000000e+00  0.000000e+00  1.000000e+00
    outer loop
      vertex  1.376121e+02 -5.131363e+01  2.000000e+01
      vertex  9.382684e+01 -4.576120e+01  2.000000e+01
      vertex  9.707107e+01 -4.792893e+01  2.000000e+01
    endloop
  endfacet
  facet normal  0.000000e+00  0.000000e+00  9.999999e-01
    outer loop
      vertex  1.376121e+02 -5.131363e+01  2.000000e+01
      vertex  9.707107e+01 -4.792893e+01  2.000000e+01
      vertex  9.923879e+01 -5.117316e+01  2.000000e+01
    endloop
  endfacet
  facet normal  0.000000e+00  0.000000e+00  1.000000e+00
    outer loop
      vertex  1.376121e+02 -5.131363e+01  2.000000e+01
      vertex  9.923879e+01 -5.117316e+01  2.000000e+01
      vertex  1.000000e+02 -5.500000e+01  2.000000e+01
    endloop
  endfacet
  facet normal  -0.000000e+00  0.000000e+00  1.000000e+00
    outer loop
      vertex  1.376121e+02 -5.131363e+01  2.000000e+01
      vertex  1.000000e+02 -5.500000e+01  2.000000e+01
      vertex  1.294324e+02 -5.783672e+01  2.000000e+01
    endloop
  endfacet
  facet normal  0.000000e+00  0.000000e+00  1.000000e+00
    outer loop
      vertex  1.004330e+02 -6.921815e+01  2.000000e+01
      vertex  1.106329e+02 -6.689010e+01  2.000000e+01
      vertex  9.000000e+01 -7.000000e+01  2.000000e+01
    endloop
  endfacet
  facet normal  0.000000e+00  0.000000e+00  1.000000e+00
    outer loop
      vertex  9.000000e+01 -7.000000e+01  2.000000e+01
      vertex  1.106329e+02 -6.689010e+01  2.000000e+01
      vertex  9.000000e+01 -6.500000e+01  2.000000e+01
    endloop
  endfacet
  facet normal  0.000000e+00  0.000000e+00  1.000000e+00
    outer loop
      vertex  9.000000e+01 -7.000000e+01  2.000000e+01
      vertex  9.000000e+01 -6.500000e+01  2.000000e+01
      vertex -9.000000e+01 -7.000000e+01  2.000000e+01
    endloop
  endfacet
  facet normal  0.000000e+00  0.000000e+00  1.000000e+00
    outer loop
      vertex -9.000000e+01 -7.000000e+01  2.000000e+01
      vertex  9.000000e+01 -6.500000e+01  2.000000e+01
      vertex -1.836970e-15 -6.500000e+01  2.000000e+01
    endloop
  endfacet
  facet normal  0.000000e+00  0.000000e+00  1.000000e+00
    outer loop
      vertex -9.000000e+01 -7.000000e+01  2.000000e+01
      vertex -1.836970e-15 -6.500000e+01  2.000000e+01
      vertex -9.000000e+01 -6.500000e+01  2.000000e+01
    endloop
  endfacet
  facet normal  0.000000e+00  -0.000000e+00  1.000000e+00
    outer loop
      vertex -1.506218e+02 -3.500000e+01  2.000000e+01
      vertex -1.447282e+02 -4.364429e+01  2.000000e+01
      vertex -9.000000e+01 -3.500000e+01  2.000000e+01
    endloop
  endfacet
  facet normal  0.000000e+00  0.000000e+00  1.000000e+00
    outer loop
      vertex -9.000000e+01 -3.500000e+01  2.000000e+01
      vertex -1.447282e+02 -4.364429e+01  2.000000e+01
      vertex -9.000000e+01 -4.500000e+01  2.000000e+01
    endloop
  endfacet
  facet normal  0.000000e+00  0.000000e+00  1.000000e+00
    outer loop
      vertex -9.000000e+01 -3.500000e+01  2.000000e+01
      vertex -9.000000e+01 -4.500000e+01  2.000000e+01
      vertex  9.000000e+01 -3.500000e+01  2.000000e+01
    endloop
  endfacet
  facet normal  0.000000e+00  0.000000e+00  1.000000e+00
    outer loop
      vertex  9.000000e+01 -3.500000e+01  2.000000e+01
      vertex -9.000000e+01 -4.500000e+01  2.000000e+01
      vertex  6.123234e-16 -4.500000e+01  2.000000e+01
    endloop
  endfacet
  facet normal  0.000000e+00  0.000000e+00  1.000000e+00
    outer loop
      vertex  9.000000e+01 -3.500000e+01  2.000000e+01
      vertex  6.123234e-16 -4.500000e+01  2.000000e+01
      vertex  9.000000e+01 -4.500000e+01  2.000000e+01
    endloop
  endfacet
  facet normal  0.000000e+00  0.000000e+00  1.000000e+00
    outer loop
      vertex -9.000000e+01  3.500000e+01  2.000000e+01
      vertex  9.000000e+01  3.500000e+01  2.000000e+01
      vertex -1.836970e-15  4.500000e+01  2.000000e+01
    endloop
  endfacet
  facet normal  -0.000000e+00  0.000000e+00  1.000000e+00
    outer loop
      vertex -1.836970e-15  4.500000e+01  2.000000e+01
      vertex  9.000000e+01  3.500000e+01  2.000000e+01
      vertex  9.000000e+01  4.500000e+01  2.000000e+01
    endloop
  endfacet
  facet normal  0.000000e+00  0.000000e+00  1.000000e+00
    outer loop
      vertex -1.836970e-15  4.500000e+01  2.000000e+01
      vertex  9.000000e+01  4.500000e+01  2.000000e+01
      vertex  3.826834e+00  4.576120e+01  2.000000e+01
    endloop
  endfacet
  facet normal  -0.000000e+00  0.000000e+00  1.000000e+00
    outer loop
      vertex  3.826834e+00  4.576120e+01  2.000000e+01
      vertex  9.000000e+01  4.500000e+01  2.000000e+01
      vertex  8.617316e+01  4.576120e+01  2.000000e+01
    endloop
  endfacet
  facet normal  0.000000e+00  0.000000e+00  9.999999e-01
    outer loop
      vertex  3.826834e+00  4.576120e+01  2.000000e+01
      vertex  8.617316e+01  4.576120e+01  2.000000e+01
      vertex  7.071068e+00  4.792893e+01  2.000000e+01
    endloop
  endfacet
  facet normal  -0.000000e+00  0.000000e+00  1.000000e+00
    outer loop
      vertex  7.071068e+00  4.792893e+01  2.000000e+01
      vertex  8.617316e+01  4.576120e+01  2.000000e+01
      vertex  8.292893e+01  4.792893e+01  2.000000e+01
    endloop
  endfacet
  facet normal  0.000000e+00  0.000000e+00  1.000000e+00
    outer loop
      vertex  7.071068e+00  4.792893e+01  2.000000e+01
      vertex  8.292893e+01  4.792893e+01  2.000000e+01
      vertex  9.238795e+00  5.117316e+01  2.000000e+01
    endloop
  endfacet
  facet normal  -0.000000e+00  0.000000e+00  1.000000e+00
    outer loop
      vertex  9.238795e+00  5.117316e+01  2.000000e+01
      vertex  8.292893e+01  4.792893e+01  2.000000e+01
      vertex  8.076121e+01  5.117316e+01  2.000000e+01
    endloop
  endfacet
  facet normal  0.000000e+00  0.000000e+00  1.000000e+00
    outer loop
      vertex  9.238795e+00  5.117316e+01  2.000000e+01
      vertex  8.076121e+01  5.117316e+01  2.000000e+01
      vertex  1.000000e+01  5.500000e+01  2.000000e+01
    endloop
  endfacet
  facet normal  -0.000000e+00  0.000000e+00  1.000000e+00
    outer loop
      vertex  1.000000e+01  5.500000e+01  2.000000e+01
      vertex  8.076121e+01  5.117316e+01  2.000000e+01
      vertex  8.000000e+01  5.500000e+01  2.000000e+01
    endloop
  endfacet
  facet normal  0.000000e+00  0.000000e+00  1.000000e+00
    outer loop
      vertex  1.000000e+01  5.500000e+01  2.000000e+01
      vertex  8.000000e+01  5.500000e+01  2.000000e+01
      vertex  9.238795e+00  5.882684e+01  2.000000e+01
    endloop
  endfacet
  facet normal  -0.000000e+00  0.000000e+00  1.000000e+00
    outer loop
      vertex  9.238795e+00  5.882684e+01  2.000000e+01
      vertex  8.000000e+01  5.500000e+01  2.000000e+01
      vertex  8.076121e+01  5.882684e+01  2.000000e+01
    endloop
  endfacet
  facet normal  0.000000e+00  0.000000e+00  1.000000e+00
    outer loop
      vertex  9.238795e+00  5.882684e+01  2.000000e+01
      vertex  8.076121e+01  5.882684e+01  2.000000e+01
      vertex  7.071068e+00  6.207107e+01  2.000000e+01
    endloop
  endfacet
  facet normal  -0.000000e+00  0.000000e+00  1.000000e+00
    outer loop
      vertex  7.071068e+00  6.207107e+01  2.000000e+01
      vertex  8.076121e+01  5.882684e+01  2.000000e+01
      vertex  8.292893e+01  6.207107e+01  2.000000e+01
    endloop
  endfacet
  facet normal  0.000000e+00  0.000000e+00  1.000000e+00
    outer loop
      vertex  7.071068e+00  6.207107e+01  2.000000e+01
      vertex  8.292893e+01  6.207107e+01  2.000000e+01
      vertex  3.826834e+00  6.423879e+01  2.000000e+01
    endloop
  endfacet
  facet normal  -0.000000e+00  0.000000e+00  1.000000e+00
    outer loop
      vertex  3.826834e+00  6.423879e+01  2.000000e+01
      vertex  8.292893e+01  6.207107e+01  2.000000e+01
      vertex  8.617316e+01  6.423879e+01  2.000000e+01
    endloop
  endfacet
  facet normal  0.000000e+00  0.000000e+00  9.999999e-01
    outer loop
      vertex  3.826834e+00  6.423879e+01  2.000000e+01
      vertex  8.617316e+01  6.423879e+01  2.000000e+01
      vertex  6.123234e-16  6.500000e+01  2.000000e+01
    endloop
  endfacet
  facet normal  -0.000000e+00  0.000000e+00  1.000000e+00
    outer loop
      vertex  6.123234e-16  6.500000e+01  2.000000e+01
      vertex  8.617316e+01  6.423879e+01  2.000000e+01
      vertex  9.000000e+01  6.500000e+01  2.000000e+01
    endloop
  endfacet
  facet normal  0.000000e+00  -0.000000e+00  1.000000e+00
    outer loop
      vertex  6.123234e-16  6.500000e+01  2.000000e+01
      vertex  9.000000e+01  6.500000e+01  2.000000e+01
      vertex  9.000000e+01  7.000000e+01  2.000000e+01
    endloop
  endfacet
  facet normal  0.000000e+00  0.000000e+00  1.000000e+00
    outer loop
      vertex  6.123234e-16  6.500000e+01  2.000000e+01
      vertex  9.000000e+01  7.000000e+01  2.000000e+01
      vertex -9.000000e+01  6.500000e+01  2.000000e+01
    endloop
  endfacet
  facet normal  0.000000e+00  0.000000e+00  1.000000e+00
    outer loop
      vertex -9.000000e+01  6.500000e+01  2.000000e+01
      vertex  9.000000e+01  7.000000e+01  2.000000e+01
      vertex -9.000000e+01  7.000000e+01  2.000000e+01
    endloop
  endfacet
  facet normal  0.000000e+00  0.000000e+00  1.000000e+00
    outer loop
      vertex -9.000000e+01  6.500000e+01  2.000000e+01
      vertex -9.000000e+01  7.000000e+01  2.000000e+01
      vertex -1.106329e+02  6.689010e+01  2.000000e+01
    endloop
  endfacet
  facet normal  0.000000e+00  0.000000e+00  1.000000e+00
    outer loop
      vertex -1.106329e+02  6.689010e+01  2.000000e+01
      vertex -9.000000e+01  7.000000e+01  2.000000e+01
      vertex -1.004330e+02  6.921815e+01  2.000000e+01
    endloop
  endfacet
  facet normal  0.000000e+00  0.000000e+00  1.000000e+00
    outer loop
      vertex -9.000000e+01  6.500000e+01  2.000000e+01
      vertex -1.106329e+02  6.689010e+01  2.000000e+01
      vertex -9.382684e+01  6.423879e+01  2.000000e+01
    endloop
  endfacet
  facet normal  0.000000e+00  0.000000e+00  1.000000e+00
    outer loop
      vertex -9.382684e+01  6.423879e+01  2.000000e+01
      vertex -1.106329e+02  6.689010e+01  2.000000e+01
      vertex -1.203719e+02  6.306782e+01  2.000000e+01
    endloop
  endfacet
  facet normal  -0.000000e+00  0.000000e+00  1.000000e+00
    outer loop
      vertex -9.382684e+01  6.423879e+01  2.000000e+01
      vertex -1.203719e+02  6.306782e+01  2.000000e+01
      vertex -9.707107e+01  6.207107e+01  2.000000e+01
    endloop
  endfacet
  facet normal  0.000000e+00  0.000000e+00  9.999999e-01
    outer loop
      vertex -9.707107e+01  6.207107e+01  2.000000e+01
      vertex -1.203719e+02  6.306782e+01  2.000000e+01
      vertex -9.923879e+01  5.882684e+01  2.000000e+01
    endloop
  endfacet
  facet normal  0.000000e+00  0.000000e+00  1.000000e+00
    outer loop
      vertex -9.923879e+01  5.882684e+01  2.000000e+01
      vertex -1.203719e+02  6.306782e+01  2.000000e+01
      vertex -1.294324e+02  5.783672e+01  2.000000e+01
    endloop
  endfacet
  facet normal  -0.000000e+00  0.000000e+00  9.999999e-01
    outer loop
      vertex -9.923879e+01  5.882684e+01  2.000000e+01
      vertex -1.294324e+02  5.783672e+01  2.000000e+01
      vertex -1.000000e+02  5.500000e+01  2.000000e+01
    endloop
  endfacet
  facet normal  0.000000e+00  0.000000e+00  1.000000e+00
    outer loop
      vertex -1.000000e+02  5.500000e+01  2.000000e+01
      vertex -1.294324e+02  5.783672e+01  2.000000e+01
      vertex -1.376121e+02  5.131363e+01  2.000000e+01
    endloop
  endfacet
  facet normal  -0.000000e+00  0.000000e+00  1.000000e+00
    outer loop
      vertex -1.000000e+02  5.500000e+01  2.000000e+01
      vertex -1.376121e+02  5.131363e+01  2.000000e+01
      vertex -9.923879e+01  5.117316e+01  2.000000e+01
    endloop
  endfacet
  facet normal  0.000000e+00  0.000000e+00  1.000000e+00
    outer loop
      vertex -1.551612e+02  2.557387e+01  2.000000e+01
      vertex -1.042358e+02  3.197409e+01  2.000000e+01
      vertex -1.506218e+02  3.500000e+01  2.000000e+01
    endloop
  endfacet
  facet normal  0.000000e+00  0.000000e+00  1.000000e+00
    outer loop
      vertex -1.506218e+02  3.500000e+01  2.000000e+01
      vertex -1.042358e+02  3.197409e+01  2.000000e+01
      vertex -9.727691e+01  3.423516e+01  2.000000e+01
    endloop
  endfacet
  facet normal  0.000000e+00  -0.000000e+00  1.000000e+00
    outer loop
      vertex -1.506218e+02  3.500000e+01  2.000000e+01
      vertex -9.727691e+01  3.423516e+01  2.000000e+01
      vertex -9.000000e+01  3.500000e+01  2.000000e+01
    endloop
  endfacet
  facet normal  0.000000e+00  0.000000e+00  1.000000e+00
    outer loop
      vertex -1.160101e+02  2.341957e+01  2.000000e+01
      vertex -1.551612e+02  2.557387e+01  2.000000e+01
      vertex -1.203109e+02  1.750000e+01  2.000000e+01
    endloop
  endfacet
  facet normal  0.000000e+00  0.000000e+00  1.000000e+00
    outer loop
      vertex -1.203109e+02  1.750000e+01  2.000000e+01
      vertex -1.551612e+02  2.557387e+01  2.000000e+01
      vertex -1.582449e+02  1.557647e+01  2.000000e+01
    endloop
  endfacet
  facet normal  -0.000000e+00  0.000000e+00  1.000000e+00
    outer loop
      vertex -1.203109e+02  1.750000e+01  2.000000e+01
      vertex -1.582449e+02  1.557647e+01  2.000000e+01
      vertex -1.232870e+02  1.081559e+01  2.000000e+01
    endloop
  endfacet
  facet normal  0.000000e+00  0.000000e+00  1.000000e+00
    outer loop
      vertex -1.232870e+02  1.081559e+01  2.000000e+01
      vertex -1.582449e+02  1.557647e+01  2.000000e+01
      vertex -1.598043e+02  5.231107e+00  2.000000e+01
    endloop
  endfacet
  facet normal  -0.000000e+00  0.000000e+00  9.999999e-01
    outer loop
      vertex -1.232870e+02  1.081559e+01  2.000000e+01
      vertex -1.598043e+02  5.231107e+00  2.000000e+01
      vertex -1.248083e+02  3.658496e+00  2.000000e+01
    endloop
  endfacet
  facet normal  0.000000e+00  0.000000e+00  1.000000e+00
    outer loop
      vertex -1.248083e+02  3.658496e+00  2.000000e+01
      vertex -1.598043e+02  5.231107e+00  2.000000e+01
      vertex -1.248083e+02 -3.658496e+00  2.000000e+01
    endloop
  endfacet
  facet normal  0.000000e+00  0.000000e+00  1.000000e+00
    outer loop
      vertex -1.248083e+02 -3.658496e+00  2.000000e+01
      vertex -1.598043e+02  5.231107e+00  2.000000e+01
      vertex -1.598043e+02 -5.231107e+00  2.000000e+01
    endloop
  endfacet
  facet normal  -0.000000e+00  0.000000e+00  9.999999e-01
    outer loop
      vertex -1.248083e+02 -3.658496e+00  2.000000e+01
      vertex -1.598043e+02 -5.231107e+00  2.000000e+01
      vertex -1.232870e+02 -1.081559e+01  2.000000e+01
    endloop
  endfacet
  facet normal  0.000000e+00  0.000000e+00  1.000000e+00
    outer loop
      vertex -1.232870e+02 -1.081559e+01  2.000000e+01
      vertex -1.598043e+02 -5.231107e+00  2.000000e+01
      vertex -1.582449e+02 -1.557647e+01  2.000000e+01
    endloop
  endfacet
  facet normal  -0.000000e+00  0.000000e+00  1.000000e+00
    outer loop
      vertex -1.232870e+02 -1.081559e+01  2.000000e+01
      vertex -1.582449e+02 -1.557647e+01  2.000000e+01
      vertex -1.203109e+02 -1.750000e+01  2.000000e+01
    endloop
  endfacet
  facet normal  0.000000e+00  0.000000e+00  1.000000e+00
    outer loop
      vertex -1.203109e+02 -1.750000e+01  2.000000e+01
      vertex -1.582449e+02 -1.557647e+01  2.000000e+01
      vertex -1.160101e+02 -2.341957e+01  2.000000e+01
    endloop
  endfacet
  facet normal  0.000000e+00  0.000000e+00  1.000000e+00
    outer loop
      vertex -1.160101e+02 -2.341957e+01  2.000000e+01
      vertex -1.582449e+02 -1.557647e+01  2.000000e+01
      vertex -1.551612e+02 -2.557387e+01  2.000000e+01
    endloop
  endfacet
  facet normal  -0.000000e+00  0.000000e+00  1.000000e+00
    outer loop
      vertex -1.160101e+02 -2.341957e+01  2.000000e+01
      vertex -1.551612e+02 -2.557387e+01  2.000000e+01
      vertex -1.105725e+02 -2.831560e+01  2.000000e+01
    endloop
  endfacet
  facet normal  0.000000e+00  0.000000e+00  1.000000e+00
    outer loop
      vertex -1.105725e+02 -2.831560e+01  2.000000e+01
      vertex -1.551612e+02 -2.557387e+01  2.000000e+01
      vertex -1.506218e+02 -3.500000e+01  2.000000e+01
    endloop
  endfacet
  facet normal  0.000000e+00  0.000000e+00  1.000000e+00
    outer loop
      vertex -1.105725e+02 -2.831560e+01  2.000000e+01
      vertex -1.506218e+02 -3.500000e+01  2.000000e+01
      vertex -1.042358e+02 -3.197409e+01  2.000000e+01
    endloop
  endfacet
  facet normal  0.000000e+00  0.000000e+00  1.000000e+00
    outer loop
      vertex -9.923879e+01 -5.882684e+01  2.000000e+01
      vertex -1.294324e+02 -5.783672e+01  2.000000e+01
      vertex -9.707107e+01 -6.207107e+01  2.000000e+01
    endloop
  endfacet
  facet normal  0.000000e+00  0.000000e+00  1.000000e+00
    outer loop
      vertex -9.707107e+01 -6.207107e+01  2.000000e+01
      vertex -1.294324e+02 -5.783672e+01  2.000000e+01
      vertex -1.203719e+02 -6.306782e+01  2.000000e+01
    endloop
  endfacet
  facet normal  -0.000000e+00  0.000000e+00  1.000000e+00
    outer loop
      vertex -9.707107e+01 -6.207107e+01  2.000000e+01
      vertex -1.203719e+02 -6.306782e+01  2.000000e+01
      vertex -9.382684e+01 -6.423879e+01  2.000000e+01
    endloop
  endfacet
  facet normal  0.000000e+00  0.000000e+00  1.000000e+00
    outer loop
      vertex -9.382684e+01 -6.423879e+01  2.000000e+01
      vertex -1.203719e+02 -6.306782e+01  2.000000e+01
      vertex -1.106329e+02 -6.689010e+01  2.000000e+01
    endloop
  endfacet
  facet normal  0.000000e+00  0.000000e+00  1.000000e+00
    outer loop
      vertex -9.382684e+01 -6.423879e+01  2.000000e+01
      vertex -1.106329e+02 -6.689010e+01  2.000000e+01
      vertex -9.000000e+01 -6.500000e+01  2.000000e+01
    endloop
  endfacet
  facet normal  0.000000e+00  -0.000000e+00  1.000000e+00
    outer loop
      vertex -1.106329e+02 -6.689010e+01  2.000000e+01
      vertex -1.004330e+02 -6.921815e+01  2.000000e+01
      vertex -9.000000e+01 -6.500000e+01  2.000000e+01
    endloop
  endfacet
  facet normal  0.000000e+00  0.000000e+00  1.000000e+00
    outer loop
      vertex -9.000000e+01 -6.500000e+01  2.000000e+01
      vertex -1.004330e+02 -6.921815e+01  2.000000e+01
      vertex -9.000000e+01 -7.000000e+01  2.000000e+01
    endloop
  endfacet
  facet normal  -0.000000e+00  0.000000e+00  1.000000e+00
    outer loop
      vertex  6.123234e-16  6.500000e+01  2.000000e+01
      vertex -9.000000e+01  6.500000e+01  2.000000e+01
      vertex -3.826834e+00  6.423879e+01  2.000000e+01
    endloop
  endfacet
  facet normal  0.000000e+00  0.000000e+00  9.999999e-01
    outer loop
      vertex -3.826834e+00  6.423879e+01  2.000000e+01
      vertex -9.000000e+01  6.500000e+01  2.000000e+01
      vertex -8.617316e+01  6.423879e+01  2.000000e+01
    endloop
  endfacet
  facet normal  -0.000000e+00  0.000000e+00  1.000000e+00
    outer loop
      vertex -3.826834e+00  6.423879e+01  2.000000e+01
      vertex -8.617316e+01  6.423879e+01  2.000000e+01
      vertex -7.071068e+00  6.207107e+01  2.000000e+01
    endloop
  endfacet
  facet normal  0.000000e+00  0.000000e+00  1.000000e+00
    outer loop
      vertex -7.071068e+00  6.207107e+01  2.000000e+01
      vertex -8.617316e+01  6.423879e+01  2.000000e+01
      vertex -8.292893e+01  6.207107e+01  2.000000e+01
    endloop
  endfacet
  facet normal  -0.000000e+00  0.000000e+00  1.000000e+00
    outer loop
      vertex -7.071068e+00  6.207107e+01  2.000000e+01
      vertex -8.292893e+01  6.207107e+01  2.000000e+01
      vertex -9.238795e+00  5.882684e+01  2.000000e+01
    endloop
  endfacet
  facet normal  0.000000e+00  0.000000e+00  1.000000e+00
    outer loop
      vertex -9.238795e+00  5.882684e+01  2.000000e+01
      vertex -8.292893e+01  6.207107e+01  2.000000e+01
      vertex -8.076121e+01  5.882684e+01  2.000000e+01
    endloop
  endfacet
  facet normal  -0.000000e+00  0.000000e+00  1.000000e+00
    outer loop
      vertex -9.238795e+00  5.882684e+01  2.000000e+01
      vertex -8.076121e+01  5.882684e+01  2.000000e+01
      vertex -1.000000e+01  5.500000e+01  2.000000e+01
    endloop
  endfacet
  facet normal  0.000000e+00  0.000000e+00  1.000000e+00
    outer loop
      vertex -1.000000e+01  5.500000e+01  2.000000e+01
      vertex -8.076121e+01  5.882684e+01  2.000000e+01
      vertex -8.000000e+01  5.500000e+01  2.000000e+01
    endloop
  endfacet
  facet normal  -0.000000e+00  0.000000e+00  1.000000e+00
    outer loop
      vertex -1.000000e+01  5.500000e+01  2.000000e+01
      vertex -8.000000e+01  5.500000e+01  2.000000e+01
      vertex -9.238795e+00  5.117316e+01  2.000000e+01
    endloop
  endfacet
  facet normal  0.000000e+00  0.000000e+00  1.000000e+00
    outer loop
      vertex -9.238795e+00  5.117316e+01  2.000000e+01
      vertex -8.000000e+01  5.500000e+01  2.000000e+01
      vertex -8.076121e+01  5.117316e+01  2.000000e+01
    endloop
  endfacet
  facet normal  -0.000000e+00  0.000000e+00  1.000000e+00
    outer loop
      vertex -9.238795e+00  5.117316e+01  2.000000e+01
      vertex -8.076121e+01  5.117316e+01  2.000000e+01
      vertex -7.071068e+00  4.792893e+01  2.000000e+01
    endloop
  endfacet
  facet normal  0.000000e+00  0.000000e+00  1.000000e+00
    outer loop
      vertex -7.071068e+00  4.792893e+01  2.000000e+01
      vertex -8.076121e+01  5.117316e+01  2.000000e+01
      vertex -8.292893e+01  4.792893e+01  2.000000e+01
    endloop
  endfacet
  facet normal  -0.000000e+00  0.000000e+00  1.000000e+00
    outer loop
      vertex -7.071068e+00  4.792893e+01  2.000000e+01
      vertex -8.292893e+01  4.792893e+01  2.000000e+01
      vertex -3.826834e+00  4.576120e+01  2.000000e+01
    endloop
  endfacet
  facet normal  0.000000e+00  0.000000e+00  9.999999e-01
    outer loop
      vertex -3.826834e+00  4.576120e+01  2.000000e+01
      vertex -8.292893e+01  4.792893e+01  2.000000e+01
      vertex -8.617316e+01  4.576120e+01  2.000000e+01
    endloop
  endfacet
  facet normal  -0.000000e+00  0.000000e+00  1.000000e+00
    outer loop
      vertex -3.826834e+00  4.576120e+01  2.000000e+01
      vertex -8.617316e+01  4.576120e+01  2.000000e+01
      vertex -1.836970e-15  4.500000e+01  2.000000e+01
    endloop
  endfacet
  facet normal  0.000000e+00  0.000000e+00  1.000000e+00
    outer loop
      vertex -1.836970e-15  4.500000e+01  2.000000e+01
      vertex -8.617316e+01  4.576120e+01  2.000000e+01
      vertex -9.000000e+01  4.500000e+01  2.000000e+01
    endloop
  endfacet
  facet normal  -0.000000e+00  0.000000e+00  1.000000e+00
    outer loop
      vertex -1.836970e-15  4.500000e+01  2.000000e+01
      vertex -9.000000e+01  4.500000e+01  2.000000e+01
      vertex -9.000000e+01  3.500000e+01  2.000000e+01
    endloop
  endfacet
  facet normal  -0.000000e+00  0.000000e+00  1.000000e+00
    outer loop
      vertex  6.123234e-16 -4.500000e+01  2.000000e+01
      vertex -9.000000e+01 -4.500000e+01  2.000000e+01
      vertex -3.826834e+00 -4.576120e+01  2.000000e+01
    endloop
  endfacet
  facet normal  0.000000e+00  0.000000e+00  1.000000e+00
    outer loop
      vertex -3.826834e+00 -4.576120e+01  2.000000e+01
      vertex -9.000000e+01 -4.500000e+01  2.000000e+01
      vertex -8.617316e+01 -4.576120e+01  2.000000e+01
    endloop
  endfacet
  facet normal  -0.000000e+00  0.000000e+00  9.999999e-01
    outer loop
      vertex -3.826834e+00 -4.576120e+01  2.000000e+01
      vertex -8.617316e+01 -4.576120e+01  2.000000e+01
      vertex -7.071068e+00 -4.792893e+01  2.000000e+01
    endloop
  endfacet
  facet normal  0.000000e+00  0.000000e+00  1.000000e+00
    outer loop
      vertex -7.071068e+00 -4.792893e+01  2.000000e+01
      vertex -8.617316e+01 -4.576120e+01  2.000000e+01
      vertex -8.292893e+01 -4.792893e+01  2.000000e+01
    endloop
  endfacet
  facet normal  -0.000000e+00  0.000000e+00  1.000000e+00
    outer loop
      vertex -7.071068e+00 -4.792893e+01  2.000000e+01
      vertex -8.292893e+01 -4.792893e+01  2.000000e+01
      vertex -9.238795e+00 -5.117316e+01  2.000000e+01
    endloop
  endfacet
  facet normal  0.000000e+00  0.000000e+00  1.000000e+00
    outer loop
      vertex -9.238795e+00 -5.117316e+01  2.000000e+01
      vertex -8.292893e+01 -4.792893e+01  2.000000e+01
      vertex -8.076121e+01 -5.117316e+01  2.000000e+01
    endloop
  endfacet
  facet normal  -0.000000e+00  0.000000e+00  1.000000e+00
    outer loop
      vertex -9.238795e+00 -5.117316e+01  2.000000e+01
      vertex -8.076121e+01 -5.117316e+01  2.000000e+01
      vertex -1.000000e+01 -5.500000e+01  2.000000e+01
    endloop
  endfacet
  facet normal  0.000000e+00  0.000000e+00  1.000000e+00
    outer loop
      vertex -1.000000e+01 -5.500000e+01  2.000000e+01
      vertex -8.076121e+01 -5.117316e+01  2.000000e+01
      vertex -8.000000e+01 -5.500000e+01  2.000000e+01
    endloop
  endfacet
  facet normal  -0.000000e+00  0.000000e+00  1.000000e+00
    outer loop
      vertex -1.000000e+01 -5.500000e+01  2.000000e+01
      vertex -8.000000e+01 -5.500000e+01  2.000000e+01
      vertex -9.238795e+00 -5.882684e+01  2.000000e+01
    endloop
  endfacet
  facet normal  0.000000e+00  0.000000e+00  1.000000e+00
    outer loop
      vertex -9.238795e+00 -5.882684e+01  2.000000e+01
      vertex -8.000000e+01 -5.500000e+01  2.000000e+01
      vertex -8.076121e+01 -5.882684e+01  2.000000e+01
    endloop
  endfacet
  facet normal  -0.000000e+00  0.000000e+00  1.000000e+00
    outer loop
      vertex -9.238795e+00 -5.882684e+01  2.000000e+01
      vertex -8.076121e+01 -5.882684e+01  2.000000e+01
      vertex -7.071068e+00 -6.207107e+01  2.000000e+01
    endloop
  endfacet
  facet normal  0.000000e+00  0.000000e+00  1.000000e+00
    outer loop
      vertex -7.071068e+00 -6.207107e+01  2.000000e+01
      vertex -8.076121e+01 -5.882684e+01  2.000000e+01
      vertex -8.292893e+01 -6.207107e+01  2.000000e+01
    endloop
  endfacet
  facet normal  -0.000000e+00  0.000000e+00  1.000000e+00
    outer loop
      vertex -7.071068e+00 -6.207107e+01  2.000000e+01
      vertex -8.292893e+01 -6.207107e+01  2.000000e+01
      vertex -3.826834e+00 -6.423879e+01  2.000000e+01
    endloop
  endfacet
  facet normal  0.000000e+00  0.000000e+00  1.000000e+00
    outer loop
      vertex -3.826834e+00 -6.423879e+01  2.000000e+01
      vertex -8.292893e+01 -6.207107e+01  2.000000e+01
      vertex -8.617316e+01 -6.423879e+01  2.000000e+01
    endloop
  endfacet
  facet normal  -0.000000e+00  0.000000e+00  9.999999e-01
    outer loop
      vertex -3.826834e+00 -6.423879e+01  2.000000e+01
      vertex -8.617316e+01 -6.423879e+01  2.000000e+01
      vertex -1.836970e-15 -6.500000e+01  2.000000e+01
    endloop
  endfacet
  facet normal  0.000000e+00  0.000000e+00  1.000000e+00
    outer loop
      vertex -1.836970e-15 -6.500000e+01  2.000000e+01
      vertex -8.617316e+01 -6.423879e+01  2.000000e+01
      vertex -9.000000e+01 -6.500000e+01  2.000000e+01
    endloop
  endfacet
  facet normal  -0.000000e+00  0.000000e+00  1.000000e+00
    outer loop
      vertex  9.000000e+01 -4.500000e+01  2.000000e+01
      vertex  6.123234e-16 -4.500000e+01  2.000000e+01
      vertex  8.617316e+01 -4.576120e+01  2.000000e+01
    endloop
  endfacet
  facet normal  0.000000e+00  0.000000e+00  1.000000e+00
    outer loop
      vertex  8.617316e+01 -4.576120e+01  2.000000e+01
      vertex  6.123234e-16 -4.500000e+01  2.000000e+01
      vertex  3.826834e+00 -4.576120e+01  2.000000e+01
    endloop
  endfacet
  facet normal  -0.000000e+00  0.000000e+00  9.999999e-01
    outer loop
      vertex  8.617316e+01 -4.576120e+01  2.000000e+01
      vertex  3.826834e+00 -4.576120e+01  2.000000e+01
      vertex  8.292893e+01 -4.792893e+01  2.000000e+01
    endloop
  endfacet
  facet normal  0.000000e+00  0.000000e+00  1.000000e+00
    outer loop
      vertex  8.292893e+01 -4.792893e+01  2.000000e+01
      vertex  3.826834e+00 -4.576120e+01  2.000000e+01
      vertex  7.071068e+00 -4.792893e+01  2.000000e+01
    endloop
  endfacet
  facet normal  -0.000000e+00  0.000000e+00  1.000000e+00
    outer loop
      vertex  8.292893e+01 -4.792893e+01  2.000000e+01
      vertex  7.071068e+00 -4.792893e+01  2.000000e+01
      vertex  8.076121e+01 -5.117316e+01  2.000000e+01
    endloop
  endfacet
  facet normal  0.000000e+00  0.000000e+00  1.000000e+00
    outer loop
      vertex  8.076121e+01 -5.117316e+01  2.000000e+01
      vertex  7.071068e+00 -4.792893e+01  2.000000e+01
      vertex  9.238795e+00 -5.117316e+01  2.000000e+01
    endloop
  endfacet
  facet normal  -0.000000e+00  0.000000e+00  1.000000e+00
    outer loop
      vertex  8.076121e+01 -5.117316e+01  2.000000e+01
      vertex  9.238795e+00 -5.117316e+01  2.000000e+01
      vertex  8.000000e+01 -5.500000e+01  2.000000e+01
    endloop
  endfacet
  facet normal  0.000000e+00  0.000000e+00  1.000000e+00
    outer loop
      vertex  8.000000e+01 -5.500000e+01  2.000000e+01
      vertex  9.238795e+00 -5.117316e+01  2.000000e+01
      vertex  1.000000e+01 -5.500000e+01  2.000000e+01
    endloop
  endfacet
  facet normal  -0.000000e+00  0.000000e+00  1.000000e+00
    outer loop
      vertex  8.000000e+01 -5.500000e+01  2.000000e+01
      vertex  1.000000e+01 -5.500000e+01  2.000000e+01
      vertex  8.076121e+01 -5.882684e+01  2.000000e+01
    endloop
  endfacet
  facet normal  0.000000e+00  0.000000e+00  1.000000e+00
    outer loop
      vertex  8.076121e+01 -5.882684e+01  2.000000e+01
      vertex  1.000000e+01 -5.500000e+01  2.000000e+01
      vertex  9.238795e+00 -5.882684e+01  2.000000e+01
    endloop
  endfacet
  facet normal  -0.000000e+00  0.000000e+00  1.000000e+00
    outer loop
      vertex  8.076121e+01 -5.882684e+01  2.000000e+01
      vertex  9.238795e+00 -5.882684e+01  2.000000e+01
      vertex  8.292893e+01 -6.207107e+01  2.000000e+01
    endloop
  endfacet
  facet normal  0.000000e+00  0.000000e+00  1.000000e+00
    outer loop
      vertex  8.292893e+01 -6.207107e+01  2.000000e+01
      vertex  9.238795e+00 -5.882684e+01  2.000000e+01
      vertex  7.071068e+00 -6.207107e+01  2.000000e+01
    endloop
  endfacet
  facet normal  -0.000000e+00  0.000000e+00  1.000000e+00
    outer loop
      vertex  8.292893e+01 -6.207107e+01  2.000000e+01
      vertex  7.071068e+00 -6.207107e+01  2.000000e+01
      vertex  8.617316e+01 -6.423879e+01  2.000000e+01
    endloop
  endfacet
  facet normal  0.000000e+00  0.000000e+00  1.000000e+00
    outer loop
      vertex  8.617316e+01 -6.423879e+01  2.000000e+01
      vertex  7.071068e+00 -6.207107e+01  2.000000e+01
      vertex  3.826834e+00 -6.423879e+01  2.000000e+01
    endloop
  endfacet
  facet normal  -0.000000e+00  0.000000e+00  9.999999e-01
    outer loop
      vertex  8.617316e+01 -6.423879e+01  2.000000e+01
      vertex  3.826834e+00 -6.423879e+01  2.000000e+01
      vertex  9.000000e+01 -6.500000e+01  2.000000e+01
    endloop
  endfacet
  facet normal  0.000000e+00  0.000000e+00  1.000000e+00
    outer loop
      vertex  9.000000e+01 -6.500000e+01  2.000000e+01
      vertex  3.826834e+00 -6.423879e+01  2.000000e+01
      vertex -1.836970e-15 -6.500000e+01  2.000000e+01
    endloop
  endfacet
  facet normal  0.000000e+00  0.000000e+00  1.000000e+00
    outer loop
      vertex  1.004330e+02  6.921815e+01  2.000000e+01
      vertex  9.000000e+01  7.000000e+01  2.000000e+01
      vertex  1.106329e+02  6.689010e+01  2.000000e+01
    endloop
  endfacet
  facet normal  0.000000e+00  0.000000e+00  1.000000e+00
    outer loop
      vertex  1.106329e+02  6.689010e+01  2.000000e+01
      vertex  9.000000e+01  7.000000e+01  2.000000e+01
      vertex  9.000000e+01  6.500000e+01  2.000000e+01
    endloop
  endfacet
  facet normal  -0.000000e+00  0.000000e+00  1.000000e+00
    outer loop
      vertex  1.106329e+02  6.689010e+01  2.000000e+01
      vertex  9.000000e+01  6.500000e+01  2.000000e+01
      vertex  1.203719e+02  6.306782e+01  2.000000e+01
    endloop
  endfacet
  facet normal  0.000000e+00  0.000000e+00  9.999999e-01
    outer loop
      vertex  1.203719e+02  6.306782e+01  2.000000e+01
      vertex  9.000000e+01  6.500000e+01  2.000000e+01
      vertex  9.382684e+01  6.423879e+01  2.000000e+01
    endloop
  endfacet
  facet normal  0.000000e+00  0.000000e+00  9.999999e-01
    outer loop
      vertex  1.203719e+02  6.306782e+01  2.000000e+01
      vertex  9.382684e+01  6.423879e+01  2.000000e+01
      vertex  9.707107e+01  6.207107e+01  2.000000e+01
    endloop
  endfacet
  facet normal  -0.000000e+00  0.000000e+00  1.000000e+00
    outer loop
      vertex  1.203719e+02  6.306782e+01  2.000000e+01
      vertex  9.707107e+01  6.207107e+01  2.000000e+01
      vertex  1.294324e+02  5.783672e+01  2.000000e+01
    endloop
  endfacet
  facet normal  0.000000e+00  0.000000e+00  1.000000e+00
    outer loop
      vertex  1.294324e+02  5.783672e+01  2.000000e+01
      vertex  9.707107e+01  6.207107e+01  2.000000e+01
      vertex  9.923879e+01  5.882684e+01  2.000000e+01
    endloop
  endfacet
  facet normal  0.000000e+00  0.000000e+00  1.000000e+00
    outer loop
      vertex  1.294324e+02  5.783672e+01  2.000000e+01
      vertex  9.923879e+01  5.882684e+01  2.000000e+01
      vertex  1.376121e+02  5.131363e+01  2.000000e+01
    endloop
  endfacet
  facet normal  0.000000e+00  0.000000e+00  1.000000e+00
    outer loop
      vertex  1.376121e+02  5.131363e+01  2.000000e+01
      vertex  9.923879e+01  5.882684e+01  2.000000e+01
      vertex  1.000000e+02  5.500000e+01  2.000000e+01
    endloop
  endfacet
  facet normal  0.000000e+00  0.000000e+00  1.000000e+00
    outer loop
      vertex  1.376121e+02  5.131363e+01  2.000000e+01
      vertex  1.000000e+02  5.500000e+01  2.000000e+01
      vertex  9.923879e+01  5.117316e+01  2.000000e+01
    endloop
  endfacet
  facet normal  0.000000e+00  0.000000e+00  1.000000e+00
    outer loop
      vertex  1.042358e+02  3.197409e+01  2.000000e+01
      vertex  1.551612e+02  2.557387e+01  2.000000e+01
      vertex  9.727691e+01  3.423516e+01  2.000000e+01
    endloop
  endfacet
  facet normal  -0.000000e+00  0.000000e+00  1.000000e+00
    outer loop
      vertex  9.727691e+01  3.423516e+01  2.000000e+01
      vertex  1.551612e+02  2.557387e+01  2.000000e+01
      vertex  1.506218e+02  3.500000e+01  2.000000e+01
    endloop
  endfacet
  facet normal  0.000000e+00  0.000000e+00  1.000000e+00
    outer loop
      vertex  9.727691e+01  3.423516e+01  2.000000e+01
      vertex  1.506218e+02  3.500000e+01  2.000000e+01
      vertex  9.000000e+01  3.500000e+01  2.000000e+01
    endloop
  endfacet
  facet normal  -0.000000e+00  0.000000e+00  1.000000e+00
    outer loop
      vertex  1.551612e+02  2.557387e+01  2.000000e+01
      vertex  1.160101e+02  2.341957e+01  2.000000e+01
      vertex  1.582449e+02  1.557647e+01  2.000000e+01
    endloop
  endfacet
  facet normal  0.000000e+00  0.000000e+00  1.000000e+00
    outer loop
      vertex  1.582449e+02  1.557647e+01  2.000000e+01
      vertex  1.160101e+02  2.341957e+01  2.000000e+01
      vertex  1.203109e+02  1.750000e+01  2.000000e+01
    endloop
  endfacet
  facet normal  0.000000e+00  0.000000e+00  1.000000e+00
    outer loop
      vertex  1.582449e+02  1.557647e+01  2.000000e+01
      vertex  1.203109e+02  1.750000e+01  2.000000e+01
      vertex  1.598043e+02  5.231107e+00  2.000000e+01
    endloop
  endfacet
  facet normal  0.000000e+00  0.000000e+00  9.999999e-01
    outer loop
      vertex  1.598043e+02  5.231107e+00  2.000000e+01
      vertex  1.203109e+02  1.750000e+01  2.000000e+01
      vertex  1.232870e+02  1.081559e+01  2.000000e+01
    endloop
  endfacet
  facet normal  0.000000e+00  0.000000e+00  1.000000e+00
    outer loop
      vertex  1.598043e+02  5.231107e+00  2.000000e+01
      vertex  1.232870e+02  1.081559e+01  2.000000e+01
      vertex  1.248083e+02  3.658496e+00  2.000000e+01
    endloop
  endfacet
  facet normal  -0.000000e+00  0.000000e+00  1.000000e+00
    outer loop
      vertex  1.598043e+02  5.231107e+00  2.000000e+01
      vertex  1.248083e+02  3.658496e+00  2.000000e+01
      vertex  1.598043e+02 -5.231107e+00  2.000000e+01
    endloop
  endfacet
  facet normal  0.000000e+00  0.000000e+00  1.000000e+00
    outer loop
      vertex  1.598043e+02 -5.231107e+00  2.000000e+01
      vertex  1.248083e+02  3.658496e+00  2.000000e+01
      vertex  1.248083e+02 -3.658496e+00  2.000000e+01
    endloop
  endfacet
  facet normal  0.000000e+00  0.000000e+00  1.000000e+00
    outer loop
      vertex  1.598043e+02 -5.231107e+00  2.000000e+01
      vertex  1.248083e+02 -3.658496e+00  2.000000e+01
      vertex  1.582449e+02 -1.557647e+01  2.000000e+01
    endloop
  endfacet
  facet normal  0.000000e+00  0.000000e+00  1.000000e+00
    outer loop
      vertex  1.582449e+02 -1.557647e+01  2.000000e+01
      vertex  1.248083e+02 -3.658496e+00  2.000000e+01
      vertex  1.232870e+02 -1.081559e+01  2.000000e+01
    endloop
  endfacet
  facet normal  0.000000e+00  0.000000e+00  1.000000e+00
    outer loop
      vertex  1.582449e+02 -1.557647e+01  2.000000e+01
      vertex  1.232870e+02 -1.081559e+01  2.000000e+01
      vertex  1.203109e+02 -1.750000e+01  2.000000e+01
    endloop
  endfacet
  facet normal  0.000000e+00  0.000000e+00  1.000000e+00
    outer loop
      vertex  1.203109e+02 -1.750000e+01  2.000000e+01
      vertex  1.160101e+02 -2.341957e+01  2.000000e+01
      vertex  1.582449e+02 -1.557647e+01  2.000000e+01
    endloop
  endfacet
  facet normal  0.000000e+00  0.000000e+00  1.000000e+00
    outer loop
      vertex  1.582449e+02 -1.557647e+01  2.000000e+01
      vertex  1.160101e+02 -2.341957e+01  2.000000e+01
      vertex  1.551612e+02 -2.557387e+01  2.000000e+01
    endloop
  endfacet
  facet normal  -0.000000e+00  0.000000e+00  1.000000e+00
    outer loop
      vertex  1.294324e+02 -5.783672e+01  2.000000e+01
      vertex  9.923879e+01 -5.882684e+01  2.000000e+01
      vertex  1.203719e+02 -6.306782e+01  2.000000e+01
    endloop
  endfacet
  facet normal  0.000000e+00  0.000000e+00  9.999999e-01
    outer loop
      vertex  1.203719e+02 -6.306782e+01  2.000000e+01
      vertex  9.923879e+01 -5.882684e+01  2.000000e+01
      vertex  9.707107e+01 -6.207107e+01  2.000000e+01
    endloop
  endfacet
  facet normal  0.000000e+00  0.000000e+00  1.000000e+00
    outer loop
      vertex  1.203719e+02 -6.306782e+01  2.000000e+01
      vertex  9.707107e+01 -6.207107e+01  2.000000e+01
      vertex  1.106329e+02 -6.689010e+01  2.000000e+01
    endloop
  endfacet
  facet normal  0.000000e+00  0.000000e+00  1.000000e+00
    outer loop
      vertex  1.106329e+02 -6.689010e+01  2.000000e+01
      vertex  9.707107e+01 -6.207107e+01  2.000000e+01
      vertex  9.382684e+01 -6.423879e+01  2.000000e+01
    endloop
  endfacet
  facet normal  0.000000e+00  0.000000e+00  1.000000e+00
    outer loop
      vertex  1.106329e+02 -6.689010e+01  2.000000e+01
      vertex  9.382684e+01 -6.423879e+01  2.000000e+01
      vertex  9.000000e+01 -6.500000e+01  2.000000e+01
    endloop
  endfacet
  facet normal -3.399115e-17  1.083998e-15 -9.999999e-01
    outer loop
      vertex -9.675726e+01 -3.254128e+00  0.000000e+00
      vertex -1.598043e+02 -5.231107e+00  0.000000e+00
      vertex -9.750000e+01  4.249154e-15  3.552714e-15
    endloop
  endfacet
  facet normal  3.399116e-17  1.083998e-15 -1.000000e+00
    outer loop
      vertex  1.598043e+02 -5.231107e+00  0.000000e+00
      vertex  9.675726e+01 -3.254128e+00  0.000000e+00
      vertex  9.750000e+01 -8.498309e-15  3.552714e-15
    endloop
  endfacet
  facet normal  3.064328e-17  9.344638e-16 -9.999999e-01
    outer loop
      vertex -9.923879e+01 -5.882684e+01  0.000000e+00
      vertex -1.294324e+02 -5.783672e+01  0.000000e+00
      vertex -1.000000e+02 -5.500000e+01  3.552714e-15
    endloop
  endfacet
  facet normal  0.000000e+00  0.000000e+00 -9.999999e-01
    outer loop
      vertex  8.833109e+01  7.311959e+00  0.000000e+00
      vertex  1.668907e+00  7.311959e+00  0.000000e+00
      vertex  9.000000e+01  4.500000e+01  0.000000e+00
    endloop
  endfacet
  facet normal -3.064328e-17  9.344638e-16 -1.000000e+00
    outer loop
      vertex  1.294324e+02 -5.783672e+01  0.000000e+00
      vertex  9.923879e+01 -5.882684e+01  0.000000e+00
      vertex  1.000000e+02 -5.500000e+01  3.552714e-15
    endloop
  endfacet
  facet normal  0.000000e+00  -0.000000e+00 -1.000000e+00
    outer loop
      vertex -1.447282e+02  4.364429e+01  0.000000e+00
      vertex -1.376121e+02  5.131363e+01  0.000000e+00
      vertex -9.923879e+01  5.117316e+01  0.000000e+00
    endloop
  endfacet
  facet normal  0.000000e+00  -0.000000e+00 -1.000000e+00
    outer loop
      vertex -1.447282e+02  4.364429e+01  0.000000e+00
      vertex -9.923879e+01  5.117316e+01  0.000000e+00
      vertex -9.707107e+01  4.792893e+01  0.000000e+00
    endloop
  endfacet
  facet normal  0.000000e+00  -0.000000e+00 -1.000000e+00
    outer loop
      vertex -1.447282e+02  4.364429e+01  0.000000e+00
      vertex -9.707107e+01  4.792893e+01  0.000000e+00
      vertex -9.382684e+01  4.576120e+01  0.000000e+00
    endloop
  endfacet
  facet normal  0.000000e+00  -0.000000e+00 -1.000000e+00
    outer loop
      vertex -1.447282e+02  4.364429e+01  0.000000e+00
      vertex -9.382684e+01  4.576120e+01  0.000000e+00
      vertex -9.000000e+01  4.500000e+01  0.000000e+00
    endloop
  endfacet
  facet normal  0.000000e+00  0.000000e+00 -1.000000e+00
    outer loop
      vertex -9.000000e+01 -4.500000e+01  0.000000e+00
      vertex -1.447282e+02 -4.364429e+01  0.000000e+00
      vertex -1.506218e+02 -3.500000e+01  0.000000e+00
    endloop
  endfacet
  facet normal  0.000000e+00  0.000000e+00 -1.000000e+00
    outer loop
      vertex -9.000000e+01 -4.500000e+01  0.000000e+00
      vertex -1.506218e+02 -3.500000e+01  0.000000e+00
      vertex -1.551612e+02 -2.557387e+01  0.000000e+00
    endloop
  endfacet
  facet normal  0.000000e+00  0.000000e+00 -1.000000e+00
    outer loop
      vertex -9.000000e+01 -4.500000e+01  0.000000e+00
      vertex -1.551612e+02 -2.557387e+01  0.000000e+00
      vertex -1.582449e+02 -1.557647e+01  0.000000e+00
    endloop
  endfacet
  facet normal  0.000000e+00  0.000000e+00 -1.000000e+00
    outer loop
      vertex -9.000000e+01 -4.500000e+01  0.000000e+00
      vertex -1.582449e+02 -1.557647e+01  0.000000e+00
      vertex -9.166891e+01 -7.311959e+00  0.000000e+00
    endloop
  endfacet
  facet normal  0.000000e+00  0.000000e+00 -9.999999e-01
    outer loop
      vertex -9.000000e+01 -4.500000e+01  0.000000e+00
      vertex -9.166891e+01 -7.311959e+00  0.000000e+00
      vertex -8.833109e+01 -7.311959e+00  0.000000e+00
    endloop
  endfacet
  facet normal  0.000000e+00  -0.000000e+00 -9.999999e-01
    outer loop
      vertex -9.000000e+01 -4.500000e+01  0.000000e+00
      vertex -8.833109e+01 -7.311959e+00  0.000000e+00
      vertex -1.668907e+00 -7.311959e+00  0.000000e+00
    endloop
  endfacet
  facet normal  0.000000e+00  -0.000000e+00 -1.000000e+00
    outer loop
      vertex -9.000000e+01 -4.500000e+01  0.000000e+00
      vertex -1.668907e+00 -7.311959e+00  0.000000e+00
      vertex  1.668907e+00 -7.311959e+00  0.000000e+00
    endloop
  endfacet
  facet normal  0.000000e+00  0.000000e+00 -1.000000e+00
    outer loop
      vertex -9.000000e+01 -4.500000e+01  0.000000e+00
      vertex  1.668907e+00 -7.311959e+00  0.000000e+00
      vertex  6.123234e-16 -4.500000e+01  0.000000e+00
    endloop
  endfacet
  facet normal  -0.000000e+00  0.000000e+00 -1.000000e+00
    outer loop
      vertex -9.000000e+01 -4.500000e+01  0.000000e+00
      vertex  6.123234e-16 -4.500000e+01  0.000000e+00
      vertex -3.826834e+00 -4.576120e+01  0.000000e+00
    endloop
  endfacet
  facet normal  0.000000e+00  0.000000e+00 -1.000000e+00
    outer loop
      vertex -9.000000e+01 -4.500000e+01  0.000000e+00
      vertex -3.826834e+00 -4.576120e+01  0.000000e+00
      vertex -8.617316e+01 -4.576120e+01  0.000000e+00
    endloop
  endfacet
  facet normal  0.000000e+00  0.000000e+00 -1.000000e+00
    outer loop
      vertex -1.376121e+02 -5.131363e+01  0.000000e+00
      vertex -1.447282e+02 -4.364429e+01  0.000000e+00
      vertex -9.000000e+01 -4.500000e+01  0.000000e+00
    endloop
  endfacet
  facet normal  0.000000e+00  0.000000e+00 -1.000000e+00
    outer loop
      vertex -1.376121e+02 -5.131363e+01  0.000000e+00
      vertex -9.000000e+01 -4.500000e+01  0.000000e+00
      vertex -9.382684e+01 -4.576120e+01  0.000000e+00
    endloop
  endfacet
  facet normal  0.000000e+00  0.000000e+00 -1.000000e+00
    outer loop
      vertex -1.376121e+02 -5.131363e+01  0.000000e+00
      vertex -9.382684e+01 -4.576120e+01  0.000000e+00
      vertex -9.707107e+01 -4.792893e+01  0.000000e+00
    endloop
  endfacet
  facet normal  0.000000e+00  0.000000e+00 -9.999999e-01
    outer loop
      vertex -1.376121e+02 -5.131363e+01  0.000000e+00
      vertex -9.707107e+01 -4.792893e+01  0.000000e+00
      vertex -9.923879e+01 -5.117316e+01  0.000000e+00
    endloop
  endfacet
  facet normal  3.400752e-18 -9.290449e-16 -1.000000e+00
    outer loop
      vertex -1.376121e+02 -5.131363e+01  0.000000e+00
      vertex -9.923879e+01 -5.117316e+01  0.000000e+00
      vertex -1.000000e+02 -5.500000e+01  3.552714e-15
    endloop
  endfacet
  facet normal  1.076921e-16  1.350416e-16 -1.000000e+00
    outer loop
      vertex -1.376121e+02 -5.131363e+01  0.000000e+00
      vertex -1.000000e+02 -5.500000e+01  3.552714e-15
      vertex -1.294324e+02 -5.783672e+01  0.000000e+00
    endloop
  endfacet
  facet normal  -0.000000e+00  0.000000e+00 -1.000000e+00
    outer loop
      vertex  1.447282e+02  4.364429e+01  0.000000e+00
      vertex  1.506218e+02  3.500000e+01  0.000000e+00
      vertex  9.166891e+01  7.311959e+00  0.000000e+00
    endloop
  endfacet
  facet normal  0.000000e+00  0.000000e+00 -1.000000e+00
    outer loop
      vertex  1.447282e+02  4.364429e+01  0.000000e+00
      vertex  9.166891e+01  7.311959e+00  0.000000e+00
      vertex  8.833109e+01  7.311959e+00  0.000000e+00
    endloop
  endfacet
  facet normal  0.000000e+00  0.000000e+00 -1.000000e+00
    outer loop
      vertex  1.447282e+02  4.364429e+01  0.000000e+00
      vertex  8.833109e+01  7.311959e+00  0.000000e+00
      vertex  9.000000e+01  4.500000e+01  0.000000e+00
    endloop
  endfacet
  facet normal  0.000000e+00  0.000000e+00 -1.000000e+00
    outer loop
      vertex  1.447282e+02  4.364429e+01  0.000000e+00
      vertex  9.000000e+01  4.500000e+01  0.000000e+00
      vertex  9.382684e+01  4.576120e+01  0.000000e+00
    endloop
  endfacet
  facet normal  0.000000e+00  0.000000e+00 -1.000000e+00
    outer loop
      vertex  1.447282e+02  4.364429e+01  0.000000e+00
      vertex  9.382684e+01  4.576120e+01  0.000000e+00
      vertex  9.707107e+01  4.792893e+01  0.000000e+00
    endloop
  endfacet
  facet normal  0.000000e+00  0.000000e+00 -1.000000e+00
    outer loop
      vertex  1.447282e+02  4.364429e+01  0.000000e+00
      vertex  9.707107e+01  4.792893e+01  0.000000e+00
      vertex  9.923879e+01  5.117316e+01  0.000000e+00
    endloop
  endfacet
  facet normal  0.000000e+00  0.000000e+00 -1.000000e+00
    outer loop
      vertex  1.447282e+02  4.364429e+01  0.000000e+00
      vertex  9.923879e+01  5.117316e+01  0.000000e+00
      vertex  1.376121e+02  5.131363e+01  0.000000e+00
    endloop
  endfacet
  facet normal  0.000000e+00  0.000000e+00 -1.000000e+00
    outer loop
      vertex  9.000000e+01 -4.500000e+01  0.000000e+00
      vertex  8.617316e+01 -4.576120e+01  0.000000e+00
      vertex  3.826834e+00 -4.576120e+01  0.000000e+00
    endloop
  endfacet
  facet normal  0.000000e+00  0.000000e+00 -1.000000e+00
    outer loop
      vertex  9.000000e+01 -4.500000e+01  0.000000e+00
      vertex  3.826834e+00 -4.576120e+01  0.000000e+00
      vertex  6.123234e-16 -4.500000e+01  0.000000e+00
    endloop
  endfacet
  facet normal  0.000000e+00  0.000000e+00 -9.999999e-01
    outer loop
      vertex  9.000000e+01 -4.500000e+01  0.000000e+00
      vertex  6.123234e-16 -4.500000e+01  0.000000e+00
      vertex  8.833109e+01 -7.311959e+00  0.000000e+00
    endloop
  endfacet
  facet normal  0.000000e+00  0.000000e+00 -9.999999e-01
    outer loop
      vertex  9.000000e+01 -4.500000e+01  0.000000e+00
      vertex  8.833109e+01 -7.311959e+00  0.000000e+00
      vertex  9.166891e+01 -7.311959e+00  0.000000e+00
    endloop
  endfacet
  facet normal  0.000000e+00  -0.000000e+00 -1.000000e+00
    outer loop
      vertex  9.000000e+01 -4.500000e+01  0.000000e+00
      vertex  9.166891e+01 -7.311959e+00  0.000000e+00
      vertex  1.582449e+02 -1.557647e+01  0.000000e+00
    endloop
  endfacet
  facet normal  0.000000e+00  0.000000e+00 -1.000000e+00
    outer loop
      vertex  9.000000e+01 -4.500000e+01  0.000000e+00
      vertex  1.582449e+02 -1.557647e+01  0.000000e+00
      vertex  1.551612e+02 -2.557387e+01  0.000000e+00
    endloop
  endfacet
  facet normal  0.000000e+00  0.000000e+00 -1.000000e+00
    outer loop
      vertex  9.000000e+01 -4.500000e+01  0.000000e+00
      vertex  1.551612e+02 -2.557387e+01  0.000000e+00
      vertex  1.506218e+02 -3.500000e+01  0.000000e+00
    endloop
  endfacet
  facet normal  0.000000e+00  0.000000e+00 -1.000000e+00
    outer loop
      vertex  9.000000e+01 -4.500000e+01  0.000000e+00
      vertex  1.506218e+02 -3.500000e+01  0.000000e+00
      vertex  1.447282e+02 -4.364429e+01  0.000000e+00
    endloop
  endfacet
  facet normal  0.000000e+00  0.000000e+00 -1.000000e+00
    outer loop
      vertex  9.000000e+01 -4.500000e+01  0.000000e+00
      vertex  1.447282e+02 -4.364429e+01  0.000000e+00
      vertex  1.376121e+02 -5.131363e+01  0.000000e+00
    endloop
  endfacet
  facet normal -1.076922e-16  1.350416e-16 -1.000000e+00
    outer loop
      vertex  1.376121e+02 -5.131363e+01  0.000000e+00
      vertex  1.294324e+02 -5.783672e+01  0.000000e+00
      vertex  1.000000e+02 -5.500000e+01  3.552714e-15
    endloop
  endfacet
  facet normal -3.400753e-18 -9.290450e-16 -1.000000e+00
    outer loop
      vertex  1.376121e+02 -5.131363e+01  0.000000e+00
      vertex  1.000000e+02 -5.500000e+01  3.552714e-15
      vertex  9.923879e+01 -5.117316e+01  0.000000e+00
    endloop
  endfacet
  facet normal  0.000000e+00  0.000000e+00 -9.999999e-01
    outer loop
      vertex  1.376121e+02 -5.131363e+01  0.000000e+00
      vertex  9.923879e+01 -5.117316e+01  0.000000e+00
      vertex  9.707107e+01 -4.792893e+01  0.000000e+00
    endloop
  endfacet
  facet normal  0.000000e+00  0.000000e+00 -1.000000e+00
    outer loop
      vertex  1.376121e+02 -5.131363e+01  0.000000e+00
      vertex  9.707107e+01 -4.792893e+01  0.000000e+00
      vertex  9.382684e+01 -4.576120e+01  0.000000e+00
    endloop
  endfacet
  facet normal  0.000000e+00  0.000000e+00 -1.000000e+00
    outer loop
      vertex  1.376121e+02 -5.131363e+01  0.000000e+00
      vertex  9.382684e+01 -4.576120e+01  0.000000e+00
      vertex  9.000000e+01 -4.500000e+01  0.000000e+00
    endloop
  endfacet
  facet normal  0.000000e+00  0.000000e+00 -9.999999e-01
    outer loop
      vertex -9.675726e+01 -3.254128e+00  0.000000e+00
      vertex -9.467617e+01 -5.863736e+00  0.000000e+00
      vertex -1.598043e+02 -5.231107e+00  0.000000e+00
    endloop
  endfacet
  facet normal  0.000000e+00  0.000000e+00 -1.000000e+00
    outer loop
      vertex -1.598043e+02 -5.231107e+00  0.000000e+00
      vertex -9.467617e+01 -5.863736e+00  0.000000e+00
      vertex -9.166891e+01 -7.311959e+00  0.000000e+00
    endloop
  endfacet
  facet normal  -0.000000e+00  0.000000e+00 -1.000000e+00
    outer loop
      vertex -1.598043e+02 -5.231107e+00  0.000000e+00
      vertex -9.166891e+01 -7.311959e+00  0.000000e+00
      vertex -1.582449e+02 -1.557647e+01  0.000000e+00
    endloop
  endfacet
  facet normal -1.515916e-16 -1.126356e-15 -1.000000e+00
    outer loop
      vertex  9.750000e+01 -8.498309e-15  3.552714e-15
      vertex  9.675726e+01  3.254128e+00  0.000000e+00
      vertex  1.598043e+02 -5.231107e+00  0.000000e+00
    endloop
  endfacet
  facet normal  0.000000e+00  0.000000e+00 -1.000000e+00
    outer loop
      vertex  1.598043e+02 -5.231107e+00  0.000000e+00
      vertex  9.675726e+01  3.254128e+00  0.000000e+00
      vertex  9.467617e+01  5.863736e+00  0.000000e+00
    endloop
  endfacet
  facet normal  0.000000e+00  0.000000e+00 -1.000000e+00
    outer loop
      vertex  1.598043e+02 -5.231107e+00  0.000000e+00
      vertex  9.467617e+01  5.863736e+00  0.000000e+00
      vertex  1.598043e+02  5.231107e+00  0.000000e+00
    endloop
  endfacet
  facet normal  0.000000e+00  0.000000e+00 -1.000000e+00
    outer loop
      vertex  1.598043e+02  5.231107e+00  0.000000e+00
      vertex  9.467617e+01  5.863736e+00  0.000000e+00
      vertex  9.166891e+01  7.311959e+00  0.000000e+00
    endloop
  endfacet
  facet normal  0.000000e+00  0.000000e+00 -1.000000e+00
    outer loop
      vertex  1.598043e+02  5.231107e+00  0.000000e+00
      vertex  9.166891e+01  7.311959e+00  0.000000e+00
      vertex  1.582449e+02  1.557647e+01  0.000000e+00
    endloop
  endfacet
  facet normal  -0.000000e+00  0.000000e+00 -1.000000e+00
    outer loop
      vertex  1.582449e+02  1.557647e+01  0.000000e+00
      vertex  9.166891e+01  7.311959e+00  0.000000e+00
      vertex  1.506218e+02  3.500000e+01  0.000000e+00
    endloop
  endfacet
  facet normal  0.000000e+00  0.000000e+00 -1.000000e+00
    outer loop
      vertex  1.582449e+02  1.557647e+01  0.000000e+00
      vertex  1.506218e+02  3.500000e+01  0.000000e+00
      vertex  1.551612e+02  2.557387e+01  0.000000e+00
    endloop
  endfacet
  facet normal  0.000000e+00  0.000000e+00 -9.999999e-01
    outer loop
      vertex -1.668907e+00  7.311959e+00  0.000000e+00
      vertex -8.833109e+01  7.311959e+00  0.000000e+00
      vertex -1.836970e-15  4.500000e+01  0.000000e+00
    endloop
  endfacet
  facet normal  0.000000e+00  0.000000e+00 -9.999999e-01
    outer loop
      vertex -1.836970e-15  4.500000e+01  0.000000e+00
      vertex -8.833109e+01  7.311959e+00  0.000000e+00
      vertex -9.166891e+01  7.311959e+00  0.000000e+00
    endloop
  endfacet
  facet normal  0.000000e+00  0.000000e+00 -1.000000e+00
    outer loop
      vertex -1.836970e-15  4.500000e+01  0.000000e+00
      vertex -9.166891e+01  7.311959e+00  0.000000e+00
      vertex -9.000000e+01  4.500000e+01  0.000000e+00
    endloop
  endfacet
  facet normal  0.000000e+00  0.000000e+00 -1.000000e+00
    outer loop
      vertex -9.000000e+01  4.500000e+01  0.000000e+00
      vertex -9.166891e+01  7.311959e+00  0.000000e+00
      vertex -1.582449e+02  1.557647e+01  0.000000e+00
    endloop
  endfacet
  facet normal  0.000000e+00  0.000000e+00 -1.000000e+00
    outer loop
      vertex -9.000000e+01  4.500000e+01  0.000000e+00
      vertex -1.582449e+02  1.557647e+01  0.000000e+00
      vertex -1.447282e+02  4.364429e+01  0.000000e+00
    endloop
  endfacet
  facet normal  0.000000e+00  0.000000e+00 -1.000000e+00
    outer loop
      vertex -1.447282e+02  4.364429e+01  0.000000e+00
      vertex -1.582449e+02  1.557647e+01  0.000000e+00
      vertex -1.551612e+02  2.557387e+01  0.000000e+00
    endloop
  endfacet
  facet normal  0.000000e+00  0.000000e+00 -1.000000e+00
    outer loop
      vertex -1.447282e+02  4.364429e+01  0.000000e+00
      vertex -1.551612e+02  2.557387e+01  0.000000e+00
      vertex -1.506218e+02  3.500000e+01  0.000000e+00
    endloop
  endfacet
  facet normal  -0.000000e+00  0.000000e+00 -1.000000e+00
    outer loop
      vertex -9.000000e+01 -6.500000e+01  0.000000e+00
      vertex -1.836970e-15 -6.500000e+01  0.000000e+00
      vertex -9.000000e+01 -7.000000e+01  0.000000e+00
    endloop
  endfacet
  facet normal  0.000000e+00  0.000000e+00 -1.000000e+00
    outer loop
      vertex -9.000000e+01 -7.000000e+01  0.000000e+00
      vertex -1.836970e-15 -6.500000e+01  0.000000e+00
      vertex  9.000000e+01 -6.500000e+01  0.000000e+00
    endloop
  endfacet
  facet normal  0.000000e+00  -0.000000e+00 -1.000000e+00
    outer loop
      vertex -9.000000e+01 -7.000000e+01  0.000000e+00
      vertex  9.000000e+01 -6.500000e+01  0.000000e+00
      vertex  9.000000e+01 -7.000000e+01  0.000000e+00
    endloop
  endfacet
  facet normal  0.000000e+00  0.000000e+00 -1.000000e+00
    outer loop
      vertex  9.000000e+01 -7.000000e+01  0.000000e+00
      vertex  9.000000e+01 -6.500000e+01  0.000000e+00
      vertex  1.106329e+02 -6.689010e+01  0.000000e+00
    endloop
  endfacet
  facet normal  0.000000e+00  0.000000e+00 -1.000000e+00
    outer loop
      vertex  9.000000e+01 -7.000000e+01  0.000000e+00
      vertex  1.106329e+02 -6.689010e+01  0.000000e+00
      vertex  1.004330e+02 -6.921815e+01  0.000000e+00
    endloop
  endfacet
  facet normal  0.000000e+00  0.000000e+00 -1.000000e+00
    outer loop
      vertex  9.000000e+01  7.000000e+01  0.000000e+00
      vertex  9.000000e+01  6.500000e+01  0.000000e+00
      vertex  6.123234e-16  6.500000e+01  0.000000e+00
    endloop
  endfacet
  facet normal  0.000000e+00  0.000000e+00 -1.000000e+00
    outer loop
      vertex  6.123234e-16  6.500000e+01  0.000000e+00
      vertex  9.000000e+01  6.500000e+01  0.000000e+00
      vertex  8.617316e+01  6.423879e+01  0.000000e+00
    endloop
  endfacet
  facet normal  0.000000e+00  0.000000e+00 -9.999999e-01
    outer loop
      vertex  6.123234e-16  6.500000e+01  0.000000e+00
      vertex  8.617316e+01  6.423879e+01  0.000000e+00
      vertex  3.826834e+00  6.423879e+01  0.000000e+00
    endloop
  endfacet
  facet normal  0.000000e+00  0.000000e+00 -1.000000e+00
    outer loop
      vertex  3.826834e+00  6.423879e+01  0.000000e+00
      vertex  8.617316e+01  6.423879e+01  0.000000e+00
      vertex  8.292893e+01  6.207107e+01  0.000000e+00
    endloop
  endfacet
  facet normal  0.000000e+00  0.000000e+00 -1.000000e+00
    outer loop
      vertex  3.826834e+00  6.423879e+01  0.000000e+00
      vertex  8.292893e+01  6.207107e+01  0.000000e+00
      vertex  7.071068e+00  6.207107e+01  0.000000e+00
    endloop
  endfacet
  facet normal  0.000000e+00  0.000000e+00 -1.000000e+00
    outer loop
      vertex  7.071068e+00  6.207107e+01  0.000000e+00
      vertex  8.292893e+01  6.207107e+01  0.000000e+00
      vertex  8.076121e+01  5.882684e+01  0.000000e+00
    endloop
  endfacet
  facet normal  0.000000e+00  0.000000e+00 -1.000000e+00
    outer loop
      vertex  7.071068e+00  6.207107e+01  0.000000e+00
      vertex  8.076121e+01  5.882684e+01  0.000000e+00
      vertex  9.238795e+00  5.882684e+01  0.000000e+00
    endloop
  endfacet
  facet normal  0.000000e+00  0.000000e+00 -1.000000e+00
    outer loop
      vertex  9.238795e+00  5.882684e+01  0.000000e+00
      vertex  8.076121e+01  5.882684e+01  0.000000e+00
      vertex  8.000000e+01  5.500000e+01  0.000000e+00
    endloop
  endfacet
  facet normal  0.000000e+00  0.000000e+00 -1.000000e+00
    outer loop
      vertex  9.238795e+00  5.882684e+01  0.000000e+00
      vertex  8.000000e+01  5.500000e+01  0.000000e+00
      vertex  1.000000e+01  5.500000e+01  0.000000e+00
    endloop
  endfacet
  facet normal  0.000000e+00  0.000000e+00 -1.000000e+00
    outer loop
      vertex  1.000000e+01  5.500000e+01  0.000000e+00
      vertex  8.000000e+01  5.500000e+01  0.000000e+00
      vertex  8.076121e+01  5.117316e+01  0.000000e+00
    endloop
  endfacet
  facet normal  0.000000e+00  0.000000e+00 -1.000000e+00
    outer loop
      vertex  1.000000e+01  5.500000e+01  0.000000e+00
      vertex  8.076121e+01  5.117316e+01  0.000000e+00
      vertex  9.238795e+00  5.117316e+01  0.000000e+00
    endloop
  endfacet
  facet normal  0.000000e+00  0.000000e+00 -1.000000e+00
    outer loop
      vertex  9.238795e+00  5.117316e+01  0.000000e+00
      vertex  8.076121e+01  5.117316e+01  0.000000e+00
      vertex  8.292893e+01  4.792893e+01  0.000000e+00
    endloop
  endfacet
  facet normal  0.000000e+00  0.000000e+00 -1.000000e+00
    outer loop
      vertex  9.238795e+00  5.117316e+01  0.000000e+00
      vertex  8.292893e+01  4.792893e+01  0.000000e+00
      vertex  7.071068e+00  4.792893e+01  0.000000e+00
    endloop
  endfacet
  facet normal  0.000000e+00  0.000000e+00 -1.000000e+00
    outer loop
      vertex  7.071068e+00  4.792893e+01  0.000000e+00
      vertex  8.292893e+01  4.792893e+01  0.000000e+00
      vertex  8.617316e+01  4.576120e+01  0.000000e+00
    endloop
  endfacet
  facet normal  0.000000e+00  0.000000e+00 -9.999999e-01
    outer loop
      vertex  7.071068e+00  4.792893e+01  0.000000e+00
      vertex  8.617316e+01  4.576120e+01  0.000000e+00
      vertex  3.826834e+00  4.576120e+01  0.000000e+00
    endloop
  endfacet
  facet normal  0.000000e+00  0.000000e+00 -1.000000e+00
    outer loop
      vertex  3.826834e+00  4.576120e+01  0.000000e+00
      vertex  8.617316e+01  4.576120e+01  0.000000e+00
      vertex  9.000000e+01  4.500000e+01  0.000000e+00
    endloop
  endfacet
  facet normal  0.000000e+00  0.000000e+00 -1.000000e+00
    outer loop
      vertex  3.826834e+00  4.576120e+01  0.000000e+00
      vertex  9.000000e+01  4.500000e+01  0.000000e+00
      vertex -1.836970e-15  4.500000e+01  0.000000e+00
    endloop
  endfacet
  facet normal  0.000000e+00  0.000000e+00 -9.999999e-01
    outer loop
      vertex -1.836970e-15  4.500000e+01  0.000000e+00
      vertex  9.000000e+01  4.500000e+01  0.000000e+00
      vertex  1.668907e+00  7.311959e+00  0.000000e+00
    endloop
  endfacet
  facet normal  0.000000e+00  0.000000e+00 -1.000000e+00
    outer loop
      vertex -1.836970e-15  4.500000e+01  0.000000e+00
      vertex  1.668907e+00  7.311959e+00  0.000000e+00
      vertex -1.668907e+00  7.311959e+00  0.000000e+00
    endloop
  endfacet
  facet normal  0.000000e+00  0.000000e+00 -1.000000e+00
    outer loop
      vertex  6.123234e-16  6.500000e+01  0.000000e+00
      vertex -9.000000e+01  6.500000e+01  0.000000e+00
      vertex  9.000000e+01  7.000000e+01  0.000000e+00
    endloop
  endfacet
  facet normal  -0.000000e+00  0.000000e+00 -1.000000e+00
    outer loop
      vertex  9.000000e+01  7.000000e+01  0.000000e+00
      vertex -9.000000e+01  6.500000e+01  0.000000e+00
      vertex -9.000000e+01  7.000000e+01  0.000000e+00
    endloop
  endfacet
  facet normal  0.000000e+00  0.000000e+00 -1.000000e+00
    outer loop
      vertex -9.000000e+01  6.500000e+01  0.000000e+00
      vertex -1.106329e+02  6.689010e+01  0.000000e+00
      vertex -9.000000e+01  7.000000e+01  0.000000e+00
    endloop
  endfacet
  facet normal  0.000000e+00  0.000000e+00 -1.000000e+00
    outer loop
      vertex -9.000000e+01  7.000000e+01  0.000000e+00
      vertex -1.106329e+02  6.689010e+01  0.000000e+00
      vertex -1.004330e+02  6.921815e+01  0.000000e+00
    endloop
  endfacet
  facet normal  0.000000e+00  0.000000e+00 -1.000000e+00
    outer loop
      vertex -9.707107e+01  6.207107e+01  0.000000e+00
      vertex -1.203719e+02  6.306782e+01  0.000000e+00
      vertex -9.382684e+01  6.423879e+01  0.000000e+00
    endloop
  endfacet
  facet normal  -0.000000e+00  0.000000e+00 -1.000000e+00
    outer loop
      vertex -9.382684e+01  6.423879e+01  0.000000e+00
      vertex -1.203719e+02  6.306782e+01  0.000000e+00
      vertex -1.106329e+02  6.689010e+01  0.000000e+00
    endloop
  endfacet
  facet normal  0.000000e+00  0.000000e+00 -1.000000e+00
    outer loop
      vertex -9.382684e+01  6.423879e+01  0.000000e+00
      vertex -1.106329e+02  6.689010e+01  0.000000e+00
      vertex -9.000000e+01  6.500000e+01  0.000000e+00
    endloop
  endfacet
  facet normal  3.400753e-18  9.290450e-16 -1.000000e+00
    outer loop
      vertex -9.923879e+01  5.117316e+01  0.000000e+00
      vertex -1.376121e+02  5.131363e+01  0.000000e+00
      vertex -1.000000e+02  5.500000e+01  3.552714e-15
    endloop
  endfacet
  facet normal  1.076921e-16 -1.350416e-16 -1.000000e+00
    outer loop
      vertex -1.000000e+02  5.500000e+01  3.552714e-15
      vertex -1.376121e+02  5.131363e+01  0.000000e+00
      vertex -1.294324e+02  5.783672e+01  0.000000e+00
    endloop
  endfacet
  facet normal  3.064328e-17 -9.344638e-16 -9.999999e-01
    outer loop
      vertex -1.000000e+02  5.500000e+01  3.552714e-15
      vertex -1.294324e+02  5.783672e+01  0.000000e+00
      vertex -9.923879e+01  5.882684e+01  0.000000e+00
    endloop
  endfacet
  facet normal  -0.000000e+00  0.000000e+00 -1.000000e+00
    outer loop
      vertex -9.923879e+01  5.882684e+01  0.000000e+00
      vertex -1.294324e+02  5.783672e+01  0.000000e+00
      vertex -1.203719e+02  6.306782e+01  0.000000e+00
    endloop
  endfacet
  facet normal  0.000000e+00  0.000000e+00 -9.999999e-01
    outer loop
      vertex -9.923879e+01  5.882684e+01  0.000000e+00
      vertex -1.203719e+02  6.306782e+01  0.000000e+00
      vertex -9.707107e+01  6.207107e+01  0.000000e+00
    endloop
  endfacet
  facet normal  1.515916e-16 -1.126356e-15 -1.000000e+00
    outer loop
      vertex -9.750000e+01  4.249154e-15  3.552714e-15
      vertex -1.598043e+02 -5.231107e+00  0.000000e+00
      vertex -9.675726e+01  3.254128e+00  0.000000e+00
    endloop
  endfacet
  facet normal  -0.000000e+00  0.000000e+00 -1.000000e+00
    outer loop
      vertex -9.675726e+01  3.254128e+00  0.000000e+00
      vertex -1.598043e+02 -5.231107e+00  0.000000e+00
      vertex -1.598043e+02  5.231107e+00  0.000000e+00
    endloop
  endfacet
  facet normal  0.000000e+00  0.000000e+00 -9.999999e-01
    outer loop
      vertex -9.675726e+01  3.254128e+00  0.000000e+00
      vertex -1.598043e+02  5.231107e+00  0.000000e+00
      vertex -9.467617e+01  5.863736e+00  0.000000e+00
    endloop
  endfacet
  facet normal  -0.000000e+00  0.000000e+00 -1.000000e+00
    outer loop
      vertex -9.467617e+01  5.863736e+00  0.000000e+00
      vertex -1.598043e+02  5.231107e+00  0.000000e+00
      vertex -1.582449e+02  1.557647e+01  0.000000e+00
    endloop
  endfacet
  facet normal  0.000000e+00  0.000000e+00 -1.000000e+00
    outer loop
      vertex -9.467617e+01  5.863736e+00  0.000000e+00
      vertex -1.582449e+02  1.557647e+01  0.000000e+00
      vertex -9.166891e+01  7.311959e+00  0.000000e+00
    endloop
  endfacet
  facet normal  0.000000e+00  0.000000e+00 -1.000000e+00
    outer loop
      vertex -9.000000e+01 -6.500000e+01  0.000000e+00
      vertex -1.106329e+02 -6.689010e+01  0.000000e+00
      vertex -9.382684e+01 -6.423879e+01  0.000000e+00
    endloop
  endfacet
  facet normal  -0.000000e+00  0.000000e+00 -1.000000e+00
    outer loop
      vertex -9.382684e+01 -6.423879e+01  0.000000e+00
      vertex -1.106329e+02 -6.689010e+01  0.000000e+00
      vertex -1.203719e+02 -6.306782e+01  0.000000e+00
    endloop
  endfacet
  facet normal  0.000000e+00  0.000000e+00 -1.000000e+00
    outer loop
      vertex -9.382684e+01 -6.423879e+01  0.000000e+00
      vertex -1.203719e+02 -6.306782e+01  0.000000e+00
      vertex -9.707107e+01 -6.207107e+01  0.000000e+00
    endloop
  endfacet
  facet normal  -0.000000e+00  0.000000e+00 -1.000000e+00
    outer loop
      vertex -9.707107e+01 -6.207107e+01  0.000000e+00
      vertex -1.203719e+02 -6.306782e+01  0.000000e+00
      vertex -1.294324e+02 -5.783672e+01  0.000000e+00
    endloop
  endfacet
  facet normal  0.000000e+00  0.000000e+00 -1.000000e+00
    outer loop
      vertex -9.707107e+01 -6.207107e+01  0.000000e+00
      vertex -1.294324e+02 -5.783672e+01  0.000000e+00
      vertex -9.923879e+01 -5.882684e+01  0.000000e+00
    endloop
  endfacet
  facet normal  0.000000e+00  0.000000e+00 -1.000000e+00
    outer loop
      vertex -1.106329e+02 -6.689010e+01  0.000000e+00
      vertex -9.000000e+01 -6.500000e+01  0.000000e+00
      vertex -1.004330e+02 -6.921815e+01  0.000000e+00
    endloop
  endfacet
  facet normal  0.000000e+00  0.000000e+00 -1.000000e+00
    outer loop
      vertex -1.004330e+02 -6.921815e+01  0.000000e+00
      vertex -9.000000e+01 -6.500000e+01  0.000000e+00
      vertex -9.000000e+01 -7.000000e+01  0.000000e+00
    endloop
  endfacet
  facet normal  0.000000e+00 -9.283685e-16 -1.000000e+00
    outer loop
      vertex -1.000000e+01  5.500000e+01  3.552714e-15
      vertex -8.076121e+01  5.882684e+01  0.000000e+00
      vertex -9.238795e+00  5.882684e+01  0.000000e+00
    endloop
  endfacet
  facet normal  0.000000e+00  0.000000e+00 -1.000000e+00
    outer loop
      vertex -9.238795e+00  5.882684e+01  0.000000e+00
      vertex -8.076121e+01  5.882684e+01  0.000000e+00
      vertex -8.292893e+01  6.207107e+01  0.000000e+00
    endloop
  endfacet
  facet normal  0.000000e+00  0.000000e+00 -1.000000e+00
    outer loop
      vertex -9.238795e+00  5.882684e+01  0.000000e+00
      vertex -8.292893e+01  6.207107e+01  0.000000e+00
      vertex -7.071068e+00  6.207107e+01  0.000000e+00
    endloop
  endfacet
  facet normal  0.000000e+00  0.000000e+00 -1.000000e+00
    outer loop
      vertex -7.071068e+00  6.207107e+01  0.000000e+00
      vertex -8.292893e+01  6.207107e+01  0.000000e+00
      vertex -8.617316e+01  6.423879e+01  0.000000e+00
    endloop
  endfacet
  facet normal  0.000000e+00  0.000000e+00 -1.000000e+00
    outer loop
      vertex -7.071068e+00  6.207107e+01  0.000000e+00
      vertex -8.617316e+01  6.423879e+01  0.000000e+00
      vertex -3.826834e+00  6.423879e+01  0.000000e+00
    endloop
  endfacet
  facet normal  0.000000e+00  0.000000e+00 -9.999999e-01
    outer loop
      vertex -3.826834e+00  6.423879e+01  0.000000e+00
      vertex -8.617316e+01  6.423879e+01  0.000000e+00
      vertex -9.000000e+01  6.500000e+01  0.000000e+00
    endloop
  endfacet
  facet normal  0.000000e+00  0.000000e+00 -1.000000e+00
    outer loop
      vertex -3.826834e+00  6.423879e+01  0.000000e+00
      vertex -9.000000e+01  6.500000e+01  0.000000e+00
      vertex  6.123234e-16  6.500000e+01  0.000000e+00
    endloop
  endfacet
  facet normal  5.075305e-17  1.009544e-17 -1.000000e+00
    outer loop
      vertex -8.076121e+01  5.882684e+01  0.000000e+00
      vertex -1.000000e+01  5.500000e+01  3.552714e-15
      vertex -8.000000e+01  5.500000e+01  0.000000e+00
    endloop
  endfacet
  facet normal  5.075305e-17  9.384640e-16 -1.000000e+00
    outer loop
      vertex -8.000000e+01  5.500000e+01  0.000000e+00
      vertex -1.000000e+01  5.500000e+01  3.552714e-15
      vertex -9.238795e+00  5.117316e+01  0.000000e+00
    endloop
  endfacet
  facet normal  0.000000e+00  0.000000e+00 -1.000000e+00
    outer loop
      vertex -8.000000e+01  5.500000e+01  0.000000e+00
      vertex -9.238795e+00  5.117316e+01  0.000000e+00
      vertex -8.076121e+01  5.117316e+01  0.000000e+00
    endloop
  endfacet
  facet normal  0.000000e+00  0.000000e+00 -1.000000e+00
    outer loop
      vertex -8.076121e+01  5.117316e+01  0.000000e+00
      vertex -9.238795e+00  5.117316e+01  0.000000e+00
      vertex -7.071068e+00  4.792893e+01  0.000000e+00
    endloop
  endfacet
  facet normal  0.000000e+00  0.000000e+00 -1.000000e+00
    outer loop
      vertex -8.076121e+01  5.117316e+01  0.000000e+00
      vertex -7.071068e+00  4.792893e+01  0.000000e+00
      vertex -8.292893e+01  4.792893e+01  0.000000e+00
    endloop
  endfacet
  facet normal  0.000000e+00  0.000000e+00 -1.000000e+00
    outer loop
      vertex -8.292893e+01  4.792893e+01  0.000000e+00
      vertex -7.071068e+00  4.792893e+01  0.000000e+00
      vertex -3.826834e+00  4.576120e+01  0.000000e+00
    endloop
  endfacet
  facet normal  0.000000e+00  0.000000e+00 -9.999999e-01
    outer loop
      vertex -8.292893e+01  4.792893e+01  0.000000e+00
      vertex -3.826834e+00  4.576120e+01  0.000000e+00
      vertex -8.617316e+01  4.576120e+01  0.000000e+00
    endloop
  endfacet
  facet normal  0.000000e+00  0.000000e+00 -1.000000e+00
    outer loop
      vertex -8.617316e+01  4.576120e+01  0.000000e+00
      vertex -3.826834e+00  4.576120e+01  0.000000e+00
      vertex -1.836970e-15  4.500000e+01  0.000000e+00
    endloop
  endfacet
  facet normal  0.000000e+00  0.000000e+00 -1.000000e+00
    outer loop
      vertex -8.617316e+01  4.576120e+01  0.000000e+00
      vertex -1.836970e-15  4.500000e+01  0.000000e+00
      vertex -9.000000e+01  4.500000e+01  0.000000e+00
    endloop
  endfacet
  facet normal  0.000000e+00 -1.091756e-15 -1.000000e+00
    outer loop
      vertex -7.500000e+00  4.249154e-15  3.552714e-15
      vertex -8.324274e+01  3.254128e+00  0.000000e+00
      vertex -6.757267e+00  3.254128e+00  0.000000e+00
    endloop
  endfacet
  facet normal  0.000000e+00  0.000000e+00 -1.000000e+00
    outer loop
      vertex -6.757267e+00  3.254128e+00  0.000000e+00
      vertex -8.324274e+01  3.254128e+00  0.000000e+00
      vertex -8.532383e+01  5.863736e+00  0.000000e+00
    endloop
  endfacet
  facet normal  0.000000e+00  0.000000e+00 -9.999999e-01
    outer loop
      vertex -6.757267e+00  3.254128e+00  0.000000e+00
      vertex -8.532383e+01  5.863736e+00  0.000000e+00
      vertex -4.676174e+00  5.863736e+00  0.000000e+00
    endloop
  endfacet
  facet normal  0.000000e+00  0.000000e+00 -1.000000e+00
    outer loop
      vertex -4.676174e+00  5.863736e+00  0.000000e+00
      vertex -8.532383e+01  5.863736e+00  0.000000e+00
      vertex -8.833109e+01  7.311959e+00  0.000000e+00
    endloop
  endfacet
  facet normal  0.000000e+00  0.000000e+00 -9.999999e-01
    outer loop
      vertex -4.676174e+00  5.863736e+00  0.000000e+00
      vertex -8.833109e+01  7.311959e+00  0.000000e+00
      vertex -1.668907e+00  7.311959e+00  0.000000e+00
    endloop
  endfacet
  facet normal  4.736951e-17  1.081183e-17 -1.000000e+00
    outer loop
      vertex -8.324274e+01  3.254128e+00  0.000000e+00
      vertex -7.500000e+00  4.249154e-15  3.552714e-15
      vertex -8.250000e+01  0.000000e+00  0.000000e+00
    endloop
  endfacet
  facet normal  4.736951e-17  1.102568e-15 -1.000000e+00
    outer loop
      vertex -8.250000e+01  0.000000e+00  0.000000e+00
      vertex -7.500000e+00  4.249154e-15  3.552714e-15
      vertex -6.757267e+00 -3.254128e+00  0.000000e+00
    endloop
  endfacet
  facet normal  0.000000e+00  0.000000e+00 -1.000000e+00
    outer loop
      vertex -8.250000e+01  0.000000e+00  0.000000e+00
      vertex -6.757267e+00 -3.254128e+00  0.000000e+00
      vertex -8.324274e+01 -3.254128e+00  0.000000e+00
    endloop
  endfacet
  facet normal  0.000000e+00  0.000000e+00 -1.000000e+00
    outer loop
      vertex -8.324274e+01 -3.254128e+00  0.000000e+00
      vertex -6.757267e+00 -3.254128e+00  0.000000e+00
      vertex -4.676174e+00 -5.863736e+00  0.000000e+00
    endloop
  endfacet
  facet normal  0.000000e+00  0.000000e+00 -9.999999e-01
    outer loop
      vertex -8.324274e+01 -3.254128e+00  0.000000e+00
      vertex -4.676174e+00 -5.863736e+00  0.000000e+00
      vertex -8.532383e+01 -5.863736e+00  0.000000e+00
    endloop
  endfacet
  facet normal  0.000000e+00  0.000000e+00 -1.000000e+00
    outer loop
      vertex -8.532383e+01 -5.863736e+00  0.000000e+00
      vertex -4.676174e+00 -5.863736e+00  0.000000e+00
      vertex -1.668907e+00 -7.311959e+00  0.000000e+00
    endloop
  endfacet
  facet normal  0.000000e+00  0.000000e+00 -9.999999e-01
    outer loop
      vertex -8.532383e+01 -5.863736e+00  0.000000e+00
      vertex -1.668907e+00 -7.311959e+00  0.000000e+00
      vertex -8.833109e+01 -7.311959e+00  0.000000e+00
    endloop
  endfacet
  facet normal  0.000000e+00 -9.283685e-16 -1.000000e+00
    outer loop
      vertex -1.000000e+01 -5.500000e+01  3.552714e-15
      vertex -8.076121e+01 -5.117316e+01  0.000000e+00
      vertex -9.238795e+00 -5.117316e+01  0.000000e+00
    endloop
  endfacet
  facet normal  0.000000e+00  0.000000e+00 -1.000000e+00
    outer loop
      vertex -9.238795e+00 -5.117316e+01  0.000000e+00
      vertex -8.076121e+01 -5.117316e+01  0.000000e+00
      vertex -8.292893e+01 -4.792893e+01  0.000000e+00
    endloop
  endfacet
  facet normal  0.000000e+00  0.000000e+00 -1.000000e+00
    outer loop
      vertex -9.238795e+00 -5.117316e+01  0.000000e+00
      vertex -8.292893e+01 -4.792893e+01  0.000000e+00
      vertex -7.071068e+00 -4.792893e+01  0.000000e+00
    endloop
  endfacet
  facet normal  0.000000e+00  0.000000e+00 -1.000000e+00
    outer loop
      vertex -7.071068e+00 -4.792893e+01  0.000000e+00
      vertex -8.292893e+01 -4.792893e+01  0.000000e+00
      vertex -8.617316e+01 -4.576120e+01  0.000000e+00
    endloop
  endfacet
  facet normal  0.000000e+00  0.000000e+00 -9.999999e-01
    outer loop
      vertex -7.071068e+00 -4.792893e+01  0.000000e+00
      vertex -8.617316e+01 -4.576120e+01  0.000000e+00
      vertex -3.826834e+00 -4.576120e+01  0.000000e+00
    endloop
  endfacet
  facet normal  5.075305e-17  1.009544e-17 -1.000000e+00
    outer loop
      vertex -8.076121e+01 -5.117316e+01  0.000000e+00
      vertex -1.000000e+01 -5.500000e+01  3.552714e-15
      vertex -8.000000e+01 -5.500000e+01  0.000000e+00
    endloop
  endfacet
  facet normal  5.075305e-17  9.384640e-16 -1.000000e+00
    outer loop
      vertex -8.000000e+01 -5.500000e+01  0.000000e+00
      vertex -1.000000e+01 -5.500000e+01  3.552714e-15
      vertex -9.238795e+00 -5.882684e+01  0.000000e+00
    endloop
  endfacet
  facet normal  0.000000e+00  0.000000e+00 -1.000000e+00
    outer loop
      vertex -8.000000e+01 -5.500000e+01  0.000000e+00
      vertex -9.238795e+00 -5.882684e+01  0.000000e+00
      vertex -8.076121e+01 -5.882684e+01  0.000000e+00
    endloop
  endfacet
  facet normal  0.000000e+00  0.000000e+00 -1.000000e+00
    outer loop
      vertex -8.076121e+01 -5.882684e+01  0.000000e+00
      vertex -9.238795e+00 -5.882684e+01  0.000000e+00
      vertex -7.071068e+00 -6.207107e+01  0.000000e+00
    endloop
  endfacet
  facet normal  0.000000e+00  0.000000e+00 -1.000000e+00
    outer loop
      vertex -8.076121e+01 -5.882684e+01  0.000000e+00
      vertex -7.071068e+00 -6.207107e+01  0.000000e+00
      vertex -8.292893e+01 -6.207107e+01  0.000000e+00
    endloop
  endfacet
  facet normal  0.000000e+00  0.000000e+00 -1.000000e+00
    outer loop
      vertex -8.292893e+01 -6.207107e+01  0.000000e+00
      vertex -7.071068e+00 -6.207107e+01  0.000000e+00
      vertex -3.826834e+00 -6.423879e+01  0.000000e+00
    endloop
  endfacet
  facet normal  0.000000e+00  0.000000e+00 -1.000000e+00
    outer loop
      vertex -8.292893e+01 -6.207107e+01  0.000000e+00
      vertex -3.826834e+00 -6.423879e+01  0.000000e+00
      vertex -8.617316e+01 -6.423879e+01  0.000000e+00
    endloop
  endfacet
  facet normal  0.000000e+00  0.000000e+00 -9.999999e-01
    outer loop
      vertex -8.617316e+01 -6.423879e+01  0.000000e+00
      vertex -3.826834e+00 -6.423879e+01  0.000000e+00
      vertex -1.836970e-15 -6.500000e+01  0.000000e+00
    endloop
  endfacet
  facet normal  0.000000e+00  0.000000e+00 -1.000000e+00
    outer loop
      vertex -8.617316e+01 -6.423879e+01  0.000000e+00
      vertex -1.836970e-15 -6.500000e+01  0.000000e+00
      vertex -9.000000e+01 -6.500000e+01  0.000000e+00
    endloop
  endfacet
  facet normal  0.000000e+00  -0.000000e+00 -9.999999e-01
    outer loop
      vertex  6.123234e-16 -4.500000e+01  0.000000e+00
      vertex  1.668907e+00 -7.311959e+00  0.000000e+00
      vertex  8.833109e+01 -7.311959e+00  0.000000e+00
    endloop
  endfacet
  facet normal  0.000000e+00  0.000000e+00 -9.999999e-01
    outer loop
      vertex  8.833109e+01 -7.311959e+00  0.000000e+00
      vertex  1.668907e+00 -7.311959e+00  0.000000e+00
      vertex  4.676174e+00 -5.863736e+00  0.000000e+00
    endloop
  endfacet
  facet normal  0.000000e+00  0.000000e+00 -1.000000e+00
    outer loop
      vertex  8.833109e+01 -7.311959e+00  0.000000e+00
      vertex  4.676174e+00 -5.863736e+00  0.000000e+00
      vertex  8.532383e+01 -5.863736e+00  0.000000e+00
    endloop
  endfacet
  facet normal  0.000000e+00  0.000000e+00 -9.999999e-01
    outer loop
      vertex  8.532383e+01 -5.863736e+00  0.000000e+00
      vertex  4.676174e+00 -5.863736e+00  0.000000e+00
      vertex  6.757267e+00 -3.254128e+00  0.000000e+00
    endloop
  endfacet
  facet normal  0.000000e+00  0.000000e+00 -1.000000e+00
    outer loop
      vertex  8.532383e+01 -5.863736e+00  0.000000e+00
      vertex  6.757267e+00 -3.254128e+00  0.000000e+00
      vertex  8.324274e+01 -3.254128e+00  0.000000e+00
    endloop
  endfacet
  facet normal  0.000000e+00  0.000000e+00 -1.000000e+00
    outer loop
      vertex  8.324274e+01 -3.254128e+00  0.000000e+00
      vertex  6.757267e+00 -3.254128e+00  0.000000e+00
      vertex  7.500000e+00  0.000000e+00  0.000000e+00
    endloop
  endfacet
  facet normal  0.000000e+00  0.000000e+00 -1.000000e+00
    outer loop
      vertex  8.324274e+01 -3.254128e+00  0.000000e+00
      vertex  7.500000e+00  0.000000e+00  0.000000e+00
      vertex  8.250000e+01  4.249154e-15  0.000000e+00
    endloop
  endfacet
  facet normal  -0.000000e+00  0.000000e+00 -1.000000e+00
    outer loop
      vertex  8.250000e+01  4.249154e-15  0.000000e+00
      vertex  7.500000e+00  0.000000e+00  0.000000e+00
      vertex  6.757267e+00  3.254128e+00  0.000000e+00
    endloop
  endfacet
  facet normal  0.000000e+00  0.000000e+00 -1.000000e+00
    outer loop
      vertex  8.250000e+01  4.249154e-15  0.000000e+00
      vertex  6.757267e+00  3.254128e+00  0.000000e+00
      vertex  8.324274e+01  3.254128e+00  0.000000e+00
    endloop
  endfacet
  facet normal  0.000000e+00  0.000000e+00 -1.000000e+00
    outer loop
      vertex  8.324274e+01  3.254128e+00  0.000000e+00
      vertex  6.757267e+00  3.254128e+00  0.000000e+00
      vertex  4.676174e+00  5.863736e+00  0.000000e+00
    endloop
  endfacet
  facet normal  0.000000e+00  0.000000e+00 -9.999999e-01
    outer loop
      vertex  8.324274e+01  3.254128e+00  0.000000e+00
      vertex  4.676174e+00  5.863736e+00  0.000000e+00
      vertex  8.532383e+01  5.863736e+00  0.000000e+00
    endloop
  endfacet
  facet normal  0.000000e+00  0.000000e+00 -1.000000e+00
    outer loop
      vertex  8.532383e+01  5.863736e+00  0.000000e+00
      vertex  4.676174e+00  5.863736e+00  0.000000e+00
      vertex  1.668907e+00  7.311959e+00  0.000000e+00
    endloop
  endfacet
  facet normal  0.000000e+00  0.000000e+00 -9.999999e-01
    outer loop
      vertex  8.532383e+01  5.863736e+00  0.000000e+00
      vertex  1.668907e+00  7.311959e+00  0.000000e+00
      vertex  8.833109e+01  7.311959e+00  0.000000e+00
    endloop
  endfacet
  facet normal  0.000000e+00  0.000000e+00 -1.000000e+00
    outer loop
      vertex  8.000000e+01 -5.500000e+01  0.000000e+00
      vertex  9.238795e+00 -5.117316e+01  0.000000e+00
      vertex  8.076121e+01 -5.117316e+01  0.000000e+00
    endloop
  endfacet
  facet normal  0.000000e+00  0.000000e+00 -1.000000e+00
    outer loop
      vertex  8.076121e+01 -5.117316e+01  0.000000e+00
      vertex  9.238795e+00 -5.117316e+01  0.000000e+00
      vertex  7.071068e+00 -4.792893e+01  0.000000e+00
    endloop
  endfacet
  facet normal  0.000000e+00  0.000000e+00 -1.000000e+00
    outer loop
      vertex  8.076121e+01 -5.117316e+01  0.000000e+00
      vertex  7.071068e+00 -4.792893e+01  0.000000e+00
      vertex  8.292893e+01 -4.792893e+01  0.000000e+00
    endloop
  endfacet
  facet normal  0.000000e+00  0.000000e+00 -1.000000e+00
    outer loop
      vertex  8.292893e+01 -4.792893e+01  0.000000e+00
      vertex  7.071068e+00 -4.792893e+01  0.000000e+00
      vertex  3.826834e+00 -4.576120e+01  0.000000e+00
    endloop
  endfacet
  facet normal  0.000000e+00  0.000000e+00 -9.999999e-01
    outer loop
      vertex  8.292893e+01 -4.792893e+01  0.000000e+00
      vertex  3.826834e+00 -4.576120e+01  0.000000e+00
      vertex  8.617316e+01 -4.576120e+01  0.000000e+00
    endloop
  endfacet
  facet normal  0.000000e+00  0.000000e+00 -1.000000e+00
    outer loop
      vertex  9.238795e+00 -5.117316e+01  0.000000e+00
      vertex  8.000000e+01 -5.500000e+01  0.000000e+00
      vertex  1.000000e+01 -5.500000e+01  0.000000e+00
    endloop
  endfacet
  facet normal  0.000000e+00  0.000000e+00 -1.000000e+00
    outer loop
      vertex  1.000000e+01 -5.500000e+01  0.000000e+00
      vertex  8.000000e+01 -5.500000e+01  0.000000e+00
      vertex  8.076121e+01 -5.882684e+01  0.000000e+00
    endloop
  endfacet
  facet normal  0.000000e+00  0.000000e+00 -1.000000e+00
    outer loop
      vertex  1.000000e+01 -5.500000e+01  0.000000e+00
      vertex  8.076121e+01 -5.882684e+01  0.000000e+00
      vertex  9.238795e+00 -5.882684e+01  0.000000e+00
    endloop
  endfacet
  facet normal  0.000000e+00  0.000000e+00 -1.000000e+00
    outer loop
      vertex  9.238795e+00 -5.882684e+01  0.000000e+00
      vertex  8.076121e+01 -5.882684e+01  0.000000e+00
      vertex  8.292893e+01 -6.207107e+01  0.000000e+00
    endloop
  endfacet
  facet normal  0.000000e+00  0.000000e+00 -1.000000e+00
    outer loop
      vertex  9.238795e+00 -5.882684e+01  0.000000e+00
      vertex  8.292893e+01 -6.207107e+01  0.000000e+00
      vertex  7.071068e+00 -6.207107e+01  0.000000e+00
    endloop
  endfacet
  facet normal  0.000000e+00  0.000000e+00 -1.000000e+00
    outer loop
      vertex  7.071068e+00 -6.207107e+01  0.000000e+00
      vertex  8.292893e+01 -6.207107e+01  0.000000e+00
      vertex  8.617316e+01 -6.423879e+01  0.000000e+00
    endloop
  endfacet
  facet normal  0.000000e+00  0.000000e+00 -1.000000e+00
    outer loop
      vertex  7.071068e+00 -6.207107e+01  0.000000e+00
      vertex  8.617316e+01 -6.423879e+01  0.000000e+00
      vertex  3.826834e+00 -6.423879e+01  0.000000e+00
    endloop
  endfacet
  facet normal  0.000000e+00  0.000000e+00 -9.999999e-01
    outer loop
      vertex  3.826834e+00 -6.423879e+01  0.000000e+00
      vertex  8.617316e+01 -6.423879e+01  0.000000e+00
      vertex  9.000000e+01 -6.500000e+01  0.000000e+00
    endloop
  endfacet
  facet normal  0.000000e+00  0.000000e+00 -1.000000e+00
    outer loop
      vertex  3.826834e+00 -6.423879e+01  0.000000e+00
      vertex  9.000000e+01 -6.500000e+01  0.000000e+00
      vertex -1.836970e-15 -6.500000e+01  0.000000e+00
    endloop
  endfacet
  facet normal  0.000000e+00  0.000000e+00 -9.999999e-01
    outer loop
      vertex  9.707107e+01  6.207107e+01  0.000000e+00
      vertex  9.382684e+01  6.423879e+01  0.000000e+00
      vertex  1.203719e+02  6.306782e+01  0.000000e+00
    endloop
  endfacet
  facet normal  0.000000e+00  0.000000e+00 -9.999999e-01
    outer loop
      vertex  1.203719e+02  6.306782e+01  0.000000e+00
      vertex  9.382684e+01  6.423879e+01  0.000000e+00
      vertex  9.000000e+01  6.500000e+01  0.000000e+00
    endloop
  endfacet
  facet normal  0.000000e+00  0.000000e+00 -1.000000e+00
    outer loop
      vertex  1.203719e+02  6.306782e+01  0.000000e+00
      vertex  9.000000e+01  6.500000e+01  0.000000e+00
      vertex  1.106329e+02  6.689010e+01  0.000000e+00
    endloop
  endfacet
  facet normal  -0.000000e+00  0.000000e+00 -1.000000e+00
    outer loop
      vertex  1.106329e+02  6.689010e+01  0.000000e+00
      vertex  9.000000e+01  6.500000e+01  0.000000e+00
      vertex  9.000000e+01  7.000000e+01  0.000000e+00
    endloop
  endfacet
  facet normal  0.000000e+00  0.000000e+00 -1.000000e+00
    outer loop
      vertex  1.106329e+02  6.689010e+01  0.000000e+00
      vertex  9.000000e+01  7.000000e+01  0.000000e+00
      vertex  1.004330e+02  6.921815e+01  0.000000e+00
    endloop
  endfacet
  facet normal -3.400753e-18  9.290450e-16 -1.000000e+00
    outer loop
      vertex  9.923879e+01  5.117316e+01  0.000000e+00
      vertex  1.000000e+02  5.500000e+01  3.552714e-15
      vertex  1.376121e+02  5.131363e+01  0.000000e+00
    endloop
  endfacet
  facet normal -1.891336e-16 -9.659896e-16 -1.000000e+00
    outer loop
      vertex  1.376121e+02  5.131363e+01  0.000000e+00
      vertex  1.000000e+02  5.500000e+01  3.552714e-15
      vertex  9.923879e+01  5.882684e+01  0.000000e+00
    endloop
  endfacet
  facet normal  0.000000e+00  0.000000e+00 -1.000000e+00
    outer loop
      vertex  1.376121e+02  5.131363e+01  0.000000e+00
      vertex  9.923879e+01  5.882684e+01  0.000000e+00
      vertex  1.294324e+02  5.783672e+01  0.000000e+00
    endloop
  endfacet
  facet normal  0.000000e+00  0.000000e+00 -1.000000e+00
    outer loop
      vertex  1.294324e+02  5.783672e+01  0.000000e+00
      vertex  9.923879e+01  5.882684e+01  0.000000e+00
      vertex  9.707107e+01  6.207107e+01  0.000000e+00
    endloop
  endfacet
  facet normal  0.000000e+00  0.000000e+00 -1.000000e+00
    outer loop
      vertex  1.294324e+02  5.783672e+01  0.000000e+00
      vertex  9.707107e+01  6.207107e+01  0.000000e+00
      vertex  1.203719e+02  6.306782e+01  0.000000e+00
    endloop
  endfacet
  facet normal  -0.000000e+00  0.000000e+00 -9.999999e-01
    outer loop
      vertex  9.675726e+01 -3.254128e+00  0.000000e+00
      vertex  1.598043e+02 -5.231107e+00  0.000000e+00
      vertex  9.467617e+01 -5.863736e+00  0.000000e+00
    endloop
  endfacet
  facet normal  0.000000e+00  0.000000e+00 -1.000000e+00
    outer loop
      vertex  9.467617e+01 -5.863736e+00  0.000000e+00
      vertex  1.598043e+02 -5.231107e+00  0.000000e+00
      vertex  1.582449e+02 -1.557647e+01  0.000000e+00
    endloop
  endfacet
  facet normal  0.000000e+00  0.000000e+00 -1.000000e+00
    outer loop
      vertex  9.467617e+01 -5.863736e+00  0.000000e+00
      vertex  1.582449e+02 -1.557647e+01  0.000000e+00
      vertex  9.166891e+01 -7.311959e+00  0.000000e+00
    endloop
  endfacet
  facet normal  0.000000e+00  -0.000000e+00 -1.000000e+00
    outer loop
      vertex  9.000000e+01 -6.500000e+01  0.000000e+00
      vertex  9.382684e+01 -6.423879e+01  0.000000e+00
      vertex  1.106329e+02 -6.689010e+01  0.000000e+00
    endloop
  endfacet
  facet normal  0.000000e+00  0.000000e+00 -1.000000e+00
    outer loop
      vertex  1.106329e+02 -6.689010e+01  0.000000e+00
      vertex  9.382684e+01 -6.423879e+01  0.000000e+00
      vertex  9.707107e+01 -6.207107e+01  0.000000e+00
    endloop
  endfacet
  facet normal  0.000000e+00  0.000000e+00 -1.000000e+00
    outer loop
      vertex  1.106329e+02 -6.689010e+01  0.000000e+00
      vertex  9.707107e+01 -6.207107e+01  0.000000e+00
      vertex  1.203719e+02 -6.306782e+01  0.000000e+00
    endloop
  endfacet
  facet normal  0.000000e+00  0.000000e+00 -9.999999e-01
    outer loop
      vertex  1.203719e+02 -6.306782e+01  0.000000e+00
      vertex  9.707107e+01 -6.207107e+01  0.000000e+00
      vertex  9.923879e+01 -5.882684e+01  0.000000e+00
    endloop
  endfacet
  facet normal  0.000000e+00  0.000000e+00 -1.000000e+00
    outer loop
      vertex  1.203719e+02 -6.306782e+01  0.000000e+00
      vertex  9.923879e+01 -5.882684e+01  0.000000e+00
      vertex  1.294324e+02 -5.783672e+01  0.000000e+00
    endloop
  endfacet
  facet normal -4.338841e-01  9.009687e-01  0.000000e+00
    outer loop
      vertex  9.166891e+01 -7.311959e+00  0.000000e+00
      vertex  9.467617e+01 -5.863736e+00  2.000000e+01
      vertex  9.467617e+01 -5.863736e+00  0.000000e+00
    endloop
  endfacet
  facet normal -7.818315e-01  6.234898e-01  0.000000e+00
    outer loop
      vertex  9.467617e+01 -5.863736e+00  0.000000e+00
      vertex  9.467617e+01 -5.863736e+00  2.000000e+01
      vertex  9.675726e+01 -3.254128e+00  2.000000e+01
    endloop
  endfacet
  facet normal -7.818315e-01  6.234898e-01  0.000000e+00
    outer loop
      vertex  9.467617e+01 -5.863736e+00  0.000000e+00
      vertex  9.675726e+01 -3.254128e+00  2.000000e+01
      vertex  9.675726e+01 -3.254128e+00  0.000000e+00
    endloop
  endfacet
  facet normal -9.749277e-01  2.225219e-01  0.000000e+00
    outer loop
      vertex  9.675726e+01 -3.254128e+00  0.000000e+00
      vertex  9.675726e+01 -3.254128e+00  2.000000e+01
      vertex  9.750000e+01 -8.498309e-15  2.000000e+01
    endloop
  endfacet
  facet normal -9.749277e-01  2.225219e-01  0.000000e+00
    outer loop
      vertex  9.675726e+01 -3.254128e+00  0.000000e+00
      vertex  9.750000e+01 -8.498309e-15  2.000000e+01
      vertex  9.750000e+01 -8.498309e-15  3.552714e-15
    endloop
  endfacet
  facet normal -4.338841e-01  9.009687e-01  0.000000e+00
    outer loop
      vertex  9.467617e+01 -5.863736e+00  2.000000e+01
      vertex  9.166891e+01 -7.311959e+00  0.000000e+00
      vertex  9.166891e+01 -7.311959e+00  2.000000e+01
    endloop
  endfacet
  facet normal  0.000000e+00  1.000000e+00  0.000000e+00
    outer loop
      vertex  9.166891e+01 -7.311959e+00  2.000000e+01
      vertex  9.166891e+01 -7.311959e+00  0.000000e+00
      vertex  8.833109e+01 -7.311959e+00  0.000000e+00
    endloop
  endfacet
  facet normal  0.000000e+00  1.000000e+00  0.000000e+00
    outer loop
      vertex  9.166891e+01 -7.311959e+00  2.000000e+01
      vertex  8.833109e+01 -7.311959e+00  0.000000e+00
      vertex  8.833109e+01 -7.311959e+00  2.000000e+01
    endloop
  endfacet
  facet normal  4.338841e-01  9.009687e-01  0.000000e+00
    outer loop
      vertex  8.833109e+01 -7.311959e+00  2.000000e+01
      vertex  8.833109e+01 -7.311959e+00  0.000000e+00
      vertex  8.532383e+01 -5.863736e+00  0.000000e+00
    endloop
  endfacet
  facet normal  4.338841e-01  9.009687e-01  -0.000000e+00
    outer loop
      vertex  8.833109e+01 -7.311959e+00  2.000000e+01
      vertex  8.532383e+01 -5.863736e+00  0.000000e+00
      vertex  8.532383e+01 -5.863736e+00  2.000000e+01
    endloop
  endfacet
  facet normal  7.818315e-01  6.234898e-01  0.000000e+00
    outer loop
      vertex  8.532383e+01 -5.863736e+00  2.000000e+01
      vertex  8.532383e+01 -5.863736e+00  0.000000e+00
      vertex  8.324274e+01 -3.254128e+00  0.000000e+00
    endloop
  endfacet
  facet normal  7.818315e-01  6.234898e-01  -0.000000e+00
    outer loop
      vertex  8.532383e+01 -5.863736e+00  2.000000e+01
      vertex  8.324274e+01 -3.254128e+00  0.000000e+00
      vertex  8.324274e+01 -3.254128e+00  2.000000e+01
    endloop
  endfacet
  facet normal  9.749277e-01  2.225219e-01  0.000000e+00
    outer loop
      vertex  8.324274e+01 -3.254128e+00  2.000000e+01
      vertex  8.324274e+01 -3.254128e+00  0.000000e+00
      vertex  8.250000e+01  4.249154e-15  0.000000e+00
    endloop
  endfacet
  facet normal  9.749277e-01  2.225219e-01  -0.000000e+00
    outer loop
      vertex  8.324274e+01 -3.254128e+00  2.000000e+01
      vertex  8.250000e+01  4.249154e-15  0.000000e+00
      vertex  8.250000e+01  4.249154e-15  2.000000e+01
    endloop
  endfacet
  facet normal  4.338841e-01 -9.009687e-01  0.000000e+00
    outer loop
      vertex  8.833109e+01  7.311959e+00  0.000000e+00
      vertex  8.532383e+01  5.863736e+00  2.000000e+01
      vertex  8.532383e+01  5.863736e+00  0.000000e+00
    endloop
  endfacet
  facet normal  7.818315e-01 -6.234898e-01  0.000000e+00
    outer loop
      vertex  8.532383e+01  5.863736e+00  0.000000e+00
      vertex  8.532383e+01  5.863736e+00  2.000000e+01
      vertex  8.324274e+01  3.254128e+00  2.000000e+01
    endloop
  endfacet
  facet normal  7.818315e-01 -6.234898e-01  0.000000e+00
    outer loop
      vertex  8.532383e+01  5.863736e+00  0.000000e+00
      vertex  8.324274e+01  3.254128e+00  2.000000e+01
      vertex  8.324274e+01  3.254128e+00  0.000000e+00
    endloop
  endfacet
  facet normal  9.749277e-01 -2.225219e-01  0.000000e+00
    outer loop
      vertex  8.324274e+01  3.254128e+00  0.000000e+00
      vertex  8.324274e+01  3.254128e+00  2.000000e+01
      vertex  8.250000e+01  4.249154e-15  2.000000e+01
    endloop
  endfacet
  facet normal  9.749277e-01 -2.225219e-01  0.000000e+00
    outer loop
      vertex  8.324274e+01  3.254128e+00  0.000000e+00
      vertex  8.250000e+01  4.249154e-15  2.000000e+01
      vertex  8.250000e+01  4.249154e-15  0.000000e+00
    endloop
  endfacet
  facet normal  4.338841e-01 -9.009687e-01  0.000000e+00
    outer loop
      vertex  8.532383e+01  5.863736e+00  2.000000e+01
      vertex  8.833109e+01  7.311959e+00  0.000000e+00
      vertex  8.833109e+01  7.311959e+00  2.000000e+01
    endloop
  endfacet
  facet normal  0.000000e+00 -1.000000e+00  0.000000e+00
    outer loop
      vertex  8.833109e+01  7.311959e+00  2.000000e+01
      vertex  8.833109e+01  7.311959e+00  0.000000e+00
      vertex  9.166891e+01  7.311959e+00  0.000000e+00
    endloop
  endfacet
  facet normal  0.000000e+00 -1.000000e+00  0.000000e+00
    outer loop
      vertex  8.833109e+01  7.311959e+00  2.000000e+01
      vertex  9.166891e+01  7.311959e+00  0.000000e+00
      vertex  9.166891e+01  7.311959e+00  2.000000e+01
    endloop
  endfacet
  facet normal -4.338841e-01 -9.009687e-01  -0.000000e+00
    outer loop
      vertex  9.166891e+01  7.311959e+00  2.000000e+01
      vertex  9.166891e+01  7.311959e+00  0.000000e+00
      vertex  9.467617e+01  5.863736e+00  0.000000e+00
    endloop
  endfacet
  facet normal -4.338841e-01 -9.009687e-01  0.000000e+00
    outer loop
      vertex  9.166891e+01  7.311959e+00  2.000000e+01
      vertex  9.467617e+01  5.863736e+00  0.000000e+00
      vertex  9.467617e+01  5.863736e+00  2.000000e+01
    endloop
  endfacet
  facet normal -7.818315e-01 -6.234898e-01  -0.000000e+00
    outer loop
      vertex  9.467617e+01  5.863736e+00  2.000000e+01
      vertex  9.467617e+01  5.863736e+00  0.000000e+00
      vertex  9.675726e+01  3.254128e+00  0.000000e+00
    endloop
  endfacet
  facet normal -7.818315e-01 -6.234898e-01  0.000000e+00
    outer loop
      vertex  9.467617e+01  5.863736e+00  2.000000e+01
      vertex  9.675726e+01  3.254128e+00  0.000000e+00
      vertex  9.675726e+01  3.254128e+00  2.000000e+01
    endloop
  endfacet
  facet normal -9.749277e-01 -2.225219e-01  -0.000000e+00
    outer loop
      vertex  9.675726e+01  3.254128e+00  2.000000e+01
      vertex  9.675726e+01  3.254128e+00  0.000000e+00
      vertex  9.750000e+01 -8.498309e-15  3.552714e-15
    endloop
  endfacet
  facet normal -9.749277e-01 -2.225219e-01  0.000000e+00
    outer loop
      vertex  9.675726e+01  3.254128e+00  2.000000e+01
      vertex  9.750000e+01 -8.498309e-15  3.552714e-15
      vertex  9.750000e+01 -8.498309e-15  2.000000e+01
    endloop
  endfacet
  facet normal  4.338841e-01 -9.009687e-01  0.000000e+00
    outer loop
      vertex -9.166891e+01  7.311959e+00  0.000000e+00
      vertex -9.467617e+01  5.863736e+00  2.000000e+01
      vertex -9.467617e+01  5.863736e+00  0.000000e+00
    endloop
  endfacet
  facet normal  7.818315e-01 -6.234898e-01  0.000000e+00
    outer loop
      vertex -9.467617e+01  5.863736e+00  0.000000e+00
      vertex -9.467617e+01  5.863736e+00  2.000000e+01
      vertex -9.675726e+01  3.254128e+00  2.000000e+01
    endloop
  endfacet
  facet normal  7.818315e-01 -6.234898e-01  0.000000e+00
    outer loop
      vertex -9.467617e+01  5.863736e+00  0.000000e+00
      vertex -9.675726e+01  3.254128e+00  2.000000e+01
      vertex -9.675726e+01  3.254128e+00  0.000000e+00
    endloop
  endfacet
  facet normal  9.749277e-01 -2.225219e-01  0.000000e+00
    outer loop
      vertex -9.675726e+01  3.254128e+00  0.000000e+00
      vertex -9.675726e+01  3.254128e+00  2.000000e+01
      vertex -9.750000e+01  4.249154e-15  2.000000e+01
    endloop
  endfacet
  facet normal  9.749277e-01 -2.225219e-01  0.000000e+00
    outer loop
      vertex -9.675726e+01  3.254128e+00  0.000000e+00
      vertex -9.750000e+01  4.249154e-15  2.000000e+01
      vertex -9.750000e+01  4.249154e-15  3.552714e-15
    endloop
  endfacet
  facet normal  4.338841e-01 -9.009687e-01  0.000000e+00
    outer loop
      vertex -9.467617e+01  5.863736e+00  2.000000e+01
      vertex -9.166891e+01  7.311959e+00  0.000000e+00
      vertex -9.166891e+01  7.311959e+00  2.000000e+01
    endloop
  endfacet
  facet normal  0.000000e+00 -1.000000e+00  0.000000e+00
    outer loop
      vertex -9.166891e+01  7.311959e+00  2.000000e+01
      vertex -9.166891e+01  7.311959e+00  0.000000e+00
      vertex -8.833109e+01  7.311959e+00  0.000000e+00
    endloop
  endfacet
  facet normal  0.000000e+00 -1.000000e+00  0.000000e+00
    outer loop
      vertex -9.166891e+01  7.311959e+00  2.000000e+01
      vertex -8.833109e+01  7.311959e+00  0.000000e+00
      vertex -8.833109e+01  7.311959e+00  2.000000e+01
    endloop
  endfacet
  facet normal -4.338841e-01 -9.009687e-01  -0.000000e+00
    outer loop
      vertex -8.833109e+01  7.311959e+00  2.000000e+01
      vertex -8.833109e+01  7.311959e+00  0.000000e+00
      vertex -8.532383e+01  5.863736e+00  0.000000e+00
    endloop
  endfacet
  facet normal -4.338841e-01 -9.009687e-01  0.000000e+00
    outer loop
      vertex -8.833109e+01  7.311959e+00  2.000000e+01
      vertex -8.532383e+01  5.863736e+00  0.000000e+00
      vertex -8.532383e+01  5.863736e+00  2.000000e+01
    endloop
  endfacet
  facet normal -7.818315e-01 -6.234898e-01  -0.000000e+00
    outer loop
      vertex -8.532383e+01  5.863736e+00  2.000000e+01
      vertex -8.532383e+01  5.863736e+00  0.000000e+00
      vertex -8.324274e+01  3.254128e+00  0.000000e+00
    endloop
  endfacet
  facet normal -7.818315e-01 -6.234898e-01  0.000000e+00
    outer loop
      vertex -8.532383e+01  5.863736e+00  2.000000e+01
      vertex -8.324274e+01  3.254128e+00  0.000000e+00
      vertex -8.324274e+01  3.254128e+00  2.000000e+01
    endloop
  endfacet
  facet normal -9.749277e-01 -2.225219e-01  -0.000000e+00
    outer loop
      vertex -8.324274e+01  3.254128e+00  2.000000e+01
      vertex -8.324274e+01  3.254128e+00  0.000000e+00
      vertex -8.250000e+01  0.000000e+00  0.000000e+00
    endloop
  endfacet
  facet normal -9.749277e-01 -2.225219e-01  0.000000e+00
    outer loop
      vertex -8.324274e+01  3.254128e+00  2.000000e+01
      vertex -8.250000e+01  0.000000e+00  0.000000e+00
      vertex -8.250000e+01  0.000000e+00  2.000000e+01
    endloop
  endfacet
  facet normal -4.338841e-01  9.009687e-01  0.000000e+00
    outer loop
      vertex -8.833109e+01 -7.311959e+00  0.000000e+00
      vertex -8.532383e+01 -5.863736e+00  2.000000e+01
      vertex -8.532383e+01 -5.863736e+00  0.000000e+00
    endloop
  endfacet
  facet normal -7.818315e-01  6.234898e-01  0.000000e+00
    outer loop
      vertex -8.532383e+01 -5.863736e+00  0.000000e+00
      vertex -8.532383e+01 -5.863736e+00  2.000000e+01
      vertex -8.324274e+01 -3.254128e+00  2.000000e+01
    endloop
  endfacet
  facet normal -7.818315e-01  6.234898e-01  0.000000e+00
    outer loop
      vertex -8.532383e+01 -5.863736e+00  0.000000e+00
      vertex -8.324274e+01 -3.254128e+00  2.000000e+01
      vertex -8.324274e+01 -3.254128e+00  0.000000e+00
    endloop
  endfacet
  facet normal -9.749277e-01  2.225219e-01  0.000000e+00
    outer loop
      vertex -8.324274e+01 -3.254128e+00  0.000000e+00
      vertex -8.324274e+01 -3.254128e+00  2.000000e+01
      vertex -8.250000e+01  0.000000e+00  2.000000e+01
    endloop
  endfacet
  facet normal -9.749277e-01  2.225219e-01  0.000000e+00
    outer loop
      vertex -8.324274e+01 -3.254128e+00  0.000000e+00
      vertex -8.250000e+01  0.000000e+00  2.000000e+01
      vertex -8.250000e+01  0.000000e+00  0.000000e+00
    endloop
  endfacet
  facet normal -4.338841e-01  9.009687e-01  0.000000e+00
    outer loop
      vertex -8.532383e+01 -5.863736e+00  2.000000e+01
      vertex -8.833109e+01 -7.311959e+00  0.000000e+00
      vertex -8.833109e+01 -7.311959e+00  2.000000e+01
    endloop
  endfacet
  facet normal  0.000000e+00  1.000000e+00  0.000000e+00
    outer loop
      vertex -8.833109e+01 -7.311959e+00  2.000000e+01
      vertex -8.833109e+01 -7.311959e+00  0.000000e+00
      vertex -9.166891e+01 -7.311959e+00  0.000000e+00
    endloop
  endfacet
  facet normal  0.000000e+00  1.000000e+00  0.000000e+00
    outer loop
      vertex -8.833109e+01 -7.311959e+00  2.000000e+01
      vertex -9.166891e+01 -7.311959e+00  0.000000e+00
      vertex -9.166891e+01 -7.311959e+00  2.000000e+01
    endloop
  endfacet
  facet normal  4.338841e-01  9.009687e-01  0.000000e+00
    outer loop
      vertex -9.166891e+01 -7.311959e+00  2.000000e+01
      vertex -9.166891e+01 -7.311959e+00  0.000000e+00
      vertex -9.467617e+01 -5.863736e+00  0.000000e+00
    endloop
  endfacet
  facet normal  4.338841e-01  9.009687e-01  -0.000000e+00
    outer loop
      vertex -9.166891e+01 -7.311959e+00  2.000000e+01
      vertex -9.467617e+01 -5.863736e+00  0.000000e+00
      vertex -9.467617e+01 -5.863736e+00  2.000000e+01
    endloop
  endfacet
  facet normal  7.818315e-01  6.234898e-01  0.000000e+00
    outer loop
      vertex -9.467617e+01 -5.863736e+00  2.000000e+01
      vertex -9.467617e+01 -5.863736e+00  0.000000e+00
      vertex -9.675726e+01 -3.254128e+00  0.000000e+00
    endloop
  endfacet
  facet normal  7.818315e-01  6.234898e-01  -0.000000e+00
    outer loop
      vertex -9.467617e+01 -5.863736e+00  2.000000e+01
      vertex -9.675726e+01 -3.254128e+00  0.000000e+00
      vertex -9.675726e+01 -3.254128e+00  2.000000e+01
    endloop
  endfacet
  facet normal  9.749277e-01  2.225219e-01  0.000000e+00
    outer loop
      vertex -9.675726e+01 -3.254128e+00  2.000000e+01
      vertex -9.675726e+01 -3.254128e+00  0.000000e+00
      vertex -9.750000e+01  4.249154e-15  3.552714e-15
    endloop
  endfacet
  facet normal  9.749277e-01  2.225219e-01  -0.000000e+00
    outer loop
      vertex -9.675726e+01 -3.254128e+00  2.000000e+01
      vertex -9.750000e+01  4.249154e-15  3.552714e-15
      vertex -9.750000e+01  4.249154e-15  2.000000e+01
    endloop
  endfacet
  facet normal  4.338837e-01 -9.009689e-01  0.000000e+00
    outer loop
      vertex -1.668907e+00  7.311959e+00  0.000000e+00
      vertex -4.676174e+00  5.863736e+00  2.000000e+01
      vertex -4.676174e+00  5.863736e+00  0.000000e+00
    endloop
  endfacet
  facet normal  7.818315e-01 -6.234898e-01  0.000000e+00
    outer loop
      vertex -4.676174e+00  5.863736e+00  0.000000e+00
      vertex -4.676174e+00  5.863736e+00  2.000000e+01
      vertex -6.757267e+00  3.254128e+00  2.000000e+01
    endloop
  endfacet
  facet normal  7.818315e-01 -6.234898e-01  0.000000e+00
    outer loop
      vertex -4.676174e+00  5.863736e+00  0.000000e+00
      vertex -6.757267e+00  3.254128e+00  2.000000e+01
      vertex -6.757267e+00  3.254128e+00  0.000000e+00
    endloop
  endfacet
  facet normal  9.749279e-01 -2.225209e-01  0.000000e+00
    outer loop
      vertex -6.757267e+00  3.254128e+00  0.000000e+00
      vertex -6.757267e+00  3.254128e+00  2.000000e+01
      vertex -7.500000e+00  4.249154e-15  2.000000e+01
    endloop
  endfacet
  facet normal  9.749279e-01 -2.225209e-01  0.000000e+00
    outer loop
      vertex -6.757267e+00  3.254128e+00  0.000000e+00
      vertex -7.500000e+00  4.249154e-15  2.000000e+01
      vertex -7.500000e+00  4.249154e-15  3.552714e-15
    endloop
  endfacet
  facet normal  4.338837e-01 -9.009689e-01  0.000000e+00
    outer loop
      vertex -4.676174e+00  5.863736e+00  2.000000e+01
      vertex -1.668907e+00  7.311959e+00  0.000000e+00
      vertex -1.668907e+00  7.311959e+00  2.000000e+01
    endloop
  endfacet
  facet normal  0.000000e+00 -1.000000e+00  0.000000e+00
    outer loop
      vertex -1.668907e+00  7.311959e+00  2.000000e+01
      vertex -1.668907e+00  7.311959e+00  0.000000e+00
      vertex  1.668907e+00  7.311959e+00  0.000000e+00
    endloop
  endfacet
  facet normal  0.000000e+00 -1.000000e+00  0.000000e+00
    outer loop
      vertex -1.668907e+00  7.311959e+00  2.000000e+01
      vertex  1.668907e+00  7.311959e+00  0.000000e+00
      vertex  1.668907e+00  7.311959e+00  2.000000e+01
    endloop
  endfacet
  facet normal -4.338837e-01 -9.009689e-01  -0.000000e+00
    outer loop
      vertex  1.668907e+00  7.311959e+00  2.000000e+01
      vertex  1.668907e+00  7.311959e+00  0.000000e+00
      vertex  4.676174e+00  5.863736e+00  0.000000e+00
    endloop
  endfacet
  facet normal -4.338837e-01 -9.009689e-01  0.000000e+00
    outer loop
      vertex  1.668907e+00  7.311959e+00  2.000000e+01
      vertex  4.676174e+00  5.863736e+00  0.000000e+00
      vertex  4.676174e+00  5.863736e+00  2.000000e+01
    endloop
  endfacet
  facet normal -7.818315e-01 -6.234898e-01  -0.000000e+00
    outer loop
      vertex  4.676174e+00  5.863736e+00  2.000000e+01
      vertex  4.676174e+00  5.863736e+00  0.000000e+00
      vertex  6.757267e+00  3.254128e+00  0.000000e+00
    endloop
  endfacet
  facet normal -7.818315e-01 -6.234898e-01  0.000000e+00
    outer loop
      vertex  4.676174e+00  5.863736e+00  2.000000e+01
      vertex  6.757267e+00  3.254128e+00  0.000000e+00
      vertex  6.757267e+00  3.254128e+00  2.000000e+01
    endloop
  endfacet
  facet normal -9.749279e-01 -2.225209e-01  -0.000000e+00
    outer loop
      vertex  6.757267e+00  3.254128e+00  2.000000e+01
      vertex  6.757267e+00  3.254128e+00  0.000000e+00
      vertex  7.500000e+00  0.000000e+00  0.000000e+00
    endloop
  endfacet
  facet normal -9.749279e-01 -2.225209e-01  0.000000e+00
    outer loop
      vertex  6.757267e+00  3.254128e+00  2.000000e+01
      vertex  7.500000e+00  0.000000e+00  0.000000e+00
      vertex  7.500000e+00  0.000000e+00  2.000000e+01
    endloop
  endfacet
  facet normal -4.338837e-01  9.009689e-01  0.000000e+00
    outer loop
      vertex  1.668907e+00 -7.311959e+00  0.000000e+00
      vertex  4.676174e+00 -5.863736e+00  2.000000e+01
      vertex  4.676174e+00 -5.863736e+00  0.000000e+00
    endloop
  endfacet
  facet normal -7.818315e-01  6.234898e-01  0.000000e+00
    outer loop
      vertex  4.676174e+00 -5.863736e+00  0.000000e+00
      vertex  4.676174e+00 -5.863736e+00  2.000000e+01
      vertex  6.757267e+00 -3.254128e+00  2.000000e+01
    endloop
  endfacet
  facet normal -7.818315e-01  6.234898e-01  0.000000e+00
    outer loop
      vertex  4.676174e+00 -5.863736e+00  0.000000e+00
      vertex  6.757267e+00 -3.254128e+00  2.000000e+01
      vertex  6.757267e+00 -3.254128e+00  0.000000e+00
    endloop
  endfacet
  facet normal -9.749279e-01  2.225209e-01  0.000000e+00
    outer loop
      vertex  6.757267e+00 -3.254128e+00  0.000000e+00
      vertex  6.757267e+00 -3.254128e+00  2.000000e+01
      vertex  7.500000e+00  0.000000e+00  2.000000e+01
    endloop
  endfacet
  facet normal -9.749279e-01  2.225209e-01  0.000000e+00
    outer loop
      vertex  6.757267e+00 -3.254128e+00  0.000000e+00
      vertex  7.500000e+00  0.000000e+00  2.000000e+01
      vertex  7.500000e+00  0.000000e+00  0.000000e+00
    endloop
  endfacet
  facet normal -4.338837e-01  9.009689e-01  0.000000e+00
    outer loop
      vertex  4.676174e+00 -5.863736e+00  2.000000e+01
      vertex  1.668907e+00 -7.311959e+00  0.000000e+00
      vertex  1.668907e+00 -7.311959e+00  2.000000e+01
    endloop
  endfacet
  facet normal  0.000000e+00  1.000000e+00  0.000000e+00
    outer loop
      vertex  1.668907e+00 -7.311959e+00  2.000000e+01
      vertex  1.668907e+00 -7.311959e+00  0.000000e+00
      vertex -1.668907e+00 -7.311959e+00  0.000000e+00
    endloop
  endfacet
  facet normal  0.000000e+00  1.000000e+00  0.000000e+00
    outer loop
      vertex  1.668907e+00 -7.311959e+00  2.000000e+01
      vertex -1.668907e+00 -7.311959e+00  0.000000e+00
      vertex -1.668907e+00 -7.311959e+00  2.000000e+01
    endloop
  endfacet
  facet normal  4.338837e-01  9.009689e-01  0.000000e+00
    outer loop
      vertex -1.668907e+00 -7.311959e+00  2.000000e+01
      vertex -1.668907e+00 -7.311959e+00  0.000000e+00
      vertex -4.676174e+00 -5.863736e+00  0.000000e+00
    endloop
  endfacet
  facet normal  4.338837e-01  9.009689e-01  -0.000000e+00
    outer loop
      vertex -1.668907e+00 -7.311959e+00  2.000000e+01
      vertex -4.676174e+00 -5.863736e+00  0.000000e+00
      vertex -4.676174e+00 -5.863736e+00  2.000000e+01
    endloop
  endfacet
  facet normal  7.818315e-01  6.234898e-01  0.000000e+00
    outer loop
      vertex -4.676174e+00 -5.863736e+00  2.000000e+01
      vertex -4.676174e+00 -5.863736e+00  0.000000e+00
      vertex -6.757267e+00 -3.254128e+00  0.000000e+00
    endloop
  endfacet
  facet normal  7.818315e-01  6.234898e-01  -0.000000e+00
    outer loop
      vertex -4.676174e+00 -5.863736e+00  2.000000e+01
      vertex -6.757267e+00 -3.254128e+00  0.000000e+00
      vertex -6.757267e+00 -3.254128e+00  2.000000e+01
    endloop
  endfacet
  facet normal  9.749279e-01  2.225209e-01  0.000000e+00
    outer loop
      vertex -6.757267e+00 -3.254128e+00  2.000000e+01
      vertex -6.757267e+00 -3.254128e+00  0.000000e+00
      vertex -7.500000e+00  4.249154e-15  3.552714e-15
    endloop
  endfacet
  facet normal  9.749279e-01  2.225209e-01  -0.000000e+00
    outer loop
      vertex -6.757267e+00 -3.254128e+00  2.000000e+01
      vertex -7.500000e+00  4.249154e-15  3.552714e-15
      vertex -7.500000e+00  4.249154e-15  2.000000e+01
    endloop
  endfacet
  facet normal  1.950910e-01 -9.807851e-01  0.000000e+00
    outer loop
      vertex -9.000000e+01  6.500000e+01  0.000000e+00
      vertex -9.382684e+01  6.423879e+01  2.000000e+01
      vertex -9.382684e+01  6.423879e+01  0.000000e+00
    endloop
  endfacet
  facet normal  5.555699e-01 -8.314699e-01  0.000000e+00
    outer loop
      vertex -9.382684e+01  6.423879e+01  0.000000e+00
      vertex -9.382684e+01  6.423879e+01  2.000000e+01
      vertex -9.707107e+01  6.207107e+01  2.000000e+01
    endloop
  endfacet
  facet normal  5.555699e-01 -8.314699e-01  0.000000e+00
    outer loop
      vertex -9.382684e+01  6.423879e+01  0.000000e+00
      vertex -9.707107e+01  6.207107e+01  2.000000e+01
      vertex -9.707107e+01  6.207107e+01  0.000000e+00
    endloop
  endfacet
  facet normal  8.314699e-01 -5.555699e-01  0.000000e+00
    outer loop
      vertex -9.707107e+01  6.207107e+01  0.000000e+00
      vertex -9.707107e+01  6.207107e+01  2.000000e+01
      vertex -9.923879e+01  5.882684e+01  2.000000e+01
    endloop
  endfacet
  facet normal  8.314699e-01 -5.555699e-01  0.000000e+00
    outer loop
      vertex -9.707107e+01  6.207107e+01  0.000000e+00
      vertex -9.923879e+01  5.882684e+01  2.000000e+01
      vertex -9.923879e+01  5.882684e+01  0.000000e+00
    endloop
  endfacet
  facet normal  9.807851e-01 -1.950910e-01  0.000000e+00
    outer loop
      vertex -9.923879e+01  5.882684e+01  0.000000e+00
      vertex -9.923879e+01  5.882684e+01  2.000000e+01
      vertex -1.000000e+02  5.500000e+01  2.000000e+01
    endloop
  endfacet
  facet normal  9.807851e-01 -1.950910e-01  0.000000e+00
    outer loop
      vertex -9.923879e+01  5.882684e+01  0.000000e+00
      vertex -1.000000e+02  5.500000e+01  2.000000e+01
      vertex -1.000000e+02  5.500000e+01  3.552714e-15
    endloop
  endfacet
  facet normal  1.950910e-01 -9.807851e-01  0.000000e+00
    outer loop
      vertex -9.382684e+01  6.423879e+01  2.000000e+01
      vertex -9.000000e+01  6.500000e+01  0.000000e+00
      vertex -9.000000e+01  6.500000e+01  2.000000e+01
    endloop
  endfacet
  facet normal -1.950910e-01 -9.807851e-01  -0.000000e+00
    outer loop
      vertex -9.000000e+01  6.500000e+01  2.000000e+01
      vertex -9.000000e+01  6.500000e+01  0.000000e+00
      vertex -8.617316e+01  6.423879e+01  0.000000e+00
    endloop
  endfacet
  facet normal -1.950910e-01 -9.807851e-01  0.000000e+00
    outer loop
      vertex -9.000000e+01  6.500000e+01  2.000000e+01
      vertex -8.617316e+01  6.423879e+01  0.000000e+00
      vertex -8.617316e+01  6.423879e+01  2.000000e+01
    endloop
  endfacet
  facet normal -5.555699e-01 -8.314699e-01  -0.000000e+00
    outer loop
      vertex -8.617316e+01  6.423879e+01  2.000000e+01
      vertex -8.617316e+01  6.423879e+01  0.000000e+00
      vertex -8.292893e+01  6.207107e+01  0.000000e+00
    endloop
  endfacet
  facet normal -5.555699e-01 -8.314699e-01  0.000000e+00
    outer loop
      vertex -8.617316e+01  6.423879e+01  2.000000e+01
      vertex -8.292893e+01  6.207107e+01  0.000000e+00
      vertex -8.292893e+01  6.207107e+01  2.000000e+01
    endloop
  endfacet
  facet normal -8.314699e-01 -5.555699e-01  -0.000000e+00
    outer loop
      vertex -8.292893e+01  6.207107e+01  2.000000e+01
      vertex -8.292893e+01  6.207107e+01  0.000000e+00
      vertex -8.076121e+01  5.882684e+01  0.000000e+00
    endloop
  endfacet
  facet normal -8.314699e-01 -5.555699e-01  0.000000e+00
    outer loop
      vertex -8.292893e+01  6.207107e+01  2.000000e+01
      vertex -8.076121e+01  5.882684e+01  0.000000e+00
      vertex -8.076121e+01  5.882684e+01  2.000000e+01
    endloop
  endfacet
  facet normal -9.807851e-01 -1.950910e-01  -0.000000e+00
    outer loop
      vertex -8.076121e+01  5.882684e+01  2.000000e+01
      vertex -8.076121e+01  5.882684e+01  0.000000e+00
      vertex -8.000000e+01  5.500000e+01  0.000000e+00
    endloop
  endfacet
  facet normal -9.807851e-01 -1.950910e-01  0.000000e+00
    outer loop
      vertex -8.076121e+01  5.882684e+01  2.000000e+01
      vertex -8.000000e+01  5.500000e+01  0.000000e+00
      vertex -8.000000e+01  5.500000e+01  2.000000e+01
    endloop
  endfacet
  facet normal -1.950900e-01  9.807854e-01  0.000000e+00
    outer loop
      vertex -9.000000e+01  4.500000e+01  0.000000e+00
      vertex -8.617316e+01  4.576120e+01  2.000000e+01
      vertex -8.617316e+01  4.576120e+01  0.000000e+00
    endloop
  endfacet
  facet normal -5.555705e-01  8.314694e-01  0.000000e+00
    outer loop
      vertex -8.617316e+01  4.576120e+01  0.000000e+00
      vertex -8.617316e+01  4.576120e+01  2.000000e+01
      vertex -8.292893e+01  4.792893e+01  2.000000e+01
    endloop
  endfacet
  facet normal -5.555705e-01  8.314694e-01  0.000000e+00
    outer loop
      vertex -8.617316e+01  4.576120e+01  0.000000e+00
      vertex -8.292893e+01  4.792893e+01  2.000000e+01
      vertex -8.292893e+01  4.792893e+01  0.000000e+00
    endloop
  endfacet
  facet normal -8.314699e-01  5.555699e-01  0.000000e+00
    outer loop
      vertex -8.292893e+01  4.792893e+01  0.000000e+00
      vertex -8.292893e+01  4.792893e+01  2.000000e+01
      vertex -8.076121e+01  5.117316e+01  2.000000e+01
    endloop
  endfacet
  facet normal -8.314699e-01  5.555699e-01  0.000000e+00
    outer loop
      vertex -8.292893e+01  4.792893e+01  0.000000e+00
      vertex -8.076121e+01  5.117316e+01  2.000000e+01
      vertex -8.076121e+01  5.117316e+01  0.000000e+00
    endloop
  endfacet
  facet normal -9.807851e-01  1.950910e-01  0.000000e+00
    outer loop
      vertex -8.076121e+01  5.117316e+01  0.000000e+00
      vertex -8.076121e+01  5.117316e+01  2.000000e+01
      vertex -8.000000e+01  5.500000e+01  2.000000e+01
    endloop
  endfacet
  facet normal -9.807851e-01  1.950910e-01  0.000000e+00
    outer loop
      vertex -8.076121e+01  5.117316e+01  0.000000e+00
      vertex -8.000000e+01  5.500000e+01  2.000000e+01
      vertex -8.000000e+01  5.500000e+01  0.000000e+00
    endloop
  endfacet
  facet normal -1.950900e-01  9.807854e-01  0.000000e+00
    outer loop
      vertex -8.617316e+01  4.576120e+01  2.000000e+01
      vertex -9.000000e+01  4.500000e+01  0.000000e+00
      vertex -9.000000e+01  4.500000e+01  2.000000e+01
    endloop
  endfacet
  facet normal  1.950900e-01  9.807854e-01  0.000000e+00
    outer loop
      vertex -9.000000e+01  4.500000e+01  2.000000e+01
      vertex -9.000000e+01  4.500000e+01  0.000000e+00
      vertex -9.382684e+01  4.576120e+01  0.000000e+00
    endloop
  endfacet
  facet normal  1.950900e-01  9.807854e-01  -0.000000e+00
    outer loop
      vertex -9.000000e+01  4.500000e+01  2.000000e+01
      vertex -9.382684e+01  4.576120e+01  0.000000e+00
      vertex -9.382684e+01  4.576120e+01  2.000000e+01
    endloop
  endfacet
  facet normal  5.555705e-01  8.314694e-01  0.000000e+00
    outer loop
      vertex -9.382684e+01  4.576120e+01  2.000000e+01
      vertex -9.382684e+01  4.576120e+01  0.000000e+00
      vertex -9.707107e+01  4.792893e+01  0.000000e+00
    endloop
  endfacet
  facet normal  5.555705e-01  8.314694e-01  -0.000000e+00
    outer loop
      vertex -9.382684e+01  4.576120e+01  2.000000e+01
      vertex -9.707107e+01  4.792893e+01  0.000000e+00
      vertex -9.707107e+01  4.792893e+01  2.000000e+01
    endloop
  endfacet
  facet normal  8.314699e-01  5.555699e-01  0.000000e+00
    outer loop
      vertex -9.707107e+01  4.792893e+01  2.000000e+01
      vertex -9.707107e+01  4.792893e+01  0.000000e+00
      vertex -9.923879e+01  5.117316e+01  0.000000e+00
    endloop
  endfacet
  facet normal  8.314699e-01  5.555699e-01  -0.000000e+00
    outer loop
      vertex -9.707107e+01  4.792893e+01  2.000000e+01
      vertex -9.923879e+01  5.117316e+01  0.000000e+00
      vertex -9.923879e+01  5.117316e+01  2.000000e+01
    endloop
  endfacet
  facet normal  9.807851e-01  1.950910e-01  0.000000e+00
    outer loop
      vertex -9.923879e+01  5.117316e+01  2.000000e+01
      vertex -9.923879e+01  5.117316e+01  0.000000e+00
      vertex -1.000000e+02  5.500000e+01  3.552714e-15
    endloop
  endfacet
  facet normal  9.807851e-01  1.950910e-01  -0.000000e+00
    outer loop
      vertex -9.923879e+01  5.117316e+01  2.000000e+01
      vertex -1.000000e+02  5.500000e+01  3.552714e-15
      vertex -1.000000e+02  5.500000e+01  2.000000e+01
    endloop
  endfacet
  facet normal  1.950910e-01 -9.807851e-01  0.000000e+00
    outer loop
      vertex  6.123234e-16  6.500000e+01  0.000000e+00
      vertex -3.826834e+00  6.423879e+01  2.000000e+01
      vertex -3.826834e+00  6.423879e+01  0.000000e+00
    endloop
  endfacet
  facet normal  5.555698e-01 -8.314700e-01  0.000000e+00
    outer loop
      vertex -3.826834e+00  6.423879e+01  0.000000e+00
      vertex -3.826834e+00  6.423879e+01  2.000000e+01
      vertex -7.071068e+00  6.207107e+01  2.000000e+01
    endloop
  endfacet
  facet normal  5.555698e-01 -8.314700e-01  0.000000e+00
    outer loop
      vertex -3.826834e+00  6.423879e+01  0.000000e+00
      vertex -7.071068e+00  6.207107e+01  2.000000e+01
      vertex -7.071068e+00  6.207107e+01  0.000000e+00
    endloop
  endfacet
  facet normal  8.314695e-01 -5.555704e-01  0.000000e+00
    outer loop
      vertex -7.071068e+00  6.207107e+01  0.000000e+00
      vertex -7.071068e+00  6.207107e+01  2.000000e+01
      vertex -9.238795e+00  5.882684e+01  2.000000e+01
    endloop
  endfacet
  facet normal  8.314695e-01 -5.555704e-01  0.000000e+00
    outer loop
      vertex -7.071068e+00  6.207107e+01  0.000000e+00
      vertex -9.238795e+00  5.882684e+01  2.000000e+01
      vertex -9.238795e+00  5.882684e+01  0.000000e+00
    endloop
  endfacet
  facet normal  9.807853e-01 -1.950903e-01  0.000000e+00
    outer loop
      vertex -9.238795e+00  5.882684e+01  0.000000e+00
      vertex -9.238795e+00  5.882684e+01  2.000000e+01
      vertex -1.000000e+01  5.500000e+01  2.000000e+01
    endloop
  endfacet
  facet normal  9.807853e-01 -1.950903e-01  0.000000e+00
    outer loop
      vertex -9.238795e+00  5.882684e+01  0.000000e+00
      vertex -1.000000e+01  5.500000e+01  2.000000e+01
      vertex -1.000000e+01  5.500000e+01  3.552714e-15
    endloop
  endfacet
  facet normal  1.950910e-01 -9.807851e-01  0.000000e+00
    outer loop
      vertex -3.826834e+00  6.423879e+01  2.000000e+01
      vertex  6.123234e-16  6.500000e+01  0.000000e+00
      vertex  6.123234e-16  6.500000e+01  2.000000e+01
    endloop
  endfacet
  facet normal -1.950910e-01 -9.807851e-01  -0.000000e+00
    outer loop
      vertex  6.123234e-16  6.500000e+01  2.000000e+01
      vertex  6.123234e-16  6.500000e+01  0.000000e+00
      vertex  3.826834e+00  6.423879e+01  0.000000e+00
    endloop
  endfacet
  facet normal -1.950910e-01 -9.807851e-01  0.000000e+00
    outer loop
      vertex  6.123234e-16  6.500000e+01  2.000000e+01
      vertex  3.826834e+00  6.423879e+01  0.000000e+00
      vertex  3.826834e+00  6.423879e+01  2.000000e+01
    endloop
  endfacet
  facet normal -5.555698e-01 -8.314700e-01  -0.000000e+00
    outer loop
      vertex  3.826834e+00  6.423879e+01  2.000000e+01
      vertex  3.826834e+00  6.423879e+01  0.000000e+00
      vertex  7.071068e+00  6.207107e+01  0.000000e+00
    endloop
  endfacet
  facet normal -5.555698e-01 -8.314700e-01  0.000000e+00
    outer loop
      vertex  3.826834e+00  6.423879e+01  2.000000e+01
      vertex  7.071068e+00  6.207107e+01  0.000000e+00
      vertex  7.071068e+00  6.207107e+01  2.000000e+01
    endloop
  endfacet
  facet normal -8.314695e-01 -5.555704e-01  -0.000000e+00
    outer loop
      vertex  7.071068e+00  6.207107e+01  2.000000e+01
      vertex  7.071068e+00  6.207107e+01  0.000000e+00
      vertex  9.238795e+00  5.882684e+01  0.000000e+00
    endloop
  endfacet
  facet normal -8.314695e-01 -5.555704e-01  0.000000e+00
    outer loop
      vertex  7.071068e+00  6.207107e+01  2.000000e+01
      vertex  9.238795e+00  5.882684e+01  0.000000e+00
      vertex  9.238795e+00  5.882684e+01  2.000000e+01
    endloop
  endfacet
  facet normal -9.807853e-01 -1.950903e-01  -0.000000e+00
    outer loop
      vertex  9.238795e+00  5.882684e+01  2.000000e+01
      vertex  9.238795e+00  5.882684e+01  0.000000e+00
      vertex  1.000000e+01  5.500000e+01  0.000000e+00
    endloop
  endfacet
  facet normal -9.807853e-01 -1.950903e-01  0.000000e+00
    outer loop
      vertex  9.238795e+00  5.882684e+01  2.000000e+01
      vertex  1.000000e+01  5.500000e+01  0.000000e+00
      vertex  1.000000e+01  5.500000e+01  2.000000e+01
    endloop
  endfacet
  facet normal -1.950901e-01  9.807854e-01  0.000000e+00
    outer loop
      vertex -1.836970e-15  4.500000e+01  0.000000e+00
      vertex  3.826834e+00  4.576120e+01  2.000000e+01
      vertex  3.826834e+00  4.576120e+01  0.000000e+00
    endloop
  endfacet
  facet normal -5.555704e-01  8.314694e-01  0.000000e+00
    outer loop
      vertex  3.826834e+00  4.576120e+01  0.000000e+00
      vertex  3.826834e+00  4.576120e+01  2.000000e+01
      vertex  7.071068e+00  4.792893e+01  2.000000e+01
    endloop
  endfacet
  facet normal -5.555704e-01  8.314694e-01  0.000000e+00
    outer loop
      vertex  3.826834e+00  4.576120e+01  0.000000e+00
      vertex  7.071068e+00  4.792893e+01  2.000000e+01
      vertex  7.071068e+00  4.792893e+01  0.000000e+00
    endloop
  endfacet
  facet normal -8.314695e-01  5.555704e-01  0.000000e+00
    outer loop
      vertex  7.071068e+00  4.792893e+01  0.000000e+00
      vertex  7.071068e+00  4.792893e+01  2.000000e+01
      vertex  9.238795e+00  5.117316e+01  2.000000e+01
    endloop
  endfacet
  facet normal -8.314695e-01  5.555704e-01  0.000000e+00
    outer loop
      vertex  7.071068e+00  4.792893e+01  0.000000e+00
      vertex  9.238795e+00  5.117316e+01  2.000000e+01
      vertex  9.238795e+00  5.117316e+01  0.000000e+00
    endloop
  endfacet
  facet normal -9.807853e-01  1.950903e-01  0.000000e+00
    outer loop
      vertex  9.238795e+00  5.117316e+01  0.000000e+00
      vertex  9.238795e+00  5.117316e+01  2.000000e+01
      vertex  1.000000e+01  5.500000e+01  2.000000e+01
    endloop
  endfacet
  facet normal -9.807853e-01  1.950903e-01  0.000000e+00
    outer loop
      vertex  9.238795e+00  5.117316e+01  0.000000e+00
      vertex  1.000000e+01  5.500000e+01  2.000000e+01
      vertex  1.000000e+01  5.500000e+01  0.000000e+00
    endloop
  endfacet
  facet normal -1.950901e-01  9.807854e-01  0.000000e+00
    outer loop
      vertex  3.826834e+00  4.576120e+01  2.000000e+01
      vertex -1.836970e-15  4.500000e+01  0.000000e+00
      vertex -1.836970e-15  4.500000e+01  2.000000e+01
    endloop
  endfacet
  facet normal  1.950901e-01  9.807854e-01  0.000000e+00
    outer loop
      vertex -1.836970e-15  4.500000e+01  2.000000e+01
      vertex -1.836970e-15  4.500000e+01  0.000000e+00
      vertex -3.826834e+00  4.576120e+01  0.000000e+00
    endloop
  endfacet
  facet normal  1.950901e-01  9.807854e-01  -0.000000e+00
    outer loop
      vertex -1.836970e-15  4.500000e+01  2.000000e+01
      vertex -3.826834e+00  4.576120e+01  0.000000e+00
      vertex -3.826834e+00  4.576120e+01  2.000000e+01
    endloop
  endfacet
  facet normal  5.555704e-01  8.314694e-01  0.000000e+00
    outer loop
      vertex -3.826834e+00  4.576120e+01  2.000000e+01
      vertex -3.826834e+00  4.576120e+01  0.000000e+00
      vertex -7.071068e+00  4.792893e+01  0.000000e+00
    endloop
  endfacet
  facet normal  5.555704e-01  8.314694e-01  -0.000000e+00
    outer loop
      vertex -3.826834e+00  4.576120e+01  2.000000e+01
      vertex -7.071068e+00  4.792893e+01  0.000000e+00
      vertex -7.071068e+00  4.792893e+01  2.000000e+01
    endloop
  endfacet
  facet normal  8.314695e-01  5.555704e-01  0.000000e+00
    outer loop
      vertex -7.071068e+00  4.792893e+01  2.000000e+01
      vertex -7.071068e+00  4.792893e+01  0.000000e+00
      vertex -9.238795e+00  5.117316e+01  0.000000e+00
    endloop
  endfacet
  facet normal  8.314695e-01  5.555704e-01  -0.000000e+00
    outer loop
      vertex -7.071068e+00  4.792893e+01  2.000000e+01
      vertex -9.238795e+00  5.117316e+01  0.000000e+00
      vertex -9.238795e+00  5.117316e+01  2.000000e+01
    endloop
  endfacet
  facet normal  9.807853e-01  1.950903e-01  0.000000e+00
    outer loop
      vertex -9.238795e+00  5.117316e+01  2.000000e+01
      vertex -9.238795e+00  5.117316e+01  0.000000e+00
      vertex -1.000000e+01  5.500000e+01  3.552714e-15
    endloop
  endfacet
  facet normal  9.807853e-01  1.950903e-01  -0.000000e+00
    outer loop
      vertex -9.238795e+00  5.117316e+01  2.000000e+01
      vertex -1.000000e+01  5.500000e+01  3.552714e-15
      vertex -1.000000e+01  5.500000e+01  2.000000e+01
    endloop
  endfacet
  facet normal -1.950900e-01  9.807854e-01  0.000000e+00
    outer loop
      vertex  9.000000e+01  4.500000e+01  0.000000e+00
      vertex  9.382684e+01  4.576120e+01  2.000000e+01
      vertex  9.382684e+01  4.576120e+01  0.000000e+00
    endloop
  endfacet
  facet normal -5.555705e-01  8.314694e-01  0.000000e+00
    outer loop
      vertex  9.382684e+01  4.576120e+01  0.000000e+00
      vertex  9.382684e+01  4.576120e+01  2.000000e+01
      vertex  9.707107e+01  4.792893e+01  2.000000e+01
    endloop
  endfacet
  facet normal -5.555705e-01  8.314694e-01  0.000000e+00
    outer loop
      vertex  9.382684e+01  4.576120e+01  0.000000e+00
      vertex  9.707107e+01  4.792893e+01  2.000000e+01
      vertex  9.707107e+01  4.792893e+01  0.000000e+00
    endloop
  endfacet
  facet normal -8.314699e-01  5.555699e-01  0.000000e+00
    outer loop
      vertex  9.707107e+01  4.792893e+01  0.000000e+00
      vertex  9.707107e+01  4.792893e+01  2.000000e+01
      vertex  9.923879e+01  5.117316e+01  2.000000e+01
    endloop
  endfacet
  facet normal -8.314699e-01  5.555699e-01  0.000000e+00
    outer loop
      vertex  9.707107e+01  4.792893e+01  0.000000e+00
      vertex  9.923879e+01  5.117316e+01  2.000000e+01
      vertex  9.923879e+01  5.117316e+01  0.000000e+00
    endloop
  endfacet
  facet normal -9.807851e-01  1.950910e-01  0.000000e+00
    outer loop
      vertex  9.923879e+01  5.117316e+01  0.000000e+00
      vertex  9.923879e+01  5.117316e+01  2.000000e+01
      vertex  1.000000e+02  5.500000e+01  2.000000e+01
    endloop
  endfacet
  facet normal -9.807851e-01  1.950910e-01  0.000000e+00
    outer loop
      vertex  9.923879e+01  5.117316e+01  0.000000e+00
      vertex  1.000000e+02  5.500000e+01  2.000000e+01
      vertex  1.000000e+02  5.500000e+01  3.552714e-15
    endloop
  endfacet
  facet normal -1.950900e-01  9.807854e-01  0.000000e+00
    outer loop
      vertex  9.382684e+01  4.576120e+01  2.000000e+01
      vertex  9.000000e+01  4.500000e+01  0.000000e+00
      vertex  9.000000e+01  4.500000e+01  2.000000e+01
    endloop
  endfacet
  facet normal  1.950900e-01  9.807854e-01  0.000000e+00
    outer loop
      vertex  9.000000e+01  4.500000e+01  2.000000e+01
      vertex  9.000000e+01  4.500000e+01  0.000000e+00
      vertex  8.617316e+01  4.576120e+01  0.000000e+00
    endloop
  endfacet
  facet normal  1.950900e-01  9.807854e-01  -0.000000e+00
    outer loop
      vertex  9.000000e+01  4.500000e+01  2.000000e+01
      vertex  8.617316e+01  4.576120e+01  0.000000e+00
      vertex  8.617316e+01  4.576120e+01  2.000000e+01
    endloop
  endfacet
  facet normal  5.555705e-01  8.314694e-01  0.000000e+00
    outer loop
      vertex  8.617316e+01  4.576120e+01  2.000000e+01
      vertex  8.617316e+01  4.576120e+01  0.000000e+00
      vertex  8.292893e+01  4.792893e+01  0.000000e+00
    endloop
  endfacet
  facet normal  5.555705e-01  8.314694e-01  -0.000000e+00
    outer loop
      vertex  8.617316e+01  4.576120e+01  2.000000e+01
      vertex  8.292893e+01  4.792893e+01  0.000000e+00
      vertex  8.292893e+01  4.792893e+01  2.000000e+01
    endloop
  endfacet
  facet normal  8.314699e-01  5.555699e-01  0.000000e+00
    outer loop
      vertex  8.292893e+01  4.792893e+01  2.000000e+01
      vertex  8.292893e+01  4.792893e+01  0.000000e+00
      vertex  8.076121e+01  5.117316e+01  0.000000e+00
    endloop
  endfacet
  facet normal  8.314699e-01  5.555699e-01  -0.000000e+00
    outer loop
      vertex  8.292893e+01  4.792893e+01  2.000000e+01
      vertex  8.076121e+01  5.117316e+01  0.000000e+00
      vertex  8.076121e+01  5.117316e+01  2.000000e+01
    endloop
  endfacet
  facet normal  9.807851e-01  1.950910e-01  0.000000e+00
    outer loop
      vertex  8.076121e+01  5.117316e+01  2.000000e+01
      vertex  8.076121e+01  5.117316e+01  0.000000e+00
      vertex  8.000000e+01  5.500000e+01  0.000000e+00
    endloop
  endfacet
  facet normal  9.807851e-01  1.950910e-01  -0.000000e+00
    outer loop
      vertex  8.076121e+01  5.117316e+01  2.000000e+01
      vertex  8.000000e+01  5.500000e+01  0.000000e+00
      vertex  8.000000e+01  5.500000e+01  2.000000e+01
    endloop
  endfacet
  facet normal  1.950910e-01 -9.807851e-01  0.000000e+00
    outer loop
      vertex  9.000000e+01  6.500000e+01  0.000000e+00
      vertex  8.617316e+01  6.423879e+01  2.000000e+01
      vertex  8.617316e+01  6.423879e+01  0.000000e+00
    endloop
  endfacet
  facet normal  5.555699e-01 -8.314699e-01  0.000000e+00
    outer loop
      vertex  8.617316e+01  6.423879e+01  0.000000e+00
      vertex  8.617316e+01  6.423879e+01  2.000000e+01
      vertex  8.292893e+01  6.207107e+01  2.000000e+01
    endloop
  endfacet
  facet normal  5.555699e-01 -8.314699e-01  0.000000e+00
    outer loop
      vertex  8.617316e+01  6.423879e+01  0.000000e+00
      vertex  8.292893e+01  6.207107e+01  2.000000e+01
      vertex  8.292893e+01  6.207107e+01  0.000000e+00
    endloop
  endfacet
  facet normal  8.314699e-01 -5.555699e-01  0.000000e+00
    outer loop
      vertex  8.292893e+01  6.207107e+01  0.000000e+00
      vertex  8.292893e+01  6.207107e+01  2.000000e+01
      vertex  8.076121e+01  5.882684e+01  2.000000e+01
    endloop
  endfacet
  facet normal  8.314699e-01 -5.555699e-01  0.000000e+00
    outer loop
      vertex  8.292893e+01  6.207107e+01  0.000000e+00
      vertex  8.076121e+01  5.882684e+01  2.000000e+01
      vertex  8.076121e+01  5.882684e+01  0.000000e+00
    endloop
  endfacet
  facet normal  9.807851e-01 -1.950910e-01  0.000000e+00
    outer loop
      vertex  8.076121e+01  5.882684e+01  0.000000e+00
      vertex  8.076121e+01  5.882684e+01  2.000000e+01
      vertex  8.000000e+01  5.500000e+01  2.000000e+01
    endloop
  endfacet
  facet normal  9.807851e-01 -1.950910e-01  0.000000e+00
    outer loop
      vertex  8.076121e+01  5.882684e+01  0.000000e+00
      vertex  8.000000e+01  5.500000e+01  2.000000e+01
      vertex  8.000000e+01  5.500000e+01  0.000000e+00
    endloop
  endfacet
  facet normal  1.950910e-01 -9.807851e-01  0.000000e+00
    outer loop
      vertex  8.617316e+01  6.423879e+01  2.000000e+01
      vertex  9.000000e+01  6.500000e+01  0.000000e+00
      vertex  9.000000e+01  6.500000e+01  2.000000e+01
    endloop
  endfacet
  facet normal -1.950910e-01 -9.807851e-01  -0.000000e+00
    outer loop
      vertex  9.000000e+01  6.500000e+01  2.000000e+01
      vertex  9.000000e+01  6.500000e+01  0.000000e+00
      vertex  9.382684e+01  6.423879e+01  0.000000e+00
    endloop
  endfacet
  facet normal -1.950910e-01 -9.807851e-01  0.000000e+00
    outer loop
      vertex  9.000000e+01  6.500000e+01  2.000000e+01
      vertex  9.382684e+01  6.423879e+01  0.000000e+00
      vertex  9.382684e+01  6.423879e+01  2.000000e+01
    endloop
  endfacet
  facet normal -5.555699e-01 -8.314699e-01  -0.000000e+00
    outer loop
      vertex  9.382684e+01  6.423879e+01  2.000000e+01
      vertex  9.382684e+01  6.423879e+01  0.000000e+00
      vertex  9.707107e+01  6.207107e+01  0.000000e+00
    endloop
  endfacet
  facet normal -5.555699e-01 -8.314699e-01  0.000000e+00
    outer loop
      vertex  9.382684e+01  6.423879e+01  2.000000e+01
      vertex  9.707107e+01  6.207107e+01  0.000000e+00
      vertex  9.707107e+01  6.207107e+01  2.000000e+01
    endloop
  endfacet
  facet normal -8.314699e-01 -5.555699e-01  -0.000000e+00
    outer loop
      vertex  9.707107e+01  6.207107e+01  2.000000e+01
      vertex  9.707107e+01  6.207107e+01  0.000000e+00
      vertex  9.923879e+01  5.882684e+01  0.000000e+00
    endloop
  endfacet
  facet normal -8.314699e-01 -5.555699e-01  0.000000e+00
    outer loop
      vertex  9.707107e+01  6.207107e+01  2.000000e+01
      vertex  9.923879e+01  5.882684e+01  0.000000e+00
      vertex  9.923879e+01  5.882684e+01  2.000000e+01
    endloop
  endfacet
  facet normal -9.807851e-01 -1.950910e-01  -0.000000e+00
    outer loop
      vertex  9.923879e+01  5.882684e+01  2.000000e+01
      vertex  9.923879e+01  5.882684e+01  0.000000e+00
      vertex  1.000000e+02  5.500000e+01  3.552714e-15
    endloop
  endfacet
  facet normal -9.807851e-01 -1.950910e-01  0.000000e+00
    outer loop
      vertex  9.923879e+01  5.882684e+01  2.000000e+01
      vertex  1.000000e+02  5.500000e+01  3.552714e-15
      vertex  1.000000e+02  5.500000e+01  2.000000e+01
    endloop
  endfacet
  facet normal -1.950910e-01  9.807851e-01  0.000000e+00
    outer loop
      vertex  9.000000e+01 -6.500000e+01  0.000000e+00
      vertex  9.382684e+01 -6.423879e+01  2.000000e+01
      vertex  9.382684e+01 -6.423879e+01  0.000000e+00
    endloop
  endfacet
  facet normal -5.555699e-01  8.314699e-01  0.000000e+00
    outer loop
      vertex  9.382684e+01 -6.423879e+01  0.000000e+00
      vertex  9.382684e+01 -6.423879e+01  2.000000e+01
      vertex  9.707107e+01 -6.207107e+01  2.000000e+01
    endloop
  endfacet
  facet normal -5.555699e-01  8.314699e-01  0.000000e+00
    outer loop
      vertex  9.382684e+01 -6.423879e+01  0.000000e+00
      vertex  9.707107e+01 -6.207107e+01  2.000000e+01
      vertex  9.707107e+01 -6.207107e+01  0.000000e+00
    endloop
  endfacet
  facet normal -8.314699e-01  5.555699e-01  0.000000e+00
    outer loop
      vertex  9.707107e+01 -6.207107e+01  0.000000e+00
      vertex  9.707107e+01 -6.207107e+01  2.000000e+01
      vertex  9.923879e+01 -5.882684e+01  2.000000e+01
    endloop
  endfacet
  facet normal -8.314699e-01  5.555699e-01  0.000000e+00
    outer loop
      vertex  9.707107e+01 -6.207107e+01  0.000000e+00
      vertex  9.923879e+01 -5.882684e+01  2.000000e+01
      vertex  9.923879e+01 -5.882684e+01  0.000000e+00
    endloop
  endfacet
  facet normal -9.807851e-01  1.950910e-01  0.000000e+00
    outer loop
      vertex  9.923879e+01 -5.882684e+01  0.000000e+00
      vertex  9.923879e+01 -5.882684e+01  2.000000e+01
      vertex  1.000000e+02 -5.500000e+01  2.000000e+01
    endloop
  endfacet
  facet normal -9.807851e-01  1.950910e-01  0.000000e+00
    outer loop
      vertex  9.923879e+01 -5.882684e+01  0.000000e+00
      vertex  1.000000e+02 -5.500000e+01  2.000000e+01
      vertex  1.000000e+02 -5.500000e+01  3.552714e-15
    endloop
  endfacet
  facet normal -1.950910e-01  9.807851e-01  0.000000e+00
    outer loop
      vertex  9.382684e+01 -6.423879e+01  2.000000e+01
      vertex  9.000000e+01 -6.500000e+01  0.000000e+00
      vertex  9.000000e+01 -6.500000e+01  2.000000e+01
    endloop
  endfacet
  facet normal  1.950910e-01  9.807851e-01  0.000000e+00
    outer loop
      vertex  9.000000e+01 -6.500000e+01  2.000000e+01
      vertex  9.000000e+01 -6.500000e+01  0.000000e+00
      vertex  8.617316e+01 -6.423879e+01  0.000000e+00
    endloop
  endfacet
  facet normal  1.950910e-01  9.807851e-01  -0.000000e+00
    outer loop
      vertex  9.000000e+01 -6.500000e+01  2.000000e+01
      vertex  8.617316e+01 -6.423879e+01  0.000000e+00
      vertex  8.617316e+01 -6.423879e+01  2.000000e+01
    endloop
  endfacet
  facet normal  5.555699e-01  8.314699e-01  0.000000e+00
    outer loop
      vertex  8.617316e+01 -6.423879e+01  2.000000e+01
      vertex  8.617316e+01 -6.423879e+01  0.000000e+00
      vertex  8.292893e+01 -6.207107e+01  0.000000e+00
    endloop
  endfacet
  facet normal  5.555699e-01  8.314699e-01  -0.000000e+00
    outer loop
      vertex  8.617316e+01 -6.423879e+01  2.000000e+01
      vertex  8.292893e+01 -6.207107e+01  0.000000e+00
      vertex  8.292893e+01 -6.207107e+01  2.000000e+01
    endloop
  endfacet
  facet normal  8.314699e-01  5.555699e-01  0.000000e+00
    outer loop
      vertex  8.292893e+01 -6.207107e+01  2.000000e+01
      vertex  8.292893e+01 -6.207107e+01  0.000000e+00
      vertex  8.076121e+01 -5.882684e+01  0.000000e+00
    endloop
  endfacet
  facet normal  8.314699e-01  5.555699e-01  -0.000000e+00
    outer loop
      vertex  8.292893e+01 -6.207107e+01  2.000000e+01
      vertex  8.076121e+01 -5.882684e+01  0.000000e+00
      vertex  8.076121e+01 -5.882684e+01  2.000000e+01
    endloop
  endfacet
  facet normal  9.807851e-01  1.950910e-01  0.000000e+00
    outer loop
      vertex  8.076121e+01 -5.882684e+01  2.000000e+01
      vertex  8.076121e+01 -5.882684e+01  0.000000e+00
      vertex  8.000000e+01 -5.500000e+01  0.000000e+00
    endloop
  endfacet
  facet normal  9.807851e-01  1.950910e-01  -0.000000e+00
    outer loop
      vertex  8.076121e+01 -5.882684e+01  2.000000e+01
      vertex  8.000000e+01 -5.500000e+01  0.000000e+00
      vertex  8.000000e+01 -5.500000e+01  2.000000e+01
    endloop
  endfacet
  facet normal  1.950900e-01 -9.807854e-01  0.000000e+00
    outer loop
      vertex  9.000000e+01 -4.500000e+01  0.000000e+00
      vertex  8.617316e+01 -4.576120e+01  2.000000e+01
      vertex  8.617316e+01 -4.576120e+01  0.000000e+00
    endloop
  endfacet
  facet normal  5.555705e-01 -8.314694e-01  0.000000e+00
    outer loop
      vertex  8.617316e+01 -4.576120e+01  0.000000e+00
      vertex  8.617316e+01 -4.576120e+01  2.000000e+01
      vertex  8.292893e+01 -4.792893e+01  2.000000e+01
    endloop
  endfacet
  facet normal  5.555705e-01 -8.314694e-01  0.000000e+00
    outer loop
      vertex  8.617316e+01 -4.576120e+01  0.000000e+00
      vertex  8.292893e+01 -4.792893e+01  2.000000e+01
      vertex  8.292893e+01 -4.792893e+01  0.000000e+00
    endloop
  endfacet
  facet normal  8.314699e-01 -5.555699e-01  0.000000e+00
    outer loop
      vertex  8.292893e+01 -4.792893e+01  0.000000e+00
      vertex  8.292893e+01 -4.792893e+01  2.000000e+01
      vertex  8.076121e+01 -5.117316e+01  2.000000e+01
    endloop
  endfacet
  facet normal  8.314699e-01 -5.555699e-01  0.000000e+00
    outer loop
      vertex  8.292893e+01 -4.792893e+01  0.000000e+00
      vertex  8.076121e+01 -5.117316e+01  2.000000e+01
      vertex  8.076121e+01 -5.117316e+01  0.000000e+00
    endloop
  endfacet
  facet normal  9.807851e-01 -1.950910e-01  0.000000e+00
    outer loop
      vertex  8.076121e+01 -5.117316e+01  0.000000e+00
      vertex  8.076121e+01 -5.117316e+01  2.000000e+01
      vertex  8.000000e+01 -5.500000e+01  2.000000e+01
    endloop
  endfacet
  facet normal  9.807851e-01 -1.950910e-01  0.000000e+00
    outer loop
      vertex  8.076121e+01 -5.117316e+01  0.000000e+00
      vertex  8.000000e+01 -5.500000e+01  2.000000e+01
      vertex  8.000000e+01 -5.500000e+01  0.000000e+00
    endloop
  endfacet
  facet normal  1.950900e-01 -9.807854e-01  0.000000e+00
    outer loop
      vertex  8.617316e+01 -4.576120e+01  2.000000e+01
      vertex  9.000000e+01 -4.500000e+01  0.000000e+00
      vertex  9.000000e+01 -4.500000e+01  2.000000e+01
    endloop
  endfacet
  facet normal -1.950900e-01 -9.807854e-01  -0.000000e+00
    outer loop
      vertex  9.000000e+01 -4.500000e+01  2.000000e+01
      vertex  9.000000e+01 -4.500000e+01  0.000000e+00
      vertex  9.382684e+01 -4.576120e+01  0.000000e+00
    endloop
  endfacet
  facet normal -1.950900e-01 -9.807854e-01  0.000000e+00
    outer loop
      vertex  9.000000e+01 -4.500000e+01  2.000000e+01
      vertex  9.382684e+01 -4.576120e+01  0.000000e+00
      vertex  9.382684e+01 -4.576120e+01  2.000000e+01
    endloop
  endfacet
  facet normal -5.555705e-01 -8.314694e-01  -0.000000e+00
    outer loop
      vertex  9.382684e+01 -4.576120e+01  2.000000e+01
      vertex  9.382684e+01 -4.576120e+01  0.000000e+00
      vertex  9.707107e+01 -4.792893e+01  0.000000e+00
    endloop
  endfacet
  facet normal -5.555705e-01 -8.314694e-01  0.000000e+00
    outer loop
      vertex  9.382684e+01 -4.576120e+01  2.000000e+01
      vertex  9.707107e+01 -4.792893e+01  0.000000e+00
      vertex  9.707107e+01 -4.792893e+01  2.000000e+01
    endloop
  endfacet
  facet normal -8.314699e-01 -5.555699e-01  -0.000000e+00
    outer loop
      vertex  9.707107e+01 -4.792893e+01  2.000000e+01
      vertex  9.707107e+01 -4.792893e+01  0.000000e+00
      vertex  9.923879e+01 -5.117316e+01  0.000000e+00
    endloop
  endfacet
  facet normal -8.314699e-01 -5.555699e-01  0.000000e+00
    outer loop
      vertex  9.707107e+01 -4.792893e+01  2.000000e+01
      vertex  9.923879e+01 -5.117316e+01  0.000000e+00
      vertex  9.923879e+01 -5.117316e+01  2.000000e+01
    endloop
  endfacet
  facet normal -9.807851e-01 -1.950910e-01  -0.000000e+00
    outer loop
      vertex  9.923879e+01 -5.117316e+01  2.000000e+01
      vertex  9.923879e+01 -5.117316e+01  0.000000e+00
      vertex  1.000000e+02 -5.500000e+01  3.552714e-15
    endloop
  endfacet
  facet normal -9.807851e-01 -1.950910e-01  0.000000e+00
    outer loop
      vertex  9.923879e+01 -5.117316e+01  2.000000e+01
      vertex  1.000000e+02 -5.500000e+01  3.552714e-15
      vertex  1.000000e+02 -5.500000e+01  2.000000e+01
    endloop
  endfacet
  facet normal  1.950901e-01 -9.807854e-01  0.000000e+00
    outer loop
      vertex  6.123234e-16 -4.500000e+01  0.000000e+00
      vertex -3.826834e+00 -4.576120e+01  2.000000e+01
      vertex -3.826834e+00 -4.576120e+01  0.000000e+00
    endloop
  endfacet
  facet normal  5.555704e-01 -8.314694e-01  0.000000e+00
    outer loop
      vertex -3.826834e+00 -4.576120e+01  0.000000e+00
      vertex -3.826834e+00 -4.576120e+01  2.000000e+01
      vertex -7.071068e+00 -4.792893e+01  2.000000e+01
    endloop
  endfacet
  facet normal  5.555704e-01 -8.314694e-01  0.000000e+00
    outer loop
      vertex -3.826834e+00 -4.576120e+01  0.000000e+00
      vertex -7.071068e+00 -4.792893e+01  2.000000e+01
      vertex -7.071068e+00 -4.792893e+01  0.000000e+00
    endloop
  endfacet
  facet normal  8.314695e-01 -5.555704e-01  0.000000e+00
    outer loop
      vertex -7.071068e+00 -4.792893e+01  0.000000e+00
      vertex -7.071068e+00 -4.792893e+01  2.000000e+01
      vertex -9.238795e+00 -5.117316e+01  2.000000e+01
    endloop
  endfacet
  facet normal  8.314695e-01 -5.555704e-01  0.000000e+00
    outer loop
      vertex -7.071068e+00 -4.792893e+01  0.000000e+00
      vertex -9.238795e+00 -5.117316e+01  2.000000e+01
      vertex -9.238795e+00 -5.117316e+01  0.000000e+00
    endloop
  endfacet
  facet normal  9.807853e-01 -1.950903e-01  0.000000e+00
    outer loop
      vertex -9.238795e+00 -5.117316e+01  0.000000e+00
      vertex -9.238795e+00 -5.117316e+01  2.000000e+01
      vertex -1.000000e+01 -5.500000e+01  2.000000e+01
    endloop
  endfacet
  facet normal  9.807853e-01 -1.950903e-01  0.000000e+00
    outer loop
      vertex -9.238795e+00 -5.117316e+01  0.000000e+00
      vertex -1.000000e+01 -5.500000e+01  2.000000e+01
      vertex -1.000000e+01 -5.500000e+01  3.552714e-15
    endloop
  endfacet
  facet normal  1.950901e-01 -9.807854e-01  0.000000e+00
    outer loop
      vertex -3.826834e+00 -4.576120e+01  2.000000e+01
      vertex  6.123234e-16 -4.500000e+01  0.000000e+00
      vertex  6.123234e-16 -4.500000e+01  2.000000e+01
    endloop
  endfacet
  facet normal -1.950901e-01 -9.807854e-01  -0.000000e+00
    outer loop
      vertex  6.123234e-16 -4.500000e+01  2.000000e+01
      vertex  6.123234e-16 -4.500000e+01  0.000000e+00
      vertex  3.826834e+00 -4.576120e+01  0.000000e+00
    endloop
  endfacet
  facet normal -1.950901e-01 -9.807854e-01  0.000000e+00
    outer loop
      vertex  6.123234e-16 -4.500000e+01  2.000000e+01
      vertex  3.826834e+00 -4.576120e+01  0.000000e+00
      vertex  3.826834e+00 -4.576120e+01  2.000000e+01
    endloop
  endfacet
  facet normal -5.555704e-01 -8.314694e-01  -0.000000e+00
    outer loop
      vertex  3.826834e+00 -4.576120e+01  2.000000e+01
      vertex  3.826834e+00 -4.576120e+01  0.000000e+00
      vertex  7.071068e+00 -4.792893e+01  0.000000e+00
    endloop
  endfacet
  facet normal -5.555704e-01 -8.314694e-01  0.000000e+00
    outer loop
      vertex  3.826834e+00 -4.576120e+01  2.000000e+01
      vertex  7.071068e+00 -4.792893e+01  0.000000e+00
      vertex  7.071068e+00 -4.792893e+01  2.000000e+01
    endloop
  endfacet
  facet normal -8.314695e-01 -5.555704e-01  -0.000000e+00
    outer loop
      vertex  7.071068e+00 -4.792893e+01  2.000000e+01
      vertex  7.071068e+00 -4.792893e+01  0.000000e+00
      vertex  9.238795e+00 -5.117316e+01  0.000000e+00
    endloop
  endfacet
  facet normal -8.314695e-01 -5.555704e-01  0.000000e+00
    outer loop
      vertex  7.071068e+00 -4.792893e+01  2.000000e+01
      vertex  9.238795e+00 -5.117316e+01  0.000000e+00
      vertex  9.238795e+00 -5.117316e+01  2.000000e+01
    endloop
  endfacet
  facet normal -9.807853e-01 -1.950903e-01  -0.000000e+00
    outer loop
      vertex  9.238795e+00 -5.117316e+01  2.000000e+01
      vertex  9.238795e+00 -5.117316e+01  0.000000e+00
      vertex  1.000000e+01 -5.500000e+01  0.000000e+00
    endloop
  endfacet
  facet normal -9.807853e-01 -1.950903e-01  0.000000e+00
    outer loop
      vertex  9.238795e+00 -5.117316e+01  2.000000e+01
      vertex  1.000000e+01 -5.500000e+01  0.000000e+00
      vertex  1.000000e+01 -5.500000e+01  2.000000e+01
    endloop
  endfacet
  facet normal -1.950910e-01  9.807851e-01  0.000000e+00
    outer loop
      vertex -1.836970e-15 -6.500000e+01  0.000000e+00
      vertex  3.826834e+00 -6.423879e+01  2.000000e+01
      vertex  3.826834e+00 -6.423879e+01  0.000000e+00
    endloop
  endfacet
  facet normal -5.555698e-01  8.314700e-01  0.000000e+00
    outer loop
      vertex  3.826834e+00 -6.423879e+01  0.000000e+00
      vertex  3.826834e+00 -6.423879e+01  2.000000e+01
      vertex  7.071068e+00 -6.207107e+01  2.000000e+01
    endloop
  endfacet
  facet normal -5.555698e-01  8.314700e-01  0.000000e+00
    outer loop
      vertex  3.826834e+00 -6.423879e+01  0.000000e+00
      vertex  7.071068e+00 -6.207107e+01  2.000000e+01
      vertex  7.071068e+00 -6.207107e+01  0.000000e+00
    endloop
  endfacet
  facet normal -8.314695e-01  5.555704e-01  0.000000e+00
    outer loop
      vertex  7.071068e+00 -6.207107e+01  0.000000e+00
      vertex  7.071068e+00 -6.207107e+01  2.000000e+01
      vertex  9.238795e+00 -5.882684e+01  2.000000e+01
    endloop
  endfacet
  facet normal -8.314695e-01  5.555704e-01  0.000000e+00
    outer loop
      vertex  7.071068e+00 -6.207107e+01  0.000000e+00
      vertex  9.238795e+00 -5.882684e+01  2.000000e+01
      vertex  9.238795e+00 -5.882684e+01  0.000000e+00
    endloop
  endfacet
  facet normal -9.807853e-01  1.950903e-01  0.000000e+00
    outer loop
      vertex  9.238795e+00 -5.882684e+01  0.000000e+00
      vertex  9.238795e+00 -5.882684e+01  2.000000e+01
      vertex  1.000000e+01 -5.500000e+01  2.000000e+01
    endloop
  endfacet
  facet normal -9.807853e-01  1.950903e-01  0.000000e+00
    outer loop
      vertex  9.238795e+00 -5.882684e+01  0.000000e+00
      vertex  1.000000e+01 -5.500000e+01  2.000000e+01
      vertex  1.000000e+01 -5.500000e+01  0.000000e+00
    endloop
  endfacet
  facet normal -1.950910e-01  9.807851e-01  0.000000e+00
    outer loop
      vertex  3.826834e+00 -6.423879e+01  2.000000e+01
      vertex -1.836970e-15 -6.500000e+01  0.000000e+00
      vertex -1.836970e-15 -6.500000e+01  2.000000e+01
    endloop
  endfacet
  facet normal  1.950910e-01  9.807851e-01  0.000000e+00
    outer loop
      vertex -1.836970e-15 -6.500000e+01  2.000000e+01
      vertex -1.836970e-15 -6.500000e+01  0.000000e+00
      vertex -3.826834e+00 -6.423879e+01  0.000000e+00
    endloop
  endfacet
  facet normal  1.950910e-01  9.807851e-01  -0.000000e+00
    outer loop
      vertex -1.836970e-15 -6.500000e+01  2.000000e+01
      vertex -3.826834e+00 -6.423879e+01  0.000000e+00
      vertex -3.826834e+00 -6.423879e+01  2.000000e+01
    endloop
  endfacet
  facet normal  5.555698e-01  8.314700e-01  0.000000e+00
    outer loop
      vertex -3.826834e+00 -6.423879e+01  2.000000e+01
      vertex -3.826834e+00 -6.423879e+01  0.000000e+00
      vertex -7.071068e+00 -6.207107e+01  0.000000e+00
    endloop
  endfacet
  facet normal  5.555698e-01  8.314700e-01  -0.000000e+00
    outer loop
      vertex -3.826834e+00 -6.423879e+01  2.000000e+01
      vertex -7.071068e+00 -6.207107e+01  0.000000e+00
      vertex -7.071068e+00 -6.207107e+01  2.000000e+01
    endloop
  endfacet
  facet normal  8.314695e-01  5.555704e-01  0.000000e+00
    outer loop
      vertex -7.071068e+00 -6.207107e+01  2.000000e+01
      vertex -7.071068e+00 -6.207107e+01  0.000000e+00
      vertex -9.238795e+00 -5.882684e+01  0.000000e+00
    endloop
  endfacet
  facet normal  8.314695e-01  5.555704e-01  -0.000000e+00
    outer loop
      vertex -7.071068e+00 -6.207107e+01  2.000000e+01
      vertex -9.238795e+00 -5.882684e+01  0.000000e+00
      vertex -9.238795e+00 -5.882684e+01  2.000000e+01
    endloop
  endfacet
  facet normal  9.807853e-01  1.950903e-01  0.000000e+00
    outer loop
      vertex -9.238795e+00 -5.882684e+01  2.000000e+01
      vertex -9.238795e+00 -5.882684e+01  0.000000e+00
      vertex -1.000000e+01 -5.500000e+01  3.552714e-15
    endloop
  endfacet
  facet normal  9.807853e-01  1.950903e-01  -0.000000e+00
    outer loop
      vertex -9.238795e+00 -5.882684e+01  2.000000e+01
      vertex -1.000000e+01 -5.500000e+01  3.552714e-15
      vertex -1.000000e+01 -5.500000e+01  2.000000e+01
    endloop
  endfacet
  facet normal  1.950900e-01 -9.807854e-01  0.000000e+00
    outer loop
      vertex -9.000000e+01 -4.500000e+01  0.000000e+00
      vertex -9.382684e+01 -4.576120e+01  2.000000e+01
      vertex -9.382684e+01 -4.576120e+01  0.000000e+00
    endloop
  endfacet
  facet normal  5.555705e-01 -8.314694e-01  0.000000e+00
    outer loop
      vertex -9.382684e+01 -4.576120e+01  0.000000e+00
      vertex -9.382684e+01 -4.576120e+01  2.000000e+01
      vertex -9.707107e+01 -4.792893e+01  2.000000e+01
    endloop
  endfacet
  facet normal  5.555705e-01 -8.314694e-01  0.000000e+00
    outer loop
      vertex -9.382684e+01 -4.576120e+01  0.000000e+00
      vertex -9.707107e+01 -4.792893e+01  2.000000e+01
      vertex -9.707107e+01 -4.792893e+01  0.000000e+00
    endloop
  endfacet
  facet normal  8.314699e-01 -5.555699e-01  0.000000e+00
    outer loop
      vertex -9.707107e+01 -4.792893e+01  0.000000e+00
      vertex -9.707107e+01 -4.792893e+01  2.000000e+01
      vertex -9.923879e+01 -5.117316e+01  2.000000e+01
    endloop
  endfacet
  facet normal  8.314699e-01 -5.555699e-01  0.000000e+00
    outer loop
      vertex -9.707107e+01 -4.792893e+01  0.000000e+00
      vertex -9.923879e+01 -5.117316e+01  2.000000e+01
      vertex -9.923879e+01 -5.117316e+01  0.000000e+00
    endloop
  endfacet
  facet normal  9.807851e-01 -1.950910e-01  0.000000e+00
    outer loop
      vertex -9.923879e+01 -5.117316e+01  0.000000e+00
      vertex -9.923879e+01 -5.117316e+01  2.000000e+01
      vertex -1.000000e+02 -5.500000e+01  2.000000e+01
    endloop
  endfacet
  facet normal  9.807851e-01 -1.950910e-01  0.000000e+00
    outer loop
      vertex -9.923879e+01 -5.117316e+01  0.000000e+00
      vertex -1.000000e+02 -5.500000e+01  2.000000e+01
      vertex -1.000000e+02 -5.500000e+01  3.552714e-15
    endloop
  endfacet
  facet normal  1.950900e-01 -9.807854e-01  0.000000e+00
    outer loop
      vertex -9.382684e+01 -4.576120e+01  2.000000e+01
      vertex -9.000000e+01 -4.500000e+01  0.000000e+00
      vertex -9.000000e+01 -4.500000e+01  2.000000e+01
    endloop
  endfacet
  facet normal -1.950900e-01 -9.807854e-01  -0.000000e+00
    outer loop
      vertex -9.000000e+01 -4.500000e+01  2.000000e+01
      vertex -9.000000e+01 -4.500000e+01  0.000000e+00
      vertex -8.617316e+01 -4.576120e+01  0.000000e+00
    endloop
  endfacet
  facet normal -1.950900e-01 -9.807854e-01  0.000000e+00
    outer loop
      vertex -9.000000e+01 -4.500000e+01  2.000000e+01
      vertex -8.617316e+01 -4.576120e+01  0.000000e+00
      vertex -8.617316e+01 -4.576120e+01  2.000000e+01
    endloop
  endfacet
  facet normal -5.555705e-01 -8.314694e-01  -0.000000e+00
    outer loop
      vertex -8.617316e+01 -4.576120e+01  2.000000e+01
      vertex -8.617316e+01 -4.576120e+01  0.000000e+00
      vertex -8.292893e+01 -4.792893e+01  0.000000e+00
    endloop
  endfacet
  facet normal -5.555705e-01 -8.314694e-01  0.000000e+00
    outer loop
      vertex -8.617316e+01 -4.576120e+01  2.000000e+01
      vertex -8.292893e+01 -4.792893e+01  0.000000e+00
      vertex -8.292893e+01 -4.792893e+01  2.000000e+01
    endloop
  endfacet
  facet normal -8.314699e-01 -5.555699e-01  -0.000000e+00
    outer loop
      vertex -8.292893e+01 -4.792893e+01  2.000000e+01
      vertex -8.292893e+01 -4.792893e+01  0.000000e+00
      vertex -8.076121e+01 -5.117316e+01  0.000000e+00
    endloop
  endfacet
  facet normal -8.314699e-01 -5.555699e-01  0.000000e+00
    outer loop
      vertex -8.292893e+01 -4.792893e+01  2.000000e+01
      vertex -8.076121e+01 -5.117316e+01  0.000000e+00
      vertex -8.076121e+01 -5.117316e+01  2.000000e+01
    endloop
  endfacet
  facet normal -9.807851e-01 -1.950910e-01  -0.000000e+00
    outer loop
      vertex -8.076121e+01 -5.117316e+01  2.000000e+01
      vertex -8.076121e+01 -5.117316e+01  0.000000e+00
      vertex -8.000000e+01 -5.500000e+01  0.000000e+00
    endloop
  endfacet
  facet normal -9.807851e-01 -1.950910e-01  0.000000e+00
    outer loop
      vertex -8.076121e+01 -5.117316e+01  2.000000e+01
      vertex -8.000000e+01 -5.500000e+01  0.000000e+00
      vertex -8.000000e+01 -5.500000e+01  2.000000e+01
    endloop
  endfacet
  facet normal -1.950910e-01  9.807851e-01  0.000000e+00
    outer loop
      vertex -9.000000e+01 -6.500000e+01  0.000000e+00
      vertex -8.617316e+01 -6.423879e+01  2.000000e+01
      vertex -8.617316e+01 -6.423879e+01  0.000000e+00
    endloop
  endfacet
  facet normal -5.555699e-01  8.314699e-01  0.000000e+00
    outer loop
      vertex -8.617316e+01 -6.423879e+01  0.000000e+00
      vertex -8.617316e+01 -6.423879e+01  2.000000e+01
      vertex -8.292893e+01 -6.207107e+01  2.000000e+01
    endloop
  endfacet
  facet normal -5.555699e-01  8.314699e-01  0.000000e+00
    outer loop
      vertex -8.617316e+01 -6.423879e+01  0.000000e+00
      vertex -8.292893e+01 -6.207107e+01  2.000000e+01
      vertex -8.292893e+01 -6.207107e+01  0.000000e+00
    endloop
  endfacet
  facet normal -8.314699e-01  5.555699e-01  0.000000e+00
    outer loop
      vertex -8.292893e+01 -6.207107e+01  0.000000e+00
      vertex -8.292893e+01 -6.207107e+01  2.000000e+01
      vertex -8.076121e+01 -5.882684e+01  2.000000e+01
    endloop
  endfacet
  facet normal -8.314699e-01  5.555699e-01  0.000000e+00
    outer loop
      vertex -8.292893e+01 -6.207107e+01  0.000000e+00
      vertex -8.076121e+01 -5.882684e+01  2.000000e+01
      vertex -8.076121e+01 -5.882684e+01  0.000000e+00
    endloop
  endfacet
  facet normal -9.807851e-01  1.950910e-01  0.000000e+00
    outer loop
      vertex -8.076121e+01 -5.882684e+01  0.000000e+00
      vertex -8.076121e+01 -5.882684e+01  2.000000e+01
      vertex -8.000000e+01 -5.500000e+01  2.000000e+01
    endloop
  endfacet
  facet normal -9.807851e-01  1.950910e-01  0.000000e+00
    outer loop
      vertex -8.076121e+01 -5.882684e+01  0.000000e+00
      vertex -8.000000e+01 -5.500000e+01  2.000000e+01
      vertex -8.000000e+01 -5.500000e+01  0.000000e+00
    endloop
  endfacet
  facet normal -1.950910e-01  9.807851e-01  0.000000e+00
    outer loop
      vertex -8.617316e+01 -6.423879e+01  2.000000e+01
      vertex -9.000000e+01 -6.500000e+01  0.000000e+00
      vertex -9.000000e+01 -6.500000e+01  2.000000e+01
    endloop
  endfacet
  facet normal  1.950910e-01  9.807851e-01  0.000000e+00
    outer loop
      vertex -9.000000e+01 -6.500000e+01  2.000000e+01
      vertex -9.000000e+01 -6.500000e+01  0.000000e+00
      vertex -9.382684e+01 -6.423879e+01  0.000000e+00
    endloop
  endfacet
  facet normal  1.950910e-01  9.807851e-01  -0.000000e+00
    outer loop
      vertex -9.000000e+01 -6.500000e+01  2.000000e+01
      vertex -9.382684e+01 -6.423879e+01  0.000000e+00
      vertex -9.382684e+01 -6.423879e+01  2.000000e+01
    endloop
  endfacet
  facet normal  5.555699e-01  8.314699e-01  0.000000e+00
    outer loop
      vertex -9.382684e+01 -6.423879e+01  2.000000e+01
      vertex -9.382684e+01 -6.423879e+01  0.000000e+00
      vertex -9.707107e+01 -6.207107e+01  0.000000e+00
    endloop
  endfacet
  facet normal  5.555699e-01  8.314699e-01  -0.000000e+00
    outer loop
      vertex -9.382684e+01 -6.423879e+01  2.000000e+01
      vertex -9.707107e+01 -6.207107e+01  0.000000e+00
      vertex -9.707107e+01 -6.207107e+01  2.000000e+01
    endloop
  endfacet
  facet normal  8.314699e-01  5.555699e-01  0.000000e+00
    outer loop
      vertex -9.707107e+01 -6.207107e+01  2.000000e+01
      vertex -9.707107e+01 -6.207107e+01  0.000000e+00
      vertex -9.923879e+01 -5.882684e+01  0.000000e+00
    endloop
  endfacet
  facet normal  8.314699e-01  5.555699e-01  -0.000000e+00
    outer loop
      vertex -9.707107e+01 -6.207107e+01  2.000000e+01
      vertex -9.923879e+01 -5.882684e+01  0.000000e+00
      vertex -9.923879e+01 -5.882684e+01  2.000000e+01
    endloop
  endfacet
  facet normal  9.807851e-01  1.950910e-01  0.000000e+00
    outer loop
      vertex -9.923879e+01 -5.882684e+01  2.000000e+01
      vertex -9.923879e+01 -5.882684e+01  0.000000e+00
      vertex -1.000000e+02 -5.500000e+01  3.552714e-15
    endloop
  endfacet
  facet normal  9.807851e-01  1.950910e-01  -0.000000e+00
    outer loop
      vertex -9.923879e+01 -5.882684e+01  2.000000e+01
      vertex -1.000000e+02 -5.500000e+01  3.552714e-15
      vertex -1.000000e+02 -5.500000e+01  2.000000e+01
    endloop
  endfacet
  facet normal  0.000000e+00 -1.000000e+00  0.000000e+00
    outer loop
      vertex -9.000000e+01  2.000000e+01  8.000000e+01
      vertex -9.000000e+01  2.000000e+01  2.000000e+01
      vertex  9.000000e+01  2.000000e+01  8.000000e+01
    endloop
  endfacet
  facet normal  0.000000e+00 -1.000000e+00  -0.000000e+00
    outer loop
      vertex  9.000000e+01  2.000000e+01  8.000000e+01
      vertex -9.000000e+01  2.000000e+01  2.000000e+01
      vertex  9.000000e+01  2.000000e+01  2.000000e+01
    endloop
  endfacet
  facet normal  9.914449e-01  1.305256e-01  0.000000e+00
    outer loop
      vertex -1.100000e+02  2.449294e-15  2.000000e+01
      vertex -1.093185e+02 -5.176381e+00  8.000000e+01
      vertex -1.093185e+02 -5.176381e+00  2.000000e+01
    endloop
  endfacet
  facet normal  9.238794e-01  3.826835e-01  -0.000000e+00
    outer loop
      vertex -1.093185e+02 -5.176381e+00  2.000000e+01
      vertex -1.093185e+02 -5.176381e+00  8.000000e+01
      vertex -1.073205e+02 -1.000000e+01  8.000000e+01
    endloop
  endfacet
  facet normal  9.238794e-01  3.826835e-01  0.000000e+00
    outer loop
      vertex -1.093185e+02 -5.176381e+00  2.000000e+01
      vertex -1.073205e+02 -1.000000e+01  8.000000e+01
      vertex -1.073205e+02 -1.000000e+01  2.000000e+01
    endloop
  endfacet
  facet normal  7.933530e-01  6.087617e-01  -0.000000e+00
    outer loop
      vertex -1.073205e+02 -1.000000e+01  2.000000e+01
      vertex -1.073205e+02 -1.000000e+01  8.000000e+01
      vertex -1.041421e+02 -1.414214e+01  8.000000e+01
    endloop
  endfacet
  facet normal  7.933530e-01  6.087617e-01  0.000000e+00
    outer loop
      vertex -1.073205e+02 -1.000000e+01  2.000000e+01
      vertex -1.041421e+02 -1.414214e+01  8.000000e+01
      vertex -1.041421e+02 -1.414214e+01  2.000000e+01
    endloop
  endfacet
  facet normal  6.087615e-01  7.933532e-01  -0.000000e+00
    outer loop
      vertex -1.041421e+02 -1.414214e+01  2.000000e+01
      vertex -1.041421e+02 -1.414214e+01  8.000000e+01
      vertex -1.000000e+02 -1.732051e+01  8.000000e+01
    endloop
  endfacet
  facet normal  6.087615e-01  7.933532e-01  0.000000e+00
    outer loop
      vertex -1.041421e+02 -1.414214e+01  2.000000e+01
      vertex -1.000000e+02 -1.732051e+01  8.000000e+01
      vertex -1.000000e+02 -1.732051e+01  2.000000e+01
    endloop
  endfacet
  facet normal  3.826834e-01  9.238796e-01  -0.000000e+00
    outer loop
      vertex -1.000000e+02 -1.732051e+01  2.000000e+01
      vertex -1.000000e+02 -1.732051e+01  8.000000e+01
      vertex -9.517638e+01 -1.931852e+01  8.000000e+01
    endloop
  endfacet
  facet normal  3.826834e-01  9.238796e-01  0.000000e+00
    outer loop
      vertex -1.000000e+02 -1.732051e+01  2.000000e+01
      vertex -9.517638e+01 -1.931852e+01  8.000000e+01
      vertex -9.517638e+01 -1.931852e+01  2.000000e+01
    endloop
  endfacet
  facet normal  1.305263e-01  9.914449e-01  -0.000000e+00
    outer loop
      vertex -9.517638e+01 -1.931852e+01  2.000000e+01
      vertex -9.517638e+01 -1.931852e+01  8.000000e+01
      vertex -9.000000e+01 -2.000000e+01  8.000000e+01
    endloop
  endfacet
  facet normal  1.305263e-01  9.914449e-01  0.000000e+00
    outer loop
      vertex -9.517638e+01 -1.931852e+01  2.000000e+01
      vertex -9.000000e+01 -2.000000e+01  8.000000e+01
      vertex -9.000000e+01 -2.000000e+01  2.000000e+01
    endloop
  endfacet
  facet normal  9.914449e-01  1.305256e-01  -0.000000e+00
    outer loop
      vertex -1.093185e+02 -5.176381e+00  8.000000e+01
      vertex -1.100000e+02  2.449294e-15  2.000000e+01
      vertex -1.100000e+02  2.449294e-15  8.000000e+01
    endloop
  endfacet
  facet normal  9.914449e-01 -1.305256e-01  0.000000e+00
    outer loop
      vertex -1.100000e+02  2.449294e-15  8.000000e+01
      vertex -1.100000e+02  2.449294e-15  2.000000e+01
      vertex -1.093185e+02  5.176381e+00  2.000000e+01
    endloop
  endfacet
  facet normal  9.914449e-01 -1.305256e-01  0.000000e+00
    outer loop
      vertex -1.100000e+02  2.449294e-15  8.000000e+01
      vertex -1.093185e+02  5.176381e+00  2.000000e+01
      vertex -1.093185e+02  5.176381e+00  8.000000e+01
    endloop
  endfacet
  facet normal  9.238794e-01 -3.826835e-01  0.000000e+00
    outer loop
      vertex -1.093185e+02  5.176381e+00  8.000000e+01
      vertex -1.093185e+02  5.176381e+00  2.000000e+01
      vertex -1.073205e+02  1.000000e+01  2.000000e+01
    endloop
  endfacet
  facet normal  9.238794e-01 -3.826835e-01  0.000000e+00
    outer loop
      vertex -1.093185e+02  5.176381e+00  8.000000e+01
      vertex -1.073205e+02  1.000000e+01  2.000000e+01
      vertex -1.073205e+02  1.000000e+01  8.000000e+01
    endloop
  endfacet
  facet normal  7.933530e-01 -6.087617e-01  0.000000e+00
    outer loop
      vertex -1.073205e+02  1.000000e+01  8.000000e+01
      vertex -1.073205e+02  1.000000e+01  2.000000e+01
      vertex -1.041421e+02  1.414214e+01  2.000000e+01
    endloop
  endfacet
  facet normal  7.933530e-01 -6.087617e-01  0.000000e+00
    outer loop
      vertex -1.073205e+02  1.000000e+01  8.000000e+01
      vertex -1.041421e+02  1.414214e+01  2.000000e+01
      vertex -1.041421e+02  1.414214e+01  8.000000e+01
    endloop
  endfacet
  facet normal  6.087615e-01 -7.933532e-01  0.000000e+00
    outer loop
      vertex -1.041421e+02  1.414214e+01  8.000000e+01
      vertex -1.041421e+02  1.414214e+01  2.000000e+01
      vertex -1.000000e+02  1.732051e+01  2.000000e+01
    endloop
  endfacet
  facet normal  6.087615e-01 -7.933532e-01  0.000000e+00
    outer loop
      vertex -1.041421e+02  1.414214e+01  8.000000e+01
      vertex -1.000000e+02  1.732051e+01  2.000000e+01
      vertex -1.000000e+02  1.732051e+01  8.000000e+01
    endloop
  endfacet
  facet normal  3.826834e-01 -9.238796e-01  0.000000e+00
    outer loop
      vertex -1.000000e+02  1.732051e+01  8.000000e+01
      vertex -1.000000e+02  1.732051e+01  2.000000e+01
      vertex -9.517638e+01  1.931852e+01  2.000000e+01
    endloop
  endfacet
  facet normal  3.826834e-01 -9.238796e-01  0.000000e+00
    outer loop
      vertex -1.000000e+02  1.732051e+01  8.000000e+01
      vertex -9.517638e+01  1.931852e+01  2.000000e+01
      vertex -9.517638e+01  1.931852e+01  8.000000e+01
    endloop
  endfacet
  facet normal  1.305263e-01 -9.914449e-01  0.000000e+00
    outer loop
      vertex -9.517638e+01  1.931852e+01  8.000000e+01
      vertex -9.517638e+01  1.931852e+01  2.000000e+01
      vertex -9.000000e+01  2.000000e+01  2.000000e+01
    endloop
  endfacet
  facet normal  1.305263e-01 -9.914449e-01  0.000000e+00
    outer loop
      vertex -9.517638e+01  1.931852e+01  8.000000e+01
      vertex -9.000000e+01  2.000000e+01  2.000000e+01
      vertex -9.000000e+01  2.000000e+01  8.000000e+01
    endloop
  endfacet
  facet normal -9.914449e-01 -1.305256e-01  -0.000000e+00
    outer loop
      vertex  1.100000e+02 -4.898587e-15  2.000000e+01
      vertex  1.093185e+02  5.176381e+00  8.000000e+01
      vertex  1.093185e+02  5.176381e+00  2.000000e+01
    endloop
  endfacet
  facet normal -9.238794e-01 -3.826835e-01  0.000000e+00
    outer loop
      vertex  1.093185e+02  5.176381e+00  2.000000e+01
      vertex  1.093185e+02  5.176381e+00  8.000000e+01
      vertex  1.073205e+02  1.000000e+01  8.000000e+01
    endloop
  endfacet
  facet normal -9.238794e-01 -3.826835e-01  -0.000000e+00
    outer loop
      vertex  1.093185e+02  5.176381e+00  2.000000e+01
      vertex  1.073205e+02  1.000000e+01  8.000000e+01
      vertex  1.073205e+02  1.000000e+01  2.000000e+01
    endloop
  endfacet
  facet normal -7.933530e-01 -6.087617e-01  0.000000e+00
    outer loop
      vertex  1.073205e+02  1.000000e+01  2.000000e+01
      vertex  1.073205e+02  1.000000e+01  8.000000e+01
      vertex  1.041421e+02  1.414214e+01  8.000000e+01
    endloop
  endfacet
  facet normal -7.933530e-01 -6.087617e-01  -0.000000e+00
    outer loop
      vertex  1.073205e+02  1.000000e+01  2.000000e+01
      vertex  1.041421e+02  1.414214e+01  8.000000e+01
      vertex  1.041421e+02  1.414214e+01  2.000000e+01
    endloop
  endfacet
  facet normal -6.087615e-01 -7.933532e-01  0.000000e+00
    outer loop
      vertex  1.041421e+02  1.414214e+01  2.000000e+01
      vertex  1.041421e+02  1.414214e+01  8.000000e+01
      vertex  1.000000e+02  1.732051e+01  8.000000e+01
    endloop
  endfacet
  facet normal -6.087615e-01 -7.933532e-01  -0.000000e+00
    outer loop
      vertex  1.041421e+02  1.414214e+01  2.000000e+01
      vertex  1.000000e+02  1.732051e+01  8.000000e+01
      vertex  1.000000e+02  1.732051e+01  2.000000e+01
    endloop
  endfacet
  facet normal -3.826834e-01 -9.238796e-01  0.000000e+00
    outer loop
      vertex  1.000000e+02  1.732051e+01  2.000000e+01
      vertex  1.000000e+02  1.732051e+01  8.000000e+01
      vertex  9.517638e+01  1.931852e+01  8.000000e+01
    endloop
  endfacet
  facet normal -3.826834e-01 -9.238796e-01  -0.000000e+00
    outer loop
      vertex  1.000000e+02  1.732051e+01  2.000000e+01
      vertex  9.517638e+01  1.931852e+01  8.000000e+01
      vertex  9.517638e+01  1.931852e+01  2.000000e+01
    endloop
  endfacet
  facet normal -1.305263e-01 -9.914449e-01  0.000000e+00
    outer loop
      vertex  9.517638e+01  1.931852e+01  2.000000e+01
      vertex  9.517638e+01  1.931852e+01  8.000000e+01
      vertex  9.000000e+01  2.000000e+01  8.000000e+01
    endloop
  endfacet
  facet normal -1.305263e-01 -9.914449e-01  -0.000000e+00
    outer loop
      vertex  9.517638e+01  1.931852e+01  2.000000e+01
      vertex  9.000000e+01  2.000000e+01  8.000000e+01
      vertex  9.000000e+01  2.000000e+01  2.000000e+01
    endloop
  endfacet
  facet normal -9.914449e-01 -1.305256e-01  0.000000e+00
    outer loop
      vertex  1.093185e+02  5.176381e+00  8.000000e+01
      vertex  1.100000e+02 -4.898587e-15  2.000000e+01
      vertex  1.100000e+02 -4.898587e-15  8.000000e+01
    endloop
  endfacet
  facet normal -9.914449e-01  1.305256e-01  0.000000e+00
    outer loop
      vertex  1.100000e+02 -4.898587e-15  8.000000e+01
      vertex  1.100000e+02 -4.898587e-15  2.000000e+01
      vertex  1.093185e+02 -5.176381e+00  2.000000e+01
    endloop
  endfacet
  facet normal -9.914449e-01  1.305256e-01  0.000000e+00
    outer loop
      vertex  1.100000e+02 -4.898587e-15  8.000000e+01
      vertex  1.093185e+02 -5.176381e+00  2.000000e+01
      vertex  1.093185e+02 -5.176381e+00  8.000000e+01
    endloop
  endfacet
  facet normal -9.238794e-01  3.826835e-01  0.000000e+00
    outer loop
      vertex  1.093185e+02 -5.176381e+00  8.000000e+01
      vertex  1.093185e+02 -5.176381e+00  2.000000e+01
      vertex  1.073205e+02 -1.000000e+01  2.000000e+01
    endloop
  endfacet
  facet normal -9.238794e-01  3.826835e-01  0.000000e+00
    outer loop
      vertex  1.093185e+02 -5.176381e+00  8.000000e+01
      vertex  1.073205e+02 -1.000000e+01  2.000000e+01
      vertex  1.073205e+02 -1.000000e+01  8.000000e+01
    endloop
  endfacet
  facet normal -7.933530e-01  6.087617e-01  0.000000e+00
    outer loop
      vertex  1.073205e+02 -1.000000e+01  8.000000e+01
      vertex  1.073205e+02 -1.000000e+01  2.000000e+01
      vertex  1.041421e+02 -1.414214e+01  2.000000e+01
    endloop
  endfacet
  facet normal -7.933530e-01  6.087617e-01  0.000000e+00
    outer loop
      vertex  1.073205e+02 -1.000000e+01  8.000000e+01
      vertex  1.041421e+02 -1.414214e+01  2.000000e+01
      vertex  1.041421e+02 -1.414214e+01  8.000000e+01
    endloop
  endfacet
  facet normal -6.087615e-01  7.933532e-01  0.000000e+00
    outer loop
      vertex  1.041421e+02 -1.414214e+01  8.000000e+01
      vertex  1.041421e+02 -1.414214e+01  2.000000e+01
      vertex  1.000000e+02 -1.732051e+01  2.000000e+01
    endloop
  endfacet
  facet normal -6.087615e-01  7.933532e-01  0.000000e+00
    outer loop
      vertex  1.041421e+02 -1.414214e+01  8.000000e+01
      vertex  1.000000e+02 -1.732051e+01  2.000000e+01
      vertex  1.000000e+02 -1.732051e+01  8.000000e+01
    endloop
  endfacet
  facet normal -3.826834e-01  9.238796e-01  0.000000e+00
    outer loop
      vertex  1.000000e+02 -1.732051e+01  8.000000e+01
      vertex  1.000000e+02 -1.732051e+01  2.000000e+01
      vertex  9.517638e+01 -1.931852e+01  2.000000e+01
    endloop
  endfacet
  facet normal -3.826834e-01  9.238796e-01  0.000000e+00
    outer loop
      vertex  1.000000e+02 -1.732051e+01  8.000000e+01
      vertex  9.517638e+01 -1.931852e+01  2.000000e+01
      vertex  9.517638e+01 -1.931852e+01  8.000000e+01
    endloop
  endfacet
  facet normal -1.305263e-01  9.914449e-01  0.000000e+00
    outer loop
      vertex  9.517638e+01 -1.931852e+01  8.000000e+01
      vertex  9.517638e+01 -1.931852e+01  2.000000e+01
      vertex  9.000000e+01 -2.000000e+01  2.000000e+01
    endloop
  endfacet
  facet normal -1.305263e-01  9.914449e-01  0.000000e+00
    outer loop
      vertex  9.517638e+01 -1.931852e+01  8.000000e+01
      vertex  9.000000e+01 -2.000000e+01  2.000000e+01
      vertex  9.000000e+01 -2.000000e+01  8.000000e+01
    endloop
  endfacet
  facet normal  0.000000e+00  1.000000e+00  -0.000000e+00
    outer loop
      vertex  9.000000e+01 -2.000000e+01  8.000000e+01
      vertex  9.000000e+01 -2.000000e+01  2.000000e+01
      vertex -9.000000e+01 -2.000000e+01  8.000000e+01
    endloop
  endfacet
  facet normal  0.000000e+00  1.000000e+00  0.000000e+00
    outer loop
      vertex -9.000000e+01 -2.000000e+01  8.000000e+01
      vertex  9.000000e+01 -2.000000e+01  2.000000e+01
      vertex -9.000000e+01 -2.000000e+01  2.000000e+01
    endloop
  endfacet
  facet normal -1.045287e-01 -9.945219e-01  -0.000000e+00
    outer loop
      vertex -9.000000e+01 -3.500000e+01  2.000000e+01
      vertex -9.000000e+01 -3.500000e+01  8.000000e+01
      vertex -9.727691e+01 -3.423516e+01  2.000000e+01
    endloop
  endfacet
  facet normal -1.045287e-01 -9.945219e-01  0.000000e+00
    outer loop
      vertex -9.727691e+01 -3.423516e+01  2.000000e+01
      vertex -9.000000e+01 -3.500000e+01  8.000000e+01
      vertex -9.727691e+01 -3.423516e+01  8.000000e+01
    endloop
  endfacet
  facet normal -3.090170e-01 -9.510564e-01  -0.000000e+00
    outer loop
      vertex -9.727691e+01 -3.423516e+01  2.000000e+01
      vertex -9.727691e+01 -3.423516e+01  8.000000e+01
      vertex -1.042358e+02 -3.197409e+01  2.000000e+01
    endloop
  endfacet
  facet normal -3.090170e-01 -9.510564e-01  0.000000e+00
    outer loop
      vertex -1.042358e+02 -3.197409e+01  2.000000e+01
      vertex -9.727691e+01 -3.423516e+01  8.000000e+01
      vertex -1.042358e+02 -3.197409e+01  8.000000e+01
    endloop
  endfacet
  facet normal -4.999995e-01 -8.660257e-01  -0.000000e+00
    outer loop
      vertex -1.042358e+02 -3.197409e+01  2.000000e+01
      vertex -1.042358e+02 -3.197409e+01  8.000000e+01
      vertex -1.105725e+02 -2.831560e+01  2.000000e+01
    endloop
  endfacet
  facet normal -4.999995e-01 -8.660257e-01  0.000000e+00
    outer loop
      vertex -1.105725e+02 -2.831560e+01  2.000000e+01
      vertex -1.042358e+02 -3.197409e+01  8.000000e+01
      vertex -1.105725e+02 -2.831560e+01  8.000000e+01
    endloop
  endfacet
  facet normal -6.691307e-01 -7.431447e-01  -0.000000e+00
    outer loop
      vertex -1.105725e+02 -2.831560e+01  2.000000e+01
      vertex -1.105725e+02 -2.831560e+01  8.000000e+01
      vertex -1.160101e+02 -2.341957e+01  2.000000e+01
    endloop
  endfacet
  facet normal -6.691307e-01 -7.431447e-01  0.000000e+00
    outer loop
      vertex -1.160101e+02 -2.341957e+01  2.000000e+01
      vertex -1.105725e+02 -2.831560e+01  8.000000e+01
      vertex -1.160101e+02 -2.341957e+01  8.000000e+01
    endloop
  endfacet
  facet normal -8.090171e-01 -5.877852e-01  -0.000000e+00
    outer loop
      vertex -1.160101e+02 -2.341957e+01  2.000000e+01
      vertex -1.160101e+02 -2.341957e+01  8.000000e+01
      vertex -1.203109e+02 -1.750000e+01  2.000000e+01
    endloop
  endfacet
  facet normal -8.090171e-01 -5.877852e-01  0.000000e+00
    outer loop
      vertex -1.203109e+02 -1.750000e+01  2.000000e+01
      vertex -1.160101e+02 -2.341957e+01  8.000000e+01
      vertex -1.203109e+02 -1.750000e+01  8.000000e+01
    endloop
  endfacet
  facet normal -9.135455e-01 -4.067367e-01  -0.000000e+00
    outer loop
      vertex -1.203109e+02 -1.750000e+01  2.000000e+01
      vertex -1.203109e+02 -1.750000e+01  8.000000e+01
      vertex -1.232870e+02 -1.081559e+01  2.000000e+01
    endloop
  endfacet
  facet normal -9.135455e-01 -4.067367e-01  0.000000e+00
    outer loop
      vertex -1.232870e+02 -1.081559e+01  2.000000e+01
      vertex -1.203109e+02 -1.750000e+01  8.000000e+01
      vertex -1.232870e+02 -1.081559e+01  8.000000e+01
    endloop
  endfacet
  facet normal -9.781476e-01 -2.079114e-01  -0.000000e+00
    outer loop
      vertex -1.232870e+02 -1.081559e+01  2.000000e+01
      vertex -1.232870e+02 -1.081559e+01  8.000000e+01
      vertex -1.248083e+02 -3.658496e+00  2.000000e+01
    endloop
  endfacet
  facet normal -9.781476e-01 -2.079114e-01  0.000000e+00
    outer loop
      vertex -1.248083e+02 -3.658496e+00  2.000000e+01
      vertex -1.232870e+02 -1.081559e+01  8.000000e+01
      vertex -1.248083e+02 -3.658496e+00  8.000000e+01
    endloop
  endfacet
  facet normal -9.999999e-01  0.000000e+00  0.000000e+00
    outer loop
      vertex -1.248083e+02 -3.658496e+00  2.000000e+01
      vertex -1.248083e+02 -3.658496e+00  8.000000e+01
      vertex -1.248083e+02  3.658496e+00  2.000000e+01
    endloop
  endfacet
  facet normal -9.999999e-01  0.000000e+00  0.000000e+00
    outer loop
      vertex -1.248083e+02  3.658496e+00  2.000000e+01
      vertex -1.248083e+02 -3.658496e+00  8.000000e+01
      vertex -1.248083e+02  3.658496e+00  8.000000e+01
    endloop
  endfacet
  facet normal -9.781476e-01  2.079114e-01  0.000000e+00
    outer loop
      vertex -1.248083e+02  3.658496e+00  2.000000e+01
      vertex -1.248083e+02  3.658496e+00  8.000000e+01
      vertex -1.232870e+02  1.081559e+01  2.000000e+01
    endloop
  endfacet
  facet normal -9.781476e-01  2.079114e-01  0.000000e+00
    outer loop
      vertex -1.232870e+02  1.081559e+01  2.000000e+01
      vertex -1.248083e+02  3.658496e+00  8.000000e+01
      vertex -1.232870e+02  1.081559e+01  8.000000e+01
    endloop
  endfacet
  facet normal -9.135455e-01  4.067367e-01  0.000000e+00
    outer loop
      vertex -1.232870e+02  1.081559e+01  2.000000e+01
      vertex -1.232870e+02  1.081559e+01  8.000000e+01
      vertex -1.203109e+02  1.750000e+01  2.000000e+01
    endloop
  endfacet
  facet normal -9.135455e-01  4.067367e-01  0.000000e+00
    outer loop
      vertex -1.203109e+02  1.750000e+01  2.000000e+01
      vertex -1.232870e+02  1.081559e+01  8.000000e+01
      vertex -1.203109e+02  1.750000e+01  8.000000e+01
    endloop
  endfacet
  facet normal -8.090171e-01  5.877852e-01  0.000000e+00
    outer loop
      vertex -1.203109e+02  1.750000e+01  2.000000e+01
      vertex -1.203109e+02  1.750000e+01  8.000000e+01
      vertex -1.160101e+02  2.341957e+01  2.000000e+01
    endloop
  endfacet
  facet normal -8.090171e-01  5.877852e-01  0.000000e+00
    outer loop
      vertex -1.160101e+02  2.341957e+01  2.000000e+01
      vertex -1.203109e+02  1.750000e+01  8.000000e+01
      vertex -1.160101e+02  2.341957e+01  8.000000e+01
    endloop
  endfacet
  facet normal -6.691307e-01  7.431447e-01  0.000000e+00
    outer loop
      vertex -1.160101e+02  2.341957e+01  2.000000e+01
      vertex -1.160101e+02  2.341957e+01  8.000000e+01
      vertex -1.105725e+02  2.831560e+01  2.000000e+01
    endloop
  endfacet
  facet normal -6.691307e-01  7.431447e-01  0.000000e+00
    outer loop
      vertex -1.105725e+02  2.831560e+01  2.000000e+01
      vertex -1.160101e+02  2.341957e+01  8.000000e+01
      vertex -1.105725e+02  2.831560e+01  8.000000e+01
    endloop
  endfacet
  facet normal -4.999995e-01  8.660257e-01  0.000000e+00
    outer loop
      vertex -1.105725e+02  2.831560e+01  2.000000e+01
      vertex -1.105725e+02  2.831560e+01  8.000000e+01
      vertex -1.042358e+02  3.197409e+01  2.000000e+01
    endloop
  endfacet
  facet normal -4.999995e-01  8.660257e-01  0.000000e+00
    outer loop
      vertex -1.042358e+02  3.197409e+01  2.000000e+01
      vertex -1.105725e+02  2.831560e+01  8.000000e+01
      vertex -1.042358e+02  3.197409e+01  8.000000e+01
    endloop
  endfacet
  facet normal -3.090170e-01  9.510564e-01  0.000000e+00
    outer loop
      vertex -1.042358e+02  3.197409e+01  2.000000e+01
      vertex -1.042358e+02  3.197409e+01  8.000000e+01
      vertex -9.727691e+01  3.423516e+01  2.000000e+01
    endloop
  endfacet
  facet normal -3.090170e-01  9.510564e-01  0.000000e+00
    outer loop
      vertex -9.727691e+01  3.423516e+01  2.000000e+01
      vertex -1.042358e+02  3.197409e+01  8.000000e+01
      vertex -9.727691e+01  3.423516e+01  8.000000e+01
    endloop
  endfacet
  facet normal -1.045287e-01  9.945219e-01  0.000000e+00
    outer loop
      vertex -9.727691e+01  3.423516e+01  2.000000e+01
      vertex -9.727691e+01  3.423516e+01  8.000000e+01
      vertex -9.000000e+01  3.500000e+01  2.000000e+01
    endloop
  endfacet
  facet normal -1.045287e-01  9.945219e-01  0.000000e+00
    outer loop
      vertex -9.000000e+01  3.500000e+01  2.000000e+01
      vertex -9.727691e+01  3.423516e+01  8.000000e+01
      vertex -9.000000e+01  3.500000e+01  8.000000e+01
    endloop
  endfacet
  facet normal  0.000000e+00 -1.000000e+00  0.000000e+00
    outer loop
      vertex  9.000000e+01 -3.500000e+01  8.000000e+01
      vertex -9.000000e+01 -3.500000e+01  8.000000e+01
      vertex  9.000000e+01 -3.500000e+01  2.000000e+01
    endloop
  endfacet
  facet normal  0.000000e+00 -1.000000e+00  0.000000e+00
    outer loop
      vertex  9.000000e+01 -3.500000e+01  2.000000e+01
      vertex -9.000000e+01 -3.500000e+01  8.000000e+01
      vertex -9.000000e+01 -3.500000e+01  2.000000e+01
    endloop
  endfacet
  facet normal  1.045287e-01  9.945219e-01  0.000000e+00
    outer loop
      vertex  9.000000e+01  3.500000e+01  2.000000e+01
      vertex  9.000000e+01  3.500000e+01  8.000000e+01
      vertex  9.727691e+01  3.423516e+01  2.000000e+01
    endloop
  endfacet
  facet normal  1.045287e-01  9.945219e-01  -0.000000e+00
    outer loop
      vertex  9.727691e+01  3.423516e+01  2.000000e+01
      vertex  9.000000e+01  3.500000e+01  8.000000e+01
      vertex  9.727691e+01  3.423516e+01  8.000000e+01
    endloop
  endfacet
  facet normal  3.090170e-01  9.510564e-01  0.000000e+00
    outer loop
      vertex  9.727691e+01  3.423516e+01  2.000000e+01
      vertex  9.727691e+01  3.423516e+01  8.000000e+01
      vertex  1.042358e+02  3.197409e+01  2.000000e+01
    endloop
  endfacet
  facet normal  3.090170e-01  9.510564e-01  -0.000000e+00
    outer loop
      vertex  1.042358e+02  3.197409e+01  2.000000e+01
      vertex  9.727691e+01  3.423516e+01  8.000000e+01
      vertex  1.042358e+02  3.197409e+01  8.000000e+01
    endloop
  endfacet
  facet normal  4.999995e-01  8.660257e-01  0.000000e+00
    outer loop
      vertex  1.042358e+02  3.197409e+01  2.000000e+01
      vertex  1.042358e+02  3.197409e+01  8.000000e+01
      vertex  1.105725e+02  2.831560e+01  2.000000e+01
    endloop
  endfacet
  facet normal  4.999995e-01  8.660257e-01  -0.000000e+00
    outer loop
      vertex  1.105725e+02  2.831560e+01  2.000000e+01
      vertex  1.042358e+02  3.197409e+01  8.000000e+01
      vertex  1.105725e+02  2.831560e+01  8.000000e+01
    endloop
  endfacet
  facet normal  6.691307e-01  7.431447e-01  0.000000e+00
    outer loop
      vertex  1.105725e+02  2.831560e+01  2.000000e+01
      vertex  1.105725e+02  2.831560e+01  8.000000e+01
      vertex  1.160101e+02  2.341957e+01  2.000000e+01
    endloop
  endfacet
  facet normal  6.691307e-01  7.431447e-01  -0.000000e+00
    outer loop
      vertex  1.160101e+02  2.341957e+01  2.000000e+01
      vertex  1.105725e+02  2.831560e+01  8.000000e+01
      vertex  1.160101e+02  2.341957e+01  8.000000e+01
    endloop
  endfacet
  facet normal  8.090171e-01  5.877852e-01  0.000000e+00
    outer loop
      vertex  1.160101e+02  2.341957e+01  2.000000e+01
      vertex  1.160101e+02  2.341957e+01  8.000000e+01
      vertex  1.203109e+02  1.750000e+01  2.000000e+01
    endloop
  endfacet
  facet normal  8.090171e-01  5.877852e-01  -0.000000e+00
    outer loop
      vertex  1.203109e+02  1.750000e+01  2.000000e+01
      vertex  1.160101e+02  2.341957e+01  8.000000e+01
      vertex  1.203109e+02  1.750000e+01  8.000000e+01
    endloop
  endfacet
  facet normal  9.135455e-01  4.067367e-01  0.000000e+00
    outer loop
      vertex  1.203109e+02  1.750000e+01  2.000000e+01
      vertex  1.203109e+02  1.750000e+01  8.000000e+01
      vertex  1.232870e+02  1.081559e+01  2.000000e+01
    endloop
  endfacet
  facet normal  9.135455e-01  4.067367e-01  -0.000000e+00
    outer loop
      vertex  1.232870e+02  1.081559e+01  2.000000e+01
      vertex  1.203109e+02  1.750000e+01  8.000000e+01
      vertex  1.232870e+02  1.081559e+01  8.000000e+01
    endloop
  endfacet
  facet normal  9.781476e-01  2.079114e-01  0.000000e+00
    outer loop
      vertex  1.232870e+02  1.081559e+01  2.000000e+01
      vertex  1.232870e+02  1.081559e+01  8.000000e+01
      vertex  1.248083e+02  3.658496e+00  2.000000e+01
    endloop
  endfacet
  facet normal  9.781476e-01  2.079114e-01  -0.000000e+00
    outer loop
      vertex  1.248083e+02  3.658496e+00  2.000000e+01
      vertex  1.232870e+02  1.081559e+01  8.000000e+01
      vertex  1.248083e+02  3.658496e+00  8.000000e+01
    endloop
  endfacet
  facet normal  9.999999e-01  0.000000e+00  0.000000e+00
    outer loop
      vertex  1.248083e+02  3.658496e+00  2.000000e+01
      vertex  1.248083e+02  3.658496e+00  8.000000e+01
      vertex  1.248083e+02 -3.658496e+00  2.000000e+01
    endloop
  endfacet
  facet normal  9.999999e-01  0.000000e+00  0.000000e+00
    outer loop
      vertex  1.248083e+02 -3.658496e+00  2.000000e+01
      vertex  1.248083e+02  3.658496e+00  8.000000e+01
      vertex  1.248083e+02 -3.658496e+00  8.000000e+01
    endloop
  endfacet
  facet normal  9.781476e-01 -2.079114e-01  0.000000e+00
    outer loop
      vertex  1.248083e+02 -3.658496e+00  2.000000e+01
      vertex  1.248083e+02 -3.658496e+00  8.000000e+01
      vertex  1.232870e+02 -1.081559e+01  2.000000e+01
    endloop
  endfacet
  facet normal  9.781476e-01 -2.079114e-01  0.000000e+00
    outer loop
      vertex  1.232870e+02 -1.081559e+01  2.000000e+01
      vertex  1.248083e+02 -3.658496e+00  8.000000e+01
      vertex  1.232870e+02 -1.081559e+01  8.000000e+01
    endloop
  endfacet
  facet normal  9.135455e-01 -4.067367e-01  0.000000e+00
    outer loop
      vertex  1.232870e+02 -1.081559e+01  2.000000e+01
      vertex  1.232870e+02 -1.081559e+01  8.000000e+01
      vertex  1.203109e+02 -1.750000e+01  2.000000e+01
    endloop
  endfacet
  facet normal  9.135455e-01 -4.067367e-01  0.000000e+00
    outer loop
      vertex  1.203109e+02 -1.750000e+01  2.000000e+01
      vertex  1.232870e+02 -1.081559e+01  8.000000e+01
      vertex  1.203109e+02 -1.750000e+01  8.000000e+01
    endloop
  endfacet
  facet normal  8.090171e-01 -5.877852e-01  0.000000e+00
    outer loop
      vertex  1.203109e+02 -1.750000e+01  2.000000e+01
      vertex  1.203109e+02 -1.750000e+01  8.000000e+01
      vertex  1.160101e+02 -2.341957e+01  2.000000e+01
    endloop
  endfacet
  facet normal  8.090171e-01 -5.877852e-01  0.000000e+00
    outer loop
      vertex  1.160101e+02 -2.341957e+01  2.000000e+01
      vertex  1.203109e+02 -1.750000e+01  8.000000e+01
      vertex  1.160101e+02 -2.341957e+01  8.000000e+01
    endloop
  endfacet
  facet normal  6.691307e-01 -7.431447e-01  0.000000e+00
    outer loop
      vertex  1.160101e+02 -2.341957e+01  2.000000e+01
      vertex  1.160101e+02 -2.341957e+01  8.000000e+01
      vertex  1.105725e+02 -2.831560e+01  2.000000e+01
    endloop
  endfacet
  facet normal  6.691307e-01 -7.431447e-01  0.000000e+00
    outer loop
      vertex  1.105725e+02 -2.831560e+01  2.000000e+01
      vertex  1.160101e+02 -2.341957e+01  8.000000e+01
      vertex  1.105725e+02 -2.831560e+01  8.000000e+01
    endloop
  endfacet
  facet normal  4.999995e-01 -8.660257e-01  0.000000e+00
    outer loop
      vertex  1.105725e+02 -2.831560e+01  2.000000e+01
      vertex  1.105725e+02 -2.831560e+01  8.000000e+01
      vertex  1.042358e+02 -3.197409e+01  2.000000e+01
    endloop
  endfacet
  facet normal  4.999995e-01 -8.660257e-01  0.000000e+00
    outer loop
      vertex  1.042358e+02 -3.197409e+01  2.000000e+01
      vertex  1.105725e+02 -2.831560e+01  8.000000e+01
      vertex  1.042358e+02 -3.197409e+01  8.000000e+01
    endloop
  endfacet
  facet normal  3.090170e-01 -9.510564e-01  0.000000e+00
    outer loop
      vertex  1.042358e+02 -3.197409e+01  2.000000e+01
      vertex  1.042358e+02 -3.197409e+01  8.000000e+01
      vertex  9.727691e+01 -3.423516e+01  2.000000e+01
    endloop
  endfacet
  facet normal  3.090170e-01 -9.510564e-01  0.000000e+00
    outer loop
      vertex  9.727691e+01 -3.423516e+01  2.000000e+01
      vertex  1.042358e+02 -3.197409e+01  8.000000e+01
      vertex  9.727691e+01 -3.423516e+01  8.000000e+01
    endloop
  endfacet
  facet normal  1.045287e-01 -9.945219e-01  0.000000e+00
    outer loop
      vertex  9.727691e+01 -3.423516e+01  2.000000e+01
      vertex  9.727691e+01 -3.423516e+01  8.000000e+01
      vertex  9.000000e+01 -3.500000e+01  2.000000e+01
    endloop
  endfacet
  facet normal  1.045287e-01 -9.945219e-01  0.000000e+00
    outer loop
      vertex  9.000000e+01 -3.500000e+01  2.000000e+01
      vertex  9.727691e+01 -3.423516e+01  8.000000e+01
      vertex  9.000000e+01 -3.500000e+01  8.000000e+01
    endloop
  endfacet
  facet normal  0.000000e+00  1.000000e+00  0.000000e+00
    outer loop
      vertex -9.000000e+01  3.500000e+01  8.000000e+01
      vertex  9.000000e+01  3.500000e+01  8.000000e+01
      vertex -9.000000e+01  3.500000e+01  2.000000e+01
    endloop
  endfacet
  facet normal  0.000000e+00  1.000000e+00  0.000000e+00
    outer loop
      vertex -9.000000e+01  3.500000e+01  2.000000e+01
      vertex  9.000000e+01  3.500000e+01  8.000000e+01
      vertex  9.000000e+01  3.500000e+01  2.000000e+01
    endloop
  endfacet
  facet normal  -0.000000e+00  0.000000e+00  9.999999e-01
    outer loop
      vertex -9.000000e+01 -2.000000e+01  8.000000e+01
      vertex -9.727691e+01 -3.423516e+01  8.000000e+01
      vertex -9.000000e+01 -3.500000e+01  8.000000e+01
    endloop
  endfacet
  facet normal  -0.000000e+00  -0.000000e+00  1.000000e+00
    outer loop
      vertex -1.160101e+02 -2.341957e+01  8.000000e+01
      vertex -1.105725e+02 -2.831560e+01  8.000000e+01
      vertex -1.042358e+02 -3.197409e+01  8.000000e+01
    endloop
  endfacet
  facet normal  0.000000e+00  -0.000000e+00  1.000000e+00
    outer loop
      vertex  1.041421e+02  1.414214e+01  8.000000e+01
      vertex  1.073205e+02  1.000000e+01  8.000000e+01
      vertex  1.232870e+02  1.081559e+01  8.000000e+01
    endloop
  endfacet
  facet normal  -0.000000e+00  0.000000e+00  1.000000e+00
    outer loop
      vertex  9.000000e+01 -2.000000e+01  8.000000e+01
      vertex -9.000000e+01 -2.000000e+01  8.000000e+01
      vertex -9.000000e+01 -3.500000e+01  8.000000e+01
    endloop
  endfacet
  facet normal  0.000000e+00  0.000000e+00  1.000000e+00
    outer loop
      vertex  9.000000e+01 -2.000000e+01  8.000000e+01
      vertex -9.000000e+01 -3.500000e+01  8.000000e+01
      vertex  9.000000e+01 -3.500000e+01  8.000000e+01
    endloop
  endfacet
  facet normal  0.000000e+00  0.000000e+00  9.999999e-01
    outer loop
      vertex  9.000000e+01 -2.000000e+01  8.000000e+01
      vertex  9.000000e+01 -3.500000e+01  8.000000e+01
      vertex  9.727691e+01 -3.423516e+01  8.000000e+01
    endloop
  endfacet
  facet normal  0.000000e+00  -0.000000e+00  1.000000e+00
    outer loop
      vertex  9.000000e+01 -2.000000e+01  8.000000e+01
      vertex  9.727691e+01 -3.423516e+01  8.000000e+01
      vertex  1.042358e+02 -3.197409e+01  8.000000e+01
    endloop
  endfacet
  facet normal  0.000000e+00  -0.000000e+00  1.000000e+00
    outer loop
      vertex  9.000000e+01 -2.000000e+01  8.000000e+01
      vertex  1.042358e+02 -3.197409e+01  8.000000e+01
      vertex  1.105725e+02 -2.831560e+01  8.000000e+01
    endloop
  endfacet
  facet normal  0.000000e+00  -0.000000e+00  1.000000e+00
    outer loop
      vertex  9.000000e+01 -2.000000e+01  8.000000e+01
      vertex  1.105725e+02 -2.831560e+01  8.000000e+01
      vertex  1.160101e+02 -2.341957e+01  8.000000e+01
    endloop
  endfacet
  facet normal  0.000000e+00  0.000000e+00  9.999999e-01
    outer loop
      vertex  9.000000e+01 -2.000000e+01  8.000000e+01
      vertex  1.160101e+02 -2.341957e+01  8.000000e+01
      vertex  9.517638e+01 -1.931852e+01  8.000000e+01
    endloop
  endfacet
  facet normal  -0.000000e+00  -0.000000e+00  9.999999e-01
    outer loop
      vertex  9.000000e+01  2.000000e+01  8.000000e+01
      vertex  9.517638e+01  1.931852e+01  8.000000e+01
      vertex  1.203109e+02  1.750000e+01  8.000000e+01
    endloop
  endfacet
  facet normal  0.000000e+00  0.000000e+00  1.000000e+00
    outer loop
      vertex  9.000000e+01  2.000000e+01  8.000000e+01
      vertex  1.203109e+02  1.750000e+01  8.000000e+01
      vertex  1.160101e+02  2.341957e+01  8.000000e+01
    endloop
  endfacet
  facet normal  0.000000e+00  0.000000e+00  1.000000e+00
    outer loop
      vertex  9.000000e+01  2.000000e+01  8.000000e+01
      vertex  1.160101e+02  2.341957e+01  8.000000e+01
      vertex  1.105725e+02  2.831560e+01  8.000000e+01
    endloop
  endfacet
  facet normal  0.000000e+00  0.000000e+00  1.000000e+00
    outer loop
      vertex  9.000000e+01  2.000000e+01  8.000000e+01
      vertex  1.105725e+02  2.831560e+01  8.000000e+01
      vertex  1.042358e+02  3.197409e+01  8.000000e+01
    endloop
  endfacet
  facet normal  0.000000e+00  0.000000e+00  1.000000e+00
    outer loop
      vertex  9.000000e+01  2.000000e+01  8.000000e+01
      vertex  1.042358e+02  3.197409e+01  8.000000e+01
      vertex  9.727691e+01  3.423516e+01  8.000000e+01
    endloop
  endfacet
  facet normal  0.000000e+00  0.000000e+00  9.999999e-01
    outer loop
      vertex  9.000000e+01  2.000000e+01  8.000000e+01
      vertex  9.727691e+01  3.423516e+01  8.000000e+01
      vertex  9.000000e+01  3.500000e+01  8.000000e+01
    endloop
  endfacet
  facet normal  0.000000e+00  0.000000e+00  1.000000e+00
    outer loop
      vertex -1.042358e+02 -3.197409e+01  8.000000e+01
      vertex -9.727691e+01 -3.423516e+01  8.000000e+01
      vertex -1.160101e+02 -2.341957e+01  8.000000e+01
    endloop
  endfacet
  facet normal  -0.000000e+00  0.000000e+00  1.000000e+00
    outer loop
      vertex -1.160101e+02 -2.341957e+01  8.000000e+01
      vertex -9.727691e+01 -3.423516e+01  8.000000e+01
      vertex -9.000000e+01 -2.000000e+01  8.000000e+01
    endloop
  endfacet
  facet normal  0.000000e+00  0.000000e+00  1.000000e+00
    outer loop
      vertex -1.160101e+02 -2.341957e+01  8.000000e+01
      vertex -9.000000e+01 -2.000000e+01  8.000000e+01
      vertex -9.517638e+01 -1.931852e+01  8.000000e+01
    endloop
  endfacet
  facet normal  0.000000e+00  0.000000e+00  1.000000e+00
    outer loop
      vertex  9.000000e+01  2.000000e+01  8.000000e+01
      vertex  9.000000e+01  3.500000e+01  8.000000e+01
      vertex -9.000000e+01  2.000000e+01  8.000000e+01
    endloop
  endfacet
  facet normal  0.000000e+00  0.000000e+00  1.000000e+00
    outer loop
      vertex -9.000000e+01  2.000000e+01  8.000000e+01
      vertex  9.000000e+01  3.500000e+01  8.000000e+01
      vertex -9.000000e+01  3.500000e+01  8.000000e+01
    endloop
  endfacet
  facet normal  0.000000e+00  0.000000e+00  1.000000e+00
    outer loop
      vertex -9.000000e+01  2.000000e+01  8.000000e+01
      vertex -9.000000e+01  3.500000e+01  8.000000e+01
      vertex -1.160101e+02  2.341957e+01  8.000000e+01
    endloop
  endfacet
  facet normal  0.000000e+00  0.000000e+00  1.000000e+00
    outer loop
      vertex -1.160101e+02  2.341957e+01  8.000000e+01
      vertex -9.000000e+01  3.500000e+01  8.000000e+01
      vertex -9.727691e+01  3.423516e+01  8.000000e+01
    endloop
  endfacet
  facet normal  0.000000e+00  0.000000e+00  1.000000e+00
    outer loop
      vertex -1.160101e+02  2.341957e+01  8.000000e+01
      vertex -9.727691e+01  3.423516e+01  8.000000e+01
      vertex -1.105725e+02  2.831560e+01  8.000000e+01
    endloop
  endfacet
  facet normal  0.000000e+00  0.000000e+00  9.999999e-01
    outer loop
      vertex -1.105725e+02  2.831560e+01  8.000000e+01
      vertex -9.727691e+01  3.423516e+01  8.000000e+01
      vertex -1.042358e+02  3.197409e+01  8.000000e+01
    endloop
  endfacet
  facet normal  0.000000e+00  0.000000e+00  9.999999e-01
    outer loop
      vertex -9.000000e+01  2.000000e+01  8.000000e+01
      vertex -1.160101e+02  2.341957e+01  8.000000e+01
      vertex -9.517638e+01  1.931852e+01  8.000000e+01
    endloop
  endfacet
  facet normal  0.000000e+00  0.000000e+00  1.000000e+00
    outer loop
      vertex -9.517638e+01  1.931852e+01  8.000000e+01
      vertex -1.160101e+02  2.341957e+01  8.000000e+01
      vertex -1.203109e+02  1.750000e+01  8.000000e+01
    endloop
  endfacet
  facet normal  -0.000000e+00  0.000000e+00  1.000000e+00
    outer loop
      vertex -9.517638e+01  1.931852e+01  8.000000e+01
      vertex -1.203109e+02  1.750000e+01  8.000000e+01
      vertex -1.000000e+02  1.732051e+01  8.000000e+01
    endloop
  endfacet
  facet normal  0.000000e+00  0.000000e+00  1.000000e+00
    outer loop
      vertex -1.000000e+02  1.732051e+01  8.000000e+01
      vertex -1.203109e+02  1.750000e+01  8.000000e+01
      vertex -1.041421e+02  1.414214e+01  8.000000e+01
    endloop
  endfacet
  facet normal  0.000000e+00  0.000000e+00  9.999999e-01
    outer loop
      vertex -1.041421e+02  1.414214e+01  8.000000e+01
      vertex -1.203109e+02  1.750000e+01  8.000000e+01
      vertex -1.232870e+02  1.081559e+01  8.000000e+01
    endloop
  endfacet
  facet normal  -0.000000e+00  0.000000e+00  1.000000e+00
    outer loop
      vertex -1.041421e+02  1.414214e+01  8.000000e+01
      vertex -1.232870e+02  1.081559e+01  8.000000e+01
      vertex -1.073205e+02  1.000000e+01  8.000000e+01
    endloop
  endfacet
  facet normal  0.000000e+00  0.000000e+00  1.000000e+00
    outer loop
      vertex -1.073205e+02  1.000000e+01  8.000000e+01
      vertex -1.232870e+02  1.081559e+01  8.000000e+01
      vertex -1.093185e+02  5.176381e+00  8.000000e+01
    endloop
  endfacet
  facet normal  0.000000e+00  0.000000e+00  1.000000e+00
    outer loop
      vertex -1.093185e+02  5.176381e+00  8.000000e+01
      vertex -1.232870e+02  1.081559e+01  8.000000e+01
      vertex -1.248083e+02  3.658496e+00  8.000000e+01
    endloop
  endfacet
  facet normal  -0.000000e+00  0.000000e+00  1.000000e+00
    outer loop
      vertex -1.093185e+02  5.176381e+00  8.000000e+01
      vertex -1.248083e+02  3.658496e+00  8.000000e+01
      vertex -1.100000e+02  2.449294e-15  8.000000e+01
    endloop
  endfacet
  facet normal  0.000000e+00  0.000000e+00  9.999999e-01
    outer loop
      vertex -1.100000e+02  2.449294e-15  8.000000e+01
      vertex -1.248083e+02  3.658496e+00  8.000000e+01
      vertex -1.248083e+02 -3.658496e+00  8.000000e+01
    endloop
  endfacet
  facet normal  -0.000000e+00  0.000000e+00  1.000000e+00
    outer loop
      vertex -1.100000e+02  2.449294e-15  8.000000e+01
      vertex -1.248083e+02 -3.658496e+00  8.000000e+01
      vertex -1.093185e+02 -5.176381e+00  8.000000e+01
    endloop
  endfacet
  facet normal  0.000000e+00  0.000000e+00  1.000000e+00
    outer loop
      vertex -1.093185e+02 -5.176381e+00  8.000000e+01
      vertex -1.248083e+02 -3.658496e+00  8.000000e+01
      vertex -1.073205e+02 -1.000000e+01  8.000000e+01
    endloop
  endfacet
  facet normal  0.000000e+00  0.000000e+00  1.000000e+00
    outer loop
      vertex -1.073205e+02 -1.000000e+01  8.000000e+01
      vertex -1.248083e+02 -3.658496e+00  8.000000e+01
      vertex -1.232870e+02 -1.081559e+01  8.000000e+01
    endloop
  endfacet
  facet normal  -0.000000e+00  0.000000e+00  1.000000e+00
    outer loop
      vertex -1.073205e+02 -1.000000e+01  8.000000e+01
      vertex -1.232870e+02 -1.081559e+01  8.000000e+01
      vertex -1.041421e+02 -1.414214e+01  8.000000e+01
    endloop
  endfacet
  facet normal  0.000000e+00  0.000000e+00  9.999999e-01
    outer loop
      vertex -1.041421e+02 -1.414214e+01  8.000000e+01
      vertex -1.232870e+02 -1.081559e+01  8.000000e+01
      vertex -1.203109e+02 -1.750000e+01  8.000000e+01
    endloop
  endfacet
  facet normal  0.000000e+00  0.000000e+00  1.000000e+00
    outer loop
      vertex -1.041421e+02 -1.414214e+01  8.000000e+01
      vertex -1.203109e+02 -1.750000e+01  8.000000e+01
      vertex -1.000000e+02 -1.732051e+01  8.000000e+01
    endloop
  endfacet
  facet normal  0.000000e+00  0.000000e+00  1.000000e+00
    outer loop
      vertex -1.160101e+02 -2.341957e+01  8.000000e+01
      vertex -9.517638e+01 -1.931852e+01  8.000000e+01
      vertex -1.203109e+02 -1.750000e+01  8.000000e+01
    endloop
  endfacet
  facet normal  -0.000000e+00  0.000000e+00  1.000000e+00
    outer loop
      vertex -1.203109e+02 -1.750000e+01  8.000000e+01
      vertex -9.517638e+01 -1.931852e+01  8.000000e+01
      vertex -1.000000e+02 -1.732051e+01  8.000000e+01
    endloop
  endfacet
  facet normal  0.000000e+00  0.000000e+00  1.000000e+00
    outer loop
      vertex  1.041421e+02  1.414214e+01  8.000000e+01
      vertex  1.232870e+02  1.081559e+01  8.000000e+01
      vertex  1.000000e+02  1.732051e+01  8.000000e+01
    endloop
  endfacet
  facet normal  -0.000000e+00  0.000000e+00  1.000000e+00
    outer loop
      vertex  1.000000e+02  1.732051e+01  8.000000e+01
      vertex  1.232870e+02  1.081559e+01  8.000000e+01
      vertex  1.203109e+02  1.750000e+01  8.000000e+01
    endloop
  endfacet
  facet normal  0.000000e+00  0.000000e+00  1.000000e+00
    outer loop
      vertex  1.000000e+02  1.732051e+01  8.000000e+01
      vertex  1.203109e+02  1.750000e+01  8.000000e+01
      vertex  9.517638e+01  1.931852e+01  8.000000e+01
    endloop
  endfacet
  facet normal  -0.000000e+00  0.000000e+00  1.000000e+00
    outer loop
      vertex  1.232870e+02  1.081559e+01  8.000000e+01
      vertex  1.073205e+02  1.000000e+01  8.000000e+01
      vertex  1.248083e+02  3.658496e+00  8.000000e+01
    endloop
  endfacet
  facet normal  0.000000e+00  0.000000e+00  1.000000e+00
    outer loop
      vertex  1.248083e+02  3.658496e+00  8.000000e+01
      vertex  1.073205e+02  1.000000e+01  8.000000e+01
      vertex  1.093185e+02  5.176381e+00  8.000000e+01
    endloop
  endfacet
  facet normal  0.000000e+00  0.000000e+00  1.000000e+00
    outer loop
      vertex  1.248083e+02  3.658496e+00  8.000000e+01
      vertex  1.093185e+02  5.176381e+00  8.000000e+01
      vertex  1.248083e+02 -3.658496e+00  8.000000e+01
    endloop
  endfacet
  facet normal  0.000000e+00  0.000000e+00  1.000000e+00
    outer loop
      vertex  1.248083e+02 -3.658496e+00  8.000000e+01
      vertex  1.093185e+02  5.176381e+00  8.000000e+01
      vertex  1.100000e+02 -4.898587e-15  8.000000e+01
    endloop
  endfacet
  facet normal  0.000000e+00  0.000000e+00  1.000000e+00
    outer loop
      vertex  1.248083e+02 -3.658496e+00  8.000000e+01
      vertex  1.100000e+02 -4.898587e-15  8.000000e+01
      vertex  1.093185e+02 -5.176381e+00  8.000000e+01
    endloop
  endfacet
  facet normal  -0.000000e+00  0.000000e+00  1.000000e+00
    outer loop
      vertex  1.248083e+02 -3.658496e+00  8.000000e+01
      vertex  1.093185e+02 -5.176381e+00  8.000000e+01
      vertex  1.232870e+02 -1.081559e+01  8.000000e+01
    endloop
  endfacet
  facet normal  0.000000e+00  0.000000e+00  1.000000e+00
    outer loop
      vertex  1.232870e+02 -1.081559e+01  8.000000e+01
      vertex  1.093185e+02 -5.176381e+00  8.000000e+01
      vertex  1.073205e+02 -1.000000e+01  8.000000e+01
    endloop
  endfacet
  facet normal  0.000000e+00  0.000000e+00  9.999999e-01
    outer loop
      vertex  1.232870e+02 -1.081559e+01  8.000000e+01
      vertex  1.073205e+02 -1.000000e+01  8.000000e+01
      vertex  1.203109e+02 -1.750000e+01  8.000000e+01
    endloop
  endfacet
  facet normal  0.000000e+00  0.000000e+00  1.000000e+00
    outer loop
      vertex  1.203109e+02 -1.750000e+01  8.000000e+01
      vertex  1.073205e+02 -1.000000e+01  8.000000e+01
      vertex  1.041421e+02 -1.414214e+01  8.000000e+01
    endloop
  endfacet
  facet normal  0.000000e+00  0.000000e+00  1.000000e+00
    outer loop
      vertex  1.203109e+02 -1.750000e+01  8.000000e+01
      vertex  1.041421e+02 -1.414214e+01  8.000000e+01
      vertex  1.000000e+02 -1.732051e+01  8.000000e+01
    endloop
  endfacet
  facet normal  0.000000e+00  0.000000e+00  1.000000e+00
    outer loop
      vertex  9.517638e+01 -1.931852e+01  8.000000e+01
      vertex  1.160101e+02 -2.341957e+01  8.000000e+01
      vertex  1.000000e+02 -1.732051e+01  8.000000e+01
    endloop
  endfacet
  facet normal  0.000000e+00  0.000000e+00  1.000000e+00
    outer loop
      vertex  1.000000e+02 -1.732051e+01  8.000000e+01
      vertex  1.160101e+02 -2.341957e+01  8.000000e+01
      vertex  1.203109e+02 -1.750000e+01  8.000000e+01
    endloop
  endfacet
  facet normal  0.000000e+00  1.000000e+00  0.000000e+00
    outer loop
      vertex -9.000000e+01  7.000000e+01  2.000000e+01
      vertex  9.000000e+01  7.000000e+01  2.000000e+01
      vertex -9.000000e+01  7.000000e+01  0.000000e+00
    endloop
  endfacet
  facet normal  0.000000e+00  1.000000e+00  0.000000e+00
    outer loop
      vertex -9.000000e+01  7.000000e+01  0.000000e+00
      vertex  9.000000e+01  7.000000e+01  2.000000e+01
      vertex  9.000000e+01  7.000000e+01  0.000000e+00
    endloop
  endfacet
  facet normal  7.473036e-02  9.972038e-01  0.000000e+00
    outer loop
      vertex  9.000000e+01  7.000000e+01  0.000000e+00
      vertex  9.000000e+01  7.000000e+01  2.000000e+01
      vertex  1.004330e+02  6.921815e+01  0.000000e+00
    endloop
  endfacet
  facet normal  7.473036e-02  9.972038e-01  -0.000000e+00
    outer loop
      vertex  1.004330e+02  6.921815e+01  0.000000e+00
      vertex  9.000000e+01  7.000000e+01  2.000000e+01
      vertex  1.004330e+02  6.921815e+01  2.000000e+01
    endloop
  endfacet
  facet normal  2.225205e-01  9.749281e-01  0.000000e+00
    outer loop
      vertex  1.004330e+02  6.921815e+01  0.000000e+00
      vertex  1.004330e+02  6.921815e+01  2.000000e+01
      vertex  1.106329e+02  6.689010e+01  0.000000e+00
    endloop
  endfacet
  facet normal  2.225205e-01  9.749281e-01  -0.000000e+00
    outer loop
      vertex  1.106329e+02  6.689010e+01  0.000000e+00
      vertex  1.004330e+02  6.921815e+01  2.000000e+01
      vertex  1.106329e+02  6.689010e+01  2.000000e+01
    endloop
  endfacet
  facet normal  3.653412e-01  9.308737e-01  0.000000e+00
    outer loop
      vertex  1.106329e+02  6.689010e+01  0.000000e+00
      vertex  1.106329e+02  6.689010e+01  2.000000e+01
      vertex  1.203719e+02  6.306782e+01  0.000000e+00
    endloop
  endfacet
  facet normal  3.653412e-01  9.308737e-01  -0.000000e+00
    outer loop
      vertex  1.203719e+02  6.306782e+01  0.000000e+00
      vertex  1.106329e+02  6.689010e+01  2.000000e+01
      vertex  1.203719e+02  6.306782e+01  2.000000e+01
    endloop
  endfacet
  facet normal  5.000001e-01  8.660254e-01  0.000000e+00
    outer loop
      vertex  1.203719e+02  6.306782e+01  0.000000e+00
      vertex  1.203719e+02  6.306782e+01  2.000000e+01
      vertex  1.294324e+02  5.783672e+01  0.000000e+00
    endloop
  endfacet
  facet normal  5.000001e-01  8.660254e-01  -0.000000e+00
    outer loop
      vertex  1.294324e+02  5.783672e+01  0.000000e+00
      vertex  1.203719e+02  6.306782e+01  2.000000e+01
      vertex  1.294324e+02  5.783672e+01  2.000000e+01
    endloop
  endfacet
  facet normal  6.234900e-01  7.818313e-01  0.000000e+00
    outer loop
      vertex  1.294324e+02  5.783672e+01  0.000000e+00
      vertex  1.294324e+02  5.783672e+01  2.000000e+01
      vertex  1.376121e+02  5.131363e+01  0.000000e+00
    endloop
  endfacet
  facet normal  6.234900e-01  7.818313e-01  -0.000000e+00
    outer loop
      vertex  1.376121e+02  5.131363e+01  0.000000e+00
      vertex  1.294324e+02  5.783672e+01  2.000000e+01
      vertex  1.376121e+02  5.131363e+01  2.000000e+01
    endloop
  endfacet
  facet normal  7.330514e-01  6.801732e-01  0.000000e+00
    outer loop
      vertex  1.376121e+02  5.131363e+01  0.000000e+00
      vertex  1.376121e+02  5.131363e+01  2.000000e+01
      vertex  1.447282e+02  4.364429e+01  0.000000e+00
    endloop
  endfacet
  facet normal  7.330514e-01  6.801732e-01  -0.000000e+00
    outer loop
      vertex  1.447282e+02  4.364429e+01  0.000000e+00
      vertex  1.376121e+02  5.131363e+01  2.000000e+01
      vertex  1.447282e+02  4.364429e+01  2.000000e+01
    endloop
  endfacet
  facet normal  8.262390e-01  5.633197e-01  0.000000e+00
    outer loop
      vertex  1.447282e+02  4.364429e+01  0.000000e+00
      vertex  1.447282e+02  4.364429e+01  2.000000e+01
      vertex  1.506218e+02  3.500000e+01  0.000000e+00
    endloop
  endfacet
  facet normal  8.262390e-01  5.633197e-01  -0.000000e+00
    outer loop
      vertex  1.506218e+02  3.500000e+01  0.000000e+00
      vertex  1.447282e+02  4.364429e+01  2.000000e+01
      vertex  1.506218e+02  3.500000e+01  2.000000e+01
    endloop
  endfacet
  facet normal  9.009689e-01  4.338836e-01  0.000000e+00
    outer loop
      vertex  1.506218e+02  3.500000e+01  0.000000e+00
      vertex  1.506218e+02  3.500000e+01  2.000000e+01
      vertex  1.551612e+02  2.557387e+01  0.000000e+00
    endloop
  endfacet
  facet normal  9.009689e-01  4.338836e-01  -0.000000e+00
    outer loop
      vertex  1.551612e+02  2.557387e+01  0.000000e+00
      vertex  1.506218e+02  3.500000e+01  2.000000e+01
      vertex  1.551612e+02  2.557387e+01  2.000000e+01
    endloop
  endfacet
  facet normal  9.555730e-01  2.947547e-01  0.000000e+00
    outer loop
      vertex  1.551612e+02  2.557387e+01  0.000000e+00
      vertex  1.551612e+02  2.557387e+01  2.000000e+01
      vertex  1.582449e+02  1.557647e+01  0.000000e+00
    endloop
  endfacet
  facet normal  9.555730e-01  2.947547e-01  -0.000000e+00
    outer loop
      vertex  1.582449e+02  1.557647e+01  0.000000e+00
      vertex  1.551612e+02  2.557387e+01  2.000000e+01
      vertex  1.582449e+02  1.557647e+01  2.000000e+01
    endloop
  endfacet
  facet normal  9.888309e-01  1.490422e-01  0.000000e+00
    outer loop
      vertex  1.582449e+02  1.557647e+01  0.000000e+00
      vertex  1.582449e+02  1.557647e+01  2.000000e+01
      vertex  1.598043e+02  5.231107e+00  0.000000e+00
    endloop
  endfacet
  facet normal  9.888309e-01  1.490422e-01  -0.000000e+00
    outer loop
      vertex  1.598043e+02  5.231107e+00  0.000000e+00
      vertex  1.582449e+02  1.557647e+01  2.000000e+01
      vertex  1.598043e+02  5.231107e+00  2.000000e+01
    endloop
  endfacet
  facet normal  1.000000e+00  0.000000e+00  0.000000e+00
    outer loop
      vertex  1.598043e+02  5.231107e+00  0.000000e+00
      vertex  1.598043e+02  5.231107e+00  2.000000e+01
      vertex  1.598043e+02 -5.231107e+00  0.000000e+00
    endloop
  endfacet
  facet normal  1.000000e+00  0.000000e+00  0.000000e+00
    outer loop
      vertex  1.598043e+02 -5.231107e+00  0.000000e+00
      vertex  1.598043e+02  5.231107e+00  2.000000e+01
      vertex  1.598043e+02 -5.231107e+00  2.000000e+01
    endloop
  endfacet
  facet normal  9.888309e-01 -1.490422e-01  0.000000e+00
    outer loop
      vertex  1.598043e+02 -5.231107e+00  0.000000e+00
      vertex  1.598043e+02 -5.231107e+00  2.000000e+01
      vertex  1.582449e+02 -1.557647e+01  0.000000e+00
    endloop
  endfacet
  facet normal  9.888309e-01 -1.490422e-01  0.000000e+00
    outer loop
      vertex  1.582449e+02 -1.557647e+01  0.000000e+00
      vertex  1.598043e+02 -5.231107e+00  2.000000e+01
      vertex  1.582449e+02 -1.557647e+01  2.000000e+01
    endloop
  endfacet
  facet normal  9.555730e-01 -2.947547e-01  0.000000e+00
    outer loop
      vertex  1.582449e+02 -1.557647e+01  0.000000e+00
      vertex  1.582449e+02 -1.557647e+01  2.000000e+01
      vertex  1.551612e+02 -2.557387e+01  0.000000e+00
    endloop
  endfacet
  facet normal  9.555730e-01 -2.947547e-01  0.000000e+00
    outer loop
      vertex  1.551612e+02 -2.557387e+01  0.000000e+00
      vertex  1.582449e+02 -1.557647e+01  2.000000e+01
      vertex  1.551612e+02 -2.557387e+01  2.000000e+01
    endloop
  endfacet
  facet normal  9.009689e-01 -4.338836e-01  0.000000e+00
    outer loop
      vertex  1.551612e+02 -2.557387e+01  0.000000e+00
      vertex  1.551612e+02 -2.557387e+01  2.000000e+01
      vertex  1.506218e+02 -3.500000e+01  0.000000e+00
    endloop
  endfacet
  facet normal  9.009689e-01 -4.338836e-01  0.000000e+00
    outer loop
      vertex  1.506218e+02 -3.500000e+01  0.000000e+00
      vertex  1.551612e+02 -2.557387e+01  2.000000e+01
      vertex  1.506218e+02 -3.500000e+01  2.000000e+01
    endloop
  endfacet
  facet normal  8.262390e-01 -5.633197e-01  0.000000e+00
    outer loop
      vertex  1.506218e+02 -3.500000e+01  0.000000e+00
      vertex  1.506218e+02 -3.500000e+01  2.000000e+01
      vertex  1.447282e+02 -4.364429e+01  0.000000e+00
    endloop
  endfacet
  facet normal  8.262390e-01 -5.633197e-01  0.000000e+00
    outer loop
      vertex  1.447282e+02 -4.364429e+01  0.000000e+00
      vertex  1.506218e+02 -3.500000e+01  2.000000e+01
      vertex  1.447282e+02 -4.364429e+01  2.000000e+01
    endloop
  endfacet
  facet normal  7.330514e-01 -6.801732e-01  0.000000e+00
    outer loop
      vertex  1.447282e+02 -4.364429e+01  0.000000e+00
      vertex  1.447282e+02 -4.364429e+01  2.000000e+01
      vertex  1.376121e+02 -5.131363e+01  0.000000e+00
    endloop
  endfacet
  facet normal  7.330514e-01 -6.801732e-01  0.000000e+00
    outer loop
      vertex  1.376121e+02 -5.131363e+01  0.000000e+00
      vertex  1.447282e+02 -4.364429e+01  2.000000e+01
      vertex  1.376121e+02 -5.131363e+01  2.000000e+01
    endloop
  endfacet
  facet normal  6.234900e-01 -7.818313e-01  0.000000e+00
    outer loop
      vertex  1.376121e+02 -5.131363e+01  0.000000e+00
      vertex  1.376121e+02 -5.131363e+01  2.000000e+01
      vertex  1.294324e+02 -5.783672e+01  0.000000e+00
    endloop
  endfacet
  facet normal  6.234900e-01 -7.818313e-01  0.000000e+00
    outer loop
      vertex  1.294324e+02 -5.783672e+01  0.000000e+00
      vertex  1.376121e+02 -5.131363e+01  2.000000e+01
      vertex  1.294324e+02 -5.783672e+01  2.000000e+01
    endloop
  endfacet
  facet normal  5.000001e-01 -8.660254e-01  0.000000e+00
    outer loop
      vertex  1.294324e+02 -5.783672e+01  0.000000e+00
      vertex  1.294324e+02 -5.783672e+01  2.000000e+01
      vertex  1.203719e+02 -6.306782e+01  0.000000e+00
    endloop
  endfacet
  facet normal  5.000001e-01 -8.660254e-01  0.000000e+00
    outer loop
      vertex  1.203719e+02 -6.306782e+01  0.000000e+00
      vertex  1.294324e+02 -5.783672e+01  2.000000e+01
      vertex  1.203719e+02 -6.306782e+01  2.000000e+01
    endloop
  endfacet
  facet normal  3.653412e-01 -9.308737e-01  0.000000e+00
    outer loop
      vertex  1.203719e+02 -6.306782e+01  0.000000e+00
      vertex  1.203719e+02 -6.306782e+01  2.000000e+01
      vertex  1.106329e+02 -6.689010e+01  0.000000e+00
    endloop
  endfacet
  facet normal  3.653412e-01 -9.308737e-01  0.000000e+00
    outer loop
      vertex  1.106329e+02 -6.689010e+01  0.000000e+00
      vertex  1.203719e+02 -6.306782e+01  2.000000e+01
      vertex  1.106329e+02 -6.689010e+01  2.000000e+01
    endloop
  endfacet
  facet normal  2.225205e-01 -9.749281e-01  0.000000e+00
    outer loop
      vertex  1.106329e+02 -6.689010e+01  0.000000e+00
      vertex  1.106329e+02 -6.689010e+01  2.000000e+01
      vertex  1.004330e+02 -6.921815e+01  0.000000e+00
    endloop
  endfacet
  facet normal  2.225205e-01 -9.749281e-01  0.000000e+00
    outer loop
      vertex  1.004330e+02 -6.921815e+01  0.000000e+00
      vertex  1.106329e+02 -6.689010e+01  2.000000e+01
      vertex  1.004330e+02 -6.921815e+01  2.000000e+01
    endloop
  endfacet
  facet normal  7.473036e-02 -9.972038e-01  0.000000e+00
    outer loop
      vertex  1.004330e+02 -6.921815e+01  0.000000e+00
      vertex  1.004330e+02 -6.921815e+01  2.000000e+01
      vertex  9.000000e+01 -7.000000e+01  0.000000e+00
    endloop
  endfacet
  facet normal  7.473036e-02 -9.972038e-01  0.000000e+00
    outer loop
      vertex  9.000000e+01 -7.000000e+01  0.000000e+00
      vertex  1.004330e+02 -6.921815e+01  2.000000e+01
      vertex  9.000000e+01 -7.000000e+01  2.000000e+01
    endloop
  endfacet
  facet normal  0.000000e+00 -1.000000e+00  0.000000e+00
    outer loop
      vertex  9.000000e+01 -7.000000e+01  2.000000e+01
      vertex -9.000000e+01 -7.000000e+01  2.000000e+01
      vertex  9.000000e+01 -7.000000e+01  0.000000e+00
    endloop
  endfacet
  facet normal  0.000000e+00 -1.000000e+00  0.000000e+00
    outer loop
      vertex  9.000000e+01 -7.000000e+01  0.000000e+00
      vertex -9.000000e+01 -7.000000e+01  2.000000e+01
      vertex -9.000000e+01 -7.000000e+01  0.000000e+00
    endloop
  endfacet
  facet normal -7.473036e-02 -9.972038e-01  -0.000000e+00
    outer loop
      vertex -9.000000e+01 -7.000000e+01  0.000000e+00
      vertex -9.000000e+01 -7.000000e+01  2.000000e+01
      vertex -1.004330e+02 -6.921815e+01  0.000000e+00
    endloop
  endfacet
  facet normal -7.473036e-02 -9.972038e-01  0.000000e+00
    outer loop
      vertex -1.004330e+02 -6.921815e+01  0.000000e+00
      vertex -9.000000e+01 -7.000000e+01  2.000000e+01
      vertex -1.004330e+02 -6.921815e+01  2.000000e+01
    endloop
  endfacet
  facet normal -2.225205e-01 -9.749281e-01  -0.000000e+00
    outer loop
      vertex -1.004330e+02 -6.921815e+01  0.000000e+00
      vertex -1.004330e+02 -6.921815e+01  2.000000e+01
      vertex -1.106329e+02 -6.689010e+01  0.000000e+00
    endloop
  endfacet
  facet normal -2.225205e-01 -9.749281e-01  0.000000e+00
    outer loop
      vertex -1.106329e+02 -6.689010e+01  0.000000e+00
      vertex -1.004330e+02 -6.921815e+01  2.000000e+01
      vertex -1.106329e+02 -6.689010e+01  2.000000e+01
    endloop
  endfacet
  facet normal -3.653412e-01 -9.308737e-01  -0.000000e+00
    outer loop
      vertex -1.106329e+02 -6.689010e+01  0.000000e+00
      vertex -1.106329e+02 -6.689010e+01  2.000000e+01
      vertex -1.203719e+02 -6.306782e+01  0.000000e+00
    endloop
  endfacet
  facet normal -3.653412e-01 -9.308737e-01  0.000000e+00
    outer loop
      vertex -1.203719e+02 -6.306782e+01  0.000000e+00
      vertex -1.106329e+02 -6.689010e+01  2.000000e+01
      vertex -1.203719e+02 -6.306782e+01  2.000000e+01
    endloop
  endfacet
  facet normal -5.000001e-01 -8.660254e-01  -0.000000e+00
    outer loop
      vertex -1.203719e+02 -6.306782e+01  0.000000e+00
      vertex -1.203719e+02 -6.306782e+01  2.000000e+01
      vertex -1.294324e+02 -5.783672e+01  0.000000e+00
    endloop
  endfacet
  facet normal -5.000001e-01 -8.660254e-01  0.000000e+00
    outer loop
      vertex -1.294324e+02 -5.783672e+01  0.000000e+00
      vertex -1.203719e+02 -6.306782e+01  2.000000e+01
      vertex -1.294324e+02 -5.783672e+01  2.000000e+01
    endloop
  endfacet
  facet normal -6.234900e-01 -7.818313e-01  -0.000000e+00
    outer loop
      vertex -1.294324e+02 -5.783672e+01  0.000000e+00
      vertex -1.294324e+02 -5.783672e+01  2.000000e+01
      vertex -1.376121e+02 -5.131363e+01  0.000000e+00
    endloop
  endfacet
  facet normal -6.234900e-01 -7.818313e-01  0.000000e+00
    outer loop
      vertex -1.376121e+02 -5.131363e+01  0.000000e+00
      vertex -1.294324e+02 -5.783672e+01  2.000000e+01
      vertex -1.376121e+02 -5.131363e+01  2.000000e+01
    endloop
  endfacet
  facet normal -7.330514e-01 -6.801732e-01  -0.000000e+00
    outer loop
      vertex -1.376121e+02 -5.131363e+01  0.000000e+00
      vertex -1.376121e+02 -5.131363e+01  2.000000e+01
      vertex -1.447282e+02 -4.364429e+01  0.000000e+00
    endloop
  endfacet
  facet normal -7.330514e-01 -6.801732e-01  0.000000e+00
    outer loop
      vertex -1.447282e+02 -4.364429e+01  0.000000e+00
      vertex -1.376121e+02 -5.131363e+01  2.000000e+01
      vertex -1.447282e+02 -4.364429e+01  2.000000e+01
    endloop
  endfacet
  facet normal -8.262390e-01 -5.633197e-01  -0.000000e+00
    outer loop
      vertex -1.447282e+02 -4.364429e+01  0.000000e+00
      vertex -1.447282e+02 -4.364429e+01  2.000000e+01
      vertex -1.506218e+02 -3.500000e+01  0.000000e+00
    endloop
  endfacet
  facet normal -8.262390e-01 -5.633197e-01  0.000000e+00
    outer loop
      vertex -1.506218e+02 -3.500000e+01  0.000000e+00
      vertex -1.447282e+02 -4.364429e+01  2.000000e+01
      vertex -1.506218e+02 -3.500000e+01  2.000000e+01
    endloop
  endfacet
  facet normal -9.009689e-01 -4.338836e-01  -0.000000e+00
    outer loop
      vertex -1.506218e+02 -3.500000e+01  0.000000e+00
      vertex -1.506218e+02 -3.500000e+01  2.000000e+01
      vertex -1.551612e+02 -2.557387e+01  0.000000e+00
    endloop
  endfacet
  facet normal -9.009689e-01 -4.338836e-01  0.000000e+00
    outer loop
      vertex -1.551612e+02 -2.557387e+01  0.000000e+00
      vertex -1.506218e+02 -3.500000e+01  2.000000e+01
      vertex -1.551612e+02 -2.557387e+01  2.000000e+01
    endloop
  endfacet
  facet normal -9.555730e-01 -2.947547e-01  -0.000000e+00
    outer loop
      vertex -1.551612e+02 -2.557387e+01  0.000000e+00
      vertex -1.551612e+02 -2.557387e+01  2.000000e+01
      vertex -1.582449e+02 -1.557647e+01  0.000000e+00
    endloop
  endfacet
  facet normal -9.555730e-01 -2.947547e-01  0.000000e+00
    outer loop
      vertex -1.582449e+02 -1.557647e+01  0.000000e+00
      vertex -1.551612e+02 -2.557387e+01  2.000000e+01
      vertex -1.582449e+02 -1.557647e+01  2.000000e+01
    endloop
  endfacet
  facet normal -9.888309e-01 -1.490422e-01  -0.000000e+00
    outer loop
      vertex -1.582449e+02 -1.557647e+01  0.000000e+00
      vertex -1.582449e+02 -1.557647e+01  2.000000e+01
      vertex -1.598043e+02 -5.231107e+00  0.000000e+00
    endloop
  endfacet
  facet normal -9.888309e-01 -1.490422e-01  0.000000e+00
    outer loop
      vertex -1.598043e+02 -5.231107e+00  0.000000e+00
      vertex -1.582449e+02 -1.557647e+01  2.000000e+01
      vertex -1.598043e+02 -5.231107e+00  2.000000e+01
    endloop
  endfacet
  facet normal -1.000000e+00  0.000000e+00  0.000000e+00
    outer loop
      vertex -1.598043e+02 -5.231107e+00  0.000000e+00
      vertex -1.598043e+02 -5.231107e+00  2.000000e+01
      vertex -1.598043e+02  5.231107e+00  0.000000e+00
    endloop
  endfacet
  facet normal -1.000000e+00  0.000000e+00  0.000000e+00
    outer loop
      vertex -1.598043e+02  5.231107e+00  0.000000e+00
      vertex -1.598043e+02 -5.231107e+00  2.000000e+01
      vertex -1.598043e+02  5.231107e+00  2.000000e+01
    endloop
  endfacet
  facet normal -9.888309e-01  1.490422e-01  0.000000e+00
    outer loop
      vertex -1.598043e+02  5.231107e+00  0.000000e+00
      vertex -1.598043e+02  5.231107e+00  2.000000e+01
      vertex -1.582449e+02  1.557647e+01  0.000000e+00
    endloop
  endfacet
  facet normal -9.888309e-01  1.490422e-01  0.000000e+00
    outer loop
      vertex -1.582449e+02  1.557647e+01  0.000000e+00
      vertex -1.598043e+02  5.231107e+00  2.000000e+01
      vertex -1.582449e+02  1.557647e+01  2.000000e+01
    endloop
  endfacet
  facet normal -9.555730e-01  2.947547e-01  0.000000e+00
    outer loop
      vertex -1.582449e+02  1.557647e+01  0.000000e+00
      vertex -1.582449e+02  1.557647e+01  2.000000e+01
      vertex -1.551612e+02  2.557387e+01  0.000000e+00
    endloop
  endfacet
  facet normal -9.555730e-01  2.947547e-01  0.000000e+00
    outer loop
      vertex -1.551612e+02  2.557387e+01  0.000000e+00
      vertex -1.582449e+02  1.557647e+01  2.000000e+01
      vertex -1.551612e+02  2.557387e+01  2.000000e+01
    endloop
  endfacet
  facet normal -9.009689e-01  4.338836e-01  0.000000e+00
    outer loop
      vertex -1.551612e+02  2.557387e+01  0.000000e+00
      vertex -1.551612e+02  2.557387e+01  2.000000e+01
      vertex -1.506218e+02  3.500000e+01  0.000000e+00
    endloop
  endfacet
  facet normal -9.009689e-01  4.338836e-01  0.000000e+00
    outer loop
      vertex -1.506218e+02  3.500000e+01  0.000000e+00
      vertex -1.551612e+02  2.557387e+01  2.000000e+01
      vertex -1.506218e+02  3.500000e+01  2.000000e+01
    endloop
  endfacet
  facet normal -8.262390e-01  5.633197e-01  0.000000e+00
    outer loop
      vertex -1.506218e+02  3.500000e+01  0.000000e+00
      vertex -1.506218e+02  3.500000e+01  2.000000e+01
      vertex -1.447282e+02  4.364429e+01  0.000000e+00
    endloop
  endfacet
  facet normal -8.262390e-01  5.633197e-01  0.000000e+00
    outer loop
      vertex -1.447282e+02  4.364429e+01  0.000000e+00
      vertex -1.506218e+02  3.500000e+01  2.000000e+01
      vertex -1.447282e+02  4.364429e+01  2.000000e+01
    endloop
  endfacet
  facet normal -7.330514e-01  6.801732e-01  0.000000e+00
    outer loop
      vertex -1.447282e+02  4.364429e+01  0.000000e+00
      vertex -1.447282e+02  4.364429e+01  2.000000e+01
      vertex -1.376121e+02  5.131363e+01  0.000000e+00
    endloop
  endfacet
  facet normal -7.330514e-01  6.801732e-01  0.000000e+00
    outer loop
      vertex -1.376121e+02  5.131363e+01  0.000000e+00
      vertex -1.447282e+02  4.364429e+01  2.000000e+01
      vertex -1.376121e+02  5.131363e+01  2.000000e+01
    endloop
  endfacet
  facet normal -6.234900e-01  7.818313e-01  0.000000e+00
    outer loop
      vertex -1.376121e+02  5.131363e+01  0.000000e+00
      vertex -1.376121e+02  5.131363e+01  2.000000e+01
      vertex -1.294324e+02  5.783672e+01  0.000000e+00
    endloop
  endfacet
  facet normal -6.234900e-01  7.818313e-01  0.000000e+00
    outer loop
      vertex -1.294324e+02  5.783672e+01  0.000000e+00
      vertex -1.376121e+02  5.131363e+01  2.000000e+01
      vertex -1.294324e+02  5.783672e+01  2.000000e+01
    endloop
  endfacet
  facet normal -5.000001e-01  8.660254e-01  0.000000e+00
    outer loop
      vertex -1.294324e+02  5.783672e+01  0.000000e+00
      vertex -1.294324e+02  5.783672e+01  2.000000e+01
      vertex -1.203719e+02  6.306782e+01  0.000000e+00
    endloop
  endfacet
  facet normal -5.000001e-01  8.660254e-01  0.000000e+00
    outer loop
      vertex -1.203719e+02  6.306782e+01  0.000000e+00
      vertex -1.294324e+02  5.783672e+01  2.000000e+01
      vertex -1.203719e+02  6.306782e+01  2.000000e+01
    endloop
  endfacet
  facet normal -3.653412e-01  9.308737e-01  0.000000e+00
    outer loop
      vertex -1.203719e+02  6.306782e+01  0.000000e+00
      vertex -1.203719e+02  6.306782e+01  2.000000e+01
      vertex -1.106329e+02  6.689010e+01  0.000000e+00
    endloop
  endfacet
  facet normal -3.653412e-01  9.308737e-01  0.000000e+00
    outer loop
      vertex -1.106329e+02  6.689010e+01  0.000000e+00
      vertex -1.203719e+02  6.306782e+01  2.000000e+01
      vertex -1.106329e+02  6.689010e+01  2.000000e+01
    endloop
  endfacet
  facet normal -2.225205e-01  9.749281e-01  0.000000e+00
    outer loop
      vertex -1.106329e+02  6.689010e+01  0.000000e+00
      vertex -1.106329e+02  6.689010e+01  2.000000e+01
      vertex -1.004330e+02  6.921815e+01  0.000000e+00
    endloop
  endfacet
  facet normal -2.225205e-01  9.749281e-01  0.000000e+00
    outer loop
      vertex -1.004330e+02  6.921815e+01  0.000000e+00
      vertex -1.106329e+02  6.689010e+01  2.000000e+01
      vertex -1.004330e+02  6.921815e+01  2.000000e+01
    endloop
  endfacet
  facet normal -7.473036e-02  9.972038e-01  0.000000e+00
    outer loop
      vertex -1.004330e+02  6.921815e+01  0.000000e+00
      vertex -1.004330e+02  6.921815e+01  2.000000e+01
      vertex -9.000000e+01  7.000000e+01  0.000000e+00
    endloop
  endfacet
  facet normal -7.473036e-02  9.972038e-01  0.000000e+00
    outer loop
      vertex -9.000000e+01  7.000000e+01  0.000000e+00
      vertex -1.004330e+02  6.921815e+01  2.000000e+01
      vertex -9.000000e+01  7.000000e+01  2.000000e+01
    endloop
  endfacet
endsolid CATIA STL
