solid CATIA STL
  facet normal -9.113706e-01  0.000000e+00  4.115867e-01
    outer loop
      vertex -3.000000e+01 -2.000000e+01  1.000000e+02
      vertex -4.400000e+01 -1.000000e+01  6.900000e+01
      vertex -4.400000e+01 -2.000000e+01  6.900000e+01
    endloop
  endfacet
  facet normal -9.113706e-01  0.000000e+00  4.115867e-01
    outer loop
      vertex -4.400000e+01 -1.000000e+01  6.900000e+01
      vertex -3.000000e+01 -2.000000e+01  1.000000e+02
      vertex -4.174194e+01 -1.000000e+01  7.400000e+01
    endloop
  endfacet
  facet normal -9.113706e-01  0.000000e+00  4.115867e-01
    outer loop
      vertex -4.174194e+01 -1.000000e+01  7.400000e+01
      vertex -3.000000e+01 -2.000000e+01  1.000000e+02
      vertex -3.000000e+01  2.000000e+01  1.000000e+02
    endloop
  endfacet
  facet normal -9.113706e-01  0.000000e+00  4.115867e-01
    outer loop
      vertex -4.174194e+01 -1.000000e+01  7.400000e+01
      vertex -3.000000e+01  2.000000e+01  1.000000e+02
      vertex -4.174194e+01  1.000000e+01  7.400000e+01
    endloop
  endfacet
  facet normal -9.113706e-01  2.242970e-08  4.115867e-01
    outer loop
      vertex -4.174194e+01  1.000000e+01  7.400000e+01
      vertex -3.000000e+01  2.000000e+01  1.000000e+02
      vertex -4.400000e+01  2.000000e+01  6.900000e+01
    endloop
  endfacet
  facet normal -9.113706e-01  0.000000e+00  4.115867e-01
    outer loop
      vertex -4.174194e+01  1.000000e+01  7.400000e+01
      vertex -4.400000e+01  2.000000e+01  6.900000e+01
      vertex -4.400000e+01  1.000000e+01  6.900000e+01
    endloop
  endfacet
  facet normal  9.113706e-01  0.000000e+00  4.115867e-01
    outer loop
      vertex  4.400000e+01 -2.000000e+01  6.900000e+01
      vertex  4.400000e+01 -1.000000e+01  6.900000e+01
      vertex  3.000000e+01 -2.000000e+01  1.000000e+02
    endloop
  endfacet
  facet normal  9.113706e-01  0.000000e+00  4.115867e-01
    outer loop
      vertex  3.000000e+01 -2.000000e+01  1.000000e+02
      vertex  4.400000e+01 -1.000000e+01  6.900000e+01
      vertex  4.174194e+01 -1.000000e+01  7.400000e+01
    endloop
  endfacet
  facet normal  9.113706e-01  0.000000e+00  4.115867e-01
    outer loop
      vertex  3.000000e+01 -2.000000e+01  1.000000e+02
      vertex  4.174194e+01 -1.000000e+01  7.400000e+01
      vertex  3.000000e+01  2.000000e+01  1.000000e+02
    endloop
  endfacet
  facet normal  9.113706e-01  0.000000e+00  4.115867e-01
    outer loop
      vertex  3.000000e+01  2.000000e+01  1.000000e+02
      vertex  4.174194e+01 -1.000000e+01  7.400000e+01
      vertex  4.174194e+01  1.000000e+01  7.400000e+01
    endloop
  endfacet
  facet normal  9.113706e-01  2.242970e-08  4.115867e-01
    outer loop
      vertex  3.000000e+01  2.000000e+01  1.000000e+02
      vertex  4.174194e+01  1.000000e+01  7.400000e+01
      vertex  4.400000e+01  2.000000e+01  6.900000e+01
    endloop
  endfacet
  facet normal  9.113706e-01  0.000000e+00  4.115867e-01
    outer loop
      vertex  4.400000e+01  2.000000e+01  6.900000e+01
      vertex  4.174194e+01  1.000000e+01  7.400000e+01
      vertex  4.400000e+01  1.000000e+01  6.900000e+01
    endloop
  endfacet
  facet normal  0.000000e+00  -0.000000e+00  1.000000e+00
    outer loop
      vertex -2.700000e+01  1.000000e+01  1.000000e+02
      vertex -1.900000e+01  0.000000e+00  1.000000e+02
      vertex -1.900000e+01  1.000000e+01  1.000000e+02
    endloop
  endfacet
  facet normal  0.000000e+00  0.000000e+00  9.999999e-01
    outer loop
      vertex -1.900000e+01 -2.000000e+01  1.000000e+02
      vertex -1.900000e+01  0.000000e+00  1.000000e+02
      vertex -3.000000e+01 -2.000000e+01  1.000000e+02
    endloop
  endfacet
  facet normal  0.000000e+00  0.000000e+00  1.000000e+00
    outer loop
      vertex -3.000000e+01 -2.000000e+01  1.000000e+02
      vertex -1.900000e+01  0.000000e+00  1.000000e+02
      vertex -2.700000e+01  1.000000e+01  1.000000e+02
    endloop
  endfacet
  facet normal  0.000000e+00  0.000000e+00  1.000000e+00
    outer loop
      vertex -3.000000e+01 -2.000000e+01  1.000000e+02
      vertex -2.700000e+01  1.000000e+01  1.000000e+02
      vertex -3.000000e+01  2.000000e+01  1.000000e+02
    endloop
  endfacet
  facet normal  -0.000000e+00  0.000000e+00  1.000000e+00
    outer loop
      vertex -3.000000e+01  2.000000e+01  1.000000e+02
      vertex -2.700000e+01  1.000000e+01  1.000000e+02
      vertex -2.700000e+01  2.000000e+01  1.000000e+02
    endloop
  endfacet
  facet normal  0.000000e+00  0.000000e+00  1.000000e+00
    outer loop
      vertex  1.900000e+01  0.000000e+00  1.000000e+02
      vertex  2.700000e+01  1.000000e+01  1.000000e+02
      vertex  1.900000e+01  1.000000e+01  1.000000e+02
    endloop
  endfacet
  facet normal  -0.000000e+00  0.000000e+00  1.000000e+00
    outer loop
      vertex  3.000000e+01  2.000000e+01  1.000000e+02
      vertex  2.700000e+01  2.000000e+01  1.000000e+02
      vertex  3.000000e+01 -2.000000e+01  1.000000e+02
    endloop
  endfacet
  facet normal  0.000000e+00  0.000000e+00  1.000000e+00
    outer loop
      vertex  3.000000e+01 -2.000000e+01  1.000000e+02
      vertex  2.700000e+01  2.000000e+01  1.000000e+02
      vertex  2.700000e+01  1.000000e+01  1.000000e+02
    endloop
  endfacet
  facet normal  0.000000e+00  0.000000e+00  9.999999e-01
    outer loop
      vertex  3.000000e+01 -2.000000e+01  1.000000e+02
      vertex  2.700000e+01  1.000000e+01  1.000000e+02
      vertex  1.900000e+01 -2.000000e+01  1.000000e+02
    endloop
  endfacet
  facet normal  0.000000e+00  0.000000e+00  1.000000e+00
    outer loop
      vertex  1.900000e+01 -2.000000e+01  1.000000e+02
      vertex  2.700000e+01  1.000000e+01  1.000000e+02
      vertex  1.900000e+01  0.000000e+00  1.000000e+02
    endloop
  endfacet
  facet normal  0.000000e+00 -9.999999e-01  0.000000e+00
    outer loop
      vertex  5.000000e+00 -2.000000e+01  1.086603e+02
      vertex  1.711841e+01 -2.000000e+01  1.082438e+02
      vertex  4.226182e+00 -2.000000e+01  1.090631e+02
    endloop
  endfacet
  facet normal  -0.000000e+00 -1.000000e+00  0.000000e+00
    outer loop
      vertex  8.191521e+00 -2.000000e+01  1.057358e+02
      vertex  1.803206e+01 -2.000000e+01  1.059871e+02
      vertex  7.660444e+00 -2.000000e+01  1.064279e+02
    endloop
  endfacet
  facet normal  0.000000e+00 -1.000000e+00  0.000000e+00
    outer loop
      vertex -5.000000e+00 -2.000000e+01  1.086603e+02
      vertex -4.226182e+00 -2.000000e+01  1.090631e+02
      vertex -1.711841e+01 -2.000000e+01  1.082438e+02
    endloop
  endfacet
  facet normal  0.000000e+00 -9.999999e-01  0.000000e+00
    outer loop
      vertex -1.803206e+01 -2.000000e+01  1.059871e+02
      vertex -8.191521e+00 -2.000000e+01  1.057358e+02
      vertex -7.660444e+00 -2.000000e+01  1.064279e+02
    endloop
  endfacet
  facet normal  0.000000e+00 -1.000000e+00  0.000000e+00
    outer loop
      vertex -3.800000e+01 -2.000000e+01  6.400000e+01
      vertex -3.800000e+01 -2.000000e+01  0.000000e+00
      vertex -1.800000e+01 -2.000000e+01  0.000000e+00
    endloop
  endfacet
  facet normal  0.000000e+00 -1.000000e+00  0.000000e+00
    outer loop
      vertex -3.800000e+01 -2.000000e+01  6.400000e+01
      vertex -1.800000e+01 -2.000000e+01  0.000000e+00
      vertex -1.800000e+01 -2.000000e+01  2.000000e+01
    endloop
  endfacet
  facet normal  0.000000e+00 -1.000000e+00  0.000000e+00
    outer loop
      vertex -3.800000e+01 -2.000000e+01  6.400000e+01
      vertex -1.800000e+01 -2.000000e+01  2.000000e+01
      vertex  1.800000e+01 -2.000000e+01  2.000000e+01
    endloop
  endfacet
  facet normal  0.000000e+00 -1.000000e+00  0.000000e+00
    outer loop
      vertex -3.800000e+01 -2.000000e+01  6.400000e+01
      vertex  1.800000e+01 -2.000000e+01  2.000000e+01
      vertex  1.836970e-15 -2.000000e+01  9.000000e+01
    endloop
  endfacet
  facet normal  0.000000e+00 -1.000000e+00  0.000000e+00
    outer loop
      vertex -3.800000e+01 -2.000000e+01  6.400000e+01
      vertex  1.836970e-15 -2.000000e+01  9.000000e+01
      vertex -4.400000e+01 -2.000000e+01  6.900000e+01
    endloop
  endfacet
  facet normal  0.000000e+00 -1.000000e+00  0.000000e+00
    outer loop
      vertex -3.800000e+01 -2.000000e+01  6.400000e+01
      vertex -4.400000e+01 -2.000000e+01  6.900000e+01
      vertex -4.400000e+01 -2.000000e+01  6.400000e+01
    endloop
  endfacet
  facet normal  -0.000000e+00 -1.000000e+00  -0.000000e+00
    outer loop
      vertex  4.400000e+01 -2.000000e+01  6.900000e+01
      vertex  3.000000e+01 -2.000000e+01  1.000000e+02
      vertex  1.900000e+01 -2.000000e+01  1.000000e+02
    endloop
  endfacet
  facet normal  0.000000e+00 -1.000000e+00  -0.000000e+00
    outer loop
      vertex  4.400000e+01 -2.000000e+01  6.900000e+01
      vertex  1.900000e+01 -2.000000e+01  1.000000e+02
      vertex  9.961947e+00 -2.000000e+01  9.912844e+01
    endloop
  endfacet
  facet normal  0.000000e+00 -1.000000e+00  -0.000000e+00
    outer loop
      vertex  4.400000e+01 -2.000000e+01  6.900000e+01
      vertex  9.961947e+00 -2.000000e+01  9.912844e+01
      vertex  9.848078e+00 -2.000000e+01  9.826352e+01
    endloop
  endfacet
  facet normal  0.000000e+00 -1.000000e+00  -0.000000e+00
    outer loop
      vertex  4.400000e+01 -2.000000e+01  6.900000e+01
      vertex  9.848078e+00 -2.000000e+01  9.826352e+01
      vertex  9.659258e+00 -2.000000e+01  9.741181e+01
    endloop
  endfacet
  facet normal  0.000000e+00 -9.999999e-01  -0.000000e+00
    outer loop
      vertex  4.400000e+01 -2.000000e+01  6.900000e+01
      vertex  9.659258e+00 -2.000000e+01  9.741181e+01
      vertex  9.396926e+00 -2.000000e+01  9.657980e+01
    endloop
  endfacet
  facet normal  0.000000e+00 -1.000000e+00  -0.000000e+00
    outer loop
      vertex  4.400000e+01 -2.000000e+01  6.900000e+01
      vertex  9.396926e+00 -2.000000e+01  9.657980e+01
      vertex  9.063078e+00 -2.000000e+01  9.577382e+01
    endloop
  endfacet
  facet normal  0.000000e+00 -1.000000e+00  -0.000000e+00
    outer loop
      vertex  4.400000e+01 -2.000000e+01  6.900000e+01
      vertex  9.063078e+00 -2.000000e+01  9.577382e+01
      vertex  8.660254e+00 -2.000000e+01  9.500000e+01
    endloop
  endfacet
  facet normal  0.000000e+00 -1.000000e+00  -0.000000e+00
    outer loop
      vertex  4.400000e+01 -2.000000e+01  6.900000e+01
      vertex  8.660254e+00 -2.000000e+01  9.500000e+01
      vertex  8.191521e+00 -2.000000e+01  9.426424e+01
    endloop
  endfacet
  facet normal  0.000000e+00 -1.000000e+00  -0.000000e+00
    outer loop
      vertex  4.400000e+01 -2.000000e+01  6.900000e+01
      vertex  8.191521e+00 -2.000000e+01  9.426424e+01
      vertex  7.660444e+00 -2.000000e+01  9.357212e+01
    endloop
  endfacet
  facet normal  0.000000e+00 -1.000000e+00  -0.000000e+00
    outer loop
      vertex  4.400000e+01 -2.000000e+01  6.900000e+01
      vertex  7.660444e+00 -2.000000e+01  9.357212e+01
      vertex  7.071068e+00 -2.000000e+01  9.292893e+01
    endloop
  endfacet
  facet normal  0.000000e+00 -1.000000e+00  -0.000000e+00
    outer loop
      vertex  4.400000e+01 -2.000000e+01  6.900000e+01
      vertex  7.071068e+00 -2.000000e+01  9.292893e+01
      vertex  6.427876e+00 -2.000000e+01  9.233955e+01
    endloop
  endfacet
  facet normal  0.000000e+00 -1.000000e+00  -0.000000e+00
    outer loop
      vertex  4.400000e+01 -2.000000e+01  6.900000e+01
      vertex  6.427876e+00 -2.000000e+01  9.233955e+01
      vertex  5.735765e+00 -2.000000e+01  9.180848e+01
    endloop
  endfacet
  facet normal  0.000000e+00 -1.000000e+00  -0.000000e+00
    outer loop
      vertex  4.400000e+01 -2.000000e+01  6.900000e+01
      vertex  5.735765e+00 -2.000000e+01  9.180848e+01
      vertex  5.000000e+00 -2.000000e+01  9.133974e+01
    endloop
  endfacet
  facet normal  0.000000e+00 -1.000000e+00  -0.000000e+00
    outer loop
      vertex  4.400000e+01 -2.000000e+01  6.900000e+01
      vertex  5.000000e+00 -2.000000e+01  9.133974e+01
      vertex  4.226182e+00 -2.000000e+01  9.093692e+01
    endloop
  endfacet
  facet normal  0.000000e+00 -1.000000e+00  -0.000000e+00
    outer loop
      vertex  4.400000e+01 -2.000000e+01  6.900000e+01
      vertex  4.226182e+00 -2.000000e+01  9.093692e+01
      vertex  3.420202e+00 -2.000000e+01  9.060307e+01
    endloop
  endfacet
  facet normal  0.000000e+00 -9.999999e-01  -0.000000e+00
    outer loop
      vertex  4.400000e+01 -2.000000e+01  6.900000e+01
      vertex  3.420202e+00 -2.000000e+01  9.060307e+01
      vertex  2.588191e+00 -2.000000e+01  9.034074e+01
    endloop
  endfacet
  facet normal  0.000000e+00 -1.000000e+00  -0.000000e+00
    outer loop
      vertex  4.400000e+01 -2.000000e+01  6.900000e+01
      vertex  2.588191e+00 -2.000000e+01  9.034074e+01
      vertex  1.736482e+00 -2.000000e+01  9.015192e+01
    endloop
  endfacet
  facet normal  0.000000e+00 -1.000000e+00  -0.000000e+00
    outer loop
      vertex  4.400000e+01 -2.000000e+01  6.900000e+01
      vertex  1.736482e+00 -2.000000e+01  9.015192e+01
      vertex  8.715574e-01 -2.000000e+01  9.003806e+01
    endloop
  endfacet
  facet normal  0.000000e+00 -1.000000e+00  -0.000000e+00
    outer loop
      vertex  4.400000e+01 -2.000000e+01  6.900000e+01
      vertex  8.715574e-01 -2.000000e+01  9.003806e+01
      vertex  1.836970e-15 -2.000000e+01  9.000000e+01
    endloop
  endfacet
  facet normal  0.000000e+00 -1.000000e+00  0.000000e+00
    outer loop
      vertex  4.400000e+01 -2.000000e+01  6.900000e+01
      vertex  1.836970e-15 -2.000000e+01  9.000000e+01
      vertex  3.800000e+01 -2.000000e+01  6.400000e+01
    endloop
  endfacet
  facet normal  0.000000e+00 -1.000000e+00  0.000000e+00
    outer loop
      vertex  4.400000e+01 -2.000000e+01  6.900000e+01
      vertex  3.800000e+01 -2.000000e+01  6.400000e+01
      vertex  4.400000e+01 -2.000000e+01  6.400000e+01
    endloop
  endfacet
  facet normal  0.000000e+00 -1.000000e+00  0.000000e+00
    outer loop
      vertex -6.123234e-16 -2.000000e+01  1.100000e+02
      vertex  8.715574e-01 -2.000000e+01  1.099619e+02
      vertex  1.592367e+01 -2.000000e+01  1.103652e+02
    endloop
  endfacet
  facet normal  -0.000000e+00 -1.000000e+00  0.000000e+00
    outer loop
      vertex -6.123234e-16 -2.000000e+01  1.100000e+02
      vertex  1.592367e+01 -2.000000e+01  1.103652e+02
      vertex  1.522686e+01 -2.000000e+01  1.113641e+02
    endloop
  endfacet
  facet normal  -0.000000e+00 -9.999999e-01  0.000000e+00
    outer loop
      vertex -6.123234e-16 -2.000000e+01  1.100000e+02
      vertex  1.522686e+01 -2.000000e+01  1.113641e+02
      vertex  1.446747e+01 -2.000000e+01  1.123163e+02
    endloop
  endfacet
  facet normal  -0.000000e+00 -1.000000e+00  0.000000e+00
    outer loop
      vertex -6.123234e-16 -2.000000e+01  1.100000e+02
      vertex  1.446747e+01 -2.000000e+01  1.123163e+02
      vertex  1.364864e+01 -2.000000e+01  1.132180e+02
    endloop
  endfacet
  facet normal  -0.000000e+00 -1.000000e+00  0.000000e+00
    outer loop
      vertex -6.123234e-16 -2.000000e+01  1.100000e+02
      vertex  1.364864e+01 -2.000000e+01  1.132180e+02
      vertex  1.277372e+01 -2.000000e+01  1.140653e+02
    endloop
  endfacet
  facet normal  -0.000000e+00 -1.000000e+00  0.000000e+00
    outer loop
      vertex -6.123234e-16 -2.000000e+01  1.100000e+02
      vertex  1.277372e+01 -2.000000e+01  1.140653e+02
      vertex  1.184631e+01 -2.000000e+01  1.148548e+02
    endloop
  endfacet
  facet normal  -0.000000e+00 -1.000000e+00  0.000000e+00
    outer loop
      vertex -6.123234e-16 -2.000000e+01  1.100000e+02
      vertex  1.184631e+01 -2.000000e+01  1.148548e+02
      vertex  1.087022e+01 -2.000000e+01  1.155833e+02
    endloop
  endfacet
  facet normal  -0.000000e+00 -1.000000e+00  0.000000e+00
    outer loop
      vertex -6.123234e-16 -2.000000e+01  1.100000e+02
      vertex  1.087022e+01 -2.000000e+01  1.155833e+02
      vertex  9.849459e+00 -2.000000e+01  1.162477e+02
    endloop
  endfacet
  facet normal  -0.000000e+00 -1.000000e+00  0.000000e+00
    outer loop
      vertex -6.123234e-16 -2.000000e+01  1.100000e+02
      vertex  9.849459e+00 -2.000000e+01  1.162477e+02
      vertex  8.788227e+00 -2.000000e+01  1.168454e+02
    endloop
  endfacet
  facet normal  -0.000000e+00 -1.000000e+00  0.000000e+00
    outer loop
      vertex -6.123234e-16 -2.000000e+01  1.100000e+02
      vertex  8.788227e+00 -2.000000e+01  1.168454e+02
      vertex  7.690884e+00 -2.000000e+01  1.173738e+02
    endloop
  endfacet
  facet normal  -0.000000e+00 -1.000000e+00  0.000000e+00
    outer loop
      vertex -6.123234e-16 -2.000000e+01  1.100000e+02
      vertex  7.690884e+00 -2.000000e+01  1.173738e+02
      vertex  6.561936e+00 -2.000000e+01  1.178309e+02
    endloop
  endfacet
  facet normal  -0.000000e+00 -1.000000e+00  0.000000e+00
    outer loop
      vertex -6.123234e-16 -2.000000e+01  1.100000e+02
      vertex  6.561936e+00 -2.000000e+01  1.178309e+02
      vertex  5.406024e+00 -2.000000e+01  1.182147e+02
    endloop
  endfacet
  facet normal  -0.000000e+00 -9.999999e-01  0.000000e+00
    outer loop
      vertex -6.123234e-16 -2.000000e+01  1.100000e+02
      vertex  5.406024e+00 -2.000000e+01  1.182147e+02
      vertex  4.227898e+00 -2.000000e+01  1.185236e+02
    endloop
  endfacet
  facet normal  -0.000000e+00 -1.000000e+00  0.000000e+00
    outer loop
      vertex -6.123234e-16 -2.000000e+01  1.100000e+02
      vertex  4.227898e+00 -2.000000e+01  1.185236e+02
      vertex  3.032398e+00 -2.000000e+01  1.187565e+02
    endloop
  endfacet
  facet normal  -0.000000e+00 -1.000000e+00  0.000000e+00
    outer loop
      vertex -6.123234e-16 -2.000000e+01  1.100000e+02
      vertex  3.032398e+00 -2.000000e+01  1.187565e+02
      vertex  1.824437e+00 -2.000000e+01  1.189122e+02
    endloop
  endfacet
  facet normal  -0.000000e+00 -1.000000e+00  0.000000e+00
    outer loop
      vertex -6.123234e-16 -2.000000e+01  1.100000e+02
      vertex  1.824437e+00 -2.000000e+01  1.189122e+02
      vertex  6.089800e-01 -2.000000e+01  1.189902e+02
    endloop
  endfacet
  facet normal  -0.000000e+00 -1.000000e+00  0.000000e+00
    outer loop
      vertex -6.123234e-16 -2.000000e+01  1.100000e+02
      vertex  6.089800e-01 -2.000000e+01  1.189902e+02
      vertex -6.089800e-01 -2.000000e+01  1.189902e+02
    endloop
  endfacet
  facet normal  0.000000e+00 -1.000000e+00  -0.000000e+00
    outer loop
      vertex -6.123234e-16 -2.000000e+01  1.100000e+02
      vertex -6.089800e-01 -2.000000e+01  1.189902e+02
      vertex -1.824437e+00 -2.000000e+01  1.189122e+02
    endloop
  endfacet
  facet normal  0.000000e+00 -1.000000e+00  -0.000000e+00
    outer loop
      vertex -6.123234e-16 -2.000000e+01  1.100000e+02
      vertex -1.824437e+00 -2.000000e+01  1.189122e+02
      vertex -3.032398e+00 -2.000000e+01  1.187565e+02
    endloop
  endfacet
  facet normal  0.000000e+00 -1.000000e+00  -0.000000e+00
    outer loop
      vertex -6.123234e-16 -2.000000e+01  1.100000e+02
      vertex -3.032398e+00 -2.000000e+01  1.187565e+02
      vertex -4.227898e+00 -2.000000e+01  1.185236e+02
    endloop
  endfacet
  facet normal  0.000000e+00 -9.999999e-01  -0.000000e+00
    outer loop
      vertex -6.123234e-16 -2.000000e+01  1.100000e+02
      vertex -4.227898e+00 -2.000000e+01  1.185236e+02
      vertex -5.406024e+00 -2.000000e+01  1.182147e+02
    endloop
  endfacet
  facet normal  0.000000e+00 -1.000000e+00  -0.000000e+00
    outer loop
      vertex -6.123234e-16 -2.000000e+01  1.100000e+02
      vertex -5.406024e+00 -2.000000e+01  1.182147e+02
      vertex -6.561936e+00 -2.000000e+01  1.178309e+02
    endloop
  endfacet
  facet normal  0.000000e+00 -1.000000e+00  -0.000000e+00
    outer loop
      vertex -6.123234e-16 -2.000000e+01  1.100000e+02
      vertex -6.561936e+00 -2.000000e+01  1.178309e+02
      vertex -7.690884e+00 -2.000000e+01  1.173738e+02
    endloop
  endfacet
  facet normal  0.000000e+00 -1.000000e+00  -0.000000e+00
    outer loop
      vertex -6.123234e-16 -2.000000e+01  1.100000e+02
      vertex -7.690884e+00 -2.000000e+01  1.173738e+02
      vertex -8.788227e+00 -2.000000e+01  1.168454e+02
    endloop
  endfacet
  facet normal  0.000000e+00 -1.000000e+00  -0.000000e+00
    outer loop
      vertex -6.123234e-16 -2.000000e+01  1.100000e+02
      vertex -8.788227e+00 -2.000000e+01  1.168454e+02
      vertex -9.849459e+00 -2.000000e+01  1.162477e+02
    endloop
  endfacet
  facet normal  0.000000e+00 -1.000000e+00  -0.000000e+00
    outer loop
      vertex -6.123234e-16 -2.000000e+01  1.100000e+02
      vertex -9.849459e+00 -2.000000e+01  1.162477e+02
      vertex -1.087022e+01 -2.000000e+01  1.155833e+02
    endloop
  endfacet
  facet normal  0.000000e+00 -1.000000e+00  -0.000000e+00
    outer loop
      vertex -6.123234e-16 -2.000000e+01  1.100000e+02
      vertex -1.087022e+01 -2.000000e+01  1.155833e+02
      vertex -1.184631e+01 -2.000000e+01  1.148548e+02
    endloop
  endfacet
  facet normal  0.000000e+00 -1.000000e+00  -0.000000e+00
    outer loop
      vertex -6.123234e-16 -2.000000e+01  1.100000e+02
      vertex -1.184631e+01 -2.000000e+01  1.148548e+02
      vertex -1.277372e+01 -2.000000e+01  1.140653e+02
    endloop
  endfacet
  facet normal  0.000000e+00 -1.000000e+00  -0.000000e+00
    outer loop
      vertex -6.123234e-16 -2.000000e+01  1.100000e+02
      vertex -1.277372e+01 -2.000000e+01  1.140653e+02
      vertex -1.364864e+01 -2.000000e+01  1.132180e+02
    endloop
  endfacet
  facet normal  0.000000e+00 -1.000000e+00  -0.000000e+00
    outer loop
      vertex -6.123234e-16 -2.000000e+01  1.100000e+02
      vertex -1.364864e+01 -2.000000e+01  1.132180e+02
      vertex -1.446747e+01 -2.000000e+01  1.123163e+02
    endloop
  endfacet
  facet normal  0.000000e+00 -1.000000e+00  -0.000000e+00
    outer loop
      vertex -6.123234e-16 -2.000000e+01  1.100000e+02
      vertex -1.446747e+01 -2.000000e+01  1.123163e+02
      vertex -1.522686e+01 -2.000000e+01  1.113641e+02
    endloop
  endfacet
  facet normal  0.000000e+00 -1.000000e+00  -0.000000e+00
    outer loop
      vertex -6.123234e-16 -2.000000e+01  1.100000e+02
      vertex -1.522686e+01 -2.000000e+01  1.113641e+02
      vertex -1.592367e+01 -2.000000e+01  1.103652e+02
    endloop
  endfacet
  facet normal  0.000000e+00 -1.000000e+00  0.000000e+00
    outer loop
      vertex -6.123234e-16 -2.000000e+01  1.100000e+02
      vertex -1.592367e+01 -2.000000e+01  1.103652e+02
      vertex -8.715574e-01 -2.000000e+01  1.099619e+02
    endloop
  endfacet
  facet normal  0.000000e+00 -1.000000e+00  -0.000000e+00
    outer loop
      vertex  1.655506e+01 -2.000000e+01  1.093236e+02
      vertex  1.592367e+01 -2.000000e+01  1.103652e+02
      vertex  8.715574e-01 -2.000000e+01  1.099619e+02
    endloop
  endfacet
  facet normal  0.000000e+00 -1.000000e+00  0.000000e+00
    outer loop
      vertex  1.655506e+01 -2.000000e+01  1.093236e+02
      vertex  8.715574e-01 -2.000000e+01  1.099619e+02
      vertex  1.736482e+00 -2.000000e+01  1.098481e+02
    endloop
  endfacet
  facet normal  0.000000e+00 -1.000000e+00  0.000000e+00
    outer loop
      vertex  1.655506e+01 -2.000000e+01  1.093236e+02
      vertex  1.736482e+00 -2.000000e+01  1.098481e+02
      vertex  2.588191e+00 -2.000000e+01  1.096593e+02
    endloop
  endfacet
  facet normal  0.000000e+00 -1.000000e+00  0.000000e+00
    outer loop
      vertex  1.655506e+01 -2.000000e+01  1.093236e+02
      vertex  2.588191e+00 -2.000000e+01  1.096593e+02
      vertex  3.420202e+00 -2.000000e+01  1.093969e+02
    endloop
  endfacet
  facet normal  0.000000e+00 -1.000000e+00  0.000000e+00
    outer loop
      vertex  1.655506e+01 -2.000000e+01  1.093236e+02
      vertex  3.420202e+00 -2.000000e+01  1.093969e+02
      vertex  4.226182e+00 -2.000000e+01  1.090631e+02
    endloop
  endfacet
  facet normal  0.000000e+00 -1.000000e+00  0.000000e+00
    outer loop
      vertex  1.655506e+01 -2.000000e+01  1.093236e+02
      vertex  4.226182e+00 -2.000000e+01  1.090631e+02
      vertex  1.711841e+01 -2.000000e+01  1.082438e+02
    endloop
  endfacet
  facet normal  0.000000e+00 -1.000000e+00  0.000000e+00
    outer loop
      vertex -1.655506e+01 -2.000000e+01  1.093236e+02
      vertex -1.711841e+01 -2.000000e+01  1.082438e+02
      vertex -4.226182e+00 -2.000000e+01  1.090631e+02
    endloop
  endfacet
  facet normal  0.000000e+00 -1.000000e+00  0.000000e+00
    outer loop
      vertex -1.655506e+01 -2.000000e+01  1.093236e+02
      vertex -4.226182e+00 -2.000000e+01  1.090631e+02
      vertex -3.420202e+00 -2.000000e+01  1.093969e+02
    endloop
  endfacet
  facet normal  -0.000000e+00 -1.000000e+00  0.000000e+00
    outer loop
      vertex -1.655506e+01 -2.000000e+01  1.093236e+02
      vertex -3.420202e+00 -2.000000e+01  1.093969e+02
      vertex -2.588191e+00 -2.000000e+01  1.096593e+02
    endloop
  endfacet
  facet normal  -0.000000e+00 -1.000000e+00  0.000000e+00
    outer loop
      vertex -1.655506e+01 -2.000000e+01  1.093236e+02
      vertex -2.588191e+00 -2.000000e+01  1.096593e+02
      vertex -1.736482e+00 -2.000000e+01  1.098481e+02
    endloop
  endfacet
  facet normal  -0.000000e+00 -1.000000e+00  0.000000e+00
    outer loop
      vertex -1.655506e+01 -2.000000e+01  1.093236e+02
      vertex -1.736482e+00 -2.000000e+01  1.098481e+02
      vertex -8.715574e-01 -2.000000e+01  1.099619e+02
    endloop
  endfacet
  facet normal  -0.000000e+00 -1.000000e+00  0.000000e+00
    outer loop
      vertex -1.655506e+01 -2.000000e+01  1.093236e+02
      vertex -8.715574e-01 -2.000000e+01  1.099619e+02
      vertex -1.592367e+01 -2.000000e+01  1.103652e+02
    endloop
  endfacet
  facet normal  -0.000000e+00 -1.000000e+00  0.000000e+00
    outer loop
      vertex -4.400000e+01 -2.000000e+01  6.900000e+01
      vertex  1.836970e-15 -2.000000e+01  9.000000e+01
      vertex -8.715574e-01 -2.000000e+01  9.003806e+01
    endloop
  endfacet
  facet normal  -0.000000e+00 -1.000000e+00  0.000000e+00
    outer loop
      vertex -4.400000e+01 -2.000000e+01  6.900000e+01
      vertex -8.715574e-01 -2.000000e+01  9.003806e+01
      vertex -1.736482e+00 -2.000000e+01  9.015192e+01
    endloop
  endfacet
  facet normal  -0.000000e+00 -1.000000e+00  0.000000e+00
    outer loop
      vertex -4.400000e+01 -2.000000e+01  6.900000e+01
      vertex -1.736482e+00 -2.000000e+01  9.015192e+01
      vertex -2.588191e+00 -2.000000e+01  9.034074e+01
    endloop
  endfacet
  facet normal  -0.000000e+00 -9.999999e-01  0.000000e+00
    outer loop
      vertex -4.400000e+01 -2.000000e+01  6.900000e+01
      vertex -2.588191e+00 -2.000000e+01  9.034074e+01
      vertex -3.420202e+00 -2.000000e+01  9.060307e+01
    endloop
  endfacet
  facet normal  -0.000000e+00 -1.000000e+00  0.000000e+00
    outer loop
      vertex -4.400000e+01 -2.000000e+01  6.900000e+01
      vertex -3.420202e+00 -2.000000e+01  9.060307e+01
      vertex -4.226182e+00 -2.000000e+01  9.093692e+01
    endloop
  endfacet
  facet normal  -0.000000e+00 -1.000000e+00  0.000000e+00
    outer loop
      vertex -4.400000e+01 -2.000000e+01  6.900000e+01
      vertex -4.226182e+00 -2.000000e+01  9.093692e+01
      vertex -5.000000e+00 -2.000000e+01  9.133974e+01
    endloop
  endfacet
  facet normal  -0.000000e+00 -1.000000e+00  0.000000e+00
    outer loop
      vertex -4.400000e+01 -2.000000e+01  6.900000e+01
      vertex -5.000000e+00 -2.000000e+01  9.133974e+01
      vertex -5.735765e+00 -2.000000e+01  9.180848e+01
    endloop
  endfacet
  facet normal  -0.000000e+00 -1.000000e+00  0.000000e+00
    outer loop
      vertex -4.400000e+01 -2.000000e+01  6.900000e+01
      vertex -5.735765e+00 -2.000000e+01  9.180848e+01
      vertex -6.427876e+00 -2.000000e+01  9.233955e+01
    endloop
  endfacet
  facet normal  -0.000000e+00 -1.000000e+00  0.000000e+00
    outer loop
      vertex -4.400000e+01 -2.000000e+01  6.900000e+01
      vertex -6.427876e+00 -2.000000e+01  9.233955e+01
      vertex -7.071068e+00 -2.000000e+01  9.292893e+01
    endloop
  endfacet
  facet normal  -0.000000e+00 -1.000000e+00  0.000000e+00
    outer loop
      vertex -4.400000e+01 -2.000000e+01  6.900000e+01
      vertex -7.071068e+00 -2.000000e+01  9.292893e+01
      vertex -7.660444e+00 -2.000000e+01  9.357212e+01
    endloop
  endfacet
  facet normal  -0.000000e+00 -1.000000e+00  0.000000e+00
    outer loop
      vertex -4.400000e+01 -2.000000e+01  6.900000e+01
      vertex -7.660444e+00 -2.000000e+01  9.357212e+01
      vertex -8.191521e+00 -2.000000e+01  9.426424e+01
    endloop
  endfacet
  facet normal  -0.000000e+00 -1.000000e+00  0.000000e+00
    outer loop
      vertex -4.400000e+01 -2.000000e+01  6.900000e+01
      vertex -8.191521e+00 -2.000000e+01  9.426424e+01
      vertex -8.660254e+00 -2.000000e+01  9.500000e+01
    endloop
  endfacet
  facet normal  -0.000000e+00 -1.000000e+00  0.000000e+00
    outer loop
      vertex -4.400000e+01 -2.000000e+01  6.900000e+01
      vertex -8.660254e+00 -2.000000e+01  9.500000e+01
      vertex -9.063078e+00 -2.000000e+01  9.577382e+01
    endloop
  endfacet
  facet normal  -0.000000e+00 -1.000000e+00  0.000000e+00
    outer loop
      vertex -4.400000e+01 -2.000000e+01  6.900000e+01
      vertex -9.063078e+00 -2.000000e+01  9.577382e+01
      vertex -9.396926e+00 -2.000000e+01  9.657980e+01
    endloop
  endfacet
  facet normal  -0.000000e+00 -1.000000e+00  0.000000e+00
    outer loop
      vertex -4.400000e+01 -2.000000e+01  6.900000e+01
      vertex -9.396926e+00 -2.000000e+01  9.657980e+01
      vertex -9.659258e+00 -2.000000e+01  9.741181e+01
    endloop
  endfacet
  facet normal  -0.000000e+00 -1.000000e+00  0.000000e+00
    outer loop
      vertex -4.400000e+01 -2.000000e+01  6.900000e+01
      vertex -9.659258e+00 -2.000000e+01  9.741181e+01
      vertex -9.848078e+00 -2.000000e+01  9.826352e+01
    endloop
  endfacet
  facet normal  -0.000000e+00 -1.000000e+00  0.000000e+00
    outer loop
      vertex -4.400000e+01 -2.000000e+01  6.900000e+01
      vertex -9.848078e+00 -2.000000e+01  9.826352e+01
      vertex -9.961947e+00 -2.000000e+01  9.912844e+01
    endloop
  endfacet
  facet normal  -0.000000e+00 -1.000000e+00  0.000000e+00
    outer loop
      vertex -4.400000e+01 -2.000000e+01  6.900000e+01
      vertex -9.961947e+00 -2.000000e+01  9.912844e+01
      vertex -1.900000e+01 -2.000000e+01  1.000000e+02
    endloop
  endfacet
  facet normal  -0.000000e+00 -1.000000e+00  0.000000e+00
    outer loop
      vertex -4.400000e+01 -2.000000e+01  6.900000e+01
      vertex -1.900000e+01 -2.000000e+01  1.000000e+02
      vertex -3.000000e+01 -2.000000e+01  1.000000e+02
    endloop
  endfacet
  facet normal  0.000000e+00 -1.000000e+00  0.000000e+00
    outer loop
      vertex  5.000000e+00 -2.000000e+01  1.086603e+02
      vertex  5.735765e+00 -2.000000e+01  1.081915e+02
      vertex  1.711841e+01 -2.000000e+01  1.082438e+02
    endloop
  endfacet
  facet normal  0.000000e+00 -1.000000e+00  0.000000e+00
    outer loop
      vertex  1.711841e+01 -2.000000e+01  1.082438e+02
      vertex  5.735765e+00 -2.000000e+01  1.081915e+02
      vertex  6.427876e+00 -2.000000e+01  1.076604e+02
    endloop
  endfacet
  facet normal  0.000000e+00 -1.000000e+00  0.000000e+00
    outer loop
      vertex  1.711841e+01 -2.000000e+01  1.082438e+02
      vertex  6.427876e+00 -2.000000e+01  1.076604e+02
      vertex  1.761142e+01 -2.000000e+01  1.071301e+02
    endloop
  endfacet
  facet normal  0.000000e+00 -9.999999e-01  0.000000e+00
    outer loop
      vertex  6.427876e+00 -2.000000e+01  1.076604e+02
      vertex  7.071068e+00 -2.000000e+01  1.070711e+02
      vertex  1.761142e+01 -2.000000e+01  1.071301e+02
    endloop
  endfacet
  facet normal  0.000000e+00 -1.000000e+00  0.000000e+00
    outer loop
      vertex  1.761142e+01 -2.000000e+01  1.071301e+02
      vertex  7.071068e+00 -2.000000e+01  1.070711e+02
      vertex  7.660444e+00 -2.000000e+01  1.064279e+02
    endloop
  endfacet
  facet normal  0.000000e+00 -1.000000e+00  0.000000e+00
    outer loop
      vertex  1.761142e+01 -2.000000e+01  1.071301e+02
      vertex  7.660444e+00 -2.000000e+01  1.064279e+02
      vertex  1.803206e+01 -2.000000e+01  1.059871e+02
    endloop
  endfacet
  facet normal  -0.000000e+00 -1.000000e+00  0.000000e+00
    outer loop
      vertex  9.396926e+00 -2.000000e+01  1.034202e+02
      vertex  1.864962e+01 -2.000000e+01  1.036320e+02
      vertex  9.063078e+00 -2.000000e+01  1.042262e+02
    endloop
  endfacet
  facet normal  0.000000e+00 -1.000000e+00  0.000000e+00
    outer loop
      vertex  9.063078e+00 -2.000000e+01  1.042262e+02
      vertex  1.864962e+01 -2.000000e+01  1.036320e+02
      vertex  1.837860e+01 -2.000000e+01  1.048194e+02
    endloop
  endfacet
  facet normal  -0.000000e+00 -1.000000e+00  0.000000e+00
    outer loop
      vertex  9.063078e+00 -2.000000e+01  1.042262e+02
      vertex  1.837860e+01 -2.000000e+01  1.048194e+02
      vertex  8.660254e+00 -2.000000e+01  1.050000e+02
    endloop
  endfacet
  facet normal  0.000000e+00 -9.999999e-01  0.000000e+00
    outer loop
      vertex  8.660254e+00 -2.000000e+01  1.050000e+02
      vertex  1.837860e+01 -2.000000e+01  1.048194e+02
      vertex  1.803206e+01 -2.000000e+01  1.059871e+02
    endloop
  endfacet
  facet normal  0.000000e+00 -1.000000e+00  0.000000e+00
    outer loop
      vertex  8.660254e+00 -2.000000e+01  1.050000e+02
      vertex  1.803206e+01 -2.000000e+01  1.059871e+02
      vertex  8.191521e+00 -2.000000e+01  1.057358e+02
    endloop
  endfacet
  facet normal  -0.000000e+00 -1.000000e+00  0.000000e+00
    outer loop
      vertex  9.961947e+00 -2.000000e+01  1.008716e+02
      vertex  1.896096e+01 -2.000000e+01  1.012173e+02
      vertex  9.848078e+00 -2.000000e+01  1.017365e+02
    endloop
  endfacet
  facet normal  0.000000e+00 -9.999999e-01  0.000000e+00
    outer loop
      vertex  9.848078e+00 -2.000000e+01  1.017365e+02
      vertex  1.896096e+01 -2.000000e+01  1.012173e+02
      vertex  1.884401e+01 -2.000000e+01  1.024297e+02
    endloop
  endfacet
  facet normal  -0.000000e+00 -9.999999e-01  0.000000e+00
    outer loop
      vertex  9.848078e+00 -2.000000e+01  1.017365e+02
      vertex  1.884401e+01 -2.000000e+01  1.024297e+02
      vertex  9.659258e+00 -2.000000e+01  1.025882e+02
    endloop
  endfacet
  facet normal  0.000000e+00 -9.999999e-01  0.000000e+00
    outer loop
      vertex  9.659258e+00 -2.000000e+01  1.025882e+02
      vertex  1.884401e+01 -2.000000e+01  1.024297e+02
      vertex  1.864962e+01 -2.000000e+01  1.036320e+02
    endloop
  endfacet
  facet normal  0.000000e+00 -1.000000e+00  0.000000e+00
    outer loop
      vertex  9.659258e+00 -2.000000e+01  1.025882e+02
      vertex  1.864962e+01 -2.000000e+01  1.036320e+02
      vertex  9.396926e+00 -2.000000e+01  1.034202e+02
    endloop
  endfacet
  facet normal  -0.000000e+00 -1.000000e+00  0.000000e+00
    outer loop
      vertex  9.961947e+00 -2.000000e+01  9.912844e+01
      vertex  1.900000e+01 -2.000000e+01  1.000000e+02
      vertex  1.000000e+01 -2.000000e+01  1.000000e+02
    endloop
  endfacet
  facet normal  0.000000e+00 -1.000000e+00  0.000000e+00
    outer loop
      vertex  1.000000e+01 -2.000000e+01  1.000000e+02
      vertex  1.900000e+01 -2.000000e+01  1.000000e+02
      vertex  1.896096e+01 -2.000000e+01  1.012173e+02
    endloop
  endfacet
  facet normal  0.000000e+00 -1.000000e+00  0.000000e+00
    outer loop
      vertex  1.000000e+01 -2.000000e+01  1.000000e+02
      vertex  1.896096e+01 -2.000000e+01  1.012173e+02
      vertex  9.961947e+00 -2.000000e+01  1.008716e+02
    endloop
  endfacet
  facet normal  0.000000e+00 -1.000000e+00  0.000000e+00
    outer loop
      vertex  1.836970e-15 -2.000000e+01  9.000000e+01
      vertex  1.800000e+01 -2.000000e+01  2.000000e+01
      vertex  3.800000e+01 -2.000000e+01  6.400000e+01
    endloop
  endfacet
  facet normal  0.000000e+00 -1.000000e+00  0.000000e+00
    outer loop
      vertex  3.800000e+01 -2.000000e+01  6.400000e+01
      vertex  1.800000e+01 -2.000000e+01  2.000000e+01
      vertex  1.800000e+01 -2.000000e+01  0.000000e+00
    endloop
  endfacet
  facet normal  0.000000e+00 -1.000000e+00  0.000000e+00
    outer loop
      vertex  3.800000e+01 -2.000000e+01  6.400000e+01
      vertex  1.800000e+01 -2.000000e+01  0.000000e+00
      vertex  3.800000e+01 -2.000000e+01  0.000000e+00
    endloop
  endfacet
  facet normal  0.000000e+00 -1.000000e+00  0.000000e+00
    outer loop
      vertex -5.000000e+00 -2.000000e+01  1.086603e+02
      vertex -1.711841e+01 -2.000000e+01  1.082438e+02
      vertex -5.735765e+00 -2.000000e+01  1.081915e+02
    endloop
  endfacet
  facet normal  -0.000000e+00 -9.999999e-01  0.000000e+00
    outer loop
      vertex -5.735765e+00 -2.000000e+01  1.081915e+02
      vertex -1.711841e+01 -2.000000e+01  1.082438e+02
      vertex -1.761142e+01 -2.000000e+01  1.071301e+02
    endloop
  endfacet
  facet normal  0.000000e+00 -9.999999e-01  0.000000e+00
    outer loop
      vertex -5.735765e+00 -2.000000e+01  1.081915e+02
      vertex -1.761142e+01 -2.000000e+01  1.071301e+02
      vertex -6.427876e+00 -2.000000e+01  1.076604e+02
    endloop
  endfacet
  facet normal  0.000000e+00 -9.999999e-01  0.000000e+00
    outer loop
      vertex -6.427876e+00 -2.000000e+01  1.076604e+02
      vertex -1.761142e+01 -2.000000e+01  1.071301e+02
      vertex -7.071068e+00 -2.000000e+01  1.070711e+02
    endloop
  endfacet
  facet normal  -0.000000e+00 -9.999999e-01  0.000000e+00
    outer loop
      vertex -7.071068e+00 -2.000000e+01  1.070711e+02
      vertex -1.761142e+01 -2.000000e+01  1.071301e+02
      vertex -1.803206e+01 -2.000000e+01  1.059871e+02
    endloop
  endfacet
  facet normal  0.000000e+00 -1.000000e+00  0.000000e+00
    outer loop
      vertex -7.071068e+00 -2.000000e+01  1.070711e+02
      vertex -1.803206e+01 -2.000000e+01  1.059871e+02
      vertex -7.660444e+00 -2.000000e+01  1.064279e+02
    endloop
  endfacet
  facet normal  0.000000e+00 -1.000000e+00  0.000000e+00
    outer loop
      vertex -9.396926e+00 -2.000000e+01  1.034202e+02
      vertex -9.063078e+00 -2.000000e+01  1.042262e+02
      vertex -1.864962e+01 -2.000000e+01  1.036320e+02
    endloop
  endfacet
  facet normal  0.000000e+00 -9.999999e-01  0.000000e+00
    outer loop
      vertex -1.864962e+01 -2.000000e+01  1.036320e+02
      vertex -9.063078e+00 -2.000000e+01  1.042262e+02
      vertex -8.660254e+00 -2.000000e+01  1.050000e+02
    endloop
  endfacet
  facet normal  0.000000e+00 -1.000000e+00  0.000000e+00
    outer loop
      vertex -1.864962e+01 -2.000000e+01  1.036320e+02
      vertex -8.660254e+00 -2.000000e+01  1.050000e+02
      vertex -1.837860e+01 -2.000000e+01  1.048194e+02
    endloop
  endfacet
  facet normal  0.000000e+00 -1.000000e+00  0.000000e+00
    outer loop
      vertex -1.837860e+01 -2.000000e+01  1.048194e+02
      vertex -8.660254e+00 -2.000000e+01  1.050000e+02
      vertex -8.191521e+00 -2.000000e+01  1.057358e+02
    endloop
  endfacet
  facet normal  -0.000000e+00 -1.000000e+00  0.000000e+00
    outer loop
      vertex -1.837860e+01 -2.000000e+01  1.048194e+02
      vertex -8.191521e+00 -2.000000e+01  1.057358e+02
      vertex -1.803206e+01 -2.000000e+01  1.059871e+02
    endloop
  endfacet
  facet normal  0.000000e+00 -1.000000e+00  0.000000e+00
    outer loop
      vertex -9.961947e+00 -2.000000e+01  1.008716e+02
      vertex -9.848078e+00 -2.000000e+01  1.017365e+02
      vertex -1.896096e+01 -2.000000e+01  1.012173e+02
    endloop
  endfacet
  facet normal  0.000000e+00 -1.000000e+00  0.000000e+00
    outer loop
      vertex -1.896096e+01 -2.000000e+01  1.012173e+02
      vertex -9.848078e+00 -2.000000e+01  1.017365e+02
      vertex -9.659258e+00 -2.000000e+01  1.025882e+02
    endloop
  endfacet
  facet normal  0.000000e+00 -1.000000e+00  0.000000e+00
    outer loop
      vertex -1.896096e+01 -2.000000e+01  1.012173e+02
      vertex -9.659258e+00 -2.000000e+01  1.025882e+02
      vertex -1.884401e+01 -2.000000e+01  1.024297e+02
    endloop
  endfacet
  facet normal  0.000000e+00 -1.000000e+00  0.000000e+00
    outer loop
      vertex -1.884401e+01 -2.000000e+01  1.024297e+02
      vertex -9.659258e+00 -2.000000e+01  1.025882e+02
      vertex -9.396926e+00 -2.000000e+01  1.034202e+02
    endloop
  endfacet
  facet normal  -0.000000e+00 -1.000000e+00  0.000000e+00
    outer loop
      vertex -1.884401e+01 -2.000000e+01  1.024297e+02
      vertex -9.396926e+00 -2.000000e+01  1.034202e+02
      vertex -1.864962e+01 -2.000000e+01  1.036320e+02
    endloop
  endfacet
  facet normal  -0.000000e+00 -1.000000e+00  -0.000000e+00
    outer loop
      vertex -9.961947e+00 -2.000000e+01  9.912844e+01
      vertex -1.000000e+01 -2.000000e+01  1.000000e+02
      vertex -1.900000e+01 -2.000000e+01  1.000000e+02
    endloop
  endfacet
  facet normal  0.000000e+00 -1.000000e+00  0.000000e+00
    outer loop
      vertex -1.900000e+01 -2.000000e+01  1.000000e+02
      vertex -1.000000e+01 -2.000000e+01  1.000000e+02
      vertex -9.961947e+00 -2.000000e+01  1.008716e+02
    endloop
  endfacet
  facet normal  -0.000000e+00 -1.000000e+00  0.000000e+00
    outer loop
      vertex -1.900000e+01 -2.000000e+01  1.000000e+02
      vertex -9.961947e+00 -2.000000e+01  1.008716e+02
      vertex -1.896096e+01 -2.000000e+01  1.012173e+02
    endloop
  endfacet
  facet normal  6.406900e-02  0.000000e+00  9.979455e-01
    outer loop
      vertex -6.089800e-01  0.000000e+00  8.100977e+01
      vertex -1.824437e+00  1.000000e+01  8.108780e+01
      vertex -1.824437e+00  0.000000e+00  8.108780e+01
    endloop
  endfacet
  facet normal  1.278749e-01  -0.000000e+00  9.917904e-01
    outer loop
      vertex -1.824437e+00  0.000000e+00  8.108780e+01
      vertex -1.824437e+00  1.000000e+01  8.108780e+01
      vertex -3.032398e+00  1.000000e+01  8.124355e+01
    endloop
  endfacet
  facet normal  1.278749e-01  0.000000e+00  9.917904e-01
    outer loop
      vertex -1.824437e+00  0.000000e+00  8.108780e+01
      vertex -3.032398e+00  1.000000e+01  8.124355e+01
      vertex -3.032398e+00  0.000000e+00  8.124355e+01
    endloop
  endfacet
  facet normal  1.911608e-01  -0.000000e+00  9.815587e-01
    outer loop
      vertex -3.032398e+00  0.000000e+00  8.124355e+01
      vertex -3.032398e+00  1.000000e+01  8.124355e+01
      vertex -4.227898e+00  1.000000e+01  8.147637e+01
    endloop
  endfacet
  facet normal  1.911608e-01  0.000000e+00  9.815587e-01
    outer loop
      vertex -3.032398e+00  0.000000e+00  8.124355e+01
      vertex -4.227898e+00  1.000000e+01  8.147637e+01
      vertex -4.227898e+00  0.000000e+00  8.147637e+01
    endloop
  endfacet
  facet normal  2.536515e-01  -0.000000e+00  9.672956e-01
    outer loop
      vertex -4.227898e+00  0.000000e+00  8.147637e+01
      vertex -4.227898e+00  1.000000e+01  8.147637e+01
      vertex -5.406024e+00  1.000000e+01  8.178531e+01
    endloop
  endfacet
  facet normal  2.536515e-01  0.000000e+00  9.672956e-01
    outer loop
      vertex -4.227898e+00  0.000000e+00  8.147637e+01
      vertex -5.406024e+00  1.000000e+01  8.178531e+01
      vertex -5.406024e+00  0.000000e+00  8.178531e+01
    endloop
  endfacet
  facet normal  3.151081e-01  -0.000000e+00  9.490559e-01
    outer loop
      vertex -5.406024e+00  0.000000e+00  8.178531e+01
      vertex -5.406024e+00  1.000000e+01  8.178531e+01
      vertex -6.561936e+00  1.000000e+01  8.216910e+01
    endloop
  endfacet
  facet normal  3.151081e-01  0.000000e+00  9.490559e-01
    outer loop
      vertex -5.406024e+00  0.000000e+00  8.178531e+01
      vertex -6.561936e+00  1.000000e+01  8.216910e+01
      vertex -6.561936e+00  0.000000e+00  8.216910e+01
    endloop
  endfacet
  facet normal  3.752680e-01  -0.000000e+00  9.269162e-01
    outer loop
      vertex -6.561936e+00  0.000000e+00  8.216910e+01
      vertex -6.561936e+00  1.000000e+01  8.216910e+01
      vertex -7.690884e+00  1.000000e+01  8.262616e+01
    endloop
  endfacet
  facet normal  3.752680e-01  0.000000e+00  9.269162e-01
    outer loop
      vertex -6.561936e+00  0.000000e+00  8.216910e+01
      vertex -7.690884e+00  1.000000e+01  8.262616e+01
      vertex -7.690884e+00  0.000000e+00  8.262616e+01
    endloop
  endfacet
  facet normal  4.338819e-01  -0.000000e+00  9.009697e-01
    outer loop
      vertex -7.690884e+00  0.000000e+00  8.262616e+01
      vertex -7.690884e+00  1.000000e+01  8.262616e+01
      vertex -8.788227e+00  1.000000e+01  8.315461e+01
    endloop
  endfacet
  facet normal  4.338819e-01  0.000000e+00  9.009697e-01
    outer loop
      vertex -7.690884e+00  0.000000e+00  8.262616e+01
      vertex -8.788227e+00  1.000000e+01  8.315461e+01
      vertex -8.788227e+00  0.000000e+00  8.315461e+01
    endloop
  endfacet
  facet normal  4.907204e-01  -0.000000e+00  8.713170e-01
    outer loop
      vertex -8.788227e+00  0.000000e+00  8.315461e+01
      vertex -8.788227e+00  1.000000e+01  8.315461e+01
      vertex -9.849459e+00  1.000000e+01  8.375229e+01
    endloop
  endfacet
  facet normal  4.907204e-01  0.000000e+00  8.713170e-01
    outer loop
      vertex -8.788227e+00  0.000000e+00  8.315461e+01
      vertex -9.849459e+00  1.000000e+01  8.375229e+01
      vertex -9.849459e+00  0.000000e+00  8.375229e+01
    endloop
  endfacet
  facet normal  5.455330e-01  -0.000000e+00  8.380893e-01
    outer loop
      vertex -9.849459e+00  0.000000e+00  8.375229e+01
      vertex -9.849459e+00  1.000000e+01  8.375229e+01
      vertex -1.087022e+01  1.000000e+01  8.441673e+01
    endloop
  endfacet
  facet normal  5.455330e-01  0.000000e+00  8.380893e-01
    outer loop
      vertex -9.849459e+00  0.000000e+00  8.375229e+01
      vertex -1.087022e+01  1.000000e+01  8.441673e+01
      vertex -1.087022e+01  0.000000e+00  8.441673e+01
    endloop
  endfacet
  facet normal  5.981120e-01  -0.000000e+00  8.014124e-01
    outer loop
      vertex -1.087022e+01  0.000000e+00  8.441673e+01
      vertex -1.087022e+01  1.000000e+01  8.441673e+01
      vertex -1.184631e+01  1.000000e+01  8.514520e+01
    endloop
  endfacet
  facet normal  5.981120e-01  0.000000e+00  8.014124e-01
    outer loop
      vertex -1.087022e+01  0.000000e+00  8.441673e+01
      vertex -1.184631e+01  1.000000e+01  8.514520e+01
      vertex -1.184631e+01  0.000000e+00  8.514520e+01
    endloop
  endfacet
  facet normal  6.482266e-01  -0.000000e+00  7.614476e-01
    outer loop
      vertex -1.184631e+01  0.000000e+00  8.514520e+01
      vertex -1.184631e+01  1.000000e+01  8.514520e+01
      vertex -1.277372e+01  1.000000e+01  8.593472e+01
    endloop
  endfacet
  facet normal  6.482266e-01  0.000000e+00  7.614476e-01
    outer loop
      vertex -1.184631e+01  0.000000e+00  8.514520e+01
      vertex -1.277372e+01  1.000000e+01  8.593472e+01
      vertex -1.277372e+01  0.000000e+00  8.593472e+01
    endloop
  endfacet
  facet normal  6.956823e-01  -0.000000e+00  7.183496e-01
    outer loop
      vertex -1.277372e+01  0.000000e+00  8.593472e+01
      vertex -1.277372e+01  1.000000e+01  8.593472e+01
      vertex -1.364864e+01  1.000000e+01  8.678203e+01
    endloop
  endfacet
  facet normal  6.956823e-01  0.000000e+00  7.183496e-01
    outer loop
      vertex -1.277372e+01  0.000000e+00  8.593472e+01
      vertex -1.364864e+01  1.000000e+01  8.678203e+01
      vertex -1.364864e+01  0.000000e+00  8.678203e+01
    endloop
  endfacet
  facet normal  7.402801e-01  -0.000000e+00  6.722986e-01
    outer loop
      vertex -1.364864e+01  0.000000e+00  8.678203e+01
      vertex -1.364864e+01  1.000000e+01  8.678203e+01
      vertex -1.446747e+01  1.000000e+01  8.768366e+01
    endloop
  endfacet
  facet normal  7.402801e-01  0.000000e+00  6.722986e-01
    outer loop
      vertex -1.364864e+01  0.000000e+00  8.678203e+01
      vertex -1.446747e+01  1.000000e+01  8.768366e+01
      vertex -1.446747e+01  0.000000e+00  8.768366e+01
    endloop
  endfacet
  facet normal  7.818315e-01  -0.000000e+00  6.234898e-01
    outer loop
      vertex -1.446747e+01  0.000000e+00  8.768366e+01
      vertex -1.446747e+01  1.000000e+01  8.768366e+01
      vertex -1.522686e+01  1.000000e+01  8.863590e+01
    endloop
  endfacet
  facet normal  7.818315e-01  0.000000e+00  6.234898e-01
    outer loop
      vertex -1.446747e+01  0.000000e+00  8.768366e+01
      vertex -1.522686e+01  1.000000e+01  8.863590e+01
      vertex -1.522686e+01  0.000000e+00  8.863590e+01
    endloop
  endfacet
  facet normal  8.201711e-01  -0.000000e+00  5.721182e-01
    outer loop
      vertex -1.522686e+01  0.000000e+00  8.863590e+01
      vertex -1.522686e+01  1.000000e+01  8.863590e+01
      vertex -1.592367e+01  1.000000e+01  8.963483e+01
    endloop
  endfacet
  facet normal  8.201711e-01  0.000000e+00  5.721182e-01
    outer loop
      vertex -1.522686e+01  0.000000e+00  8.863590e+01
      vertex -1.592367e+01  1.000000e+01  8.963483e+01
      vertex -1.592367e+01  0.000000e+00  8.963483e+01
    endloop
  endfacet
  facet normal  8.551435e-01  -0.000000e+00  5.183912e-01
    outer loop
      vertex -1.592367e+01  0.000000e+00  8.963483e+01
      vertex -1.592367e+01  1.000000e+01  8.963483e+01
      vertex -1.655506e+01  1.000000e+01  9.067637e+01
    endloop
  endfacet
  facet normal  8.551435e-01  0.000000e+00  5.183912e-01
    outer loop
      vertex -1.592367e+01  0.000000e+00  8.963483e+01
      vertex -1.655506e+01  1.000000e+01  9.067637e+01
      vertex -1.655506e+01  0.000000e+00  9.067637e+01
    endloop
  endfacet
  facet normal  8.865993e-01  -0.000000e+00  4.625382e-01
    outer loop
      vertex -1.655506e+01  0.000000e+00  9.067637e+01
      vertex -1.655506e+01  1.000000e+01  9.067637e+01
      vertex -1.711841e+01  1.000000e+01  9.175621e+01
    endloop
  endfacet
  facet normal  8.865993e-01  0.000000e+00  4.625382e-01
    outer loop
      vertex -1.655506e+01  0.000000e+00  9.067637e+01
      vertex -1.711841e+01  1.000000e+01  9.175621e+01
      vertex -1.711841e+01  0.000000e+00  9.175621e+01
    endloop
  endfacet
  facet normal  9.144124e-01  -0.000000e+00  4.047836e-01
    outer loop
      vertex -1.711841e+01  0.000000e+00  9.175621e+01
      vertex -1.711841e+01  1.000000e+01  9.175621e+01
      vertex -1.761142e+01  1.000000e+01  9.286993e+01
    endloop
  endfacet
  facet normal  9.144124e-01  0.000000e+00  4.047836e-01
    outer loop
      vertex -1.711841e+01  0.000000e+00  9.175621e+01
      vertex -1.761142e+01  1.000000e+01  9.286993e+01
      vertex -1.761142e+01  0.000000e+00  9.286993e+01
    endloop
  endfacet
  facet normal  9.384688e-01  -0.000000e+00  3.453642e-01
    outer loop
      vertex -1.761142e+01  0.000000e+00  9.286993e+01
      vertex -1.761142e+01  1.000000e+01  9.286993e+01
      vertex -1.803206e+01  1.000000e+01  9.401295e+01
    endloop
  endfacet
  facet normal  9.384688e-01  0.000000e+00  3.453642e-01
    outer loop
      vertex -1.761142e+01  0.000000e+00  9.286993e+01
      vertex -1.803206e+01  1.000000e+01  9.401295e+01
      vertex -1.803206e+01  0.000000e+00  9.401295e+01
    endloop
  endfacet
  facet normal  9.586676e-01  -0.000000e+00  2.845287e-01
    outer loop
      vertex -1.803206e+01  0.000000e+00  9.401295e+01
      vertex -1.803206e+01  1.000000e+01  9.401295e+01
      vertex -1.837860e+01  1.000000e+01  9.518056e+01
    endloop
  endfacet
  facet normal  9.586676e-01  0.000000e+00  2.845287e-01
    outer loop
      vertex -1.803206e+01  0.000000e+00  9.401295e+01
      vertex -1.837860e+01  1.000000e+01  9.518056e+01
      vertex -1.837860e+01  0.000000e+00  9.518056e+01
    endloop
  endfacet
  facet normal  9.749281e-01  -0.000000e+00  2.225203e-01
    outer loop
      vertex -1.837860e+01  0.000000e+00  9.518056e+01
      vertex -1.837860e+01  1.000000e+01  9.518056e+01
      vertex -1.864962e+01  1.000000e+01  9.636799e+01
    endloop
  endfacet
  facet normal  9.749281e-01  0.000000e+00  2.225203e-01
    outer loop
      vertex -1.837860e+01  0.000000e+00  9.518056e+01
      vertex -1.864962e+01  1.000000e+01  9.636799e+01
      vertex -1.864962e+01  0.000000e+00  9.636799e+01
    endloop
  endfacet
  facet normal  9.871818e-01  -0.000000e+00  1.595994e-01
    outer loop
      vertex -1.864962e+01  0.000000e+00  9.636799e+01
      vertex -1.864962e+01  1.000000e+01  9.636799e+01
      vertex -1.884401e+01  1.000000e+01  9.757034e+01
    endloop
  endfacet
  facet normal  9.871818e-01  0.000000e+00  1.595994e-01
    outer loop
      vertex -1.864962e+01  0.000000e+00  9.636799e+01
      vertex -1.884401e+01  1.000000e+01  9.757034e+01
      vertex -1.884401e+01  0.000000e+00  9.757034e+01
    endloop
  endfacet
  facet normal  9.953791e-01  -0.000000e+00  9.602346e-02
    outer loop
      vertex -1.884401e+01  0.000000e+00  9.757034e+01
      vertex -1.884401e+01  1.000000e+01  9.757034e+01
      vertex -1.896096e+01  1.000000e+01  9.878267e+01
    endloop
  endfacet
  facet normal  9.953791e-01  0.000000e+00  9.602346e-02
    outer loop
      vertex -1.884401e+01  0.000000e+00  9.757034e+01
      vertex -1.896096e+01  1.000000e+01  9.878267e+01
      vertex -1.896096e+01  0.000000e+00  9.878267e+01
    endloop
  endfacet
  facet normal  9.994863e-01  -0.000000e+00  3.205180e-02
    outer loop
      vertex -1.896096e+01  0.000000e+00  9.878267e+01
      vertex -1.896096e+01  1.000000e+01  9.878267e+01
      vertex -1.900000e+01  1.000000e+01  1.000000e+02
    endloop
  endfacet
  facet normal  9.994863e-01  0.000000e+00  3.205180e-02
    outer loop
      vertex -1.896096e+01  0.000000e+00  9.878267e+01
      vertex -1.900000e+01  1.000000e+01  1.000000e+02
      vertex -1.900000e+01  0.000000e+00  1.000000e+02
    endloop
  endfacet
  facet normal  6.406900e-02  -0.000000e+00  9.979455e-01
    outer loop
      vertex -1.824437e+00  1.000000e+01  8.108780e+01
      vertex -6.089800e-01  0.000000e+00  8.100977e+01
      vertex -6.089800e-01  1.000000e+01  8.100977e+01
    endloop
  endfacet
  facet normal  0.000000e+00  0.000000e+00  1.000000e+00
    outer loop
      vertex -6.089800e-01  1.000000e+01  8.100977e+01
      vertex -6.089800e-01  0.000000e+00  8.100977e+01
      vertex  6.089800e-01  0.000000e+00  8.100977e+01
    endloop
  endfacet
  facet normal  0.000000e+00  -0.000000e+00  1.000000e+00
    outer loop
      vertex -6.089800e-01  1.000000e+01  8.100977e+01
      vertex  6.089800e-01  0.000000e+00  8.100977e+01
      vertex  6.089800e-01  1.000000e+01  8.100977e+01
    endloop
  endfacet
  facet normal -6.406900e-02  0.000000e+00  9.979455e-01
    outer loop
      vertex  6.089800e-01  1.000000e+01  8.100977e+01
      vertex  6.089800e-01  0.000000e+00  8.100977e+01
      vertex  1.824437e+00  0.000000e+00  8.108780e+01
    endloop
  endfacet
  facet normal -6.406900e-02  0.000000e+00  9.979455e-01
    outer loop
      vertex  6.089800e-01  1.000000e+01  8.100977e+01
      vertex  1.824437e+00  0.000000e+00  8.108780e+01
      vertex  1.824437e+00  1.000000e+01  8.108780e+01
    endloop
  endfacet
  facet normal -1.278749e-01  0.000000e+00  9.917904e-01
    outer loop
      vertex  1.824437e+00  1.000000e+01  8.108780e+01
      vertex  1.824437e+00  0.000000e+00  8.108780e+01
      vertex  3.032398e+00  0.000000e+00  8.124355e+01
    endloop
  endfacet
  facet normal -1.278749e-01  0.000000e+00  9.917904e-01
    outer loop
      vertex  1.824437e+00  1.000000e+01  8.108780e+01
      vertex  3.032398e+00  0.000000e+00  8.124355e+01
      vertex  3.032398e+00  1.000000e+01  8.124355e+01
    endloop
  endfacet
  facet normal -1.911608e-01  0.000000e+00  9.815587e-01
    outer loop
      vertex  3.032398e+00  1.000000e+01  8.124355e+01
      vertex  3.032398e+00  0.000000e+00  8.124355e+01
      vertex  4.227898e+00  0.000000e+00  8.147637e+01
    endloop
  endfacet
  facet normal -1.911608e-01  0.000000e+00  9.815587e-01
    outer loop
      vertex  3.032398e+00  1.000000e+01  8.124355e+01
      vertex  4.227898e+00  0.000000e+00  8.147637e+01
      vertex  4.227898e+00  1.000000e+01  8.147637e+01
    endloop
  endfacet
  facet normal -2.536515e-01  0.000000e+00  9.672956e-01
    outer loop
      vertex  4.227898e+00  1.000000e+01  8.147637e+01
      vertex  4.227898e+00  0.000000e+00  8.147637e+01
      vertex  5.406024e+00  0.000000e+00  8.178531e+01
    endloop
  endfacet
  facet normal -2.536515e-01  0.000000e+00  9.672956e-01
    outer loop
      vertex  4.227898e+00  1.000000e+01  8.147637e+01
      vertex  5.406024e+00  0.000000e+00  8.178531e+01
      vertex  5.406024e+00  1.000000e+01  8.178531e+01
    endloop
  endfacet
  facet normal -3.151081e-01  0.000000e+00  9.490559e-01
    outer loop
      vertex  5.406024e+00  1.000000e+01  8.178531e+01
      vertex  5.406024e+00  0.000000e+00  8.178531e+01
      vertex  6.561936e+00  0.000000e+00  8.216910e+01
    endloop
  endfacet
  facet normal -3.151081e-01  0.000000e+00  9.490559e-01
    outer loop
      vertex  5.406024e+00  1.000000e+01  8.178531e+01
      vertex  6.561936e+00  0.000000e+00  8.216910e+01
      vertex  6.561936e+00  1.000000e+01  8.216910e+01
    endloop
  endfacet
  facet normal -3.752680e-01  0.000000e+00  9.269162e-01
    outer loop
      vertex  6.561936e+00  1.000000e+01  8.216910e+01
      vertex  6.561936e+00  0.000000e+00  8.216910e+01
      vertex  7.690884e+00  0.000000e+00  8.262616e+01
    endloop
  endfacet
  facet normal -3.752680e-01  0.000000e+00  9.269162e-01
    outer loop
      vertex  6.561936e+00  1.000000e+01  8.216910e+01
      vertex  7.690884e+00  0.000000e+00  8.262616e+01
      vertex  7.690884e+00  1.000000e+01  8.262616e+01
    endloop
  endfacet
  facet normal -4.338819e-01  0.000000e+00  9.009697e-01
    outer loop
      vertex  7.690884e+00  1.000000e+01  8.262616e+01
      vertex  7.690884e+00  0.000000e+00  8.262616e+01
      vertex  8.788227e+00  0.000000e+00  8.315461e+01
    endloop
  endfacet
  facet normal -4.338819e-01  0.000000e+00  9.009697e-01
    outer loop
      vertex  7.690884e+00  1.000000e+01  8.262616e+01
      vertex  8.788227e+00  0.000000e+00  8.315461e+01
      vertex  8.788227e+00  1.000000e+01  8.315461e+01
    endloop
  endfacet
  facet normal -4.907204e-01  0.000000e+00  8.713170e-01
    outer loop
      vertex  8.788227e+00  1.000000e+01  8.315461e+01
      vertex  8.788227e+00  0.000000e+00  8.315461e+01
      vertex  9.849459e+00  0.000000e+00  8.375229e+01
    endloop
  endfacet
  facet normal -4.907204e-01  0.000000e+00  8.713170e-01
    outer loop
      vertex  8.788227e+00  1.000000e+01  8.315461e+01
      vertex  9.849459e+00  0.000000e+00  8.375229e+01
      vertex  9.849459e+00  1.000000e+01  8.375229e+01
    endloop
  endfacet
  facet normal -5.455330e-01  0.000000e+00  8.380893e-01
    outer loop
      vertex  9.849459e+00  1.000000e+01  8.375229e+01
      vertex  9.849459e+00  0.000000e+00  8.375229e+01
      vertex  1.087022e+01  0.000000e+00  8.441673e+01
    endloop
  endfacet
  facet normal -5.455330e-01  0.000000e+00  8.380893e-01
    outer loop
      vertex  9.849459e+00  1.000000e+01  8.375229e+01
      vertex  1.087022e+01  0.000000e+00  8.441673e+01
      vertex  1.087022e+01  1.000000e+01  8.441673e+01
    endloop
  endfacet
  facet normal -5.981120e-01  0.000000e+00  8.014124e-01
    outer loop
      vertex  1.087022e+01  1.000000e+01  8.441673e+01
      vertex  1.087022e+01  0.000000e+00  8.441673e+01
      vertex  1.184631e+01  0.000000e+00  8.514520e+01
    endloop
  endfacet
  facet normal -5.981120e-01  0.000000e+00  8.014124e-01
    outer loop
      vertex  1.087022e+01  1.000000e+01  8.441673e+01
      vertex  1.184631e+01  0.000000e+00  8.514520e+01
      vertex  1.184631e+01  1.000000e+01  8.514520e+01
    endloop
  endfacet
  facet normal -6.482266e-01  0.000000e+00  7.614476e-01
    outer loop
      vertex  1.184631e+01  1.000000e+01  8.514520e+01
      vertex  1.184631e+01  0.000000e+00  8.514520e+01
      vertex  1.277372e+01  0.000000e+00  8.593472e+01
    endloop
  endfacet
  facet normal -6.482266e-01  0.000000e+00  7.614476e-01
    outer loop
      vertex  1.184631e+01  1.000000e+01  8.514520e+01
      vertex  1.277372e+01  0.000000e+00  8.593472e+01
      vertex  1.277372e+01  1.000000e+01  8.593472e+01
    endloop
  endfacet
  facet normal -6.956823e-01  0.000000e+00  7.183496e-01
    outer loop
      vertex  1.277372e+01  1.000000e+01  8.593472e+01
      vertex  1.277372e+01  0.000000e+00  8.593472e+01
      vertex  1.364864e+01  0.000000e+00  8.678203e+01
    endloop
  endfacet
  facet normal -6.956823e-01  0.000000e+00  7.183496e-01
    outer loop
      vertex  1.277372e+01  1.000000e+01  8.593472e+01
      vertex  1.364864e+01  0.000000e+00  8.678203e+01
      vertex  1.364864e+01  1.000000e+01  8.678203e+01
    endloop
  endfacet
  facet normal -7.402801e-01  0.000000e+00  6.722986e-01
    outer loop
      vertex  1.364864e+01  1.000000e+01  8.678203e+01
      vertex  1.364864e+01  0.000000e+00  8.678203e+01
      vertex  1.446747e+01  0.000000e+00  8.768366e+01
    endloop
  endfacet
  facet normal -7.402801e-01  0.000000e+00  6.722986e-01
    outer loop
      vertex  1.364864e+01  1.000000e+01  8.678203e+01
      vertex  1.446747e+01  0.000000e+00  8.768366e+01
      vertex  1.446747e+01  1.000000e+01  8.768366e+01
    endloop
  endfacet
  facet normal -7.818315e-01  0.000000e+00  6.234898e-01
    outer loop
      vertex  1.446747e+01  1.000000e+01  8.768366e+01
      vertex  1.446747e+01  0.000000e+00  8.768366e+01
      vertex  1.522686e+01  0.000000e+00  8.863590e+01
    endloop
  endfacet
  facet normal -7.818315e-01  0.000000e+00  6.234898e-01
    outer loop
      vertex  1.446747e+01  1.000000e+01  8.768366e+01
      vertex  1.522686e+01  0.000000e+00  8.863590e+01
      vertex  1.522686e+01  1.000000e+01  8.863590e+01
    endloop
  endfacet
  facet normal -8.201711e-01  0.000000e+00  5.721182e-01
    outer loop
      vertex  1.522686e+01  1.000000e+01  8.863590e+01
      vertex  1.522686e+01  0.000000e+00  8.863590e+01
      vertex  1.592367e+01  0.000000e+00  8.963483e+01
    endloop
  endfacet
  facet normal -8.201711e-01  0.000000e+00  5.721182e-01
    outer loop
      vertex  1.522686e+01  1.000000e+01  8.863590e+01
      vertex  1.592367e+01  0.000000e+00  8.963483e+01
      vertex  1.592367e+01  1.000000e+01  8.963483e+01
    endloop
  endfacet
  facet normal -8.551435e-01  0.000000e+00  5.183912e-01
    outer loop
      vertex  1.592367e+01  1.000000e+01  8.963483e+01
      vertex  1.592367e+01  0.000000e+00  8.963483e+01
      vertex  1.655506e+01  0.000000e+00  9.067637e+01
    endloop
  endfacet
  facet normal -8.551435e-01  0.000000e+00  5.183912e-01
    outer loop
      vertex  1.592367e+01  1.000000e+01  8.963483e+01
      vertex  1.655506e+01  0.000000e+00  9.067637e+01
      vertex  1.655506e+01  1.000000e+01  9.067637e+01
    endloop
  endfacet
  facet normal -8.865993e-01  0.000000e+00  4.625382e-01
    outer loop
      vertex  1.655506e+01  1.000000e+01  9.067637e+01
      vertex  1.655506e+01  0.000000e+00  9.067637e+01
      vertex  1.711841e+01  0.000000e+00  9.175621e+01
    endloop
  endfacet
  facet normal -8.865993e-01  0.000000e+00  4.625382e-01
    outer loop
      vertex  1.655506e+01  1.000000e+01  9.067637e+01
      vertex  1.711841e+01  0.000000e+00  9.175621e+01
      vertex  1.711841e+01  1.000000e+01  9.175621e+01
    endloop
  endfacet
  facet normal -9.144124e-01  0.000000e+00  4.047836e-01
    outer loop
      vertex  1.711841e+01  1.000000e+01  9.175621e+01
      vertex  1.711841e+01  0.000000e+00  9.175621e+01
      vertex  1.761142e+01  0.000000e+00  9.286993e+01
    endloop
  endfacet
  facet normal -9.144124e-01  0.000000e+00  4.047836e-01
    outer loop
      vertex  1.711841e+01  1.000000e+01  9.175621e+01
      vertex  1.761142e+01  0.000000e+00  9.286993e+01
      vertex  1.761142e+01  1.000000e+01  9.286993e+01
    endloop
  endfacet
  facet normal -9.384688e-01  0.000000e+00  3.453642e-01
    outer loop
      vertex  1.761142e+01  1.000000e+01  9.286993e+01
      vertex  1.761142e+01  0.000000e+00  9.286993e+01
      vertex  1.803206e+01  0.000000e+00  9.401295e+01
    endloop
  endfacet
  facet normal -9.384688e-01  0.000000e+00  3.453642e-01
    outer loop
      vertex  1.761142e+01  1.000000e+01  9.286993e+01
      vertex  1.803206e+01  0.000000e+00  9.401295e+01
      vertex  1.803206e+01  1.000000e+01  9.401295e+01
    endloop
  endfacet
  facet normal -9.586676e-01  0.000000e+00  2.845287e-01
    outer loop
      vertex  1.803206e+01  1.000000e+01  9.401295e+01
      vertex  1.803206e+01  0.000000e+00  9.401295e+01
      vertex  1.837860e+01  0.000000e+00  9.518056e+01
    endloop
  endfacet
  facet normal -9.586676e-01  0.000000e+00  2.845287e-01
    outer loop
      vertex  1.803206e+01  1.000000e+01  9.401295e+01
      vertex  1.837860e+01  0.000000e+00  9.518056e+01
      vertex  1.837860e+01  1.000000e+01  9.518056e+01
    endloop
  endfacet
  facet normal -9.749281e-01  0.000000e+00  2.225203e-01
    outer loop
      vertex  1.837860e+01  1.000000e+01  9.518056e+01
      vertex  1.837860e+01  0.000000e+00  9.518056e+01
      vertex  1.864962e+01  0.000000e+00  9.636799e+01
    endloop
  endfacet
  facet normal -9.749281e-01  0.000000e+00  2.225203e-01
    outer loop
      vertex  1.837860e+01  1.000000e+01  9.518056e+01
      vertex  1.864962e+01  0.000000e+00  9.636799e+01
      vertex  1.864962e+01  1.000000e+01  9.636799e+01
    endloop
  endfacet
  facet normal -9.871818e-01  0.000000e+00  1.595994e-01
    outer loop
      vertex  1.864962e+01  1.000000e+01  9.636799e+01
      vertex  1.864962e+01  0.000000e+00  9.636799e+01
      vertex  1.884401e+01  0.000000e+00  9.757034e+01
    endloop
  endfacet
  facet normal -9.871818e-01  0.000000e+00  1.595994e-01
    outer loop
      vertex  1.864962e+01  1.000000e+01  9.636799e+01
      vertex  1.884401e+01  0.000000e+00  9.757034e+01
      vertex  1.884401e+01  1.000000e+01  9.757034e+01
    endloop
  endfacet
  facet normal -9.953791e-01  0.000000e+00  9.602346e-02
    outer loop
      vertex  1.884401e+01  1.000000e+01  9.757034e+01
      vertex  1.884401e+01  0.000000e+00  9.757034e+01
      vertex  1.896096e+01  0.000000e+00  9.878267e+01
    endloop
  endfacet
  facet normal -9.953791e-01  0.000000e+00  9.602346e-02
    outer loop
      vertex  1.884401e+01  1.000000e+01  9.757034e+01
      vertex  1.896096e+01  0.000000e+00  9.878267e+01
      vertex  1.896096e+01  1.000000e+01  9.878267e+01
    endloop
  endfacet
  facet normal -9.994863e-01  0.000000e+00  3.205180e-02
    outer loop
      vertex  1.896096e+01  1.000000e+01  9.878267e+01
      vertex  1.896096e+01  0.000000e+00  9.878267e+01
      vertex  1.900000e+01  0.000000e+00  1.000000e+02
    endloop
  endfacet
  facet normal -9.994863e-01  0.000000e+00  3.205180e-02
    outer loop
      vertex  1.896096e+01  1.000000e+01  9.878267e+01
      vertex  1.900000e+01  0.000000e+00  1.000000e+02
      vertex  1.900000e+01  1.000000e+01  1.000000e+02
    endloop
  endfacet
  facet normal  0.000000e+00  1.000000e+00  0.000000e+00
    outer loop
      vertex -1.960188e+01  1.000000e+01  8.143211e+01
      vertex -5.406024e+00  1.000000e+01  8.178531e+01
      vertex -4.227898e+00  1.000000e+01  8.147637e+01
    endloop
  endfacet
  facet normal  0.000000e+00  1.000000e+00  0.000000e+00
    outer loop
      vertex  3.032398e+00  1.000000e+01  8.124355e+01
      vertex  1.856788e+01  1.000000e+01  8.039812e+01
      vertex  1.824437e+00  1.000000e+01  8.108780e+01
    endloop
  endfacet
  facet normal  -0.000000e+00  1.000000e+00  0.000000e+00
    outer loop
      vertex  1.856788e+01  1.000000e+01  8.039812e+01
      vertex  6.089800e-01  1.000000e+01  8.100977e+01
      vertex  1.824437e+00  1.000000e+01  8.108780e+01
    endloop
  endfacet
  facet normal  -0.000000e+00  1.000000e+00  0.000000e+00
    outer loop
      vertex -1.856788e+01  1.000000e+01  8.039812e+01
      vertex -1.960188e+01  1.000000e+01  8.143211e+01
      vertex -4.227898e+00  1.000000e+01  8.147637e+01
    endloop
  endfacet
  facet normal  0.000000e+00  1.000000e+00  0.000000e+00
    outer loop
      vertex -1.856788e+01  1.000000e+01  8.039812e+01
      vertex -4.227898e+00  1.000000e+01  8.147637e+01
      vertex -3.032398e+00  1.000000e+01  8.124355e+01
    endloop
  endfacet
  facet normal  0.000000e+00  1.000000e+00  0.000000e+00
    outer loop
      vertex -1.856788e+01  1.000000e+01  8.039812e+01
      vertex -3.032398e+00  1.000000e+01  8.124355e+01
      vertex -1.824437e+00  1.000000e+01  8.108780e+01
    endloop
  endfacet
  facet normal  0.000000e+00  1.000000e+00  0.000000e+00
    outer loop
      vertex -1.856788e+01  1.000000e+01  8.039812e+01
      vertex -1.824437e+00  1.000000e+01  8.108780e+01
      vertex -6.089800e-01  1.000000e+01  8.100977e+01
    endloop
  endfacet
  facet normal  -0.000000e+00  1.000000e+00  0.000000e+00
    outer loop
      vertex -1.856788e+01  1.000000e+01  8.039812e+01
      vertex -6.089800e-01  1.000000e+01  8.100977e+01
      vertex  6.089800e-01  1.000000e+01  8.100977e+01
    endloop
  endfacet
  facet normal  0.000000e+00  9.999999e-01  0.000000e+00
    outer loop
      vertex -1.856788e+01  1.000000e+01  8.039812e+01
      vertex  6.089800e-01  1.000000e+01  8.100977e+01
      vertex  1.856788e+01  1.000000e+01  8.039812e+01
    endloop
  endfacet
  facet normal  0.000000e+00  1.000000e+00  0.000000e+00
    outer loop
      vertex -1.856788e+01  1.000000e+01  8.039812e+01
      vertex  1.856788e+01  1.000000e+01  8.039812e+01
      vertex  1.747943e+01  1.000000e+01  7.942162e+01
    endloop
  endfacet
  facet normal  0.000000e+00  1.000000e+00  0.000000e+00
    outer loop
      vertex -1.856788e+01  1.000000e+01  8.039812e+01
      vertex  1.747943e+01  1.000000e+01  7.942162e+01
      vertex -1.747943e+01  1.000000e+01  7.942162e+01
    endloop
  endfacet
  facet normal  0.000000e+00  9.999999e-01  0.000000e+00
    outer loop
      vertex -2.700000e+01  1.000000e+01  1.000000e+02
      vertex -1.900000e+01  1.000000e+01  1.000000e+02
      vertex -2.696040e+01  1.000000e+01  9.853825e+01
    endloop
  endfacet
  facet normal  0.000000e+00  1.000000e+00  0.000000e+00
    outer loop
      vertex -2.696040e+01  1.000000e+01  9.853825e+01
      vertex -1.900000e+01  1.000000e+01  1.000000e+02
      vertex -1.896096e+01  1.000000e+01  9.878267e+01
    endloop
  endfacet
  facet normal  0.000000e+00  9.999999e-01  0.000000e+00
    outer loop
      vertex -2.696040e+01  1.000000e+01  9.853825e+01
      vertex -1.896096e+01  1.000000e+01  9.878267e+01
      vertex -2.684172e+01  1.000000e+01  9.708079e+01
    endloop
  endfacet
  facet normal  0.000000e+00  1.000000e+00  0.000000e+00
    outer loop
      vertex -2.684172e+01  1.000000e+01  9.708079e+01
      vertex -1.896096e+01  1.000000e+01  9.878267e+01
      vertex -1.884401e+01  1.000000e+01  9.757034e+01
    endloop
  endfacet
  facet normal  0.000000e+00  1.000000e+00  0.000000e+00
    outer loop
      vertex -2.684172e+01  1.000000e+01  9.708079e+01
      vertex -1.884401e+01  1.000000e+01  9.757034e+01
      vertex -2.664432e+01  1.000000e+01  9.563189e+01
    endloop
  endfacet
  facet normal  0.000000e+00  1.000000e+00  0.000000e+00
    outer loop
      vertex -2.664432e+01  1.000000e+01  9.563189e+01
      vertex -1.884401e+01  1.000000e+01  9.757034e+01
      vertex -1.864962e+01  1.000000e+01  9.636799e+01
    endloop
  endfacet
  facet normal  0.000000e+00  1.000000e+00  0.000000e+00
    outer loop
      vertex -2.664432e+01  1.000000e+01  9.563189e+01
      vertex -1.864962e+01  1.000000e+01  9.636799e+01
      vertex -1.837860e+01  1.000000e+01  9.518056e+01
    endloop
  endfacet
  facet normal  0.000000e+00  1.000000e+00  0.000000e+00
    outer loop
      vertex -2.664432e+01  1.000000e+01  9.563189e+01
      vertex -1.837860e+01  1.000000e+01  9.518056e+01
      vertex -2.636876e+01  1.000000e+01  9.419580e+01
    endloop
  endfacet
  facet normal  -0.000000e+00  1.000000e+00  0.000000e+00
    outer loop
      vertex -2.636876e+01  1.000000e+01  9.419580e+01
      vertex -1.837860e+01  1.000000e+01  9.518056e+01
      vertex -1.803206e+01  1.000000e+01  9.401295e+01
    endloop
  endfacet
  facet normal  0.000000e+00  1.000000e+00  0.000000e+00
    outer loop
      vertex -2.636876e+01  1.000000e+01  9.419580e+01
      vertex -1.803206e+01  1.000000e+01  9.401295e+01
      vertex -2.601585e+01  1.000000e+01  9.277673e+01
    endloop
  endfacet
  facet normal  0.000000e+00  1.000000e+00  0.000000e+00
    outer loop
      vertex -2.601585e+01  1.000000e+01  9.277673e+01
      vertex -1.803206e+01  1.000000e+01  9.401295e+01
      vertex -1.761142e+01  1.000000e+01  9.286993e+01
    endloop
  endfacet
  facet normal  0.000000e+00  1.000000e+00  0.000000e+00
    outer loop
      vertex -2.601585e+01  1.000000e+01  9.277673e+01
      vertex -1.761142e+01  1.000000e+01  9.286993e+01
      vertex -2.558664e+01  1.000000e+01  9.137886e+01
    endloop
  endfacet
  facet normal  0.000000e+00  1.000000e+00  0.000000e+00
    outer loop
      vertex -2.558664e+01  1.000000e+01  9.137886e+01
      vertex -1.761142e+01  1.000000e+01  9.286993e+01
      vertex -1.711841e+01  1.000000e+01  9.175621e+01
    endloop
  endfacet
  facet normal  0.000000e+00  1.000000e+00  0.000000e+00
    outer loop
      vertex -2.558664e+01  1.000000e+01  9.137886e+01
      vertex -1.711841e+01  1.000000e+01  9.175621e+01
      vertex -2.508237e+01  1.000000e+01  9.000627e+01
    endloop
  endfacet
  facet normal  0.000000e+00  1.000000e+00  0.000000e+00
    outer loop
      vertex -2.508237e+01  1.000000e+01  9.000627e+01
      vertex -1.711841e+01  1.000000e+01  9.175621e+01
      vertex -1.655506e+01  1.000000e+01  9.067637e+01
    endloop
  endfacet
  facet normal  0.000000e+00  1.000000e+00  0.000000e+00
    outer loop
      vertex -2.508237e+01  1.000000e+01  9.000627e+01
      vertex -1.655506e+01  1.000000e+01  9.067637e+01
      vertex -1.592367e+01  1.000000e+01  8.963483e+01
    endloop
  endfacet
  facet normal  0.000000e+00  9.999999e-01  0.000000e+00
    outer loop
      vertex -2.508237e+01  1.000000e+01  9.000627e+01
      vertex -1.592367e+01  1.000000e+01  8.963483e+01
      vertex -2.450454e+01  1.000000e+01  8.866299e+01
    endloop
  endfacet
  facet normal  -0.000000e+00  1.000000e+00  0.000000e+00
    outer loop
      vertex -2.450454e+01  1.000000e+01  8.866299e+01
      vertex -1.592367e+01  1.000000e+01  8.963483e+01
      vertex -1.522686e+01  1.000000e+01  8.863590e+01
    endloop
  endfacet
  facet normal  0.000000e+00  1.000000e+00  0.000000e+00
    outer loop
      vertex -2.450454e+01  1.000000e+01  8.866299e+01
      vertex -1.522686e+01  1.000000e+01  8.863590e+01
      vertex -2.385483e+01  1.000000e+01  8.735297e+01
    endloop
  endfacet
  facet normal  0.000000e+00  1.000000e+00  0.000000e+00
    outer loop
      vertex -2.385483e+01  1.000000e+01  8.735297e+01
      vertex -1.522686e+01  1.000000e+01  8.863590e+01
      vertex -1.446747e+01  1.000000e+01  8.768366e+01
    endloop
  endfacet
  facet normal  0.000000e+00  1.000000e+00  0.000000e+00
    outer loop
      vertex -2.385483e+01  1.000000e+01  8.735297e+01
      vertex -1.446747e+01  1.000000e+01  8.768366e+01
      vertex -2.313514e+01  1.000000e+01  8.608005e+01
    endloop
  endfacet
  facet normal  0.000000e+00  1.000000e+00  0.000000e+00
    outer loop
      vertex -2.313514e+01  1.000000e+01  8.608005e+01
      vertex -1.446747e+01  1.000000e+01  8.768366e+01
      vertex -1.364864e+01  1.000000e+01  8.678203e+01
    endloop
  endfacet
  facet normal  0.000000e+00  1.000000e+00  0.000000e+00
    outer loop
      vertex -2.313514e+01  1.000000e+01  8.608005e+01
      vertex -1.364864e+01  1.000000e+01  8.678203e+01
      vertex -1.277372e+01  1.000000e+01  8.593472e+01
    endloop
  endfacet
  facet normal  0.000000e+00  1.000000e+00  0.000000e+00
    outer loop
      vertex -2.313514e+01  1.000000e+01  8.608005e+01
      vertex -1.277372e+01  1.000000e+01  8.593472e+01
      vertex -2.234760e+01  1.000000e+01  8.484795e+01
    endloop
  endfacet
  facet normal  0.000000e+00  1.000000e+00  0.000000e+00
    outer loop
      vertex -2.234760e+01  1.000000e+01  8.484795e+01
      vertex -1.277372e+01  1.000000e+01  8.593472e+01
      vertex -1.184631e+01  1.000000e+01  8.514520e+01
    endloop
  endfacet
  facet normal  0.000000e+00  1.000000e+00  0.000000e+00
    outer loop
      vertex -2.234760e+01  1.000000e+01  8.484795e+01
      vertex -1.184631e+01  1.000000e+01  8.514520e+01
      vertex -2.149451e+01  1.000000e+01  8.366029e+01
    endloop
  endfacet
  facet normal  0.000000e+00  1.000000e+00  0.000000e+00
    outer loop
      vertex -2.149451e+01  1.000000e+01  8.366029e+01
      vertex -1.184631e+01  1.000000e+01  8.514520e+01
      vertex -1.087022e+01  1.000000e+01  8.441673e+01
    endloop
  endfacet
  facet normal  0.000000e+00  1.000000e+00  0.000000e+00
    outer loop
      vertex -2.149451e+01  1.000000e+01  8.366029e+01
      vertex -1.087022e+01  1.000000e+01  8.441673e+01
      vertex -9.849459e+00  1.000000e+01  8.375229e+01
    endloop
  endfacet
  facet normal  0.000000e+00  1.000000e+00  0.000000e+00
    outer loop
      vertex -2.149451e+01  1.000000e+01  8.366029e+01
      vertex -9.849459e+00  1.000000e+01  8.375229e+01
      vertex -2.057837e+01  1.000000e+01  8.252057e+01
    endloop
  endfacet
  facet normal  0.000000e+00  1.000000e+00  0.000000e+00
    outer loop
      vertex -2.057837e+01  1.000000e+01  8.252057e+01
      vertex -9.849459e+00  1.000000e+01  8.375229e+01
      vertex -8.788227e+00  1.000000e+01  8.315461e+01
    endloop
  endfacet
  facet normal  0.000000e+00  1.000000e+00  0.000000e+00
    outer loop
      vertex -2.057837e+01  1.000000e+01  8.252057e+01
      vertex -8.788227e+00  1.000000e+01  8.315461e+01
      vertex -7.690884e+00  1.000000e+01  8.262616e+01
    endloop
  endfacet
  facet normal  0.000000e+00  1.000000e+00  0.000000e+00
    outer loop
      vertex -2.057837e+01  1.000000e+01  8.252057e+01
      vertex -7.690884e+00  1.000000e+01  8.262616e+01
      vertex -1.960188e+01  1.000000e+01  8.143211e+01
    endloop
  endfacet
  facet normal  0.000000e+00  1.000000e+00  0.000000e+00
    outer loop
      vertex -1.960188e+01  1.000000e+01  8.143211e+01
      vertex -7.690884e+00  1.000000e+01  8.262616e+01
      vertex -6.561936e+00  1.000000e+01  8.216910e+01
    endloop
  endfacet
  facet normal  0.000000e+00  1.000000e+00  0.000000e+00
    outer loop
      vertex -1.960188e+01  1.000000e+01  8.143211e+01
      vertex -6.561936e+00  1.000000e+01  8.216910e+01
      vertex -5.406024e+00  1.000000e+01  8.178531e+01
    endloop
  endfacet
  facet normal  0.000000e+00  1.000000e+00  0.000000e+00
    outer loop
      vertex -1.747943e+01  1.000000e+01  7.942162e+01
      vertex  1.747943e+01  1.000000e+01  7.942162e+01
      vertex -1.633970e+01  1.000000e+01  7.850549e+01
    endloop
  endfacet
  facet normal  0.000000e+00  1.000000e+00  0.000000e+00
    outer loop
      vertex -1.633970e+01  1.000000e+01  7.850549e+01
      vertex  1.747943e+01  1.000000e+01  7.942162e+01
      vertex  1.633970e+01  1.000000e+01  7.850549e+01
    endloop
  endfacet
  facet normal  0.000000e+00  1.000000e+00  0.000000e+00
    outer loop
      vertex -1.633970e+01  1.000000e+01  7.850549e+01
      vertex  1.633970e+01  1.000000e+01  7.850549e+01
      vertex -1.515205e+01  1.000000e+01  7.765240e+01
    endloop
  endfacet
  facet normal  0.000000e+00  1.000000e+00  0.000000e+00
    outer loop
      vertex -1.515205e+01  1.000000e+01  7.765240e+01
      vertex  1.633970e+01  1.000000e+01  7.850549e+01
      vertex  1.515205e+01  1.000000e+01  7.765240e+01
    endloop
  endfacet
  facet normal  0.000000e+00  1.000000e+00  0.000000e+00
    outer loop
      vertex -1.515205e+01  1.000000e+01  7.765240e+01
      vertex  1.515205e+01  1.000000e+01  7.765240e+01
      vertex -1.391995e+01  1.000000e+01  7.686485e+01
    endloop
  endfacet
  facet normal  0.000000e+00  1.000000e+00  0.000000e+00
    outer loop
      vertex -1.391995e+01  1.000000e+01  7.686485e+01
      vertex  1.515205e+01  1.000000e+01  7.765240e+01
      vertex  1.391995e+01  1.000000e+01  7.686485e+01
    endloop
  endfacet
  facet normal  0.000000e+00  1.000000e+00  0.000000e+00
    outer loop
      vertex -1.391995e+01  1.000000e+01  7.686485e+01
      vertex  1.391995e+01  1.000000e+01  7.686485e+01
      vertex -1.264703e+01  1.000000e+01  7.614517e+01
    endloop
  endfacet
  facet normal  0.000000e+00  1.000000e+00  0.000000e+00
    outer loop
      vertex -1.264703e+01  1.000000e+01  7.614517e+01
      vertex  1.391995e+01  1.000000e+01  7.686485e+01
      vertex  1.264703e+01  1.000000e+01  7.614517e+01
    endloop
  endfacet
  facet normal  0.000000e+00  1.000000e+00  0.000000e+00
    outer loop
      vertex -1.264703e+01  1.000000e+01  7.614517e+01
      vertex  1.264703e+01  1.000000e+01  7.614517e+01
      vertex -1.133701e+01  1.000000e+01  7.549546e+01
    endloop
  endfacet
  facet normal  0.000000e+00  1.000000e+00  0.000000e+00
    outer loop
      vertex -1.133701e+01  1.000000e+01  7.549546e+01
      vertex  1.264703e+01  1.000000e+01  7.614517e+01
      vertex  1.133701e+01  1.000000e+01  7.549546e+01
    endloop
  endfacet
  facet normal  0.000000e+00  1.000000e+00  0.000000e+00
    outer loop
      vertex -1.133701e+01  1.000000e+01  7.549546e+01
      vertex  1.133701e+01  1.000000e+01  7.549546e+01
      vertex -9.993731e+00  1.000000e+01  7.491763e+01
    endloop
  endfacet
  facet normal  0.000000e+00  1.000000e+00  0.000000e+00
    outer loop
      vertex -9.993731e+00  1.000000e+01  7.491763e+01
      vertex  1.133701e+01  1.000000e+01  7.549546e+01
      vertex  9.993731e+00  1.000000e+01  7.491763e+01
    endloop
  endfacet
  facet normal  0.000000e+00  1.000000e+00  0.000000e+00
    outer loop
      vertex -9.993731e+00  1.000000e+01  7.491763e+01
      vertex  9.993731e+00  1.000000e+01  7.491763e+01
      vertex -8.621141e+00  1.000000e+01  7.441336e+01
    endloop
  endfacet
  facet normal  0.000000e+00  1.000000e+00  0.000000e+00
    outer loop
      vertex -8.621141e+00  1.000000e+01  7.441336e+01
      vertex  9.993731e+00  1.000000e+01  7.491763e+01
      vertex  8.621141e+00  1.000000e+01  7.441336e+01
    endloop
  endfacet
  facet normal  0.000000e+00  9.999999e-01  0.000000e+00
    outer loop
      vertex -8.621141e+00  1.000000e+01  7.441336e+01
      vertex  8.621141e+00  1.000000e+01  7.441336e+01
      vertex -7.223265e+00  1.000000e+01  7.398415e+01
    endloop
  endfacet
  facet normal  0.000000e+00  1.000000e+00  0.000000e+00
    outer loop
      vertex -7.223265e+00  1.000000e+01  7.398415e+01
      vertex  8.621141e+00  1.000000e+01  7.441336e+01
      vertex  7.223265e+00  1.000000e+01  7.398415e+01
    endloop
  endfacet
  facet normal  0.000000e+00  1.000000e+00  0.000000e+00
    outer loop
      vertex -7.223265e+00  1.000000e+01  7.398415e+01
      vertex  7.223265e+00  1.000000e+01  7.398415e+01
      vertex -5.804202e+00  1.000000e+01  7.363125e+01
    endloop
  endfacet
  facet normal  0.000000e+00  1.000000e+00  0.000000e+00
    outer loop
      vertex -5.804202e+00  1.000000e+01  7.363125e+01
      vertex  7.223265e+00  1.000000e+01  7.398415e+01
      vertex  5.804202e+00  1.000000e+01  7.363125e+01
    endloop
  endfacet
  facet normal  0.000000e+00  1.000000e+00  0.000000e+00
    outer loop
      vertex -5.804202e+00  1.000000e+01  7.363125e+01
      vertex  5.804202e+00  1.000000e+01  7.363125e+01
      vertex -4.368114e+00  1.000000e+01  7.335568e+01
    endloop
  endfacet
  facet normal  0.000000e+00  1.000000e+00  0.000000e+00
    outer loop
      vertex -4.368114e+00  1.000000e+01  7.335568e+01
      vertex  5.804202e+00  1.000000e+01  7.363125e+01
      vertex  4.368114e+00  1.000000e+01  7.335568e+01
    endloop
  endfacet
  facet normal  0.000000e+00  1.000000e+00  0.000000e+00
    outer loop
      vertex -4.368114e+00  1.000000e+01  7.335568e+01
      vertex  4.368114e+00  1.000000e+01  7.335568e+01
      vertex -2.919214e+00  1.000000e+01  7.315827e+01
    endloop
  endfacet
  facet normal  0.000000e+00  1.000000e+00  0.000000e+00
    outer loop
      vertex -2.919214e+00  1.000000e+01  7.315827e+01
      vertex  4.368114e+00  1.000000e+01  7.335568e+01
      vertex  2.919214e+00  1.000000e+01  7.315827e+01
    endloop
  endfacet
  facet normal  0.000000e+00  1.000000e+00  0.000000e+00
    outer loop
      vertex -2.919214e+00  1.000000e+01  7.315827e+01
      vertex  2.919214e+00  1.000000e+01  7.315827e+01
      vertex -1.461751e+00  1.000000e+01  7.303960e+01
    endloop
  endfacet
  facet normal  0.000000e+00  1.000000e+00  0.000000e+00
    outer loop
      vertex -1.461751e+00  1.000000e+01  7.303960e+01
      vertex  2.919214e+00  1.000000e+01  7.315827e+01
      vertex  1.461751e+00  1.000000e+01  7.303960e+01
    endloop
  endfacet
  facet normal  0.000000e+00  1.000000e+00  0.000000e+00
    outer loop
      vertex -1.461751e+00  1.000000e+01  7.303960e+01
      vertex  1.461751e+00  1.000000e+01  7.303960e+01
      vertex  2.894064e-14  1.000000e+01  7.300000e+01
    endloop
  endfacet
  facet normal  0.000000e+00  1.000000e+00  0.000000e+00
    outer loop
      vertex  1.900000e+01  1.000000e+01  1.000000e+02
      vertex  2.700000e+01  1.000000e+01  1.000000e+02
      vertex  1.896096e+01  1.000000e+01  9.878267e+01
    endloop
  endfacet
  facet normal  -0.000000e+00  9.999999e-01  0.000000e+00
    outer loop
      vertex  1.896096e+01  1.000000e+01  9.878267e+01
      vertex  2.700000e+01  1.000000e+01  1.000000e+02
      vertex  2.696040e+01  1.000000e+01  9.853825e+01
    endloop
  endfacet
  facet normal  0.000000e+00  1.000000e+00  0.000000e+00
    outer loop
      vertex  1.896096e+01  1.000000e+01  9.878267e+01
      vertex  2.696040e+01  1.000000e+01  9.853825e+01
      vertex  1.884401e+01  1.000000e+01  9.757034e+01
    endloop
  endfacet
  facet normal  -0.000000e+00  9.999999e-01  0.000000e+00
    outer loop
      vertex  1.884401e+01  1.000000e+01  9.757034e+01
      vertex  2.696040e+01  1.000000e+01  9.853825e+01
      vertex  2.684172e+01  1.000000e+01  9.708079e+01
    endloop
  endfacet
  facet normal  0.000000e+00  1.000000e+00  0.000000e+00
    outer loop
      vertex  1.884401e+01  1.000000e+01  9.757034e+01
      vertex  2.684172e+01  1.000000e+01  9.708079e+01
      vertex  1.864962e+01  1.000000e+01  9.636799e+01
    endloop
  endfacet
  facet normal  -0.000000e+00  1.000000e+00  0.000000e+00
    outer loop
      vertex  1.864962e+01  1.000000e+01  9.636799e+01
      vertex  2.684172e+01  1.000000e+01  9.708079e+01
      vertex  2.664432e+01  1.000000e+01  9.563189e+01
    endloop
  endfacet
  facet normal  0.000000e+00  1.000000e+00  0.000000e+00
    outer loop
      vertex  1.864962e+01  1.000000e+01  9.636799e+01
      vertex  2.664432e+01  1.000000e+01  9.563189e+01
      vertex  1.837860e+01  1.000000e+01  9.518056e+01
    endloop
  endfacet
  facet normal  0.000000e+00  1.000000e+00  0.000000e+00
    outer loop
      vertex  1.837860e+01  1.000000e+01  9.518056e+01
      vertex  2.664432e+01  1.000000e+01  9.563189e+01
      vertex  1.803206e+01  1.000000e+01  9.401295e+01
    endloop
  endfacet
  facet normal  0.000000e+00  1.000000e+00  0.000000e+00
    outer loop
      vertex  1.803206e+01  1.000000e+01  9.401295e+01
      vertex  2.664432e+01  1.000000e+01  9.563189e+01
      vertex  2.636876e+01  1.000000e+01  9.419580e+01
    endloop
  endfacet
  facet normal  0.000000e+00  1.000000e+00  0.000000e+00
    outer loop
      vertex  1.803206e+01  1.000000e+01  9.401295e+01
      vertex  2.636876e+01  1.000000e+01  9.419580e+01
      vertex  1.761142e+01  1.000000e+01  9.286993e+01
    endloop
  endfacet
  facet normal  -0.000000e+00  1.000000e+00  0.000000e+00
    outer loop
      vertex  1.761142e+01  1.000000e+01  9.286993e+01
      vertex  2.636876e+01  1.000000e+01  9.419580e+01
      vertex  2.601585e+01  1.000000e+01  9.277673e+01
    endloop
  endfacet
  facet normal  0.000000e+00  1.000000e+00  0.000000e+00
    outer loop
      vertex  1.761142e+01  1.000000e+01  9.286993e+01
      vertex  2.601585e+01  1.000000e+01  9.277673e+01
      vertex  1.711841e+01  1.000000e+01  9.175621e+01
    endloop
  endfacet
  facet normal  -0.000000e+00  1.000000e+00  0.000000e+00
    outer loop
      vertex  1.711841e+01  1.000000e+01  9.175621e+01
      vertex  2.601585e+01  1.000000e+01  9.277673e+01
      vertex  2.558664e+01  1.000000e+01  9.137886e+01
    endloop
  endfacet
  facet normal  0.000000e+00  1.000000e+00  0.000000e+00
    outer loop
      vertex  1.711841e+01  1.000000e+01  9.175621e+01
      vertex  2.558664e+01  1.000000e+01  9.137886e+01
      vertex  1.655506e+01  1.000000e+01  9.067637e+01
    endloop
  endfacet
  facet normal  -0.000000e+00  1.000000e+00  0.000000e+00
    outer loop
      vertex  1.655506e+01  1.000000e+01  9.067637e+01
      vertex  2.558664e+01  1.000000e+01  9.137886e+01
      vertex  2.508237e+01  1.000000e+01  9.000627e+01
    endloop
  endfacet
  facet normal  0.000000e+00  1.000000e+00  0.000000e+00
    outer loop
      vertex  1.655506e+01  1.000000e+01  9.067637e+01
      vertex  2.508237e+01  1.000000e+01  9.000627e+01
      vertex  1.592367e+01  1.000000e+01  8.963483e+01
    endloop
  endfacet
  facet normal  0.000000e+00  1.000000e+00  0.000000e+00
    outer loop
      vertex  1.592367e+01  1.000000e+01  8.963483e+01
      vertex  2.508237e+01  1.000000e+01  9.000627e+01
      vertex  1.522686e+01  1.000000e+01  8.863590e+01
    endloop
  endfacet
  facet normal  0.000000e+00  1.000000e+00  0.000000e+00
    outer loop
      vertex  1.522686e+01  1.000000e+01  8.863590e+01
      vertex  2.508237e+01  1.000000e+01  9.000627e+01
      vertex  2.450454e+01  1.000000e+01  8.866299e+01
    endloop
  endfacet
  facet normal  0.000000e+00  1.000000e+00  0.000000e+00
    outer loop
      vertex  1.522686e+01  1.000000e+01  8.863590e+01
      vertex  2.450454e+01  1.000000e+01  8.866299e+01
      vertex  1.446747e+01  1.000000e+01  8.768366e+01
    endloop
  endfacet
  facet normal  -0.000000e+00  1.000000e+00  0.000000e+00
    outer loop
      vertex  1.446747e+01  1.000000e+01  8.768366e+01
      vertex  2.450454e+01  1.000000e+01  8.866299e+01
      vertex  2.385483e+01  1.000000e+01  8.735297e+01
    endloop
  endfacet
  facet normal  0.000000e+00  1.000000e+00  0.000000e+00
    outer loop
      vertex  1.446747e+01  1.000000e+01  8.768366e+01
      vertex  2.385483e+01  1.000000e+01  8.735297e+01
      vertex  1.364864e+01  1.000000e+01  8.678203e+01
    endloop
  endfacet
  facet normal  -0.000000e+00  9.999999e-01  0.000000e+00
    outer loop
      vertex  1.364864e+01  1.000000e+01  8.678203e+01
      vertex  2.385483e+01  1.000000e+01  8.735297e+01
      vertex  2.313514e+01  1.000000e+01  8.608005e+01
    endloop
  endfacet
  facet normal  0.000000e+00  1.000000e+00  0.000000e+00
    outer loop
      vertex  1.364864e+01  1.000000e+01  8.678203e+01
      vertex  2.313514e+01  1.000000e+01  8.608005e+01
      vertex  1.277372e+01  1.000000e+01  8.593472e+01
    endloop
  endfacet
  facet normal  0.000000e+00  1.000000e+00  0.000000e+00
    outer loop
      vertex  1.277372e+01  1.000000e+01  8.593472e+01
      vertex  2.313514e+01  1.000000e+01  8.608005e+01
      vertex  1.184631e+01  1.000000e+01  8.514520e+01
    endloop
  endfacet
  facet normal  -0.000000e+00  1.000000e+00  0.000000e+00
    outer loop
      vertex  1.184631e+01  1.000000e+01  8.514520e+01
      vertex  2.313514e+01  1.000000e+01  8.608005e+01
      vertex  2.234760e+01  1.000000e+01  8.484795e+01
    endloop
  endfacet
  facet normal  0.000000e+00  1.000000e+00  0.000000e+00
    outer loop
      vertex  1.184631e+01  1.000000e+01  8.514520e+01
      vertex  2.234760e+01  1.000000e+01  8.484795e+01
      vertex  1.087022e+01  1.000000e+01  8.441673e+01
    endloop
  endfacet
  facet normal  -0.000000e+00  1.000000e+00  0.000000e+00
    outer loop
      vertex  1.087022e+01  1.000000e+01  8.441673e+01
      vertex  2.234760e+01  1.000000e+01  8.484795e+01
      vertex  2.149451e+01  1.000000e+01  8.366029e+01
    endloop
  endfacet
  facet normal  0.000000e+00  1.000000e+00  0.000000e+00
    outer loop
      vertex  1.087022e+01  1.000000e+01  8.441673e+01
      vertex  2.149451e+01  1.000000e+01  8.366029e+01
      vertex  9.849459e+00  1.000000e+01  8.375229e+01
    endloop
  endfacet
  facet normal  0.000000e+00  1.000000e+00  0.000000e+00
    outer loop
      vertex  9.849459e+00  1.000000e+01  8.375229e+01
      vertex  2.149451e+01  1.000000e+01  8.366029e+01
      vertex  8.788227e+00  1.000000e+01  8.315461e+01
    endloop
  endfacet
  facet normal  -0.000000e+00  1.000000e+00  0.000000e+00
    outer loop
      vertex  8.788227e+00  1.000000e+01  8.315461e+01
      vertex  2.149451e+01  1.000000e+01  8.366029e+01
      vertex  2.057837e+01  1.000000e+01  8.252057e+01
    endloop
  endfacet
  facet normal  0.000000e+00  1.000000e+00  0.000000e+00
    outer loop
      vertex  8.788227e+00  1.000000e+01  8.315461e+01
      vertex  2.057837e+01  1.000000e+01  8.252057e+01
      vertex  7.690884e+00  1.000000e+01  8.262616e+01
    endloop
  endfacet
  facet normal  0.000000e+00  1.000000e+00  0.000000e+00
    outer loop
      vertex  7.690884e+00  1.000000e+01  8.262616e+01
      vertex  2.057837e+01  1.000000e+01  8.252057e+01
      vertex  6.561936e+00  1.000000e+01  8.216910e+01
    endloop
  endfacet
  facet normal  -0.000000e+00  1.000000e+00  0.000000e+00
    outer loop
      vertex  6.561936e+00  1.000000e+01  8.216910e+01
      vertex  2.057837e+01  1.000000e+01  8.252057e+01
      vertex  1.960188e+01  1.000000e+01  8.143211e+01
    endloop
  endfacet
  facet normal  0.000000e+00  1.000000e+00  0.000000e+00
    outer loop
      vertex  6.561936e+00  1.000000e+01  8.216910e+01
      vertex  1.960188e+01  1.000000e+01  8.143211e+01
      vertex  5.406024e+00  1.000000e+01  8.178531e+01
    endloop
  endfacet
  facet normal  -0.000000e+00  1.000000e+00  0.000000e+00
    outer loop
      vertex  1.856788e+01  1.000000e+01  8.039812e+01
      vertex  3.032398e+00  1.000000e+01  8.124355e+01
      vertex  1.960188e+01  1.000000e+01  8.143211e+01
    endloop
  endfacet
  facet normal  0.000000e+00  1.000000e+00  0.000000e+00
    outer loop
      vertex  1.960188e+01  1.000000e+01  8.143211e+01
      vertex  3.032398e+00  1.000000e+01  8.124355e+01
      vertex  4.227898e+00  1.000000e+01  8.147637e+01
    endloop
  endfacet
  facet normal  -0.000000e+00  1.000000e+00  0.000000e+00
    outer loop
      vertex  1.960188e+01  1.000000e+01  8.143211e+01
      vertex  4.227898e+00  1.000000e+01  8.147637e+01
      vertex  5.406024e+00  1.000000e+01  8.178531e+01
    endloop
  endfacet
  facet normal  2.707852e-02  0.000000e+00  9.996333e-01
    outer loop
      vertex  2.894064e-14  1.000000e+01  7.300000e+01
      vertex -1.461751e+00  2.000000e+01  7.303960e+01
      vertex -1.461751e+00  1.000000e+01  7.303960e+01
    endloop
  endfacet
  facet normal  8.115729e-02  -0.000000e+00  9.967013e-01
    outer loop
      vertex -1.461751e+00  1.000000e+01  7.303960e+01
      vertex -1.461751e+00  2.000000e+01  7.303960e+01
      vertex -2.919214e+00  2.000000e+01  7.315827e+01
    endloop
  endfacet
  facet normal  8.115729e-02  0.000000e+00  9.967013e-01
    outer loop
      vertex -1.461751e+00  1.000000e+01  7.303960e+01
      vertex -2.919214e+00  2.000000e+01  7.315827e+01
      vertex -2.919214e+00  1.000000e+01  7.315827e+01
    endloop
  endfacet
  facet normal  1.350013e-01  -0.000000e+00  9.908454e-01
    outer loop
      vertex -2.919214e+00  1.000000e+01  7.315827e+01
      vertex -2.919214e+00  2.000000e+01  7.315827e+01
      vertex -4.368114e+00  2.000000e+01  7.335568e+01
    endloop
  endfacet
  facet normal  1.350013e-01  0.000000e+00  9.908454e-01
    outer loop
      vertex -2.919214e+00  1.000000e+01  7.315827e+01
      vertex -4.368114e+00  2.000000e+01  7.335568e+01
      vertex -4.368114e+00  1.000000e+01  7.335568e+01
    endloop
  endfacet
  facet normal  1.884486e-01  -0.000000e+00  9.820830e-01
    outer loop
      vertex -4.368114e+00  1.000000e+01  7.335568e+01
      vertex -4.368114e+00  2.000000e+01  7.335568e+01
      vertex -5.804202e+00  2.000000e+01  7.363125e+01
    endloop
  endfacet
  facet normal  1.884486e-01  0.000000e+00  9.820830e-01
    outer loop
      vertex -4.368114e+00  1.000000e+01  7.335568e+01
      vertex -5.804202e+00  2.000000e+01  7.363125e+01
      vertex -5.804202e+00  1.000000e+01  7.363125e+01
    endloop
  endfacet
  facet normal  2.413379e-01  -0.000000e+00  9.704410e-01
    outer loop
      vertex -5.804202e+00  1.000000e+01  7.363125e+01
      vertex -5.804202e+00  2.000000e+01  7.363125e+01
      vertex -7.223265e+00  2.000000e+01  7.398415e+01
    endloop
  endfacet
  facet normal  2.413379e-01  0.000000e+00  9.704410e-01
    outer loop
      vertex -5.804202e+00  1.000000e+01  7.363125e+01
      vertex -7.223265e+00  2.000000e+01  7.398415e+01
      vertex -7.223265e+00  1.000000e+01  7.398415e+01
    endloop
  endfacet
  facet normal  2.935179e-01  -0.000000e+00  9.559535e-01
    outer loop
      vertex -7.223265e+00  1.000000e+01  7.398415e+01
      vertex -7.223265e+00  2.000000e+01  7.398415e+01
      vertex -8.621141e+00  2.000000e+01  7.441336e+01
    endloop
  endfacet
  facet normal  2.935179e-01  0.000000e+00  9.559535e-01
    outer loop
      vertex -7.223265e+00  1.000000e+01  7.398415e+01
      vertex -8.621141e+00  2.000000e+01  7.441336e+01
      vertex -8.621141e+00  1.000000e+01  7.441336e+01
    endloop
  endfacet
  facet normal  3.448466e-01  -0.000000e+00  9.386590e-01
    outer loop
      vertex -8.621141e+00  1.000000e+01  7.441336e+01
      vertex -8.621141e+00  2.000000e+01  7.441336e+01
      vertex -9.993731e+00  2.000000e+01  7.491763e+01
    endloop
  endfacet
  facet normal  3.448466e-01  0.000000e+00  9.386590e-01
    outer loop
      vertex -8.621141e+00  1.000000e+01  7.441336e+01
      vertex -9.993731e+00  2.000000e+01  7.491763e+01
      vertex -9.993731e+00  1.000000e+01  7.491763e+01
    endloop
  endfacet
  facet normal  3.951586e-01  -0.000000e+00  9.186128e-01
    outer loop
      vertex -9.993731e+00  1.000000e+01  7.491763e+01
      vertex -9.993731e+00  2.000000e+01  7.491763e+01
      vertex -1.133701e+01  2.000000e+01  7.549546e+01
    endloop
  endfacet
  facet normal  3.951586e-01  0.000000e+00  9.186128e-01
    outer loop
      vertex -9.993731e+00  1.000000e+01  7.491763e+01
      vertex -1.133701e+01  2.000000e+01  7.549546e+01
      vertex -1.133701e+01  1.000000e+01  7.549546e+01
    endloop
  endfacet
  facet normal  4.443119e-01  -0.000000e+00  8.958721e-01
    outer loop
      vertex -1.133701e+01  1.000000e+01  7.549546e+01
      vertex -1.133701e+01  2.000000e+01  7.549546e+01
      vertex -1.264703e+01  2.000000e+01  7.614517e+01
    endloop
  endfacet
  facet normal  4.443119e-01  0.000000e+00  8.958721e-01
    outer loop
      vertex -1.133701e+01  1.000000e+01  7.549546e+01
      vertex -1.264703e+01  2.000000e+01  7.614517e+01
      vertex -1.264703e+01  1.000000e+01  7.614517e+01
    endloop
  endfacet
  facet normal  4.921613e-01  -0.000000e+00  8.705041e-01
    outer loop
      vertex -1.264703e+01  1.000000e+01  7.614517e+01
      vertex -1.264703e+01  2.000000e+01  7.614517e+01
      vertex -1.391995e+01  2.000000e+01  7.686485e+01
    endloop
  endfacet
  facet normal  4.921613e-01  0.000000e+00  8.705041e-01
    outer loop
      vertex -1.264703e+01  1.000000e+01  7.614517e+01
      vertex -1.391995e+01  2.000000e+01  7.686485e+01
      vertex -1.391995e+01  1.000000e+01  7.686485e+01
    endloop
  endfacet
  facet normal  5.385696e-01  -0.000000e+00  8.425810e-01
    outer loop
      vertex -1.391995e+01  1.000000e+01  7.686485e+01
      vertex -1.391995e+01  2.000000e+01  7.686485e+01
      vertex -1.515205e+01  2.000000e+01  7.765240e+01
    endloop
  endfacet
  facet normal  5.385696e-01  0.000000e+00  8.425810e-01
    outer loop
      vertex -1.391995e+01  1.000000e+01  7.686485e+01
      vertex -1.515205e+01  2.000000e+01  7.765240e+01
      vertex -1.515205e+01  1.000000e+01  7.765240e+01
    endloop
  endfacet
  facet normal  5.833936e-01  -0.000000e+00  8.121896e-01
    outer loop
      vertex -1.515205e+01  1.000000e+01  7.765240e+01
      vertex -1.515205e+01  2.000000e+01  7.765240e+01
      vertex -1.633970e+01  2.000000e+01  7.850549e+01
    endloop
  endfacet
  facet normal  5.833936e-01  0.000000e+00  8.121896e-01
    outer loop
      vertex -1.515205e+01  1.000000e+01  7.765240e+01
      vertex -1.633970e+01  2.000000e+01  7.850549e+01
      vertex -1.633970e+01  1.000000e+01  7.850549e+01
    endloop
  endfacet
  facet normal  6.265106e-01  -0.000000e+00  7.794130e-01
    outer loop
      vertex -1.633970e+01  1.000000e+01  7.850549e+01
      vertex -1.633970e+01  2.000000e+01  7.850549e+01
      vertex -1.747943e+01  2.000000e+01  7.942162e+01
    endloop
  endfacet
  facet normal  6.265106e-01  0.000000e+00  7.794130e-01
    outer loop
      vertex -1.633970e+01  1.000000e+01  7.850549e+01
      vertex -1.747943e+01  2.000000e+01  7.942162e+01
      vertex -1.747943e+01  1.000000e+01  7.942162e+01
    endloop
  endfacet
  facet normal  6.677895e-01  -0.000000e+00  7.443501e-01
    outer loop
      vertex -1.747943e+01  1.000000e+01  7.942162e+01
      vertex -1.747943e+01  2.000000e+01  7.942162e+01
      vertex -1.856788e+01  2.000000e+01  8.039812e+01
    endloop
  endfacet
  facet normal  6.677895e-01  0.000000e+00  7.443501e-01
    outer loop
      vertex -1.747943e+01  1.000000e+01  7.942162e+01
      vertex -1.856788e+01  2.000000e+01  8.039812e+01
      vertex -1.856788e+01  1.000000e+01  8.039812e+01
    endloop
  endfacet
  facet normal  7.071048e-01  -0.000000e+00  7.071087e-01
    outer loop
      vertex -1.856788e+01  1.000000e+01  8.039812e+01
      vertex -1.856788e+01  2.000000e+01  8.039812e+01
      vertex -1.960188e+01  2.000000e+01  8.143211e+01
    endloop
  endfacet
  facet normal  7.071048e-01  0.000000e+00  7.071087e-01
    outer loop
      vertex -1.856788e+01  1.000000e+01  8.039812e+01
      vertex -1.960188e+01  2.000000e+01  8.143211e+01
      vertex -1.960188e+01  1.000000e+01  8.143211e+01
    endloop
  endfacet
  facet normal  7.443520e-01  -0.000000e+00  6.677874e-01
    outer loop
      vertex -1.960188e+01  1.000000e+01  8.143211e+01
      vertex -1.960188e+01  2.000000e+01  8.143211e+01
      vertex -2.057837e+01  2.000000e+01  8.252057e+01
    endloop
  endfacet
  facet normal  7.443520e-01  0.000000e+00  6.677874e-01
    outer loop
      vertex -1.960188e+01  1.000000e+01  8.143211e+01
      vertex -2.057837e+01  2.000000e+01  8.252057e+01
      vertex -2.057837e+01  1.000000e+01  8.252057e+01
    endloop
  endfacet
  facet normal  7.794130e-01  -0.000000e+00  6.265106e-01
    outer loop
      vertex -2.057837e+01  1.000000e+01  8.252057e+01
      vertex -2.057837e+01  2.000000e+01  8.252057e+01
      vertex -2.149451e+01  2.000000e+01  8.366029e+01
    endloop
  endfacet
  facet normal  7.794130e-01  0.000000e+00  6.265106e-01
    outer loop
      vertex -2.057837e+01  1.000000e+01  8.252057e+01
      vertex -2.149451e+01  2.000000e+01  8.366029e+01
      vertex -2.149451e+01  1.000000e+01  8.366029e+01
    endloop
  endfacet
  facet normal  8.121887e-01  -0.000000e+00  5.833948e-01
    outer loop
      vertex -2.149451e+01  1.000000e+01  8.366029e+01
      vertex -2.149451e+01  2.000000e+01  8.366029e+01
      vertex -2.234760e+01  2.000000e+01  8.484795e+01
    endloop
  endfacet
  facet normal  8.121887e-01  0.000000e+00  5.833948e-01
    outer loop
      vertex -2.149451e+01  1.000000e+01  8.366029e+01
      vertex -2.234760e+01  2.000000e+01  8.484795e+01
      vertex -2.234760e+01  1.000000e+01  8.484795e+01
    endloop
  endfacet
  facet normal  8.425831e-01  -0.000000e+00  5.385662e-01
    outer loop
      vertex -2.234760e+01  1.000000e+01  8.484795e+01
      vertex -2.234760e+01  2.000000e+01  8.484795e+01
      vertex -2.313514e+01  2.000000e+01  8.608005e+01
    endloop
  endfacet
  facet normal  8.425831e-01  0.000000e+00  5.385662e-01
    outer loop
      vertex -2.234760e+01  1.000000e+01  8.484795e+01
      vertex -2.313514e+01  2.000000e+01  8.608005e+01
      vertex -2.313514e+01  1.000000e+01  8.608005e+01
    endloop
  endfacet
  facet normal  8.705035e-01  -0.000000e+00  4.921623e-01
    outer loop
      vertex -2.313514e+01  1.000000e+01  8.608005e+01
      vertex -2.313514e+01  2.000000e+01  8.608005e+01
      vertex -2.385483e+01  2.000000e+01  8.735297e+01
    endloop
  endfacet
  facet normal  8.705035e-01  0.000000e+00  4.921623e-01
    outer loop
      vertex -2.313514e+01  1.000000e+01  8.608005e+01
      vertex -2.385483e+01  2.000000e+01  8.735297e+01
      vertex -2.385483e+01  1.000000e+01  8.735297e+01
    endloop
  endfacet
  facet normal  8.958725e-01  -0.000000e+00  4.443114e-01
    outer loop
      vertex -2.385483e+01  1.000000e+01  8.735297e+01
      vertex -2.385483e+01  2.000000e+01  8.735297e+01
      vertex -2.450454e+01  2.000000e+01  8.866299e+01
    endloop
  endfacet
  facet normal  8.958725e-01  0.000000e+00  4.443114e-01
    outer loop
      vertex -2.385483e+01  1.000000e+01  8.735297e+01
      vertex -2.450454e+01  2.000000e+01  8.866299e+01
      vertex -2.450454e+01  1.000000e+01  8.866299e+01
    endloop
  endfacet
  facet normal  9.186130e-01  -0.000000e+00  3.951581e-01
    outer loop
      vertex -2.450454e+01  1.000000e+01  8.866299e+01
      vertex -2.450454e+01  2.000000e+01  8.866299e+01
      vertex -2.508237e+01  2.000000e+01  9.000627e+01
    endloop
  endfacet
  facet normal  9.186130e-01  0.000000e+00  3.951581e-01
    outer loop
      vertex -2.450454e+01  1.000000e+01  8.866299e+01
      vertex -2.508237e+01  2.000000e+01  9.000627e+01
      vertex -2.508237e+01  1.000000e+01  9.000627e+01
    endloop
  endfacet
  facet normal  9.386590e-01  -0.000000e+00  3.448466e-01
    outer loop
      vertex -2.508237e+01  1.000000e+01  9.000627e+01
      vertex -2.508237e+01  2.000000e+01  9.000627e+01
      vertex -2.558664e+01  2.000000e+01  9.137886e+01
    endloop
  endfacet
  facet normal  9.386590e-01  0.000000e+00  3.448466e-01
    outer loop
      vertex -2.508237e+01  1.000000e+01  9.000627e+01
      vertex -2.558664e+01  2.000000e+01  9.137886e+01
      vertex -2.558664e+01  1.000000e+01  9.137886e+01
    endloop
  endfacet
  facet normal  9.559519e-01  -0.000000e+00  2.935234e-01
    outer loop
      vertex -2.558664e+01  1.000000e+01  9.137886e+01
      vertex -2.558664e+01  2.000000e+01  9.137886e+01
      vertex -2.601585e+01  2.000000e+01  9.277673e+01
    endloop
  endfacet
  facet normal  9.559519e-01  0.000000e+00  2.935234e-01
    outer loop
      vertex -2.558664e+01  1.000000e+01  9.137886e+01
      vertex -2.601585e+01  2.000000e+01  9.277673e+01
      vertex -2.601585e+01  1.000000e+01  9.277673e+01
    endloop
  endfacet
  facet normal  9.704413e-01  -0.000000e+00  2.413373e-01
    outer loop
      vertex -2.601585e+01  1.000000e+01  9.277673e+01
      vertex -2.601585e+01  2.000000e+01  9.277673e+01
      vertex -2.636876e+01  2.000000e+01  9.419580e+01
    endloop
  endfacet
  facet normal  9.704413e-01  0.000000e+00  2.413373e-01
    outer loop
      vertex -2.601585e+01  1.000000e+01  9.277673e+01
      vertex -2.636876e+01  2.000000e+01  9.419580e+01
      vertex -2.636876e+01  1.000000e+01  9.419580e+01
    endloop
  endfacet
  facet normal  9.820838e-01  -0.000000e+00  1.884448e-01
    outer loop
      vertex -2.636876e+01  1.000000e+01  9.419580e+01
      vertex -2.636876e+01  2.000000e+01  9.419580e+01
      vertex -2.664432e+01  2.000000e+01  9.563189e+01
    endloop
  endfacet
  facet normal  9.820838e-01  0.000000e+00  1.884448e-01
    outer loop
      vertex -2.636876e+01  1.000000e+01  9.419580e+01
      vertex -2.664432e+01  2.000000e+01  9.563189e+01
      vertex -2.664432e+01  1.000000e+01  9.563189e+01
    endloop
  endfacet
  facet normal  9.908456e-01  -0.000000e+00  1.350002e-01
    outer loop
      vertex -2.664432e+01  1.000000e+01  9.563189e+01
      vertex -2.664432e+01  2.000000e+01  9.563189e+01
      vertex -2.684172e+01  2.000000e+01  9.708079e+01
    endloop
  endfacet
  facet normal  9.908456e-01  0.000000e+00  1.350002e-01
    outer loop
      vertex -2.664432e+01  1.000000e+01  9.563189e+01
      vertex -2.684172e+01  2.000000e+01  9.708079e+01
      vertex -2.684172e+01  1.000000e+01  9.708079e+01
    endloop
  endfacet
  facet normal  9.967011e-01  -0.000000e+00  8.115883e-02
    outer loop
      vertex -2.684172e+01  1.000000e+01  9.708079e+01
      vertex -2.684172e+01  2.000000e+01  9.708079e+01
      vertex -2.696040e+01  2.000000e+01  9.853825e+01
    endloop
  endfacet
  facet normal  9.967011e-01  0.000000e+00  8.115883e-02
    outer loop
      vertex -2.684172e+01  1.000000e+01  9.708079e+01
      vertex -2.696040e+01  2.000000e+01  9.853825e+01
      vertex -2.696040e+01  1.000000e+01  9.853825e+01
    endloop
  endfacet
  facet normal  9.996333e-01  -0.000000e+00  2.707976e-02
    outer loop
      vertex -2.696040e+01  1.000000e+01  9.853825e+01
      vertex -2.696040e+01  2.000000e+01  9.853825e+01
      vertex -2.700000e+01  2.000000e+01  1.000000e+02
    endloop
  endfacet
  facet normal  9.996333e-01  0.000000e+00  2.707976e-02
    outer loop
      vertex -2.696040e+01  1.000000e+01  9.853825e+01
      vertex -2.700000e+01  2.000000e+01  1.000000e+02
      vertex -2.700000e+01  1.000000e+01  1.000000e+02
    endloop
  endfacet
  facet normal  2.707852e-02  6.493649e-17  9.996333e-01
    outer loop
      vertex -1.461751e+00  2.000000e+01  7.303960e+01
      vertex  2.894064e-14  1.000000e+01  7.300000e+01
      vertex  4.959820e-15  2.000000e+01  7.300000e+01
    endloop
  endfacet
  facet normal -2.707852e-02 -6.493649e-17  9.996333e-01
    outer loop
      vertex  4.959820e-15  2.000000e+01  7.300000e+01
      vertex  2.894064e-14  1.000000e+01  7.300000e+01
      vertex  1.461751e+00  1.000000e+01  7.303960e+01
    endloop
  endfacet
  facet normal -2.707852e-02  0.000000e+00  9.996333e-01
    outer loop
      vertex  4.959820e-15  2.000000e+01  7.300000e+01
      vertex  1.461751e+00  1.000000e+01  7.303960e+01
      vertex  1.461751e+00  2.000000e+01  7.303960e+01
    endloop
  endfacet
  facet normal -8.115729e-02  0.000000e+00  9.967013e-01
    outer loop
      vertex  1.461751e+00  2.000000e+01  7.303960e+01
      vertex  1.461751e+00  1.000000e+01  7.303960e+01
      vertex  2.919214e+00  1.000000e+01  7.315827e+01
    endloop
  endfacet
  facet normal -8.115729e-02  0.000000e+00  9.967013e-01
    outer loop
      vertex  1.461751e+00  2.000000e+01  7.303960e+01
      vertex  2.919214e+00  1.000000e+01  7.315827e+01
      vertex  2.919214e+00  2.000000e+01  7.315827e+01
    endloop
  endfacet
  facet normal -1.350013e-01  0.000000e+00  9.908454e-01
    outer loop
      vertex  2.919214e+00  2.000000e+01  7.315827e+01
      vertex  2.919214e+00  1.000000e+01  7.315827e+01
      vertex  4.368114e+00  1.000000e+01  7.335568e+01
    endloop
  endfacet
  facet normal -1.350013e-01  0.000000e+00  9.908454e-01
    outer loop
      vertex  2.919214e+00  2.000000e+01  7.315827e+01
      vertex  4.368114e+00  1.000000e+01  7.335568e+01
      vertex  4.368114e+00  2.000000e+01  7.335568e+01
    endloop
  endfacet
  facet normal -1.884486e-01  0.000000e+00  9.820830e-01
    outer loop
      vertex  4.368114e+00  2.000000e+01  7.335568e+01
      vertex  4.368114e+00  1.000000e+01  7.335568e+01
      vertex  5.804202e+00  1.000000e+01  7.363125e+01
    endloop
  endfacet
  facet normal -1.884486e-01  0.000000e+00  9.820830e-01
    outer loop
      vertex  4.368114e+00  2.000000e+01  7.335568e+01
      vertex  5.804202e+00  1.000000e+01  7.363125e+01
      vertex  5.804202e+00  2.000000e+01  7.363125e+01
    endloop
  endfacet
  facet normal -2.413379e-01  0.000000e+00  9.704410e-01
    outer loop
      vertex  5.804202e+00  2.000000e+01  7.363125e+01
      vertex  5.804202e+00  1.000000e+01  7.363125e+01
      vertex  7.223265e+00  1.000000e+01  7.398415e+01
    endloop
  endfacet
  facet normal -2.413379e-01  0.000000e+00  9.704410e-01
    outer loop
      vertex  5.804202e+00  2.000000e+01  7.363125e+01
      vertex  7.223265e+00  1.000000e+01  7.398415e+01
      vertex  7.223265e+00  2.000000e+01  7.398415e+01
    endloop
  endfacet
  facet normal -2.935179e-01  0.000000e+00  9.559535e-01
    outer loop
      vertex  7.223265e+00  2.000000e+01  7.398415e+01
      vertex  7.223265e+00  1.000000e+01  7.398415e+01
      vertex  8.621141e+00  1.000000e+01  7.441336e+01
    endloop
  endfacet
  facet normal -2.935179e-01  0.000000e+00  9.559535e-01
    outer loop
      vertex  7.223265e+00  2.000000e+01  7.398415e+01
      vertex  8.621141e+00  1.000000e+01  7.441336e+01
      vertex  8.621141e+00  2.000000e+01  7.441336e+01
    endloop
  endfacet
  facet normal -3.448466e-01  0.000000e+00  9.386590e-01
    outer loop
      vertex  8.621141e+00  2.000000e+01  7.441336e+01
      vertex  8.621141e+00  1.000000e+01  7.441336e+01
      vertex  9.993731e+00  1.000000e+01  7.491763e+01
    endloop
  endfacet
  facet normal -3.448466e-01  0.000000e+00  9.386590e-01
    outer loop
      vertex  8.621141e+00  2.000000e+01  7.441336e+01
      vertex  9.993731e+00  1.000000e+01  7.491763e+01
      vertex  9.993731e+00  2.000000e+01  7.491763e+01
    endloop
  endfacet
  facet normal -3.951586e-01  0.000000e+00  9.186128e-01
    outer loop
      vertex  9.993731e+00  2.000000e+01  7.491763e+01
      vertex  9.993731e+00  1.000000e+01  7.491763e+01
      vertex  1.133701e+01  1.000000e+01  7.549546e+01
    endloop
  endfacet
  facet normal -3.951586e-01  0.000000e+00  9.186128e-01
    outer loop
      vertex  9.993731e+00  2.000000e+01  7.491763e+01
      vertex  1.133701e+01  1.000000e+01  7.549546e+01
      vertex  1.133701e+01  2.000000e+01  7.549546e+01
    endloop
  endfacet
  facet normal -4.443119e-01  0.000000e+00  8.958721e-01
    outer loop
      vertex  1.133701e+01  2.000000e+01  7.549546e+01
      vertex  1.133701e+01  1.000000e+01  7.549546e+01
      vertex  1.264703e+01  1.000000e+01  7.614517e+01
    endloop
  endfacet
  facet normal -4.443119e-01  0.000000e+00  8.958721e-01
    outer loop
      vertex  1.133701e+01  2.000000e+01  7.549546e+01
      vertex  1.264703e+01  1.000000e+01  7.614517e+01
      vertex  1.264703e+01  2.000000e+01  7.614517e+01
    endloop
  endfacet
  facet normal -4.921613e-01  0.000000e+00  8.705041e-01
    outer loop
      vertex  1.264703e+01  2.000000e+01  7.614517e+01
      vertex  1.264703e+01  1.000000e+01  7.614517e+01
      vertex  1.391995e+01  1.000000e+01  7.686485e+01
    endloop
  endfacet
  facet normal -4.921613e-01  0.000000e+00  8.705041e-01
    outer loop
      vertex  1.264703e+01  2.000000e+01  7.614517e+01
      vertex  1.391995e+01  1.000000e+01  7.686485e+01
      vertex  1.391995e+01  2.000000e+01  7.686485e+01
    endloop
  endfacet
  facet normal -5.385696e-01  0.000000e+00  8.425810e-01
    outer loop
      vertex  1.391995e+01  2.000000e+01  7.686485e+01
      vertex  1.391995e+01  1.000000e+01  7.686485e+01
      vertex  1.515205e+01  1.000000e+01  7.765240e+01
    endloop
  endfacet
  facet normal -5.385696e-01  0.000000e+00  8.425810e-01
    outer loop
      vertex  1.391995e+01  2.000000e+01  7.686485e+01
      vertex  1.515205e+01  1.000000e+01  7.765240e+01
      vertex  1.515205e+01  2.000000e+01  7.765240e+01
    endloop
  endfacet
  facet normal -5.833936e-01  0.000000e+00  8.121896e-01
    outer loop
      vertex  1.515205e+01  2.000000e+01  7.765240e+01
      vertex  1.515205e+01  1.000000e+01  7.765240e+01
      vertex  1.633970e+01  1.000000e+01  7.850549e+01
    endloop
  endfacet
  facet normal -5.833936e-01  0.000000e+00  8.121896e-01
    outer loop
      vertex  1.515205e+01  2.000000e+01  7.765240e+01
      vertex  1.633970e+01  1.000000e+01  7.850549e+01
      vertex  1.633970e+01  2.000000e+01  7.850549e+01
    endloop
  endfacet
  facet normal -6.265106e-01  0.000000e+00  7.794130e-01
    outer loop
      vertex  1.633970e+01  2.000000e+01  7.850549e+01
      vertex  1.633970e+01  1.000000e+01  7.850549e+01
      vertex  1.747943e+01  1.000000e+01  7.942162e+01
    endloop
  endfacet
  facet normal -6.265106e-01  0.000000e+00  7.794130e-01
    outer loop
      vertex  1.633970e+01  2.000000e+01  7.850549e+01
      vertex  1.747943e+01  1.000000e+01  7.942162e+01
      vertex  1.747943e+01  2.000000e+01  7.942162e+01
    endloop
  endfacet
  facet normal -6.677895e-01  0.000000e+00  7.443501e-01
    outer loop
      vertex  1.747943e+01  2.000000e+01  7.942162e+01
      vertex  1.747943e+01  1.000000e+01  7.942162e+01
      vertex  1.856788e+01  1.000000e+01  8.039812e+01
    endloop
  endfacet
  facet normal -6.677895e-01  0.000000e+00  7.443501e-01
    outer loop
      vertex  1.747943e+01  2.000000e+01  7.942162e+01
      vertex  1.856788e+01  1.000000e+01  8.039812e+01
      vertex  1.856788e+01  2.000000e+01  8.039812e+01
    endloop
  endfacet
  facet normal -7.071048e-01  0.000000e+00  7.071087e-01
    outer loop
      vertex  1.856788e+01  2.000000e+01  8.039812e+01
      vertex  1.856788e+01  1.000000e+01  8.039812e+01
      vertex  1.960188e+01  1.000000e+01  8.143211e+01
    endloop
  endfacet
  facet normal -7.071048e-01  0.000000e+00  7.071087e-01
    outer loop
      vertex  1.856788e+01  2.000000e+01  8.039812e+01
      vertex  1.960188e+01  1.000000e+01  8.143211e+01
      vertex  1.960188e+01  2.000000e+01  8.143211e+01
    endloop
  endfacet
  facet normal -7.443520e-01  0.000000e+00  6.677874e-01
    outer loop
      vertex  1.960188e+01  2.000000e+01  8.143211e+01
      vertex  1.960188e+01  1.000000e+01  8.143211e+01
      vertex  2.057837e+01  1.000000e+01  8.252057e+01
    endloop
  endfacet
  facet normal -7.443520e-01  0.000000e+00  6.677874e-01
    outer loop
      vertex  1.960188e+01  2.000000e+01  8.143211e+01
      vertex  2.057837e+01  1.000000e+01  8.252057e+01
      vertex  2.057837e+01  2.000000e+01  8.252057e+01
    endloop
  endfacet
  facet normal -7.794130e-01  0.000000e+00  6.265106e-01
    outer loop
      vertex  2.057837e+01  2.000000e+01  8.252057e+01
      vertex  2.057837e+01  1.000000e+01  8.252057e+01
      vertex  2.149451e+01  1.000000e+01  8.366029e+01
    endloop
  endfacet
  facet normal -7.794130e-01  0.000000e+00  6.265106e-01
    outer loop
      vertex  2.057837e+01  2.000000e+01  8.252057e+01
      vertex  2.149451e+01  1.000000e+01  8.366029e+01
      vertex  2.149451e+01  2.000000e+01  8.366029e+01
    endloop
  endfacet
  facet normal -8.121887e-01  0.000000e+00  5.833948e-01
    outer loop
      vertex  2.149451e+01  2.000000e+01  8.366029e+01
      vertex  2.149451e+01  1.000000e+01  8.366029e+01
      vertex  2.234760e+01  1.000000e+01  8.484795e+01
    endloop
  endfacet
  facet normal -8.121887e-01  0.000000e+00  5.833948e-01
    outer loop
      vertex  2.149451e+01  2.000000e+01  8.366029e+01
      vertex  2.234760e+01  1.000000e+01  8.484795e+01
      vertex  2.234760e+01  2.000000e+01  8.484795e+01
    endloop
  endfacet
  facet normal -8.425831e-01  0.000000e+00  5.385662e-01
    outer loop
      vertex  2.234760e+01  2.000000e+01  8.484795e+01
      vertex  2.234760e+01  1.000000e+01  8.484795e+01
      vertex  2.313514e+01  1.000000e+01  8.608005e+01
    endloop
  endfacet
  facet normal -8.425831e-01  0.000000e+00  5.385662e-01
    outer loop
      vertex  2.234760e+01  2.000000e+01  8.484795e+01
      vertex  2.313514e+01  1.000000e+01  8.608005e+01
      vertex  2.313514e+01  2.000000e+01  8.608005e+01
    endloop
  endfacet
  facet normal -8.705035e-01  0.000000e+00  4.921623e-01
    outer loop
      vertex  2.313514e+01  2.000000e+01  8.608005e+01
      vertex  2.313514e+01  1.000000e+01  8.608005e+01
      vertex  2.385483e+01  1.000000e+01  8.735297e+01
    endloop
  endfacet
  facet normal -8.705035e-01  0.000000e+00  4.921623e-01
    outer loop
      vertex  2.313514e+01  2.000000e+01  8.608005e+01
      vertex  2.385483e+01  1.000000e+01  8.735297e+01
      vertex  2.385483e+01  2.000000e+01  8.735297e+01
    endloop
  endfacet
  facet normal -8.958725e-01  0.000000e+00  4.443114e-01
    outer loop
      vertex  2.385483e+01  2.000000e+01  8.735297e+01
      vertex  2.385483e+01  1.000000e+01  8.735297e+01
      vertex  2.450454e+01  1.000000e+01  8.866299e+01
    endloop
  endfacet
  facet normal -8.958725e-01  0.000000e+00  4.443114e-01
    outer loop
      vertex  2.385483e+01  2.000000e+01  8.735297e+01
      vertex  2.450454e+01  1.000000e+01  8.866299e+01
      vertex  2.450454e+01  2.000000e+01  8.866299e+01
    endloop
  endfacet
  facet normal -9.186130e-01  0.000000e+00  3.951581e-01
    outer loop
      vertex  2.450454e+01  2.000000e+01  8.866299e+01
      vertex  2.450454e+01  1.000000e+01  8.866299e+01
      vertex  2.508237e+01  1.000000e+01  9.000627e+01
    endloop
  endfacet
  facet normal -9.186130e-01  0.000000e+00  3.951581e-01
    outer loop
      vertex  2.450454e+01  2.000000e+01  8.866299e+01
      vertex  2.508237e+01  1.000000e+01  9.000627e+01
      vertex  2.508237e+01  2.000000e+01  9.000627e+01
    endloop
  endfacet
  facet normal -9.386590e-01  0.000000e+00  3.448466e-01
    outer loop
      vertex  2.508237e+01  2.000000e+01  9.000627e+01
      vertex  2.508237e+01  1.000000e+01  9.000627e+01
      vertex  2.558664e+01  1.000000e+01  9.137886e+01
    endloop
  endfacet
  facet normal -9.386590e-01  0.000000e+00  3.448466e-01
    outer loop
      vertex  2.508237e+01  2.000000e+01  9.000627e+01
      vertex  2.558664e+01  1.000000e+01  9.137886e+01
      vertex  2.558664e+01  2.000000e+01  9.137886e+01
    endloop
  endfacet
  facet normal -9.559519e-01  0.000000e+00  2.935234e-01
    outer loop
      vertex  2.558664e+01  2.000000e+01  9.137886e+01
      vertex  2.558664e+01  1.000000e+01  9.137886e+01
      vertex  2.601585e+01  1.000000e+01  9.277673e+01
    endloop
  endfacet
  facet normal -9.559519e-01  0.000000e+00  2.935234e-01
    outer loop
      vertex  2.558664e+01  2.000000e+01  9.137886e+01
      vertex  2.601585e+01  1.000000e+01  9.277673e+01
      vertex  2.601585e+01  2.000000e+01  9.277673e+01
    endloop
  endfacet
  facet normal -9.704413e-01  0.000000e+00  2.413373e-01
    outer loop
      vertex  2.601585e+01  2.000000e+01  9.277673e+01
      vertex  2.601585e+01  1.000000e+01  9.277673e+01
      vertex  2.636876e+01  1.000000e+01  9.419580e+01
    endloop
  endfacet
  facet normal -9.704413e-01  0.000000e+00  2.413373e-01
    outer loop
      vertex  2.601585e+01  2.000000e+01  9.277673e+01
      vertex  2.636876e+01  1.000000e+01  9.419580e+01
      vertex  2.636876e+01  2.000000e+01  9.419580e+01
    endloop
  endfacet
  facet normal -9.820838e-01  0.000000e+00  1.884448e-01
    outer loop
      vertex  2.636876e+01  2.000000e+01  9.419580e+01
      vertex  2.636876e+01  1.000000e+01  9.419580e+01
      vertex  2.664432e+01  1.000000e+01  9.563189e+01
    endloop
  endfacet
  facet normal -9.820838e-01  0.000000e+00  1.884448e-01
    outer loop
      vertex  2.636876e+01  2.000000e+01  9.419580e+01
      vertex  2.664432e+01  1.000000e+01  9.563189e+01
      vertex  2.664432e+01  2.000000e+01  9.563189e+01
    endloop
  endfacet
  facet normal -9.908456e-01  0.000000e+00  1.350002e-01
    outer loop
      vertex  2.664432e+01  2.000000e+01  9.563189e+01
      vertex  2.664432e+01  1.000000e+01  9.563189e+01
      vertex  2.684172e+01  1.000000e+01  9.708079e+01
    endloop
  endfacet
  facet normal -9.908456e-01  0.000000e+00  1.350002e-01
    outer loop
      vertex  2.664432e+01  2.000000e+01  9.563189e+01
      vertex  2.684172e+01  1.000000e+01  9.708079e+01
      vertex  2.684172e+01  2.000000e+01  9.708079e+01
    endloop
  endfacet
  facet normal -9.967011e-01  0.000000e+00  8.115883e-02
    outer loop
      vertex  2.684172e+01  2.000000e+01  9.708079e+01
      vertex  2.684172e+01  1.000000e+01  9.708079e+01
      vertex  2.696040e+01  1.000000e+01  9.853825e+01
    endloop
  endfacet
  facet normal -9.967011e-01  0.000000e+00  8.115883e-02
    outer loop
      vertex  2.684172e+01  2.000000e+01  9.708079e+01
      vertex  2.696040e+01  1.000000e+01  9.853825e+01
      vertex  2.696040e+01  2.000000e+01  9.853825e+01
    endloop
  endfacet
  facet normal -9.996333e-01  0.000000e+00  2.707976e-02
    outer loop
      vertex  2.696040e+01  2.000000e+01  9.853825e+01
      vertex  2.696040e+01  1.000000e+01  9.853825e+01
      vertex  2.700000e+01  1.000000e+01  1.000000e+02
    endloop
  endfacet
  facet normal -9.996333e-01  0.000000e+00  2.707976e-02
    outer loop
      vertex  2.696040e+01  2.000000e+01  9.853825e+01
      vertex  2.700000e+01  1.000000e+01  1.000000e+02
      vertex  2.700000e+01  2.000000e+01  1.000000e+02
    endloop
  endfacet
  facet normal  0.000000e+00  9.999999e-01  0.000000e+00
    outer loop
      vertex  4.226182e+00  0.000000e+00  1.090631e+02
      vertex  1.711841e+01  0.000000e+00  1.082438e+02
      vertex  5.000000e+00  0.000000e+00  1.086603e+02
    endloop
  endfacet
  facet normal  0.000000e+00  1.000000e+00  0.000000e+00
    outer loop
      vertex  7.660444e+00  0.000000e+00  1.064279e+02
      vertex  1.803206e+01  0.000000e+00  1.059871e+02
      vertex  8.191521e+00  0.000000e+00  1.057358e+02
    endloop
  endfacet
  facet normal  0.000000e+00  1.000000e+00  0.000000e+00
    outer loop
      vertex  4.226182e+00  0.000000e+00  9.093692e+01
      vertex  1.655506e+01  0.000000e+00  9.067637e+01
      vertex  3.420202e+00  0.000000e+00  9.060307e+01
    endloop
  endfacet
  facet normal  0.000000e+00  1.000000e+00  0.000000e+00
    outer loop
      vertex -1.711841e+01  0.000000e+00  1.082438e+02
      vertex -4.226182e+00  0.000000e+00  1.090631e+02
      vertex -5.000000e+00  0.000000e+00  1.086603e+02
    endloop
  endfacet
  facet normal  0.000000e+00  9.999999e-01  -0.000000e+00
    outer loop
      vertex -7.660444e+00  0.000000e+00  1.064279e+02
      vertex -8.191521e+00  0.000000e+00  1.057358e+02
      vertex -1.803206e+01  0.000000e+00  1.059871e+02
    endloop
  endfacet
  facet normal  0.000000e+00  1.000000e+00  0.000000e+00
    outer loop
      vertex -4.226182e+00  0.000000e+00  9.093692e+01
      vertex -3.420202e+00  0.000000e+00  9.060307e+01
      vertex -1.655506e+01  0.000000e+00  9.067637e+01
    endloop
  endfacet
  facet normal  0.000000e+00  1.000000e+00  -0.000000e+00
    outer loop
      vertex  1.592367e+01  0.000000e+00  8.963483e+01
      vertex  1.522686e+01  0.000000e+00  8.863590e+01
      vertex  1.446747e+01  0.000000e+00  8.768366e+01
    endloop
  endfacet
  facet normal  0.000000e+00  1.000000e+00  -0.000000e+00
    outer loop
      vertex  1.592367e+01  0.000000e+00  8.963483e+01
      vertex  1.446747e+01  0.000000e+00  8.768366e+01
      vertex  1.364864e+01  0.000000e+00  8.678203e+01
    endloop
  endfacet
  facet normal  0.000000e+00  1.000000e+00  -0.000000e+00
    outer loop
      vertex  1.592367e+01  0.000000e+00  8.963483e+01
      vertex  1.364864e+01  0.000000e+00  8.678203e+01
      vertex  1.277372e+01  0.000000e+00  8.593472e+01
    endloop
  endfacet
  facet normal  0.000000e+00  1.000000e+00  -0.000000e+00
    outer loop
      vertex  1.592367e+01  0.000000e+00  8.963483e+01
      vertex  1.277372e+01  0.000000e+00  8.593472e+01
      vertex  1.184631e+01  0.000000e+00  8.514520e+01
    endloop
  endfacet
  facet normal  0.000000e+00  1.000000e+00  -0.000000e+00
    outer loop
      vertex  1.592367e+01  0.000000e+00  8.963483e+01
      vertex  1.184631e+01  0.000000e+00  8.514520e+01
      vertex  1.087022e+01  0.000000e+00  8.441673e+01
    endloop
  endfacet
  facet normal  0.000000e+00  1.000000e+00  -0.000000e+00
    outer loop
      vertex  1.592367e+01  0.000000e+00  8.963483e+01
      vertex  1.087022e+01  0.000000e+00  8.441673e+01
      vertex  9.849459e+00  0.000000e+00  8.375229e+01
    endloop
  endfacet
  facet normal  0.000000e+00  1.000000e+00  -0.000000e+00
    outer loop
      vertex  1.592367e+01  0.000000e+00  8.963483e+01
      vertex  9.849459e+00  0.000000e+00  8.375229e+01
      vertex  8.788227e+00  0.000000e+00  8.315461e+01
    endloop
  endfacet
  facet normal  0.000000e+00  1.000000e+00  -0.000000e+00
    outer loop
      vertex  1.592367e+01  0.000000e+00  8.963483e+01
      vertex  8.788227e+00  0.000000e+00  8.315461e+01
      vertex  7.690884e+00  0.000000e+00  8.262616e+01
    endloop
  endfacet
  facet normal  0.000000e+00  1.000000e+00  -0.000000e+00
    outer loop
      vertex  1.592367e+01  0.000000e+00  8.963483e+01
      vertex  7.690884e+00  0.000000e+00  8.262616e+01
      vertex  6.561936e+00  0.000000e+00  8.216910e+01
    endloop
  endfacet
  facet normal  0.000000e+00  1.000000e+00  -0.000000e+00
    outer loop
      vertex  1.592367e+01  0.000000e+00  8.963483e+01
      vertex  6.561936e+00  0.000000e+00  8.216910e+01
      vertex  5.406024e+00  0.000000e+00  8.178531e+01
    endloop
  endfacet
  facet normal  0.000000e+00  1.000000e+00  -0.000000e+00
    outer loop
      vertex  1.592367e+01  0.000000e+00  8.963483e+01
      vertex  5.406024e+00  0.000000e+00  8.178531e+01
      vertex  4.227898e+00  0.000000e+00  8.147637e+01
    endloop
  endfacet
  facet normal  0.000000e+00  1.000000e+00  -0.000000e+00
    outer loop
      vertex  1.592367e+01  0.000000e+00  8.963483e+01
      vertex  4.227898e+00  0.000000e+00  8.147637e+01
      vertex  3.032398e+00  0.000000e+00  8.124355e+01
    endloop
  endfacet
  facet normal  0.000000e+00  1.000000e+00  -0.000000e+00
    outer loop
      vertex  1.592367e+01  0.000000e+00  8.963483e+01
      vertex  3.032398e+00  0.000000e+00  8.124355e+01
      vertex  1.824437e+00  0.000000e+00  8.108780e+01
    endloop
  endfacet
  facet normal  0.000000e+00  1.000000e+00  -0.000000e+00
    outer loop
      vertex  1.592367e+01  0.000000e+00  8.963483e+01
      vertex  1.824437e+00  0.000000e+00  8.108780e+01
      vertex  6.089800e-01  0.000000e+00  8.100977e+01
    endloop
  endfacet
  facet normal  0.000000e+00  9.999999e-01  -0.000000e+00
    outer loop
      vertex  1.592367e+01  0.000000e+00  8.963483e+01
      vertex  6.089800e-01  0.000000e+00  8.100977e+01
      vertex -6.089800e-01  0.000000e+00  8.100977e+01
    endloop
  endfacet
  facet normal  0.000000e+00  1.000000e+00  0.000000e+00
    outer loop
      vertex  1.592367e+01  0.000000e+00  8.963483e+01
      vertex -6.089800e-01  0.000000e+00  8.100977e+01
      vertex  1.836970e-15  0.000000e+00  9.000000e+01
    endloop
  endfacet
  facet normal  -0.000000e+00  1.000000e+00  0.000000e+00
    outer loop
      vertex  1.592367e+01  0.000000e+00  8.963483e+01
      vertex  1.836970e-15  0.000000e+00  9.000000e+01
      vertex  8.715574e-01  0.000000e+00  9.003806e+01
    endloop
  endfacet
  facet normal  -0.000000e+00  1.000000e+00  0.000000e+00
    outer loop
      vertex  1.592367e+01  0.000000e+00  8.963483e+01
      vertex  8.715574e-01  0.000000e+00  9.003806e+01
      vertex  1.736482e+00  0.000000e+00  9.015192e+01
    endloop
  endfacet
  facet normal  -0.000000e+00  1.000000e+00  0.000000e+00
    outer loop
      vertex  1.592367e+01  0.000000e+00  8.963483e+01
      vertex  1.736482e+00  0.000000e+00  9.015192e+01
      vertex  2.588191e+00  0.000000e+00  9.034074e+01
    endloop
  endfacet
  facet normal  -0.000000e+00  1.000000e+00  0.000000e+00
    outer loop
      vertex  1.592367e+01  0.000000e+00  8.963483e+01
      vertex  2.588191e+00  0.000000e+00  9.034074e+01
      vertex  3.420202e+00  0.000000e+00  9.060307e+01
    endloop
  endfacet
  facet normal  -0.000000e+00  1.000000e+00  0.000000e+00
    outer loop
      vertex  1.592367e+01  0.000000e+00  8.963483e+01
      vertex  3.420202e+00  0.000000e+00  9.060307e+01
      vertex  1.655506e+01  0.000000e+00  9.067637e+01
    endloop
  endfacet
  facet normal  0.000000e+00  1.000000e+00  -0.000000e+00
    outer loop
      vertex  1.836970e-15  0.000000e+00  9.000000e+01
      vertex -6.089800e-01  0.000000e+00  8.100977e+01
      vertex -1.824437e+00  0.000000e+00  8.108780e+01
    endloop
  endfacet
  facet normal  0.000000e+00  1.000000e+00  -0.000000e+00
    outer loop
      vertex  1.836970e-15  0.000000e+00  9.000000e+01
      vertex -1.824437e+00  0.000000e+00  8.108780e+01
      vertex -3.032398e+00  0.000000e+00  8.124355e+01
    endloop
  endfacet
  facet normal  0.000000e+00  1.000000e+00  -0.000000e+00
    outer loop
      vertex  1.836970e-15  0.000000e+00  9.000000e+01
      vertex -3.032398e+00  0.000000e+00  8.124355e+01
      vertex -4.227898e+00  0.000000e+00  8.147637e+01
    endloop
  endfacet
  facet normal  0.000000e+00  9.999999e-01  -0.000000e+00
    outer loop
      vertex  1.836970e-15  0.000000e+00  9.000000e+01
      vertex -4.227898e+00  0.000000e+00  8.147637e+01
      vertex -5.406024e+00  0.000000e+00  8.178531e+01
    endloop
  endfacet
  facet normal  0.000000e+00  1.000000e+00  -0.000000e+00
    outer loop
      vertex  1.836970e-15  0.000000e+00  9.000000e+01
      vertex -5.406024e+00  0.000000e+00  8.178531e+01
      vertex -6.561936e+00  0.000000e+00  8.216910e+01
    endloop
  endfacet
  facet normal  0.000000e+00  1.000000e+00  -0.000000e+00
    outer loop
      vertex  1.836970e-15  0.000000e+00  9.000000e+01
      vertex -6.561936e+00  0.000000e+00  8.216910e+01
      vertex -7.690884e+00  0.000000e+00  8.262616e+01
    endloop
  endfacet
  facet normal  0.000000e+00  1.000000e+00  -0.000000e+00
    outer loop
      vertex  1.836970e-15  0.000000e+00  9.000000e+01
      vertex -7.690884e+00  0.000000e+00  8.262616e+01
      vertex -8.788227e+00  0.000000e+00  8.315461e+01
    endloop
  endfacet
  facet normal  0.000000e+00  1.000000e+00  -0.000000e+00
    outer loop
      vertex  1.836970e-15  0.000000e+00  9.000000e+01
      vertex -8.788227e+00  0.000000e+00  8.315461e+01
      vertex -9.849459e+00  0.000000e+00  8.375229e+01
    endloop
  endfacet
  facet normal  0.000000e+00  1.000000e+00  -0.000000e+00
    outer loop
      vertex  1.836970e-15  0.000000e+00  9.000000e+01
      vertex -9.849459e+00  0.000000e+00  8.375229e+01
      vertex -1.087022e+01  0.000000e+00  8.441673e+01
    endloop
  endfacet
  facet normal  0.000000e+00  1.000000e+00  -0.000000e+00
    outer loop
      vertex  1.836970e-15  0.000000e+00  9.000000e+01
      vertex -1.087022e+01  0.000000e+00  8.441673e+01
      vertex -1.184631e+01  0.000000e+00  8.514520e+01
    endloop
  endfacet
  facet normal  0.000000e+00  1.000000e+00  -0.000000e+00
    outer loop
      vertex  1.836970e-15  0.000000e+00  9.000000e+01
      vertex -1.184631e+01  0.000000e+00  8.514520e+01
      vertex -1.277372e+01  0.000000e+00  8.593472e+01
    endloop
  endfacet
  facet normal  0.000000e+00  1.000000e+00  -0.000000e+00
    outer loop
      vertex  1.836970e-15  0.000000e+00  9.000000e+01
      vertex -1.277372e+01  0.000000e+00  8.593472e+01
      vertex -1.364864e+01  0.000000e+00  8.678203e+01
    endloop
  endfacet
  facet normal  0.000000e+00  1.000000e+00  -0.000000e+00
    outer loop
      vertex  1.836970e-15  0.000000e+00  9.000000e+01
      vertex -1.364864e+01  0.000000e+00  8.678203e+01
      vertex -1.446747e+01  0.000000e+00  8.768366e+01
    endloop
  endfacet
  facet normal  0.000000e+00  1.000000e+00  -0.000000e+00
    outer loop
      vertex  1.836970e-15  0.000000e+00  9.000000e+01
      vertex -1.446747e+01  0.000000e+00  8.768366e+01
      vertex -1.522686e+01  0.000000e+00  8.863590e+01
    endloop
  endfacet
  facet normal  0.000000e+00  1.000000e+00  -0.000000e+00
    outer loop
      vertex  1.836970e-15  0.000000e+00  9.000000e+01
      vertex -1.522686e+01  0.000000e+00  8.863590e+01
      vertex -1.592367e+01  0.000000e+00  8.963483e+01
    endloop
  endfacet
  facet normal  0.000000e+00  1.000000e+00  -0.000000e+00
    outer loop
      vertex -6.123234e-16  0.000000e+00  1.100000e+02
      vertex -8.715574e-01  0.000000e+00  1.099619e+02
      vertex -1.592367e+01  0.000000e+00  1.103652e+02
    endloop
  endfacet
  facet normal  -0.000000e+00  1.000000e+00  0.000000e+00
    outer loop
      vertex -6.123234e-16  0.000000e+00  1.100000e+02
      vertex -1.592367e+01  0.000000e+00  1.103652e+02
      vertex -1.522686e+01  0.000000e+00  1.113641e+02
    endloop
  endfacet
  facet normal  -0.000000e+00  9.999999e-01  0.000000e+00
    outer loop
      vertex -6.123234e-16  0.000000e+00  1.100000e+02
      vertex -1.522686e+01  0.000000e+00  1.113641e+02
      vertex -1.446747e+01  0.000000e+00  1.123163e+02
    endloop
  endfacet
  facet normal  -0.000000e+00  1.000000e+00  0.000000e+00
    outer loop
      vertex -6.123234e-16  0.000000e+00  1.100000e+02
      vertex -1.446747e+01  0.000000e+00  1.123163e+02
      vertex -1.364864e+01  0.000000e+00  1.132180e+02
    endloop
  endfacet
  facet normal  -0.000000e+00  1.000000e+00  0.000000e+00
    outer loop
      vertex -6.123234e-16  0.000000e+00  1.100000e+02
      vertex -1.364864e+01  0.000000e+00  1.132180e+02
      vertex -1.277372e+01  0.000000e+00  1.140653e+02
    endloop
  endfacet
  facet normal  -0.000000e+00  1.000000e+00  0.000000e+00
    outer loop
      vertex -6.123234e-16  0.000000e+00  1.100000e+02
      vertex -1.277372e+01  0.000000e+00  1.140653e+02
      vertex -1.184631e+01  0.000000e+00  1.148548e+02
    endloop
  endfacet
  facet normal  -0.000000e+00  1.000000e+00  0.000000e+00
    outer loop
      vertex -6.123234e-16  0.000000e+00  1.100000e+02
      vertex -1.184631e+01  0.000000e+00  1.148548e+02
      vertex -1.087022e+01  0.000000e+00  1.155833e+02
    endloop
  endfacet
  facet normal  -0.000000e+00  1.000000e+00  0.000000e+00
    outer loop
      vertex -6.123234e-16  0.000000e+00  1.100000e+02
      vertex -1.087022e+01  0.000000e+00  1.155833e+02
      vertex -9.849459e+00  0.000000e+00  1.162477e+02
    endloop
  endfacet
  facet normal  -0.000000e+00  1.000000e+00  0.000000e+00
    outer loop
      vertex -6.123234e-16  0.000000e+00  1.100000e+02
      vertex -9.849459e+00  0.000000e+00  1.162477e+02
      vertex -8.788227e+00  0.000000e+00  1.168454e+02
    endloop
  endfacet
  facet normal  -0.000000e+00  1.000000e+00  0.000000e+00
    outer loop
      vertex -6.123234e-16  0.000000e+00  1.100000e+02
      vertex -8.788227e+00  0.000000e+00  1.168454e+02
      vertex -7.690884e+00  0.000000e+00  1.173738e+02
    endloop
  endfacet
  facet normal  -0.000000e+00  1.000000e+00  0.000000e+00
    outer loop
      vertex -6.123234e-16  0.000000e+00  1.100000e+02
      vertex -7.690884e+00  0.000000e+00  1.173738e+02
      vertex -6.561936e+00  0.000000e+00  1.178309e+02
    endloop
  endfacet
  facet normal  -0.000000e+00  1.000000e+00  0.000000e+00
    outer loop
      vertex -6.123234e-16  0.000000e+00  1.100000e+02
      vertex -6.561936e+00  0.000000e+00  1.178309e+02
      vertex -5.406024e+00  0.000000e+00  1.182147e+02
    endloop
  endfacet
  facet normal  -0.000000e+00  9.999999e-01  0.000000e+00
    outer loop
      vertex -6.123234e-16  0.000000e+00  1.100000e+02
      vertex -5.406024e+00  0.000000e+00  1.182147e+02
      vertex -4.227898e+00  0.000000e+00  1.185236e+02
    endloop
  endfacet
  facet normal  -0.000000e+00  1.000000e+00  0.000000e+00
    outer loop
      vertex -6.123234e-16  0.000000e+00  1.100000e+02
      vertex -4.227898e+00  0.000000e+00  1.185236e+02
      vertex -3.032398e+00  0.000000e+00  1.187565e+02
    endloop
  endfacet
  facet normal  -0.000000e+00  1.000000e+00  0.000000e+00
    outer loop
      vertex -6.123234e-16  0.000000e+00  1.100000e+02
      vertex -3.032398e+00  0.000000e+00  1.187565e+02
      vertex -1.824437e+00  0.000000e+00  1.189122e+02
    endloop
  endfacet
  facet normal  -0.000000e+00  1.000000e+00  0.000000e+00
    outer loop
      vertex -6.123234e-16  0.000000e+00  1.100000e+02
      vertex -1.824437e+00  0.000000e+00  1.189122e+02
      vertex -6.089800e-01  0.000000e+00  1.189902e+02
    endloop
  endfacet
  facet normal  -0.000000e+00  1.000000e+00  0.000000e+00
    outer loop
      vertex -6.123234e-16  0.000000e+00  1.100000e+02
      vertex -6.089800e-01  0.000000e+00  1.189902e+02
      vertex  6.089800e-01  0.000000e+00  1.189902e+02
    endloop
  endfacet
  facet normal  0.000000e+00  1.000000e+00  0.000000e+00
    outer loop
      vertex -6.123234e-16  0.000000e+00  1.100000e+02
      vertex  6.089800e-01  0.000000e+00  1.189902e+02
      vertex  1.824437e+00  0.000000e+00  1.189122e+02
    endloop
  endfacet
  facet normal  0.000000e+00  1.000000e+00  0.000000e+00
    outer loop
      vertex -6.123234e-16  0.000000e+00  1.100000e+02
      vertex  1.824437e+00  0.000000e+00  1.189122e+02
      vertex  3.032398e+00  0.000000e+00  1.187565e+02
    endloop
  endfacet
  facet normal  0.000000e+00  1.000000e+00  0.000000e+00
    outer loop
      vertex -6.123234e-16  0.000000e+00  1.100000e+02
      vertex  3.032398e+00  0.000000e+00  1.187565e+02
      vertex  4.227898e+00  0.000000e+00  1.185236e+02
    endloop
  endfacet
  facet normal  0.000000e+00  9.999999e-01  0.000000e+00
    outer loop
      vertex -6.123234e-16  0.000000e+00  1.100000e+02
      vertex  4.227898e+00  0.000000e+00  1.185236e+02
      vertex  5.406024e+00  0.000000e+00  1.182147e+02
    endloop
  endfacet
  facet normal  0.000000e+00  1.000000e+00  0.000000e+00
    outer loop
      vertex -6.123234e-16  0.000000e+00  1.100000e+02
      vertex  5.406024e+00  0.000000e+00  1.182147e+02
      vertex  6.561936e+00  0.000000e+00  1.178309e+02
    endloop
  endfacet
  facet normal  0.000000e+00  1.000000e+00  0.000000e+00
    outer loop
      vertex -6.123234e-16  0.000000e+00  1.100000e+02
      vertex  6.561936e+00  0.000000e+00  1.178309e+02
      vertex  7.690884e+00  0.000000e+00  1.173738e+02
    endloop
  endfacet
  facet normal  0.000000e+00  1.000000e+00  0.000000e+00
    outer loop
      vertex -6.123234e-16  0.000000e+00  1.100000e+02
      vertex  7.690884e+00  0.000000e+00  1.173738e+02
      vertex  8.788227e+00  0.000000e+00  1.168454e+02
    endloop
  endfacet
  facet normal  0.000000e+00  1.000000e+00  0.000000e+00
    outer loop
      vertex -6.123234e-16  0.000000e+00  1.100000e+02
      vertex  8.788227e+00  0.000000e+00  1.168454e+02
      vertex  9.849459e+00  0.000000e+00  1.162477e+02
    endloop
  endfacet
  facet normal  0.000000e+00  1.000000e+00  0.000000e+00
    outer loop
      vertex -6.123234e-16  0.000000e+00  1.100000e+02
      vertex  9.849459e+00  0.000000e+00  1.162477e+02
      vertex  1.087022e+01  0.000000e+00  1.155833e+02
    endloop
  endfacet
  facet normal  0.000000e+00  1.000000e+00  0.000000e+00
    outer loop
      vertex -6.123234e-16  0.000000e+00  1.100000e+02
      vertex  1.087022e+01  0.000000e+00  1.155833e+02
      vertex  1.184631e+01  0.000000e+00  1.148548e+02
    endloop
  endfacet
  facet normal  0.000000e+00  1.000000e+00  0.000000e+00
    outer loop
      vertex -6.123234e-16  0.000000e+00  1.100000e+02
      vertex  1.184631e+01  0.000000e+00  1.148548e+02
      vertex  1.277372e+01  0.000000e+00  1.140653e+02
    endloop
  endfacet
  facet normal  0.000000e+00  1.000000e+00  0.000000e+00
    outer loop
      vertex -6.123234e-16  0.000000e+00  1.100000e+02
      vertex  1.277372e+01  0.000000e+00  1.140653e+02
      vertex  1.364864e+01  0.000000e+00  1.132180e+02
    endloop
  endfacet
  facet normal  0.000000e+00  1.000000e+00  0.000000e+00
    outer loop
      vertex -6.123234e-16  0.000000e+00  1.100000e+02
      vertex  1.364864e+01  0.000000e+00  1.132180e+02
      vertex  1.446747e+01  0.000000e+00  1.123163e+02
    endloop
  endfacet
  facet normal  0.000000e+00  1.000000e+00  0.000000e+00
    outer loop
      vertex -6.123234e-16  0.000000e+00  1.100000e+02
      vertex  1.446747e+01  0.000000e+00  1.123163e+02
      vertex  1.522686e+01  0.000000e+00  1.113641e+02
    endloop
  endfacet
  facet normal  0.000000e+00  1.000000e+00  0.000000e+00
    outer loop
      vertex -6.123234e-16  0.000000e+00  1.100000e+02
      vertex  1.522686e+01  0.000000e+00  1.113641e+02
      vertex  1.592367e+01  0.000000e+00  1.103652e+02
    endloop
  endfacet
  facet normal  0.000000e+00  1.000000e+00  0.000000e+00
    outer loop
      vertex -6.123234e-16  0.000000e+00  1.100000e+02
      vertex  1.592367e+01  0.000000e+00  1.103652e+02
      vertex  8.715574e-01  0.000000e+00  1.099619e+02
    endloop
  endfacet
  facet normal  0.000000e+00  1.000000e+00  0.000000e+00
    outer loop
      vertex  1.655506e+01  0.000000e+00  1.093236e+02
      vertex  1.711841e+01  0.000000e+00  1.082438e+02
      vertex  4.226182e+00  0.000000e+00  1.090631e+02
    endloop
  endfacet
  facet normal  0.000000e+00  1.000000e+00  -0.000000e+00
    outer loop
      vertex  1.655506e+01  0.000000e+00  1.093236e+02
      vertex  4.226182e+00  0.000000e+00  1.090631e+02
      vertex  3.420202e+00  0.000000e+00  1.093969e+02
    endloop
  endfacet
  facet normal  -0.000000e+00  1.000000e+00  -0.000000e+00
    outer loop
      vertex  1.655506e+01  0.000000e+00  1.093236e+02
      vertex  3.420202e+00  0.000000e+00  1.093969e+02
      vertex  2.588191e+00  0.000000e+00  1.096593e+02
    endloop
  endfacet
  facet normal  -0.000000e+00  1.000000e+00  -0.000000e+00
    outer loop
      vertex  1.655506e+01  0.000000e+00  1.093236e+02
      vertex  2.588191e+00  0.000000e+00  1.096593e+02
      vertex  1.736482e+00  0.000000e+00  1.098481e+02
    endloop
  endfacet
  facet normal  -0.000000e+00  1.000000e+00  -0.000000e+00
    outer loop
      vertex  1.655506e+01  0.000000e+00  1.093236e+02
      vertex  1.736482e+00  0.000000e+00  1.098481e+02
      vertex  8.715574e-01  0.000000e+00  1.099619e+02
    endloop
  endfacet
  facet normal  -0.000000e+00  1.000000e+00  0.000000e+00
    outer loop
      vertex  1.655506e+01  0.000000e+00  1.093236e+02
      vertex  8.715574e-01  0.000000e+00  1.099619e+02
      vertex  1.592367e+01  0.000000e+00  1.103652e+02
    endloop
  endfacet
  facet normal  0.000000e+00  1.000000e+00  0.000000e+00
    outer loop
      vertex -1.655506e+01  0.000000e+00  1.093236e+02
      vertex -1.592367e+01  0.000000e+00  1.103652e+02
      vertex -8.715574e-01  0.000000e+00  1.099619e+02
    endloop
  endfacet
  facet normal  0.000000e+00  1.000000e+00  0.000000e+00
    outer loop
      vertex -1.655506e+01  0.000000e+00  1.093236e+02
      vertex -8.715574e-01  0.000000e+00  1.099619e+02
      vertex -1.736482e+00  0.000000e+00  1.098481e+02
    endloop
  endfacet
  facet normal  0.000000e+00  1.000000e+00  0.000000e+00
    outer loop
      vertex -1.655506e+01  0.000000e+00  1.093236e+02
      vertex -1.736482e+00  0.000000e+00  1.098481e+02
      vertex -2.588191e+00  0.000000e+00  1.096593e+02
    endloop
  endfacet
  facet normal  0.000000e+00  1.000000e+00  0.000000e+00
    outer loop
      vertex -1.655506e+01  0.000000e+00  1.093236e+02
      vertex -2.588191e+00  0.000000e+00  1.096593e+02
      vertex -3.420202e+00  0.000000e+00  1.093969e+02
    endloop
  endfacet
  facet normal  0.000000e+00  1.000000e+00  0.000000e+00
    outer loop
      vertex -1.655506e+01  0.000000e+00  1.093236e+02
      vertex -3.420202e+00  0.000000e+00  1.093969e+02
      vertex -4.226182e+00  0.000000e+00  1.090631e+02
    endloop
  endfacet
  facet normal  0.000000e+00  1.000000e+00  0.000000e+00
    outer loop
      vertex -1.655506e+01  0.000000e+00  1.093236e+02
      vertex -4.226182e+00  0.000000e+00  1.090631e+02
      vertex -1.711841e+01  0.000000e+00  1.082438e+02
    endloop
  endfacet
  facet normal  0.000000e+00  1.000000e+00  0.000000e+00
    outer loop
      vertex -1.592367e+01  0.000000e+00  8.963483e+01
      vertex -1.655506e+01  0.000000e+00  9.067637e+01
      vertex -3.420202e+00  0.000000e+00  9.060307e+01
    endloop
  endfacet
  facet normal  0.000000e+00  1.000000e+00  0.000000e+00
    outer loop
      vertex -1.592367e+01  0.000000e+00  8.963483e+01
      vertex -3.420202e+00  0.000000e+00  9.060307e+01
      vertex -2.588191e+00  0.000000e+00  9.034074e+01
    endloop
  endfacet
  facet normal  0.000000e+00  1.000000e+00  0.000000e+00
    outer loop
      vertex -1.592367e+01  0.000000e+00  8.963483e+01
      vertex -2.588191e+00  0.000000e+00  9.034074e+01
      vertex -1.736482e+00  0.000000e+00  9.015192e+01
    endloop
  endfacet
  facet normal  0.000000e+00  1.000000e+00  0.000000e+00
    outer loop
      vertex -1.592367e+01  0.000000e+00  8.963483e+01
      vertex -1.736482e+00  0.000000e+00  9.015192e+01
      vertex -8.715574e-01  0.000000e+00  9.003806e+01
    endloop
  endfacet
  facet normal  0.000000e+00  1.000000e+00  0.000000e+00
    outer loop
      vertex -1.592367e+01  0.000000e+00  8.963483e+01
      vertex -8.715574e-01  0.000000e+00  9.003806e+01
      vertex  1.836970e-15  0.000000e+00  9.000000e+01
    endloop
  endfacet
  facet normal  -0.000000e+00  1.000000e+00  0.000000e+00
    outer loop
      vertex  1.761142e+01  0.000000e+00  1.071301e+02
      vertex  6.427876e+00  0.000000e+00  1.076604e+02
      vertex  1.711841e+01  0.000000e+00  1.082438e+02
    endloop
  endfacet
  facet normal  0.000000e+00  1.000000e+00  0.000000e+00
    outer loop
      vertex  1.711841e+01  0.000000e+00  1.082438e+02
      vertex  6.427876e+00  0.000000e+00  1.076604e+02
      vertex  5.735765e+00  0.000000e+00  1.081915e+02
    endloop
  endfacet
  facet normal  0.000000e+00  1.000000e+00  -0.000000e+00
    outer loop
      vertex  1.711841e+01  0.000000e+00  1.082438e+02
      vertex  5.735765e+00  0.000000e+00  1.081915e+02
      vertex  5.000000e+00  0.000000e+00  1.086603e+02
    endloop
  endfacet
  facet normal  -0.000000e+00  1.000000e+00  0.000000e+00
    outer loop
      vertex  1.803206e+01  0.000000e+00  1.059871e+02
      vertex  7.660444e+00  0.000000e+00  1.064279e+02
      vertex  1.761142e+01  0.000000e+00  1.071301e+02
    endloop
  endfacet
  facet normal  0.000000e+00  1.000000e+00  0.000000e+00
    outer loop
      vertex  1.761142e+01  0.000000e+00  1.071301e+02
      vertex  7.660444e+00  0.000000e+00  1.064279e+02
      vertex  7.071068e+00  0.000000e+00  1.070711e+02
    endloop
  endfacet
  facet normal  0.000000e+00  9.999999e-01  -0.000000e+00
    outer loop
      vertex  1.761142e+01  0.000000e+00  1.071301e+02
      vertex  7.071068e+00  0.000000e+00  1.070711e+02
      vertex  6.427876e+00  0.000000e+00  1.076604e+02
    endloop
  endfacet
  facet normal  0.000000e+00  1.000000e+00  0.000000e+00
    outer loop
      vertex  8.191521e+00  0.000000e+00  1.057358e+02
      vertex  1.803206e+01  0.000000e+00  1.059871e+02
      vertex  8.660254e+00  0.000000e+00  1.050000e+02
    endloop
  endfacet
  facet normal  -0.000000e+00  9.999999e-01  0.000000e+00
    outer loop
      vertex  8.660254e+00  0.000000e+00  1.050000e+02
      vertex  1.803206e+01  0.000000e+00  1.059871e+02
      vertex  1.837860e+01  0.000000e+00  1.048194e+02
    endloop
  endfacet
  facet normal  0.000000e+00  1.000000e+00  0.000000e+00
    outer loop
      vertex  8.660254e+00  0.000000e+00  1.050000e+02
      vertex  1.837860e+01  0.000000e+00  1.048194e+02
      vertex  9.063078e+00  0.000000e+00  1.042262e+02
    endloop
  endfacet
  facet normal  -0.000000e+00  1.000000e+00  0.000000e+00
    outer loop
      vertex  9.063078e+00  0.000000e+00  1.042262e+02
      vertex  1.837860e+01  0.000000e+00  1.048194e+02
      vertex  1.864962e+01  0.000000e+00  1.036320e+02
    endloop
  endfacet
  facet normal  0.000000e+00  1.000000e+00  0.000000e+00
    outer loop
      vertex  9.063078e+00  0.000000e+00  1.042262e+02
      vertex  1.864962e+01  0.000000e+00  1.036320e+02
      vertex  9.396926e+00  0.000000e+00  1.034202e+02
    endloop
  endfacet
  facet normal  0.000000e+00  1.000000e+00  0.000000e+00
    outer loop
      vertex  9.396926e+00  0.000000e+00  1.034202e+02
      vertex  1.864962e+01  0.000000e+00  1.036320e+02
      vertex  9.659258e+00  0.000000e+00  1.025882e+02
    endloop
  endfacet
  facet normal  -0.000000e+00  9.999999e-01  0.000000e+00
    outer loop
      vertex  9.659258e+00  0.000000e+00  1.025882e+02
      vertex  1.864962e+01  0.000000e+00  1.036320e+02
      vertex  1.884401e+01  0.000000e+00  1.024297e+02
    endloop
  endfacet
  facet normal  0.000000e+00  9.999999e-01  0.000000e+00
    outer loop
      vertex  9.659258e+00  0.000000e+00  1.025882e+02
      vertex  1.884401e+01  0.000000e+00  1.024297e+02
      vertex  9.848078e+00  0.000000e+00  1.017365e+02
    endloop
  endfacet
  facet normal  -0.000000e+00  9.999999e-01  0.000000e+00
    outer loop
      vertex  9.848078e+00  0.000000e+00  1.017365e+02
      vertex  1.884401e+01  0.000000e+00  1.024297e+02
      vertex  1.896096e+01  0.000000e+00  1.012173e+02
    endloop
  endfacet
  facet normal  0.000000e+00  1.000000e+00  0.000000e+00
    outer loop
      vertex  9.848078e+00  0.000000e+00  1.017365e+02
      vertex  1.896096e+01  0.000000e+00  1.012173e+02
      vertex  9.961947e+00  0.000000e+00  1.008716e+02
    endloop
  endfacet
  facet normal  0.000000e+00  1.000000e+00  0.000000e+00
    outer loop
      vertex  9.961947e+00  0.000000e+00  1.008716e+02
      vertex  1.896096e+01  0.000000e+00  1.012173e+02
      vertex  1.000000e+01  0.000000e+00  1.000000e+02
    endloop
  endfacet
  facet normal  0.000000e+00  1.000000e+00  0.000000e+00
    outer loop
      vertex  1.000000e+01  0.000000e+00  1.000000e+02
      vertex  1.896096e+01  0.000000e+00  1.012173e+02
      vertex  1.900000e+01  0.000000e+00  1.000000e+02
    endloop
  endfacet
  facet normal  0.000000e+00  1.000000e+00  0.000000e+00
    outer loop
      vertex  1.000000e+01  0.000000e+00  1.000000e+02
      vertex  1.900000e+01  0.000000e+00  1.000000e+02
      vertex  9.961947e+00  0.000000e+00  9.912844e+01
    endloop
  endfacet
  facet normal  -0.000000e+00  1.000000e+00  0.000000e+00
    outer loop
      vertex  9.961947e+00  0.000000e+00  9.912844e+01
      vertex  1.900000e+01  0.000000e+00  1.000000e+02
      vertex  1.896096e+01  0.000000e+00  9.878267e+01
    endloop
  endfacet
  facet normal  0.000000e+00  1.000000e+00  0.000000e+00
    outer loop
      vertex  9.961947e+00  0.000000e+00  9.912844e+01
      vertex  1.896096e+01  0.000000e+00  9.878267e+01
      vertex  9.848078e+00  0.000000e+00  9.826352e+01
    endloop
  endfacet
  facet normal  -0.000000e+00  9.999999e-01  0.000000e+00
    outer loop
      vertex  9.848078e+00  0.000000e+00  9.826352e+01
      vertex  1.896096e+01  0.000000e+00  9.878267e+01
      vertex  1.884401e+01  0.000000e+00  9.757034e+01
    endloop
  endfacet
  facet normal  0.000000e+00  9.999999e-01  0.000000e+00
    outer loop
      vertex  9.848078e+00  0.000000e+00  9.826352e+01
      vertex  1.884401e+01  0.000000e+00  9.757034e+01
      vertex  9.659258e+00  0.000000e+00  9.741181e+01
    endloop
  endfacet
  facet normal  0.000000e+00  1.000000e+00  0.000000e+00
    outer loop
      vertex  9.659258e+00  0.000000e+00  9.741181e+01
      vertex  1.884401e+01  0.000000e+00  9.757034e+01
      vertex  9.396926e+00  0.000000e+00  9.657980e+01
    endloop
  endfacet
  facet normal  -0.000000e+00  1.000000e+00  0.000000e+00
    outer loop
      vertex  9.396926e+00  0.000000e+00  9.657980e+01
      vertex  1.884401e+01  0.000000e+00  9.757034e+01
      vertex  1.864962e+01  0.000000e+00  9.636799e+01
    endloop
  endfacet
  facet normal  0.000000e+00  1.000000e+00  0.000000e+00
    outer loop
      vertex  9.396926e+00  0.000000e+00  9.657980e+01
      vertex  1.864962e+01  0.000000e+00  9.636799e+01
      vertex  9.063078e+00  0.000000e+00  9.577382e+01
    endloop
  endfacet
  facet normal  -0.000000e+00  1.000000e+00  0.000000e+00
    outer loop
      vertex  9.063078e+00  0.000000e+00  9.577382e+01
      vertex  1.864962e+01  0.000000e+00  9.636799e+01
      vertex  1.837860e+01  0.000000e+00  9.518056e+01
    endloop
  endfacet
  facet normal  0.000000e+00  1.000000e+00  0.000000e+00
    outer loop
      vertex  9.063078e+00  0.000000e+00  9.577382e+01
      vertex  1.837860e+01  0.000000e+00  9.518056e+01
      vertex  8.660254e+00  0.000000e+00  9.500000e+01
    endloop
  endfacet
  facet normal  0.000000e+00  1.000000e+00  0.000000e+00
    outer loop
      vertex  8.660254e+00  0.000000e+00  9.500000e+01
      vertex  1.837860e+01  0.000000e+00  9.518056e+01
      vertex  8.191521e+00  0.000000e+00  9.426424e+01
    endloop
  endfacet
  facet normal  -0.000000e+00  1.000000e+00  0.000000e+00
    outer loop
      vertex  8.191521e+00  0.000000e+00  9.426424e+01
      vertex  1.837860e+01  0.000000e+00  9.518056e+01
      vertex  1.803206e+01  0.000000e+00  9.401295e+01
    endloop
  endfacet
  facet normal  0.000000e+00  1.000000e+00  0.000000e+00
    outer loop
      vertex  8.191521e+00  0.000000e+00  9.426424e+01
      vertex  1.803206e+01  0.000000e+00  9.401295e+01
      vertex  7.660444e+00  0.000000e+00  9.357212e+01
    endloop
  endfacet
  facet normal  -0.000000e+00  1.000000e+00  0.000000e+00
    outer loop
      vertex  7.660444e+00  0.000000e+00  9.357212e+01
      vertex  1.803206e+01  0.000000e+00  9.401295e+01
      vertex  1.761142e+01  0.000000e+00  9.286993e+01
    endloop
  endfacet
  facet normal  0.000000e+00  1.000000e+00  0.000000e+00
    outer loop
      vertex  7.660444e+00  0.000000e+00  9.357212e+01
      vertex  1.761142e+01  0.000000e+00  9.286993e+01
      vertex  7.071068e+00  0.000000e+00  9.292893e+01
    endloop
  endfacet
  facet normal  0.000000e+00  9.999999e-01  0.000000e+00
    outer loop
      vertex  7.071068e+00  0.000000e+00  9.292893e+01
      vertex  1.761142e+01  0.000000e+00  9.286993e+01
      vertex  6.427876e+00  0.000000e+00  9.233955e+01
    endloop
  endfacet
  facet normal  -0.000000e+00  1.000000e+00  0.000000e+00
    outer loop
      vertex  6.427876e+00  0.000000e+00  9.233955e+01
      vertex  1.761142e+01  0.000000e+00  9.286993e+01
      vertex  1.711841e+01  0.000000e+00  9.175621e+01
    endloop
  endfacet
  facet normal  0.000000e+00  1.000000e+00  0.000000e+00
    outer loop
      vertex  6.427876e+00  0.000000e+00  9.233955e+01
      vertex  1.711841e+01  0.000000e+00  9.175621e+01
      vertex  5.735765e+00  0.000000e+00  9.180848e+01
    endloop
  endfacet
  facet normal  0.000000e+00  1.000000e+00  0.000000e+00
    outer loop
      vertex  5.735765e+00  0.000000e+00  9.180848e+01
      vertex  1.711841e+01  0.000000e+00  9.175621e+01
      vertex  5.000000e+00  0.000000e+00  9.133974e+01
    endloop
  endfacet
  facet normal  -0.000000e+00  1.000000e+00  0.000000e+00
    outer loop
      vertex  5.000000e+00  0.000000e+00  9.133974e+01
      vertex  1.711841e+01  0.000000e+00  9.175621e+01
      vertex  1.655506e+01  0.000000e+00  9.067637e+01
    endloop
  endfacet
  facet normal  0.000000e+00  1.000000e+00  0.000000e+00
    outer loop
      vertex  5.000000e+00  0.000000e+00  9.133974e+01
      vertex  1.655506e+01  0.000000e+00  9.067637e+01
      vertex  4.226182e+00  0.000000e+00  9.093692e+01
    endloop
  endfacet
  facet normal  0.000000e+00  9.999999e-01  0.000000e+00
    outer loop
      vertex -6.427876e+00  0.000000e+00  1.076604e+02
      vertex -1.761142e+01  0.000000e+00  1.071301e+02
      vertex -5.735765e+00  0.000000e+00  1.081915e+02
    endloop
  endfacet
  facet normal  0.000000e+00  9.999999e-01  0.000000e+00
    outer loop
      vertex -5.735765e+00  0.000000e+00  1.081915e+02
      vertex -1.761142e+01  0.000000e+00  1.071301e+02
      vertex -1.711841e+01  0.000000e+00  1.082438e+02
    endloop
  endfacet
  facet normal  -0.000000e+00  1.000000e+00  0.000000e+00
    outer loop
      vertex -5.735765e+00  0.000000e+00  1.081915e+02
      vertex -1.711841e+01  0.000000e+00  1.082438e+02
      vertex -5.000000e+00  0.000000e+00  1.086603e+02
    endloop
  endfacet
  facet normal  0.000000e+00  1.000000e+00  0.000000e+00
    outer loop
      vertex -7.660444e+00  0.000000e+00  1.064279e+02
      vertex -1.803206e+01  0.000000e+00  1.059871e+02
      vertex -7.071068e+00  0.000000e+00  1.070711e+02
    endloop
  endfacet
  facet normal  0.000000e+00  9.999999e-01  0.000000e+00
    outer loop
      vertex -7.071068e+00  0.000000e+00  1.070711e+02
      vertex -1.803206e+01  0.000000e+00  1.059871e+02
      vertex -1.761142e+01  0.000000e+00  1.071301e+02
    endloop
  endfacet
  facet normal  -0.000000e+00  9.999999e-01  0.000000e+00
    outer loop
      vertex -7.071068e+00  0.000000e+00  1.070711e+02
      vertex -1.761142e+01  0.000000e+00  1.071301e+02
      vertex -6.427876e+00  0.000000e+00  1.076604e+02
    endloop
  endfacet
  facet normal  0.000000e+00  1.000000e+00  0.000000e+00
    outer loop
      vertex -1.803206e+01  0.000000e+00  1.059871e+02
      vertex -8.191521e+00  0.000000e+00  1.057358e+02
      vertex -1.837860e+01  0.000000e+00  1.048194e+02
    endloop
  endfacet
  facet normal  0.000000e+00  1.000000e+00  0.000000e+00
    outer loop
      vertex -1.837860e+01  0.000000e+00  1.048194e+02
      vertex -8.191521e+00  0.000000e+00  1.057358e+02
      vertex -8.660254e+00  0.000000e+00  1.050000e+02
    endloop
  endfacet
  facet normal  0.000000e+00  1.000000e+00  0.000000e+00
    outer loop
      vertex -1.837860e+01  0.000000e+00  1.048194e+02
      vertex -8.660254e+00  0.000000e+00  1.050000e+02
      vertex -1.864962e+01  0.000000e+00  1.036320e+02
    endloop
  endfacet
  facet normal  0.000000e+00  9.999999e-01  0.000000e+00
    outer loop
      vertex -1.864962e+01  0.000000e+00  1.036320e+02
      vertex -8.660254e+00  0.000000e+00  1.050000e+02
      vertex -9.063078e+00  0.000000e+00  1.042262e+02
    endloop
  endfacet
  facet normal  0.000000e+00  1.000000e+00  0.000000e+00
    outer loop
      vertex -1.864962e+01  0.000000e+00  1.036320e+02
      vertex -9.063078e+00  0.000000e+00  1.042262e+02
      vertex -9.396926e+00  0.000000e+00  1.034202e+02
    endloop
  endfacet
  facet normal  0.000000e+00  1.000000e+00  0.000000e+00
    outer loop
      vertex -1.864962e+01  0.000000e+00  1.036320e+02
      vertex -9.396926e+00  0.000000e+00  1.034202e+02
      vertex -1.884401e+01  0.000000e+00  1.024297e+02
    endloop
  endfacet
  facet normal  0.000000e+00  1.000000e+00  0.000000e+00
    outer loop
      vertex -1.884401e+01  0.000000e+00  1.024297e+02
      vertex -9.396926e+00  0.000000e+00  1.034202e+02
      vertex -9.659258e+00  0.000000e+00  1.025882e+02
    endloop
  endfacet
  facet normal  0.000000e+00  1.000000e+00  0.000000e+00
    outer loop
      vertex -1.884401e+01  0.000000e+00  1.024297e+02
      vertex -9.659258e+00  0.000000e+00  1.025882e+02
      vertex -1.896096e+01  0.000000e+00  1.012173e+02
    endloop
  endfacet
  facet normal  0.000000e+00  1.000000e+00  0.000000e+00
    outer loop
      vertex -1.896096e+01  0.000000e+00  1.012173e+02
      vertex -9.659258e+00  0.000000e+00  1.025882e+02
      vertex -9.848078e+00  0.000000e+00  1.017365e+02
    endloop
  endfacet
  facet normal  0.000000e+00  1.000000e+00  0.000000e+00
    outer loop
      vertex -1.896096e+01  0.000000e+00  1.012173e+02
      vertex -9.848078e+00  0.000000e+00  1.017365e+02
      vertex -9.961947e+00  0.000000e+00  1.008716e+02
    endloop
  endfacet
  facet normal  0.000000e+00  1.000000e+00  0.000000e+00
    outer loop
      vertex -1.896096e+01  0.000000e+00  1.012173e+02
      vertex -9.961947e+00  0.000000e+00  1.008716e+02
      vertex -1.900000e+01  0.000000e+00  1.000000e+02
    endloop
  endfacet
  facet normal  0.000000e+00  1.000000e+00  0.000000e+00
    outer loop
      vertex -1.900000e+01  0.000000e+00  1.000000e+02
      vertex -9.961947e+00  0.000000e+00  1.008716e+02
      vertex -1.000000e+01  0.000000e+00  1.000000e+02
    endloop
  endfacet
  facet normal  0.000000e+00  1.000000e+00  0.000000e+00
    outer loop
      vertex -1.900000e+01  0.000000e+00  1.000000e+02
      vertex -1.000000e+01  0.000000e+00  1.000000e+02
      vertex -1.896096e+01  0.000000e+00  9.878267e+01
    endloop
  endfacet
  facet normal  0.000000e+00  1.000000e+00  0.000000e+00
    outer loop
      vertex -1.896096e+01  0.000000e+00  9.878267e+01
      vertex -1.000000e+01  0.000000e+00  1.000000e+02
      vertex -9.961947e+00  0.000000e+00  9.912844e+01
    endloop
  endfacet
  facet normal  0.000000e+00  9.999999e-01  0.000000e+00
    outer loop
      vertex -1.896096e+01  0.000000e+00  9.878267e+01
      vertex -9.961947e+00  0.000000e+00  9.912844e+01
      vertex -1.884401e+01  0.000000e+00  9.757034e+01
    endloop
  endfacet
  facet normal  0.000000e+00  1.000000e+00  0.000000e+00
    outer loop
      vertex -1.884401e+01  0.000000e+00  9.757034e+01
      vertex -9.961947e+00  0.000000e+00  9.912844e+01
      vertex -9.848078e+00  0.000000e+00  9.826352e+01
    endloop
  endfacet
  facet normal  0.000000e+00  1.000000e+00  0.000000e+00
    outer loop
      vertex -1.884401e+01  0.000000e+00  9.757034e+01
      vertex -9.848078e+00  0.000000e+00  9.826352e+01
      vertex -9.659258e+00  0.000000e+00  9.741181e+01
    endloop
  endfacet
  facet normal  0.000000e+00  9.999999e-01  0.000000e+00
    outer loop
      vertex -1.884401e+01  0.000000e+00  9.757034e+01
      vertex -9.659258e+00  0.000000e+00  9.741181e+01
      vertex -1.864962e+01  0.000000e+00  9.636799e+01
    endloop
  endfacet
  facet normal  0.000000e+00  1.000000e+00  0.000000e+00
    outer loop
      vertex -1.864962e+01  0.000000e+00  9.636799e+01
      vertex -9.659258e+00  0.000000e+00  9.741181e+01
      vertex -9.396926e+00  0.000000e+00  9.657980e+01
    endloop
  endfacet
  facet normal  0.000000e+00  1.000000e+00  0.000000e+00
    outer loop
      vertex -1.864962e+01  0.000000e+00  9.636799e+01
      vertex -9.396926e+00  0.000000e+00  9.657980e+01
      vertex -1.837860e+01  0.000000e+00  9.518056e+01
    endloop
  endfacet
  facet normal  0.000000e+00  1.000000e+00  0.000000e+00
    outer loop
      vertex -1.837860e+01  0.000000e+00  9.518056e+01
      vertex -9.396926e+00  0.000000e+00  9.657980e+01
      vertex -9.063078e+00  0.000000e+00  9.577382e+01
    endloop
  endfacet
  facet normal  0.000000e+00  1.000000e+00  0.000000e+00
    outer loop
      vertex -1.837860e+01  0.000000e+00  9.518056e+01
      vertex -9.063078e+00  0.000000e+00  9.577382e+01
      vertex -8.660254e+00  0.000000e+00  9.500000e+01
    endloop
  endfacet
  facet normal  0.000000e+00  9.999999e-01  0.000000e+00
    outer loop
      vertex -1.837860e+01  0.000000e+00  9.518056e+01
      vertex -8.660254e+00  0.000000e+00  9.500000e+01
      vertex -1.803206e+01  0.000000e+00  9.401295e+01
    endloop
  endfacet
  facet normal  0.000000e+00  1.000000e+00  0.000000e+00
    outer loop
      vertex -1.803206e+01  0.000000e+00  9.401295e+01
      vertex -8.660254e+00  0.000000e+00  9.500000e+01
      vertex -8.191521e+00  0.000000e+00  9.426424e+01
    endloop
  endfacet
  facet normal  0.000000e+00  1.000000e+00  0.000000e+00
    outer loop
      vertex -1.803206e+01  0.000000e+00  9.401295e+01
      vertex -8.191521e+00  0.000000e+00  9.426424e+01
      vertex -1.761142e+01  0.000000e+00  9.286993e+01
    endloop
  endfacet
  facet normal  0.000000e+00  1.000000e+00  0.000000e+00
    outer loop
      vertex -1.761142e+01  0.000000e+00  9.286993e+01
      vertex -8.191521e+00  0.000000e+00  9.426424e+01
      vertex -7.660444e+00  0.000000e+00  9.357212e+01
    endloop
  endfacet
  facet normal  0.000000e+00  1.000000e+00  0.000000e+00
    outer loop
      vertex -1.761142e+01  0.000000e+00  9.286993e+01
      vertex -7.660444e+00  0.000000e+00  9.357212e+01
      vertex -7.071068e+00  0.000000e+00  9.292893e+01
    endloop
  endfacet
  facet normal  0.000000e+00  1.000000e+00  0.000000e+00
    outer loop
      vertex -1.761142e+01  0.000000e+00  9.286993e+01
      vertex -7.071068e+00  0.000000e+00  9.292893e+01
      vertex -1.711841e+01  0.000000e+00  9.175621e+01
    endloop
  endfacet
  facet normal  0.000000e+00  1.000000e+00  0.000000e+00
    outer loop
      vertex -1.711841e+01  0.000000e+00  9.175621e+01
      vertex -7.071068e+00  0.000000e+00  9.292893e+01
      vertex -6.427876e+00  0.000000e+00  9.233955e+01
    endloop
  endfacet
  facet normal  0.000000e+00  1.000000e+00  0.000000e+00
    outer loop
      vertex -1.711841e+01  0.000000e+00  9.175621e+01
      vertex -6.427876e+00  0.000000e+00  9.233955e+01
      vertex -5.735765e+00  0.000000e+00  9.180848e+01
    endloop
  endfacet
  facet normal  0.000000e+00  1.000000e+00  0.000000e+00
    outer loop
      vertex -1.711841e+01  0.000000e+00  9.175621e+01
      vertex -5.735765e+00  0.000000e+00  9.180848e+01
      vertex -1.655506e+01  0.000000e+00  9.067637e+01
    endloop
  endfacet
  facet normal  0.000000e+00  1.000000e+00  0.000000e+00
    outer loop
      vertex -1.655506e+01  0.000000e+00  9.067637e+01
      vertex -5.735765e+00  0.000000e+00  9.180848e+01
      vertex -5.000000e+00  0.000000e+00  9.133974e+01
    endloop
  endfacet
  facet normal  0.000000e+00  1.000000e+00  0.000000e+00
    outer loop
      vertex -1.655506e+01  0.000000e+00  9.067637e+01
      vertex -5.000000e+00  0.000000e+00  9.133974e+01
      vertex -4.226182e+00  0.000000e+00  9.093692e+01
    endloop
  endfacet
  facet normal  9.994863e-01  0.000000e+00  3.205180e-02
    outer loop
      vertex  1.900000e+01 -2.000000e+01  1.000000e+02
      vertex  1.900000e+01  0.000000e+00  1.000000e+02
      vertex  1.896096e+01 -2.000000e+01  1.012173e+02
    endloop
  endfacet
  facet normal  9.994863e-01  -0.000000e+00  3.205180e-02
    outer loop
      vertex  1.896096e+01 -2.000000e+01  1.012173e+02
      vertex  1.900000e+01  0.000000e+00  1.000000e+02
      vertex  1.896096e+01  0.000000e+00  1.012173e+02
    endloop
  endfacet
  facet normal  9.953791e-01  0.000000e+00  9.602346e-02
    outer loop
      vertex  1.896096e+01 -2.000000e+01  1.012173e+02
      vertex  1.896096e+01  0.000000e+00  1.012173e+02
      vertex  1.884401e+01 -2.000000e+01  1.024297e+02
    endloop
  endfacet
  facet normal  9.953791e-01  -0.000000e+00  9.602346e-02
    outer loop
      vertex  1.884401e+01 -2.000000e+01  1.024297e+02
      vertex  1.896096e+01  0.000000e+00  1.012173e+02
      vertex  1.884401e+01  0.000000e+00  1.024297e+02
    endloop
  endfacet
  facet normal  9.871818e-01  0.000000e+00  1.595994e-01
    outer loop
      vertex  1.884401e+01 -2.000000e+01  1.024297e+02
      vertex  1.884401e+01  0.000000e+00  1.024297e+02
      vertex  1.864962e+01 -2.000000e+01  1.036320e+02
    endloop
  endfacet
  facet normal  9.871818e-01  -0.000000e+00  1.595994e-01
    outer loop
      vertex  1.864962e+01 -2.000000e+01  1.036320e+02
      vertex  1.884401e+01  0.000000e+00  1.024297e+02
      vertex  1.864962e+01  0.000000e+00  1.036320e+02
    endloop
  endfacet
  facet normal  9.749281e-01  0.000000e+00  2.225203e-01
    outer loop
      vertex  1.864962e+01 -2.000000e+01  1.036320e+02
      vertex  1.864962e+01  0.000000e+00  1.036320e+02
      vertex  1.837860e+01 -2.000000e+01  1.048194e+02
    endloop
  endfacet
  facet normal  9.749281e-01  -0.000000e+00  2.225203e-01
    outer loop
      vertex  1.837860e+01 -2.000000e+01  1.048194e+02
      vertex  1.864962e+01  0.000000e+00  1.036320e+02
      vertex  1.837860e+01  0.000000e+00  1.048194e+02
    endloop
  endfacet
  facet normal  9.586676e-01  0.000000e+00  2.845287e-01
    outer loop
      vertex  1.837860e+01 -2.000000e+01  1.048194e+02
      vertex  1.837860e+01  0.000000e+00  1.048194e+02
      vertex  1.803206e+01 -2.000000e+01  1.059871e+02
    endloop
  endfacet
  facet normal  9.586676e-01  -0.000000e+00  2.845287e-01
    outer loop
      vertex  1.803206e+01 -2.000000e+01  1.059871e+02
      vertex  1.837860e+01  0.000000e+00  1.048194e+02
      vertex  1.803206e+01  0.000000e+00  1.059871e+02
    endloop
  endfacet
  facet normal  9.384688e-01  0.000000e+00  3.453642e-01
    outer loop
      vertex  1.803206e+01 -2.000000e+01  1.059871e+02
      vertex  1.803206e+01  0.000000e+00  1.059871e+02
      vertex  1.761142e+01 -2.000000e+01  1.071301e+02
    endloop
  endfacet
  facet normal  9.384688e-01  -0.000000e+00  3.453642e-01
    outer loop
      vertex  1.761142e+01 -2.000000e+01  1.071301e+02
      vertex  1.803206e+01  0.000000e+00  1.059871e+02
      vertex  1.761142e+01  0.000000e+00  1.071301e+02
    endloop
  endfacet
  facet normal  9.144124e-01  0.000000e+00  4.047836e-01
    outer loop
      vertex  1.761142e+01 -2.000000e+01  1.071301e+02
      vertex  1.761142e+01  0.000000e+00  1.071301e+02
      vertex  1.711841e+01 -2.000000e+01  1.082438e+02
    endloop
  endfacet
  facet normal  9.144124e-01  -0.000000e+00  4.047836e-01
    outer loop
      vertex  1.711841e+01 -2.000000e+01  1.082438e+02
      vertex  1.761142e+01  0.000000e+00  1.071301e+02
      vertex  1.711841e+01  0.000000e+00  1.082438e+02
    endloop
  endfacet
  facet normal  8.865993e-01  0.000000e+00  4.625382e-01
    outer loop
      vertex  1.711841e+01 -2.000000e+01  1.082438e+02
      vertex  1.711841e+01  0.000000e+00  1.082438e+02
      vertex  1.655506e+01 -2.000000e+01  1.093236e+02
    endloop
  endfacet
  facet normal  8.865993e-01  -0.000000e+00  4.625382e-01
    outer loop
      vertex  1.655506e+01 -2.000000e+01  1.093236e+02
      vertex  1.711841e+01  0.000000e+00  1.082438e+02
      vertex  1.655506e+01  0.000000e+00  1.093236e+02
    endloop
  endfacet
  facet normal  8.551435e-01  0.000000e+00  5.183912e-01
    outer loop
      vertex  1.655506e+01 -2.000000e+01  1.093236e+02
      vertex  1.655506e+01  0.000000e+00  1.093236e+02
      vertex  1.592367e+01 -2.000000e+01  1.103652e+02
    endloop
  endfacet
  facet normal  8.551435e-01  -0.000000e+00  5.183912e-01
    outer loop
      vertex  1.592367e+01 -2.000000e+01  1.103652e+02
      vertex  1.655506e+01  0.000000e+00  1.093236e+02
      vertex  1.592367e+01  0.000000e+00  1.103652e+02
    endloop
  endfacet
  facet normal  8.201711e-01  0.000000e+00  5.721182e-01
    outer loop
      vertex  1.592367e+01 -2.000000e+01  1.103652e+02
      vertex  1.592367e+01  0.000000e+00  1.103652e+02
      vertex  1.522686e+01 -2.000000e+01  1.113641e+02
    endloop
  endfacet
  facet normal  8.201711e-01  -0.000000e+00  5.721182e-01
    outer loop
      vertex  1.522686e+01 -2.000000e+01  1.113641e+02
      vertex  1.592367e+01  0.000000e+00  1.103652e+02
      vertex  1.522686e+01  0.000000e+00  1.113641e+02
    endloop
  endfacet
  facet normal  7.818315e-01  0.000000e+00  6.234898e-01
    outer loop
      vertex  1.522686e+01 -2.000000e+01  1.113641e+02
      vertex  1.522686e+01  0.000000e+00  1.113641e+02
      vertex  1.446747e+01 -2.000000e+01  1.123163e+02
    endloop
  endfacet
  facet normal  7.818315e-01  -0.000000e+00  6.234898e-01
    outer loop
      vertex  1.446747e+01 -2.000000e+01  1.123163e+02
      vertex  1.522686e+01  0.000000e+00  1.113641e+02
      vertex  1.446747e+01  0.000000e+00  1.123163e+02
    endloop
  endfacet
  facet normal  7.402801e-01  0.000000e+00  6.722986e-01
    outer loop
      vertex  1.446747e+01 -2.000000e+01  1.123163e+02
      vertex  1.446747e+01  0.000000e+00  1.123163e+02
      vertex  1.364864e+01 -2.000000e+01  1.132180e+02
    endloop
  endfacet
  facet normal  7.402801e-01  -0.000000e+00  6.722986e-01
    outer loop
      vertex  1.364864e+01 -2.000000e+01  1.132180e+02
      vertex  1.446747e+01  0.000000e+00  1.123163e+02
      vertex  1.364864e+01  0.000000e+00  1.132180e+02
    endloop
  endfacet
  facet normal  6.956823e-01  0.000000e+00  7.183496e-01
    outer loop
      vertex  1.364864e+01 -2.000000e+01  1.132180e+02
      vertex  1.364864e+01  0.000000e+00  1.132180e+02
      vertex  1.277372e+01 -2.000000e+01  1.140653e+02
    endloop
  endfacet
  facet normal  6.956823e-01  -0.000000e+00  7.183496e-01
    outer loop
      vertex  1.277372e+01 -2.000000e+01  1.140653e+02
      vertex  1.364864e+01  0.000000e+00  1.132180e+02
      vertex  1.277372e+01  0.000000e+00  1.140653e+02
    endloop
  endfacet
  facet normal  6.482266e-01  0.000000e+00  7.614476e-01
    outer loop
      vertex  1.277372e+01 -2.000000e+01  1.140653e+02
      vertex  1.277372e+01  0.000000e+00  1.140653e+02
      vertex  1.184631e+01 -2.000000e+01  1.148548e+02
    endloop
  endfacet
  facet normal  6.482266e-01  -0.000000e+00  7.614476e-01
    outer loop
      vertex  1.184631e+01 -2.000000e+01  1.148548e+02
      vertex  1.277372e+01  0.000000e+00  1.140653e+02
      vertex  1.184631e+01  0.000000e+00  1.148548e+02
    endloop
  endfacet
  facet normal  5.981120e-01  0.000000e+00  8.014124e-01
    outer loop
      vertex  1.184631e+01 -2.000000e+01  1.148548e+02
      vertex  1.184631e+01  0.000000e+00  1.148548e+02
      vertex  1.087022e+01 -2.000000e+01  1.155833e+02
    endloop
  endfacet
  facet normal  5.981120e-01  -0.000000e+00  8.014124e-01
    outer loop
      vertex  1.087022e+01 -2.000000e+01  1.155833e+02
      vertex  1.184631e+01  0.000000e+00  1.148548e+02
      vertex  1.087022e+01  0.000000e+00  1.155833e+02
    endloop
  endfacet
  facet normal  5.455330e-01  0.000000e+00  8.380893e-01
    outer loop
      vertex  1.087022e+01 -2.000000e+01  1.155833e+02
      vertex  1.087022e+01  0.000000e+00  1.155833e+02
      vertex  9.849459e+00 -2.000000e+01  1.162477e+02
    endloop
  endfacet
  facet normal  5.455330e-01  -0.000000e+00  8.380893e-01
    outer loop
      vertex  9.849459e+00 -2.000000e+01  1.162477e+02
      vertex  1.087022e+01  0.000000e+00  1.155833e+02
      vertex  9.849459e+00  0.000000e+00  1.162477e+02
    endloop
  endfacet
  facet normal  4.907204e-01  0.000000e+00  8.713170e-01
    outer loop
      vertex  9.849459e+00 -2.000000e+01  1.162477e+02
      vertex  9.849459e+00  0.000000e+00  1.162477e+02
      vertex  8.788227e+00 -2.000000e+01  1.168454e+02
    endloop
  endfacet
  facet normal  4.907204e-01  -0.000000e+00  8.713170e-01
    outer loop
      vertex  8.788227e+00 -2.000000e+01  1.168454e+02
      vertex  9.849459e+00  0.000000e+00  1.162477e+02
      vertex  8.788227e+00  0.000000e+00  1.168454e+02
    endloop
  endfacet
  facet normal  4.338819e-01  0.000000e+00  9.009697e-01
    outer loop
      vertex  8.788227e+00 -2.000000e+01  1.168454e+02
      vertex  8.788227e+00  0.000000e+00  1.168454e+02
      vertex  7.690884e+00 -2.000000e+01  1.173738e+02
    endloop
  endfacet
  facet normal  4.338819e-01  -0.000000e+00  9.009697e-01
    outer loop
      vertex  7.690884e+00 -2.000000e+01  1.173738e+02
      vertex  8.788227e+00  0.000000e+00  1.168454e+02
      vertex  7.690884e+00  0.000000e+00  1.173738e+02
    endloop
  endfacet
  facet normal  3.752680e-01  0.000000e+00  9.269162e-01
    outer loop
      vertex  7.690884e+00 -2.000000e+01  1.173738e+02
      vertex  7.690884e+00  0.000000e+00  1.173738e+02
      vertex  6.561936e+00 -2.000000e+01  1.178309e+02
    endloop
  endfacet
  facet normal  3.752680e-01  -0.000000e+00  9.269162e-01
    outer loop
      vertex  6.561936e+00 -2.000000e+01  1.178309e+02
      vertex  7.690884e+00  0.000000e+00  1.173738e+02
      vertex  6.561936e+00  0.000000e+00  1.178309e+02
    endloop
  endfacet
  facet normal  3.151081e-01  0.000000e+00  9.490559e-01
    outer loop
      vertex  6.561936e+00 -2.000000e+01  1.178309e+02
      vertex  6.561936e+00  0.000000e+00  1.178309e+02
      vertex  5.406024e+00 -2.000000e+01  1.182147e+02
    endloop
  endfacet
  facet normal  3.151081e-01  -0.000000e+00  9.490559e-01
    outer loop
      vertex  5.406024e+00 -2.000000e+01  1.182147e+02
      vertex  6.561936e+00  0.000000e+00  1.178309e+02
      vertex  5.406024e+00  0.000000e+00  1.182147e+02
    endloop
  endfacet
  facet normal  2.536515e-01  0.000000e+00  9.672956e-01
    outer loop
      vertex  5.406024e+00 -2.000000e+01  1.182147e+02
      vertex  5.406024e+00  0.000000e+00  1.182147e+02
      vertex  4.227898e+00 -2.000000e+01  1.185236e+02
    endloop
  endfacet
  facet normal  2.536515e-01  -0.000000e+00  9.672956e-01
    outer loop
      vertex  4.227898e+00 -2.000000e+01  1.185236e+02
      vertex  5.406024e+00  0.000000e+00  1.182147e+02
      vertex  4.227898e+00  0.000000e+00  1.185236e+02
    endloop
  endfacet
  facet normal  1.911608e-01  0.000000e+00  9.815587e-01
    outer loop
      vertex  4.227898e+00 -2.000000e+01  1.185236e+02
      vertex  4.227898e+00  0.000000e+00  1.185236e+02
      vertex  3.032398e+00 -2.000000e+01  1.187565e+02
    endloop
  endfacet
  facet normal  1.911608e-01  -0.000000e+00  9.815587e-01
    outer loop
      vertex  3.032398e+00 -2.000000e+01  1.187565e+02
      vertex  4.227898e+00  0.000000e+00  1.185236e+02
      vertex  3.032398e+00  0.000000e+00  1.187565e+02
    endloop
  endfacet
  facet normal  1.278749e-01  0.000000e+00  9.917904e-01
    outer loop
      vertex  3.032398e+00 -2.000000e+01  1.187565e+02
      vertex  3.032398e+00  0.000000e+00  1.187565e+02
      vertex  1.824437e+00 -2.000000e+01  1.189122e+02
    endloop
  endfacet
  facet normal  1.278749e-01  -0.000000e+00  9.917904e-01
    outer loop
      vertex  1.824437e+00 -2.000000e+01  1.189122e+02
      vertex  3.032398e+00  0.000000e+00  1.187565e+02
      vertex  1.824437e+00  0.000000e+00  1.189122e+02
    endloop
  endfacet
  facet normal  6.406900e-02  0.000000e+00  9.979455e-01
    outer loop
      vertex  1.824437e+00 -2.000000e+01  1.189122e+02
      vertex  1.824437e+00  0.000000e+00  1.189122e+02
      vertex  6.089800e-01 -2.000000e+01  1.189902e+02
    endloop
  endfacet
  facet normal  6.406900e-02  -0.000000e+00  9.979455e-01
    outer loop
      vertex  6.089800e-01 -2.000000e+01  1.189902e+02
      vertex  1.824437e+00  0.000000e+00  1.189122e+02
      vertex  6.089800e-01  0.000000e+00  1.189902e+02
    endloop
  endfacet
  facet normal  0.000000e+00  0.000000e+00  1.000000e+00
    outer loop
      vertex  6.089800e-01 -2.000000e+01  1.189902e+02
      vertex  6.089800e-01  0.000000e+00  1.189902e+02
      vertex -6.089800e-01 -2.000000e+01  1.189902e+02
    endloop
  endfacet
  facet normal  0.000000e+00  0.000000e+00  1.000000e+00
    outer loop
      vertex -6.089800e-01 -2.000000e+01  1.189902e+02
      vertex  6.089800e-01  0.000000e+00  1.189902e+02
      vertex -6.089800e-01  0.000000e+00  1.189902e+02
    endloop
  endfacet
  facet normal -6.406900e-02  0.000000e+00  9.979455e-01
    outer loop
      vertex -6.089800e-01 -2.000000e+01  1.189902e+02
      vertex -6.089800e-01  0.000000e+00  1.189902e+02
      vertex -1.824437e+00 -2.000000e+01  1.189122e+02
    endloop
  endfacet
  facet normal -6.406900e-02  0.000000e+00  9.979455e-01
    outer loop
      vertex -1.824437e+00 -2.000000e+01  1.189122e+02
      vertex -6.089800e-01  0.000000e+00  1.189902e+02
      vertex -1.824437e+00  0.000000e+00  1.189122e+02
    endloop
  endfacet
  facet normal -1.278749e-01  0.000000e+00  9.917904e-01
    outer loop
      vertex -1.824437e+00 -2.000000e+01  1.189122e+02
      vertex -1.824437e+00  0.000000e+00  1.189122e+02
      vertex -3.032398e+00 -2.000000e+01  1.187565e+02
    endloop
  endfacet
  facet normal -1.278749e-01  0.000000e+00  9.917904e-01
    outer loop
      vertex -3.032398e+00 -2.000000e+01  1.187565e+02
      vertex -1.824437e+00  0.000000e+00  1.189122e+02
      vertex -3.032398e+00  0.000000e+00  1.187565e+02
    endloop
  endfacet
  facet normal -1.911608e-01  0.000000e+00  9.815587e-01
    outer loop
      vertex -3.032398e+00 -2.000000e+01  1.187565e+02
      vertex -3.032398e+00  0.000000e+00  1.187565e+02
      vertex -4.227898e+00 -2.000000e+01  1.185236e+02
    endloop
  endfacet
  facet normal -1.911608e-01  0.000000e+00  9.815587e-01
    outer loop
      vertex -4.227898e+00 -2.000000e+01  1.185236e+02
      vertex -3.032398e+00  0.000000e+00  1.187565e+02
      vertex -4.227898e+00  0.000000e+00  1.185236e+02
    endloop
  endfacet
  facet normal -2.536515e-01  0.000000e+00  9.672956e-01
    outer loop
      vertex -4.227898e+00 -2.000000e+01  1.185236e+02
      vertex -4.227898e+00  0.000000e+00  1.185236e+02
      vertex -5.406024e+00 -2.000000e+01  1.182147e+02
    endloop
  endfacet
  facet normal -2.536515e-01  0.000000e+00  9.672956e-01
    outer loop
      vertex -5.406024e+00 -2.000000e+01  1.182147e+02
      vertex -4.227898e+00  0.000000e+00  1.185236e+02
      vertex -5.406024e+00  0.000000e+00  1.182147e+02
    endloop
  endfacet
  facet normal -3.151081e-01  0.000000e+00  9.490559e-01
    outer loop
      vertex -5.406024e+00 -2.000000e+01  1.182147e+02
      vertex -5.406024e+00  0.000000e+00  1.182147e+02
      vertex -6.561936e+00 -2.000000e+01  1.178309e+02
    endloop
  endfacet
  facet normal -3.151081e-01  0.000000e+00  9.490559e-01
    outer loop
      vertex -6.561936e+00 -2.000000e+01  1.178309e+02
      vertex -5.406024e+00  0.000000e+00  1.182147e+02
      vertex -6.561936e+00  0.000000e+00  1.178309e+02
    endloop
  endfacet
  facet normal -3.752680e-01  0.000000e+00  9.269162e-01
    outer loop
      vertex -6.561936e+00 -2.000000e+01  1.178309e+02
      vertex -6.561936e+00  0.000000e+00  1.178309e+02
      vertex -7.690884e+00 -2.000000e+01  1.173738e+02
    endloop
  endfacet
  facet normal -3.752680e-01  0.000000e+00  9.269162e-01
    outer loop
      vertex -7.690884e+00 -2.000000e+01  1.173738e+02
      vertex -6.561936e+00  0.000000e+00  1.178309e+02
      vertex -7.690884e+00  0.000000e+00  1.173738e+02
    endloop
  endfacet
  facet normal -4.338819e-01  0.000000e+00  9.009697e-01
    outer loop
      vertex -7.690884e+00 -2.000000e+01  1.173738e+02
      vertex -7.690884e+00  0.000000e+00  1.173738e+02
      vertex -8.788227e+00 -2.000000e+01  1.168454e+02
    endloop
  endfacet
  facet normal -4.338819e-01  0.000000e+00  9.009697e-01
    outer loop
      vertex -8.788227e+00 -2.000000e+01  1.168454e+02
      vertex -7.690884e+00  0.000000e+00  1.173738e+02
      vertex -8.788227e+00  0.000000e+00  1.168454e+02
    endloop
  endfacet
  facet normal -4.907204e-01  0.000000e+00  8.713170e-01
    outer loop
      vertex -8.788227e+00 -2.000000e+01  1.168454e+02
      vertex -8.788227e+00  0.000000e+00  1.168454e+02
      vertex -9.849459e+00 -2.000000e+01  1.162477e+02
    endloop
  endfacet
  facet normal -4.907204e-01  0.000000e+00  8.713170e-01
    outer loop
      vertex -9.849459e+00 -2.000000e+01  1.162477e+02
      vertex -8.788227e+00  0.000000e+00  1.168454e+02
      vertex -9.849459e+00  0.000000e+00  1.162477e+02
    endloop
  endfacet
  facet normal -5.455330e-01  0.000000e+00  8.380893e-01
    outer loop
      vertex -9.849459e+00 -2.000000e+01  1.162477e+02
      vertex -9.849459e+00  0.000000e+00  1.162477e+02
      vertex -1.087022e+01 -2.000000e+01  1.155833e+02
    endloop
  endfacet
  facet normal -5.455330e-01  0.000000e+00  8.380893e-01
    outer loop
      vertex -1.087022e+01 -2.000000e+01  1.155833e+02
      vertex -9.849459e+00  0.000000e+00  1.162477e+02
      vertex -1.087022e+01  0.000000e+00  1.155833e+02
    endloop
  endfacet
  facet normal -5.981120e-01  0.000000e+00  8.014124e-01
    outer loop
      vertex -1.087022e+01 -2.000000e+01  1.155833e+02
      vertex -1.087022e+01  0.000000e+00  1.155833e+02
      vertex -1.184631e+01 -2.000000e+01  1.148548e+02
    endloop
  endfacet
  facet normal -5.981120e-01  0.000000e+00  8.014124e-01
    outer loop
      vertex -1.184631e+01 -2.000000e+01  1.148548e+02
      vertex -1.087022e+01  0.000000e+00  1.155833e+02
      vertex -1.184631e+01  0.000000e+00  1.148548e+02
    endloop
  endfacet
  facet normal -6.482266e-01  0.000000e+00  7.614476e-01
    outer loop
      vertex -1.184631e+01 -2.000000e+01  1.148548e+02
      vertex -1.184631e+01  0.000000e+00  1.148548e+02
      vertex -1.277372e+01 -2.000000e+01  1.140653e+02
    endloop
  endfacet
  facet normal -6.482266e-01  0.000000e+00  7.614476e-01
    outer loop
      vertex -1.277372e+01 -2.000000e+01  1.140653e+02
      vertex -1.184631e+01  0.000000e+00  1.148548e+02
      vertex -1.277372e+01  0.000000e+00  1.140653e+02
    endloop
  endfacet
  facet normal -6.956823e-01  0.000000e+00  7.183496e-01
    outer loop
      vertex -1.277372e+01 -2.000000e+01  1.140653e+02
      vertex -1.277372e+01  0.000000e+00  1.140653e+02
      vertex -1.364864e+01 -2.000000e+01  1.132180e+02
    endloop
  endfacet
  facet normal -6.956823e-01  0.000000e+00  7.183496e-01
    outer loop
      vertex -1.364864e+01 -2.000000e+01  1.132180e+02
      vertex -1.277372e+01  0.000000e+00  1.140653e+02
      vertex -1.364864e+01  0.000000e+00  1.132180e+02
    endloop
  endfacet
  facet normal -7.402801e-01  0.000000e+00  6.722986e-01
    outer loop
      vertex -1.364864e+01 -2.000000e+01  1.132180e+02
      vertex -1.364864e+01  0.000000e+00  1.132180e+02
      vertex -1.446747e+01 -2.000000e+01  1.123163e+02
    endloop
  endfacet
  facet normal -7.402801e-01  0.000000e+00  6.722986e-01
    outer loop
      vertex -1.446747e+01 -2.000000e+01  1.123163e+02
      vertex -1.364864e+01  0.000000e+00  1.132180e+02
      vertex -1.446747e+01  0.000000e+00  1.123163e+02
    endloop
  endfacet
  facet normal -7.818315e-01  0.000000e+00  6.234898e-01
    outer loop
      vertex -1.446747e+01 -2.000000e+01  1.123163e+02
      vertex -1.446747e+01  0.000000e+00  1.123163e+02
      vertex -1.522686e+01 -2.000000e+01  1.113641e+02
    endloop
  endfacet
  facet normal -7.818315e-01  0.000000e+00  6.234898e-01
    outer loop
      vertex -1.522686e+01 -2.000000e+01  1.113641e+02
      vertex -1.446747e+01  0.000000e+00  1.123163e+02
      vertex -1.522686e+01  0.000000e+00  1.113641e+02
    endloop
  endfacet
  facet normal -8.201711e-01  0.000000e+00  5.721182e-01
    outer loop
      vertex -1.522686e+01 -2.000000e+01  1.113641e+02
      vertex -1.522686e+01  0.000000e+00  1.113641e+02
      vertex -1.592367e+01 -2.000000e+01  1.103652e+02
    endloop
  endfacet
  facet normal -8.201711e-01  0.000000e+00  5.721182e-01
    outer loop
      vertex -1.592367e+01 -2.000000e+01  1.103652e+02
      vertex -1.522686e+01  0.000000e+00  1.113641e+02
      vertex -1.592367e+01  0.000000e+00  1.103652e+02
    endloop
  endfacet
  facet normal -8.551435e-01  0.000000e+00  5.183912e-01
    outer loop
      vertex -1.592367e+01 -2.000000e+01  1.103652e+02
      vertex -1.592367e+01  0.000000e+00  1.103652e+02
      vertex -1.655506e+01 -2.000000e+01  1.093236e+02
    endloop
  endfacet
  facet normal -8.551435e-01  0.000000e+00  5.183912e-01
    outer loop
      vertex -1.655506e+01 -2.000000e+01  1.093236e+02
      vertex -1.592367e+01  0.000000e+00  1.103652e+02
      vertex -1.655506e+01  0.000000e+00  1.093236e+02
    endloop
  endfacet
  facet normal -8.865993e-01  0.000000e+00  4.625382e-01
    outer loop
      vertex -1.655506e+01 -2.000000e+01  1.093236e+02
      vertex -1.655506e+01  0.000000e+00  1.093236e+02
      vertex -1.711841e+01 -2.000000e+01  1.082438e+02
    endloop
  endfacet
  facet normal -8.865993e-01  0.000000e+00  4.625382e-01
    outer loop
      vertex -1.711841e+01 -2.000000e+01  1.082438e+02
      vertex -1.655506e+01  0.000000e+00  1.093236e+02
      vertex -1.711841e+01  0.000000e+00  1.082438e+02
    endloop
  endfacet
  facet normal -9.144124e-01  0.000000e+00  4.047836e-01
    outer loop
      vertex -1.711841e+01 -2.000000e+01  1.082438e+02
      vertex -1.711841e+01  0.000000e+00  1.082438e+02
      vertex -1.761142e+01 -2.000000e+01  1.071301e+02
    endloop
  endfacet
  facet normal -9.144124e-01  0.000000e+00  4.047836e-01
    outer loop
      vertex -1.761142e+01 -2.000000e+01  1.071301e+02
      vertex -1.711841e+01  0.000000e+00  1.082438e+02
      vertex -1.761142e+01  0.000000e+00  1.071301e+02
    endloop
  endfacet
  facet normal -9.384688e-01  0.000000e+00  3.453642e-01
    outer loop
      vertex -1.761142e+01 -2.000000e+01  1.071301e+02
      vertex -1.761142e+01  0.000000e+00  1.071301e+02
      vertex -1.803206e+01 -2.000000e+01  1.059871e+02
    endloop
  endfacet
  facet normal -9.384688e-01  0.000000e+00  3.453642e-01
    outer loop
      vertex -1.803206e+01 -2.000000e+01  1.059871e+02
      vertex -1.761142e+01  0.000000e+00  1.071301e+02
      vertex -1.803206e+01  0.000000e+00  1.059871e+02
    endloop
  endfacet
  facet normal -9.586676e-01  0.000000e+00  2.845287e-01
    outer loop
      vertex -1.803206e+01 -2.000000e+01  1.059871e+02
      vertex -1.803206e+01  0.000000e+00  1.059871e+02
      vertex -1.837860e+01 -2.000000e+01  1.048194e+02
    endloop
  endfacet
  facet normal -9.586676e-01  0.000000e+00  2.845287e-01
    outer loop
      vertex -1.837860e+01 -2.000000e+01  1.048194e+02
      vertex -1.803206e+01  0.000000e+00  1.059871e+02
      vertex -1.837860e+01  0.000000e+00  1.048194e+02
    endloop
  endfacet
  facet normal -9.749281e-01  0.000000e+00  2.225203e-01
    outer loop
      vertex -1.837860e+01 -2.000000e+01  1.048194e+02
      vertex -1.837860e+01  0.000000e+00  1.048194e+02
      vertex -1.864962e+01 -2.000000e+01  1.036320e+02
    endloop
  endfacet
  facet normal -9.749281e-01  0.000000e+00  2.225203e-01
    outer loop
      vertex -1.864962e+01 -2.000000e+01  1.036320e+02
      vertex -1.837860e+01  0.000000e+00  1.048194e+02
      vertex -1.864962e+01  0.000000e+00  1.036320e+02
    endloop
  endfacet
  facet normal -9.871818e-01  0.000000e+00  1.595994e-01
    outer loop
      vertex -1.864962e+01 -2.000000e+01  1.036320e+02
      vertex -1.864962e+01  0.000000e+00  1.036320e+02
      vertex -1.884401e+01 -2.000000e+01  1.024297e+02
    endloop
  endfacet
  facet normal -9.871818e-01  0.000000e+00  1.595994e-01
    outer loop
      vertex -1.884401e+01 -2.000000e+01  1.024297e+02
      vertex -1.864962e+01  0.000000e+00  1.036320e+02
      vertex -1.884401e+01  0.000000e+00  1.024297e+02
    endloop
  endfacet
  facet normal -9.953791e-01  0.000000e+00  9.602346e-02
    outer loop
      vertex -1.884401e+01 -2.000000e+01  1.024297e+02
      vertex -1.884401e+01  0.000000e+00  1.024297e+02
      vertex -1.896096e+01 -2.000000e+01  1.012173e+02
    endloop
  endfacet
  facet normal -9.953791e-01  0.000000e+00  9.602346e-02
    outer loop
      vertex -1.896096e+01 -2.000000e+01  1.012173e+02
      vertex -1.884401e+01  0.000000e+00  1.024297e+02
      vertex -1.896096e+01  0.000000e+00  1.012173e+02
    endloop
  endfacet
  facet normal -9.994863e-01  0.000000e+00  3.205180e-02
    outer loop
      vertex -1.896096e+01 -2.000000e+01  1.012173e+02
      vertex -1.896096e+01  0.000000e+00  1.012173e+02
      vertex -1.900000e+01 -2.000000e+01  1.000000e+02
    endloop
  endfacet
  facet normal -9.994863e-01  0.000000e+00  3.205180e-02
    outer loop
      vertex -1.900000e+01 -2.000000e+01  1.000000e+02
      vertex -1.896096e+01  0.000000e+00  1.012173e+02
      vertex -1.900000e+01  0.000000e+00  1.000000e+02
    endloop
  endfacet
  facet normal -4.362213e-02  -0.000000e+00 -9.990481e-01
    outer loop
      vertex -6.123234e-16 -2.000000e+01  1.100000e+02
      vertex  8.715574e-01  0.000000e+00  1.099619e+02
      vertex  8.715574e-01 -2.000000e+01  1.099619e+02
    endloop
  endfacet
  facet normal -1.305254e-01  0.000000e+00 -9.914450e-01
    outer loop
      vertex  8.715574e-01 -2.000000e+01  1.099619e+02
      vertex  8.715574e-01  0.000000e+00  1.099619e+02
      vertex  1.736482e+00  0.000000e+00  1.098481e+02
    endloop
  endfacet
  facet normal -1.305254e-01  -0.000000e+00 -9.914450e-01
    outer loop
      vertex  8.715574e-01 -2.000000e+01  1.099619e+02
      vertex  1.736482e+00  0.000000e+00  1.098481e+02
      vertex  1.736482e+00 -2.000000e+01  1.098481e+02
    endloop
  endfacet
  facet normal -2.164403e-01  0.000000e+00 -9.762959e-01
    outer loop
      vertex  1.736482e+00 -2.000000e+01  1.098481e+02
      vertex  1.736482e+00  0.000000e+00  1.098481e+02
      vertex  2.588191e+00  0.000000e+00  1.096593e+02
    endloop
  endfacet
  facet normal -2.164403e-01  -0.000000e+00 -9.762959e-01
    outer loop
      vertex  1.736482e+00 -2.000000e+01  1.098481e+02
      vertex  2.588191e+00  0.000000e+00  1.096593e+02
      vertex  2.588191e+00 -2.000000e+01  1.096593e+02
    endloop
  endfacet
  facet normal -3.007027e-01  0.000000e+00 -9.537179e-01
    outer loop
      vertex  2.588191e+00 -2.000000e+01  1.096593e+02
      vertex  2.588191e+00  0.000000e+00  1.096593e+02
      vertex  3.420202e+00  0.000000e+00  1.093969e+02
    endloop
  endfacet
  facet normal -3.007027e-01  -0.000000e+00 -9.537179e-01
    outer loop
      vertex  2.588191e+00 -2.000000e+01  1.096593e+02
      vertex  3.420202e+00  0.000000e+00  1.093969e+02
      vertex  3.420202e+00 -2.000000e+01  1.093969e+02
    endloop
  endfacet
  facet normal -3.826823e-01  0.000000e+00 -9.238800e-01
    outer loop
      vertex  3.420202e+00 -2.000000e+01  1.093969e+02
      vertex  3.420202e+00  0.000000e+00  1.093969e+02
      vertex  4.226182e+00  0.000000e+00  1.090631e+02
    endloop
  endfacet
  facet normal -3.826823e-01  -0.000000e+00 -9.238800e-01
    outer loop
      vertex  3.420202e+00 -2.000000e+01  1.093969e+02
      vertex  4.226182e+00  0.000000e+00  1.090631e+02
      vertex  4.226182e+00 -2.000000e+01  1.090631e+02
    endloop
  endfacet
  facet normal -4.617490e-01  0.000000e+00 -8.870106e-01
    outer loop
      vertex  4.226182e+00 -2.000000e+01  1.090631e+02
      vertex  4.226182e+00  0.000000e+00  1.090631e+02
      vertex  5.000000e+00  0.000000e+00  1.086603e+02
    endloop
  endfacet
  facet normal -4.617490e-01  -0.000000e+00 -8.870106e-01
    outer loop
      vertex  4.226182e+00 -2.000000e+01  1.090631e+02
      vertex  5.000000e+00  0.000000e+00  1.086603e+02
      vertex  5.000000e+00 -2.000000e+01  1.086603e+02
    endloop
  endfacet
  facet normal -5.373004e-01  0.000000e+00 -8.433908e-01
    outer loop
      vertex  5.000000e+00 -2.000000e+01  1.086603e+02
      vertex  5.000000e+00  0.000000e+00  1.086603e+02
      vertex  5.735765e+00  0.000000e+00  1.081915e+02
    endloop
  endfacet
  facet normal -5.373004e-01  -0.000000e+00 -8.433908e-01
    outer loop
      vertex  5.000000e+00 -2.000000e+01  1.086603e+02
      vertex  5.735765e+00  0.000000e+00  1.081915e+02
      vertex  5.735765e+00 -2.000000e+01  1.081915e+02
    endloop
  endfacet
  facet normal -6.087605e-01  0.000000e+00 -7.933540e-01
    outer loop
      vertex  5.735765e+00 -2.000000e+01  1.081915e+02
      vertex  5.735765e+00  0.000000e+00  1.081915e+02
      vertex  6.427876e+00  0.000000e+00  1.076604e+02
    endloop
  endfacet
  facet normal -6.087605e-01  -0.000000e+00 -7.933540e-01
    outer loop
      vertex  5.735765e+00 -2.000000e+01  1.081915e+02
      vertex  6.427876e+00  0.000000e+00  1.076604e+02
      vertex  6.427876e+00 -2.000000e+01  1.076604e+02
    endloop
  endfacet
  facet normal -6.755912e-01  0.000000e+00 -7.372763e-01
    outer loop
      vertex  6.427876e+00 -2.000000e+01  1.076604e+02
      vertex  6.427876e+00  0.000000e+00  1.076604e+02
      vertex  7.071068e+00  0.000000e+00  1.070711e+02
    endloop
  endfacet
  facet normal -6.755912e-01  -0.000000e+00 -7.372763e-01
    outer loop
      vertex  6.427876e+00 -2.000000e+01  1.076604e+02
      vertex  7.071068e+00  0.000000e+00  1.070711e+02
      vertex  7.071068e+00 -2.000000e+01  1.070711e+02
    endloop
  endfacet
  facet normal -7.372757e-01  0.000000e+00 -6.755919e-01
    outer loop
      vertex  7.071068e+00 -2.000000e+01  1.070711e+02
      vertex  7.071068e+00  0.000000e+00  1.070711e+02
      vertex  7.660444e+00  0.000000e+00  1.064279e+02
    endloop
  endfacet
  facet normal -7.372757e-01  -0.000000e+00 -6.755919e-01
    outer loop
      vertex  7.071068e+00 -2.000000e+01  1.070711e+02
      vertex  7.660444e+00  0.000000e+00  1.064279e+02
      vertex  7.660444e+00 -2.000000e+01  1.064279e+02
    endloop
  endfacet
  facet normal -7.933548e-01  0.000000e+00 -6.087595e-01
    outer loop
      vertex  7.660444e+00 -2.000000e+01  1.064279e+02
      vertex  7.660444e+00  0.000000e+00  1.064279e+02
      vertex  8.191521e+00  0.000000e+00  1.057358e+02
    endloop
  endfacet
  facet normal -7.933548e-01  -0.000000e+00 -6.087595e-01
    outer loop
      vertex  7.660444e+00 -2.000000e+01  1.064279e+02
      vertex  8.191521e+00  0.000000e+00  1.057358e+02
      vertex  8.191521e+00 -2.000000e+01  1.057358e+02
    endloop
  endfacet
  facet normal -8.433911e-01  0.000000e+00 -5.373002e-01
    outer loop
      vertex  8.191521e+00 -2.000000e+01  1.057358e+02
      vertex  8.191521e+00  0.000000e+00  1.057358e+02
      vertex  8.660254e+00  0.000000e+00  1.050000e+02
    endloop
  endfacet
  facet normal -8.433911e-01  -0.000000e+00 -5.373002e-01
    outer loop
      vertex  8.191521e+00 -2.000000e+01  1.057358e+02
      vertex  8.660254e+00  0.000000e+00  1.050000e+02
      vertex  8.660254e+00 -2.000000e+01  1.050000e+02
    endloop
  endfacet
  facet normal -8.870113e-01  0.000000e+00 -4.617475e-01
    outer loop
      vertex  8.660254e+00 -2.000000e+01  1.050000e+02
      vertex  8.660254e+00  0.000000e+00  1.050000e+02
      vertex  9.063078e+00  0.000000e+00  1.042262e+02
    endloop
  endfacet
  facet normal -8.870113e-01  -0.000000e+00 -4.617475e-01
    outer loop
      vertex  8.660254e+00 -2.000000e+01  1.050000e+02
      vertex  9.063078e+00  0.000000e+00  1.042262e+02
      vertex  9.063078e+00 -2.000000e+01  1.042262e+02
    endloop
  endfacet
  facet normal -9.238790e-01  0.000000e+00 -3.826849e-01
    outer loop
      vertex  9.063078e+00 -2.000000e+01  1.042262e+02
      vertex  9.063078e+00  0.000000e+00  1.042262e+02
      vertex  9.396926e+00  0.000000e+00  1.034202e+02
    endloop
  endfacet
  facet normal -9.238790e-01  -0.000000e+00 -3.826849e-01
    outer loop
      vertex  9.063078e+00 -2.000000e+01  1.042262e+02
      vertex  9.396926e+00  0.000000e+00  1.034202e+02
      vertex  9.396926e+00 -2.000000e+01  1.034202e+02
    endloop
  endfacet
  facet normal -9.537175e-01  0.000000e+00 -3.007041e-01
    outer loop
      vertex  9.396926e+00 -2.000000e+01  1.034202e+02
      vertex  9.396926e+00  0.000000e+00  1.034202e+02
      vertex  9.659258e+00  0.000000e+00  1.025882e+02
    endloop
  endfacet
  facet normal -9.537175e-01  -0.000000e+00 -3.007041e-01
    outer loop
      vertex  9.396926e+00 -2.000000e+01  1.034202e+02
      vertex  9.659258e+00  0.000000e+00  1.025882e+02
      vertex  9.659258e+00 -2.000000e+01  1.025882e+02
    endloop
  endfacet
  facet normal -9.762958e-01  0.000000e+00 -2.164406e-01
    outer loop
      vertex  9.659258e+00 -2.000000e+01  1.025882e+02
      vertex  9.659258e+00  0.000000e+00  1.025882e+02
      vertex  9.848078e+00  0.000000e+00  1.017365e+02
    endloop
  endfacet
  facet normal -9.762958e-01  -0.000000e+00 -2.164406e-01
    outer loop
      vertex  9.659258e+00 -2.000000e+01  1.025882e+02
      vertex  9.848078e+00  0.000000e+00  1.017365e+02
      vertex  9.848078e+00 -2.000000e+01  1.017365e+02
    endloop
  endfacet
  facet normal -9.914448e-01  0.000000e+00 -1.305268e-01
    outer loop
      vertex  9.848078e+00 -2.000000e+01  1.017365e+02
      vertex  9.848078e+00  0.000000e+00  1.017365e+02
      vertex  9.961947e+00  0.000000e+00  1.008716e+02
    endloop
  endfacet
  facet normal -9.914448e-01  -0.000000e+00 -1.305268e-01
    outer loop
      vertex  9.848078e+00 -2.000000e+01  1.017365e+02
      vertex  9.961947e+00  0.000000e+00  1.008716e+02
      vertex  9.961947e+00 -2.000000e+01  1.008716e+02
    endloop
  endfacet
  facet normal -9.990483e-01  0.000000e+00 -4.361878e-02
    outer loop
      vertex  9.961947e+00 -2.000000e+01  1.008716e+02
      vertex  9.961947e+00  0.000000e+00  1.008716e+02
      vertex  1.000000e+01  0.000000e+00  1.000000e+02
    endloop
  endfacet
  facet normal -9.990483e-01  -0.000000e+00 -4.361878e-02
    outer loop
      vertex  9.961947e+00 -2.000000e+01  1.008716e+02
      vertex  1.000000e+01  0.000000e+00  1.000000e+02
      vertex  1.000000e+01 -2.000000e+01  1.000000e+02
    endloop
  endfacet
  facet normal -4.362213e-02  0.000000e+00 -9.990481e-01
    outer loop
      vertex  8.715574e-01  0.000000e+00  1.099619e+02
      vertex -6.123234e-16 -2.000000e+01  1.100000e+02
      vertex -6.123234e-16  0.000000e+00  1.100000e+02
    endloop
  endfacet
  facet normal  4.362213e-02  0.000000e+00 -9.990481e-01
    outer loop
      vertex -6.123234e-16  0.000000e+00  1.100000e+02
      vertex -6.123234e-16 -2.000000e+01  1.100000e+02
      vertex -8.715574e-01 -2.000000e+01  1.099619e+02
    endloop
  endfacet
  facet normal  4.362213e-02  0.000000e+00 -9.990481e-01
    outer loop
      vertex -6.123234e-16  0.000000e+00  1.100000e+02
      vertex -8.715574e-01 -2.000000e+01  1.099619e+02
      vertex -8.715574e-01  0.000000e+00  1.099619e+02
    endloop
  endfacet
  facet normal  1.305254e-01  0.000000e+00 -9.914450e-01
    outer loop
      vertex -8.715574e-01  0.000000e+00  1.099619e+02
      vertex -8.715574e-01 -2.000000e+01  1.099619e+02
      vertex -1.736482e+00 -2.000000e+01  1.098481e+02
    endloop
  endfacet
  facet normal  1.305254e-01  0.000000e+00 -9.914450e-01
    outer loop
      vertex -8.715574e-01  0.000000e+00  1.099619e+02
      vertex -1.736482e+00 -2.000000e+01  1.098481e+02
      vertex -1.736482e+00  0.000000e+00  1.098481e+02
    endloop
  endfacet
  facet normal  2.164403e-01  0.000000e+00 -9.762959e-01
    outer loop
      vertex -1.736482e+00  0.000000e+00  1.098481e+02
      vertex -1.736482e+00 -2.000000e+01  1.098481e+02
      vertex -2.588191e+00 -2.000000e+01  1.096593e+02
    endloop
  endfacet
  facet normal  2.164403e-01  0.000000e+00 -9.762959e-01
    outer loop
      vertex -1.736482e+00  0.000000e+00  1.098481e+02
      vertex -2.588191e+00 -2.000000e+01  1.096593e+02
      vertex -2.588191e+00  0.000000e+00  1.096593e+02
    endloop
  endfacet
  facet normal  3.007027e-01  0.000000e+00 -9.537179e-01
    outer loop
      vertex -2.588191e+00  0.000000e+00  1.096593e+02
      vertex -2.588191e+00 -2.000000e+01  1.096593e+02
      vertex -3.420202e+00 -2.000000e+01  1.093969e+02
    endloop
  endfacet
  facet normal  3.007027e-01  0.000000e+00 -9.537179e-01
    outer loop
      vertex -2.588191e+00  0.000000e+00  1.096593e+02
      vertex -3.420202e+00 -2.000000e+01  1.093969e+02
      vertex -3.420202e+00  0.000000e+00  1.093969e+02
    endloop
  endfacet
  facet normal  3.826823e-01  0.000000e+00 -9.238800e-01
    outer loop
      vertex -3.420202e+00  0.000000e+00  1.093969e+02
      vertex -3.420202e+00 -2.000000e+01  1.093969e+02
      vertex -4.226182e+00 -2.000000e+01  1.090631e+02
    endloop
  endfacet
  facet normal  3.826823e-01  0.000000e+00 -9.238800e-01
    outer loop
      vertex -3.420202e+00  0.000000e+00  1.093969e+02
      vertex -4.226182e+00 -2.000000e+01  1.090631e+02
      vertex -4.226182e+00  0.000000e+00  1.090631e+02
    endloop
  endfacet
  facet normal  4.617490e-01  0.000000e+00 -8.870106e-01
    outer loop
      vertex -4.226182e+00  0.000000e+00  1.090631e+02
      vertex -4.226182e+00 -2.000000e+01  1.090631e+02
      vertex -5.000000e+00 -2.000000e+01  1.086603e+02
    endloop
  endfacet
  facet normal  4.617490e-01  0.000000e+00 -8.870106e-01
    outer loop
      vertex -4.226182e+00  0.000000e+00  1.090631e+02
      vertex -5.000000e+00 -2.000000e+01  1.086603e+02
      vertex -5.000000e+00  0.000000e+00  1.086603e+02
    endloop
  endfacet
  facet normal  5.373004e-01  0.000000e+00 -8.433908e-01
    outer loop
      vertex -5.000000e+00  0.000000e+00  1.086603e+02
      vertex -5.000000e+00 -2.000000e+01  1.086603e+02
      vertex -5.735765e+00 -2.000000e+01  1.081915e+02
    endloop
  endfacet
  facet normal  5.373004e-01  0.000000e+00 -8.433908e-01
    outer loop
      vertex -5.000000e+00  0.000000e+00  1.086603e+02
      vertex -5.735765e+00 -2.000000e+01  1.081915e+02
      vertex -5.735765e+00  0.000000e+00  1.081915e+02
    endloop
  endfacet
  facet normal  6.087605e-01  0.000000e+00 -7.933540e-01
    outer loop
      vertex -5.735765e+00  0.000000e+00  1.081915e+02
      vertex -5.735765e+00 -2.000000e+01  1.081915e+02
      vertex -6.427876e+00 -2.000000e+01  1.076604e+02
    endloop
  endfacet
  facet normal  6.087605e-01  0.000000e+00 -7.933540e-01
    outer loop
      vertex -5.735765e+00  0.000000e+00  1.081915e+02
      vertex -6.427876e+00 -2.000000e+01  1.076604e+02
      vertex -6.427876e+00  0.000000e+00  1.076604e+02
    endloop
  endfacet
  facet normal  6.755912e-01  0.000000e+00 -7.372763e-01
    outer loop
      vertex -6.427876e+00  0.000000e+00  1.076604e+02
      vertex -6.427876e+00 -2.000000e+01  1.076604e+02
      vertex -7.071068e+00 -2.000000e+01  1.070711e+02
    endloop
  endfacet
  facet normal  6.755912e-01  0.000000e+00 -7.372763e-01
    outer loop
      vertex -6.427876e+00  0.000000e+00  1.076604e+02
      vertex -7.071068e+00 -2.000000e+01  1.070711e+02
      vertex -7.071068e+00  0.000000e+00  1.070711e+02
    endloop
  endfacet
  facet normal  7.372757e-01  0.000000e+00 -6.755919e-01
    outer loop
      vertex -7.071068e+00  0.000000e+00  1.070711e+02
      vertex -7.071068e+00 -2.000000e+01  1.070711e+02
      vertex -7.660444e+00 -2.000000e+01  1.064279e+02
    endloop
  endfacet
  facet normal  7.372757e-01  0.000000e+00 -6.755919e-01
    outer loop
      vertex -7.071068e+00  0.000000e+00  1.070711e+02
      vertex -7.660444e+00 -2.000000e+01  1.064279e+02
      vertex -7.660444e+00  0.000000e+00  1.064279e+02
    endloop
  endfacet
  facet normal  7.933548e-01  0.000000e+00 -6.087595e-01
    outer loop
      vertex -7.660444e+00  0.000000e+00  1.064279e+02
      vertex -7.660444e+00 -2.000000e+01  1.064279e+02
      vertex -8.191521e+00 -2.000000e+01  1.057358e+02
    endloop
  endfacet
  facet normal  7.933548e-01  0.000000e+00 -6.087595e-01
    outer loop
      vertex -7.660444e+00  0.000000e+00  1.064279e+02
      vertex -8.191521e+00 -2.000000e+01  1.057358e+02
      vertex -8.191521e+00  0.000000e+00  1.057358e+02
    endloop
  endfacet
  facet normal  8.433911e-01  0.000000e+00 -5.373002e-01
    outer loop
      vertex -8.191521e+00  0.000000e+00  1.057358e+02
      vertex -8.191521e+00 -2.000000e+01  1.057358e+02
      vertex -8.660254e+00 -2.000000e+01  1.050000e+02
    endloop
  endfacet
  facet normal  8.433911e-01  0.000000e+00 -5.373002e-01
    outer loop
      vertex -8.191521e+00  0.000000e+00  1.057358e+02
      vertex -8.660254e+00 -2.000000e+01  1.050000e+02
      vertex -8.660254e+00  0.000000e+00  1.050000e+02
    endloop
  endfacet
  facet normal  8.870113e-01  0.000000e+00 -4.617475e-01
    outer loop
      vertex -8.660254e+00  0.000000e+00  1.050000e+02
      vertex -8.660254e+00 -2.000000e+01  1.050000e+02
      vertex -9.063078e+00 -2.000000e+01  1.042262e+02
    endloop
  endfacet
  facet normal  8.870113e-01  0.000000e+00 -4.617475e-01
    outer loop
      vertex -8.660254e+00  0.000000e+00  1.050000e+02
      vertex -9.063078e+00 -2.000000e+01  1.042262e+02
      vertex -9.063078e+00  0.000000e+00  1.042262e+02
    endloop
  endfacet
  facet normal  9.238790e-01  0.000000e+00 -3.826849e-01
    outer loop
      vertex -9.063078e+00  0.000000e+00  1.042262e+02
      vertex -9.063078e+00 -2.000000e+01  1.042262e+02
      vertex -9.396926e+00 -2.000000e+01  1.034202e+02
    endloop
  endfacet
  facet normal  9.238790e-01  0.000000e+00 -3.826849e-01
    outer loop
      vertex -9.063078e+00  0.000000e+00  1.042262e+02
      vertex -9.396926e+00 -2.000000e+01  1.034202e+02
      vertex -9.396926e+00  0.000000e+00  1.034202e+02
    endloop
  endfacet
  facet normal  9.537175e-01  0.000000e+00 -3.007041e-01
    outer loop
      vertex -9.396926e+00  0.000000e+00  1.034202e+02
      vertex -9.396926e+00 -2.000000e+01  1.034202e+02
      vertex -9.659258e+00 -2.000000e+01  1.025882e+02
    endloop
  endfacet
  facet normal  9.537175e-01  0.000000e+00 -3.007041e-01
    outer loop
      vertex -9.396926e+00  0.000000e+00  1.034202e+02
      vertex -9.659258e+00 -2.000000e+01  1.025882e+02
      vertex -9.659258e+00  0.000000e+00  1.025882e+02
    endloop
  endfacet
  facet normal  9.762958e-01  0.000000e+00 -2.164406e-01
    outer loop
      vertex -9.659258e+00  0.000000e+00  1.025882e+02
      vertex -9.659258e+00 -2.000000e+01  1.025882e+02
      vertex -9.848078e+00 -2.000000e+01  1.017365e+02
    endloop
  endfacet
  facet normal  9.762958e-01  0.000000e+00 -2.164406e-01
    outer loop
      vertex -9.659258e+00  0.000000e+00  1.025882e+02
      vertex -9.848078e+00 -2.000000e+01  1.017365e+02
      vertex -9.848078e+00  0.000000e+00  1.017365e+02
    endloop
  endfacet
  facet normal  9.914448e-01  0.000000e+00 -1.305268e-01
    outer loop
      vertex -9.848078e+00  0.000000e+00  1.017365e+02
      vertex -9.848078e+00 -2.000000e+01  1.017365e+02
      vertex -9.961947e+00 -2.000000e+01  1.008716e+02
    endloop
  endfacet
  facet normal  9.914448e-01  0.000000e+00 -1.305268e-01
    outer loop
      vertex -9.848078e+00  0.000000e+00  1.017365e+02
      vertex -9.961947e+00 -2.000000e+01  1.008716e+02
      vertex -9.961947e+00  0.000000e+00  1.008716e+02
    endloop
  endfacet
  facet normal  9.990483e-01  0.000000e+00 -4.361878e-02
    outer loop
      vertex -9.961947e+00  0.000000e+00  1.008716e+02
      vertex -9.961947e+00 -2.000000e+01  1.008716e+02
      vertex -1.000000e+01 -2.000000e+01  1.000000e+02
    endloop
  endfacet
  facet normal  9.990483e-01  0.000000e+00 -4.361878e-02
    outer loop
      vertex -9.961947e+00  0.000000e+00  1.008716e+02
      vertex -1.000000e+01 -2.000000e+01  1.000000e+02
      vertex -1.000000e+01  0.000000e+00  1.000000e+02
    endloop
  endfacet
  facet normal  4.362213e-02  0.000000e+00  9.990481e-01
    outer loop
      vertex  1.836970e-15 -2.000000e+01  9.000000e+01
      vertex -8.715574e-01  0.000000e+00  9.003806e+01
      vertex -8.715574e-01 -2.000000e+01  9.003806e+01
    endloop
  endfacet
  facet normal  1.305254e-01  -0.000000e+00  9.914450e-01
    outer loop
      vertex -8.715574e-01 -2.000000e+01  9.003806e+01
      vertex -8.715574e-01  0.000000e+00  9.003806e+01
      vertex -1.736482e+00  0.000000e+00  9.015192e+01
    endloop
  endfacet
  facet normal  1.305254e-01  0.000000e+00  9.914450e-01
    outer loop
      vertex -8.715574e-01 -2.000000e+01  9.003806e+01
      vertex -1.736482e+00  0.000000e+00  9.015192e+01
      vertex -1.736482e+00 -2.000000e+01  9.015192e+01
    endloop
  endfacet
  facet normal  2.164403e-01  -0.000000e+00  9.762959e-01
    outer loop
      vertex -1.736482e+00 -2.000000e+01  9.015192e+01
      vertex -1.736482e+00  0.000000e+00  9.015192e+01
      vertex -2.588191e+00  0.000000e+00  9.034074e+01
    endloop
  endfacet
  facet normal  2.164403e-01  0.000000e+00  9.762959e-01
    outer loop
      vertex -1.736482e+00 -2.000000e+01  9.015192e+01
      vertex -2.588191e+00  0.000000e+00  9.034074e+01
      vertex -2.588191e+00 -2.000000e+01  9.034074e+01
    endloop
  endfacet
  facet normal  3.007027e-01  -0.000000e+00  9.537179e-01
    outer loop
      vertex -2.588191e+00 -2.000000e+01  9.034074e+01
      vertex -2.588191e+00  0.000000e+00  9.034074e+01
      vertex -3.420202e+00  0.000000e+00  9.060307e+01
    endloop
  endfacet
  facet normal  3.007027e-01  0.000000e+00  9.537179e-01
    outer loop
      vertex -2.588191e+00 -2.000000e+01  9.034074e+01
      vertex -3.420202e+00  0.000000e+00  9.060307e+01
      vertex -3.420202e+00 -2.000000e+01  9.060307e+01
    endloop
  endfacet
  facet normal  3.826823e-01  -0.000000e+00  9.238800e-01
    outer loop
      vertex -3.420202e+00 -2.000000e+01  9.060307e+01
      vertex -3.420202e+00  0.000000e+00  9.060307e+01
      vertex -4.226182e+00  0.000000e+00  9.093692e+01
    endloop
  endfacet
  facet normal  3.826823e-01  0.000000e+00  9.238800e-01
    outer loop
      vertex -3.420202e+00 -2.000000e+01  9.060307e+01
      vertex -4.226182e+00  0.000000e+00  9.093692e+01
      vertex -4.226182e+00 -2.000000e+01  9.093692e+01
    endloop
  endfacet
  facet normal  4.617490e-01  -0.000000e+00  8.870106e-01
    outer loop
      vertex -4.226182e+00 -2.000000e+01  9.093692e+01
      vertex -4.226182e+00  0.000000e+00  9.093692e+01
      vertex -5.000000e+00  0.000000e+00  9.133974e+01
    endloop
  endfacet
  facet normal  4.617490e-01  0.000000e+00  8.870106e-01
    outer loop
      vertex -4.226182e+00 -2.000000e+01  9.093692e+01
      vertex -5.000000e+00  0.000000e+00  9.133974e+01
      vertex -5.000000e+00 -2.000000e+01  9.133974e+01
    endloop
  endfacet
  facet normal  5.373004e-01  -0.000000e+00  8.433908e-01
    outer loop
      vertex -5.000000e+00 -2.000000e+01  9.133974e+01
      vertex -5.000000e+00  0.000000e+00  9.133974e+01
      vertex -5.735765e+00  0.000000e+00  9.180848e+01
    endloop
  endfacet
  facet normal  5.373004e-01  0.000000e+00  8.433908e-01
    outer loop
      vertex -5.000000e+00 -2.000000e+01  9.133974e+01
      vertex -5.735765e+00  0.000000e+00  9.180848e+01
      vertex -5.735765e+00 -2.000000e+01  9.180848e+01
    endloop
  endfacet
  facet normal  6.087605e-01  -0.000000e+00  7.933540e-01
    outer loop
      vertex -5.735765e+00 -2.000000e+01  9.180848e+01
      vertex -5.735765e+00  0.000000e+00  9.180848e+01
      vertex -6.427876e+00  0.000000e+00  9.233955e+01
    endloop
  endfacet
  facet normal  6.087605e-01  0.000000e+00  7.933540e-01
    outer loop
      vertex -5.735765e+00 -2.000000e+01  9.180848e+01
      vertex -6.427876e+00  0.000000e+00  9.233955e+01
      vertex -6.427876e+00 -2.000000e+01  9.233955e+01
    endloop
  endfacet
  facet normal  6.755912e-01  -0.000000e+00  7.372763e-01
    outer loop
      vertex -6.427876e+00 -2.000000e+01  9.233955e+01
      vertex -6.427876e+00  0.000000e+00  9.233955e+01
      vertex -7.071068e+00  0.000000e+00  9.292893e+01
    endloop
  endfacet
  facet normal  6.755912e-01  0.000000e+00  7.372763e-01
    outer loop
      vertex -6.427876e+00 -2.000000e+01  9.233955e+01
      vertex -7.071068e+00  0.000000e+00  9.292893e+01
      vertex -7.071068e+00 -2.000000e+01  9.292893e+01
    endloop
  endfacet
  facet normal  7.372757e-01  -0.000000e+00  6.755919e-01
    outer loop
      vertex -7.071068e+00 -2.000000e+01  9.292893e+01
      vertex -7.071068e+00  0.000000e+00  9.292893e+01
      vertex -7.660444e+00  0.000000e+00  9.357212e+01
    endloop
  endfacet
  facet normal  7.372757e-01  0.000000e+00  6.755919e-01
    outer loop
      vertex -7.071068e+00 -2.000000e+01  9.292893e+01
      vertex -7.660444e+00  0.000000e+00  9.357212e+01
      vertex -7.660444e+00 -2.000000e+01  9.357212e+01
    endloop
  endfacet
  facet normal  7.933548e-01  -0.000000e+00  6.087595e-01
    outer loop
      vertex -7.660444e+00 -2.000000e+01  9.357212e+01
      vertex -7.660444e+00  0.000000e+00  9.357212e+01
      vertex -8.191521e+00  0.000000e+00  9.426424e+01
    endloop
  endfacet
  facet normal  7.933548e-01  0.000000e+00  6.087595e-01
    outer loop
      vertex -7.660444e+00 -2.000000e+01  9.357212e+01
      vertex -8.191521e+00  0.000000e+00  9.426424e+01
      vertex -8.191521e+00 -2.000000e+01  9.426424e+01
    endloop
  endfacet
  facet normal  8.433911e-01  -0.000000e+00  5.373002e-01
    outer loop
      vertex -8.191521e+00 -2.000000e+01  9.426424e+01
      vertex -8.191521e+00  0.000000e+00  9.426424e+01
      vertex -8.660254e+00  0.000000e+00  9.500000e+01
    endloop
  endfacet
  facet normal  8.433911e-01  0.000000e+00  5.373002e-01
    outer loop
      vertex -8.191521e+00 -2.000000e+01  9.426424e+01
      vertex -8.660254e+00  0.000000e+00  9.500000e+01
      vertex -8.660254e+00 -2.000000e+01  9.500000e+01
    endloop
  endfacet
  facet normal  8.870113e-01  -0.000000e+00  4.617475e-01
    outer loop
      vertex -8.660254e+00 -2.000000e+01  9.500000e+01
      vertex -8.660254e+00  0.000000e+00  9.500000e+01
      vertex -9.063078e+00  0.000000e+00  9.577382e+01
    endloop
  endfacet
  facet normal  8.870113e-01  0.000000e+00  4.617475e-01
    outer loop
      vertex -8.660254e+00 -2.000000e+01  9.500000e+01
      vertex -9.063078e+00  0.000000e+00  9.577382e+01
      vertex -9.063078e+00 -2.000000e+01  9.577382e+01
    endloop
  endfacet
  facet normal  9.238790e-01  -0.000000e+00  3.826849e-01
    outer loop
      vertex -9.063078e+00 -2.000000e+01  9.577382e+01
      vertex -9.063078e+00  0.000000e+00  9.577382e+01
      vertex -9.396926e+00  0.000000e+00  9.657980e+01
    endloop
  endfacet
  facet normal  9.238790e-01  0.000000e+00  3.826849e-01
    outer loop
      vertex -9.063078e+00 -2.000000e+01  9.577382e+01
      vertex -9.396926e+00  0.000000e+00  9.657980e+01
      vertex -9.396926e+00 -2.000000e+01  9.657980e+01
    endloop
  endfacet
  facet normal  9.537175e-01  -0.000000e+00  3.007041e-01
    outer loop
      vertex -9.396926e+00 -2.000000e+01  9.657980e+01
      vertex -9.396926e+00  0.000000e+00  9.657980e+01
      vertex -9.659258e+00  0.000000e+00  9.741181e+01
    endloop
  endfacet
  facet normal  9.537175e-01  0.000000e+00  3.007041e-01
    outer loop
      vertex -9.396926e+00 -2.000000e+01  9.657980e+01
      vertex -9.659258e+00  0.000000e+00  9.741181e+01
      vertex -9.659258e+00 -2.000000e+01  9.741181e+01
    endloop
  endfacet
  facet normal  9.762958e-01  -0.000000e+00  2.164406e-01
    outer loop
      vertex -9.659258e+00 -2.000000e+01  9.741181e+01
      vertex -9.659258e+00  0.000000e+00  9.741181e+01
      vertex -9.848078e+00  0.000000e+00  9.826352e+01
    endloop
  endfacet
  facet normal  9.762958e-01  0.000000e+00  2.164406e-01
    outer loop
      vertex -9.659258e+00 -2.000000e+01  9.741181e+01
      vertex -9.848078e+00  0.000000e+00  9.826352e+01
      vertex -9.848078e+00 -2.000000e+01  9.826352e+01
    endloop
  endfacet
  facet normal  9.914448e-01  -0.000000e+00  1.305268e-01
    outer loop
      vertex -9.848078e+00 -2.000000e+01  9.826352e+01
      vertex -9.848078e+00  0.000000e+00  9.826352e+01
      vertex -9.961947e+00  0.000000e+00  9.912844e+01
    endloop
  endfacet
  facet normal  9.914448e-01  0.000000e+00  1.305268e-01
    outer loop
      vertex -9.848078e+00 -2.000000e+01  9.826352e+01
      vertex -9.961947e+00  0.000000e+00  9.912844e+01
      vertex -9.961947e+00 -2.000000e+01  9.912844e+01
    endloop
  endfacet
  facet normal  9.990483e-01  -0.000000e+00  4.361878e-02
    outer loop
      vertex -9.961947e+00 -2.000000e+01  9.912844e+01
      vertex -9.961947e+00  0.000000e+00  9.912844e+01
      vertex -1.000000e+01  0.000000e+00  1.000000e+02
    endloop
  endfacet
  facet normal  9.990483e-01  0.000000e+00  4.361878e-02
    outer loop
      vertex -9.961947e+00 -2.000000e+01  9.912844e+01
      vertex -1.000000e+01  0.000000e+00  1.000000e+02
      vertex -1.000000e+01 -2.000000e+01  1.000000e+02
    endloop
  endfacet
  facet normal  4.362213e-02  -0.000000e+00  9.990481e-01
    outer loop
      vertex -8.715574e-01  0.000000e+00  9.003806e+01
      vertex  1.836970e-15 -2.000000e+01  9.000000e+01
      vertex  1.836970e-15  0.000000e+00  9.000000e+01
    endloop
  endfacet
  facet normal -4.362213e-02  0.000000e+00  9.990481e-01
    outer loop
      vertex  1.836970e-15  0.000000e+00  9.000000e+01
      vertex  1.836970e-15 -2.000000e+01  9.000000e+01
      vertex  8.715574e-01 -2.000000e+01  9.003806e+01
    endloop
  endfacet
  facet normal -4.362213e-02  0.000000e+00  9.990481e-01
    outer loop
      vertex  1.836970e-15  0.000000e+00  9.000000e+01
      vertex  8.715574e-01 -2.000000e+01  9.003806e+01
      vertex  8.715574e-01  0.000000e+00  9.003806e+01
    endloop
  endfacet
  facet normal -1.305254e-01  0.000000e+00  9.914450e-01
    outer loop
      vertex  8.715574e-01  0.000000e+00  9.003806e+01
      vertex  8.715574e-01 -2.000000e+01  9.003806e+01
      vertex  1.736482e+00 -2.000000e+01  9.015192e+01
    endloop
  endfacet
  facet normal -1.305254e-01  0.000000e+00  9.914450e-01
    outer loop
      vertex  8.715574e-01  0.000000e+00  9.003806e+01
      vertex  1.736482e+00 -2.000000e+01  9.015192e+01
      vertex  1.736482e+00  0.000000e+00  9.015192e+01
    endloop
  endfacet
  facet normal -2.164403e-01  0.000000e+00  9.762959e-01
    outer loop
      vertex  1.736482e+00  0.000000e+00  9.015192e+01
      vertex  1.736482e+00 -2.000000e+01  9.015192e+01
      vertex  2.588191e+00 -2.000000e+01  9.034074e+01
    endloop
  endfacet
  facet normal -2.164403e-01  0.000000e+00  9.762959e-01
    outer loop
      vertex  1.736482e+00  0.000000e+00  9.015192e+01
      vertex  2.588191e+00 -2.000000e+01  9.034074e+01
      vertex  2.588191e+00  0.000000e+00  9.034074e+01
    endloop
  endfacet
  facet normal -3.007027e-01  0.000000e+00  9.537179e-01
    outer loop
      vertex  2.588191e+00  0.000000e+00  9.034074e+01
      vertex  2.588191e+00 -2.000000e+01  9.034074e+01
      vertex  3.420202e+00 -2.000000e+01  9.060307e+01
    endloop
  endfacet
  facet normal -3.007027e-01  0.000000e+00  9.537179e-01
    outer loop
      vertex  2.588191e+00  0.000000e+00  9.034074e+01
      vertex  3.420202e+00 -2.000000e+01  9.060307e+01
      vertex  3.420202e+00  0.000000e+00  9.060307e+01
    endloop
  endfacet
  facet normal -3.826823e-01  0.000000e+00  9.238800e-01
    outer loop
      vertex  3.420202e+00  0.000000e+00  9.060307e+01
      vertex  3.420202e+00 -2.000000e+01  9.060307e+01
      vertex  4.226182e+00 -2.000000e+01  9.093692e+01
    endloop
  endfacet
  facet normal -3.826823e-01  0.000000e+00  9.238800e-01
    outer loop
      vertex  3.420202e+00  0.000000e+00  9.060307e+01
      vertex  4.226182e+00 -2.000000e+01  9.093692e+01
      vertex  4.226182e+00  0.000000e+00  9.093692e+01
    endloop
  endfacet
  facet normal -4.617490e-01  0.000000e+00  8.870106e-01
    outer loop
      vertex  4.226182e+00  0.000000e+00  9.093692e+01
      vertex  4.226182e+00 -2.000000e+01  9.093692e+01
      vertex  5.000000e+00 -2.000000e+01  9.133974e+01
    endloop
  endfacet
  facet normal -4.617490e-01  0.000000e+00  8.870106e-01
    outer loop
      vertex  4.226182e+00  0.000000e+00  9.093692e+01
      vertex  5.000000e+00 -2.000000e+01  9.133974e+01
      vertex  5.000000e+00  0.000000e+00  9.133974e+01
    endloop
  endfacet
  facet normal -5.373004e-01  0.000000e+00  8.433908e-01
    outer loop
      vertex  5.000000e+00  0.000000e+00  9.133974e+01
      vertex  5.000000e+00 -2.000000e+01  9.133974e+01
      vertex  5.735765e+00 -2.000000e+01  9.180848e+01
    endloop
  endfacet
  facet normal -5.373004e-01  0.000000e+00  8.433908e-01
    outer loop
      vertex  5.000000e+00  0.000000e+00  9.133974e+01
      vertex  5.735765e+00 -2.000000e+01  9.180848e+01
      vertex  5.735765e+00  0.000000e+00  9.180848e+01
    endloop
  endfacet
  facet normal -6.087605e-01  0.000000e+00  7.933540e-01
    outer loop
      vertex  5.735765e+00  0.000000e+00  9.180848e+01
      vertex  5.735765e+00 -2.000000e+01  9.180848e+01
      vertex  6.427876e+00 -2.000000e+01  9.233955e+01
    endloop
  endfacet
  facet normal -6.087605e-01  0.000000e+00  7.933540e-01
    outer loop
      vertex  5.735765e+00  0.000000e+00  9.180848e+01
      vertex  6.427876e+00 -2.000000e+01  9.233955e+01
      vertex  6.427876e+00  0.000000e+00  9.233955e+01
    endloop
  endfacet
  facet normal -6.755912e-01  0.000000e+00  7.372763e-01
    outer loop
      vertex  6.427876e+00  0.000000e+00  9.233955e+01
      vertex  6.427876e+00 -2.000000e+01  9.233955e+01
      vertex  7.071068e+00 -2.000000e+01  9.292893e+01
    endloop
  endfacet
  facet normal -6.755912e-01  0.000000e+00  7.372763e-01
    outer loop
      vertex  6.427876e+00  0.000000e+00  9.233955e+01
      vertex  7.071068e+00 -2.000000e+01  9.292893e+01
      vertex  7.071068e+00  0.000000e+00  9.292893e+01
    endloop
  endfacet
  facet normal -7.372757e-01  0.000000e+00  6.755919e-01
    outer loop
      vertex  7.071068e+00  0.000000e+00  9.292893e+01
      vertex  7.071068e+00 -2.000000e+01  9.292893e+01
      vertex  7.660444e+00 -2.000000e+01  9.357212e+01
    endloop
  endfacet
  facet normal -7.372757e-01  0.000000e+00  6.755919e-01
    outer loop
      vertex  7.071068e+00  0.000000e+00  9.292893e+01
      vertex  7.660444e+00 -2.000000e+01  9.357212e+01
      vertex  7.660444e+00  0.000000e+00  9.357212e+01
    endloop
  endfacet
  facet normal -7.933548e-01  0.000000e+00  6.087595e-01
    outer loop
      vertex  7.660444e+00  0.000000e+00  9.357212e+01
      vertex  7.660444e+00 -2.000000e+01  9.357212e+01
      vertex  8.191521e+00 -2.000000e+01  9.426424e+01
    endloop
  endfacet
  facet normal -7.933548e-01  0.000000e+00  6.087595e-01
    outer loop
      vertex  7.660444e+00  0.000000e+00  9.357212e+01
      vertex  8.191521e+00 -2.000000e+01  9.426424e+01
      vertex  8.191521e+00  0.000000e+00  9.426424e+01
    endloop
  endfacet
  facet normal -8.433911e-01  0.000000e+00  5.373002e-01
    outer loop
      vertex  8.191521e+00  0.000000e+00  9.426424e+01
      vertex  8.191521e+00 -2.000000e+01  9.426424e+01
      vertex  8.660254e+00 -2.000000e+01  9.500000e+01
    endloop
  endfacet
  facet normal -8.433911e-01  0.000000e+00  5.373002e-01
    outer loop
      vertex  8.191521e+00  0.000000e+00  9.426424e+01
      vertex  8.660254e+00 -2.000000e+01  9.500000e+01
      vertex  8.660254e+00  0.000000e+00  9.500000e+01
    endloop
  endfacet
  facet normal -8.870113e-01  0.000000e+00  4.617475e-01
    outer loop
      vertex  8.660254e+00  0.000000e+00  9.500000e+01
      vertex  8.660254e+00 -2.000000e+01  9.500000e+01
      vertex  9.063078e+00 -2.000000e+01  9.577382e+01
    endloop
  endfacet
  facet normal -8.870113e-01  0.000000e+00  4.617475e-01
    outer loop
      vertex  8.660254e+00  0.000000e+00  9.500000e+01
      vertex  9.063078e+00 -2.000000e+01  9.577382e+01
      vertex  9.063078e+00  0.000000e+00  9.577382e+01
    endloop
  endfacet
  facet normal -9.238790e-01  0.000000e+00  3.826849e-01
    outer loop
      vertex  9.063078e+00  0.000000e+00  9.577382e+01
      vertex  9.063078e+00 -2.000000e+01  9.577382e+01
      vertex  9.396926e+00 -2.000000e+01  9.657980e+01
    endloop
  endfacet
  facet normal -9.238790e-01  0.000000e+00  3.826849e-01
    outer loop
      vertex  9.063078e+00  0.000000e+00  9.577382e+01
      vertex  9.396926e+00 -2.000000e+01  9.657980e+01
      vertex  9.396926e+00  0.000000e+00  9.657980e+01
    endloop
  endfacet
  facet normal -9.537175e-01  0.000000e+00  3.007041e-01
    outer loop
      vertex  9.396926e+00  0.000000e+00  9.657980e+01
      vertex  9.396926e+00 -2.000000e+01  9.657980e+01
      vertex  9.659258e+00 -2.000000e+01  9.741181e+01
    endloop
  endfacet
  facet normal -9.537175e-01  0.000000e+00  3.007041e-01
    outer loop
      vertex  9.396926e+00  0.000000e+00  9.657980e+01
      vertex  9.659258e+00 -2.000000e+01  9.741181e+01
      vertex  9.659258e+00  0.000000e+00  9.741181e+01
    endloop
  endfacet
  facet normal -9.762958e-01  0.000000e+00  2.164406e-01
    outer loop
      vertex  9.659258e+00  0.000000e+00  9.741181e+01
      vertex  9.659258e+00 -2.000000e+01  9.741181e+01
      vertex  9.848078e+00 -2.000000e+01  9.826352e+01
    endloop
  endfacet
  facet normal -9.762958e-01  0.000000e+00  2.164406e-01
    outer loop
      vertex  9.659258e+00  0.000000e+00  9.741181e+01
      vertex  9.848078e+00 -2.000000e+01  9.826352e+01
      vertex  9.848078e+00  0.000000e+00  9.826352e+01
    endloop
  endfacet
  facet normal -9.914448e-01  0.000000e+00  1.305268e-01
    outer loop
      vertex  9.848078e+00  0.000000e+00  9.826352e+01
      vertex  9.848078e+00 -2.000000e+01  9.826352e+01
      vertex  9.961947e+00 -2.000000e+01  9.912844e+01
    endloop
  endfacet
  facet normal -9.914448e-01  0.000000e+00  1.305268e-01
    outer loop
      vertex  9.848078e+00  0.000000e+00  9.826352e+01
      vertex  9.961947e+00 -2.000000e+01  9.912844e+01
      vertex  9.961947e+00  0.000000e+00  9.912844e+01
    endloop
  endfacet
  facet normal -9.990483e-01  0.000000e+00  4.361878e-02
    outer loop
      vertex  9.961947e+00  0.000000e+00  9.912844e+01
      vertex  9.961947e+00 -2.000000e+01  9.912844e+01
      vertex  1.000000e+01 -2.000000e+01  1.000000e+02
    endloop
  endfacet
  facet normal -9.990483e-01  0.000000e+00  4.361878e-02
    outer loop
      vertex  9.961947e+00  0.000000e+00  9.912844e+01
      vertex  1.000000e+01 -2.000000e+01  1.000000e+02
      vertex  1.000000e+01  0.000000e+00  1.000000e+02
    endloop
  endfacet
  facet normal  -0.000000e+00  0.000000e+00 -1.000000e+00
    outer loop
      vertex -6.558819e+01  9.659258e+00  6.400000e+01
      vertex -6.567913e+01  4.221640e+00  6.400000e+01
      vertex -6.618712e+01  3.852566e+00  6.400000e+01
    endloop
  endfacet
  facet normal  -0.000000e+00  0.000000e+00 -1.000000e+00
    outer loop
      vertex -6.800000e+01 -3.001004e-15  6.400000e+01
      vertex -6.796057e+01 -6.266662e-01  6.400000e+01
      vertex -6.800000e+01 -8.660254e+00  6.400000e+01
    endloop
  endfacet
  facet normal  0.000000e+00  0.000000e+00 -1.000000e+00
    outer loop
      vertex -6.800000e+01 -3.001004e-15  6.400000e+01
      vertex -6.800000e+01 -8.660254e+00  6.400000e+01
      vertex -6.873576e+01 -8.191521e+00  6.400000e+01
    endloop
  endfacet
  facet normal  0.000000e+00  0.000000e+00 -9.999999e-01
    outer loop
      vertex -6.800000e+01 -3.001004e-15  6.400000e+01
      vertex -6.873576e+01 -8.191521e+00  6.400000e+01
      vertex -6.942788e+01 -7.660444e+00  6.400000e+01
    endloop
  endfacet
  facet normal  0.000000e+00  0.000000e+00 -9.999999e-01
    outer loop
      vertex -6.800000e+01 -3.001004e-15  6.400000e+01
      vertex -6.942788e+01 -7.660444e+00  6.400000e+01
      vertex -7.007107e+01 -7.071068e+00  6.400000e+01
    endloop
  endfacet
  facet normal  0.000000e+00  0.000000e+00 -1.000000e+00
    outer loop
      vertex -6.800000e+01 -3.001004e-15  6.400000e+01
      vertex -7.007107e+01 -7.071068e+00  6.400000e+01
      vertex -7.066045e+01 -6.427876e+00  6.400000e+01
    endloop
  endfacet
  facet normal  0.000000e+00  0.000000e+00 -1.000000e+00
    outer loop
      vertex -6.800000e+01 -3.001004e-15  6.400000e+01
      vertex -7.066045e+01 -6.427876e+00  6.400000e+01
      vertex -7.119152e+01 -5.735765e+00  6.400000e+01
    endloop
  endfacet
  facet normal  0.000000e+00  0.000000e+00 -9.999999e-01
    outer loop
      vertex -6.800000e+01 -3.001004e-15  6.400000e+01
      vertex -7.119152e+01 -5.735765e+00  6.400000e+01
      vertex -7.166026e+01 -5.000000e+00  6.400000e+01
    endloop
  endfacet
  facet normal  0.000000e+00  0.000000e+00 -1.000000e+00
    outer loop
      vertex -6.800000e+01 -3.001004e-15  6.400000e+01
      vertex -7.166026e+01 -5.000000e+00  6.400000e+01
      vertex -7.206308e+01 -4.226182e+00  6.400000e+01
    endloop
  endfacet
  facet normal  0.000000e+00  0.000000e+00 -1.000000e+00
    outer loop
      vertex -6.800000e+01 -3.001004e-15  6.400000e+01
      vertex -7.206308e+01 -4.226182e+00  6.400000e+01
      vertex -7.239693e+01 -3.420202e+00  6.400000e+01
    endloop
  endfacet
  facet normal  0.000000e+00  0.000000e+00 -1.000000e+00
    outer loop
      vertex -6.800000e+01 -3.001004e-15  6.400000e+01
      vertex -7.239693e+01 -3.420202e+00  6.400000e+01
      vertex -7.265926e+01 -2.588191e+00  6.400000e+01
    endloop
  endfacet
  facet normal  0.000000e+00  0.000000e+00 -1.000000e+00
    outer loop
      vertex -6.800000e+01 -3.001004e-15  6.400000e+01
      vertex -7.265926e+01 -2.588191e+00  6.400000e+01
      vertex -7.284808e+01 -1.736482e+00  6.400000e+01
    endloop
  endfacet
  facet normal  0.000000e+00  0.000000e+00 -1.000000e+00
    outer loop
      vertex -6.800000e+01 -3.001004e-15  6.400000e+01
      vertex -7.284808e+01 -1.736482e+00  6.400000e+01
      vertex -7.296194e+01 -8.715574e-01  6.400000e+01
    endloop
  endfacet
  facet normal  0.000000e+00  0.000000e+00 -1.000000e+00
    outer loop
      vertex -6.800000e+01 -3.001004e-15  6.400000e+01
      vertex -7.296194e+01 -8.715574e-01  6.400000e+01
      vertex -7.300000e+01 -4.225650e-15  6.400000e+01
    endloop
  endfacet
  facet normal  0.000000e+00  0.000000e+00 -1.000000e+00
    outer loop
      vertex -6.800000e+01 -3.001004e-15  6.400000e+01
      vertex -7.300000e+01 -4.225650e-15  6.400000e+01
      vertex -7.296194e+01  8.715574e-01  6.400000e+01
    endloop
  endfacet
  facet normal  0.000000e+00  0.000000e+00 -1.000000e+00
    outer loop
      vertex -6.800000e+01 -3.001004e-15  6.400000e+01
      vertex -7.296194e+01  8.715574e-01  6.400000e+01
      vertex -7.284808e+01  1.736482e+00  6.400000e+01
    endloop
  endfacet
  facet normal  0.000000e+00  0.000000e+00 -1.000000e+00
    outer loop
      vertex -6.800000e+01 -3.001004e-15  6.400000e+01
      vertex -7.284808e+01  1.736482e+00  6.400000e+01
      vertex -7.265926e+01  2.588191e+00  6.400000e+01
    endloop
  endfacet
  facet normal  0.000000e+00  0.000000e+00 -1.000000e+00
    outer loop
      vertex -6.800000e+01 -3.001004e-15  6.400000e+01
      vertex -7.265926e+01  2.588191e+00  6.400000e+01
      vertex -7.239693e+01  3.420202e+00  6.400000e+01
    endloop
  endfacet
  facet normal  0.000000e+00  0.000000e+00 -1.000000e+00
    outer loop
      vertex -6.800000e+01 -3.001004e-15  6.400000e+01
      vertex -7.239693e+01  3.420202e+00  6.400000e+01
      vertex -7.206308e+01  4.226182e+00  6.400000e+01
    endloop
  endfacet
  facet normal  0.000000e+00  0.000000e+00 -1.000000e+00
    outer loop
      vertex -6.800000e+01 -3.001004e-15  6.400000e+01
      vertex -7.206308e+01  4.226182e+00  6.400000e+01
      vertex -7.166026e+01  5.000000e+00  6.400000e+01
    endloop
  endfacet
  facet normal  0.000000e+00  0.000000e+00 -1.000000e+00
    outer loop
      vertex -6.800000e+01 -3.001004e-15  6.400000e+01
      vertex -7.166026e+01  5.000000e+00  6.400000e+01
      vertex -7.119152e+01  5.735765e+00  6.400000e+01
    endloop
  endfacet
  facet normal  0.000000e+00  0.000000e+00 -1.000000e+00
    outer loop
      vertex -6.800000e+01 -3.001004e-15  6.400000e+01
      vertex -7.119152e+01  5.735765e+00  6.400000e+01
      vertex -7.066045e+01  6.427876e+00  6.400000e+01
    endloop
  endfacet
  facet normal  0.000000e+00  0.000000e+00 -1.000000e+00
    outer loop
      vertex -6.800000e+01 -3.001004e-15  6.400000e+01
      vertex -7.066045e+01  6.427876e+00  6.400000e+01
      vertex -7.007107e+01  7.071068e+00  6.400000e+01
    endloop
  endfacet
  facet normal  0.000000e+00  0.000000e+00 -1.000000e+00
    outer loop
      vertex -6.800000e+01 -3.001004e-15  6.400000e+01
      vertex -7.007107e+01  7.071068e+00  6.400000e+01
      vertex -6.942788e+01  7.660444e+00  6.400000e+01
    endloop
  endfacet
  facet normal  0.000000e+00  0.000000e+00 -9.999999e-01
    outer loop
      vertex -6.800000e+01 -3.001004e-15  6.400000e+01
      vertex -6.942788e+01  7.660444e+00  6.400000e+01
      vertex -6.873576e+01  8.191521e+00  6.400000e+01
    endloop
  endfacet
  facet normal  0.000000e+00  0.000000e+00 -1.000000e+00
    outer loop
      vertex -6.800000e+01 -3.001004e-15  6.400000e+01
      vertex -6.873576e+01  8.191521e+00  6.400000e+01
      vertex -6.800000e+01  8.660254e+00  6.400000e+01
    endloop
  endfacet
  facet normal  0.000000e+00  0.000000e+00 -1.000000e+00
    outer loop
      vertex -6.800000e+01 -3.001004e-15  6.400000e+01
      vertex -6.800000e+01  8.660254e+00  6.400000e+01
      vertex -6.796057e+01  6.266662e-01  6.400000e+01
    endloop
  endfacet
  facet normal  0.000000e+00  0.000000e+00 -1.000000e+00
    outer loop
      vertex -6.300000e+01 -1.000000e+01  6.400000e+01
      vertex -6.387156e+01 -9.961947e+00  6.400000e+01
      vertex -6.393690e+01 -4.911436e+00  6.400000e+01
    endloop
  endfacet
  facet normal  0.000000e+00  0.000000e+00 -1.000000e+00
    outer loop
      vertex -6.300000e+01 -1.000000e+01  6.400000e+01
      vertex -6.393690e+01 -4.911436e+00  6.400000e+01
      vertex -6.331395e+01 -4.990134e+00  6.400000e+01
    endloop
  endfacet
  facet normal  0.000000e+00  0.000000e+00 -1.000000e+00
    outer loop
      vertex -6.300000e+01 -1.000000e+01  6.400000e+01
      vertex -6.331395e+01 -4.990134e+00  6.400000e+01
      vertex -6.268605e+01 -4.990134e+00  6.400000e+01
    endloop
  endfacet
  facet normal  0.000000e+00  -0.000000e+00 -1.000000e+00
    outer loop
      vertex -6.300000e+01 -1.000000e+01  6.400000e+01
      vertex -6.268605e+01 -4.990134e+00  6.400000e+01
      vertex -4.400000e+01 -1.000000e+01  6.400000e+01
    endloop
  endfacet
  facet normal  0.000000e+00  0.000000e+00 -1.000000e+00
    outer loop
      vertex -3.800000e+01 -2.000000e+01  6.400000e+01
      vertex -4.400000e+01 -2.000000e+01  6.400000e+01
      vertex -4.400000e+01 -1.000000e+01  6.400000e+01
    endloop
  endfacet
  facet normal  0.000000e+00  0.000000e+00 -1.000000e+00
    outer loop
      vertex -3.800000e+01 -2.000000e+01  6.400000e+01
      vertex -4.400000e+01 -1.000000e+01  6.400000e+01
      vertex -4.400000e+01  1.000000e+01  6.400000e+01
    endloop
  endfacet
  facet normal  0.000000e+00  0.000000e+00 -1.000000e+00
    outer loop
      vertex -3.800000e+01 -2.000000e+01  6.400000e+01
      vertex -4.400000e+01  1.000000e+01  6.400000e+01
      vertex -4.400000e+01  2.000000e+01  6.400000e+01
    endloop
  endfacet
  facet normal  0.000000e+00  0.000000e+00 -1.000000e+00
    outer loop
      vertex -3.800000e+01 -2.000000e+01  6.400000e+01
      vertex -4.400000e+01  2.000000e+01  6.400000e+01
      vertex -3.800000e+01  2.000000e+01  6.400000e+01
    endloop
  endfacet
  facet normal  0.000000e+00  0.000000e+00 -1.000000e+00
    outer loop
      vertex -6.722618e+01 -9.063078e+00  6.400000e+01
      vertex -6.800000e+01 -8.660254e+00  6.400000e+01
      vertex -6.796057e+01 -6.266662e-01  6.400000e+01
    endloop
  endfacet
  facet normal  0.000000e+00  0.000000e+00 -1.000000e+00
    outer loop
      vertex -6.722618e+01 -9.063078e+00  6.400000e+01
      vertex -6.796057e+01 -6.266662e-01  6.400000e+01
      vertex -6.784292e+01 -1.243449e+00  6.400000e+01
    endloop
  endfacet
  facet normal  0.000000e+00  0.000000e+00 -1.000000e+00
    outer loop
      vertex -6.722618e+01 -9.063078e+00  6.400000e+01
      vertex -6.784292e+01 -1.243449e+00  6.400000e+01
      vertex -6.764888e+01 -1.840623e+00  6.400000e+01
    endloop
  endfacet
  facet normal  0.000000e+00  0.000000e+00 -9.999999e-01
    outer loop
      vertex -6.722618e+01 -9.063078e+00  6.400000e+01
      vertex -6.764888e+01 -1.840623e+00  6.400000e+01
      vertex -6.738153e+01 -2.408768e+00  6.400000e+01
    endloop
  endfacet
  facet normal  0.000000e+00  0.000000e+00 -1.000000e+00
    outer loop
      vertex -6.722618e+01 -9.063078e+00  6.400000e+01
      vertex -6.738153e+01 -2.408768e+00  6.400000e+01
      vertex -6.704508e+01 -2.938926e+00  6.400000e+01
    endloop
  endfacet
  facet normal  0.000000e+00  -0.000000e+00 -1.000000e+00
    outer loop
      vertex -6.722618e+01 -9.063078e+00  6.400000e+01
      vertex -6.704508e+01 -2.938926e+00  6.400000e+01
      vertex -6.642020e+01 -9.396926e+00  6.400000e+01
    endloop
  endfacet
  facet normal  0.000000e+00  0.000000e+00 -1.000000e+00
    outer loop
      vertex -4.400000e+01 -1.000000e+01  6.400000e+01
      vertex -6.268605e+01 -4.990134e+00  6.400000e+01
      vertex -6.206310e+01 -4.911436e+00  6.400000e+01
    endloop
  endfacet
  facet normal  0.000000e+00  0.000000e+00 -1.000000e+00
    outer loop
      vertex -4.400000e+01 -1.000000e+01  6.400000e+01
      vertex -6.206310e+01 -4.911436e+00  6.400000e+01
      vertex -6.145491e+01 -4.755282e+00  6.400000e+01
    endloop
  endfacet
  facet normal  0.000000e+00  0.000000e+00 -9.999999e-01
    outer loop
      vertex -4.400000e+01 -1.000000e+01  6.400000e+01
      vertex -6.145491e+01 -4.755282e+00  6.400000e+01
      vertex -6.087111e+01 -4.524135e+00  6.400000e+01
    endloop
  endfacet
  facet normal  0.000000e+00  0.000000e+00 -1.000000e+00
    outer loop
      vertex -4.400000e+01 -1.000000e+01  6.400000e+01
      vertex -6.087111e+01 -4.524135e+00  6.400000e+01
      vertex -6.032087e+01 -4.221640e+00  6.400000e+01
    endloop
  endfacet
  facet normal  0.000000e+00  0.000000e+00 -1.000000e+00
    outer loop
      vertex -4.400000e+01 -1.000000e+01  6.400000e+01
      vertex -6.032087e+01 -4.221640e+00  6.400000e+01
      vertex -5.981288e+01 -3.852566e+00  6.400000e+01
    endloop
  endfacet
  facet normal  0.000000e+00  0.000000e+00 -1.000000e+00
    outer loop
      vertex -4.400000e+01 -1.000000e+01  6.400000e+01
      vertex -5.981288e+01 -3.852566e+00  6.400000e+01
      vertex -5.935516e+01 -3.422735e+00  6.400000e+01
    endloop
  endfacet
  facet normal  0.000000e+00  0.000000e+00 -1.000000e+00
    outer loop
      vertex -4.400000e+01 -1.000000e+01  6.400000e+01
      vertex -5.935516e+01 -3.422735e+00  6.400000e+01
      vertex -5.895491e+01 -2.938926e+00  6.400000e+01
    endloop
  endfacet
  facet normal  0.000000e+00  0.000000e+00 -1.000000e+00
    outer loop
      vertex -4.400000e+01 -1.000000e+01  6.400000e+01
      vertex -5.895491e+01 -2.938926e+00  6.400000e+01
      vertex -5.861847e+01 -2.408768e+00  6.400000e+01
    endloop
  endfacet
  facet normal  0.000000e+00  0.000000e+00 -1.000000e+00
    outer loop
      vertex -4.400000e+01 -1.000000e+01  6.400000e+01
      vertex -5.861847e+01 -2.408768e+00  6.400000e+01
      vertex -5.835112e+01 -1.840623e+00  6.400000e+01
    endloop
  endfacet
  facet normal  0.000000e+00  0.000000e+00 -1.000000e+00
    outer loop
      vertex -4.400000e+01 -1.000000e+01  6.400000e+01
      vertex -5.835112e+01 -1.840623e+00  6.400000e+01
      vertex -5.815709e+01 -1.243449e+00  6.400000e+01
    endloop
  endfacet
  facet normal  0.000000e+00  0.000000e+00 -1.000000e+00
    outer loop
      vertex -4.400000e+01 -1.000000e+01  6.400000e+01
      vertex -5.815709e+01 -1.243449e+00  6.400000e+01
      vertex -5.803942e+01 -6.266662e-01  6.400000e+01
    endloop
  endfacet
  facet normal  0.000000e+00  0.000000e+00 -1.000000e+00
    outer loop
      vertex -4.400000e+01 -1.000000e+01  6.400000e+01
      vertex -5.803942e+01 -6.266662e-01  6.400000e+01
      vertex -5.800000e+01  1.056413e-15  6.400000e+01
    endloop
  endfacet
  facet normal  0.000000e+00  0.000000e+00 -1.000000e+00
    outer loop
      vertex -4.400000e+01 -1.000000e+01  6.400000e+01
      vertex -5.800000e+01  1.056413e-15  6.400000e+01
      vertex -4.400000e+01  1.000000e+01  6.400000e+01
    endloop
  endfacet
  facet normal  0.000000e+00  0.000000e+00 -1.000000e+00
    outer loop
      vertex -6.722618e+01  9.063078e+00  6.400000e+01
      vertex -6.642020e+01  9.396926e+00  6.400000e+01
      vertex -6.704508e+01  2.938926e+00  6.400000e+01
    endloop
  endfacet
  facet normal  -0.000000e+00  0.000000e+00 -1.000000e+00
    outer loop
      vertex -6.722618e+01  9.063078e+00  6.400000e+01
      vertex -6.704508e+01  2.938926e+00  6.400000e+01
      vertex -6.738153e+01  2.408768e+00  6.400000e+01
    endloop
  endfacet
  facet normal  -0.000000e+00  0.000000e+00 -1.000000e+00
    outer loop
      vertex -6.722618e+01  9.063078e+00  6.400000e+01
      vertex -6.738153e+01  2.408768e+00  6.400000e+01
      vertex -6.764888e+01  1.840623e+00  6.400000e+01
    endloop
  endfacet
  facet normal  -0.000000e+00  0.000000e+00 -1.000000e+00
    outer loop
      vertex -6.722618e+01  9.063078e+00  6.400000e+01
      vertex -6.764888e+01  1.840623e+00  6.400000e+01
      vertex -6.784292e+01  1.243449e+00  6.400000e+01
    endloop
  endfacet
  facet normal  -0.000000e+00  0.000000e+00 -1.000000e+00
    outer loop
      vertex -6.722618e+01  9.063078e+00  6.400000e+01
      vertex -6.784292e+01  1.243449e+00  6.400000e+01
      vertex -6.796057e+01  6.266662e-01  6.400000e+01
    endloop
  endfacet
  facet normal  0.000000e+00  0.000000e+00 -1.000000e+00
    outer loop
      vertex -6.722618e+01  9.063078e+00  6.400000e+01
      vertex -6.796057e+01  6.266662e-01  6.400000e+01
      vertex -6.800000e+01  8.660254e+00  6.400000e+01
    endloop
  endfacet
  facet normal  0.000000e+00  0.000000e+00 -1.000000e+00
    outer loop
      vertex -4.400000e+01  1.000000e+01  6.400000e+01
      vertex -5.800000e+01  1.056413e-15  6.400000e+01
      vertex -5.803942e+01  6.266662e-01  6.400000e+01
    endloop
  endfacet
  facet normal  0.000000e+00  0.000000e+00 -1.000000e+00
    outer loop
      vertex -4.400000e+01  1.000000e+01  6.400000e+01
      vertex -5.803942e+01  6.266662e-01  6.400000e+01
      vertex -5.815709e+01  1.243449e+00  6.400000e+01
    endloop
  endfacet
  facet normal  0.000000e+00  0.000000e+00 -1.000000e+00
    outer loop
      vertex -4.400000e+01  1.000000e+01  6.400000e+01
      vertex -5.815709e+01  1.243449e+00  6.400000e+01
      vertex -5.835112e+01  1.840623e+00  6.400000e+01
    endloop
  endfacet
  facet normal  0.000000e+00  0.000000e+00 -1.000000e+00
    outer loop
      vertex -4.400000e+01  1.000000e+01  6.400000e+01
      vertex -5.835112e+01  1.840623e+00  6.400000e+01
      vertex -5.861847e+01  2.408768e+00  6.400000e+01
    endloop
  endfacet
  facet normal  0.000000e+00  0.000000e+00 -1.000000e+00
    outer loop
      vertex -4.400000e+01  1.000000e+01  6.400000e+01
      vertex -5.861847e+01  2.408768e+00  6.400000e+01
      vertex -5.895491e+01  2.938926e+00  6.400000e+01
    endloop
  endfacet
  facet normal  0.000000e+00  0.000000e+00 -1.000000e+00
    outer loop
      vertex -4.400000e+01  1.000000e+01  6.400000e+01
      vertex -5.895491e+01  2.938926e+00  6.400000e+01
      vertex -5.935516e+01  3.422735e+00  6.400000e+01
    endloop
  endfacet
  facet normal  0.000000e+00  0.000000e+00 -1.000000e+00
    outer loop
      vertex -4.400000e+01  1.000000e+01  6.400000e+01
      vertex -5.935516e+01  3.422735e+00  6.400000e+01
      vertex -5.981288e+01  3.852566e+00  6.400000e+01
    endloop
  endfacet
  facet normal  0.000000e+00  0.000000e+00 -1.000000e+00
    outer loop
      vertex -4.400000e+01  1.000000e+01  6.400000e+01
      vertex -5.981288e+01  3.852566e+00  6.400000e+01
      vertex -6.032087e+01  4.221640e+00  6.400000e+01
    endloop
  endfacet
  facet normal  0.000000e+00  0.000000e+00 -1.000000e+00
    outer loop
      vertex -4.400000e+01  1.000000e+01  6.400000e+01
      vertex -6.032087e+01  4.221640e+00  6.400000e+01
      vertex -6.087111e+01  4.524135e+00  6.400000e+01
    endloop
  endfacet
  facet normal  0.000000e+00  0.000000e+00 -9.999999e-01
    outer loop
      vertex -4.400000e+01  1.000000e+01  6.400000e+01
      vertex -6.087111e+01  4.524135e+00  6.400000e+01
      vertex -6.145491e+01  4.755282e+00  6.400000e+01
    endloop
  endfacet
  facet normal  0.000000e+00  0.000000e+00 -1.000000e+00
    outer loop
      vertex -4.400000e+01  1.000000e+01  6.400000e+01
      vertex -6.145491e+01  4.755282e+00  6.400000e+01
      vertex -6.206310e+01  4.911436e+00  6.400000e+01
    endloop
  endfacet
  facet normal  0.000000e+00  0.000000e+00 -1.000000e+00
    outer loop
      vertex -4.400000e+01  1.000000e+01  6.400000e+01
      vertex -6.206310e+01  4.911436e+00  6.400000e+01
      vertex -6.268605e+01  4.990134e+00  6.400000e+01
    endloop
  endfacet
  facet normal  0.000000e+00  0.000000e+00 -1.000000e+00
    outer loop
      vertex -4.400000e+01  1.000000e+01  6.400000e+01
      vertex -6.268605e+01  4.990134e+00  6.400000e+01
      vertex -6.300000e+01  1.000000e+01  6.400000e+01
    endloop
  endfacet
  facet normal  0.000000e+00  0.000000e+00 -1.000000e+00
    outer loop
      vertex -6.618712e+01 -3.852566e+00  6.400000e+01
      vertex -6.558819e+01 -9.659258e+00  6.400000e+01
      vertex -6.664484e+01 -3.422735e+00  6.400000e+01
    endloop
  endfacet
  facet normal  0.000000e+00  0.000000e+00 -1.000000e+00
    outer loop
      vertex -6.664484e+01 -3.422735e+00  6.400000e+01
      vertex -6.558819e+01 -9.659258e+00  6.400000e+01
      vertex -6.642020e+01 -9.396926e+00  6.400000e+01
    endloop
  endfacet
  facet normal  0.000000e+00  0.000000e+00 -1.000000e+00
    outer loop
      vertex -6.664484e+01 -3.422735e+00  6.400000e+01
      vertex -6.642020e+01 -9.396926e+00  6.400000e+01
      vertex -6.704508e+01 -2.938926e+00  6.400000e+01
    endloop
  endfacet
  facet normal  0.000000e+00  0.000000e+00 -9.999999e-01
    outer loop
      vertex -6.512890e+01 -4.524135e+00  6.400000e+01
      vertex -6.473648e+01 -9.848078e+00  6.400000e+01
      vertex -6.567913e+01 -4.221640e+00  6.400000e+01
    endloop
  endfacet
  facet normal  0.000000e+00  0.000000e+00 -1.000000e+00
    outer loop
      vertex -6.567913e+01 -4.221640e+00  6.400000e+01
      vertex -6.473648e+01 -9.848078e+00  6.400000e+01
      vertex -6.558819e+01 -9.659258e+00  6.400000e+01
    endloop
  endfacet
  facet normal  0.000000e+00  0.000000e+00 -1.000000e+00
    outer loop
      vertex -6.567913e+01 -4.221640e+00  6.400000e+01
      vertex -6.558819e+01 -9.659258e+00  6.400000e+01
      vertex -6.618712e+01 -3.852566e+00  6.400000e+01
    endloop
  endfacet
  facet normal  0.000000e+00  0.000000e+00 -9.999999e-01
    outer loop
      vertex -6.393690e+01 -4.911436e+00  6.400000e+01
      vertex -6.387156e+01 -9.961947e+00  6.400000e+01
      vertex -6.454508e+01 -4.755282e+00  6.400000e+01
    endloop
  endfacet
  facet normal  0.000000e+00  -0.000000e+00 -1.000000e+00
    outer loop
      vertex -6.454508e+01 -4.755282e+00  6.400000e+01
      vertex -6.387156e+01 -9.961947e+00  6.400000e+01
      vertex -6.473648e+01 -9.848078e+00  6.400000e+01
    endloop
  endfacet
  facet normal  0.000000e+00  0.000000e+00 -9.999999e-01
    outer loop
      vertex -6.454508e+01 -4.755282e+00  6.400000e+01
      vertex -6.473648e+01 -9.848078e+00  6.400000e+01
      vertex -6.512890e+01 -4.524135e+00  6.400000e+01
    endloop
  endfacet
  facet normal  0.000000e+00  0.000000e+00 -1.000000e+00
    outer loop
      vertex -6.558819e+01  9.659258e+00  6.400000e+01
      vertex -6.618712e+01  3.852566e+00  6.400000e+01
      vertex -6.642020e+01  9.396926e+00  6.400000e+01
    endloop
  endfacet
  facet normal  0.000000e+00  -0.000000e+00 -1.000000e+00
    outer loop
      vertex -6.642020e+01  9.396926e+00  6.400000e+01
      vertex -6.618712e+01  3.852566e+00  6.400000e+01
      vertex -6.664484e+01  3.422735e+00  6.400000e+01
    endloop
  endfacet
  facet normal  -0.000000e+00  0.000000e+00 -1.000000e+00
    outer loop
      vertex -6.642020e+01  9.396926e+00  6.400000e+01
      vertex -6.664484e+01  3.422735e+00  6.400000e+01
      vertex -6.704508e+01  2.938926e+00  6.400000e+01
    endloop
  endfacet
  facet normal  0.000000e+00  -0.000000e+00 -9.999999e-01
    outer loop
      vertex -6.567913e+01  4.221640e+00  6.400000e+01
      vertex -6.558819e+01  9.659258e+00  6.400000e+01
      vertex -6.512890e+01  4.524135e+00  6.400000e+01
    endloop
  endfacet
  facet normal  0.000000e+00  0.000000e+00 -1.000000e+00
    outer loop
      vertex -6.512890e+01  4.524135e+00  6.400000e+01
      vertex -6.558819e+01  9.659258e+00  6.400000e+01
      vertex -6.473648e+01  9.848078e+00  6.400000e+01
    endloop
  endfacet
  facet normal  0.000000e+00  -0.000000e+00 -9.999999e-01
    outer loop
      vertex -6.512890e+01  4.524135e+00  6.400000e+01
      vertex -6.473648e+01  9.848078e+00  6.400000e+01
      vertex -6.454508e+01  4.755282e+00  6.400000e+01
    endloop
  endfacet
  facet normal  0.000000e+00  0.000000e+00 -1.000000e+00
    outer loop
      vertex -6.454508e+01  4.755282e+00  6.400000e+01
      vertex -6.473648e+01  9.848078e+00  6.400000e+01
      vertex -6.393690e+01  4.911436e+00  6.400000e+01
    endloop
  endfacet
  facet normal  0.000000e+00  0.000000e+00 -1.000000e+00
    outer loop
      vertex -6.393690e+01  4.911436e+00  6.400000e+01
      vertex -6.473648e+01  9.848078e+00  6.400000e+01
      vertex -6.387156e+01  9.961947e+00  6.400000e+01
    endloop
  endfacet
  facet normal  0.000000e+00  -0.000000e+00 -1.000000e+00
    outer loop
      vertex -6.393690e+01  4.911436e+00  6.400000e+01
      vertex -6.387156e+01  9.961947e+00  6.400000e+01
      vertex -6.331395e+01  4.990134e+00  6.400000e+01
    endloop
  endfacet
  facet normal  0.000000e+00  0.000000e+00 -1.000000e+00
    outer loop
      vertex -6.331395e+01  4.990134e+00  6.400000e+01
      vertex -6.387156e+01  9.961947e+00  6.400000e+01
      vertex -6.300000e+01  1.000000e+01  6.400000e+01
    endloop
  endfacet
  facet normal  0.000000e+00  -0.000000e+00 -1.000000e+00
    outer loop
      vertex -6.331395e+01  4.990134e+00  6.400000e+01
      vertex -6.300000e+01  1.000000e+01  6.400000e+01
      vertex -6.268605e+01  4.990134e+00  6.400000e+01
    endloop
  endfacet
  facet normal  0.000000e+00  -0.000000e+00  1.000000e+00
    outer loop
      vertex -6.618712e+01  3.852566e+00  7.400000e+01
      vertex -6.567913e+01  4.221640e+00  7.400000e+01
      vertex -6.558819e+01  9.659258e+00  7.400000e+01
    endloop
  endfacet
  facet normal  0.000000e+00  0.000000e+00  1.000000e+00
    outer loop
      vertex -6.800000e+01 -1.776357e-15  7.400000e+01
      vertex -6.796057e+01  6.266662e-01  7.400000e+01
      vertex -6.800000e+01  8.660254e+00  7.400000e+01
    endloop
  endfacet
  facet normal  0.000000e+00  0.000000e+00  1.000000e+00
    outer loop
      vertex -6.800000e+01 -1.776357e-15  7.400000e+01
      vertex -6.800000e+01  8.660254e+00  7.400000e+01
      vertex -6.873576e+01  8.191521e+00  7.400000e+01
    endloop
  endfacet
  facet normal  0.000000e+00  0.000000e+00  9.999999e-01
    outer loop
      vertex -6.800000e+01 -1.776357e-15  7.400000e+01
      vertex -6.873576e+01  8.191521e+00  7.400000e+01
      vertex -6.942788e+01  7.660444e+00  7.400000e+01
    endloop
  endfacet
  facet normal  0.000000e+00  0.000000e+00  9.999999e-01
    outer loop
      vertex -6.800000e+01 -1.776357e-15  7.400000e+01
      vertex -6.942788e+01  7.660444e+00  7.400000e+01
      vertex -7.007107e+01  7.071068e+00  7.400000e+01
    endloop
  endfacet
  facet normal  0.000000e+00  0.000000e+00  1.000000e+00
    outer loop
      vertex -6.800000e+01 -1.776357e-15  7.400000e+01
      vertex -7.007107e+01  7.071068e+00  7.400000e+01
      vertex -7.066045e+01  6.427876e+00  7.400000e+01
    endloop
  endfacet
  facet normal  0.000000e+00  0.000000e+00  1.000000e+00
    outer loop
      vertex -6.800000e+01 -1.776357e-15  7.400000e+01
      vertex -7.066045e+01  6.427876e+00  7.400000e+01
      vertex -7.119152e+01  5.735765e+00  7.400000e+01
    endloop
  endfacet
  facet normal  0.000000e+00  0.000000e+00  9.999999e-01
    outer loop
      vertex -6.800000e+01 -1.776357e-15  7.400000e+01
      vertex -7.119152e+01  5.735765e+00  7.400000e+01
      vertex -7.166026e+01  5.000000e+00  7.400000e+01
    endloop
  endfacet
  facet normal  0.000000e+00  0.000000e+00  1.000000e+00
    outer loop
      vertex -6.800000e+01 -1.776357e-15  7.400000e+01
      vertex -7.166026e+01  5.000000e+00  7.400000e+01
      vertex -7.206308e+01  4.226182e+00  7.400000e+01
    endloop
  endfacet
  facet normal  0.000000e+00  0.000000e+00  1.000000e+00
    outer loop
      vertex -6.800000e+01 -1.776357e-15  7.400000e+01
      vertex -7.206308e+01  4.226182e+00  7.400000e+01
      vertex -7.239693e+01  3.420202e+00  7.400000e+01
    endloop
  endfacet
  facet normal  0.000000e+00  0.000000e+00  1.000000e+00
    outer loop
      vertex -6.800000e+01 -1.776357e-15  7.400000e+01
      vertex -7.239693e+01  3.420202e+00  7.400000e+01
      vertex -7.265926e+01  2.588191e+00  7.400000e+01
    endloop
  endfacet
  facet normal  0.000000e+00  0.000000e+00  1.000000e+00
    outer loop
      vertex -6.800000e+01 -1.776357e-15  7.400000e+01
      vertex -7.265926e+01  2.588191e+00  7.400000e+01
      vertex -7.284808e+01  1.736482e+00  7.400000e+01
    endloop
  endfacet
  facet normal  0.000000e+00  0.000000e+00  1.000000e+00
    outer loop
      vertex -6.800000e+01 -1.776357e-15  7.400000e+01
      vertex -7.284808e+01  1.736482e+00  7.400000e+01
      vertex -7.296194e+01  8.715574e-01  7.400000e+01
    endloop
  endfacet
  facet normal  0.000000e+00  0.000000e+00  1.000000e+00
    outer loop
      vertex -6.800000e+01 -1.776357e-15  7.400000e+01
      vertex -7.296194e+01  8.715574e-01  7.400000e+01
      vertex -7.300000e+01 -4.225650e-15  7.400000e+01
    endloop
  endfacet
  facet normal  -0.000000e+00  0.000000e+00  1.000000e+00
    outer loop
      vertex -6.800000e+01 -1.776357e-15  7.400000e+01
      vertex -7.300000e+01 -4.225650e-15  7.400000e+01
      vertex -7.296194e+01 -8.715574e-01  7.400000e+01
    endloop
  endfacet
  facet normal  -0.000000e+00  0.000000e+00  1.000000e+00
    outer loop
      vertex -6.800000e+01 -1.776357e-15  7.400000e+01
      vertex -7.296194e+01 -8.715574e-01  7.400000e+01
      vertex -7.284808e+01 -1.736482e+00  7.400000e+01
    endloop
  endfacet
  facet normal  -0.000000e+00  0.000000e+00  1.000000e+00
    outer loop
      vertex -6.800000e+01 -1.776357e-15  7.400000e+01
      vertex -7.284808e+01 -1.736482e+00  7.400000e+01
      vertex -7.265926e+01 -2.588191e+00  7.400000e+01
    endloop
  endfacet
  facet normal  -0.000000e+00  0.000000e+00  1.000000e+00
    outer loop
      vertex -6.800000e+01 -1.776357e-15  7.400000e+01
      vertex -7.265926e+01 -2.588191e+00  7.400000e+01
      vertex -7.239693e+01 -3.420202e+00  7.400000e+01
    endloop
  endfacet
  facet normal  -0.000000e+00  0.000000e+00  1.000000e+00
    outer loop
      vertex -6.800000e+01 -1.776357e-15  7.400000e+01
      vertex -7.239693e+01 -3.420202e+00  7.400000e+01
      vertex -7.206308e+01 -4.226182e+00  7.400000e+01
    endloop
  endfacet
  facet normal  -0.000000e+00  0.000000e+00  1.000000e+00
    outer loop
      vertex -6.800000e+01 -1.776357e-15  7.400000e+01
      vertex -7.206308e+01 -4.226182e+00  7.400000e+01
      vertex -7.166026e+01 -5.000000e+00  7.400000e+01
    endloop
  endfacet
  facet normal  -0.000000e+00  0.000000e+00  1.000000e+00
    outer loop
      vertex -6.800000e+01 -1.776357e-15  7.400000e+01
      vertex -7.166026e+01 -5.000000e+00  7.400000e+01
      vertex -7.119152e+01 -5.735765e+00  7.400000e+01
    endloop
  endfacet
  facet normal  -0.000000e+00  0.000000e+00  1.000000e+00
    outer loop
      vertex -6.800000e+01 -1.776357e-15  7.400000e+01
      vertex -7.119152e+01 -5.735765e+00  7.400000e+01
      vertex -7.066045e+01 -6.427876e+00  7.400000e+01
    endloop
  endfacet
  facet normal  -0.000000e+00  0.000000e+00  1.000000e+00
    outer loop
      vertex -6.800000e+01 -1.776357e-15  7.400000e+01
      vertex -7.066045e+01 -6.427876e+00  7.400000e+01
      vertex -7.007107e+01 -7.071068e+00  7.400000e+01
    endloop
  endfacet
  facet normal  -0.000000e+00  0.000000e+00  1.000000e+00
    outer loop
      vertex -6.800000e+01 -1.776357e-15  7.400000e+01
      vertex -7.007107e+01 -7.071068e+00  7.400000e+01
      vertex -6.942788e+01 -7.660444e+00  7.400000e+01
    endloop
  endfacet
  facet normal  -0.000000e+00  0.000000e+00  9.999999e-01
    outer loop
      vertex -6.800000e+01 -1.776357e-15  7.400000e+01
      vertex -6.942788e+01 -7.660444e+00  7.400000e+01
      vertex -6.873576e+01 -8.191521e+00  7.400000e+01
    endloop
  endfacet
  facet normal  -0.000000e+00  0.000000e+00  1.000000e+00
    outer loop
      vertex -6.800000e+01 -1.776357e-15  7.400000e+01
      vertex -6.873576e+01 -8.191521e+00  7.400000e+01
      vertex -6.800000e+01 -8.660254e+00  7.400000e+01
    endloop
  endfacet
  facet normal  0.000000e+00  0.000000e+00  1.000000e+00
    outer loop
      vertex -6.800000e+01 -1.776357e-15  7.400000e+01
      vertex -6.800000e+01 -8.660254e+00  7.400000e+01
      vertex -6.796057e+01 -6.266662e-01  7.400000e+01
    endloop
  endfacet
  facet normal  0.000000e+00  0.000000e+00  1.000000e+00
    outer loop
      vertex -6.300000e+01 -1.000000e+01  7.400000e+01
      vertex -4.174194e+01 -1.000000e+01  7.400000e+01
      vertex -6.268605e+01 -4.990134e+00  7.400000e+01
    endloop
  endfacet
  facet normal  0.000000e+00  0.000000e+00  1.000000e+00
    outer loop
      vertex -6.300000e+01 -1.000000e+01  7.400000e+01
      vertex -6.268605e+01 -4.990134e+00  7.400000e+01
      vertex -6.331395e+01 -4.990134e+00  7.400000e+01
    endloop
  endfacet
  facet normal  0.000000e+00  0.000000e+00  1.000000e+00
    outer loop
      vertex -6.300000e+01 -1.000000e+01  7.400000e+01
      vertex -6.331395e+01 -4.990134e+00  7.400000e+01
      vertex -6.393690e+01 -4.911436e+00  7.400000e+01
    endloop
  endfacet
  facet normal  0.000000e+00  0.000000e+00  1.000000e+00
    outer loop
      vertex -6.300000e+01 -1.000000e+01  7.400000e+01
      vertex -6.393690e+01 -4.911436e+00  7.400000e+01
      vertex -6.387156e+01 -9.961947e+00  7.400000e+01
    endloop
  endfacet
  facet normal  0.000000e+00  0.000000e+00  1.000000e+00
    outer loop
      vertex -6.722618e+01 -9.063078e+00  7.400000e+01
      vertex -6.642020e+01 -9.396926e+00  7.400000e+01
      vertex -6.704508e+01 -2.938926e+00  7.400000e+01
    endloop
  endfacet
  facet normal  0.000000e+00  0.000000e+00  1.000000e+00
    outer loop
      vertex -6.722618e+01 -9.063078e+00  7.400000e+01
      vertex -6.704508e+01 -2.938926e+00  7.400000e+01
      vertex -6.738153e+01 -2.408768e+00  7.400000e+01
    endloop
  endfacet
  facet normal  0.000000e+00  0.000000e+00  1.000000e+00
    outer loop
      vertex -6.722618e+01 -9.063078e+00  7.400000e+01
      vertex -6.738153e+01 -2.408768e+00  7.400000e+01
      vertex -6.764888e+01 -1.840623e+00  7.400000e+01
    endloop
  endfacet
  facet normal  0.000000e+00  0.000000e+00  1.000000e+00
    outer loop
      vertex -6.722618e+01 -9.063078e+00  7.400000e+01
      vertex -6.764888e+01 -1.840623e+00  7.400000e+01
      vertex -6.784292e+01 -1.243449e+00  7.400000e+01
    endloop
  endfacet
  facet normal  0.000000e+00  0.000000e+00  1.000000e+00
    outer loop
      vertex -6.722618e+01 -9.063078e+00  7.400000e+01
      vertex -6.784292e+01 -1.243449e+00  7.400000e+01
      vertex -6.796057e+01 -6.266662e-01  7.400000e+01
    endloop
  endfacet
  facet normal  0.000000e+00  0.000000e+00  1.000000e+00
    outer loop
      vertex -6.722618e+01 -9.063078e+00  7.400000e+01
      vertex -6.796057e+01 -6.266662e-01  7.400000e+01
      vertex -6.800000e+01 -8.660254e+00  7.400000e+01
    endloop
  endfacet
  facet normal  0.000000e+00  0.000000e+00  1.000000e+00
    outer loop
      vertex -4.174194e+01 -1.000000e+01  7.400000e+01
      vertex -4.174194e+01  1.000000e+01  7.400000e+01
      vertex -5.800000e+01  1.056413e-15  7.400000e+01
    endloop
  endfacet
  facet normal  0.000000e+00  0.000000e+00  1.000000e+00
    outer loop
      vertex -4.174194e+01 -1.000000e+01  7.400000e+01
      vertex -5.800000e+01  1.056413e-15  7.400000e+01
      vertex -5.803942e+01 -6.266662e-01  7.400000e+01
    endloop
  endfacet
  facet normal  0.000000e+00  0.000000e+00  9.999999e-01
    outer loop
      vertex -4.174194e+01 -1.000000e+01  7.400000e+01
      vertex -5.803942e+01 -6.266662e-01  7.400000e+01
      vertex -5.815709e+01 -1.243449e+00  7.400000e+01
    endloop
  endfacet
  facet normal  0.000000e+00  0.000000e+00  1.000000e+00
    outer loop
      vertex -4.174194e+01 -1.000000e+01  7.400000e+01
      vertex -5.815709e+01 -1.243449e+00  7.400000e+01
      vertex -5.835112e+01 -1.840623e+00  7.400000e+01
    endloop
  endfacet
  facet normal  0.000000e+00  0.000000e+00  1.000000e+00
    outer loop
      vertex -4.174194e+01 -1.000000e+01  7.400000e+01
      vertex -5.835112e+01 -1.840623e+00  7.400000e+01
      vertex -5.861847e+01 -2.408768e+00  7.400000e+01
    endloop
  endfacet
  facet normal  0.000000e+00  0.000000e+00  1.000000e+00
    outer loop
      vertex -4.174194e+01 -1.000000e+01  7.400000e+01
      vertex -5.861847e+01 -2.408768e+00  7.400000e+01
      vertex -5.895491e+01 -2.938926e+00  7.400000e+01
    endloop
  endfacet
  facet normal  0.000000e+00  0.000000e+00  1.000000e+00
    outer loop
      vertex -4.174194e+01 -1.000000e+01  7.400000e+01
      vertex -5.895491e+01 -2.938926e+00  7.400000e+01
      vertex -5.935516e+01 -3.422735e+00  7.400000e+01
    endloop
  endfacet
  facet normal  0.000000e+00  0.000000e+00  1.000000e+00
    outer loop
      vertex -4.174194e+01 -1.000000e+01  7.400000e+01
      vertex -5.935516e+01 -3.422735e+00  7.400000e+01
      vertex -5.981288e+01 -3.852566e+00  7.400000e+01
    endloop
  endfacet
  facet normal  0.000000e+00  0.000000e+00  1.000000e+00
    outer loop
      vertex -4.174194e+01 -1.000000e+01  7.400000e+01
      vertex -5.981288e+01 -3.852566e+00  7.400000e+01
      vertex -6.032087e+01 -4.221640e+00  7.400000e+01
    endloop
  endfacet
  facet normal  0.000000e+00  0.000000e+00  1.000000e+00
    outer loop
      vertex -4.174194e+01 -1.000000e+01  7.400000e+01
      vertex -6.032087e+01 -4.221640e+00  7.400000e+01
      vertex -6.087111e+01 -4.524135e+00  7.400000e+01
    endloop
  endfacet
  facet normal  0.000000e+00  0.000000e+00  9.999999e-01
    outer loop
      vertex -4.174194e+01 -1.000000e+01  7.400000e+01
      vertex -6.087111e+01 -4.524135e+00  7.400000e+01
      vertex -6.145491e+01 -4.755282e+00  7.400000e+01
    endloop
  endfacet
  facet normal  0.000000e+00  0.000000e+00  1.000000e+00
    outer loop
      vertex -4.174194e+01 -1.000000e+01  7.400000e+01
      vertex -6.145491e+01 -4.755282e+00  7.400000e+01
      vertex -6.206310e+01 -4.911436e+00  7.400000e+01
    endloop
  endfacet
  facet normal  0.000000e+00  0.000000e+00  1.000000e+00
    outer loop
      vertex -4.174194e+01 -1.000000e+01  7.400000e+01
      vertex -6.206310e+01 -4.911436e+00  7.400000e+01
      vertex -6.268605e+01 -4.990134e+00  7.400000e+01
    endloop
  endfacet
  facet normal  -0.000000e+00  0.000000e+00  1.000000e+00
    outer loop
      vertex -6.722618e+01  9.063078e+00  7.400000e+01
      vertex -6.800000e+01  8.660254e+00  7.400000e+01
      vertex -6.796057e+01  6.266662e-01  7.400000e+01
    endloop
  endfacet
  facet normal  0.000000e+00  0.000000e+00  1.000000e+00
    outer loop
      vertex -6.722618e+01  9.063078e+00  7.400000e+01
      vertex -6.796057e+01  6.266662e-01  7.400000e+01
      vertex -6.784292e+01  1.243449e+00  7.400000e+01
    endloop
  endfacet
  facet normal  0.000000e+00  0.000000e+00  1.000000e+00
    outer loop
      vertex -6.722618e+01  9.063078e+00  7.400000e+01
      vertex -6.784292e+01  1.243449e+00  7.400000e+01
      vertex -6.764888e+01  1.840623e+00  7.400000e+01
    endloop
  endfacet
  facet normal  0.000000e+00  0.000000e+00  9.999999e-01
    outer loop
      vertex -6.722618e+01  9.063078e+00  7.400000e+01
      vertex -6.764888e+01  1.840623e+00  7.400000e+01
      vertex -6.738153e+01  2.408768e+00  7.400000e+01
    endloop
  endfacet
  facet normal  0.000000e+00  0.000000e+00  1.000000e+00
    outer loop
      vertex -6.722618e+01  9.063078e+00  7.400000e+01
      vertex -6.738153e+01  2.408768e+00  7.400000e+01
      vertex -6.704508e+01  2.938926e+00  7.400000e+01
    endloop
  endfacet
  facet normal  0.000000e+00  -0.000000e+00  1.000000e+00
    outer loop
      vertex -6.722618e+01  9.063078e+00  7.400000e+01
      vertex -6.704508e+01  2.938926e+00  7.400000e+01
      vertex -6.642020e+01  9.396926e+00  7.400000e+01
    endloop
  endfacet
  facet normal  -0.000000e+00  0.000000e+00  1.000000e+00
    outer loop
      vertex -4.174194e+01  1.000000e+01  7.400000e+01
      vertex -6.300000e+01  1.000000e+01  7.400000e+01
      vertex -6.268605e+01  4.990134e+00  7.400000e+01
    endloop
  endfacet
  facet normal  -0.000000e+00  0.000000e+00  1.000000e+00
    outer loop
      vertex -4.174194e+01  1.000000e+01  7.400000e+01
      vertex -6.268605e+01  4.990134e+00  7.400000e+01
      vertex -6.206310e+01  4.911436e+00  7.400000e+01
    endloop
  endfacet
  facet normal  -0.000000e+00  0.000000e+00  1.000000e+00
    outer loop
      vertex -4.174194e+01  1.000000e+01  7.400000e+01
      vertex -6.206310e+01  4.911436e+00  7.400000e+01
      vertex -6.145491e+01  4.755282e+00  7.400000e+01
    endloop
  endfacet
  facet normal  -0.000000e+00  0.000000e+00  9.999999e-01
    outer loop
      vertex -4.174194e+01  1.000000e+01  7.400000e+01
      vertex -6.145491e+01  4.755282e+00  7.400000e+01
      vertex -6.087111e+01  4.524135e+00  7.400000e+01
    endloop
  endfacet
  facet normal  -0.000000e+00  0.000000e+00  1.000000e+00
    outer loop
      vertex -4.174194e+01  1.000000e+01  7.400000e+01
      vertex -6.087111e+01  4.524135e+00  7.400000e+01
      vertex -6.032087e+01  4.221640e+00  7.400000e+01
    endloop
  endfacet
  facet normal  -0.000000e+00  0.000000e+00  1.000000e+00
    outer loop
      vertex -4.174194e+01  1.000000e+01  7.400000e+01
      vertex -6.032087e+01  4.221640e+00  7.400000e+01
      vertex -5.981288e+01  3.852566e+00  7.400000e+01
    endloop
  endfacet
  facet normal  -0.000000e+00  0.000000e+00  1.000000e+00
    outer loop
      vertex -4.174194e+01  1.000000e+01  7.400000e+01
      vertex -5.981288e+01  3.852566e+00  7.400000e+01
      vertex -5.935516e+01  3.422735e+00  7.400000e+01
    endloop
  endfacet
  facet normal  -0.000000e+00  0.000000e+00  1.000000e+00
    outer loop
      vertex -4.174194e+01  1.000000e+01  7.400000e+01
      vertex -5.935516e+01  3.422735e+00  7.400000e+01
      vertex -5.895491e+01  2.938926e+00  7.400000e+01
    endloop
  endfacet
  facet normal  -0.000000e+00  0.000000e+00  1.000000e+00
    outer loop
      vertex -4.174194e+01  1.000000e+01  7.400000e+01
      vertex -5.895491e+01  2.938926e+00  7.400000e+01
      vertex -5.861847e+01  2.408768e+00  7.400000e+01
    endloop
  endfacet
  facet normal  -0.000000e+00  0.000000e+00  9.999999e-01
    outer loop
      vertex -4.174194e+01  1.000000e+01  7.400000e+01
      vertex -5.861847e+01  2.408768e+00  7.400000e+01
      vertex -5.835112e+01  1.840623e+00  7.400000e+01
    endloop
  endfacet
  facet normal  -0.000000e+00  0.000000e+00  1.000000e+00
    outer loop
      vertex -4.174194e+01  1.000000e+01  7.400000e+01
      vertex -5.835112e+01  1.840623e+00  7.400000e+01
      vertex -5.815709e+01  1.243449e+00  7.400000e+01
    endloop
  endfacet
  facet normal  -0.000000e+00  0.000000e+00  9.999999e-01
    outer loop
      vertex -4.174194e+01  1.000000e+01  7.400000e+01
      vertex -5.815709e+01  1.243449e+00  7.400000e+01
      vertex -5.803942e+01  6.266662e-01  7.400000e+01
    endloop
  endfacet
  facet normal  -0.000000e+00  0.000000e+00  1.000000e+00
    outer loop
      vertex -4.174194e+01  1.000000e+01  7.400000e+01
      vertex -5.803942e+01  6.266662e-01  7.400000e+01
      vertex -5.800000e+01  1.056413e-15  7.400000e+01
    endloop
  endfacet
  facet normal  0.000000e+00  0.000000e+00  1.000000e+00
    outer loop
      vertex -6.704508e+01 -2.938926e+00  7.400000e+01
      vertex -6.642020e+01 -9.396926e+00  7.400000e+01
      vertex -6.664484e+01 -3.422735e+00  7.400000e+01
    endloop
  endfacet
  facet normal  0.000000e+00  0.000000e+00  1.000000e+00
    outer loop
      vertex -6.664484e+01 -3.422735e+00  7.400000e+01
      vertex -6.642020e+01 -9.396926e+00  7.400000e+01
      vertex -6.558819e+01 -9.659258e+00  7.400000e+01
    endloop
  endfacet
  facet normal  0.000000e+00  0.000000e+00  1.000000e+00
    outer loop
      vertex -6.664484e+01 -3.422735e+00  7.400000e+01
      vertex -6.558819e+01 -9.659258e+00  7.400000e+01
      vertex -6.618712e+01 -3.852566e+00  7.400000e+01
    endloop
  endfacet
  facet normal  0.000000e+00  0.000000e+00  1.000000e+00
    outer loop
      vertex -6.618712e+01 -3.852566e+00  7.400000e+01
      vertex -6.558819e+01 -9.659258e+00  7.400000e+01
      vertex -6.567913e+01 -4.221640e+00  7.400000e+01
    endloop
  endfacet
  facet normal  0.000000e+00  0.000000e+00  1.000000e+00
    outer loop
      vertex -6.567913e+01 -4.221640e+00  7.400000e+01
      vertex -6.558819e+01 -9.659258e+00  7.400000e+01
      vertex -6.473648e+01 -9.848078e+00  7.400000e+01
    endloop
  endfacet
  facet normal  0.000000e+00  0.000000e+00  9.999999e-01
    outer loop
      vertex -6.567913e+01 -4.221640e+00  7.400000e+01
      vertex -6.473648e+01 -9.848078e+00  7.400000e+01
      vertex -6.512890e+01 -4.524135e+00  7.400000e+01
    endloop
  endfacet
  facet normal  0.000000e+00  -0.000000e+00  9.999999e-01
    outer loop
      vertex -6.512890e+01 -4.524135e+00  7.400000e+01
      vertex -6.473648e+01 -9.848078e+00  7.400000e+01
      vertex -6.454508e+01 -4.755282e+00  7.400000e+01
    endloop
  endfacet
  facet normal  0.000000e+00  0.000000e+00  1.000000e+00
    outer loop
      vertex -6.454508e+01 -4.755282e+00  7.400000e+01
      vertex -6.473648e+01 -9.848078e+00  7.400000e+01
      vertex -6.387156e+01 -9.961947e+00  7.400000e+01
    endloop
  endfacet
  facet normal  0.000000e+00  0.000000e+00  9.999999e-01
    outer loop
      vertex -6.454508e+01 -4.755282e+00  7.400000e+01
      vertex -6.387156e+01 -9.961947e+00  7.400000e+01
      vertex -6.393690e+01 -4.911436e+00  7.400000e+01
    endloop
  endfacet
  facet normal  0.000000e+00  -0.000000e+00  1.000000e+00
    outer loop
      vertex -6.704508e+01  2.938926e+00  7.400000e+01
      vertex -6.664484e+01  3.422735e+00  7.400000e+01
      vertex -6.642020e+01  9.396926e+00  7.400000e+01
    endloop
  endfacet
  facet normal  0.000000e+00  0.000000e+00  1.000000e+00
    outer loop
      vertex -6.642020e+01  9.396926e+00  7.400000e+01
      vertex -6.664484e+01  3.422735e+00  7.400000e+01
      vertex -6.618712e+01  3.852566e+00  7.400000e+01
    endloop
  endfacet
  facet normal  0.000000e+00  -0.000000e+00  1.000000e+00
    outer loop
      vertex -6.642020e+01  9.396926e+00  7.400000e+01
      vertex -6.618712e+01  3.852566e+00  7.400000e+01
      vertex -6.558819e+01  9.659258e+00  7.400000e+01
    endloop
  endfacet
  facet normal  0.000000e+00  0.000000e+00  9.999999e-01
    outer loop
      vertex -6.454508e+01  4.755282e+00  7.400000e+01
      vertex -6.473648e+01  9.848078e+00  7.400000e+01
      vertex -6.512890e+01  4.524135e+00  7.400000e+01
    endloop
  endfacet
  facet normal  0.000000e+00  -0.000000e+00  1.000000e+00
    outer loop
      vertex -6.512890e+01  4.524135e+00  7.400000e+01
      vertex -6.473648e+01  9.848078e+00  7.400000e+01
      vertex -6.558819e+01  9.659258e+00  7.400000e+01
    endloop
  endfacet
  facet normal  0.000000e+00  0.000000e+00  9.999999e-01
    outer loop
      vertex -6.512890e+01  4.524135e+00  7.400000e+01
      vertex -6.558819e+01  9.659258e+00  7.400000e+01
      vertex -6.567913e+01  4.221640e+00  7.400000e+01
    endloop
  endfacet
  facet normal  0.000000e+00  0.000000e+00  1.000000e+00
    outer loop
      vertex -6.268605e+01  4.990134e+00  7.400000e+01
      vertex -6.300000e+01  1.000000e+01  7.400000e+01
      vertex -6.331395e+01  4.990134e+00  7.400000e+01
    endloop
  endfacet
  facet normal  0.000000e+00  -0.000000e+00  1.000000e+00
    outer loop
      vertex -6.331395e+01  4.990134e+00  7.400000e+01
      vertex -6.300000e+01  1.000000e+01  7.400000e+01
      vertex -6.387156e+01  9.961947e+00  7.400000e+01
    endloop
  endfacet
  facet normal  0.000000e+00  0.000000e+00  1.000000e+00
    outer loop
      vertex -6.331395e+01  4.990134e+00  7.400000e+01
      vertex -6.387156e+01  9.961947e+00  7.400000e+01
      vertex -6.393690e+01  4.911436e+00  7.400000e+01
    endloop
  endfacet
  facet normal  0.000000e+00  -0.000000e+00  1.000000e+00
    outer loop
      vertex -6.393690e+01  4.911436e+00  7.400000e+01
      vertex -6.387156e+01  9.961947e+00  7.400000e+01
      vertex -6.473648e+01  9.848078e+00  7.400000e+01
    endloop
  endfacet
  facet normal  0.000000e+00  0.000000e+00  1.000000e+00
    outer loop
      vertex -6.393690e+01  4.911436e+00  7.400000e+01
      vertex -6.473648e+01  9.848078e+00  7.400000e+01
      vertex -6.454508e+01  4.755282e+00  7.400000e+01
    endloop
  endfacet
  facet normal -1.253342e-01  9.921145e-01  0.000000e+00
    outer loop
      vertex -6.268605e+01 -4.990134e+00  6.400000e+01
      vertex -6.206310e+01 -4.911436e+00  7.400000e+01
      vertex -6.206310e+01 -4.911436e+00  6.400000e+01
    endloop
  endfacet
  facet normal -2.486889e-01  9.685835e-01  0.000000e+00
    outer loop
      vertex -6.206310e+01 -4.911436e+00  6.400000e+01
      vertex -6.206310e+01 -4.911436e+00  7.400000e+01
      vertex -6.145491e+01 -4.755282e+00  7.400000e+01
    endloop
  endfacet
  facet normal -2.486889e-01  9.685835e-01  0.000000e+00
    outer loop
      vertex -6.206310e+01 -4.911436e+00  6.400000e+01
      vertex -6.145491e+01 -4.755282e+00  7.400000e+01
      vertex -6.145491e+01 -4.755282e+00  6.400000e+01
    endloop
  endfacet
  facet normal -3.681259e-01  9.297759e-01  0.000000e+00
    outer loop
      vertex -6.145491e+01 -4.755282e+00  6.400000e+01
      vertex -6.145491e+01 -4.755282e+00  7.400000e+01
      vertex -6.087111e+01 -4.524135e+00  7.400000e+01
    endloop
  endfacet
  facet normal -3.681259e-01  9.297759e-01  0.000000e+00
    outer loop
      vertex -6.145491e+01 -4.755282e+00  6.400000e+01
      vertex -6.087111e+01 -4.524135e+00  7.400000e+01
      vertex -6.087111e+01 -4.524135e+00  6.400000e+01
    endloop
  endfacet
  facet normal -4.817521e-01  8.763075e-01  0.000000e+00
    outer loop
      vertex -6.087111e+01 -4.524135e+00  6.400000e+01
      vertex -6.087111e+01 -4.524135e+00  7.400000e+01
      vertex -6.032087e+01 -4.221640e+00  7.400000e+01
    endloop
  endfacet
  facet normal -4.817521e-01  8.763075e-01  0.000000e+00
    outer loop
      vertex -6.087111e+01 -4.524135e+00  6.400000e+01
      vertex -6.032087e+01 -4.221640e+00  7.400000e+01
      vertex -6.032087e+01 -4.221640e+00  6.400000e+01
    endloop
  endfacet
  facet normal -5.877866e-01  8.090160e-01  0.000000e+00
    outer loop
      vertex -6.032087e+01 -4.221640e+00  6.400000e+01
      vertex -6.032087e+01 -4.221640e+00  7.400000e+01
      vertex -5.981288e+01 -3.852566e+00  7.400000e+01
    endloop
  endfacet
  facet normal -5.877866e-01  8.090160e-01  0.000000e+00
    outer loop
      vertex -6.032087e+01 -4.221640e+00  6.400000e+01
      vertex -5.981288e+01 -3.852566e+00  7.400000e+01
      vertex -5.981288e+01 -3.852566e+00  6.400000e+01
    endloop
  endfacet
  facet normal -6.845453e-01  7.289703e-01  0.000000e+00
    outer loop
      vertex -5.981288e+01 -3.852566e+00  6.400000e+01
      vertex -5.981288e+01 -3.852566e+00  7.400000e+01
      vertex -5.935516e+01 -3.422735e+00  7.400000e+01
    endloop
  endfacet
  facet normal -6.845453e-01  7.289703e-01  0.000000e+00
    outer loop
      vertex -5.981288e+01 -3.852566e+00  6.400000e+01
      vertex -5.935516e+01 -3.422735e+00  7.400000e+01
      vertex -5.935516e+01 -3.422735e+00  6.400000e+01
    endloop
  endfacet
  facet normal -7.705132e-01  6.374241e-01  0.000000e+00
    outer loop
      vertex -5.935516e+01 -3.422735e+00  6.400000e+01
      vertex -5.935516e+01 -3.422735e+00  7.400000e+01
      vertex -5.895491e+01 -2.938926e+00  7.400000e+01
    endloop
  endfacet
  facet normal -7.705132e-01  6.374241e-01  0.000000e+00
    outer loop
      vertex -5.935516e+01 -3.422735e+00  6.400000e+01
      vertex -5.895491e+01 -2.938926e+00  7.400000e+01
      vertex -5.895491e+01 -2.938926e+00  6.400000e+01
    endloop
  endfacet
  facet normal -8.443277e-01  5.358272e-01  0.000000e+00
    outer loop
      vertex -5.895491e+01 -2.938926e+00  6.400000e+01
      vertex -5.895491e+01 -2.938926e+00  7.400000e+01
      vertex -5.861847e+01 -2.408768e+00  7.400000e+01
    endloop
  endfacet
  facet normal -8.443277e-01  5.358272e-01  0.000000e+00
    outer loop
      vertex -5.895491e+01 -2.938926e+00  6.400000e+01
      vertex -5.861847e+01 -2.408768e+00  7.400000e+01
      vertex -5.861847e+01 -2.408768e+00  6.400000e+01
    endloop
  endfacet
  facet normal -9.048269e-01  4.257796e-01  0.000000e+00
    outer loop
      vertex -5.861847e+01 -2.408768e+00  6.400000e+01
      vertex -5.861847e+01 -2.408768e+00  7.400000e+01
      vertex -5.835112e+01 -1.840623e+00  7.400000e+01
    endloop
  endfacet
  facet normal -9.048269e-01  4.257796e-01  0.000000e+00
    outer loop
      vertex -5.861847e+01 -2.408768e+00  6.400000e+01
      vertex -5.835112e+01 -1.840623e+00  7.400000e+01
      vertex -5.835112e+01 -1.840623e+00  6.400000e+01
    endloop
  endfacet
  facet normal -9.510577e-01  3.090132e-01  0.000000e+00
    outer loop
      vertex -5.835112e+01 -1.840623e+00  6.400000e+01
      vertex -5.835112e+01 -1.840623e+00  7.400000e+01
      vertex -5.815709e+01 -1.243449e+00  7.400000e+01
    endloop
  endfacet
  facet normal -9.510577e-01  3.090132e-01  0.000000e+00
    outer loop
      vertex -5.835112e+01 -1.840623e+00  6.400000e+01
      vertex -5.815709e+01 -1.243449e+00  7.400000e+01
      vertex -5.815709e+01 -1.243449e+00  6.400000e+01
    endloop
  endfacet
  facet normal -9.822865e-01  1.873857e-01  0.000000e+00
    outer loop
      vertex -5.815709e+01 -1.243449e+00  6.400000e+01
      vertex -5.815709e+01 -1.243449e+00  7.400000e+01
      vertex -5.803942e+01 -6.266662e-01  7.400000e+01
    endloop
  endfacet
  facet normal -9.822865e-01  1.873857e-01  0.000000e+00
    outer loop
      vertex -5.815709e+01 -1.243449e+00  6.400000e+01
      vertex -5.803942e+01 -6.266662e-01  7.400000e+01
      vertex -5.803942e+01 -6.266662e-01  6.400000e+01
    endloop
  endfacet
  facet normal -9.980268e-01  6.278798e-02  0.000000e+00
    outer loop
      vertex -5.803942e+01 -6.266662e-01  6.400000e+01
      vertex -5.803942e+01 -6.266662e-01  7.400000e+01
      vertex -5.800000e+01  1.056413e-15  7.400000e+01
    endloop
  endfacet
  facet normal -9.980268e-01  6.278798e-02  0.000000e+00
    outer loop
      vertex -5.803942e+01 -6.266662e-01  6.400000e+01
      vertex -5.800000e+01  1.056413e-15  7.400000e+01
      vertex -5.800000e+01  1.056413e-15  6.400000e+01
    endloop
  endfacet
  facet normal -1.253342e-01  9.921145e-01  0.000000e+00
    outer loop
      vertex -6.206310e+01 -4.911436e+00  7.400000e+01
      vertex -6.268605e+01 -4.990134e+00  6.400000e+01
      vertex -6.268605e+01 -4.990134e+00  7.400000e+01
    endloop
  endfacet
  facet normal  0.000000e+00  1.000000e+00  0.000000e+00
    outer loop
      vertex -6.268605e+01 -4.990134e+00  7.400000e+01
      vertex -6.268605e+01 -4.990134e+00  6.400000e+01
      vertex -6.331395e+01 -4.990134e+00  6.400000e+01
    endloop
  endfacet
  facet normal  0.000000e+00  1.000000e+00  0.000000e+00
    outer loop
      vertex -6.268605e+01 -4.990134e+00  7.400000e+01
      vertex -6.331395e+01 -4.990134e+00  6.400000e+01
      vertex -6.331395e+01 -4.990134e+00  7.400000e+01
    endloop
  endfacet
  facet normal  1.253342e-01  9.921145e-01  0.000000e+00
    outer loop
      vertex -6.331395e+01 -4.990134e+00  7.400000e+01
      vertex -6.331395e+01 -4.990134e+00  6.400000e+01
      vertex -6.393690e+01 -4.911436e+00  6.400000e+01
    endloop
  endfacet
  facet normal  1.253342e-01  9.921145e-01  -0.000000e+00
    outer loop
      vertex -6.331395e+01 -4.990134e+00  7.400000e+01
      vertex -6.393690e+01 -4.911436e+00  6.400000e+01
      vertex -6.393690e+01 -4.911436e+00  7.400000e+01
    endloop
  endfacet
  facet normal  2.486904e-01  9.685830e-01  0.000000e+00
    outer loop
      vertex -6.393690e+01 -4.911436e+00  7.400000e+01
      vertex -6.393690e+01 -4.911436e+00  6.400000e+01
      vertex -6.454508e+01 -4.755282e+00  6.400000e+01
    endloop
  endfacet
  facet normal  2.486904e-01  9.685830e-01  -0.000000e+00
    outer loop
      vertex -6.393690e+01 -4.911436e+00  7.400000e+01
      vertex -6.454508e+01 -4.755282e+00  6.400000e+01
      vertex -6.454508e+01 -4.755282e+00  7.400000e+01
    endloop
  endfacet
  facet normal  3.681217e-01  9.297775e-01  0.000000e+00
    outer loop
      vertex -6.454508e+01 -4.755282e+00  7.400000e+01
      vertex -6.454508e+01 -4.755282e+00  6.400000e+01
      vertex -6.512890e+01 -4.524135e+00  6.400000e+01
    endloop
  endfacet
  facet normal  3.681217e-01  9.297775e-01  -0.000000e+00
    outer loop
      vertex -6.454508e+01 -4.755282e+00  7.400000e+01
      vertex -6.512890e+01 -4.524135e+00  6.400000e+01
      vertex -6.512890e+01 -4.524135e+00  7.400000e+01
    endloop
  endfacet
  facet normal  4.817573e-01  8.763047e-01  0.000000e+00
    outer loop
      vertex -6.512890e+01 -4.524135e+00  7.400000e+01
      vertex -6.512890e+01 -4.524135e+00  6.400000e+01
      vertex -6.567913e+01 -4.221640e+00  6.400000e+01
    endloop
  endfacet
  facet normal  4.817573e-01  8.763047e-01  -0.000000e+00
    outer loop
      vertex -6.512890e+01 -4.524135e+00  7.400000e+01
      vertex -6.567913e+01 -4.221640e+00  6.400000e+01
      vertex -6.567913e+01 -4.221640e+00  7.400000e+01
    endloop
  endfacet
  facet normal  5.877837e-01  8.090181e-01  0.000000e+00
    outer loop
      vertex -6.567913e+01 -4.221640e+00  7.400000e+01
      vertex -6.567913e+01 -4.221640e+00  6.400000e+01
      vertex -6.618712e+01 -3.852566e+00  6.400000e+01
    endloop
  endfacet
  facet normal  5.877837e-01  8.090181e-01  -0.000000e+00
    outer loop
      vertex -6.567913e+01 -4.221640e+00  7.400000e+01
      vertex -6.618712e+01 -3.852566e+00  6.400000e+01
      vertex -6.618712e+01 -3.852566e+00  7.400000e+01
    endloop
  endfacet
  facet normal  6.845453e-01  7.289703e-01  0.000000e+00
    outer loop
      vertex -6.618712e+01 -3.852566e+00  7.400000e+01
      vertex -6.618712e+01 -3.852566e+00  6.400000e+01
      vertex -6.664484e+01 -3.422735e+00  6.400000e+01
    endloop
  endfacet
  facet normal  6.845453e-01  7.289703e-01  -0.000000e+00
    outer loop
      vertex -6.618712e+01 -3.852566e+00  7.400000e+01
      vertex -6.664484e+01 -3.422735e+00  6.400000e+01
      vertex -6.664484e+01 -3.422735e+00  7.400000e+01
    endloop
  endfacet
  facet normal  7.705162e-01  6.374204e-01  0.000000e+00
    outer loop
      vertex -6.664484e+01 -3.422735e+00  7.400000e+01
      vertex -6.664484e+01 -3.422735e+00  6.400000e+01
      vertex -6.704508e+01 -2.938926e+00  6.400000e+01
    endloop
  endfacet
  facet normal  7.705162e-01  6.374204e-01  -0.000000e+00
    outer loop
      vertex -6.664484e+01 -3.422735e+00  7.400000e+01
      vertex -6.704508e+01 -2.938926e+00  6.400000e+01
      vertex -6.704508e+01 -2.938926e+00  7.400000e+01
    endloop
  endfacet
  facet normal  8.443277e-01  5.358272e-01  0.000000e+00
    outer loop
      vertex -6.704508e+01 -2.938926e+00  7.400000e+01
      vertex -6.704508e+01 -2.938926e+00  6.400000e+01
      vertex -6.738153e+01 -2.408768e+00  6.400000e+01
    endloop
  endfacet
  facet normal  8.443277e-01  5.358272e-01  -0.000000e+00
    outer loop
      vertex -6.704508e+01 -2.938926e+00  7.400000e+01
      vertex -6.738153e+01 -2.408768e+00  6.400000e+01
      vertex -6.738153e+01 -2.408768e+00  7.400000e+01
    endloop
  endfacet
  facet normal  9.048269e-01  4.257796e-01  0.000000e+00
    outer loop
      vertex -6.738153e+01 -2.408768e+00  7.400000e+01
      vertex -6.738153e+01 -2.408768e+00  6.400000e+01
      vertex -6.764888e+01 -1.840623e+00  6.400000e+01
    endloop
  endfacet
  facet normal  9.048269e-01  4.257796e-01  -0.000000e+00
    outer loop
      vertex -6.738153e+01 -2.408768e+00  7.400000e+01
      vertex -6.764888e+01 -1.840623e+00  6.400000e+01
      vertex -6.764888e+01 -1.840623e+00  7.400000e+01
    endloop
  endfacet
  facet normal  9.510542e-01  3.090242e-01  0.000000e+00
    outer loop
      vertex -6.764888e+01 -1.840623e+00  7.400000e+01
      vertex -6.764888e+01 -1.840623e+00  6.400000e+01
      vertex -6.784292e+01 -1.243449e+00  6.400000e+01
    endloop
  endfacet
  facet normal  9.510542e-01  3.090242e-01  -0.000000e+00
    outer loop
      vertex -6.764888e+01 -1.840623e+00  7.400000e+01
      vertex -6.784292e+01 -1.243449e+00  6.400000e+01
      vertex -6.784292e+01 -1.243449e+00  7.400000e+01
    endloop
  endfacet
  facet normal  9.822887e-01  1.873739e-01  0.000000e+00
    outer loop
      vertex -6.784292e+01 -1.243449e+00  7.400000e+01
      vertex -6.784292e+01 -1.243449e+00  6.400000e+01
      vertex -6.796057e+01 -6.266662e-01  6.400000e+01
    endloop
  endfacet
  facet normal  9.822887e-01  1.873739e-01  -0.000000e+00
    outer loop
      vertex -6.784292e+01 -1.243449e+00  7.400000e+01
      vertex -6.796057e+01 -6.266662e-01  6.400000e+01
      vertex -6.796057e+01 -6.266662e-01  7.400000e+01
    endloop
  endfacet
  facet normal  9.980264e-01  6.279403e-02  0.000000e+00
    outer loop
      vertex -6.796057e+01 -6.266662e-01  7.400000e+01
      vertex -6.796057e+01 -6.266662e-01  6.400000e+01
      vertex -6.800000e+01 -3.001004e-15  6.400000e+01
    endloop
  endfacet
  facet normal  9.980264e-01  6.279403e-02 -7.690051e-18
    outer loop
      vertex -6.796057e+01 -6.266662e-01  7.400000e+01
      vertex -6.800000e+01 -3.001004e-15  6.400000e+01
      vertex -6.800000e+01 -1.776357e-15  7.400000e+01
    endloop
  endfacet
  facet normal  1.253342e-01 -9.921145e-01  0.000000e+00
    outer loop
      vertex -6.331395e+01  4.990134e+00  6.400000e+01
      vertex -6.393690e+01  4.911436e+00  7.400000e+01
      vertex -6.393690e+01  4.911436e+00  6.400000e+01
    endloop
  endfacet
  facet normal  2.486904e-01 -9.685830e-01  0.000000e+00
    outer loop
      vertex -6.393690e+01  4.911436e+00  6.400000e+01
      vertex -6.393690e+01  4.911436e+00  7.400000e+01
      vertex -6.454508e+01  4.755282e+00  7.400000e+01
    endloop
  endfacet
  facet normal  2.486904e-01 -9.685830e-01  0.000000e+00
    outer loop
      vertex -6.393690e+01  4.911436e+00  6.400000e+01
      vertex -6.454508e+01  4.755282e+00  7.400000e+01
      vertex -6.454508e+01  4.755282e+00  6.400000e+01
    endloop
  endfacet
  facet normal  3.681217e-01 -9.297775e-01  0.000000e+00
    outer loop
      vertex -6.454508e+01  4.755282e+00  6.400000e+01
      vertex -6.454508e+01  4.755282e+00  7.400000e+01
      vertex -6.512890e+01  4.524135e+00  7.400000e+01
    endloop
  endfacet
  facet normal  3.681217e-01 -9.297775e-01  0.000000e+00
    outer loop
      vertex -6.454508e+01  4.755282e+00  6.400000e+01
      vertex -6.512890e+01  4.524135e+00  7.400000e+01
      vertex -6.512890e+01  4.524135e+00  6.400000e+01
    endloop
  endfacet
  facet normal  4.817573e-01 -8.763047e-01  0.000000e+00
    outer loop
      vertex -6.512890e+01  4.524135e+00  6.400000e+01
      vertex -6.512890e+01  4.524135e+00  7.400000e+01
      vertex -6.567913e+01  4.221640e+00  7.400000e+01
    endloop
  endfacet
  facet normal  4.817573e-01 -8.763047e-01  0.000000e+00
    outer loop
      vertex -6.512890e+01  4.524135e+00  6.400000e+01
      vertex -6.567913e+01  4.221640e+00  7.400000e+01
      vertex -6.567913e+01  4.221640e+00  6.400000e+01
    endloop
  endfacet
  facet normal  5.877837e-01 -8.090181e-01  0.000000e+00
    outer loop
      vertex -6.567913e+01  4.221640e+00  6.400000e+01
      vertex -6.567913e+01  4.221640e+00  7.400000e+01
      vertex -6.618712e+01  3.852566e+00  7.400000e+01
    endloop
  endfacet
  facet normal  5.877837e-01 -8.090181e-01  0.000000e+00
    outer loop
      vertex -6.567913e+01  4.221640e+00  6.400000e+01
      vertex -6.618712e+01  3.852566e+00  7.400000e+01
      vertex -6.618712e+01  3.852566e+00  6.400000e+01
    endloop
  endfacet
  facet normal  6.845453e-01 -7.289703e-01  0.000000e+00
    outer loop
      vertex -6.618712e+01  3.852566e+00  6.400000e+01
      vertex -6.618712e+01  3.852566e+00  7.400000e+01
      vertex -6.664484e+01  3.422735e+00  7.400000e+01
    endloop
  endfacet
  facet normal  6.845453e-01 -7.289703e-01  0.000000e+00
    outer loop
      vertex -6.618712e+01  3.852566e+00  6.400000e+01
      vertex -6.664484e+01  3.422735e+00  7.400000e+01
      vertex -6.664484e+01  3.422735e+00  6.400000e+01
    endloop
  endfacet
  facet normal  7.705162e-01 -6.374204e-01  0.000000e+00
    outer loop
      vertex -6.664484e+01  3.422735e+00  6.400000e+01
      vertex -6.664484e+01  3.422735e+00  7.400000e+01
      vertex -6.704508e+01  2.938926e+00  7.400000e+01
    endloop
  endfacet
  facet normal  7.705162e-01 -6.374204e-01  0.000000e+00
    outer loop
      vertex -6.664484e+01  3.422735e+00  6.400000e+01
      vertex -6.704508e+01  2.938926e+00  7.400000e+01
      vertex -6.704508e+01  2.938926e+00  6.400000e+01
    endloop
  endfacet
  facet normal  8.443277e-01 -5.358272e-01  0.000000e+00
    outer loop
      vertex -6.704508e+01  2.938926e+00  6.400000e+01
      vertex -6.704508e+01  2.938926e+00  7.400000e+01
      vertex -6.738153e+01  2.408768e+00  7.400000e+01
    endloop
  endfacet
  facet normal  8.443277e-01 -5.358272e-01  0.000000e+00
    outer loop
      vertex -6.704508e+01  2.938926e+00  6.400000e+01
      vertex -6.738153e+01  2.408768e+00  7.400000e+01
      vertex -6.738153e+01  2.408768e+00  6.400000e+01
    endloop
  endfacet
  facet normal  9.048269e-01 -4.257796e-01  0.000000e+00
    outer loop
      vertex -6.738153e+01  2.408768e+00  6.400000e+01
      vertex -6.738153e+01  2.408768e+00  7.400000e+01
      vertex -6.764888e+01  1.840623e+00  7.400000e+01
    endloop
  endfacet
  facet normal  9.048269e-01 -4.257796e-01  0.000000e+00
    outer loop
      vertex -6.738153e+01  2.408768e+00  6.400000e+01
      vertex -6.764888e+01  1.840623e+00  7.400000e+01
      vertex -6.764888e+01  1.840623e+00  6.400000e+01
    endloop
  endfacet
  facet normal  9.510542e-01 -3.090242e-01  0.000000e+00
    outer loop
      vertex -6.764888e+01  1.840623e+00  6.400000e+01
      vertex -6.764888e+01  1.840623e+00  7.400000e+01
      vertex -6.784292e+01  1.243449e+00  7.400000e+01
    endloop
  endfacet
  facet normal  9.510542e-01 -3.090242e-01  0.000000e+00
    outer loop
      vertex -6.764888e+01  1.840623e+00  6.400000e+01
      vertex -6.784292e+01  1.243449e+00  7.400000e+01
      vertex -6.784292e+01  1.243449e+00  6.400000e+01
    endloop
  endfacet
  facet normal  9.822887e-01 -1.873739e-01  0.000000e+00
    outer loop
      vertex -6.784292e+01  1.243449e+00  6.400000e+01
      vertex -6.784292e+01  1.243449e+00  7.400000e+01
      vertex -6.796057e+01  6.266662e-01  7.400000e+01
    endloop
  endfacet
  facet normal  9.822887e-01 -1.873739e-01  0.000000e+00
    outer loop
      vertex -6.784292e+01  1.243449e+00  6.400000e+01
      vertex -6.796057e+01  6.266662e-01  7.400000e+01
      vertex -6.796057e+01  6.266662e-01  6.400000e+01
    endloop
  endfacet
  facet normal  9.980264e-01 -6.279403e-02  0.000000e+00
    outer loop
      vertex -6.796057e+01  6.266662e-01  6.400000e+01
      vertex -6.796057e+01  6.266662e-01  7.400000e+01
      vertex -6.800000e+01 -1.776357e-15  7.400000e+01
    endloop
  endfacet
  facet normal  9.980264e-01 -6.279403e-02  7.690051e-18
    outer loop
      vertex -6.796057e+01  6.266662e-01  6.400000e+01
      vertex -6.800000e+01 -1.776357e-15  7.400000e+01
      vertex -6.800000e+01 -3.001004e-15  6.400000e+01
    endloop
  endfacet
  facet normal  1.253342e-01 -9.921145e-01  0.000000e+00
    outer loop
      vertex -6.393690e+01  4.911436e+00  7.400000e+01
      vertex -6.331395e+01  4.990134e+00  6.400000e+01
      vertex -6.331395e+01  4.990134e+00  7.400000e+01
    endloop
  endfacet
  facet normal  0.000000e+00 -1.000000e+00  0.000000e+00
    outer loop
      vertex -6.331395e+01  4.990134e+00  7.400000e+01
      vertex -6.331395e+01  4.990134e+00  6.400000e+01
      vertex -6.268605e+01  4.990134e+00  6.400000e+01
    endloop
  endfacet
  facet normal  0.000000e+00 -1.000000e+00  0.000000e+00
    outer loop
      vertex -6.331395e+01  4.990134e+00  7.400000e+01
      vertex -6.268605e+01  4.990134e+00  6.400000e+01
      vertex -6.268605e+01  4.990134e+00  7.400000e+01
    endloop
  endfacet
  facet normal -1.253342e-01 -9.921145e-01  -0.000000e+00
    outer loop
      vertex -6.268605e+01  4.990134e+00  7.400000e+01
      vertex -6.268605e+01  4.990134e+00  6.400000e+01
      vertex -6.206310e+01  4.911436e+00  6.400000e+01
    endloop
  endfacet
  facet normal -1.253342e-01 -9.921145e-01  0.000000e+00
    outer loop
      vertex -6.268605e+01  4.990134e+00  7.400000e+01
      vertex -6.206310e+01  4.911436e+00  6.400000e+01
      vertex -6.206310e+01  4.911436e+00  7.400000e+01
    endloop
  endfacet
  facet normal -2.486889e-01 -9.685835e-01  -0.000000e+00
    outer loop
      vertex -6.206310e+01  4.911436e+00  7.400000e+01
      vertex -6.206310e+01  4.911436e+00  6.400000e+01
      vertex -6.145491e+01  4.755282e+00  6.400000e+01
    endloop
  endfacet
  facet normal -2.486889e-01 -9.685835e-01  0.000000e+00
    outer loop
      vertex -6.206310e+01  4.911436e+00  7.400000e+01
      vertex -6.145491e+01  4.755282e+00  6.400000e+01
      vertex -6.145491e+01  4.755282e+00  7.400000e+01
    endloop
  endfacet
  facet normal -3.681259e-01 -9.297759e-01  -0.000000e+00
    outer loop
      vertex -6.145491e+01  4.755282e+00  7.400000e+01
      vertex -6.145491e+01  4.755282e+00  6.400000e+01
      vertex -6.087111e+01  4.524135e+00  6.400000e+01
    endloop
  endfacet
  facet normal -3.681259e-01 -9.297759e-01  0.000000e+00
    outer loop
      vertex -6.145491e+01  4.755282e+00  7.400000e+01
      vertex -6.087111e+01  4.524135e+00  6.400000e+01
      vertex -6.087111e+01  4.524135e+00  7.400000e+01
    endloop
  endfacet
  facet normal -4.817521e-01 -8.763075e-01  -0.000000e+00
    outer loop
      vertex -6.087111e+01  4.524135e+00  7.400000e+01
      vertex -6.087111e+01  4.524135e+00  6.400000e+01
      vertex -6.032087e+01  4.221640e+00  6.400000e+01
    endloop
  endfacet
  facet normal -4.817521e-01 -8.763075e-01  0.000000e+00
    outer loop
      vertex -6.087111e+01  4.524135e+00  7.400000e+01
      vertex -6.032087e+01  4.221640e+00  6.400000e+01
      vertex -6.032087e+01  4.221640e+00  7.400000e+01
    endloop
  endfacet
  facet normal -5.877866e-01 -8.090160e-01  -0.000000e+00
    outer loop
      vertex -6.032087e+01  4.221640e+00  7.400000e+01
      vertex -6.032087e+01  4.221640e+00  6.400000e+01
      vertex -5.981288e+01  3.852566e+00  6.400000e+01
    endloop
  endfacet
  facet normal -5.877866e-01 -8.090160e-01  0.000000e+00
    outer loop
      vertex -6.032087e+01  4.221640e+00  7.400000e+01
      vertex -5.981288e+01  3.852566e+00  6.400000e+01
      vertex -5.981288e+01  3.852566e+00  7.400000e+01
    endloop
  endfacet
  facet normal -6.845453e-01 -7.289703e-01  -0.000000e+00
    outer loop
      vertex -5.981288e+01  3.852566e+00  7.400000e+01
      vertex -5.981288e+01  3.852566e+00  6.400000e+01
      vertex -5.935516e+01  3.422735e+00  6.400000e+01
    endloop
  endfacet
  facet normal -6.845453e-01 -7.289703e-01  0.000000e+00
    outer loop
      vertex -5.981288e+01  3.852566e+00  7.400000e+01
      vertex -5.935516e+01  3.422735e+00  6.400000e+01
      vertex -5.935516e+01  3.422735e+00  7.400000e+01
    endloop
  endfacet
  facet normal -7.705132e-01 -6.374241e-01  -0.000000e+00
    outer loop
      vertex -5.935516e+01  3.422735e+00  7.400000e+01
      vertex -5.935516e+01  3.422735e+00  6.400000e+01
      vertex -5.895491e+01  2.938926e+00  6.400000e+01
    endloop
  endfacet
  facet normal -7.705132e-01 -6.374241e-01  0.000000e+00
    outer loop
      vertex -5.935516e+01  3.422735e+00  7.400000e+01
      vertex -5.895491e+01  2.938926e+00  6.400000e+01
      vertex -5.895491e+01  2.938926e+00  7.400000e+01
    endloop
  endfacet
  facet normal -8.443277e-01 -5.358272e-01  -0.000000e+00
    outer loop
      vertex -5.895491e+01  2.938926e+00  7.400000e+01
      vertex -5.895491e+01  2.938926e+00  6.400000e+01
      vertex -5.861847e+01  2.408768e+00  6.400000e+01
    endloop
  endfacet
  facet normal -8.443277e-01 -5.358272e-01  0.000000e+00
    outer loop
      vertex -5.895491e+01  2.938926e+00  7.400000e+01
      vertex -5.861847e+01  2.408768e+00  6.400000e+01
      vertex -5.861847e+01  2.408768e+00  7.400000e+01
    endloop
  endfacet
  facet normal -9.048269e-01 -4.257796e-01  -0.000000e+00
    outer loop
      vertex -5.861847e+01  2.408768e+00  7.400000e+01
      vertex -5.861847e+01  2.408768e+00  6.400000e+01
      vertex -5.835112e+01  1.840623e+00  6.400000e+01
    endloop
  endfacet
  facet normal -9.048269e-01 -4.257796e-01  0.000000e+00
    outer loop
      vertex -5.861847e+01  2.408768e+00  7.400000e+01
      vertex -5.835112e+01  1.840623e+00  6.400000e+01
      vertex -5.835112e+01  1.840623e+00  7.400000e+01
    endloop
  endfacet
  facet normal -9.510577e-01 -3.090132e-01  -0.000000e+00
    outer loop
      vertex -5.835112e+01  1.840623e+00  7.400000e+01
      vertex -5.835112e+01  1.840623e+00  6.400000e+01
      vertex -5.815709e+01  1.243449e+00  6.400000e+01
    endloop
  endfacet
  facet normal -9.510577e-01 -3.090132e-01  0.000000e+00
    outer loop
      vertex -5.835112e+01  1.840623e+00  7.400000e+01
      vertex -5.815709e+01  1.243449e+00  6.400000e+01
      vertex -5.815709e+01  1.243449e+00  7.400000e+01
    endloop
  endfacet
  facet normal -9.822865e-01 -1.873857e-01  -0.000000e+00
    outer loop
      vertex -5.815709e+01  1.243449e+00  7.400000e+01
      vertex -5.815709e+01  1.243449e+00  6.400000e+01
      vertex -5.803942e+01  6.266662e-01  6.400000e+01
    endloop
  endfacet
  facet normal -9.822865e-01 -1.873857e-01  0.000000e+00
    outer loop
      vertex -5.815709e+01  1.243449e+00  7.400000e+01
      vertex -5.803942e+01  6.266662e-01  6.400000e+01
      vertex -5.803942e+01  6.266662e-01  7.400000e+01
    endloop
  endfacet
  facet normal -9.980268e-01 -6.278798e-02  -0.000000e+00
    outer loop
      vertex -5.803942e+01  6.266662e-01  7.400000e+01
      vertex -5.803942e+01  6.266662e-01  6.400000e+01
      vertex -5.800000e+01  1.056413e-15  6.400000e+01
    endloop
  endfacet
  facet normal -9.980268e-01 -6.278798e-02  0.000000e+00
    outer loop
      vertex -5.803942e+01  6.266662e-01  7.400000e+01
      vertex -5.800000e+01  1.056413e-15  6.400000e+01
      vertex -5.800000e+01  1.056413e-15  7.400000e+01
    endloop
  endfacet
  facet normal  0.000000e+00 -1.000000e+00  0.000000e+00
    outer loop
      vertex -4.174194e+01 -1.000000e+01  7.400000e+01
      vertex -6.300000e+01 -1.000000e+01  7.400000e+01
      vertex -4.400000e+01 -1.000000e+01  6.900000e+01
    endloop
  endfacet
  facet normal  -0.000000e+00 -1.000000e+00  0.000000e+00
    outer loop
      vertex -4.400000e+01 -1.000000e+01  6.900000e+01
      vertex -6.300000e+01 -1.000000e+01  7.400000e+01
      vertex -6.300000e+01 -1.000000e+01  6.400000e+01
    endloop
  endfacet
  facet normal  0.000000e+00 -1.000000e+00  0.000000e+00
    outer loop
      vertex -4.400000e+01 -1.000000e+01  6.900000e+01
      vertex -6.300000e+01 -1.000000e+01  6.400000e+01
      vertex -4.400000e+01 -1.000000e+01  6.400000e+01
    endloop
  endfacet
  facet normal  0.000000e+00  1.000000e+00  0.000000e+00
    outer loop
      vertex -4.400000e+01  1.000000e+01  6.400000e+01
      vertex -6.300000e+01  1.000000e+01  6.400000e+01
      vertex -4.400000e+01  1.000000e+01  6.900000e+01
    endloop
  endfacet
  facet normal  0.000000e+00  1.000000e+00  0.000000e+00
    outer loop
      vertex -4.400000e+01  1.000000e+01  6.900000e+01
      vertex -6.300000e+01  1.000000e+01  6.400000e+01
      vertex -6.300000e+01  1.000000e+01  7.400000e+01
    endloop
  endfacet
  facet normal  -0.000000e+00  1.000000e+00  0.000000e+00
    outer loop
      vertex -4.400000e+01  1.000000e+01  6.900000e+01
      vertex -6.300000e+01  1.000000e+01  7.400000e+01
      vertex -4.174194e+01  1.000000e+01  7.400000e+01
    endloop
  endfacet
  facet normal -9.990481e-01  4.362213e-02  0.000000e+00
    outer loop
      vertex -7.300000e+01 -4.225650e-15  6.400000e+01
      vertex -7.300000e+01 -4.225650e-15  7.400000e+01
      vertex -7.296194e+01  8.715574e-01  6.400000e+01
    endloop
  endfacet
  facet normal -9.990481e-01  4.362213e-02  0.000000e+00
    outer loop
      vertex -7.296194e+01  8.715574e-01  6.400000e+01
      vertex -7.300000e+01 -4.225650e-15  7.400000e+01
      vertex -7.296194e+01  8.715574e-01  7.400000e+01
    endloop
  endfacet
  facet normal -9.914450e-01  1.305254e-01  0.000000e+00
    outer loop
      vertex -7.296194e+01  8.715574e-01  6.400000e+01
      vertex -7.296194e+01  8.715574e-01  7.400000e+01
      vertex -7.284808e+01  1.736482e+00  6.400000e+01
    endloop
  endfacet
  facet normal -9.914450e-01  1.305254e-01  0.000000e+00
    outer loop
      vertex -7.284808e+01  1.736482e+00  6.400000e+01
      vertex -7.296194e+01  8.715574e-01  7.400000e+01
      vertex -7.284808e+01  1.736482e+00  7.400000e+01
    endloop
  endfacet
  facet normal -9.762959e-01  2.164403e-01  0.000000e+00
    outer loop
      vertex -7.284808e+01  1.736482e+00  6.400000e+01
      vertex -7.284808e+01  1.736482e+00  7.400000e+01
      vertex -7.265926e+01  2.588191e+00  6.400000e+01
    endloop
  endfacet
  facet normal -9.762959e-01  2.164403e-01  0.000000e+00
    outer loop
      vertex -7.265926e+01  2.588191e+00  6.400000e+01
      vertex -7.284808e+01  1.736482e+00  7.400000e+01
      vertex -7.265926e+01  2.588191e+00  7.400000e+01
    endloop
  endfacet
  facet normal -9.537179e-01  3.007027e-01  0.000000e+00
    outer loop
      vertex -7.265926e+01  2.588191e+00  6.400000e+01
      vertex -7.265926e+01  2.588191e+00  7.400000e+01
      vertex -7.239693e+01  3.420202e+00  6.400000e+01
    endloop
  endfacet
  facet normal -9.537179e-01  3.007027e-01  0.000000e+00
    outer loop
      vertex -7.239693e+01  3.420202e+00  6.400000e+01
      vertex -7.265926e+01  2.588191e+00  7.400000e+01
      vertex -7.239693e+01  3.420202e+00  7.400000e+01
    endloop
  endfacet
  facet normal -9.238800e-01  3.826823e-01  0.000000e+00
    outer loop
      vertex -7.239693e+01  3.420202e+00  6.400000e+01
      vertex -7.239693e+01  3.420202e+00  7.400000e+01
      vertex -7.206308e+01  4.226182e+00  6.400000e+01
    endloop
  endfacet
  facet normal -9.238800e-01  3.826823e-01  0.000000e+00
    outer loop
      vertex -7.206308e+01  4.226182e+00  6.400000e+01
      vertex -7.239693e+01  3.420202e+00  7.400000e+01
      vertex -7.206308e+01  4.226182e+00  7.400000e+01
    endloop
  endfacet
  facet normal -8.870106e-01  4.617490e-01  0.000000e+00
    outer loop
      vertex -7.206308e+01  4.226182e+00  6.400000e+01
      vertex -7.206308e+01  4.226182e+00  7.400000e+01
      vertex -7.166026e+01  5.000000e+00  6.400000e+01
    endloop
  endfacet
  facet normal -8.870106e-01  4.617490e-01  0.000000e+00
    outer loop
      vertex -7.166026e+01  5.000000e+00  6.400000e+01
      vertex -7.206308e+01  4.226182e+00  7.400000e+01
      vertex -7.166026e+01  5.000000e+00  7.400000e+01
    endloop
  endfacet
  facet normal -8.433908e-01  5.373004e-01  0.000000e+00
    outer loop
      vertex -7.166026e+01  5.000000e+00  6.400000e+01
      vertex -7.166026e+01  5.000000e+00  7.400000e+01
      vertex -7.119152e+01  5.735765e+00  6.400000e+01
    endloop
  endfacet
  facet normal -8.433908e-01  5.373004e-01  0.000000e+00
    outer loop
      vertex -7.119152e+01  5.735765e+00  6.400000e+01
      vertex -7.166026e+01  5.000000e+00  7.400000e+01
      vertex -7.119152e+01  5.735765e+00  7.400000e+01
    endloop
  endfacet
  facet normal -7.933540e-01  6.087605e-01  0.000000e+00
    outer loop
      vertex -7.119152e+01  5.735765e+00  6.400000e+01
      vertex -7.119152e+01  5.735765e+00  7.400000e+01
      vertex -7.066045e+01  6.427876e+00  6.400000e+01
    endloop
  endfacet
  facet normal -7.933540e-01  6.087605e-01  0.000000e+00
    outer loop
      vertex -7.066045e+01  6.427876e+00  6.400000e+01
      vertex -7.119152e+01  5.735765e+00  7.400000e+01
      vertex -7.066045e+01  6.427876e+00  7.400000e+01
    endloop
  endfacet
  facet normal -7.372763e-01  6.755912e-01  0.000000e+00
    outer loop
      vertex -7.066045e+01  6.427876e+00  6.400000e+01
      vertex -7.066045e+01  6.427876e+00  7.400000e+01
      vertex -7.007107e+01  7.071068e+00  6.400000e+01
    endloop
  endfacet
  facet normal -7.372763e-01  6.755912e-01  0.000000e+00
    outer loop
      vertex -7.007107e+01  7.071068e+00  6.400000e+01
      vertex -7.066045e+01  6.427876e+00  7.400000e+01
      vertex -7.007107e+01  7.071068e+00  7.400000e+01
    endloop
  endfacet
  facet normal -6.755919e-01  7.372757e-01  0.000000e+00
    outer loop
      vertex -7.007107e+01  7.071068e+00  6.400000e+01
      vertex -7.007107e+01  7.071068e+00  7.400000e+01
      vertex -6.942788e+01  7.660444e+00  6.400000e+01
    endloop
  endfacet
  facet normal -6.755919e-01  7.372757e-01  0.000000e+00
    outer loop
      vertex -6.942788e+01  7.660444e+00  6.400000e+01
      vertex -7.007107e+01  7.071068e+00  7.400000e+01
      vertex -6.942788e+01  7.660444e+00  7.400000e+01
    endloop
  endfacet
  facet normal -6.087595e-01  7.933548e-01  0.000000e+00
    outer loop
      vertex -6.942788e+01  7.660444e+00  6.400000e+01
      vertex -6.942788e+01  7.660444e+00  7.400000e+01
      vertex -6.873576e+01  8.191521e+00  6.400000e+01
    endloop
  endfacet
  facet normal -6.087595e-01  7.933548e-01  0.000000e+00
    outer loop
      vertex -6.873576e+01  8.191521e+00  6.400000e+01
      vertex -6.942788e+01  7.660444e+00  7.400000e+01
      vertex -6.873576e+01  8.191521e+00  7.400000e+01
    endloop
  endfacet
  facet normal -5.373002e-01  8.433911e-01  0.000000e+00
    outer loop
      vertex -6.873576e+01  8.191521e+00  6.400000e+01
      vertex -6.873576e+01  8.191521e+00  7.400000e+01
      vertex -6.800000e+01  8.660254e+00  6.400000e+01
    endloop
  endfacet
  facet normal -5.373002e-01  8.433911e-01  0.000000e+00
    outer loop
      vertex -6.800000e+01  8.660254e+00  6.400000e+01
      vertex -6.873576e+01  8.191521e+00  7.400000e+01
      vertex -6.800000e+01  8.660254e+00  7.400000e+01
    endloop
  endfacet
  facet normal -4.617475e-01  8.870113e-01  0.000000e+00
    outer loop
      vertex -6.800000e+01  8.660254e+00  6.400000e+01
      vertex -6.800000e+01  8.660254e+00  7.400000e+01
      vertex -6.722618e+01  9.063078e+00  6.400000e+01
    endloop
  endfacet
  facet normal -4.617475e-01  8.870113e-01  0.000000e+00
    outer loop
      vertex -6.722618e+01  9.063078e+00  6.400000e+01
      vertex -6.800000e+01  8.660254e+00  7.400000e+01
      vertex -6.722618e+01  9.063078e+00  7.400000e+01
    endloop
  endfacet
  facet normal -3.826849e-01  9.238790e-01  0.000000e+00
    outer loop
      vertex -6.722618e+01  9.063078e+00  6.400000e+01
      vertex -6.722618e+01  9.063078e+00  7.400000e+01
      vertex -6.642020e+01  9.396926e+00  6.400000e+01
    endloop
  endfacet
  facet normal -3.826849e-01  9.238790e-01  0.000000e+00
    outer loop
      vertex -6.642020e+01  9.396926e+00  6.400000e+01
      vertex -6.722618e+01  9.063078e+00  7.400000e+01
      vertex -6.642020e+01  9.396926e+00  7.400000e+01
    endloop
  endfacet
  facet normal -3.007041e-01  9.537175e-01  0.000000e+00
    outer loop
      vertex -6.642020e+01  9.396926e+00  6.400000e+01
      vertex -6.642020e+01  9.396926e+00  7.400000e+01
      vertex -6.558819e+01  9.659258e+00  6.400000e+01
    endloop
  endfacet
  facet normal -3.007041e-01  9.537175e-01  0.000000e+00
    outer loop
      vertex -6.558819e+01  9.659258e+00  6.400000e+01
      vertex -6.642020e+01  9.396926e+00  7.400000e+01
      vertex -6.558819e+01  9.659258e+00  7.400000e+01
    endloop
  endfacet
  facet normal -2.164406e-01  9.762958e-01  0.000000e+00
    outer loop
      vertex -6.558819e+01  9.659258e+00  6.400000e+01
      vertex -6.558819e+01  9.659258e+00  7.400000e+01
      vertex -6.473648e+01  9.848078e+00  6.400000e+01
    endloop
  endfacet
  facet normal -2.164406e-01  9.762958e-01  0.000000e+00
    outer loop
      vertex -6.473648e+01  9.848078e+00  6.400000e+01
      vertex -6.558819e+01  9.659258e+00  7.400000e+01
      vertex -6.473648e+01  9.848078e+00  7.400000e+01
    endloop
  endfacet
  facet normal -1.305268e-01  9.914448e-01  0.000000e+00
    outer loop
      vertex -6.473648e+01  9.848078e+00  6.400000e+01
      vertex -6.473648e+01  9.848078e+00  7.400000e+01
      vertex -6.387156e+01  9.961947e+00  6.400000e+01
    endloop
  endfacet
  facet normal -1.305268e-01  9.914448e-01  0.000000e+00
    outer loop
      vertex -6.387156e+01  9.961947e+00  6.400000e+01
      vertex -6.473648e+01  9.848078e+00  7.400000e+01
      vertex -6.387156e+01  9.961947e+00  7.400000e+01
    endloop
  endfacet
  facet normal -4.361878e-02  9.990483e-01  0.000000e+00
    outer loop
      vertex -6.387156e+01  9.961947e+00  6.400000e+01
      vertex -6.387156e+01  9.961947e+00  7.400000e+01
      vertex -6.300000e+01  1.000000e+01  6.400000e+01
    endloop
  endfacet
  facet normal -4.361878e-02  9.990483e-01  0.000000e+00
    outer loop
      vertex -6.300000e+01  1.000000e+01  6.400000e+01
      vertex -6.387156e+01  9.961947e+00  7.400000e+01
      vertex -6.300000e+01  1.000000e+01  7.400000e+01
    endloop
  endfacet
  facet normal -4.361878e-02 -9.990483e-01  -0.000000e+00
    outer loop
      vertex -6.300000e+01 -1.000000e+01  6.400000e+01
      vertex -6.300000e+01 -1.000000e+01  7.400000e+01
      vertex -6.387156e+01 -9.961947e+00  6.400000e+01
    endloop
  endfacet
  facet normal -4.361878e-02 -9.990483e-01  0.000000e+00
    outer loop
      vertex -6.387156e+01 -9.961947e+00  6.400000e+01
      vertex -6.300000e+01 -1.000000e+01  7.400000e+01
      vertex -6.387156e+01 -9.961947e+00  7.400000e+01
    endloop
  endfacet
  facet normal -1.305268e-01 -9.914448e-01  -0.000000e+00
    outer loop
      vertex -6.387156e+01 -9.961947e+00  6.400000e+01
      vertex -6.387156e+01 -9.961947e+00  7.400000e+01
      vertex -6.473648e+01 -9.848078e+00  6.400000e+01
    endloop
  endfacet
  facet normal -1.305268e-01 -9.914448e-01  0.000000e+00
    outer loop
      vertex -6.473648e+01 -9.848078e+00  6.400000e+01
      vertex -6.387156e+01 -9.961947e+00  7.400000e+01
      vertex -6.473648e+01 -9.848078e+00  7.400000e+01
    endloop
  endfacet
  facet normal -2.164406e-01 -9.762958e-01  -0.000000e+00
    outer loop
      vertex -6.473648e+01 -9.848078e+00  6.400000e+01
      vertex -6.473648e+01 -9.848078e+00  7.400000e+01
      vertex -6.558819e+01 -9.659258e+00  6.400000e+01
    endloop
  endfacet
  facet normal -2.164406e-01 -9.762958e-01  0.000000e+00
    outer loop
      vertex -6.558819e+01 -9.659258e+00  6.400000e+01
      vertex -6.473648e+01 -9.848078e+00  7.400000e+01
      vertex -6.558819e+01 -9.659258e+00  7.400000e+01
    endloop
  endfacet
  facet normal -3.007041e-01 -9.537175e-01  -0.000000e+00
    outer loop
      vertex -6.558819e+01 -9.659258e+00  6.400000e+01
      vertex -6.558819e+01 -9.659258e+00  7.400000e+01
      vertex -6.642020e+01 -9.396926e+00  6.400000e+01
    endloop
  endfacet
  facet normal -3.007041e-01 -9.537175e-01  0.000000e+00
    outer loop
      vertex -6.642020e+01 -9.396926e+00  6.400000e+01
      vertex -6.558819e+01 -9.659258e+00  7.400000e+01
      vertex -6.642020e+01 -9.396926e+00  7.400000e+01
    endloop
  endfacet
  facet normal -3.826849e-01 -9.238790e-01  -0.000000e+00
    outer loop
      vertex -6.642020e+01 -9.396926e+00  6.400000e+01
      vertex -6.642020e+01 -9.396926e+00  7.400000e+01
      vertex -6.722618e+01 -9.063078e+00  6.400000e+01
    endloop
  endfacet
  facet normal -3.826849e-01 -9.238790e-01  0.000000e+00
    outer loop
      vertex -6.722618e+01 -9.063078e+00  6.400000e+01
      vertex -6.642020e+01 -9.396926e+00  7.400000e+01
      vertex -6.722618e+01 -9.063078e+00  7.400000e+01
    endloop
  endfacet
  facet normal -4.617475e-01 -8.870113e-01  -0.000000e+00
    outer loop
      vertex -6.722618e+01 -9.063078e+00  6.400000e+01
      vertex -6.722618e+01 -9.063078e+00  7.400000e+01
      vertex -6.800000e+01 -8.660254e+00  6.400000e+01
    endloop
  endfacet
  facet normal -4.617475e-01 -8.870113e-01  0.000000e+00
    outer loop
      vertex -6.800000e+01 -8.660254e+00  6.400000e+01
      vertex -6.722618e+01 -9.063078e+00  7.400000e+01
      vertex -6.800000e+01 -8.660254e+00  7.400000e+01
    endloop
  endfacet
  facet normal -5.373002e-01 -8.433911e-01  -0.000000e+00
    outer loop
      vertex -6.800000e+01 -8.660254e+00  6.400000e+01
      vertex -6.800000e+01 -8.660254e+00  7.400000e+01
      vertex -6.873576e+01 -8.191521e+00  6.400000e+01
    endloop
  endfacet
  facet normal -5.373002e-01 -8.433911e-01  0.000000e+00
    outer loop
      vertex -6.873576e+01 -8.191521e+00  6.400000e+01
      vertex -6.800000e+01 -8.660254e+00  7.400000e+01
      vertex -6.873576e+01 -8.191521e+00  7.400000e+01
    endloop
  endfacet
  facet normal -6.087595e-01 -7.933548e-01  -0.000000e+00
    outer loop
      vertex -6.873576e+01 -8.191521e+00  6.400000e+01
      vertex -6.873576e+01 -8.191521e+00  7.400000e+01
      vertex -6.942788e+01 -7.660444e+00  6.400000e+01
    endloop
  endfacet
  facet normal -6.087595e-01 -7.933548e-01  0.000000e+00
    outer loop
      vertex -6.942788e+01 -7.660444e+00  6.400000e+01
      vertex -6.873576e+01 -8.191521e+00  7.400000e+01
      vertex -6.942788e+01 -7.660444e+00  7.400000e+01
    endloop
  endfacet
  facet normal -6.755919e-01 -7.372757e-01  -0.000000e+00
    outer loop
      vertex -6.942788e+01 -7.660444e+00  6.400000e+01
      vertex -6.942788e+01 -7.660444e+00  7.400000e+01
      vertex -7.007107e+01 -7.071068e+00  6.400000e+01
    endloop
  endfacet
  facet normal -6.755919e-01 -7.372757e-01  0.000000e+00
    outer loop
      vertex -7.007107e+01 -7.071068e+00  6.400000e+01
      vertex -6.942788e+01 -7.660444e+00  7.400000e+01
      vertex -7.007107e+01 -7.071068e+00  7.400000e+01
    endloop
  endfacet
  facet normal -7.372763e-01 -6.755912e-01  -0.000000e+00
    outer loop
      vertex -7.007107e+01 -7.071068e+00  6.400000e+01
      vertex -7.007107e+01 -7.071068e+00  7.400000e+01
      vertex -7.066045e+01 -6.427876e+00  6.400000e+01
    endloop
  endfacet
  facet normal -7.372763e-01 -6.755912e-01  0.000000e+00
    outer loop
      vertex -7.066045e+01 -6.427876e+00  6.400000e+01
      vertex -7.007107e+01 -7.071068e+00  7.400000e+01
      vertex -7.066045e+01 -6.427876e+00  7.400000e+01
    endloop
  endfacet
  facet normal -7.933540e-01 -6.087605e-01  -0.000000e+00
    outer loop
      vertex -7.066045e+01 -6.427876e+00  6.400000e+01
      vertex -7.066045e+01 -6.427876e+00  7.400000e+01
      vertex -7.119152e+01 -5.735765e+00  6.400000e+01
    endloop
  endfacet
  facet normal -7.933540e-01 -6.087605e-01  0.000000e+00
    outer loop
      vertex -7.119152e+01 -5.735765e+00  6.400000e+01
      vertex -7.066045e+01 -6.427876e+00  7.400000e+01
      vertex -7.119152e+01 -5.735765e+00  7.400000e+01
    endloop
  endfacet
  facet normal -8.433908e-01 -5.373004e-01  -0.000000e+00
    outer loop
      vertex -7.119152e+01 -5.735765e+00  6.400000e+01
      vertex -7.119152e+01 -5.735765e+00  7.400000e+01
      vertex -7.166026e+01 -5.000000e+00  6.400000e+01
    endloop
  endfacet
  facet normal -8.433908e-01 -5.373004e-01  0.000000e+00
    outer loop
      vertex -7.166026e+01 -5.000000e+00  6.400000e+01
      vertex -7.119152e+01 -5.735765e+00  7.400000e+01
      vertex -7.166026e+01 -5.000000e+00  7.400000e+01
    endloop
  endfacet
  facet normal -8.870106e-01 -4.617490e-01  -0.000000e+00
    outer loop
      vertex -7.166026e+01 -5.000000e+00  6.400000e+01
      vertex -7.166026e+01 -5.000000e+00  7.400000e+01
      vertex -7.206308e+01 -4.226182e+00  6.400000e+01
    endloop
  endfacet
  facet normal -8.870106e-01 -4.617490e-01  0.000000e+00
    outer loop
      vertex -7.206308e+01 -4.226182e+00  6.400000e+01
      vertex -7.166026e+01 -5.000000e+00  7.400000e+01
      vertex -7.206308e+01 -4.226182e+00  7.400000e+01
    endloop
  endfacet
  facet normal -9.238800e-01 -3.826823e-01  -0.000000e+00
    outer loop
      vertex -7.206308e+01 -4.226182e+00  6.400000e+01
      vertex -7.206308e+01 -4.226182e+00  7.400000e+01
      vertex -7.239693e+01 -3.420202e+00  6.400000e+01
    endloop
  endfacet
  facet normal -9.238800e-01 -3.826823e-01  0.000000e+00
    outer loop
      vertex -7.239693e+01 -3.420202e+00  6.400000e+01
      vertex -7.206308e+01 -4.226182e+00  7.400000e+01
      vertex -7.239693e+01 -3.420202e+00  7.400000e+01
    endloop
  endfacet
  facet normal -9.537179e-01 -3.007027e-01  -0.000000e+00
    outer loop
      vertex -7.239693e+01 -3.420202e+00  6.400000e+01
      vertex -7.239693e+01 -3.420202e+00  7.400000e+01
      vertex -7.265926e+01 -2.588191e+00  6.400000e+01
    endloop
  endfacet
  facet normal -9.537179e-01 -3.007027e-01  0.000000e+00
    outer loop
      vertex -7.265926e+01 -2.588191e+00  6.400000e+01
      vertex -7.239693e+01 -3.420202e+00  7.400000e+01
      vertex -7.265926e+01 -2.588191e+00  7.400000e+01
    endloop
  endfacet
  facet normal -9.762959e-01 -2.164403e-01  -0.000000e+00
    outer loop
      vertex -7.265926e+01 -2.588191e+00  6.400000e+01
      vertex -7.265926e+01 -2.588191e+00  7.400000e+01
      vertex -7.284808e+01 -1.736482e+00  6.400000e+01
    endloop
  endfacet
  facet normal -9.762959e-01 -2.164403e-01  0.000000e+00
    outer loop
      vertex -7.284808e+01 -1.736482e+00  6.400000e+01
      vertex -7.265926e+01 -2.588191e+00  7.400000e+01
      vertex -7.284808e+01 -1.736482e+00  7.400000e+01
    endloop
  endfacet
  facet normal -9.914450e-01 -1.305254e-01  -0.000000e+00
    outer loop
      vertex -7.284808e+01 -1.736482e+00  6.400000e+01
      vertex -7.284808e+01 -1.736482e+00  7.400000e+01
      vertex -7.296194e+01 -8.715574e-01  6.400000e+01
    endloop
  endfacet
  facet normal -9.914450e-01 -1.305254e-01  0.000000e+00
    outer loop
      vertex -7.296194e+01 -8.715574e-01  6.400000e+01
      vertex -7.284808e+01 -1.736482e+00  7.400000e+01
      vertex -7.296194e+01 -8.715574e-01  7.400000e+01
    endloop
  endfacet
  facet normal -9.990481e-01 -4.362213e-02  -0.000000e+00
    outer loop
      vertex -7.296194e+01 -8.715574e-01  6.400000e+01
      vertex -7.296194e+01 -8.715574e-01  7.400000e+01
      vertex -7.300000e+01 -4.225650e-15  6.400000e+01
    endloop
  endfacet
  facet normal -9.990481e-01 -4.362213e-02  0.000000e+00
    outer loop
      vertex -7.300000e+01 -4.225650e-15  6.400000e+01
      vertex -7.296194e+01 -8.715574e-01  7.400000e+01
      vertex -7.300000e+01 -4.225650e-15  7.400000e+01
    endloop
  endfacet
  facet normal -1.000000e+00  -0.000000e+00  0.000000e+00
    outer loop
      vertex -4.400000e+01  1.000000e+01  6.900000e+01
      vertex -4.400000e+01  2.000000e+01  6.900000e+01
      vertex -4.400000e+01  1.000000e+01  6.400000e+01
    endloop
  endfacet
  facet normal -1.000000e+00  0.000000e+00  0.000000e+00
    outer loop
      vertex -4.400000e+01  1.000000e+01  6.400000e+01
      vertex -4.400000e+01  2.000000e+01  6.900000e+01
      vertex -4.400000e+01  2.000000e+01  6.400000e+01
    endloop
  endfacet
  facet normal -1.000000e+00  -0.000000e+00  0.000000e+00
    outer loop
      vertex -4.400000e+01 -2.000000e+01  6.900000e+01
      vertex -4.400000e+01 -1.000000e+01  6.900000e+01
      vertex -4.400000e+01 -2.000000e+01  6.400000e+01
    endloop
  endfacet
  facet normal -1.000000e+00  0.000000e+00  0.000000e+00
    outer loop
      vertex -4.400000e+01 -2.000000e+01  6.400000e+01
      vertex -4.400000e+01 -1.000000e+01  6.900000e+01
      vertex -4.400000e+01 -1.000000e+01  6.400000e+01
    endloop
  endfacet
  facet normal  0.000000e+00  0.000000e+00  1.000000e+00
    outer loop
      vertex  4.174194e+01  1.000000e+01  7.400000e+01
      vertex  4.174194e+01 -1.000000e+01  7.400000e+01
      vertex  5.981288e+01  3.852566e+00  7.400000e+01
    endloop
  endfacet
  facet normal  0.000000e+00  -0.000000e+00  1.000000e+00
    outer loop
      vertex  4.174194e+01  1.000000e+01  7.400000e+01
      vertex  5.981288e+01  3.852566e+00  7.400000e+01
      vertex  6.032087e+01  4.221640e+00  7.400000e+01
    endloop
  endfacet
  facet normal  0.000000e+00  -0.000000e+00  1.000000e+00
    outer loop
      vertex  4.174194e+01  1.000000e+01  7.400000e+01
      vertex  6.032087e+01  4.221640e+00  7.400000e+01
      vertex  6.087111e+01  4.524135e+00  7.400000e+01
    endloop
  endfacet
  facet normal  0.000000e+00  -0.000000e+00  9.999999e-01
    outer loop
      vertex  4.174194e+01  1.000000e+01  7.400000e+01
      vertex  6.087111e+01  4.524135e+00  7.400000e+01
      vertex  6.145491e+01  4.755282e+00  7.400000e+01
    endloop
  endfacet
  facet normal  0.000000e+00  -0.000000e+00  1.000000e+00
    outer loop
      vertex  4.174194e+01  1.000000e+01  7.400000e+01
      vertex  6.145491e+01  4.755282e+00  7.400000e+01
      vertex  6.206310e+01  4.911436e+00  7.400000e+01
    endloop
  endfacet
  facet normal  0.000000e+00  -0.000000e+00  1.000000e+00
    outer loop
      vertex  4.174194e+01  1.000000e+01  7.400000e+01
      vertex  6.206310e+01  4.911436e+00  7.400000e+01
      vertex  6.268605e+01  4.990134e+00  7.400000e+01
    endloop
  endfacet
  facet normal  0.000000e+00  -0.000000e+00  1.000000e+00
    outer loop
      vertex  4.174194e+01  1.000000e+01  7.400000e+01
      vertex  6.268605e+01  4.990134e+00  7.400000e+01
      vertex  6.331395e+01  4.990134e+00  7.400000e+01
    endloop
  endfacet
  facet normal  0.000000e+00  0.000000e+00  1.000000e+00
    outer loop
      vertex  4.174194e+01  1.000000e+01  7.400000e+01
      vertex  6.331395e+01  4.990134e+00  7.400000e+01
      vertex  6.300000e+01  1.000000e+01  7.400000e+01
    endloop
  endfacet
  facet normal  0.000000e+00  -0.000000e+00  1.000000e+00
    outer loop
      vertex  4.174194e+01 -1.000000e+01  7.400000e+01
      vertex  6.300000e+01 -1.000000e+01  7.400000e+01
      vertex  6.331395e+01 -4.990134e+00  7.400000e+01
    endloop
  endfacet
  facet normal  0.000000e+00  0.000000e+00  1.000000e+00
    outer loop
      vertex  4.174194e+01 -1.000000e+01  7.400000e+01
      vertex  6.331395e+01 -4.990134e+00  7.400000e+01
      vertex  6.268605e+01 -4.990134e+00  7.400000e+01
    endloop
  endfacet
  facet normal  0.000000e+00  0.000000e+00  1.000000e+00
    outer loop
      vertex  4.174194e+01 -1.000000e+01  7.400000e+01
      vertex  6.268605e+01 -4.990134e+00  7.400000e+01
      vertex  6.206310e+01 -4.911436e+00  7.400000e+01
    endloop
  endfacet
  facet normal  0.000000e+00  0.000000e+00  1.000000e+00
    outer loop
      vertex  4.174194e+01 -1.000000e+01  7.400000e+01
      vertex  6.206310e+01 -4.911436e+00  7.400000e+01
      vertex  6.145491e+01 -4.755282e+00  7.400000e+01
    endloop
  endfacet
  facet normal  0.000000e+00  0.000000e+00  9.999999e-01
    outer loop
      vertex  4.174194e+01 -1.000000e+01  7.400000e+01
      vertex  6.145491e+01 -4.755282e+00  7.400000e+01
      vertex  6.087111e+01 -4.524135e+00  7.400000e+01
    endloop
  endfacet
  facet normal  0.000000e+00  0.000000e+00  1.000000e+00
    outer loop
      vertex  4.174194e+01 -1.000000e+01  7.400000e+01
      vertex  6.087111e+01 -4.524135e+00  7.400000e+01
      vertex  6.032087e+01 -4.221640e+00  7.400000e+01
    endloop
  endfacet
  facet normal  0.000000e+00  0.000000e+00  1.000000e+00
    outer loop
      vertex  4.174194e+01 -1.000000e+01  7.400000e+01
      vertex  6.032087e+01 -4.221640e+00  7.400000e+01
      vertex  5.981288e+01 -3.852566e+00  7.400000e+01
    endloop
  endfacet
  facet normal  0.000000e+00  0.000000e+00  1.000000e+00
    outer loop
      vertex  4.174194e+01 -1.000000e+01  7.400000e+01
      vertex  5.981288e+01 -3.852566e+00  7.400000e+01
      vertex  5.935516e+01 -3.422735e+00  7.400000e+01
    endloop
  endfacet
  facet normal  0.000000e+00  0.000000e+00  1.000000e+00
    outer loop
      vertex  4.174194e+01 -1.000000e+01  7.400000e+01
      vertex  5.935516e+01 -3.422735e+00  7.400000e+01
      vertex  5.895491e+01 -2.938926e+00  7.400000e+01
    endloop
  endfacet
  facet normal  0.000000e+00  0.000000e+00  1.000000e+00
    outer loop
      vertex  4.174194e+01 -1.000000e+01  7.400000e+01
      vertex  5.895491e+01 -2.938926e+00  7.400000e+01
      vertex  5.861847e+01 -2.408768e+00  7.400000e+01
    endloop
  endfacet
  facet normal  0.000000e+00  0.000000e+00  9.999999e-01
    outer loop
      vertex  4.174194e+01 -1.000000e+01  7.400000e+01
      vertex  5.861847e+01 -2.408768e+00  7.400000e+01
      vertex  5.835112e+01 -1.840623e+00  7.400000e+01
    endloop
  endfacet
  facet normal  0.000000e+00  0.000000e+00  1.000000e+00
    outer loop
      vertex  4.174194e+01 -1.000000e+01  7.400000e+01
      vertex  5.835112e+01 -1.840623e+00  7.400000e+01
      vertex  5.815709e+01 -1.243449e+00  7.400000e+01
    endloop
  endfacet
  facet normal  0.000000e+00  0.000000e+00  9.999999e-01
    outer loop
      vertex  4.174194e+01 -1.000000e+01  7.400000e+01
      vertex  5.815709e+01 -1.243449e+00  7.400000e+01
      vertex  5.803942e+01 -6.266662e-01  7.400000e+01
    endloop
  endfacet
  facet normal  0.000000e+00  0.000000e+00  1.000000e+00
    outer loop
      vertex  4.174194e+01 -1.000000e+01  7.400000e+01
      vertex  5.803942e+01 -6.266662e-01  7.400000e+01
      vertex  5.800000e+01 -2.388680e-15  7.400000e+01
    endloop
  endfacet
  facet normal  0.000000e+00  -0.000000e+00  9.999999e-01
    outer loop
      vertex  4.174194e+01 -1.000000e+01  7.400000e+01
      vertex  5.800000e+01 -2.388680e-15  7.400000e+01
      vertex  5.803942e+01  6.266662e-01  7.400000e+01
    endloop
  endfacet
  facet normal  0.000000e+00  -0.000000e+00  1.000000e+00
    outer loop
      vertex  4.174194e+01 -1.000000e+01  7.400000e+01
      vertex  5.803942e+01  6.266662e-01  7.400000e+01
      vertex  5.815709e+01  1.243449e+00  7.400000e+01
    endloop
  endfacet
  facet normal  0.000000e+00  -0.000000e+00  9.999999e-01
    outer loop
      vertex  4.174194e+01 -1.000000e+01  7.400000e+01
      vertex  5.815709e+01  1.243449e+00  7.400000e+01
      vertex  5.835112e+01  1.840623e+00  7.400000e+01
    endloop
  endfacet
  facet normal  0.000000e+00  -0.000000e+00  1.000000e+00
    outer loop
      vertex  4.174194e+01 -1.000000e+01  7.400000e+01
      vertex  5.835112e+01  1.840623e+00  7.400000e+01
      vertex  5.861847e+01  2.408768e+00  7.400000e+01
    endloop
  endfacet
  facet normal  0.000000e+00  -0.000000e+00  1.000000e+00
    outer loop
      vertex  4.174194e+01 -1.000000e+01  7.400000e+01
      vertex  5.861847e+01  2.408768e+00  7.400000e+01
      vertex  5.895491e+01  2.938926e+00  7.400000e+01
    endloop
  endfacet
  facet normal  0.000000e+00  -0.000000e+00  1.000000e+00
    outer loop
      vertex  4.174194e+01 -1.000000e+01  7.400000e+01
      vertex  5.895491e+01  2.938926e+00  7.400000e+01
      vertex  5.935516e+01  3.422735e+00  7.400000e+01
    endloop
  endfacet
  facet normal  0.000000e+00  -0.000000e+00  1.000000e+00
    outer loop
      vertex  4.174194e+01 -1.000000e+01  7.400000e+01
      vertex  5.935516e+01  3.422735e+00  7.400000e+01
      vertex  5.981288e+01  3.852566e+00  7.400000e+01
    endloop
  endfacet
  facet normal  0.000000e+00  0.000000e+00  1.000000e+00
    outer loop
      vertex  6.800000e+01 -8.660254e+00  7.400000e+01
      vertex  6.800000e+01 -1.776357e-15  7.400000e+01
      vertex  6.796057e+01 -6.266662e-01  7.400000e+01
    endloop
  endfacet
  facet normal  0.000000e+00  0.000000e+00  1.000000e+00
    outer loop
      vertex  6.800000e+01 -8.660254e+00  7.400000e+01
      vertex  6.796057e+01 -6.266662e-01  7.400000e+01
      vertex  6.784292e+01 -1.243449e+00  7.400000e+01
    endloop
  endfacet
  facet normal  0.000000e+00  0.000000e+00  1.000000e+00
    outer loop
      vertex  6.800000e+01 -8.660254e+00  7.400000e+01
      vertex  6.784292e+01 -1.243449e+00  7.400000e+01
      vertex  6.764888e+01 -1.840623e+00  7.400000e+01
    endloop
  endfacet
  facet normal  0.000000e+00  0.000000e+00  1.000000e+00
    outer loop
      vertex  6.800000e+01 -8.660254e+00  7.400000e+01
      vertex  6.764888e+01 -1.840623e+00  7.400000e+01
      vertex  6.738153e+01 -2.408768e+00  7.400000e+01
    endloop
  endfacet
  facet normal  0.000000e+00  0.000000e+00  1.000000e+00
    outer loop
      vertex  6.800000e+01 -8.660254e+00  7.400000e+01
      vertex  6.738153e+01 -2.408768e+00  7.400000e+01
      vertex  6.722618e+01 -9.063078e+00  7.400000e+01
    endloop
  endfacet
  facet normal  0.000000e+00  0.000000e+00  1.000000e+00
    outer loop
      vertex  7.300000e+01 -5.517100e-16  7.400000e+01
      vertex  7.296194e+01  8.715574e-01  7.400000e+01
      vertex  7.284808e+01  1.736482e+00  7.400000e+01
    endloop
  endfacet
  facet normal  0.000000e+00  0.000000e+00  1.000000e+00
    outer loop
      vertex  7.300000e+01 -5.517100e-16  7.400000e+01
      vertex  7.284808e+01  1.736482e+00  7.400000e+01
      vertex  7.265926e+01  2.588191e+00  7.400000e+01
    endloop
  endfacet
  facet normal  0.000000e+00  0.000000e+00  1.000000e+00
    outer loop
      vertex  7.300000e+01 -5.517100e-16  7.400000e+01
      vertex  7.265926e+01  2.588191e+00  7.400000e+01
      vertex  7.239693e+01  3.420202e+00  7.400000e+01
    endloop
  endfacet
  facet normal  0.000000e+00  0.000000e+00  1.000000e+00
    outer loop
      vertex  7.300000e+01 -5.517100e-16  7.400000e+01
      vertex  7.239693e+01  3.420202e+00  7.400000e+01
      vertex  7.206308e+01  4.226182e+00  7.400000e+01
    endloop
  endfacet
  facet normal  0.000000e+00  0.000000e+00  1.000000e+00
    outer loop
      vertex  7.300000e+01 -5.517100e-16  7.400000e+01
      vertex  7.206308e+01  4.226182e+00  7.400000e+01
      vertex  7.166026e+01  5.000000e+00  7.400000e+01
    endloop
  endfacet
  facet normal  0.000000e+00  0.000000e+00  1.000000e+00
    outer loop
      vertex  7.300000e+01 -5.517100e-16  7.400000e+01
      vertex  7.166026e+01  5.000000e+00  7.400000e+01
      vertex  7.119152e+01  5.735765e+00  7.400000e+01
    endloop
  endfacet
  facet normal  0.000000e+00  0.000000e+00  9.999999e-01
    outer loop
      vertex  7.300000e+01 -5.517100e-16  7.400000e+01
      vertex  7.119152e+01  5.735765e+00  7.400000e+01
      vertex  7.066045e+01  6.427876e+00  7.400000e+01
    endloop
  endfacet
  facet normal  0.000000e+00  0.000000e+00  1.000000e+00
    outer loop
      vertex  7.300000e+01 -5.517100e-16  7.400000e+01
      vertex  7.066045e+01  6.427876e+00  7.400000e+01
      vertex  7.007107e+01  7.071068e+00  7.400000e+01
    endloop
  endfacet
  facet normal  0.000000e+00  0.000000e+00  1.000000e+00
    outer loop
      vertex  7.300000e+01 -5.517100e-16  7.400000e+01
      vertex  7.007107e+01  7.071068e+00  7.400000e+01
      vertex  6.942788e+01  7.660444e+00  7.400000e+01
    endloop
  endfacet
  facet normal  0.000000e+00  0.000000e+00  1.000000e+00
    outer loop
      vertex  7.300000e+01 -5.517100e-16  7.400000e+01
      vertex  6.942788e+01  7.660444e+00  7.400000e+01
      vertex  6.873576e+01  8.191521e+00  7.400000e+01
    endloop
  endfacet
  facet normal  0.000000e+00  0.000000e+00  1.000000e+00
    outer loop
      vertex  7.300000e+01 -5.517100e-16  7.400000e+01
      vertex  6.873576e+01  8.191521e+00  7.400000e+01
      vertex  6.800000e+01  8.660254e+00  7.400000e+01
    endloop
  endfacet
  facet normal  0.000000e+00  0.000000e+00  1.000000e+00
    outer loop
      vertex  7.300000e+01 -5.517100e-16  7.400000e+01
      vertex  6.800000e+01  8.660254e+00  7.400000e+01
      vertex  6.800000e+01 -1.776357e-15  7.400000e+01
    endloop
  endfacet
  facet normal  -0.000000e+00  0.000000e+00  1.000000e+00
    outer loop
      vertex  7.300000e+01 -5.517100e-16  7.400000e+01
      vertex  6.800000e+01 -1.776357e-15  7.400000e+01
      vertex  6.800000e+01 -8.660254e+00  7.400000e+01
    endloop
  endfacet
  facet normal  0.000000e+00  0.000000e+00  1.000000e+00
    outer loop
      vertex  7.300000e+01 -5.517100e-16  7.400000e+01
      vertex  6.800000e+01 -8.660254e+00  7.400000e+01
      vertex  6.873576e+01 -8.191521e+00  7.400000e+01
    endloop
  endfacet
  facet normal  0.000000e+00  0.000000e+00  1.000000e+00
    outer loop
      vertex  7.300000e+01 -5.517100e-16  7.400000e+01
      vertex  6.873576e+01 -8.191521e+00  7.400000e+01
      vertex  6.942788e+01 -7.660444e+00  7.400000e+01
    endloop
  endfacet
  facet normal  0.000000e+00  0.000000e+00  1.000000e+00
    outer loop
      vertex  7.300000e+01 -5.517100e-16  7.400000e+01
      vertex  6.942788e+01 -7.660444e+00  7.400000e+01
      vertex  7.007107e+01 -7.071068e+00  7.400000e+01
    endloop
  endfacet
  facet normal  0.000000e+00  0.000000e+00  1.000000e+00
    outer loop
      vertex  7.300000e+01 -5.517100e-16  7.400000e+01
      vertex  7.007107e+01 -7.071068e+00  7.400000e+01
      vertex  7.066045e+01 -6.427876e+00  7.400000e+01
    endloop
  endfacet
  facet normal  0.000000e+00  0.000000e+00  9.999999e-01
    outer loop
      vertex  7.300000e+01 -5.517100e-16  7.400000e+01
      vertex  7.066045e+01 -6.427876e+00  7.400000e+01
      vertex  7.119152e+01 -5.735765e+00  7.400000e+01
    endloop
  endfacet
  facet normal  0.000000e+00  0.000000e+00  1.000000e+00
    outer loop
      vertex  7.300000e+01 -5.517100e-16  7.400000e+01
      vertex  7.119152e+01 -5.735765e+00  7.400000e+01
      vertex  7.166026e+01 -5.000000e+00  7.400000e+01
    endloop
  endfacet
  facet normal  0.000000e+00  0.000000e+00  1.000000e+00
    outer loop
      vertex  7.300000e+01 -5.517100e-16  7.400000e+01
      vertex  7.166026e+01 -5.000000e+00  7.400000e+01
      vertex  7.206308e+01 -4.226182e+00  7.400000e+01
    endloop
  endfacet
  facet normal  0.000000e+00  0.000000e+00  1.000000e+00
    outer loop
      vertex  7.300000e+01 -5.517100e-16  7.400000e+01
      vertex  7.206308e+01 -4.226182e+00  7.400000e+01
      vertex  7.239693e+01 -3.420202e+00  7.400000e+01
    endloop
  endfacet
  facet normal  0.000000e+00  0.000000e+00  1.000000e+00
    outer loop
      vertex  7.300000e+01 -5.517100e-16  7.400000e+01
      vertex  7.239693e+01 -3.420202e+00  7.400000e+01
      vertex  7.265926e+01 -2.588191e+00  7.400000e+01
    endloop
  endfacet
  facet normal  0.000000e+00  0.000000e+00  1.000000e+00
    outer loop
      vertex  7.300000e+01 -5.517100e-16  7.400000e+01
      vertex  7.265926e+01 -2.588191e+00  7.400000e+01
      vertex  7.284808e+01 -1.736482e+00  7.400000e+01
    endloop
  endfacet
  facet normal  0.000000e+00  0.000000e+00  1.000000e+00
    outer loop
      vertex  7.300000e+01 -5.517100e-16  7.400000e+01
      vertex  7.284808e+01 -1.736482e+00  7.400000e+01
      vertex  7.296194e+01 -8.715574e-01  7.400000e+01
    endloop
  endfacet
  facet normal  0.000000e+00  0.000000e+00  1.000000e+00
    outer loop
      vertex  6.800000e+01  8.660254e+00  7.400000e+01
      vertex  6.722618e+01  9.063078e+00  7.400000e+01
      vertex  6.738153e+01  2.408768e+00  7.400000e+01
    endloop
  endfacet
  facet normal  -0.000000e+00  0.000000e+00  1.000000e+00
    outer loop
      vertex  6.800000e+01  8.660254e+00  7.400000e+01
      vertex  6.738153e+01  2.408768e+00  7.400000e+01
      vertex  6.764888e+01  1.840623e+00  7.400000e+01
    endloop
  endfacet
  facet normal  -0.000000e+00  0.000000e+00  1.000000e+00
    outer loop
      vertex  6.800000e+01  8.660254e+00  7.400000e+01
      vertex  6.764888e+01  1.840623e+00  7.400000e+01
      vertex  6.784292e+01  1.243449e+00  7.400000e+01
    endloop
  endfacet
  facet normal  -0.000000e+00  0.000000e+00  1.000000e+00
    outer loop
      vertex  6.800000e+01  8.660254e+00  7.400000e+01
      vertex  6.784292e+01  1.243449e+00  7.400000e+01
      vertex  6.796057e+01  6.266662e-01  7.400000e+01
    endloop
  endfacet
  facet normal  -0.000000e+00  0.000000e+00  1.000000e+00
    outer loop
      vertex  6.800000e+01  8.660254e+00  7.400000e+01
      vertex  6.796057e+01  6.266662e-01  7.400000e+01
      vertex  6.800000e+01 -1.776357e-15  7.400000e+01
    endloop
  endfacet
  facet normal  -0.000000e+00  0.000000e+00  9.999999e-01
    outer loop
      vertex  6.567913e+01 -4.221640e+00  7.400000e+01
      vertex  6.512890e+01 -4.524135e+00  7.400000e+01
      vertex  6.558819e+01 -9.659258e+00  7.400000e+01
    endloop
  endfacet
  facet normal  0.000000e+00  0.000000e+00  1.000000e+00
    outer loop
      vertex  6.558819e+01 -9.659258e+00  7.400000e+01
      vertex  6.512890e+01 -4.524135e+00  7.400000e+01
      vertex  6.454508e+01 -4.755282e+00  7.400000e+01
    endloop
  endfacet
  facet normal  0.000000e+00  0.000000e+00  1.000000e+00
    outer loop
      vertex  6.558819e+01 -9.659258e+00  7.400000e+01
      vertex  6.454508e+01 -4.755282e+00  7.400000e+01
      vertex  6.473648e+01 -9.848078e+00  7.400000e+01
    endloop
  endfacet
  facet normal  0.000000e+00  0.000000e+00  1.000000e+00
    outer loop
      vertex  6.473648e+01 -9.848078e+00  7.400000e+01
      vertex  6.454508e+01 -4.755282e+00  7.400000e+01
      vertex  6.393690e+01 -4.911436e+00  7.400000e+01
    endloop
  endfacet
  facet normal  0.000000e+00  0.000000e+00  1.000000e+00
    outer loop
      vertex  6.473648e+01 -9.848078e+00  7.400000e+01
      vertex  6.393690e+01 -4.911436e+00  7.400000e+01
      vertex  6.387156e+01 -9.961947e+00  7.400000e+01
    endloop
  endfacet
  facet normal  0.000000e+00  -0.000000e+00  1.000000e+00
    outer loop
      vertex  6.387156e+01 -9.961947e+00  7.400000e+01
      vertex  6.393690e+01 -4.911436e+00  7.400000e+01
      vertex  6.331395e+01 -4.990134e+00  7.400000e+01
    endloop
  endfacet
  facet normal  0.000000e+00  0.000000e+00  1.000000e+00
    outer loop
      vertex  6.387156e+01 -9.961947e+00  7.400000e+01
      vertex  6.331395e+01 -4.990134e+00  7.400000e+01
      vertex  6.300000e+01 -1.000000e+01  7.400000e+01
    endloop
  endfacet
  facet normal  -0.000000e+00  0.000000e+00  9.999999e-01
    outer loop
      vertex  6.664484e+01 -3.422735e+00  7.400000e+01
      vertex  6.618712e+01 -3.852566e+00  7.400000e+01
      vertex  6.642020e+01 -9.396926e+00  7.400000e+01
    endloop
  endfacet
  facet normal  0.000000e+00  0.000000e+00  1.000000e+00
    outer loop
      vertex  6.642020e+01 -9.396926e+00  7.400000e+01
      vertex  6.618712e+01 -3.852566e+00  7.400000e+01
      vertex  6.567913e+01 -4.221640e+00  7.400000e+01
    endloop
  endfacet
  facet normal  0.000000e+00  0.000000e+00  1.000000e+00
    outer loop
      vertex  6.642020e+01 -9.396926e+00  7.400000e+01
      vertex  6.567913e+01 -4.221640e+00  7.400000e+01
      vertex  6.558819e+01 -9.659258e+00  7.400000e+01
    endloop
  endfacet
  facet normal  -0.000000e+00  0.000000e+00  1.000000e+00
    outer loop
      vertex  6.738153e+01 -2.408768e+00  7.400000e+01
      vertex  6.704508e+01 -2.938926e+00  7.400000e+01
      vertex  6.722618e+01 -9.063078e+00  7.400000e+01
    endloop
  endfacet
  facet normal  0.000000e+00  0.000000e+00  1.000000e+00
    outer loop
      vertex  6.722618e+01 -9.063078e+00  7.400000e+01
      vertex  6.704508e+01 -2.938926e+00  7.400000e+01
      vertex  6.664484e+01 -3.422735e+00  7.400000e+01
    endloop
  endfacet
  facet normal  0.000000e+00  0.000000e+00  1.000000e+00
    outer loop
      vertex  6.722618e+01 -9.063078e+00  7.400000e+01
      vertex  6.664484e+01 -3.422735e+00  7.400000e+01
      vertex  6.642020e+01 -9.396926e+00  7.400000e+01
    endloop
  endfacet
  facet normal  0.000000e+00  0.000000e+00  9.999999e-01
    outer loop
      vertex  6.567913e+01  4.221640e+00  7.400000e+01
      vertex  6.558819e+01  9.659258e+00  7.400000e+01
      vertex  6.512890e+01  4.524135e+00  7.400000e+01
    endloop
  endfacet
  facet normal  0.000000e+00  -0.000000e+00  1.000000e+00
    outer loop
      vertex  6.512890e+01  4.524135e+00  7.400000e+01
      vertex  6.558819e+01  9.659258e+00  7.400000e+01
      vertex  6.473648e+01  9.848078e+00  7.400000e+01
    endloop
  endfacet
  facet normal  0.000000e+00  0.000000e+00  9.999999e-01
    outer loop
      vertex  6.512890e+01  4.524135e+00  7.400000e+01
      vertex  6.473648e+01  9.848078e+00  7.400000e+01
      vertex  6.454508e+01  4.755282e+00  7.400000e+01
    endloop
  endfacet
  facet normal  0.000000e+00  -0.000000e+00  1.000000e+00
    outer loop
      vertex  6.454508e+01  4.755282e+00  7.400000e+01
      vertex  6.473648e+01  9.848078e+00  7.400000e+01
      vertex  6.387156e+01  9.961947e+00  7.400000e+01
    endloop
  endfacet
  facet normal  0.000000e+00  0.000000e+00  9.999999e-01
    outer loop
      vertex  6.454508e+01  4.755282e+00  7.400000e+01
      vertex  6.387156e+01  9.961947e+00  7.400000e+01
      vertex  6.393690e+01  4.911436e+00  7.400000e+01
    endloop
  endfacet
  facet normal  0.000000e+00  0.000000e+00  1.000000e+00
    outer loop
      vertex  6.393690e+01  4.911436e+00  7.400000e+01
      vertex  6.387156e+01  9.961947e+00  7.400000e+01
      vertex  6.300000e+01  1.000000e+01  7.400000e+01
    endloop
  endfacet
  facet normal  0.000000e+00  0.000000e+00  1.000000e+00
    outer loop
      vertex  6.393690e+01  4.911436e+00  7.400000e+01
      vertex  6.300000e+01  1.000000e+01  7.400000e+01
      vertex  6.331395e+01  4.990134e+00  7.400000e+01
    endloop
  endfacet
  facet normal  0.000000e+00  0.000000e+00  1.000000e+00
    outer loop
      vertex  6.664484e+01  3.422735e+00  7.400000e+01
      vertex  6.642020e+01  9.396926e+00  7.400000e+01
      vertex  6.618712e+01  3.852566e+00  7.400000e+01
    endloop
  endfacet
  facet normal  0.000000e+00  -0.000000e+00  1.000000e+00
    outer loop
      vertex  6.618712e+01  3.852566e+00  7.400000e+01
      vertex  6.642020e+01  9.396926e+00  7.400000e+01
      vertex  6.558819e+01  9.659258e+00  7.400000e+01
    endloop
  endfacet
  facet normal  0.000000e+00  0.000000e+00  1.000000e+00
    outer loop
      vertex  6.618712e+01  3.852566e+00  7.400000e+01
      vertex  6.558819e+01  9.659258e+00  7.400000e+01
      vertex  6.567913e+01  4.221640e+00  7.400000e+01
    endloop
  endfacet
  facet normal  0.000000e+00  0.000000e+00  1.000000e+00
    outer loop
      vertex  6.738153e+01  2.408768e+00  7.400000e+01
      vertex  6.722618e+01  9.063078e+00  7.400000e+01
      vertex  6.704508e+01  2.938926e+00  7.400000e+01
    endloop
  endfacet
  facet normal  0.000000e+00  -0.000000e+00  1.000000e+00
    outer loop
      vertex  6.704508e+01  2.938926e+00  7.400000e+01
      vertex  6.722618e+01  9.063078e+00  7.400000e+01
      vertex  6.642020e+01  9.396926e+00  7.400000e+01
    endloop
  endfacet
  facet normal  0.000000e+00  0.000000e+00  1.000000e+00
    outer loop
      vertex  6.704508e+01  2.938926e+00  7.400000e+01
      vertex  6.642020e+01  9.396926e+00  7.400000e+01
      vertex  6.664484e+01  3.422735e+00  7.400000e+01
    endloop
  endfacet
  facet normal  0.000000e+00  0.000000e+00 -1.000000e+00
    outer loop
      vertex  4.400000e+01 -1.000000e+01  6.400000e+01
      vertex  4.400000e+01 -2.000000e+01  6.400000e+01
      vertex  3.800000e+01 -2.000000e+01  6.400000e+01
    endloop
  endfacet
  facet normal  0.000000e+00  0.000000e+00 -1.000000e+00
    outer loop
      vertex  4.400000e+01 -1.000000e+01  6.400000e+01
      vertex  3.800000e+01 -2.000000e+01  6.400000e+01
      vertex  4.400000e+01  1.000000e+01  6.400000e+01
    endloop
  endfacet
  facet normal  0.000000e+00  0.000000e+00 -1.000000e+00
    outer loop
      vertex  4.400000e+01 -1.000000e+01  6.400000e+01
      vertex  4.400000e+01  1.000000e+01  6.400000e+01
      vertex  5.800000e+01 -2.388680e-15  6.400000e+01
    endloop
  endfacet
  facet normal  0.000000e+00  -0.000000e+00 -1.000000e+00
    outer loop
      vertex  4.400000e+01 -1.000000e+01  6.400000e+01
      vertex  5.800000e+01 -2.388680e-15  6.400000e+01
      vertex  5.803942e+01 -6.266662e-01  6.400000e+01
    endloop
  endfacet
  facet normal  0.000000e+00  -0.000000e+00 -1.000000e+00
    outer loop
      vertex  4.400000e+01 -1.000000e+01  6.400000e+01
      vertex  5.803942e+01 -6.266662e-01  6.400000e+01
      vertex  5.815709e+01 -1.243449e+00  6.400000e+01
    endloop
  endfacet
  facet normal  0.000000e+00  -0.000000e+00 -1.000000e+00
    outer loop
      vertex  4.400000e+01 -1.000000e+01  6.400000e+01
      vertex  5.815709e+01 -1.243449e+00  6.400000e+01
      vertex  5.835112e+01 -1.840623e+00  6.400000e+01
    endloop
  endfacet
  facet normal  0.000000e+00  -0.000000e+00 -1.000000e+00
    outer loop
      vertex  4.400000e+01 -1.000000e+01  6.400000e+01
      vertex  5.835112e+01 -1.840623e+00  6.400000e+01
      vertex  5.861847e+01 -2.408768e+00  6.400000e+01
    endloop
  endfacet
  facet normal  0.000000e+00  -0.000000e+00 -1.000000e+00
    outer loop
      vertex  4.400000e+01 -1.000000e+01  6.400000e+01
      vertex  5.861847e+01 -2.408768e+00  6.400000e+01
      vertex  5.895491e+01 -2.938926e+00  6.400000e+01
    endloop
  endfacet
  facet normal  0.000000e+00  -0.000000e+00 -1.000000e+00
    outer loop
      vertex  4.400000e+01 -1.000000e+01  6.400000e+01
      vertex  5.895491e+01 -2.938926e+00  6.400000e+01
      vertex  5.935516e+01 -3.422735e+00  6.400000e+01
    endloop
  endfacet
  facet normal  0.000000e+00  -0.000000e+00 -1.000000e+00
    outer loop
      vertex  4.400000e+01 -1.000000e+01  6.400000e+01
      vertex  5.935516e+01 -3.422735e+00  6.400000e+01
      vertex  5.981288e+01 -3.852566e+00  6.400000e+01
    endloop
  endfacet
  facet normal  0.000000e+00  -0.000000e+00 -1.000000e+00
    outer loop
      vertex  4.400000e+01 -1.000000e+01  6.400000e+01
      vertex  5.981288e+01 -3.852566e+00  6.400000e+01
      vertex  6.032087e+01 -4.221640e+00  6.400000e+01
    endloop
  endfacet
  facet normal  0.000000e+00  -0.000000e+00 -1.000000e+00
    outer loop
      vertex  4.400000e+01 -1.000000e+01  6.400000e+01
      vertex  6.032087e+01 -4.221640e+00  6.400000e+01
      vertex  6.087111e+01 -4.524135e+00  6.400000e+01
    endloop
  endfacet
  facet normal  0.000000e+00  -0.000000e+00 -9.999999e-01
    outer loop
      vertex  4.400000e+01 -1.000000e+01  6.400000e+01
      vertex  6.087111e+01 -4.524135e+00  6.400000e+01
      vertex  6.145491e+01 -4.755282e+00  6.400000e+01
    endloop
  endfacet
  facet normal  0.000000e+00  -0.000000e+00 -1.000000e+00
    outer loop
      vertex  4.400000e+01 -1.000000e+01  6.400000e+01
      vertex  6.145491e+01 -4.755282e+00  6.400000e+01
      vertex  6.206310e+01 -4.911436e+00  6.400000e+01
    endloop
  endfacet
  facet normal  0.000000e+00  -0.000000e+00 -1.000000e+00
    outer loop
      vertex  4.400000e+01 -1.000000e+01  6.400000e+01
      vertex  6.206310e+01 -4.911436e+00  6.400000e+01
      vertex  6.268605e+01 -4.990134e+00  6.400000e+01
    endloop
  endfacet
  facet normal  0.000000e+00  -0.000000e+00 -1.000000e+00
    outer loop
      vertex  4.400000e+01 -1.000000e+01  6.400000e+01
      vertex  6.268605e+01 -4.990134e+00  6.400000e+01
      vertex  6.331395e+01 -4.990134e+00  6.400000e+01
    endloop
  endfacet
  facet normal  0.000000e+00  0.000000e+00 -1.000000e+00
    outer loop
      vertex  4.400000e+01 -1.000000e+01  6.400000e+01
      vertex  6.331395e+01 -4.990134e+00  6.400000e+01
      vertex  6.300000e+01 -1.000000e+01  6.400000e+01
    endloop
  endfacet
  facet normal  0.000000e+00  0.000000e+00 -1.000000e+00
    outer loop
      vertex  6.800000e+01 -8.660254e+00  6.400000e+01
      vertex  6.722618e+01 -9.063078e+00  6.400000e+01
      vertex  6.738153e+01 -2.408768e+00  6.400000e+01
    endloop
  endfacet
  facet normal  0.000000e+00  0.000000e+00 -1.000000e+00
    outer loop
      vertex  6.800000e+01 -8.660254e+00  6.400000e+01
      vertex  6.738153e+01 -2.408768e+00  6.400000e+01
      vertex  6.764888e+01 -1.840623e+00  6.400000e+01
    endloop
  endfacet
  facet normal  0.000000e+00  0.000000e+00 -1.000000e+00
    outer loop
      vertex  6.800000e+01 -8.660254e+00  6.400000e+01
      vertex  6.764888e+01 -1.840623e+00  6.400000e+01
      vertex  6.784292e+01 -1.243449e+00  6.400000e+01
    endloop
  endfacet
  facet normal  0.000000e+00  0.000000e+00 -1.000000e+00
    outer loop
      vertex  6.800000e+01 -8.660254e+00  6.400000e+01
      vertex  6.784292e+01 -1.243449e+00  6.400000e+01
      vertex  6.796057e+01 -6.266662e-01  6.400000e+01
    endloop
  endfacet
  facet normal  0.000000e+00  0.000000e+00 -1.000000e+00
    outer loop
      vertex  6.800000e+01 -8.660254e+00  6.400000e+01
      vertex  6.796057e+01 -6.266662e-01  6.400000e+01
      vertex  6.800000e+01 -1.776357e-15  6.400000e+01
    endloop
  endfacet
  facet normal  -0.000000e+00  0.000000e+00 -1.000000e+00
    outer loop
      vertex  7.300000e+01 -5.517100e-16  6.400000e+01
      vertex  7.296194e+01 -8.715574e-01  6.400000e+01
      vertex  7.284808e+01 -1.736482e+00  6.400000e+01
    endloop
  endfacet
  facet normal  -0.000000e+00  0.000000e+00 -1.000000e+00
    outer loop
      vertex  7.300000e+01 -5.517100e-16  6.400000e+01
      vertex  7.284808e+01 -1.736482e+00  6.400000e+01
      vertex  7.265926e+01 -2.588191e+00  6.400000e+01
    endloop
  endfacet
  facet normal  -0.000000e+00  0.000000e+00 -1.000000e+00
    outer loop
      vertex  7.300000e+01 -5.517100e-16  6.400000e+01
      vertex  7.265926e+01 -2.588191e+00  6.400000e+01
      vertex  7.239693e+01 -3.420202e+00  6.400000e+01
    endloop
  endfacet
  facet normal  -0.000000e+00  0.000000e+00 -1.000000e+00
    outer loop
      vertex  7.300000e+01 -5.517100e-16  6.400000e+01
      vertex  7.239693e+01 -3.420202e+00  6.400000e+01
      vertex  7.206308e+01 -4.226182e+00  6.400000e+01
    endloop
  endfacet
  facet normal  -0.000000e+00  0.000000e+00 -1.000000e+00
    outer loop
      vertex  7.300000e+01 -5.517100e-16  6.400000e+01
      vertex  7.206308e+01 -4.226182e+00  6.400000e+01
      vertex  7.166026e+01 -5.000000e+00  6.400000e+01
    endloop
  endfacet
  facet normal  -0.000000e+00  0.000000e+00 -1.000000e+00
    outer loop
      vertex  7.300000e+01 -5.517100e-16  6.400000e+01
      vertex  7.166026e+01 -5.000000e+00  6.400000e+01
      vertex  7.119152e+01 -5.735765e+00  6.400000e+01
    endloop
  endfacet
  facet normal  -0.000000e+00  0.000000e+00 -9.999999e-01
    outer loop
      vertex  7.300000e+01 -5.517100e-16  6.400000e+01
      vertex  7.119152e+01 -5.735765e+00  6.400000e+01
      vertex  7.066045e+01 -6.427876e+00  6.400000e+01
    endloop
  endfacet
  facet normal  -0.000000e+00  0.000000e+00 -1.000000e+00
    outer loop
      vertex  7.300000e+01 -5.517100e-16  6.400000e+01
      vertex  7.066045e+01 -6.427876e+00  6.400000e+01
      vertex  7.007107e+01 -7.071068e+00  6.400000e+01
    endloop
  endfacet
  facet normal  -0.000000e+00  0.000000e+00 -1.000000e+00
    outer loop
      vertex  7.300000e+01 -5.517100e-16  6.400000e+01
      vertex  7.007107e+01 -7.071068e+00  6.400000e+01
      vertex  6.942788e+01 -7.660444e+00  6.400000e+01
    endloop
  endfacet
  facet normal  -0.000000e+00  0.000000e+00 -1.000000e+00
    outer loop
      vertex  7.300000e+01 -5.517100e-16  6.400000e+01
      vertex  6.942788e+01 -7.660444e+00  6.400000e+01
      vertex  6.873576e+01 -8.191521e+00  6.400000e+01
    endloop
  endfacet
  facet normal  -0.000000e+00  0.000000e+00 -1.000000e+00
    outer loop
      vertex  7.300000e+01 -5.517100e-16  6.400000e+01
      vertex  6.873576e+01 -8.191521e+00  6.400000e+01
      vertex  6.800000e+01 -8.660254e+00  6.400000e+01
    endloop
  endfacet
  facet normal  0.000000e+00  0.000000e+00 -1.000000e+00
    outer loop
      vertex  7.300000e+01 -5.517100e-16  6.400000e+01
      vertex  6.800000e+01 -8.660254e+00  6.400000e+01
      vertex  6.800000e+01 -1.776357e-15  6.400000e+01
    endloop
  endfacet
  facet normal  0.000000e+00  0.000000e+00 -1.000000e+00
    outer loop
      vertex  7.300000e+01 -5.517100e-16  6.400000e+01
      vertex  6.800000e+01 -1.776357e-15  6.400000e+01
      vertex  6.800000e+01  8.660254e+00  6.400000e+01
    endloop
  endfacet
  facet normal  0.000000e+00  0.000000e+00 -1.000000e+00
    outer loop
      vertex  7.300000e+01 -5.517100e-16  6.400000e+01
      vertex  6.800000e+01  8.660254e+00  6.400000e+01
      vertex  6.873576e+01  8.191521e+00  6.400000e+01
    endloop
  endfacet
  facet normal  0.000000e+00  0.000000e+00 -1.000000e+00
    outer loop
      vertex  7.300000e+01 -5.517100e-16  6.400000e+01
      vertex  6.873576e+01  8.191521e+00  6.400000e+01
      vertex  6.942788e+01  7.660444e+00  6.400000e+01
    endloop
  endfacet
  facet normal  0.000000e+00  0.000000e+00 -1.000000e+00
    outer loop
      vertex  7.300000e+01 -5.517100e-16  6.400000e+01
      vertex  6.942788e+01  7.660444e+00  6.400000e+01
      vertex  7.007107e+01  7.071068e+00  6.400000e+01
    endloop
  endfacet
  facet normal  0.000000e+00  0.000000e+00 -1.000000e+00
    outer loop
      vertex  7.300000e+01 -5.517100e-16  6.400000e+01
      vertex  7.007107e+01  7.071068e+00  6.400000e+01
      vertex  7.066045e+01  6.427876e+00  6.400000e+01
    endloop
  endfacet
  facet normal  0.000000e+00  0.000000e+00 -9.999999e-01
    outer loop
      vertex  7.300000e+01 -5.517100e-16  6.400000e+01
      vertex  7.066045e+01  6.427876e+00  6.400000e+01
      vertex  7.119152e+01  5.735765e+00  6.400000e+01
    endloop
  endfacet
  facet normal  0.000000e+00  0.000000e+00 -1.000000e+00
    outer loop
      vertex  7.300000e+01 -5.517100e-16  6.400000e+01
      vertex  7.119152e+01  5.735765e+00  6.400000e+01
      vertex  7.166026e+01  5.000000e+00  6.400000e+01
    endloop
  endfacet
  facet normal  0.000000e+00  0.000000e+00 -1.000000e+00
    outer loop
      vertex  7.300000e+01 -5.517100e-16  6.400000e+01
      vertex  7.166026e+01  5.000000e+00  6.400000e+01
      vertex  7.206308e+01  4.226182e+00  6.400000e+01
    endloop
  endfacet
  facet normal  0.000000e+00  0.000000e+00 -1.000000e+00
    outer loop
      vertex  7.300000e+01 -5.517100e-16  6.400000e+01
      vertex  7.206308e+01  4.226182e+00  6.400000e+01
      vertex  7.239693e+01  3.420202e+00  6.400000e+01
    endloop
  endfacet
  facet normal  0.000000e+00  0.000000e+00 -1.000000e+00
    outer loop
      vertex  7.300000e+01 -5.517100e-16  6.400000e+01
      vertex  7.239693e+01  3.420202e+00  6.400000e+01
      vertex  7.265926e+01  2.588191e+00  6.400000e+01
    endloop
  endfacet
  facet normal  0.000000e+00  0.000000e+00 -1.000000e+00
    outer loop
      vertex  7.300000e+01 -5.517100e-16  6.400000e+01
      vertex  7.265926e+01  2.588191e+00  6.400000e+01
      vertex  7.284808e+01  1.736482e+00  6.400000e+01
    endloop
  endfacet
  facet normal  0.000000e+00  0.000000e+00 -1.000000e+00
    outer loop
      vertex  7.300000e+01 -5.517100e-16  6.400000e+01
      vertex  7.284808e+01  1.736482e+00  6.400000e+01
      vertex  7.296194e+01  8.715574e-01  6.400000e+01
    endloop
  endfacet
  facet normal  -0.000000e+00  -0.000000e+00 -1.000000e+00
    outer loop
      vertex  4.400000e+01  1.000000e+01  6.400000e+01
      vertex  6.300000e+01  1.000000e+01  6.400000e+01
      vertex  6.331395e+01  4.990134e+00  6.400000e+01
    endloop
  endfacet
  facet normal  0.000000e+00  0.000000e+00 -1.000000e+00
    outer loop
      vertex  4.400000e+01  1.000000e+01  6.400000e+01
      vertex  6.331395e+01  4.990134e+00  6.400000e+01
      vertex  6.268605e+01  4.990134e+00  6.400000e+01
    endloop
  endfacet
  facet normal  -0.000000e+00  0.000000e+00 -1.000000e+00
    outer loop
      vertex  4.400000e+01  1.000000e+01  6.400000e+01
      vertex  6.268605e+01  4.990134e+00  6.400000e+01
      vertex  6.206310e+01  4.911436e+00  6.400000e+01
    endloop
  endfacet
  facet normal  -0.000000e+00  0.000000e+00 -1.000000e+00
    outer loop
      vertex  4.400000e+01  1.000000e+01  6.400000e+01
      vertex  6.206310e+01  4.911436e+00  6.400000e+01
      vertex  6.145491e+01  4.755282e+00  6.400000e+01
    endloop
  endfacet
  facet normal  -0.000000e+00  0.000000e+00 -9.999999e-01
    outer loop
      vertex  4.400000e+01  1.000000e+01  6.400000e+01
      vertex  6.145491e+01  4.755282e+00  6.400000e+01
      vertex  6.087111e+01  4.524135e+00  6.400000e+01
    endloop
  endfacet
  facet normal  -0.000000e+00  0.000000e+00 -1.000000e+00
    outer loop
      vertex  4.400000e+01  1.000000e+01  6.400000e+01
      vertex  6.087111e+01  4.524135e+00  6.400000e+01
      vertex  6.032087e+01  4.221640e+00  6.400000e+01
    endloop
  endfacet
  facet normal  -0.000000e+00  0.000000e+00 -1.000000e+00
    outer loop
      vertex  4.400000e+01  1.000000e+01  6.400000e+01
      vertex  6.032087e+01  4.221640e+00  6.400000e+01
      vertex  5.981288e+01  3.852566e+00  6.400000e+01
    endloop
  endfacet
  facet normal  -0.000000e+00  0.000000e+00 -1.000000e+00
    outer loop
      vertex  4.400000e+01  1.000000e+01  6.400000e+01
      vertex  5.981288e+01  3.852566e+00  6.400000e+01
      vertex  5.935516e+01  3.422735e+00  6.400000e+01
    endloop
  endfacet
  facet normal  -0.000000e+00  0.000000e+00 -1.000000e+00
    outer loop
      vertex  4.400000e+01  1.000000e+01  6.400000e+01
      vertex  5.935516e+01  3.422735e+00  6.400000e+01
      vertex  5.895491e+01  2.938926e+00  6.400000e+01
    endloop
  endfacet
  facet normal  -0.000000e+00  0.000000e+00 -1.000000e+00
    outer loop
      vertex  4.400000e+01  1.000000e+01  6.400000e+01
      vertex  5.895491e+01  2.938926e+00  6.400000e+01
      vertex  5.861847e+01  2.408768e+00  6.400000e+01
    endloop
  endfacet
  facet normal  -0.000000e+00  0.000000e+00 -1.000000e+00
    outer loop
      vertex  4.400000e+01  1.000000e+01  6.400000e+01
      vertex  5.861847e+01  2.408768e+00  6.400000e+01
      vertex  5.835112e+01  1.840623e+00  6.400000e+01
    endloop
  endfacet
  facet normal  -0.000000e+00  0.000000e+00 -1.000000e+00
    outer loop
      vertex  4.400000e+01  1.000000e+01  6.400000e+01
      vertex  5.835112e+01  1.840623e+00  6.400000e+01
      vertex  5.815709e+01  1.243449e+00  6.400000e+01
    endloop
  endfacet
  facet normal  -0.000000e+00  0.000000e+00 -1.000000e+00
    outer loop
      vertex  4.400000e+01  1.000000e+01  6.400000e+01
      vertex  5.815709e+01  1.243449e+00  6.400000e+01
      vertex  5.803942e+01  6.266662e-01  6.400000e+01
    endloop
  endfacet
  facet normal  -0.000000e+00  0.000000e+00 -1.000000e+00
    outer loop
      vertex  4.400000e+01  1.000000e+01  6.400000e+01
      vertex  5.803942e+01  6.266662e-01  6.400000e+01
      vertex  5.800000e+01 -2.388680e-15  6.400000e+01
    endloop
  endfacet
  facet normal  0.000000e+00  0.000000e+00 -1.000000e+00
    outer loop
      vertex  6.800000e+01  8.660254e+00  6.400000e+01
      vertex  6.800000e+01 -1.776357e-15  6.400000e+01
      vertex  6.796057e+01  6.266662e-01  6.400000e+01
    endloop
  endfacet
  facet normal  0.000000e+00  0.000000e+00 -1.000000e+00
    outer loop
      vertex  6.800000e+01  8.660254e+00  6.400000e+01
      vertex  6.796057e+01  6.266662e-01  6.400000e+01
      vertex  6.784292e+01  1.243449e+00  6.400000e+01
    endloop
  endfacet
  facet normal  0.000000e+00  0.000000e+00 -1.000000e+00
    outer loop
      vertex  6.800000e+01  8.660254e+00  6.400000e+01
      vertex  6.784292e+01  1.243449e+00  6.400000e+01
      vertex  6.764888e+01  1.840623e+00  6.400000e+01
    endloop
  endfacet
  facet normal  0.000000e+00  0.000000e+00 -1.000000e+00
    outer loop
      vertex  6.800000e+01  8.660254e+00  6.400000e+01
      vertex  6.764888e+01  1.840623e+00  6.400000e+01
      vertex  6.738153e+01  2.408768e+00  6.400000e+01
    endloop
  endfacet
  facet normal  0.000000e+00  0.000000e+00 -1.000000e+00
    outer loop
      vertex  6.800000e+01  8.660254e+00  6.400000e+01
      vertex  6.738153e+01  2.408768e+00  6.400000e+01
      vertex  6.722618e+01  9.063078e+00  6.400000e+01
    endloop
  endfacet
  facet normal  0.000000e+00  0.000000e+00 -1.000000e+00
    outer loop
      vertex  4.400000e+01  1.000000e+01  6.400000e+01
      vertex  3.800000e+01 -2.000000e+01  6.400000e+01
      vertex  4.400000e+01  2.000000e+01  6.400000e+01
    endloop
  endfacet
  facet normal  -0.000000e+00  0.000000e+00 -1.000000e+00
    outer loop
      vertex  4.400000e+01  2.000000e+01  6.400000e+01
      vertex  3.800000e+01 -2.000000e+01  6.400000e+01
      vertex  3.800000e+01  2.000000e+01  6.400000e+01
    endloop
  endfacet
  facet normal  0.000000e+00  -0.000000e+00 -1.000000e+00
    outer loop
      vertex  6.300000e+01 -1.000000e+01  6.400000e+01
      vertex  6.331395e+01 -4.990134e+00  6.400000e+01
      vertex  6.387156e+01 -9.961947e+00  6.400000e+01
    endloop
  endfacet
  facet normal  0.000000e+00  0.000000e+00 -1.000000e+00
    outer loop
      vertex  6.387156e+01 -9.961947e+00  6.400000e+01
      vertex  6.331395e+01 -4.990134e+00  6.400000e+01
      vertex  6.393690e+01 -4.911436e+00  6.400000e+01
    endloop
  endfacet
  facet normal  0.000000e+00  -0.000000e+00 -1.000000e+00
    outer loop
      vertex  6.387156e+01 -9.961947e+00  6.400000e+01
      vertex  6.393690e+01 -4.911436e+00  6.400000e+01
      vertex  6.473648e+01 -9.848078e+00  6.400000e+01
    endloop
  endfacet
  facet normal  0.000000e+00  0.000000e+00 -1.000000e+00
    outer loop
      vertex  6.473648e+01 -9.848078e+00  6.400000e+01
      vertex  6.393690e+01 -4.911436e+00  6.400000e+01
      vertex  6.454508e+01 -4.755282e+00  6.400000e+01
    endloop
  endfacet
  facet normal  0.000000e+00  0.000000e+00 -1.000000e+00
    outer loop
      vertex  6.473648e+01 -9.848078e+00  6.400000e+01
      vertex  6.454508e+01 -4.755282e+00  6.400000e+01
      vertex  6.558819e+01 -9.659258e+00  6.400000e+01
    endloop
  endfacet
  facet normal  0.000000e+00  0.000000e+00 -1.000000e+00
    outer loop
      vertex  6.558819e+01 -9.659258e+00  6.400000e+01
      vertex  6.454508e+01 -4.755282e+00  6.400000e+01
      vertex  6.512890e+01 -4.524135e+00  6.400000e+01
    endloop
  endfacet
  facet normal  0.000000e+00  0.000000e+00 -9.999999e-01
    outer loop
      vertex  6.558819e+01 -9.659258e+00  6.400000e+01
      vertex  6.512890e+01 -4.524135e+00  6.400000e+01
      vertex  6.567913e+01 -4.221640e+00  6.400000e+01
    endloop
  endfacet
  facet normal  0.000000e+00  -0.000000e+00 -1.000000e+00
    outer loop
      vertex  6.558819e+01 -9.659258e+00  6.400000e+01
      vertex  6.567913e+01 -4.221640e+00  6.400000e+01
      vertex  6.642020e+01 -9.396926e+00  6.400000e+01
    endloop
  endfacet
  facet normal  0.000000e+00  0.000000e+00 -1.000000e+00
    outer loop
      vertex  6.642020e+01 -9.396926e+00  6.400000e+01
      vertex  6.567913e+01 -4.221640e+00  6.400000e+01
      vertex  6.618712e+01 -3.852566e+00  6.400000e+01
    endloop
  endfacet
  facet normal  0.000000e+00  0.000000e+00 -9.999999e-01
    outer loop
      vertex  6.642020e+01 -9.396926e+00  6.400000e+01
      vertex  6.618712e+01 -3.852566e+00  6.400000e+01
      vertex  6.664484e+01 -3.422735e+00  6.400000e+01
    endloop
  endfacet
  facet normal  0.000000e+00  -0.000000e+00 -1.000000e+00
    outer loop
      vertex  6.642020e+01 -9.396926e+00  6.400000e+01
      vertex  6.664484e+01 -3.422735e+00  6.400000e+01
      vertex  6.722618e+01 -9.063078e+00  6.400000e+01
    endloop
  endfacet
  facet normal  0.000000e+00  0.000000e+00 -1.000000e+00
    outer loop
      vertex  6.722618e+01 -9.063078e+00  6.400000e+01
      vertex  6.664484e+01 -3.422735e+00  6.400000e+01
      vertex  6.704508e+01 -2.938926e+00  6.400000e+01
    endloop
  endfacet
  facet normal  0.000000e+00  0.000000e+00 -1.000000e+00
    outer loop
      vertex  6.722618e+01 -9.063078e+00  6.400000e+01
      vertex  6.704508e+01 -2.938926e+00  6.400000e+01
      vertex  6.738153e+01 -2.408768e+00  6.400000e+01
    endloop
  endfacet
  facet normal  0.000000e+00  0.000000e+00 -1.000000e+00
    outer loop
      vertex  6.331395e+01  4.990134e+00  6.400000e+01
      vertex  6.300000e+01  1.000000e+01  6.400000e+01
      vertex  6.393690e+01  4.911436e+00  6.400000e+01
    endloop
  endfacet
  facet normal  0.000000e+00  0.000000e+00 -1.000000e+00
    outer loop
      vertex  6.393690e+01  4.911436e+00  6.400000e+01
      vertex  6.300000e+01  1.000000e+01  6.400000e+01
      vertex  6.387156e+01  9.961947e+00  6.400000e+01
    endloop
  endfacet
  facet normal  0.000000e+00  0.000000e+00 -9.999999e-01
    outer loop
      vertex  6.393690e+01  4.911436e+00  6.400000e+01
      vertex  6.387156e+01  9.961947e+00  6.400000e+01
      vertex  6.454508e+01  4.755282e+00  6.400000e+01
    endloop
  endfacet
  facet normal  0.000000e+00  0.000000e+00 -1.000000e+00
    outer loop
      vertex  6.454508e+01  4.755282e+00  6.400000e+01
      vertex  6.387156e+01  9.961947e+00  6.400000e+01
      vertex  6.473648e+01  9.848078e+00  6.400000e+01
    endloop
  endfacet
  facet normal  0.000000e+00  -0.000000e+00 -9.999999e-01
    outer loop
      vertex  6.454508e+01  4.755282e+00  6.400000e+01
      vertex  6.473648e+01  9.848078e+00  6.400000e+01
      vertex  6.512890e+01  4.524135e+00  6.400000e+01
    endloop
  endfacet
  facet normal  0.000000e+00  0.000000e+00 -1.000000e+00
    outer loop
      vertex  6.512890e+01  4.524135e+00  6.400000e+01
      vertex  6.473648e+01  9.848078e+00  6.400000e+01
      vertex  6.558819e+01  9.659258e+00  6.400000e+01
    endloop
  endfacet
  facet normal  0.000000e+00  -0.000000e+00 -9.999999e-01
    outer loop
      vertex  6.512890e+01  4.524135e+00  6.400000e+01
      vertex  6.558819e+01  9.659258e+00  6.400000e+01
      vertex  6.567913e+01  4.221640e+00  6.400000e+01
    endloop
  endfacet
  facet normal  0.000000e+00  0.000000e+00 -1.000000e+00
    outer loop
      vertex  6.567913e+01  4.221640e+00  6.400000e+01
      vertex  6.558819e+01  9.659258e+00  6.400000e+01
      vertex  6.618712e+01  3.852566e+00  6.400000e+01
    endloop
  endfacet
  facet normal  0.000000e+00  0.000000e+00 -1.000000e+00
    outer loop
      vertex  6.618712e+01  3.852566e+00  6.400000e+01
      vertex  6.558819e+01  9.659258e+00  6.400000e+01
      vertex  6.642020e+01  9.396926e+00  6.400000e+01
    endloop
  endfacet
  facet normal  0.000000e+00  -0.000000e+00 -1.000000e+00
    outer loop
      vertex  6.618712e+01  3.852566e+00  6.400000e+01
      vertex  6.642020e+01  9.396926e+00  6.400000e+01
      vertex  6.664484e+01  3.422735e+00  6.400000e+01
    endloop
  endfacet
  facet normal  0.000000e+00  0.000000e+00 -1.000000e+00
    outer loop
      vertex  6.664484e+01  3.422735e+00  6.400000e+01
      vertex  6.642020e+01  9.396926e+00  6.400000e+01
      vertex  6.704508e+01  2.938926e+00  6.400000e+01
    endloop
  endfacet
  facet normal  0.000000e+00  0.000000e+00 -1.000000e+00
    outer loop
      vertex  6.704508e+01  2.938926e+00  6.400000e+01
      vertex  6.642020e+01  9.396926e+00  6.400000e+01
      vertex  6.722618e+01  9.063078e+00  6.400000e+01
    endloop
  endfacet
  facet normal  0.000000e+00  -0.000000e+00 -1.000000e+00
    outer loop
      vertex  6.704508e+01  2.938926e+00  6.400000e+01
      vertex  6.722618e+01  9.063078e+00  6.400000e+01
      vertex  6.738153e+01  2.408768e+00  6.400000e+01
    endloop
  endfacet
  facet normal  1.253342e-01  9.921145e-01  -0.000000e+00
    outer loop
      vertex  6.268605e+01 -4.990134e+00  7.400000e+01
      vertex  6.206310e+01 -4.911436e+00  6.400000e+01
      vertex  6.206310e+01 -4.911436e+00  7.400000e+01
    endloop
  endfacet
  facet normal  2.486889e-01  9.685835e-01  0.000000e+00
    outer loop
      vertex  6.206310e+01 -4.911436e+00  7.400000e+01
      vertex  6.206310e+01 -4.911436e+00  6.400000e+01
      vertex  6.145491e+01 -4.755282e+00  6.400000e+01
    endloop
  endfacet
  facet normal  2.486889e-01  9.685835e-01  -0.000000e+00
    outer loop
      vertex  6.206310e+01 -4.911436e+00  7.400000e+01
      vertex  6.145491e+01 -4.755282e+00  6.400000e+01
      vertex  6.145491e+01 -4.755282e+00  7.400000e+01
    endloop
  endfacet
  facet normal  3.681259e-01  9.297759e-01  0.000000e+00
    outer loop
      vertex  6.145491e+01 -4.755282e+00  7.400000e+01
      vertex  6.145491e+01 -4.755282e+00  6.400000e+01
      vertex  6.087111e+01 -4.524135e+00  6.400000e+01
    endloop
  endfacet
  facet normal  3.681259e-01  9.297759e-01  -0.000000e+00
    outer loop
      vertex  6.145491e+01 -4.755282e+00  7.400000e+01
      vertex  6.087111e+01 -4.524135e+00  6.400000e+01
      vertex  6.087111e+01 -4.524135e+00  7.400000e+01
    endloop
  endfacet
  facet normal  4.817521e-01  8.763075e-01  0.000000e+00
    outer loop
      vertex  6.087111e+01 -4.524135e+00  7.400000e+01
      vertex  6.087111e+01 -4.524135e+00  6.400000e+01
      vertex  6.032087e+01 -4.221640e+00  6.400000e+01
    endloop
  endfacet
  facet normal  4.817521e-01  8.763075e-01  -0.000000e+00
    outer loop
      vertex  6.087111e+01 -4.524135e+00  7.400000e+01
      vertex  6.032087e+01 -4.221640e+00  6.400000e+01
      vertex  6.032087e+01 -4.221640e+00  7.400000e+01
    endloop
  endfacet
  facet normal  5.877866e-01  8.090160e-01  0.000000e+00
    outer loop
      vertex  6.032087e+01 -4.221640e+00  7.400000e+01
      vertex  6.032087e+01 -4.221640e+00  6.400000e+01
      vertex  5.981288e+01 -3.852566e+00  6.400000e+01
    endloop
  endfacet
  facet normal  5.877866e-01  8.090160e-01  -0.000000e+00
    outer loop
      vertex  6.032087e+01 -4.221640e+00  7.400000e+01
      vertex  5.981288e+01 -3.852566e+00  6.400000e+01
      vertex  5.981288e+01 -3.852566e+00  7.400000e+01
    endloop
  endfacet
  facet normal  6.845453e-01  7.289703e-01  0.000000e+00
    outer loop
      vertex  5.981288e+01 -3.852566e+00  7.400000e+01
      vertex  5.981288e+01 -3.852566e+00  6.400000e+01
      vertex  5.935516e+01 -3.422735e+00  6.400000e+01
    endloop
  endfacet
  facet normal  6.845453e-01  7.289703e-01  -0.000000e+00
    outer loop
      vertex  5.981288e+01 -3.852566e+00  7.400000e+01
      vertex  5.935516e+01 -3.422735e+00  6.400000e+01
      vertex  5.935516e+01 -3.422735e+00  7.400000e+01
    endloop
  endfacet
  facet normal  7.705132e-01  6.374241e-01  0.000000e+00
    outer loop
      vertex  5.935516e+01 -3.422735e+00  7.400000e+01
      vertex  5.935516e+01 -3.422735e+00  6.400000e+01
      vertex  5.895491e+01 -2.938926e+00  6.400000e+01
    endloop
  endfacet
  facet normal  7.705132e-01  6.374241e-01  -0.000000e+00
    outer loop
      vertex  5.935516e+01 -3.422735e+00  7.400000e+01
      vertex  5.895491e+01 -2.938926e+00  6.400000e+01
      vertex  5.895491e+01 -2.938926e+00  7.400000e+01
    endloop
  endfacet
  facet normal  8.443277e-01  5.358272e-01  0.000000e+00
    outer loop
      vertex  5.895491e+01 -2.938926e+00  7.400000e+01
      vertex  5.895491e+01 -2.938926e+00  6.400000e+01
      vertex  5.861847e+01 -2.408768e+00  6.400000e+01
    endloop
  endfacet
  facet normal  8.443277e-01  5.358272e-01  -0.000000e+00
    outer loop
      vertex  5.895491e+01 -2.938926e+00  7.400000e+01
      vertex  5.861847e+01 -2.408768e+00  6.400000e+01
      vertex  5.861847e+01 -2.408768e+00  7.400000e+01
    endloop
  endfacet
  facet normal  9.048269e-01  4.257796e-01  0.000000e+00
    outer loop
      vertex  5.861847e+01 -2.408768e+00  7.400000e+01
      vertex  5.861847e+01 -2.408768e+00  6.400000e+01
      vertex  5.835112e+01 -1.840623e+00  6.400000e+01
    endloop
  endfacet
  facet normal  9.048269e-01  4.257796e-01  -0.000000e+00
    outer loop
      vertex  5.861847e+01 -2.408768e+00  7.400000e+01
      vertex  5.835112e+01 -1.840623e+00  6.400000e+01
      vertex  5.835112e+01 -1.840623e+00  7.400000e+01
    endloop
  endfacet
  facet normal  9.510577e-01  3.090132e-01  0.000000e+00
    outer loop
      vertex  5.835112e+01 -1.840623e+00  7.400000e+01
      vertex  5.835112e+01 -1.840623e+00  6.400000e+01
      vertex  5.815709e+01 -1.243449e+00  6.400000e+01
    endloop
  endfacet
  facet normal  9.510577e-01  3.090132e-01  -0.000000e+00
    outer loop
      vertex  5.835112e+01 -1.840623e+00  7.400000e+01
      vertex  5.815709e+01 -1.243449e+00  6.400000e+01
      vertex  5.815709e+01 -1.243449e+00  7.400000e+01
    endloop
  endfacet
  facet normal  9.822865e-01  1.873857e-01  0.000000e+00
    outer loop
      vertex  5.815709e+01 -1.243449e+00  7.400000e+01
      vertex  5.815709e+01 -1.243449e+00  6.400000e+01
      vertex  5.803942e+01 -6.266662e-01  6.400000e+01
    endloop
  endfacet
  facet normal  9.822865e-01  1.873857e-01  -0.000000e+00
    outer loop
      vertex  5.815709e+01 -1.243449e+00  7.400000e+01
      vertex  5.803942e+01 -6.266662e-01  6.400000e+01
      vertex  5.803942e+01 -6.266662e-01  7.400000e+01
    endloop
  endfacet
  facet normal  9.980268e-01  6.278798e-02  0.000000e+00
    outer loop
      vertex  5.803942e+01 -6.266662e-01  7.400000e+01
      vertex  5.803942e+01 -6.266662e-01  6.400000e+01
      vertex  5.800000e+01 -2.388680e-15  6.400000e+01
    endloop
  endfacet
  facet normal  9.980268e-01  6.278798e-02  -0.000000e+00
    outer loop
      vertex  5.803942e+01 -6.266662e-01  7.400000e+01
      vertex  5.800000e+01 -2.388680e-15  6.400000e+01
      vertex  5.800000e+01 -2.388680e-15  7.400000e+01
    endloop
  endfacet
  facet normal  1.253342e-01  9.921145e-01  0.000000e+00
    outer loop
      vertex  6.206310e+01 -4.911436e+00  6.400000e+01
      vertex  6.268605e+01 -4.990134e+00  7.400000e+01
      vertex  6.268605e+01 -4.990134e+00  6.400000e+01
    endloop
  endfacet
  facet normal  0.000000e+00  1.000000e+00  0.000000e+00
    outer loop
      vertex  6.268605e+01 -4.990134e+00  6.400000e+01
      vertex  6.268605e+01 -4.990134e+00  7.400000e+01
      vertex  6.331395e+01 -4.990134e+00  7.400000e+01
    endloop
  endfacet
  facet normal  0.000000e+00  1.000000e+00  0.000000e+00
    outer loop
      vertex  6.268605e+01 -4.990134e+00  6.400000e+01
      vertex  6.331395e+01 -4.990134e+00  7.400000e+01
      vertex  6.331395e+01 -4.990134e+00  6.400000e+01
    endloop
  endfacet
  facet normal -1.253342e-01  9.921145e-01  0.000000e+00
    outer loop
      vertex  6.331395e+01 -4.990134e+00  6.400000e+01
      vertex  6.331395e+01 -4.990134e+00  7.400000e+01
      vertex  6.393690e+01 -4.911436e+00  7.400000e+01
    endloop
  endfacet
  facet normal -1.253342e-01  9.921145e-01  0.000000e+00
    outer loop
      vertex  6.331395e+01 -4.990134e+00  6.400000e+01
      vertex  6.393690e+01 -4.911436e+00  7.400000e+01
      vertex  6.393690e+01 -4.911436e+00  6.400000e+01
    endloop
  endfacet
  facet normal -2.486904e-01  9.685830e-01  0.000000e+00
    outer loop
      vertex  6.393690e+01 -4.911436e+00  6.400000e+01
      vertex  6.393690e+01 -4.911436e+00  7.400000e+01
      vertex  6.454508e+01 -4.755282e+00  7.400000e+01
    endloop
  endfacet
  facet normal -2.486904e-01  9.685830e-01  0.000000e+00
    outer loop
      vertex  6.393690e+01 -4.911436e+00  6.400000e+01
      vertex  6.454508e+01 -4.755282e+00  7.400000e+01
      vertex  6.454508e+01 -4.755282e+00  6.400000e+01
    endloop
  endfacet
  facet normal -3.681217e-01  9.297775e-01  0.000000e+00
    outer loop
      vertex  6.454508e+01 -4.755282e+00  6.400000e+01
      vertex  6.454508e+01 -4.755282e+00  7.400000e+01
      vertex  6.512890e+01 -4.524135e+00  7.400000e+01
    endloop
  endfacet
  facet normal -3.681217e-01  9.297775e-01  0.000000e+00
    outer loop
      vertex  6.454508e+01 -4.755282e+00  6.400000e+01
      vertex  6.512890e+01 -4.524135e+00  7.400000e+01
      vertex  6.512890e+01 -4.524135e+00  6.400000e+01
    endloop
  endfacet
  facet normal -4.817573e-01  8.763047e-01  0.000000e+00
    outer loop
      vertex  6.512890e+01 -4.524135e+00  6.400000e+01
      vertex  6.512890e+01 -4.524135e+00  7.400000e+01
      vertex  6.567913e+01 -4.221640e+00  7.400000e+01
    endloop
  endfacet
  facet normal -4.817573e-01  8.763047e-01  0.000000e+00
    outer loop
      vertex  6.512890e+01 -4.524135e+00  6.400000e+01
      vertex  6.567913e+01 -4.221640e+00  7.400000e+01
      vertex  6.567913e+01 -4.221640e+00  6.400000e+01
    endloop
  endfacet
  facet normal -5.877837e-01  8.090181e-01  0.000000e+00
    outer loop
      vertex  6.567913e+01 -4.221640e+00  6.400000e+01
      vertex  6.567913e+01 -4.221640e+00  7.400000e+01
      vertex  6.618712e+01 -3.852566e+00  7.400000e+01
    endloop
  endfacet
  facet normal -5.877837e-01  8.090181e-01  0.000000e+00
    outer loop
      vertex  6.567913e+01 -4.221640e+00  6.400000e+01
      vertex  6.618712e+01 -3.852566e+00  7.400000e+01
      vertex  6.618712e+01 -3.852566e+00  6.400000e+01
    endloop
  endfacet
  facet normal -6.845453e-01  7.289703e-01  0.000000e+00
    outer loop
      vertex  6.618712e+01 -3.852566e+00  6.400000e+01
      vertex  6.618712e+01 -3.852566e+00  7.400000e+01
      vertex  6.664484e+01 -3.422735e+00  7.400000e+01
    endloop
  endfacet
  facet normal -6.845453e-01  7.289703e-01  0.000000e+00
    outer loop
      vertex  6.618712e+01 -3.852566e+00  6.400000e+01
      vertex  6.664484e+01 -3.422735e+00  7.400000e+01
      vertex  6.664484e+01 -3.422735e+00  6.400000e+01
    endloop
  endfacet
  facet normal -7.705162e-01  6.374204e-01  0.000000e+00
    outer loop
      vertex  6.664484e+01 -3.422735e+00  6.400000e+01
      vertex  6.664484e+01 -3.422735e+00  7.400000e+01
      vertex  6.704508e+01 -2.938926e+00  7.400000e+01
    endloop
  endfacet
  facet normal -7.705162e-01  6.374204e-01  0.000000e+00
    outer loop
      vertex  6.664484e+01 -3.422735e+00  6.400000e+01
      vertex  6.704508e+01 -2.938926e+00  7.400000e+01
      vertex  6.704508e+01 -2.938926e+00  6.400000e+01
    endloop
  endfacet
  facet normal -8.443277e-01  5.358272e-01  0.000000e+00
    outer loop
      vertex  6.704508e+01 -2.938926e+00  6.400000e+01
      vertex  6.704508e+01 -2.938926e+00  7.400000e+01
      vertex  6.738153e+01 -2.408768e+00  7.400000e+01
    endloop
  endfacet
  facet normal -8.443277e-01  5.358272e-01  0.000000e+00
    outer loop
      vertex  6.704508e+01 -2.938926e+00  6.400000e+01
      vertex  6.738153e+01 -2.408768e+00  7.400000e+01
      vertex  6.738153e+01 -2.408768e+00  6.400000e+01
    endloop
  endfacet
  facet normal -9.048269e-01  4.257796e-01  0.000000e+00
    outer loop
      vertex  6.738153e+01 -2.408768e+00  6.400000e+01
      vertex  6.738153e+01 -2.408768e+00  7.400000e+01
      vertex  6.764888e+01 -1.840623e+00  7.400000e+01
    endloop
  endfacet
  facet normal -9.048269e-01  4.257796e-01  0.000000e+00
    outer loop
      vertex  6.738153e+01 -2.408768e+00  6.400000e+01
      vertex  6.764888e+01 -1.840623e+00  7.400000e+01
      vertex  6.764888e+01 -1.840623e+00  6.400000e+01
    endloop
  endfacet
  facet normal -9.510542e-01  3.090242e-01  0.000000e+00
    outer loop
      vertex  6.764888e+01 -1.840623e+00  6.400000e+01
      vertex  6.764888e+01 -1.840623e+00  7.400000e+01
      vertex  6.784292e+01 -1.243449e+00  7.400000e+01
    endloop
  endfacet
  facet normal -9.510542e-01  3.090242e-01  0.000000e+00
    outer loop
      vertex  6.764888e+01 -1.840623e+00  6.400000e+01
      vertex  6.784292e+01 -1.243449e+00  7.400000e+01
      vertex  6.784292e+01 -1.243449e+00  6.400000e+01
    endloop
  endfacet
  facet normal -9.822887e-01  1.873739e-01  0.000000e+00
    outer loop
      vertex  6.784292e+01 -1.243449e+00  6.400000e+01
      vertex  6.784292e+01 -1.243449e+00  7.400000e+01
      vertex  6.796057e+01 -6.266662e-01  7.400000e+01
    endloop
  endfacet
  facet normal -9.822887e-01  1.873739e-01  0.000000e+00
    outer loop
      vertex  6.784292e+01 -1.243449e+00  6.400000e+01
      vertex  6.796057e+01 -6.266662e-01  7.400000e+01
      vertex  6.796057e+01 -6.266662e-01  6.400000e+01
    endloop
  endfacet
  facet normal -9.980264e-01  6.279403e-02  0.000000e+00
    outer loop
      vertex  6.796057e+01 -6.266662e-01  6.400000e+01
      vertex  6.796057e+01 -6.266662e-01  7.400000e+01
      vertex  6.800000e+01 -1.776357e-15  7.400000e+01
    endloop
  endfacet
  facet normal -9.980264e-01  6.279403e-02  0.000000e+00
    outer loop
      vertex  6.796057e+01 -6.266662e-01  6.400000e+01
      vertex  6.800000e+01 -1.776357e-15  7.400000e+01
      vertex  6.800000e+01 -1.776357e-15  6.400000e+01
    endloop
  endfacet
  facet normal -1.253342e-01 -9.921145e-01  0.000000e+00
    outer loop
      vertex  6.331395e+01  4.990134e+00  7.400000e+01
      vertex  6.393690e+01  4.911436e+00  6.400000e+01
      vertex  6.393690e+01  4.911436e+00  7.400000e+01
    endloop
  endfacet
  facet normal -2.486904e-01 -9.685830e-01  -0.000000e+00
    outer loop
      vertex  6.393690e+01  4.911436e+00  7.400000e+01
      vertex  6.393690e+01  4.911436e+00  6.400000e+01
      vertex  6.454508e+01  4.755282e+00  6.400000e+01
    endloop
  endfacet
  facet normal -2.486904e-01 -9.685830e-01  0.000000e+00
    outer loop
      vertex  6.393690e+01  4.911436e+00  7.400000e+01
      vertex  6.454508e+01  4.755282e+00  6.400000e+01
      vertex  6.454508e+01  4.755282e+00  7.400000e+01
    endloop
  endfacet
  facet normal -3.681217e-01 -9.297775e-01  -0.000000e+00
    outer loop
      vertex  6.454508e+01  4.755282e+00  7.400000e+01
      vertex  6.454508e+01  4.755282e+00  6.400000e+01
      vertex  6.512890e+01  4.524135e+00  6.400000e+01
    endloop
  endfacet
  facet normal -3.681217e-01 -9.297775e-01  0.000000e+00
    outer loop
      vertex  6.454508e+01  4.755282e+00  7.400000e+01
      vertex  6.512890e+01  4.524135e+00  6.400000e+01
      vertex  6.512890e+01  4.524135e+00  7.400000e+01
    endloop
  endfacet
  facet normal -4.817573e-01 -8.763047e-01  -0.000000e+00
    outer loop
      vertex  6.512890e+01  4.524135e+00  7.400000e+01
      vertex  6.512890e+01  4.524135e+00  6.400000e+01
      vertex  6.567913e+01  4.221640e+00  6.400000e+01
    endloop
  endfacet
  facet normal -4.817573e-01 -8.763047e-01  0.000000e+00
    outer loop
      vertex  6.512890e+01  4.524135e+00  7.400000e+01
      vertex  6.567913e+01  4.221640e+00  6.400000e+01
      vertex  6.567913e+01  4.221640e+00  7.400000e+01
    endloop
  endfacet
  facet normal -5.877837e-01 -8.090181e-01  -0.000000e+00
    outer loop
      vertex  6.567913e+01  4.221640e+00  7.400000e+01
      vertex  6.567913e+01  4.221640e+00  6.400000e+01
      vertex  6.618712e+01  3.852566e+00  6.400000e+01
    endloop
  endfacet
  facet normal -5.877837e-01 -8.090181e-01  0.000000e+00
    outer loop
      vertex  6.567913e+01  4.221640e+00  7.400000e+01
      vertex  6.618712e+01  3.852566e+00  6.400000e+01
      vertex  6.618712e+01  3.852566e+00  7.400000e+01
    endloop
  endfacet
  facet normal -6.845453e-01 -7.289703e-01  -0.000000e+00
    outer loop
      vertex  6.618712e+01  3.852566e+00  7.400000e+01
      vertex  6.618712e+01  3.852566e+00  6.400000e+01
      vertex  6.664484e+01  3.422735e+00  6.400000e+01
    endloop
  endfacet
  facet normal -6.845453e-01 -7.289703e-01  0.000000e+00
    outer loop
      vertex  6.618712e+01  3.852566e+00  7.400000e+01
      vertex  6.664484e+01  3.422735e+00  6.400000e+01
      vertex  6.664484e+01  3.422735e+00  7.400000e+01
    endloop
  endfacet
  facet normal -7.705162e-01 -6.374204e-01  -0.000000e+00
    outer loop
      vertex  6.664484e+01  3.422735e+00  7.400000e+01
      vertex  6.664484e+01  3.422735e+00  6.400000e+01
      vertex  6.704508e+01  2.938926e+00  6.400000e+01
    endloop
  endfacet
  facet normal -7.705162e-01 -6.374204e-01  0.000000e+00
    outer loop
      vertex  6.664484e+01  3.422735e+00  7.400000e+01
      vertex  6.704508e+01  2.938926e+00  6.400000e+01
      vertex  6.704508e+01  2.938926e+00  7.400000e+01
    endloop
  endfacet
  facet normal -8.443277e-01 -5.358272e-01  -0.000000e+00
    outer loop
      vertex  6.704508e+01  2.938926e+00  7.400000e+01
      vertex  6.704508e+01  2.938926e+00  6.400000e+01
      vertex  6.738153e+01  2.408768e+00  6.400000e+01
    endloop
  endfacet
  facet normal -8.443277e-01 -5.358272e-01  0.000000e+00
    outer loop
      vertex  6.704508e+01  2.938926e+00  7.400000e+01
      vertex  6.738153e+01  2.408768e+00  6.400000e+01
      vertex  6.738153e+01  2.408768e+00  7.400000e+01
    endloop
  endfacet
  facet normal -9.048269e-01 -4.257796e-01  -0.000000e+00
    outer loop
      vertex  6.738153e+01  2.408768e+00  7.400000e+01
      vertex  6.738153e+01  2.408768e+00  6.400000e+01
      vertex  6.764888e+01  1.840623e+00  6.400000e+01
    endloop
  endfacet
  facet normal -9.048269e-01 -4.257796e-01  0.000000e+00
    outer loop
      vertex  6.738153e+01  2.408768e+00  7.400000e+01
      vertex  6.764888e+01  1.840623e+00  6.400000e+01
      vertex  6.764888e+01  1.840623e+00  7.400000e+01
    endloop
  endfacet
  facet normal -9.510542e-01 -3.090242e-01  -0.000000e+00
    outer loop
      vertex  6.764888e+01  1.840623e+00  7.400000e+01
      vertex  6.764888e+01  1.840623e+00  6.400000e+01
      vertex  6.784292e+01  1.243449e+00  6.400000e+01
    endloop
  endfacet
  facet normal -9.510542e-01 -3.090242e-01  0.000000e+00
    outer loop
      vertex  6.764888e+01  1.840623e+00  7.400000e+01
      vertex  6.784292e+01  1.243449e+00  6.400000e+01
      vertex  6.784292e+01  1.243449e+00  7.400000e+01
    endloop
  endfacet
  facet normal -9.822887e-01 -1.873739e-01  -0.000000e+00
    outer loop
      vertex  6.784292e+01  1.243449e+00  7.400000e+01
      vertex  6.784292e+01  1.243449e+00  6.400000e+01
      vertex  6.796057e+01  6.266662e-01  6.400000e+01
    endloop
  endfacet
  facet normal -9.822887e-01 -1.873739e-01  0.000000e+00
    outer loop
      vertex  6.784292e+01  1.243449e+00  7.400000e+01
      vertex  6.796057e+01  6.266662e-01  6.400000e+01
      vertex  6.796057e+01  6.266662e-01  7.400000e+01
    endloop
  endfacet
  facet normal -9.980264e-01 -6.279403e-02  -0.000000e+00
    outer loop
      vertex  6.796057e+01  6.266662e-01  7.400000e+01
      vertex  6.796057e+01  6.266662e-01  6.400000e+01
      vertex  6.800000e+01 -1.776357e-15  6.400000e+01
    endloop
  endfacet
  facet normal -9.980264e-01 -6.279403e-02  0.000000e+00
    outer loop
      vertex  6.796057e+01  6.266662e-01  7.400000e+01
      vertex  6.800000e+01 -1.776357e-15  6.400000e+01
      vertex  6.800000e+01 -1.776357e-15  7.400000e+01
    endloop
  endfacet
  facet normal -1.253342e-01 -9.921145e-01  -0.000000e+00
    outer loop
      vertex  6.393690e+01  4.911436e+00  6.400000e+01
      vertex  6.331395e+01  4.990134e+00  7.400000e+01
      vertex  6.331395e+01  4.990134e+00  6.400000e+01
    endloop
  endfacet
  facet normal  0.000000e+00 -1.000000e+00  0.000000e+00
    outer loop
      vertex  6.331395e+01  4.990134e+00  6.400000e+01
      vertex  6.331395e+01  4.990134e+00  7.400000e+01
      vertex  6.268605e+01  4.990134e+00  7.400000e+01
    endloop
  endfacet
  facet normal  0.000000e+00 -1.000000e+00  0.000000e+00
    outer loop
      vertex  6.331395e+01  4.990134e+00  6.400000e+01
      vertex  6.268605e+01  4.990134e+00  7.400000e+01
      vertex  6.268605e+01  4.990134e+00  6.400000e+01
    endloop
  endfacet
  facet normal  1.253342e-01 -9.921145e-01  0.000000e+00
    outer loop
      vertex  6.268605e+01  4.990134e+00  6.400000e+01
      vertex  6.268605e+01  4.990134e+00  7.400000e+01
      vertex  6.206310e+01  4.911436e+00  7.400000e+01
    endloop
  endfacet
  facet normal  1.253342e-01 -9.921145e-01  0.000000e+00
    outer loop
      vertex  6.268605e+01  4.990134e+00  6.400000e+01
      vertex  6.206310e+01  4.911436e+00  7.400000e+01
      vertex  6.206310e+01  4.911436e+00  6.400000e+01
    endloop
  endfacet
  facet normal  2.486889e-01 -9.685835e-01  0.000000e+00
    outer loop
      vertex  6.206310e+01  4.911436e+00  6.400000e+01
      vertex  6.206310e+01  4.911436e+00  7.400000e+01
      vertex  6.145491e+01  4.755282e+00  7.400000e+01
    endloop
  endfacet
  facet normal  2.486889e-01 -9.685835e-01  0.000000e+00
    outer loop
      vertex  6.206310e+01  4.911436e+00  6.400000e+01
      vertex  6.145491e+01  4.755282e+00  7.400000e+01
      vertex  6.145491e+01  4.755282e+00  6.400000e+01
    endloop
  endfacet
  facet normal  3.681259e-01 -9.297759e-01  0.000000e+00
    outer loop
      vertex  6.145491e+01  4.755282e+00  6.400000e+01
      vertex  6.145491e+01  4.755282e+00  7.400000e+01
      vertex  6.087111e+01  4.524135e+00  7.400000e+01
    endloop
  endfacet
  facet normal  3.681259e-01 -9.297759e-01  0.000000e+00
    outer loop
      vertex  6.145491e+01  4.755282e+00  6.400000e+01
      vertex  6.087111e+01  4.524135e+00  7.400000e+01
      vertex  6.087111e+01  4.524135e+00  6.400000e+01
    endloop
  endfacet
  facet normal  4.817521e-01 -8.763075e-01  0.000000e+00
    outer loop
      vertex  6.087111e+01  4.524135e+00  6.400000e+01
      vertex  6.087111e+01  4.524135e+00  7.400000e+01
      vertex  6.032087e+01  4.221640e+00  7.400000e+01
    endloop
  endfacet
  facet normal  4.817521e-01 -8.763075e-01  0.000000e+00
    outer loop
      vertex  6.087111e+01  4.524135e+00  6.400000e+01
      vertex  6.032087e+01  4.221640e+00  7.400000e+01
      vertex  6.032087e+01  4.221640e+00  6.400000e+01
    endloop
  endfacet
  facet normal  5.877866e-01 -8.090160e-01  0.000000e+00
    outer loop
      vertex  6.032087e+01  4.221640e+00  6.400000e+01
      vertex  6.032087e+01  4.221640e+00  7.400000e+01
      vertex  5.981288e+01  3.852566e+00  7.400000e+01
    endloop
  endfacet
  facet normal  5.877866e-01 -8.090160e-01  0.000000e+00
    outer loop
      vertex  6.032087e+01  4.221640e+00  6.400000e+01
      vertex  5.981288e+01  3.852566e+00  7.400000e+01
      vertex  5.981288e+01  3.852566e+00  6.400000e+01
    endloop
  endfacet
  facet normal  6.845453e-01 -7.289703e-01  0.000000e+00
    outer loop
      vertex  5.981288e+01  3.852566e+00  6.400000e+01
      vertex  5.981288e+01  3.852566e+00  7.400000e+01
      vertex  5.935516e+01  3.422735e+00  7.400000e+01
    endloop
  endfacet
  facet normal  6.845453e-01 -7.289703e-01  0.000000e+00
    outer loop
      vertex  5.981288e+01  3.852566e+00  6.400000e+01
      vertex  5.935516e+01  3.422735e+00  7.400000e+01
      vertex  5.935516e+01  3.422735e+00  6.400000e+01
    endloop
  endfacet
  facet normal  7.705132e-01 -6.374241e-01  0.000000e+00
    outer loop
      vertex  5.935516e+01  3.422735e+00  6.400000e+01
      vertex  5.935516e+01  3.422735e+00  7.400000e+01
      vertex  5.895491e+01  2.938926e+00  7.400000e+01
    endloop
  endfacet
  facet normal  7.705132e-01 -6.374241e-01  0.000000e+00
    outer loop
      vertex  5.935516e+01  3.422735e+00  6.400000e+01
      vertex  5.895491e+01  2.938926e+00  7.400000e+01
      vertex  5.895491e+01  2.938926e+00  6.400000e+01
    endloop
  endfacet
  facet normal  8.443277e-01 -5.358272e-01  0.000000e+00
    outer loop
      vertex  5.895491e+01  2.938926e+00  6.400000e+01
      vertex  5.895491e+01  2.938926e+00  7.400000e+01
      vertex  5.861847e+01  2.408768e+00  7.400000e+01
    endloop
  endfacet
  facet normal  8.443277e-01 -5.358272e-01  0.000000e+00
    outer loop
      vertex  5.895491e+01  2.938926e+00  6.400000e+01
      vertex  5.861847e+01  2.408768e+00  7.400000e+01
      vertex  5.861847e+01  2.408768e+00  6.400000e+01
    endloop
  endfacet
  facet normal  9.048269e-01 -4.257796e-01  0.000000e+00
    outer loop
      vertex  5.861847e+01  2.408768e+00  6.400000e+01
      vertex  5.861847e+01  2.408768e+00  7.400000e+01
      vertex  5.835112e+01  1.840623e+00  7.400000e+01
    endloop
  endfacet
  facet normal  9.048269e-01 -4.257796e-01  0.000000e+00
    outer loop
      vertex  5.861847e+01  2.408768e+00  6.400000e+01
      vertex  5.835112e+01  1.840623e+00  7.400000e+01
      vertex  5.835112e+01  1.840623e+00  6.400000e+01
    endloop
  endfacet
  facet normal  9.510577e-01 -3.090132e-01  0.000000e+00
    outer loop
      vertex  5.835112e+01  1.840623e+00  6.400000e+01
      vertex  5.835112e+01  1.840623e+00  7.400000e+01
      vertex  5.815709e+01  1.243449e+00  7.400000e+01
    endloop
  endfacet
  facet normal  9.510577e-01 -3.090132e-01  0.000000e+00
    outer loop
      vertex  5.835112e+01  1.840623e+00  6.400000e+01
      vertex  5.815709e+01  1.243449e+00  7.400000e+01
      vertex  5.815709e+01  1.243449e+00  6.400000e+01
    endloop
  endfacet
  facet normal  9.822865e-01 -1.873857e-01  0.000000e+00
    outer loop
      vertex  5.815709e+01  1.243449e+00  6.400000e+01
      vertex  5.815709e+01  1.243449e+00  7.400000e+01
      vertex  5.803942e+01  6.266662e-01  7.400000e+01
    endloop
  endfacet
  facet normal  9.822865e-01 -1.873857e-01  0.000000e+00
    outer loop
      vertex  5.815709e+01  1.243449e+00  6.400000e+01
      vertex  5.803942e+01  6.266662e-01  7.400000e+01
      vertex  5.803942e+01  6.266662e-01  6.400000e+01
    endloop
  endfacet
  facet normal  9.980268e-01 -6.278798e-02  0.000000e+00
    outer loop
      vertex  5.803942e+01  6.266662e-01  6.400000e+01
      vertex  5.803942e+01  6.266662e-01  7.400000e+01
      vertex  5.800000e+01 -2.388680e-15  7.400000e+01
    endloop
  endfacet
  facet normal  9.980268e-01 -6.278798e-02  0.000000e+00
    outer loop
      vertex  5.803942e+01  6.266662e-01  6.400000e+01
      vertex  5.800000e+01 -2.388680e-15  7.400000e+01
      vertex  5.800000e+01 -2.388680e-15  6.400000e+01
    endloop
  endfacet
  facet normal  0.000000e+00 -1.000000e+00  0.000000e+00
    outer loop
      vertex  4.174194e+01 -1.000000e+01  7.400000e+01
      vertex  4.400000e+01 -1.000000e+01  6.900000e+01
      vertex  6.300000e+01 -1.000000e+01  7.400000e+01
    endloop
  endfacet
  facet normal  0.000000e+00 -1.000000e+00  0.000000e+00
    outer loop
      vertex  6.300000e+01 -1.000000e+01  7.400000e+01
      vertex  4.400000e+01 -1.000000e+01  6.900000e+01
      vertex  4.400000e+01 -1.000000e+01  6.400000e+01
    endloop
  endfacet
  facet normal  0.000000e+00 -1.000000e+00  0.000000e+00
    outer loop
      vertex  6.300000e+01 -1.000000e+01  7.400000e+01
      vertex  4.400000e+01 -1.000000e+01  6.400000e+01
      vertex  6.300000e+01 -1.000000e+01  6.400000e+01
    endloop
  endfacet
  facet normal  4.361878e-02 -9.990483e-01  0.000000e+00
    outer loop
      vertex  6.300000e+01 -1.000000e+01  7.400000e+01
      vertex  6.300000e+01 -1.000000e+01  6.400000e+01
      vertex  6.387156e+01 -9.961947e+00  7.400000e+01
    endloop
  endfacet
  facet normal  4.361878e-02 -9.990483e-01  0.000000e+00
    outer loop
      vertex  6.387156e+01 -9.961947e+00  7.400000e+01
      vertex  6.300000e+01 -1.000000e+01  6.400000e+01
      vertex  6.387156e+01 -9.961947e+00  6.400000e+01
    endloop
  endfacet
  facet normal  1.305268e-01 -9.914448e-01  0.000000e+00
    outer loop
      vertex  6.387156e+01 -9.961947e+00  7.400000e+01
      vertex  6.387156e+01 -9.961947e+00  6.400000e+01
      vertex  6.473648e+01 -9.848078e+00  7.400000e+01
    endloop
  endfacet
  facet normal  1.305268e-01 -9.914448e-01  0.000000e+00
    outer loop
      vertex  6.473648e+01 -9.848078e+00  7.400000e+01
      vertex  6.387156e+01 -9.961947e+00  6.400000e+01
      vertex  6.473648e+01 -9.848078e+00  6.400000e+01
    endloop
  endfacet
  facet normal  2.164406e-01 -9.762958e-01  0.000000e+00
    outer loop
      vertex  6.473648e+01 -9.848078e+00  7.400000e+01
      vertex  6.473648e+01 -9.848078e+00  6.400000e+01
      vertex  6.558819e+01 -9.659258e+00  7.400000e+01
    endloop
  endfacet
  facet normal  2.164406e-01 -9.762958e-01  0.000000e+00
    outer loop
      vertex  6.558819e+01 -9.659258e+00  7.400000e+01
      vertex  6.473648e+01 -9.848078e+00  6.400000e+01
      vertex  6.558819e+01 -9.659258e+00  6.400000e+01
    endloop
  endfacet
  facet normal  3.007041e-01 -9.537175e-01  0.000000e+00
    outer loop
      vertex  6.558819e+01 -9.659258e+00  7.400000e+01
      vertex  6.558819e+01 -9.659258e+00  6.400000e+01
      vertex  6.642020e+01 -9.396926e+00  7.400000e+01
    endloop
  endfacet
  facet normal  3.007041e-01 -9.537175e-01  0.000000e+00
    outer loop
      vertex  6.642020e+01 -9.396926e+00  7.400000e+01
      vertex  6.558819e+01 -9.659258e+00  6.400000e+01
      vertex  6.642020e+01 -9.396926e+00  6.400000e+01
    endloop
  endfacet
  facet normal  3.826849e-01 -9.238790e-01  0.000000e+00
    outer loop
      vertex  6.642020e+01 -9.396926e+00  7.400000e+01
      vertex  6.642020e+01 -9.396926e+00  6.400000e+01
      vertex  6.722618e+01 -9.063078e+00  7.400000e+01
    endloop
  endfacet
  facet normal  3.826849e-01 -9.238790e-01  0.000000e+00
    outer loop
      vertex  6.722618e+01 -9.063078e+00  7.400000e+01
      vertex  6.642020e+01 -9.396926e+00  6.400000e+01
      vertex  6.722618e+01 -9.063078e+00  6.400000e+01
    endloop
  endfacet
  facet normal  4.617475e-01 -8.870113e-01  0.000000e+00
    outer loop
      vertex  6.722618e+01 -9.063078e+00  7.400000e+01
      vertex  6.722618e+01 -9.063078e+00  6.400000e+01
      vertex  6.800000e+01 -8.660254e+00  7.400000e+01
    endloop
  endfacet
  facet normal  4.617475e-01 -8.870113e-01  0.000000e+00
    outer loop
      vertex  6.800000e+01 -8.660254e+00  7.400000e+01
      vertex  6.722618e+01 -9.063078e+00  6.400000e+01
      vertex  6.800000e+01 -8.660254e+00  6.400000e+01
    endloop
  endfacet
  facet normal  5.373002e-01 -8.433911e-01  0.000000e+00
    outer loop
      vertex  6.800000e+01 -8.660254e+00  7.400000e+01
      vertex  6.800000e+01 -8.660254e+00  6.400000e+01
      vertex  6.873576e+01 -8.191521e+00  7.400000e+01
    endloop
  endfacet
  facet normal  5.373002e-01 -8.433911e-01  0.000000e+00
    outer loop
      vertex  6.873576e+01 -8.191521e+00  7.400000e+01
      vertex  6.800000e+01 -8.660254e+00  6.400000e+01
      vertex  6.873576e+01 -8.191521e+00  6.400000e+01
    endloop
  endfacet
  facet normal  6.087595e-01 -7.933548e-01  0.000000e+00
    outer loop
      vertex  6.873576e+01 -8.191521e+00  7.400000e+01
      vertex  6.873576e+01 -8.191521e+00  6.400000e+01
      vertex  6.942788e+01 -7.660444e+00  7.400000e+01
    endloop
  endfacet
  facet normal  6.087595e-01 -7.933548e-01  0.000000e+00
    outer loop
      vertex  6.942788e+01 -7.660444e+00  7.400000e+01
      vertex  6.873576e+01 -8.191521e+00  6.400000e+01
      vertex  6.942788e+01 -7.660444e+00  6.400000e+01
    endloop
  endfacet
  facet normal  6.755919e-01 -7.372757e-01  0.000000e+00
    outer loop
      vertex  6.942788e+01 -7.660444e+00  7.400000e+01
      vertex  6.942788e+01 -7.660444e+00  6.400000e+01
      vertex  7.007107e+01 -7.071068e+00  7.400000e+01
    endloop
  endfacet
  facet normal  6.755919e-01 -7.372757e-01  0.000000e+00
    outer loop
      vertex  7.007107e+01 -7.071068e+00  7.400000e+01
      vertex  6.942788e+01 -7.660444e+00  6.400000e+01
      vertex  7.007107e+01 -7.071068e+00  6.400000e+01
    endloop
  endfacet
  facet normal  7.372763e-01 -6.755912e-01  0.000000e+00
    outer loop
      vertex  7.007107e+01 -7.071068e+00  7.400000e+01
      vertex  7.007107e+01 -7.071068e+00  6.400000e+01
      vertex  7.066045e+01 -6.427876e+00  7.400000e+01
    endloop
  endfacet
  facet normal  7.372763e-01 -6.755912e-01  0.000000e+00
    outer loop
      vertex  7.066045e+01 -6.427876e+00  7.400000e+01
      vertex  7.007107e+01 -7.071068e+00  6.400000e+01
      vertex  7.066045e+01 -6.427876e+00  6.400000e+01
    endloop
  endfacet
  facet normal  7.933540e-01 -6.087605e-01  0.000000e+00
    outer loop
      vertex  7.066045e+01 -6.427876e+00  7.400000e+01
      vertex  7.066045e+01 -6.427876e+00  6.400000e+01
      vertex  7.119152e+01 -5.735765e+00  7.400000e+01
    endloop
  endfacet
  facet normal  7.933540e-01 -6.087605e-01  0.000000e+00
    outer loop
      vertex  7.119152e+01 -5.735765e+00  7.400000e+01
      vertex  7.066045e+01 -6.427876e+00  6.400000e+01
      vertex  7.119152e+01 -5.735765e+00  6.400000e+01
    endloop
  endfacet
  facet normal  8.433908e-01 -5.373004e-01  0.000000e+00
    outer loop
      vertex  7.119152e+01 -5.735765e+00  7.400000e+01
      vertex  7.119152e+01 -5.735765e+00  6.400000e+01
      vertex  7.166026e+01 -5.000000e+00  7.400000e+01
    endloop
  endfacet
  facet normal  8.433908e-01 -5.373004e-01  0.000000e+00
    outer loop
      vertex  7.166026e+01 -5.000000e+00  7.400000e+01
      vertex  7.119152e+01 -5.735765e+00  6.400000e+01
      vertex  7.166026e+01 -5.000000e+00  6.400000e+01
    endloop
  endfacet
  facet normal  8.870106e-01 -4.617490e-01  0.000000e+00
    outer loop
      vertex  7.166026e+01 -5.000000e+00  7.400000e+01
      vertex  7.166026e+01 -5.000000e+00  6.400000e+01
      vertex  7.206308e+01 -4.226182e+00  7.400000e+01
    endloop
  endfacet
  facet normal  8.870106e-01 -4.617490e-01  0.000000e+00
    outer loop
      vertex  7.206308e+01 -4.226182e+00  7.400000e+01
      vertex  7.166026e+01 -5.000000e+00  6.400000e+01
      vertex  7.206308e+01 -4.226182e+00  6.400000e+01
    endloop
  endfacet
  facet normal  9.238800e-01 -3.826823e-01  0.000000e+00
    outer loop
      vertex  7.206308e+01 -4.226182e+00  7.400000e+01
      vertex  7.206308e+01 -4.226182e+00  6.400000e+01
      vertex  7.239693e+01 -3.420202e+00  7.400000e+01
    endloop
  endfacet
  facet normal  9.238800e-01 -3.826823e-01  0.000000e+00
    outer loop
      vertex  7.239693e+01 -3.420202e+00  7.400000e+01
      vertex  7.206308e+01 -4.226182e+00  6.400000e+01
      vertex  7.239693e+01 -3.420202e+00  6.400000e+01
    endloop
  endfacet
  facet normal  9.537179e-01 -3.007027e-01  0.000000e+00
    outer loop
      vertex  7.239693e+01 -3.420202e+00  7.400000e+01
      vertex  7.239693e+01 -3.420202e+00  6.400000e+01
      vertex  7.265926e+01 -2.588191e+00  7.400000e+01
    endloop
  endfacet
  facet normal  9.537179e-01 -3.007027e-01  0.000000e+00
    outer loop
      vertex  7.265926e+01 -2.588191e+00  7.400000e+01
      vertex  7.239693e+01 -3.420202e+00  6.400000e+01
      vertex  7.265926e+01 -2.588191e+00  6.400000e+01
    endloop
  endfacet
  facet normal  9.762959e-01 -2.164403e-01  0.000000e+00
    outer loop
      vertex  7.265926e+01 -2.588191e+00  7.400000e+01
      vertex  7.265926e+01 -2.588191e+00  6.400000e+01
      vertex  7.284808e+01 -1.736482e+00  7.400000e+01
    endloop
  endfacet
  facet normal  9.762959e-01 -2.164403e-01  0.000000e+00
    outer loop
      vertex  7.284808e+01 -1.736482e+00  7.400000e+01
      vertex  7.265926e+01 -2.588191e+00  6.400000e+01
      vertex  7.284808e+01 -1.736482e+00  6.400000e+01
    endloop
  endfacet
  facet normal  9.914450e-01 -1.305254e-01  0.000000e+00
    outer loop
      vertex  7.284808e+01 -1.736482e+00  7.400000e+01
      vertex  7.284808e+01 -1.736482e+00  6.400000e+01
      vertex  7.296194e+01 -8.715574e-01  7.400000e+01
    endloop
  endfacet
  facet normal  9.914450e-01 -1.305254e-01  0.000000e+00
    outer loop
      vertex  7.296194e+01 -8.715574e-01  7.400000e+01
      vertex  7.284808e+01 -1.736482e+00  6.400000e+01
      vertex  7.296194e+01 -8.715574e-01  6.400000e+01
    endloop
  endfacet
  facet normal  9.990481e-01 -4.362213e-02  0.000000e+00
    outer loop
      vertex  7.296194e+01 -8.715574e-01  7.400000e+01
      vertex  7.296194e+01 -8.715574e-01  6.400000e+01
      vertex  7.300000e+01 -5.517100e-16  7.400000e+01
    endloop
  endfacet
  facet normal  9.990481e-01 -4.362213e-02  0.000000e+00
    outer loop
      vertex  7.300000e+01 -5.517100e-16  7.400000e+01
      vertex  7.296194e+01 -8.715574e-01  6.400000e+01
      vertex  7.300000e+01 -5.517100e-16  6.400000e+01
    endloop
  endfacet
  facet normal  0.000000e+00  1.000000e+00  0.000000e+00
    outer loop
      vertex  6.300000e+01  1.000000e+01  6.400000e+01
      vertex  4.400000e+01  1.000000e+01  6.400000e+01
      vertex  6.300000e+01  1.000000e+01  7.400000e+01
    endloop
  endfacet
  facet normal  0.000000e+00  1.000000e+00  0.000000e+00
    outer loop
      vertex  6.300000e+01  1.000000e+01  7.400000e+01
      vertex  4.400000e+01  1.000000e+01  6.400000e+01
      vertex  4.400000e+01  1.000000e+01  6.900000e+01
    endloop
  endfacet
  facet normal  0.000000e+00  1.000000e+00  -0.000000e+00
    outer loop
      vertex  6.300000e+01  1.000000e+01  7.400000e+01
      vertex  4.400000e+01  1.000000e+01  6.900000e+01
      vertex  4.174194e+01  1.000000e+01  7.400000e+01
    endloop
  endfacet
  facet normal  9.990481e-01  4.362213e-02  -0.000000e+00
    outer loop
      vertex  7.300000e+01 -5.517100e-16  7.400000e+01
      vertex  7.300000e+01 -5.517100e-16  6.400000e+01
      vertex  7.296194e+01  8.715574e-01  7.400000e+01
    endloop
  endfacet
  facet normal  9.990481e-01  4.362213e-02  0.000000e+00
    outer loop
      vertex  7.296194e+01  8.715574e-01  7.400000e+01
      vertex  7.300000e+01 -5.517100e-16  6.400000e+01
      vertex  7.296194e+01  8.715574e-01  6.400000e+01
    endloop
  endfacet
  facet normal  9.914450e-01  1.305254e-01  -0.000000e+00
    outer loop
      vertex  7.296194e+01  8.715574e-01  7.400000e+01
      vertex  7.296194e+01  8.715574e-01  6.400000e+01
      vertex  7.284808e+01  1.736482e+00  7.400000e+01
    endloop
  endfacet
  facet normal  9.914450e-01  1.305254e-01  0.000000e+00
    outer loop
      vertex  7.284808e+01  1.736482e+00  7.400000e+01
      vertex  7.296194e+01  8.715574e-01  6.400000e+01
      vertex  7.284808e+01  1.736482e+00  6.400000e+01
    endloop
  endfacet
  facet normal  9.762959e-01  2.164403e-01  -0.000000e+00
    outer loop
      vertex  7.284808e+01  1.736482e+00  7.400000e+01
      vertex  7.284808e+01  1.736482e+00  6.400000e+01
      vertex  7.265926e+01  2.588191e+00  7.400000e+01
    endloop
  endfacet
  facet normal  9.762959e-01  2.164403e-01  0.000000e+00
    outer loop
      vertex  7.265926e+01  2.588191e+00  7.400000e+01
      vertex  7.284808e+01  1.736482e+00  6.400000e+01
      vertex  7.265926e+01  2.588191e+00  6.400000e+01
    endloop
  endfacet
  facet normal  9.537179e-01  3.007027e-01  -0.000000e+00
    outer loop
      vertex  7.265926e+01  2.588191e+00  7.400000e+01
      vertex  7.265926e+01  2.588191e+00  6.400000e+01
      vertex  7.239693e+01  3.420202e+00  7.400000e+01
    endloop
  endfacet
  facet normal  9.537179e-01  3.007027e-01  0.000000e+00
    outer loop
      vertex  7.239693e+01  3.420202e+00  7.400000e+01
      vertex  7.265926e+01  2.588191e+00  6.400000e+01
      vertex  7.239693e+01  3.420202e+00  6.400000e+01
    endloop
  endfacet
  facet normal  9.238800e-01  3.826823e-01  -0.000000e+00
    outer loop
      vertex  7.239693e+01  3.420202e+00  7.400000e+01
      vertex  7.239693e+01  3.420202e+00  6.400000e+01
      vertex  7.206308e+01  4.226182e+00  7.400000e+01
    endloop
  endfacet
  facet normal  9.238800e-01  3.826823e-01  0.000000e+00
    outer loop
      vertex  7.206308e+01  4.226182e+00  7.400000e+01
      vertex  7.239693e+01  3.420202e+00  6.400000e+01
      vertex  7.206308e+01  4.226182e+00  6.400000e+01
    endloop
  endfacet
  facet normal  8.870106e-01  4.617490e-01  -0.000000e+00
    outer loop
      vertex  7.206308e+01  4.226182e+00  7.400000e+01
      vertex  7.206308e+01  4.226182e+00  6.400000e+01
      vertex  7.166026e+01  5.000000e+00  7.400000e+01
    endloop
  endfacet
  facet normal  8.870106e-01  4.617490e-01  0.000000e+00
    outer loop
      vertex  7.166026e+01  5.000000e+00  7.400000e+01
      vertex  7.206308e+01  4.226182e+00  6.400000e+01
      vertex  7.166026e+01  5.000000e+00  6.400000e+01
    endloop
  endfacet
  facet normal  8.433908e-01  5.373004e-01  -0.000000e+00
    outer loop
      vertex  7.166026e+01  5.000000e+00  7.400000e+01
      vertex  7.166026e+01  5.000000e+00  6.400000e+01
      vertex  7.119152e+01  5.735765e+00  7.400000e+01
    endloop
  endfacet
  facet normal  8.433908e-01  5.373004e-01  0.000000e+00
    outer loop
      vertex  7.119152e+01  5.735765e+00  7.400000e+01
      vertex  7.166026e+01  5.000000e+00  6.400000e+01
      vertex  7.119152e+01  5.735765e+00  6.400000e+01
    endloop
  endfacet
  facet normal  7.933540e-01  6.087605e-01  -0.000000e+00
    outer loop
      vertex  7.119152e+01  5.735765e+00  7.400000e+01
      vertex  7.119152e+01  5.735765e+00  6.400000e+01
      vertex  7.066045e+01  6.427876e+00  7.400000e+01
    endloop
  endfacet
  facet normal  7.933540e-01  6.087605e-01  0.000000e+00
    outer loop
      vertex  7.066045e+01  6.427876e+00  7.400000e+01
      vertex  7.119152e+01  5.735765e+00  6.400000e+01
      vertex  7.066045e+01  6.427876e+00  6.400000e+01
    endloop
  endfacet
  facet normal  7.372763e-01  6.755912e-01  -0.000000e+00
    outer loop
      vertex  7.066045e+01  6.427876e+00  7.400000e+01
      vertex  7.066045e+01  6.427876e+00  6.400000e+01
      vertex  7.007107e+01  7.071068e+00  7.400000e+01
    endloop
  endfacet
  facet normal  7.372763e-01  6.755912e-01  0.000000e+00
    outer loop
      vertex  7.007107e+01  7.071068e+00  7.400000e+01
      vertex  7.066045e+01  6.427876e+00  6.400000e+01
      vertex  7.007107e+01  7.071068e+00  6.400000e+01
    endloop
  endfacet
  facet normal  6.755919e-01  7.372757e-01  -0.000000e+00
    outer loop
      vertex  7.007107e+01  7.071068e+00  7.400000e+01
      vertex  7.007107e+01  7.071068e+00  6.400000e+01
      vertex  6.942788e+01  7.660444e+00  7.400000e+01
    endloop
  endfacet
  facet normal  6.755919e-01  7.372757e-01  0.000000e+00
    outer loop
      vertex  6.942788e+01  7.660444e+00  7.400000e+01
      vertex  7.007107e+01  7.071068e+00  6.400000e+01
      vertex  6.942788e+01  7.660444e+00  6.400000e+01
    endloop
  endfacet
  facet normal  6.087595e-01  7.933548e-01  -0.000000e+00
    outer loop
      vertex  6.942788e+01  7.660444e+00  7.400000e+01
      vertex  6.942788e+01  7.660444e+00  6.400000e+01
      vertex  6.873576e+01  8.191521e+00  7.400000e+01
    endloop
  endfacet
  facet normal  6.087595e-01  7.933548e-01  0.000000e+00
    outer loop
      vertex  6.873576e+01  8.191521e+00  7.400000e+01
      vertex  6.942788e+01  7.660444e+00  6.400000e+01
      vertex  6.873576e+01  8.191521e+00  6.400000e+01
    endloop
  endfacet
  facet normal  5.373002e-01  8.433911e-01  -0.000000e+00
    outer loop
      vertex  6.873576e+01  8.191521e+00  7.400000e+01
      vertex  6.873576e+01  8.191521e+00  6.400000e+01
      vertex  6.800000e+01  8.660254e+00  7.400000e+01
    endloop
  endfacet
  facet normal  5.373002e-01  8.433911e-01  0.000000e+00
    outer loop
      vertex  6.800000e+01  8.660254e+00  7.400000e+01
      vertex  6.873576e+01  8.191521e+00  6.400000e+01
      vertex  6.800000e+01  8.660254e+00  6.400000e+01
    endloop
  endfacet
  facet normal  4.617475e-01  8.870113e-01  -0.000000e+00
    outer loop
      vertex  6.800000e+01  8.660254e+00  7.400000e+01
      vertex  6.800000e+01  8.660254e+00  6.400000e+01
      vertex  6.722618e+01  9.063078e+00  7.400000e+01
    endloop
  endfacet
  facet normal  4.617475e-01  8.870113e-01  0.000000e+00
    outer loop
      vertex  6.722618e+01  9.063078e+00  7.400000e+01
      vertex  6.800000e+01  8.660254e+00  6.400000e+01
      vertex  6.722618e+01  9.063078e+00  6.400000e+01
    endloop
  endfacet
  facet normal  3.826849e-01  9.238790e-01  -0.000000e+00
    outer loop
      vertex  6.722618e+01  9.063078e+00  7.400000e+01
      vertex  6.722618e+01  9.063078e+00  6.400000e+01
      vertex  6.642020e+01  9.396926e+00  7.400000e+01
    endloop
  endfacet
  facet normal  3.826849e-01  9.238790e-01  0.000000e+00
    outer loop
      vertex  6.642020e+01  9.396926e+00  7.400000e+01
      vertex  6.722618e+01  9.063078e+00  6.400000e+01
      vertex  6.642020e+01  9.396926e+00  6.400000e+01
    endloop
  endfacet
  facet normal  3.007041e-01  9.537175e-01  -0.000000e+00
    outer loop
      vertex  6.642020e+01  9.396926e+00  7.400000e+01
      vertex  6.642020e+01  9.396926e+00  6.400000e+01
      vertex  6.558819e+01  9.659258e+00  7.400000e+01
    endloop
  endfacet
  facet normal  3.007041e-01  9.537175e-01  0.000000e+00
    outer loop
      vertex  6.558819e+01  9.659258e+00  7.400000e+01
      vertex  6.642020e+01  9.396926e+00  6.400000e+01
      vertex  6.558819e+01  9.659258e+00  6.400000e+01
    endloop
  endfacet
  facet normal  2.164406e-01  9.762958e-01  -0.000000e+00
    outer loop
      vertex  6.558819e+01  9.659258e+00  7.400000e+01
      vertex  6.558819e+01  9.659258e+00  6.400000e+01
      vertex  6.473648e+01  9.848078e+00  7.400000e+01
    endloop
  endfacet
  facet normal  2.164406e-01  9.762958e-01  0.000000e+00
    outer loop
      vertex  6.473648e+01  9.848078e+00  7.400000e+01
      vertex  6.558819e+01  9.659258e+00  6.400000e+01
      vertex  6.473648e+01  9.848078e+00  6.400000e+01
    endloop
  endfacet
  facet normal  1.305268e-01  9.914448e-01  -0.000000e+00
    outer loop
      vertex  6.473648e+01  9.848078e+00  7.400000e+01
      vertex  6.473648e+01  9.848078e+00  6.400000e+01
      vertex  6.387156e+01  9.961947e+00  7.400000e+01
    endloop
  endfacet
  facet normal  1.305268e-01  9.914448e-01  0.000000e+00
    outer loop
      vertex  6.387156e+01  9.961947e+00  7.400000e+01
      vertex  6.473648e+01  9.848078e+00  6.400000e+01
      vertex  6.387156e+01  9.961947e+00  6.400000e+01
    endloop
  endfacet
  facet normal  4.361878e-02  9.990483e-01  -0.000000e+00
    outer loop
      vertex  6.387156e+01  9.961947e+00  7.400000e+01
      vertex  6.387156e+01  9.961947e+00  6.400000e+01
      vertex  6.300000e+01  1.000000e+01  7.400000e+01
    endloop
  endfacet
  facet normal  4.361878e-02  9.990483e-01  0.000000e+00
    outer loop
      vertex  6.300000e+01  1.000000e+01  7.400000e+01
      vertex  6.387156e+01  9.961947e+00  6.400000e+01
      vertex  6.300000e+01  1.000000e+01  6.400000e+01
    endloop
  endfacet
  facet normal  1.000000e+00  0.000000e+00  0.000000e+00
    outer loop
      vertex  4.400000e+01  1.000000e+01  6.900000e+01
      vertex  4.400000e+01  1.000000e+01  6.400000e+01
      vertex  4.400000e+01  2.000000e+01  6.900000e+01
    endloop
  endfacet
  facet normal  1.000000e+00  0.000000e+00  0.000000e+00
    outer loop
      vertex  4.400000e+01  2.000000e+01  6.900000e+01
      vertex  4.400000e+01  1.000000e+01  6.400000e+01
      vertex  4.400000e+01  2.000000e+01  6.400000e+01
    endloop
  endfacet
  facet normal  1.000000e+00  0.000000e+00  0.000000e+00
    outer loop
      vertex  4.400000e+01 -2.000000e+01  6.900000e+01
      vertex  4.400000e+01 -2.000000e+01  6.400000e+01
      vertex  4.400000e+01 -1.000000e+01  6.900000e+01
    endloop
  endfacet
  facet normal  1.000000e+00  0.000000e+00  0.000000e+00
    outer loop
      vertex  4.400000e+01 -1.000000e+01  6.900000e+01
      vertex  4.400000e+01 -2.000000e+01  6.400000e+01
      vertex  4.400000e+01 -1.000000e+01  6.400000e+01
    endloop
  endfacet
  facet normal  0.000000e+00  9.999999e-01  -0.000000e+00
    outer loop
      vertex  4.400000e+01  2.000000e+01  6.900000e+01
      vertex  4.400000e+01  2.000000e+01  6.400000e+01
      vertex -4.400000e+01  2.000000e+01  6.900000e+01
    endloop
  endfacet
  facet normal  0.000000e+00  1.000000e+00  0.000000e+00
    outer loop
      vertex  4.400000e+01  2.000000e+01  6.900000e+01
      vertex -4.400000e+01  2.000000e+01  6.900000e+01
      vertex  4.959820e-15  2.000000e+01  7.300000e+01
    endloop
  endfacet
  facet normal  -0.000000e+00  1.000000e+00  0.000000e+00
    outer loop
      vertex  4.400000e+01  2.000000e+01  6.900000e+01
      vertex  4.959820e-15  2.000000e+01  7.300000e+01
      vertex  1.461751e+00  2.000000e+01  7.303960e+01
    endloop
  endfacet
  facet normal  -0.000000e+00  1.000000e+00  0.000000e+00
    outer loop
      vertex  4.400000e+01  2.000000e+01  6.900000e+01
      vertex  1.461751e+00  2.000000e+01  7.303960e+01
      vertex  2.919214e+00  2.000000e+01  7.315827e+01
    endloop
  endfacet
  facet normal  -0.000000e+00  1.000000e+00  0.000000e+00
    outer loop
      vertex  4.400000e+01  2.000000e+01  6.900000e+01
      vertex  2.919214e+00  2.000000e+01  7.315827e+01
      vertex  4.368114e+00  2.000000e+01  7.335568e+01
    endloop
  endfacet
  facet normal  -0.000000e+00  1.000000e+00  0.000000e+00
    outer loop
      vertex  4.400000e+01  2.000000e+01  6.900000e+01
      vertex  4.368114e+00  2.000000e+01  7.335568e+01
      vertex  5.804202e+00  2.000000e+01  7.363125e+01
    endloop
  endfacet
  facet normal  -0.000000e+00  1.000000e+00  0.000000e+00
    outer loop
      vertex  4.400000e+01  2.000000e+01  6.900000e+01
      vertex  5.804202e+00  2.000000e+01  7.363125e+01
      vertex  7.223265e+00  2.000000e+01  7.398415e+01
    endloop
  endfacet
  facet normal  -0.000000e+00  9.999999e-01  0.000000e+00
    outer loop
      vertex  4.400000e+01  2.000000e+01  6.900000e+01
      vertex  7.223265e+00  2.000000e+01  7.398415e+01
      vertex  8.621141e+00  2.000000e+01  7.441336e+01
    endloop
  endfacet
  facet normal  -0.000000e+00  1.000000e+00  0.000000e+00
    outer loop
      vertex  4.400000e+01  2.000000e+01  6.900000e+01
      vertex  8.621141e+00  2.000000e+01  7.441336e+01
      vertex  9.993731e+00  2.000000e+01  7.491763e+01
    endloop
  endfacet
  facet normal  -0.000000e+00  1.000000e+00  0.000000e+00
    outer loop
      vertex  4.400000e+01  2.000000e+01  6.900000e+01
      vertex  9.993731e+00  2.000000e+01  7.491763e+01
      vertex  1.133701e+01  2.000000e+01  7.549546e+01
    endloop
  endfacet
  facet normal  -0.000000e+00  1.000000e+00  0.000000e+00
    outer loop
      vertex  4.400000e+01  2.000000e+01  6.900000e+01
      vertex  1.133701e+01  2.000000e+01  7.549546e+01
      vertex  1.264703e+01  2.000000e+01  7.614517e+01
    endloop
  endfacet
  facet normal  -0.000000e+00  1.000000e+00  0.000000e+00
    outer loop
      vertex  4.400000e+01  2.000000e+01  6.900000e+01
      vertex  1.264703e+01  2.000000e+01  7.614517e+01
      vertex  1.391995e+01  2.000000e+01  7.686485e+01
    endloop
  endfacet
  facet normal  -0.000000e+00  1.000000e+00  0.000000e+00
    outer loop
      vertex  4.400000e+01  2.000000e+01  6.900000e+01
      vertex  1.391995e+01  2.000000e+01  7.686485e+01
      vertex  1.515205e+01  2.000000e+01  7.765240e+01
    endloop
  endfacet
  facet normal  -0.000000e+00  1.000000e+00  0.000000e+00
    outer loop
      vertex  4.400000e+01  2.000000e+01  6.900000e+01
      vertex  1.515205e+01  2.000000e+01  7.765240e+01
      vertex  1.633970e+01  2.000000e+01  7.850549e+01
    endloop
  endfacet
  facet normal  -0.000000e+00  1.000000e+00  0.000000e+00
    outer loop
      vertex  4.400000e+01  2.000000e+01  6.900000e+01
      vertex  1.633970e+01  2.000000e+01  7.850549e+01
      vertex  1.747943e+01  2.000000e+01  7.942162e+01
    endloop
  endfacet
  facet normal  -0.000000e+00  1.000000e+00  0.000000e+00
    outer loop
      vertex  4.400000e+01  2.000000e+01  6.900000e+01
      vertex  1.747943e+01  2.000000e+01  7.942162e+01
      vertex  1.856788e+01  2.000000e+01  8.039812e+01
    endloop
  endfacet
  facet normal  -0.000000e+00  1.000000e+00  0.000000e+00
    outer loop
      vertex  4.400000e+01  2.000000e+01  6.900000e+01
      vertex  1.856788e+01  2.000000e+01  8.039812e+01
      vertex  1.960188e+01  2.000000e+01  8.143211e+01
    endloop
  endfacet
  facet normal  -0.000000e+00  1.000000e+00  0.000000e+00
    outer loop
      vertex  4.400000e+01  2.000000e+01  6.900000e+01
      vertex  1.960188e+01  2.000000e+01  8.143211e+01
      vertex  2.057837e+01  2.000000e+01  8.252057e+01
    endloop
  endfacet
  facet normal  -0.000000e+00  1.000000e+00  0.000000e+00
    outer loop
      vertex  4.400000e+01  2.000000e+01  6.900000e+01
      vertex  2.057837e+01  2.000000e+01  8.252057e+01
      vertex  2.149451e+01  2.000000e+01  8.366029e+01
    endloop
  endfacet
  facet normal  -0.000000e+00  1.000000e+00  0.000000e+00
    outer loop
      vertex  4.400000e+01  2.000000e+01  6.900000e+01
      vertex  2.149451e+01  2.000000e+01  8.366029e+01
      vertex  2.234760e+01  2.000000e+01  8.484795e+01
    endloop
  endfacet
  facet normal  -0.000000e+00  1.000000e+00  0.000000e+00
    outer loop
      vertex  4.400000e+01  2.000000e+01  6.900000e+01
      vertex  2.234760e+01  2.000000e+01  8.484795e+01
      vertex  2.313514e+01  2.000000e+01  8.608005e+01
    endloop
  endfacet
  facet normal  -0.000000e+00  1.000000e+00  0.000000e+00
    outer loop
      vertex  4.400000e+01  2.000000e+01  6.900000e+01
      vertex  2.313514e+01  2.000000e+01  8.608005e+01
      vertex  2.385483e+01  2.000000e+01  8.735297e+01
    endloop
  endfacet
  facet normal  -0.000000e+00  1.000000e+00  0.000000e+00
    outer loop
      vertex  4.400000e+01  2.000000e+01  6.900000e+01
      vertex  2.385483e+01  2.000000e+01  8.735297e+01
      vertex  2.450454e+01  2.000000e+01  8.866299e+01
    endloop
  endfacet
  facet normal  -0.000000e+00  1.000000e+00  0.000000e+00
    outer loop
      vertex  4.400000e+01  2.000000e+01  6.900000e+01
      vertex  2.450454e+01  2.000000e+01  8.866299e+01
      vertex  2.508237e+01  2.000000e+01  9.000627e+01
    endloop
  endfacet
  facet normal  -0.000000e+00  1.000000e+00  0.000000e+00
    outer loop
      vertex  4.400000e+01  2.000000e+01  6.900000e+01
      vertex  2.508237e+01  2.000000e+01  9.000627e+01
      vertex  2.558664e+01  2.000000e+01  9.137886e+01
    endloop
  endfacet
  facet normal  -0.000000e+00  1.000000e+00  0.000000e+00
    outer loop
      vertex  4.400000e+01  2.000000e+01  6.900000e+01
      vertex  2.558664e+01  2.000000e+01  9.137886e+01
      vertex  2.601585e+01  2.000000e+01  9.277673e+01
    endloop
  endfacet
  facet normal  -0.000000e+00  1.000000e+00  0.000000e+00
    outer loop
      vertex  4.400000e+01  2.000000e+01  6.900000e+01
      vertex  2.601585e+01  2.000000e+01  9.277673e+01
      vertex  2.636876e+01  2.000000e+01  9.419580e+01
    endloop
  endfacet
  facet normal  -0.000000e+00  1.000000e+00  0.000000e+00
    outer loop
      vertex  4.400000e+01  2.000000e+01  6.900000e+01
      vertex  2.636876e+01  2.000000e+01  9.419580e+01
      vertex  2.664432e+01  2.000000e+01  9.563189e+01
    endloop
  endfacet
  facet normal  -0.000000e+00  9.999999e-01  0.000000e+00
    outer loop
      vertex  4.400000e+01  2.000000e+01  6.900000e+01
      vertex  2.664432e+01  2.000000e+01  9.563189e+01
      vertex  2.684172e+01  2.000000e+01  9.708079e+01
    endloop
  endfacet
  facet normal  -0.000000e+00  1.000000e+00  0.000000e+00
    outer loop
      vertex  4.400000e+01  2.000000e+01  6.900000e+01
      vertex  2.684172e+01  2.000000e+01  9.708079e+01
      vertex  2.696040e+01  2.000000e+01  9.853825e+01
    endloop
  endfacet
  facet normal  -0.000000e+00  1.000000e+00  0.000000e+00
    outer loop
      vertex  4.400000e+01  2.000000e+01  6.900000e+01
      vertex  2.696040e+01  2.000000e+01  9.853825e+01
      vertex  2.700000e+01  2.000000e+01  1.000000e+02
    endloop
  endfacet
  facet normal  -0.000000e+00  1.000000e+00  0.000000e+00
    outer loop
      vertex  4.400000e+01  2.000000e+01  6.900000e+01
      vertex  2.700000e+01  2.000000e+01  1.000000e+02
      vertex  3.000000e+01  2.000000e+01  1.000000e+02
    endloop
  endfacet
  facet normal  -0.000000e+00  1.000000e+00  0.000000e+00
    outer loop
      vertex -4.400000e+01  2.000000e+01  6.900000e+01
      vertex -3.000000e+01  2.000000e+01  1.000000e+02
      vertex -2.700000e+01  2.000000e+01  1.000000e+02
    endloop
  endfacet
  facet normal  0.000000e+00  9.999999e-01  0.000000e+00
    outer loop
      vertex -4.400000e+01  2.000000e+01  6.900000e+01
      vertex -2.700000e+01  2.000000e+01  1.000000e+02
      vertex -2.696040e+01  2.000000e+01  9.853825e+01
    endloop
  endfacet
  facet normal  0.000000e+00  1.000000e+00  0.000000e+00
    outer loop
      vertex -4.400000e+01  2.000000e+01  6.900000e+01
      vertex -2.696040e+01  2.000000e+01  9.853825e+01
      vertex -2.684172e+01  2.000000e+01  9.708079e+01
    endloop
  endfacet
  facet normal  0.000000e+00  9.999999e-01  0.000000e+00
    outer loop
      vertex -4.400000e+01  2.000000e+01  6.900000e+01
      vertex -2.684172e+01  2.000000e+01  9.708079e+01
      vertex -2.664432e+01  2.000000e+01  9.563189e+01
    endloop
  endfacet
  facet normal  0.000000e+00  1.000000e+00  0.000000e+00
    outer loop
      vertex -4.400000e+01  2.000000e+01  6.900000e+01
      vertex -2.664432e+01  2.000000e+01  9.563189e+01
      vertex -2.636876e+01  2.000000e+01  9.419580e+01
    endloop
  endfacet
  facet normal  0.000000e+00  1.000000e+00  0.000000e+00
    outer loop
      vertex -4.400000e+01  2.000000e+01  6.900000e+01
      vertex -2.636876e+01  2.000000e+01  9.419580e+01
      vertex -2.601585e+01  2.000000e+01  9.277673e+01
    endloop
  endfacet
  facet normal  0.000000e+00  1.000000e+00  0.000000e+00
    outer loop
      vertex -4.400000e+01  2.000000e+01  6.900000e+01
      vertex -2.601585e+01  2.000000e+01  9.277673e+01
      vertex -2.558664e+01  2.000000e+01  9.137886e+01
    endloop
  endfacet
  facet normal  0.000000e+00  1.000000e+00  0.000000e+00
    outer loop
      vertex -4.400000e+01  2.000000e+01  6.900000e+01
      vertex -2.558664e+01  2.000000e+01  9.137886e+01
      vertex -2.508237e+01  2.000000e+01  9.000627e+01
    endloop
  endfacet
  facet normal  0.000000e+00  1.000000e+00  0.000000e+00
    outer loop
      vertex -4.400000e+01  2.000000e+01  6.900000e+01
      vertex -2.508237e+01  2.000000e+01  9.000627e+01
      vertex -2.450454e+01  2.000000e+01  8.866299e+01
    endloop
  endfacet
  facet normal  0.000000e+00  1.000000e+00  0.000000e+00
    outer loop
      vertex -4.400000e+01  2.000000e+01  6.900000e+01
      vertex -2.450454e+01  2.000000e+01  8.866299e+01
      vertex -2.385483e+01  2.000000e+01  8.735297e+01
    endloop
  endfacet
  facet normal  0.000000e+00  1.000000e+00  0.000000e+00
    outer loop
      vertex -4.400000e+01  2.000000e+01  6.900000e+01
      vertex -2.385483e+01  2.000000e+01  8.735297e+01
      vertex -2.313514e+01  2.000000e+01  8.608005e+01
    endloop
  endfacet
  facet normal  0.000000e+00  1.000000e+00  0.000000e+00
    outer loop
      vertex -4.400000e+01  2.000000e+01  6.900000e+01
      vertex -2.313514e+01  2.000000e+01  8.608005e+01
      vertex -2.234760e+01  2.000000e+01  8.484795e+01
    endloop
  endfacet
  facet normal  0.000000e+00  1.000000e+00  0.000000e+00
    outer loop
      vertex -4.400000e+01  2.000000e+01  6.900000e+01
      vertex -2.234760e+01  2.000000e+01  8.484795e+01
      vertex -2.149451e+01  2.000000e+01  8.366029e+01
    endloop
  endfacet
  facet normal  0.000000e+00  1.000000e+00  0.000000e+00
    outer loop
      vertex -4.400000e+01  2.000000e+01  6.900000e+01
      vertex -2.149451e+01  2.000000e+01  8.366029e+01
      vertex -2.057837e+01  2.000000e+01  8.252057e+01
    endloop
  endfacet
  facet normal  0.000000e+00  1.000000e+00  0.000000e+00
    outer loop
      vertex -4.400000e+01  2.000000e+01  6.900000e+01
      vertex -2.057837e+01  2.000000e+01  8.252057e+01
      vertex -1.960188e+01  2.000000e+01  8.143211e+01
    endloop
  endfacet
  facet normal  0.000000e+00  1.000000e+00  0.000000e+00
    outer loop
      vertex -4.400000e+01  2.000000e+01  6.900000e+01
      vertex -1.960188e+01  2.000000e+01  8.143211e+01
      vertex -1.856788e+01  2.000000e+01  8.039812e+01
    endloop
  endfacet
  facet normal  0.000000e+00  1.000000e+00  0.000000e+00
    outer loop
      vertex -4.400000e+01  2.000000e+01  6.900000e+01
      vertex -1.856788e+01  2.000000e+01  8.039812e+01
      vertex -1.747943e+01  2.000000e+01  7.942162e+01
    endloop
  endfacet
  facet normal  0.000000e+00  1.000000e+00  0.000000e+00
    outer loop
      vertex -4.400000e+01  2.000000e+01  6.900000e+01
      vertex -1.747943e+01  2.000000e+01  7.942162e+01
      vertex -1.633970e+01  2.000000e+01  7.850549e+01
    endloop
  endfacet
  facet normal  0.000000e+00  1.000000e+00  0.000000e+00
    outer loop
      vertex -4.400000e+01  2.000000e+01  6.900000e+01
      vertex -1.633970e+01  2.000000e+01  7.850549e+01
      vertex -1.515205e+01  2.000000e+01  7.765240e+01
    endloop
  endfacet
  facet normal  0.000000e+00  1.000000e+00  0.000000e+00
    outer loop
      vertex -4.400000e+01  2.000000e+01  6.900000e+01
      vertex -1.515205e+01  2.000000e+01  7.765240e+01
      vertex -1.391995e+01  2.000000e+01  7.686485e+01
    endloop
  endfacet
  facet normal  0.000000e+00  1.000000e+00  0.000000e+00
    outer loop
      vertex -4.400000e+01  2.000000e+01  6.900000e+01
      vertex -1.391995e+01  2.000000e+01  7.686485e+01
      vertex -1.264703e+01  2.000000e+01  7.614517e+01
    endloop
  endfacet
  facet normal  0.000000e+00  1.000000e+00  0.000000e+00
    outer loop
      vertex -4.400000e+01  2.000000e+01  6.900000e+01
      vertex -1.264703e+01  2.000000e+01  7.614517e+01
      vertex -1.133701e+01  2.000000e+01  7.549546e+01
    endloop
  endfacet
  facet normal  0.000000e+00  1.000000e+00  0.000000e+00
    outer loop
      vertex -4.400000e+01  2.000000e+01  6.900000e+01
      vertex -1.133701e+01  2.000000e+01  7.549546e+01
      vertex -9.993731e+00  2.000000e+01  7.491763e+01
    endloop
  endfacet
  facet normal  0.000000e+00  1.000000e+00  0.000000e+00
    outer loop
      vertex -4.400000e+01  2.000000e+01  6.900000e+01
      vertex -9.993731e+00  2.000000e+01  7.491763e+01
      vertex -8.621141e+00  2.000000e+01  7.441336e+01
    endloop
  endfacet
  facet normal  0.000000e+00  9.999999e-01  0.000000e+00
    outer loop
      vertex -4.400000e+01  2.000000e+01  6.900000e+01
      vertex -8.621141e+00  2.000000e+01  7.441336e+01
      vertex -7.223265e+00  2.000000e+01  7.398415e+01
    endloop
  endfacet
  facet normal  0.000000e+00  1.000000e+00  0.000000e+00
    outer loop
      vertex -4.400000e+01  2.000000e+01  6.900000e+01
      vertex -7.223265e+00  2.000000e+01  7.398415e+01
      vertex -5.804202e+00  2.000000e+01  7.363125e+01
    endloop
  endfacet
  facet normal  0.000000e+00  1.000000e+00  0.000000e+00
    outer loop
      vertex -4.400000e+01  2.000000e+01  6.900000e+01
      vertex -5.804202e+00  2.000000e+01  7.363125e+01
      vertex -4.368114e+00  2.000000e+01  7.335568e+01
    endloop
  endfacet
  facet normal  0.000000e+00  1.000000e+00  0.000000e+00
    outer loop
      vertex -4.400000e+01  2.000000e+01  6.900000e+01
      vertex -4.368114e+00  2.000000e+01  7.335568e+01
      vertex -2.919214e+00  2.000000e+01  7.315827e+01
    endloop
  endfacet
  facet normal  0.000000e+00  1.000000e+00  0.000000e+00
    outer loop
      vertex -4.400000e+01  2.000000e+01  6.900000e+01
      vertex -2.919214e+00  2.000000e+01  7.315827e+01
      vertex -1.461751e+00  2.000000e+01  7.303960e+01
    endloop
  endfacet
  facet normal  0.000000e+00  1.000000e+00  0.000000e+00
    outer loop
      vertex -4.400000e+01  2.000000e+01  6.900000e+01
      vertex -1.461751e+00  2.000000e+01  7.303960e+01
      vertex  4.959820e-15  2.000000e+01  7.300000e+01
    endloop
  endfacet
  facet normal  0.000000e+00  1.000000e+00  0.000000e+00
    outer loop
      vertex -4.400000e+01  2.000000e+01  6.900000e+01
      vertex  4.400000e+01  2.000000e+01  6.400000e+01
      vertex  3.800000e+01  2.000000e+01  6.400000e+01
    endloop
  endfacet
  facet normal  0.000000e+00  1.000000e+00  0.000000e+00
    outer loop
      vertex -4.400000e+01  2.000000e+01  6.900000e+01
      vertex  3.800000e+01  2.000000e+01  6.400000e+01
      vertex -3.800000e+01  2.000000e+01  6.400000e+01
    endloop
  endfacet
  facet normal  0.000000e+00  1.000000e+00  0.000000e+00
    outer loop
      vertex -4.400000e+01  2.000000e+01  6.900000e+01
      vertex -3.800000e+01  2.000000e+01  6.400000e+01
      vertex -4.400000e+01  2.000000e+01  6.400000e+01
    endloop
  endfacet
  facet normal  0.000000e+00  1.000000e+00  0.000000e+00
    outer loop
      vertex  3.800000e+01  2.000000e+01  0.000000e+00
      vertex  1.800000e+01  2.000000e+01  0.000000e+00
      vertex  3.800000e+01  2.000000e+01  6.400000e+01
    endloop
  endfacet
  facet normal  0.000000e+00  1.000000e+00  0.000000e+00
    outer loop
      vertex  3.800000e+01  2.000000e+01  6.400000e+01
      vertex  1.800000e+01  2.000000e+01  0.000000e+00
      vertex  1.800000e+01  2.000000e+01  2.000000e+01
    endloop
  endfacet
  facet normal  0.000000e+00  9.999999e-01  -0.000000e+00
    outer loop
      vertex  3.800000e+01  2.000000e+01  6.400000e+01
      vertex  1.800000e+01  2.000000e+01  2.000000e+01
      vertex -3.800000e+01  2.000000e+01  6.400000e+01
    endloop
  endfacet
  facet normal  0.000000e+00  1.000000e+00  0.000000e+00
    outer loop
      vertex -3.800000e+01  2.000000e+01  6.400000e+01
      vertex  1.800000e+01  2.000000e+01  2.000000e+01
      vertex -1.800000e+01  2.000000e+01  2.000000e+01
    endloop
  endfacet
  facet normal  0.000000e+00  1.000000e+00  0.000000e+00
    outer loop
      vertex -3.800000e+01  2.000000e+01  6.400000e+01
      vertex -1.800000e+01  2.000000e+01  2.000000e+01
      vertex -3.800000e+01  2.000000e+01  0.000000e+00
    endloop
  endfacet
  facet normal  0.000000e+00  1.000000e+00  0.000000e+00
    outer loop
      vertex -3.800000e+01  2.000000e+01  0.000000e+00
      vertex -1.800000e+01  2.000000e+01  2.000000e+01
      vertex -1.800000e+01  2.000000e+01  0.000000e+00
    endloop
  endfacet
  facet normal -1.000000e+00  0.000000e+00  0.000000e+00
    outer loop
      vertex -3.800000e+01  2.000000e+01  6.400000e+01
      vertex -3.800000e+01  2.000000e+01  0.000000e+00
      vertex -3.800000e+01 -2.000000e+01  6.400000e+01
    endloop
  endfacet
  facet normal -1.000000e+00  0.000000e+00  0.000000e+00
    outer loop
      vertex -3.800000e+01 -2.000000e+01  6.400000e+01
      vertex -3.800000e+01  2.000000e+01  0.000000e+00
      vertex -3.800000e+01 -2.000000e+01  0.000000e+00
    endloop
  endfacet
  facet normal  0.000000e+00  0.000000e+00 -1.000000e+00
    outer loop
      vertex -1.800000e+01  2.000000e+01  0.000000e+00
      vertex -1.800000e+01 -2.000000e+01  0.000000e+00
      vertex -3.800000e+01  2.000000e+01  0.000000e+00
    endloop
  endfacet
  facet normal  0.000000e+00  0.000000e+00 -1.000000e+00
    outer loop
      vertex -3.800000e+01  2.000000e+01  0.000000e+00
      vertex -1.800000e+01 -2.000000e+01  0.000000e+00
      vertex -3.800000e+01 -2.000000e+01  0.000000e+00
    endloop
  endfacet
  facet normal  1.000000e+00  0.000000e+00  0.000000e+00
    outer loop
      vertex -1.800000e+01 -2.000000e+01  0.000000e+00
      vertex -1.800000e+01  2.000000e+01  0.000000e+00
      vertex -1.800000e+01 -2.000000e+01  2.000000e+01
    endloop
  endfacet
  facet normal  1.000000e+00  -0.000000e+00  0.000000e+00
    outer loop
      vertex -1.800000e+01 -2.000000e+01  2.000000e+01
      vertex -1.800000e+01  2.000000e+01  0.000000e+00
      vertex -1.800000e+01  2.000000e+01  2.000000e+01
    endloop
  endfacet
  facet normal  0.000000e+00  0.000000e+00 -1.000000e+00
    outer loop
      vertex  1.800000e+01 -2.000000e+01  2.000000e+01
      vertex -1.800000e+01 -2.000000e+01  2.000000e+01
      vertex  1.800000e+01  2.000000e+01  2.000000e+01
    endloop
  endfacet
  facet normal  -0.000000e+00  0.000000e+00 -1.000000e+00
    outer loop
      vertex  1.800000e+01  2.000000e+01  2.000000e+01
      vertex -1.800000e+01 -2.000000e+01  2.000000e+01
      vertex -1.800000e+01  2.000000e+01  2.000000e+01
    endloop
  endfacet
  facet normal -1.000000e+00  0.000000e+00  0.000000e+00
    outer loop
      vertex  1.800000e+01 -2.000000e+01  0.000000e+00
      vertex  1.800000e+01 -2.000000e+01  2.000000e+01
      vertex  1.800000e+01  2.000000e+01  0.000000e+00
    endloop
  endfacet
  facet normal -1.000000e+00  0.000000e+00  0.000000e+00
    outer loop
      vertex  1.800000e+01  2.000000e+01  0.000000e+00
      vertex  1.800000e+01 -2.000000e+01  2.000000e+01
      vertex  1.800000e+01  2.000000e+01  2.000000e+01
    endloop
  endfacet
  facet normal  0.000000e+00  0.000000e+00 -1.000000e+00
    outer loop
      vertex  3.800000e+01  2.000000e+01  0.000000e+00
      vertex  3.800000e+01 -2.000000e+01  0.000000e+00
      vertex  1.800000e+01  2.000000e+01  0.000000e+00
    endloop
  endfacet
  facet normal  0.000000e+00  0.000000e+00 -1.000000e+00
    outer loop
      vertex  1.800000e+01  2.000000e+01  0.000000e+00
      vertex  3.800000e+01 -2.000000e+01  0.000000e+00
      vertex  1.800000e+01 -2.000000e+01  0.000000e+00
    endloop
  endfacet
  facet normal  1.000000e+00  -0.000000e+00  0.000000e+00
    outer loop
      vertex  3.800000e+01  2.000000e+01  6.400000e+01
      vertex  3.800000e+01 -2.000000e+01  6.400000e+01
      vertex  3.800000e+01  2.000000e+01  0.000000e+00
    endloop
  endfacet
  facet normal  1.000000e+00  0.000000e+00  0.000000e+00
    outer loop
      vertex  3.800000e+01  2.000000e+01  0.000000e+00
      vertex  3.800000e+01 -2.000000e+01  6.400000e+01
      vertex  3.800000e+01 -2.000000e+01  0.000000e+00
    endloop
  endfacet
endsolid CATIA STL
