solid CATIA STL
  facet normal  3.673760e-04 -1.934366e-01  9.811128e-01
    outer loop
      vertex  7.216121e-07 -8.477370e+00  3.909136e+01
      vertex  4.344999e-01 -6.986502e+00  3.938514e+01
      vertex -1.644279e-01 -6.998068e+00  3.938308e+01
    endloop
  endfacet
  facet normal  0.000000e+00 -3.551178e-01  9.348217e-01
    outer loop
      vertex -1.000000e+01 -1.500000e+01  3.708099e+01
      vertex  7.216121e-07 -1.340304e+01  3.768764e+01
      vertex -1.000000e+01 -1.340304e+01  3.768764e+01
    endloop
  endfacet
  facet normal -7.502968e-06 -1.722967e-01  9.850450e-01
    outer loop
      vertex -1.000000e+01 -6.800526e+00  3.941767e+01
      vertex -8.524926e-01 -6.947896e+00  3.939196e+01
      vertex -1.532023e+00 -6.830293e+00  3.941253e+01
    endloop
  endfacet
  facet normal -8.419957e-04 -1.004528e-01  9.949414e-01
    outer loop
      vertex -1.000000e+01 -3.412706e+00  3.985415e+01
      vertex -5.539127e+00 -4.279961e+00  3.977037e+01
      vertex -5.936028e+00 -3.709929e+00  3.982758e+01
    endloop
  endfacet
  facet normal  2.185858e-04 -8.607180e-02  9.962890e-01
    outer loop
      vertex -5.936028e+00 -3.709929e+00  3.982758e+01
      vertex -6.233298e+00 -3.185277e+00  3.987297e+01
      vertex -1.000000e+01 -3.412706e+00  3.985415e+01
    endloop
  endfacet
  facet normal  3.144349e-04 -4.431663e-02  9.990174e-01
    outer loop
      vertex -6.687546e+00 -2.068026e+00  3.994650e+01
      vertex -6.840960e+00 -1.483670e+00  3.997247e+01
      vertex -1.000000e+01 -1.707911e+00  3.996352e+01
    endloop
  endfacet
  facet normal -1.816428e-03  2.420249e-02  9.997054e-01
    outer loop
      vertex -1.000000e+01  1.707911e+00  3.996352e+01
      vertex -6.970619e+00  6.406790e-01  3.999486e+01
      vertex -6.882753e+00  1.275818e+00  3.997964e+01
    endloop
  endfacet
  facet normal  3.231330e-04  3.961963e-02  9.992148e-01
    outer loop
      vertex -6.882753e+00  1.275818e+00  3.997964e+01
      vertex -6.737216e+00  1.899979e+00  3.995485e+01
      vertex -1.000000e+01  1.707911e+00  3.996352e+01
    endloop
  endfacet
  facet normal -5.275370e-04  1.149055e-01  9.933763e-01
    outer loop
      vertex -1.000000e+01  5.111278e+00  3.967209e+01
      vertex -5.511149e+00  4.315928e+00  3.976648e+01
      vertex -5.056512e+00  4.840628e+00  3.970602e+01
    endloop
  endfacet
  facet normal  1.360401e-04  1.268437e-01  9.919227e-01
    outer loop
      vertex -5.056512e+00  4.840628e+00  3.970602e+01
      vertex -4.552204e+00  5.317653e+00  3.964495e+01
      vertex -1.000000e+01  5.111278e+00  3.967209e+01
    endloop
  endfacet
  facet normal  2.123470e-06 -1.716842e-01  9.851521e-01
    outer loop
      vertex  1.000000e+01 -6.800526e+00  3.941767e+01
      vertex  1.618012e+00 -6.810436e+00  3.941596e+01
      vertex  1.030137e+00 -6.923786e+00  3.939621e+01
    endloop
  endfacet
  facet normal  1.943141e-03 -6.274956e-02  9.980274e-01
    outer loop
      vertex  6.413518e+00 -2.804779e+00  3.990154e+01
      vertex  1.000000e+01 -1.707911e+00  3.996352e+01
      vertex  6.659656e+00 -2.156152e+00  3.994184e+01
    endloop
  endfacet
  facet normal -3.872174e-04 -4.542891e-02  9.989675e-01
    outer loop
      vertex  6.659656e+00 -2.156152e+00  3.994184e+01
      vertex  1.000000e+01 -1.707911e+00  3.996352e+01
      vertex  6.840483e+00 -1.485866e+00  3.997239e+01
    endloop
  endfacet
  facet normal  1.262460e-03  1.855207e-01  9.826396e-01
    outer loop
      vertex  1.000000e+01  8.477370e+00  3.909136e+01
      vertex  4.103292e-01  6.987963e+00  3.938488e+01
      vertex  1.048110e+00  6.921088e+00  3.939668e+01
    endloop
  endfacet
  facet normal  7.693878e-05 -1.489324e-01  9.888474e-01
    outer loop
      vertex -1.000000e+01 -5.111278e+00  3.967209e+01
      vertex -1.000000e+01 -6.800526e+00  3.941767e+01
      vertex -1.532023e+00 -6.830293e+00  3.941253e+01
    endloop
  endfacet
  facet normal -1.480576e-02 -2.202061e-01  9.753410e-01
    outer loop
      vertex -1.000000e+01 -5.111278e+00  3.967209e+01
      vertex -1.532023e+00 -6.830293e+00  3.941253e+01
      vertex -2.196295e+00 -6.646524e+00  3.944394e+01
    endloop
  endfacet
  facet normal -6.571328e-03 -1.795953e-01  9.837186e-01
    outer loop
      vertex -1.000000e+01 -5.111278e+00  3.967209e+01
      vertex -2.196295e+00 -6.646524e+00  3.944394e+01
      vertex -2.838823e+00 -6.398522e+00  3.948492e+01
    endloop
  endfacet
  facet normal -3.478966e-03 -1.628181e-01  9.866500e-01
    outer loop
      vertex -1.000000e+01 -5.111278e+00  3.967209e+01
      vertex -2.838823e+00 -6.398522e+00  3.948492e+01
      vertex -3.453428e+00 -6.088829e+00  3.953386e+01
    endloop
  endfacet
  facet normal -1.504819e-03 -1.498876e-01  9.887019e-01
    outer loop
      vertex -1.000000e+01 -5.111278e+00  3.967209e+01
      vertex -3.453428e+00 -6.088829e+00  3.953386e+01
      vertex -4.039977e+00 -5.716519e+00  3.958941e+01
    endloop
  endfacet
  facet normal -2.622374e-04 -1.378899e-01  9.904475e-01
    outer loop
      vertex -1.000000e+01 -5.111278e+00  3.967209e+01
      vertex -4.039977e+00 -5.716519e+00  3.958941e+01
      vertex -4.586518e+00 -5.288086e+00  3.964891e+01
    endloop
  endfacet
  facet normal  1.306236e-04 -1.260678e-01  9.920216e-01
    outer loop
      vertex -1.000000e+01 -5.111278e+00  3.967209e+01
      vertex -4.586518e+00 -5.288086e+00  3.964891e+01
      vertex -5.087838e+00 -4.807692e+00  3.971003e+01
    endloop
  endfacet
  facet normal -6.187940e-04 -1.141224e-01  9.934665e-01
    outer loop
      vertex -1.000000e+01 -5.111278e+00  3.967209e+01
      vertex -5.087838e+00 -4.807692e+00  3.971003e+01
      vertex -5.539127e+00 -4.279961e+00  3.977037e+01
    endloop
  endfacet
  facet normal -2.043967e-03 -1.065737e-01  9.943026e-01
    outer loop
      vertex -1.000000e+01 -5.111278e+00  3.967209e+01
      vertex -5.539127e+00 -4.279961e+00  3.977037e+01
      vertex -1.000000e+01 -3.412706e+00  3.985415e+01
    endloop
  endfacet
  facet normal -1.317642e-03 -2.135451e-02  9.997711e-01
    outer loop
      vertex -1.000000e+01  2.449294e-15  4.000000e+01
      vertex -1.000000e+01 -1.707911e+00  3.996352e+01
      vertex -6.840960e+00 -1.483670e+00  3.997247e+01
    endloop
  endfacet
  facet normal -5.673132e-03 -3.062350e-02  9.995149e-01
    outer loop
      vertex -1.000000e+01  2.449294e-15  4.000000e+01
      vertex -6.840960e+00 -1.483670e+00  3.997247e+01
      vertex -6.943451e+00 -8.879651e-01  3.999014e+01
    endloop
  endfacet
  facet normal -1.660973e-03 -1.681667e-02  9.998572e-01
    outer loop
      vertex -1.000000e+01  2.449294e-15  4.000000e+01
      vertex -6.943451e+00 -8.879651e-01  3.999014e+01
      vertex -6.985847e+00 -4.449045e-01  3.999752e+01
    endloop
  endfacet
  facet normal  1.271578e-06 -5.555951e-03  9.999846e-01
    outer loop
      vertex -1.000000e+01  2.449294e-15  4.000000e+01
      vertex -6.985847e+00 -4.449045e-01  3.999752e+01
      vertex -7.000000e+00  8.572528e-16  4.000000e+01
    endloop
  endfacet
  facet normal  1.271525e-06  8.013966e-03  9.999679e-01
    outer loop
      vertex -1.000000e+01  2.449294e-15  4.000000e+01
      vertex -7.000000e+00  8.572528e-16  4.000000e+01
      vertex -6.970619e+00  6.406790e-01  3.999486e+01
    endloop
  endfacet
  facet normal -2.820425e-03  2.135444e-02  9.997680e-01
    outer loop
      vertex -1.000000e+01  2.449294e-15  4.000000e+01
      vertex -6.970619e+00  6.406790e-01  3.999486e+01
      vertex -1.000000e+01  1.707911e+00  3.996352e+01
    endloop
  endfacet
  facet normal -7.160536e-04  1.489324e-01  9.888471e-01
    outer loop
      vertex -1.000000e+01  6.800526e+00  3.941767e+01
      vertex -1.000000e+01  5.111278e+00  3.967209e+01
      vertex -4.552204e+00  5.317653e+00  3.964495e+01
    endloop
  endfacet
  facet normal -2.737883e-03  1.416675e-01  9.899105e-01
    outer loop
      vertex -1.000000e+01  6.800526e+00  3.941767e+01
      vertex -4.552204e+00  5.317653e+00  3.964495e+01
      vertex -4.008785e+00  5.738436e+00  3.958624e+01
    endloop
  endfacet
  facet normal -1.235551e-03  1.499489e-01  9.886930e-01
    outer loop
      vertex -1.000000e+01  6.800526e+00  3.941767e+01
      vertex -4.008785e+00  5.738436e+00  3.958624e+01
      vertex -3.426417e+00  6.104070e+00  3.953151e+01
    endloop
  endfacet
  facet normal -4.368506e-04  1.573008e-01  9.875506e-01
    outer loop
      vertex -1.000000e+01  6.800526e+00  3.941767e+01
      vertex -3.426417e+00  6.104070e+00  3.953151e+01
      vertex -2.810560e+00  6.410987e+00  3.948290e+01
    endloop
  endfacet
  facet normal -8.806023e-05  1.635676e-01  9.865321e-01
    outer loop
      vertex -1.000000e+01  6.800526e+00  3.941767e+01
      vertex -2.810560e+00  6.410987e+00  3.948290e+01
      vertex -2.167063e+00  6.656113e+00  3.944231e+01
    endloop
  endfacet
  facet normal  8.077482e-06  1.686364e-01  9.856784e-01
    outer loop
      vertex -1.000000e+01  6.800526e+00  3.941767e+01
      vertex -2.167063e+00  6.656113e+00  3.944231e+01
      vertex -1.502125e+00  6.836931e+00  3.941137e+01
    endloop
  endfacet
  facet normal -9.083036e-05  1.910163e-01  9.815869e-01
    outer loop
      vertex -1.000000e+01  6.800526e+00  3.941767e+01
      vertex -1.502125e+00  6.836931e+00  3.941137e+01
      vertex -1.000000e+01  8.477370e+00  3.909136e+01
    endloop
  endfacet
  facet normal -1.806375e-03  1.824467e-01  9.832141e-01
    outer loop
      vertex -1.000000e+01  8.477370e+00  3.909136e+01
      vertex -1.502125e+00  6.836931e+00  3.941137e+01
      vertex -8.703120e-01  6.945686e+00  3.939235e+01
    endloop
  endfacet
  facet normal -1.030400e-03  1.869075e-01  9.823769e-01
    outer loop
      vertex -1.000000e+01  8.477370e+00  3.909136e+01
      vertex -8.703120e-01  6.945686e+00  3.939235e+01
      vertex -2.309909e-01  6.996188e+00  3.938342e+01
    endloop
  endfacet
  facet normal  0.000000e+00  1.934535e-01  9.811094e-01
    outer loop
      vertex -1.000000e+01  8.477370e+00  3.909136e+01
      vertex -2.309909e-01  6.996188e+00  3.938342e+01
      vertex  7.216121e-07  8.477370e+00  3.909136e+01
    endloop
  endfacet
  facet normal -8.692201e-05 -1.303109e-01  9.914732e-01
    outer loop
      vertex  1.000000e+01 -5.111278e+00  3.967209e+01
      vertex  4.898573e+00 -5.000398e+00  3.968622e+01
      vertex  4.414828e+00 -5.432246e+00  3.962942e+01
    endloop
  endfacet
  facet normal  5.599222e-04 -1.413651e-01  9.899573e-01
    outer loop
      vertex  1.000000e+01 -5.111278e+00  3.967209e+01
      vertex  4.414828e+00 -5.432246e+00  3.962942e+01
      vertex  3.893050e+00 -5.817574e+00  3.957469e+01
    endloop
  endfacet
  facet normal  1.899351e-03 -1.527136e-01  9.882686e-01
    outer loop
      vertex  1.000000e+01 -5.111278e+00  3.967209e+01
      vertex  3.893050e+00 -5.817574e+00  3.957469e+01
      vertex  3.337599e+00 -6.153083e+00  3.952391e+01
    endloop
  endfacet
  facet normal  3.898594e-03 -1.652117e-01  9.862504e-01
    outer loop
      vertex  1.000000e+01 -5.111278e+00  3.967209e+01
      vertex  3.337599e+00 -6.153083e+00  3.952391e+01
      vertex  2.753124e+00 -6.435861e+00  3.947885e+01
    endloop
  endfacet
  facet normal  6.917932e-03 -1.813150e-01  9.834008e-01
    outer loop
      vertex  1.000000e+01 -5.111278e+00  3.967209e+01
      vertex  2.753124e+00 -6.435861e+00  3.947885e+01
      vertex  2.193753e+00 -6.647364e+00  3.944379e+01
    endloop
  endfacet
  facet normal  1.386179e-02 -2.155613e-01  9.763919e-01
    outer loop
      vertex  1.000000e+01 -5.111278e+00  3.967209e+01
      vertex  2.193753e+00 -6.647364e+00  3.944379e+01
      vertex  1.618012e+00 -6.810436e+00  3.941596e+01
    endloop
  endfacet
  facet normal -2.552960e-05 -1.489324e-01  9.888474e-01
    outer loop
      vertex  1.000000e+01 -5.111278e+00  3.967209e+01
      vertex  1.618012e+00 -6.810436e+00  3.941596e+01
      vertex  1.000000e+01 -6.800526e+00  3.941767e+01
    endloop
  endfacet
  facet normal  2.333401e-03 -6.402099e-02  9.979458e-01
    outer loop
      vertex  1.000000e+01 -3.412706e+00  3.985415e+01
      vertex  1.000000e+01 -1.707911e+00  3.996352e+01
      vertex  6.413518e+00 -2.804779e+00  3.990154e+01
    endloop
  endfacet
  facet normal -2.548642e-05 -7.786080e-02  9.969643e-01
    outer loop
      vertex  1.000000e+01 -3.412706e+00  3.985415e+01
      vertex  6.413518e+00 -2.804779e+00  3.990154e+01
      vertex  6.104640e+00 -3.425401e+00  3.985306e+01
    endloop
  endfacet
  facet normal  2.415492e-05 -9.298200e-02  9.956678e-01
    outer loop
      vertex  1.000000e+01 -3.412706e+00  3.985415e+01
      vertex  6.104640e+00 -3.425401e+00  3.985306e+01
      vertex  5.736160e+00 -4.012040e+00  3.979829e+01
    endloop
  endfacet
  facet normal  2.213676e-03 -1.084131e-01  9.941035e-01
    outer loop
      vertex  1.000000e+01 -3.412706e+00  3.985415e+01
      vertex  5.736160e+00 -4.012040e+00  3.979829e+01
      vertex  5.340247e+00 -4.525678e+00  3.974315e+01
    endloop
  endfacet
  facet normal  6.154492e-03 -1.247198e-01  9.921729e-01
    outer loop
      vertex  1.000000e+01 -3.412706e+00  3.985415e+01
      vertex  5.340247e+00 -4.525678e+00  3.974315e+01
      vertex  4.898573e+00 -5.000398e+00  3.968622e+01
    endloop
  endfacet
  facet normal  4.368428e-04 -1.065739e-01  9.943048e-01
    outer loop
      vertex  1.000000e+01 -3.412706e+00  3.985415e+01
      vertex  4.898573e+00 -5.000398e+00  3.968622e+01
      vertex  1.000000e+01 -5.111278e+00  3.967209e+01
    endloop
  endfacet
  facet normal  4.093327e-18 -5.013683e-03  9.999874e-01
    outer loop
      vertex  1.000000e+01  2.449294e-15  4.000000e+01
      vertex  7.000000e+00  0.000000e+00  4.000000e+01
      vertex  6.988507e+00 -4.009667e-01  3.999799e+01
    endloop
  endfacet
  facet normal  1.347047e-03 -1.513027e-02  9.998845e-01
    outer loop
      vertex  1.000000e+01  2.449294e-15  4.000000e+01
      vertex  6.988507e+00 -4.009667e-01  3.999799e+01
      vertex  6.954069e+00 -8.005772e-01  3.999199e+01
    endloop
  endfacet
  facet normal  5.106112e-03 -2.942896e-02  9.995539e-01
    outer loop
      vertex  1.000000e+01  2.449294e-15  4.000000e+01
      vertex  6.954069e+00 -8.005772e-01  3.999199e+01
      vertex  6.840483e+00 -1.485866e+00  3.997239e+01
    endloop
  endfacet
  facet normal  1.306940e-03 -2.135451e-02  9.997711e-01
    outer loop
      vertex  1.000000e+01  2.449294e-15  4.000000e+01
      vertex  6.840483e+00 -1.485866e+00  3.997239e+01
      vertex  1.000000e+01 -1.707911e+00  3.996352e+01
    endloop
  endfacet
  facet normal -3.360896e-04  3.987417e-02  9.992046e-01
    outer loop
      vertex  1.000000e+01  1.707911e+00  3.996352e+01
      vertex  6.733760e+00  1.912192e+00  3.995427e+01
      vertex  6.881203e+00  1.284150e+00  3.997938e+01
    endloop
  endfacet
  facet normal  1.774342e-03  2.436039e-02  9.997016e-01
    outer loop
      vertex  1.000000e+01  1.707911e+00  3.996352e+01
      vertex  6.881203e+00  1.284150e+00  3.997938e+01
      vertex  6.970230e+00  6.449009e-01  3.999480e+01
    endloop
  endfacet
  facet normal  7.375732e-03  8.402355e-03  9.999375e-01
    outer loop
      vertex  1.000000e+01  1.707911e+00  3.996352e+01
      vertex  6.970230e+00  6.449009e-01  3.999480e+01
      vertex  7.000000e+00  0.000000e+00  4.000000e+01
    endloop
  endfacet
  facet normal -1.743450e-17  2.135453e-02  9.997720e-01
    outer loop
      vertex  1.000000e+01  1.707911e+00  3.996352e+01
      vertex  7.000000e+00  0.000000e+00  4.000000e+01
      vertex  1.000000e+01  2.449294e-15  4.000000e+01
    endloop
  endfacet
  facet normal -2.611366e-04  8.494187e-02  9.963859e-01
    outer loop
      vertex  1.000000e+01  3.412706e+00  3.985415e+01
      vertex  5.950022e+00  3.687443e+00  3.982967e+01
      vertex  6.266632e+00  3.119187e+00  3.987820e+01
    endloop
  endfacet
  facet normal  8.491645e-04  7.090940e-02  9.974824e-01
    outer loop
      vertex  1.000000e+01  3.412706e+00  3.985415e+01
      vertex  6.266632e+00  3.119187e+00  3.987820e+01
      vertex  6.529268e+00  2.523621e+00  3.992031e+01
    endloop
  endfacet
  facet normal  4.445658e-03  5.693563e-02  9.983679e-01
    outer loop
      vertex  1.000000e+01  3.412706e+00  3.985415e+01
      vertex  6.529268e+00  2.523621e+00  3.992031e+01
      vertex  6.733760e+00  1.912192e+00  3.995427e+01
    endloop
  endfacet
  facet normal  1.177697e-03  6.402113e-02  9.979479e-01
    outer loop
      vertex  1.000000e+01  3.412706e+00  3.985415e+01
      vertex  6.733760e+00  1.912192e+00  3.995427e+01
      vertex  1.000000e+01  1.707911e+00  3.996352e+01
    endloop
  endfacet
  facet normal -6.712061e-05  1.237521e-01  9.923132e-01
    outer loop
      vertex  1.000000e+01  5.111278e+00  3.967209e+01
      vertex  4.706213e+00  5.181849e+00  3.966293e+01
      vertex  5.166443e+00  4.723120e+00  3.972017e+01
    endloop
  endfacet
  facet normal  8.478754e-04  1.125235e-01  9.936486e-01
    outer loop
      vertex  1.000000e+01  5.111278e+00  3.967209e+01
      vertex  5.166443e+00  4.723120e+00  3.972017e+01
      vertex  5.582230e+00  4.223590e+00  3.977639e+01
    endloop
  endfacet
  facet normal  3.181145e-03  1.010556e-01  9.948757e-01
    outer loop
      vertex  1.000000e+01  5.111278e+00  3.967209e+01
      vertex  5.582230e+00  4.223590e+00  3.977639e+01
      vertex  5.950022e+00  3.687443e+00  3.982967e+01
    endloop
  endfacet
  facet normal  1.218886e-03  1.065738e-01  9.943041e-01
    outer loop
      vertex  1.000000e+01  5.111278e+00  3.967209e+01
      vertex  5.950022e+00  3.687443e+00  3.982967e+01
      vertex  1.000000e+01  3.412706e+00  3.985415e+01
    endloop
  endfacet
  facet normal  2.711625e-04  1.910163e-01  9.815869e-01
    outer loop
      vertex  1.000000e+01  6.800526e+00  3.941767e+01
      vertex  1.000000e+01  8.477370e+00  3.909136e+01
      vertex  1.048110e+00  6.921088e+00  3.939668e+01
    endloop
  endfacet
  facet normal -3.066638e-06  1.712873e-01  9.852211e-01
    outer loop
      vertex  1.000000e+01  6.800526e+00  3.941767e+01
      vertex  1.048110e+00  6.921088e+00  3.939668e+01
      vertex  1.726842e+00  6.783658e+00  3.942058e+01
    endloop
  endfacet
  facet normal  5.758260e-06  1.670832e-01  9.859427e-01
    outer loop
      vertex  1.000000e+01  6.800526e+00  3.941767e+01
      vertex  1.726842e+00  6.783658e+00  3.942058e+01
      vertex  2.388261e+00  6.579986e+00  3.945509e+01
    endloop
  endfacet
  facet normal  1.705613e-04  1.615515e-01  9.868643e-01
    outer loop
      vertex  1.000000e+01  6.800526e+00  3.941767e+01
      vertex  2.388261e+00  6.579986e+00  3.945509e+01
      vertex  3.025875e+00  6.312217e+00  3.949881e+01
    endloop
  endfacet
  facet normal  6.519537e-04  1.548544e-01  9.879370e-01
    outer loop
      vertex  1.000000e+01  6.800526e+00  3.941767e+01
      vertex  3.025875e+00  6.312217e+00  3.949881e+01
      vertex  3.633517e+00  5.983106e+00  3.955000e+01
    endloop
  endfacet
  facet normal  1.666070e-03  1.471464e-01  9.891133e-01
    outer loop
      vertex  1.000000e+01  6.800526e+00  3.941767e+01
      vertex  3.633517e+00  5.983106e+00  3.955000e+01
      vertex  4.205400e+00  5.595945e+00  3.960663e+01
    endloop
  endfacet
  facet normal  3.439415e-03  1.388041e-01  9.903139e-01
    outer loop
      vertex  1.000000e+01  6.800526e+00  3.941767e+01
      vertex  4.205400e+00  5.595945e+00  3.960663e+01
      vertex  4.706213e+00  5.181849e+00  3.966293e+01
    endloop
  endfacet
  facet normal  2.745540e-04  1.489324e-01  9.888473e-01
    outer loop
      vertex  1.000000e+01  6.800526e+00  3.941767e+01
      vertex  4.706213e+00  5.181849e+00  3.966293e+01
      vertex  1.000000e+01  5.111278e+00  3.967209e+01
    endloop
  endfacet
  facet normal  0.000000e+00 -3.551177e-01  9.348215e-01
    outer loop
      vertex -1.000000e+01 -1.500000e+01  3.708099e+01
      vertex  1.000000e+01 -1.500000e+01  3.708099e+01
      vertex  7.216121e-07 -1.340304e+01  3.768764e+01
    endloop
  endfacet
  facet normal  0.000000e+00 -3.551177e-01  9.348215e-01
    outer loop
      vertex  7.216121e-07 -1.340304e+01  3.768764e+01
      vertex  1.000000e+01 -1.500000e+01  3.708099e+01
      vertex  1.000000e+01 -1.340304e+01  3.768764e+01
    endloop
  endfacet
  facet normal  0.000000e+00 -3.148806e-01  9.491313e-01
    outer loop
      vertex  7.216121e-07 -1.340304e+01  3.768764e+01
      vertex  1.000000e+01 -1.340304e+01  3.768764e+01
      vertex  7.216121e-07 -1.178164e+01  3.822555e+01
    endloop
  endfacet
  facet normal  0.000000e+00 -3.148806e-01  9.491313e-01
    outer loop
      vertex  7.216121e-07 -1.178164e+01  3.822555e+01
      vertex  1.000000e+01 -1.340304e+01  3.768764e+01
      vertex  1.000000e+01 -1.178164e+01  3.822555e+01
    endloop
  endfacet
  facet normal  0.000000e+00 -2.740672e-01  9.617106e-01
    outer loop
      vertex  7.216121e-07 -1.178164e+01  3.822555e+01
      vertex  1.000000e+01 -1.178164e+01  3.822555e+01
      vertex  7.216121e-07 -1.013875e+01  3.869374e+01
    endloop
  endfacet
  facet normal  0.000000e+00 -2.740672e-01  9.617106e-01
    outer loop
      vertex  7.216121e-07 -1.013875e+01  3.869374e+01
      vertex  1.000000e+01 -1.178164e+01  3.822555e+01
      vertex  1.000000e+01 -1.013875e+01  3.869374e+01
    endloop
  endfacet
  facet normal  0.000000e+00 -2.327560e-01  9.725352e-01
    outer loop
      vertex  7.216121e-07 -1.013875e+01  3.869374e+01
      vertex  1.000000e+01 -1.013875e+01  3.869374e+01
      vertex  7.216121e-07 -8.477370e+00  3.909136e+01
    endloop
  endfacet
  facet normal  0.000000e+00 -2.327560e-01  9.725352e-01
    outer loop
      vertex  7.216121e-07 -8.477370e+00  3.909136e+01
      vertex  1.000000e+01 -1.013875e+01  3.869374e+01
      vertex  1.000000e+01 -8.477370e+00  3.909136e+01
    endloop
  endfacet
  facet normal  0.000000e+00 -1.933335e-01  9.811330e-01
    outer loop
      vertex  7.216121e-07 -8.477370e+00  3.909136e+01
      vertex  1.000000e+01 -8.477370e+00  3.909136e+01
      vertex  4.344999e-01 -6.986502e+00  3.938514e+01
    endloop
  endfacet
  facet normal  3.751046e-04 -1.910162e-01  9.815867e-01
    outer loop
      vertex  4.344999e-01 -6.986502e+00  3.938514e+01
      vertex  1.000000e+01 -8.477370e+00  3.909136e+01
      vertex  1.000000e+01 -6.800526e+00  3.941767e+01
    endloop
  endfacet
  facet normal  3.828251e-05 -1.742374e-01  9.847037e-01
    outer loop
      vertex  4.344999e-01 -6.986502e+00  3.938514e+01
      vertex  1.000000e+01 -6.800526e+00  3.941767e+01
      vertex  1.030137e+00 -6.923786e+00  3.939621e+01
    endloop
  endfacet
  facet normal  2.452952e-04  1.934166e-01  9.811167e-01
    outer loop
      vertex -2.309909e-01  6.996188e+00  3.938342e+01
      vertex  4.103292e-01  6.987963e+00  3.938488e+01
      vertex  7.216121e-07  8.477370e+00  3.909136e+01
    endloop
  endfacet
  facet normal  -0.000000e+00  1.933516e-01  9.811295e-01
    outer loop
      vertex  7.216121e-07  8.477370e+00  3.909136e+01
      vertex  4.103292e-01  6.987963e+00  3.938488e+01
      vertex  1.000000e+01  8.477370e+00  3.909136e+01
    endloop
  endfacet
  facet normal  0.000000e+00  2.327560e-01  9.725352e-01
    outer loop
      vertex  7.216121e-07  8.477370e+00  3.909136e+01
      vertex  1.000000e+01  8.477370e+00  3.909136e+01
      vertex  7.216121e-07  1.013875e+01  3.869374e+01
    endloop
  endfacet
  facet normal  -0.000000e+00  2.327560e-01  9.725352e-01
    outer loop
      vertex  7.216121e-07  1.013875e+01  3.869374e+01
      vertex  1.000000e+01  8.477370e+00  3.909136e+01
      vertex  1.000000e+01  1.013875e+01  3.869374e+01
    endloop
  endfacet
  facet normal  0.000000e+00  2.740672e-01  9.617106e-01
    outer loop
      vertex  7.216121e-07  1.013875e+01  3.869374e+01
      vertex  1.000000e+01  1.013875e+01  3.869374e+01
      vertex  7.216121e-07  1.178164e+01  3.822555e+01
    endloop
  endfacet
  facet normal  -0.000000e+00  2.740672e-01  9.617106e-01
    outer loop
      vertex  7.216121e-07  1.178164e+01  3.822555e+01
      vertex  1.000000e+01  1.013875e+01  3.869374e+01
      vertex  1.000000e+01  1.178164e+01  3.822555e+01
    endloop
  endfacet
  facet normal  0.000000e+00  3.148806e-01  9.491313e-01
    outer loop
      vertex  7.216121e-07  1.178164e+01  3.822555e+01
      vertex  1.000000e+01  1.178164e+01  3.822555e+01
      vertex  7.216121e-07  1.340304e+01  3.768764e+01
    endloop
  endfacet
  facet normal  -0.000000e+00  3.148806e-01  9.491313e-01
    outer loop
      vertex  7.216121e-07  1.340304e+01  3.768764e+01
      vertex  1.000000e+01  1.178164e+01  3.822555e+01
      vertex  1.000000e+01  1.340304e+01  3.768764e+01
    endloop
  endfacet
  facet normal  0.000000e+00  3.551177e-01  9.348215e-01
    outer loop
      vertex  7.216121e-07  1.340304e+01  3.768764e+01
      vertex  1.000000e+01  1.340304e+01  3.768764e+01
      vertex  1.000000e+01  1.500000e+01  3.708099e+01
    endloop
  endfacet
  facet normal  -0.000000e+00  3.551177e-01  9.348215e-01
    outer loop
      vertex  1.000000e+01  1.500000e+01  3.708099e+01
      vertex -1.000000e+01  1.500000e+01  3.708099e+01
      vertex  7.216121e-07  1.340304e+01  3.768764e+01
    endloop
  endfacet
  facet normal  0.000000e+00  3.551178e-01  9.348217e-01
    outer loop
      vertex  7.216121e-07  1.340304e+01  3.768764e+01
      vertex -1.000000e+01  1.500000e+01  3.708099e+01
      vertex -1.000000e+01  1.340304e+01  3.768764e+01
    endloop
  endfacet
  facet normal  -0.000000e+00  3.148806e-01  9.491313e-01
    outer loop
      vertex  7.216121e-07  1.340304e+01  3.768764e+01
      vertex -1.000000e+01  1.340304e+01  3.768764e+01
      vertex  7.216121e-07  1.178164e+01  3.822555e+01
    endloop
  endfacet
  facet normal  0.000000e+00  3.148806e-01  9.491313e-01
    outer loop
      vertex  7.216121e-07  1.178164e+01  3.822555e+01
      vertex -1.000000e+01  1.340304e+01  3.768764e+01
      vertex -1.000000e+01  1.178164e+01  3.822555e+01
    endloop
  endfacet
  facet normal  -0.000000e+00  2.740672e-01  9.617106e-01
    outer loop
      vertex  7.216121e-07  1.178164e+01  3.822555e+01
      vertex -1.000000e+01  1.178164e+01  3.822555e+01
      vertex  7.216121e-07  1.013875e+01  3.869374e+01
    endloop
  endfacet
  facet normal  0.000000e+00  2.740672e-01  9.617106e-01
    outer loop
      vertex  7.216121e-07  1.013875e+01  3.869374e+01
      vertex -1.000000e+01  1.178164e+01  3.822555e+01
      vertex -1.000000e+01  1.013875e+01  3.869374e+01
    endloop
  endfacet
  facet normal  -0.000000e+00  2.327560e-01  9.725351e-01
    outer loop
      vertex  7.216121e-07  1.013875e+01  3.869374e+01
      vertex -1.000000e+01  1.013875e+01  3.869374e+01
      vertex  7.216121e-07  8.477370e+00  3.909136e+01
    endloop
  endfacet
  facet normal  0.000000e+00  2.327560e-01  9.725351e-01
    outer loop
      vertex  7.216121e-07  8.477370e+00  3.909136e+01
      vertex -1.000000e+01  1.013875e+01  3.869374e+01
      vertex -1.000000e+01  8.477370e+00  3.909136e+01
    endloop
  endfacet
  facet normal  0.000000e+00 -3.148806e-01  9.491313e-01
    outer loop
      vertex -1.000000e+01 -1.340304e+01  3.768764e+01
      vertex  7.216121e-07 -1.340304e+01  3.768764e+01
      vertex -1.000000e+01 -1.178164e+01  3.822555e+01
    endloop
  endfacet
  facet normal  0.000000e+00 -3.148806e-01  9.491313e-01
    outer loop
      vertex -1.000000e+01 -1.178164e+01  3.822555e+01
      vertex  7.216121e-07 -1.340304e+01  3.768764e+01
      vertex  7.216121e-07 -1.178164e+01  3.822555e+01
    endloop
  endfacet
  facet normal  0.000000e+00 -2.740672e-01  9.617106e-01
    outer loop
      vertex -1.000000e+01 -1.178164e+01  3.822555e+01
      vertex  7.216121e-07 -1.178164e+01  3.822555e+01
      vertex -1.000000e+01 -1.013875e+01  3.869374e+01
    endloop
  endfacet
  facet normal  0.000000e+00 -2.740672e-01  9.617106e-01
    outer loop
      vertex -1.000000e+01 -1.013875e+01  3.869374e+01
      vertex  7.216121e-07 -1.178164e+01  3.822555e+01
      vertex  7.216121e-07 -1.013875e+01  3.869374e+01
    endloop
  endfacet
  facet normal  0.000000e+00 -2.327560e-01  9.725351e-01
    outer loop
      vertex -1.000000e+01 -1.013875e+01  3.869374e+01
      vertex  7.216121e-07 -1.013875e+01  3.869374e+01
      vertex -1.000000e+01 -8.477370e+00  3.909136e+01
    endloop
  endfacet
  facet normal  0.000000e+00 -2.327560e-01  9.725351e-01
    outer loop
      vertex -1.000000e+01 -8.477370e+00  3.909136e+01
      vertex  7.216121e-07 -1.013875e+01  3.869374e+01
      vertex  7.216121e-07 -8.477370e+00  3.909136e+01
    endloop
  endfacet
  facet normal  0.000000e+00 -1.910163e-01  9.815869e-01
    outer loop
      vertex -1.000000e+01 -8.477370e+00  3.909136e+01
      vertex  7.216121e-07 -8.477370e+00  3.909136e+01
      vertex -1.000000e+01 -6.800526e+00  3.941767e+01
    endloop
  endfacet
  facet normal -4.362960e-04 -1.935226e-01  9.810957e-01
    outer loop
      vertex -1.000000e+01 -6.800526e+00  3.941767e+01
      vertex  7.216121e-07 -8.477370e+00  3.909136e+01
      vertex -1.644279e-01 -6.998068e+00  3.938308e+01
    endloop
  endfacet
  facet normal -5.372033e-05 -1.750799e-01  9.845542e-01
    outer loop
      vertex -1.000000e+01 -6.800526e+00  3.941767e+01
      vertex -1.644279e-01 -6.998068e+00  3.938308e+01
      vertex -8.524926e-01 -6.947896e+00  3.939196e+01
    endloop
  endfacet
  facet normal -1.121097e-03 -6.402113e-02  9.979479e-01
    outer loop
      vertex -1.000000e+01 -3.412706e+00  3.985415e+01
      vertex -6.233298e+00 -3.185277e+00  3.987297e+01
      vertex -1.000000e+01 -1.707911e+00  3.996352e+01
    endloop
  endfacet
  facet normal -5.565889e-03 -7.530439e-02  9.971451e-01
    outer loop
      vertex -1.000000e+01 -1.707911e+00  3.996352e+01
      vertex -6.233298e+00 -3.185277e+00  3.987297e+01
      vertex -6.484454e+00 -2.636637e+00  3.991301e+01
    endloop
  endfacet
  facet normal -1.315913e-03 -5.927637e-02  9.982407e-01
    outer loop
      vertex -1.000000e+01 -1.707911e+00  3.996352e+01
      vertex -6.484454e+00 -2.636637e+00  3.991301e+01
      vertex -6.687546e+00 -2.068026e+00  3.994650e+01
    endloop
  endfacet
  facet normal -1.116664e-03  6.402113e-02  9.979479e-01
    outer loop
      vertex -1.000000e+01  1.707911e+00  3.996352e+01
      vertex -6.737216e+00  1.899979e+00  3.995485e+01
      vertex -1.000000e+01  3.412706e+00  3.985415e+01
    endloop
  endfacet
  facet normal -4.567415e-03  5.660740e-02  9.983860e-01
    outer loop
      vertex -1.000000e+01  3.412706e+00  3.985415e+01
      vertex -6.737216e+00  1.899979e+00  3.995485e+01
      vertex -6.535337e+00  2.507860e+00  3.992131e+01
    endloop
  endfacet
  facet normal -7.908436e-04  7.100038e-02  9.974760e-01
    outer loop
      vertex -1.000000e+01  3.412706e+00  3.985415e+01
      vertex -6.535337e+00  2.507860e+00  3.992131e+01
      vertex -6.254262e+00  3.143915e+00  3.987626e+01
    endloop
  endfacet
  facet normal -2.716540e-03  1.027090e-01  9.947077e-01
    outer loop
      vertex -5.511149e+00  4.315928e+00  3.976648e+01
      vertex -1.000000e+01  5.111278e+00  3.967209e+01
      vertex -5.911717e+00  3.748547e+00  3.982397e+01
    endloop
  endfacet
  facet normal -1.413311e-03  1.065738e-01  9.943038e-01
    outer loop
      vertex -5.911717e+00  3.748547e+00  3.982397e+01
      vertex -1.000000e+01  5.111278e+00  3.967209e+01
      vertex -1.000000e+01  3.412706e+00  3.985415e+01
    endloop
  endfacet
  facet normal  2.920115e-04  8.599343e-02  9.962957e-01
    outer loop
      vertex -5.911717e+00  3.748547e+00  3.982397e+01
      vertex -1.000000e+01  3.412706e+00  3.985415e+01
      vertex -6.254262e+00  3.143915e+00  3.987626e+01
    endloop
  endfacet
  facet normal  1.074436e-04  1.470514e-01 -9.891288e-01
    outer loop
      vertex -5.643341e+00 -4.141582e+00  2.971275e+01
      vertex -5.209109e+00 -4.676022e+00  2.963334e+01
      vertex -5.000000e+01 -3.816940e+00  2.975619e+01
    endloop
  endfacet
  facet normal -3.121447e-05  1.284524e-01 -9.917157e-01
    outer loop
      vertex -5.000000e+01 -3.816940e+00  2.975619e+01
      vertex -6.023257e+00 -3.566563e+00  2.978724e+01
      vertex -5.643341e+00 -4.141582e+00  2.971275e+01
    endloop
  endfacet
  facet normal -2.780884e-05  2.773113e-02 -9.996154e-01
    outer loop
      vertex -5.000000e+01 -7.653796e-01  2.999023e+01
      vertex -6.977890e+00 -5.559220e-01  2.999485e+01
      vertex -6.911729e+00 -1.108153e+00  2.997953e+01
    endloop
  endfacet
  facet normal -1.635575e-05 -2.250665e-02 -9.997467e-01
    outer loop
      vertex -5.000000e+01  7.653796e-01  2.999023e+01
      vertex -6.941926e+00  8.998102e-01  2.998650e+01
      vertex -6.985464e+00  4.508865e-01  2.999661e+01
    endloop
  endfacet
  facet normal -3.229658e-05 -1.267983e-01 -9.919285e-01
    outer loop
      vertex -5.000000e+01  3.816940e+00  2.975619e+01
      vertex -5.677289e+00  4.094923e+00  2.971921e+01
      vertex -6.054041e+00  3.514056e+00  2.979348e+01
    endloop
  endfacet
  facet normal -1.854355e-05 -1.783481e-01 -9.839674e-01
    outer loop
      vertex -4.235674e+00  5.573066e+00  2.947780e+01
      vertex -4.764157e+00  5.128626e+00  2.955837e+01
      vertex -5.000000e+01  5.329795e+00  2.952276e+01
    endloop
  endfacet
  facet normal -3.475380e-05  1.404914e-01 -9.900819e-01
    outer loop
      vertex  5.384705e+00 -4.472690e+00  2.966471e+01
      vertex  5.775933e+00 -3.954567e+00  2.973821e+01
      vertex  5.000000e+01 -3.816940e+00  2.975619e+01
    endloop
  endfacet
  facet normal  1.380477e-05  3.540637e-02 -9.993730e-01
    outer loop
      vertex  6.963840e+00 -7.105915e-01  2.999158e+01
      vertex  5.000000e+01 -7.653796e-01  2.999023e+01
      vertex  6.855814e+00 -1.413438e+00  2.996668e+01
    endloop
  endfacet
  facet normal  7.946323e-06 -1.192235e-01 -9.928675e-01
    outer loop
      vertex  5.841740e+00  3.856693e+00  2.975106e+01
      vertex  5.000000e+01  3.816940e+00  2.975619e+01
      vertex  6.175232e+00  3.296439e+00  2.981834e+01
    endloop
  endfacet
  facet normal  2.141085e-04  1.524948e-01 -9.883042e-01
    outer loop
      vertex -5.000000e+01 -5.329795e+00  2.952276e+01
      vertex -5.000000e+01 -3.816940e+00  2.975619e+01
      vertex -5.209109e+00 -4.676022e+00  2.963334e+01
    endloop
  endfacet
  facet normal  3.986673e-05  1.641171e-01 -9.864409e-01
    outer loop
      vertex -5.000000e+01 -5.329795e+00  2.952276e+01
      vertex -5.209109e+00 -4.676022e+00  2.963334e+01
      vertex -4.720872e+00 -5.168498e+00  2.955142e+01
    endloop
  endfacet
  facet normal -1.713250e-05  1.796366e-01 -9.837330e-01
    outer loop
      vertex -5.000000e+01 -5.329795e+00  2.952276e+01
      vertex -4.720872e+00 -5.168498e+00  2.955142e+01
      vertex -4.186140e+00 -5.610368e+00  2.947073e+01
    endloop
  endfacet
  facet normal  7.117236e-05  1.935650e-01 -9.810874e-01
    outer loop
      vertex -5.000000e+01 -5.329795e+00  2.952276e+01
      vertex -4.186140e+00 -5.610368e+00  2.947073e+01
      vertex -3.609853e+00 -5.997413e+00  2.939441e+01
    endloop
  endfacet
  facet normal  2.548206e-04  2.058448e-01 -9.785846e-01
    outer loop
      vertex -5.000000e+01 -5.329795e+00  2.952276e+01
      vertex -3.609853e+00 -5.997413e+00  2.939441e+01
      vertex -2.997396e+00 -6.325789e+00  2.932549e+01
    endloop
  endfacet
  facet normal  4.886559e-04  2.164271e-01 -9.762986e-01
    outer loop
      vertex -5.000000e+01 -5.329795e+00  2.952276e+01
      vertex -2.997396e+00 -6.325789e+00  2.932549e+01
      vertex -2.354573e+00 -6.592115e+00  2.926677e+01
    endloop
  endfacet
  facet normal  7.350126e-04  2.253174e-01 -9.742851e-01
    outer loop
      vertex -5.000000e+01 -5.329795e+00  2.952276e+01
      vertex -2.354573e+00 -6.592115e+00  2.926677e+01
      vertex -1.704670e+00 -6.789264e+00  2.922167e+01
    endloop
  endfacet
  facet normal  2.091476e-05  2.027091e-01 -9.792390e-01
    outer loop
      vertex -5.000000e+01 -5.329795e+00  2.952276e+01
      vertex -1.704670e+00 -6.789264e+00  2.922167e+01
      vertex -5.000000e+01 -6.828775e+00  2.921246e+01
    endloop
  endfacet
  facet normal  7.408118e-05 -2.523941e-01 -9.676245e-01
    outer loop
      vertex -5.000000e+01  6.828775e+00  2.921246e+01
      vertex -5.000000e+01  8.309975e+00  2.882611e+01
      vertex -4.563182e-01  6.985111e+00  2.917547e+01
    endloop
  endfacet
  facet normal  4.768154e-06 -2.316524e-01 -9.727986e-01
    outer loop
      vertex -5.000000e+01  6.828775e+00  2.921246e+01
      vertex -4.563182e-01  6.985111e+00  2.917547e+01
      vertex -1.130067e+00  6.908180e+00  2.919379e+01
    endloop
  endfacet
  facet normal -1.644089e-06 -2.279135e-01 -9.736813e-01
    outer loop
      vertex -5.000000e+01  6.828775e+00  2.921246e+01
      vertex -1.130067e+00  6.908180e+00  2.919379e+01
      vertex -1.792655e+00  6.766564e+00  2.922694e+01
    endloop
  endfacet
  facet normal  6.211244e-06 -2.221370e-01 -9.750155e-01
    outer loop
      vertex -5.000000e+01  6.828775e+00  2.921246e+01
      vertex -1.792655e+00  6.766564e+00  2.922694e+01
      vertex -2.437725e+00  6.561821e+00  2.927358e+01
    endloop
  endfacet
  facet normal  5.180376e-05 -2.144097e-01 -9.767438e-01
    outer loop
      vertex -5.000000e+01  6.828775e+00  2.921246e+01
      vertex -2.437725e+00  6.561821e+00  2.927358e+01
      vertex -3.059229e+00  6.296120e+00  2.933187e+01
    endloop
  endfacet
  facet normal  1.681980e-04 -2.046225e-01 -9.788410e-01
    outer loop
      vertex -5.000000e+01  6.828775e+00  2.921246e+01
      vertex -3.059229e+00  6.296120e+00  2.933187e+01
      vertex -3.665613e+00  5.963496e+00  2.940130e+01
    endloop
  endfacet
  facet normal  3.980380e-04 -1.928365e-01 -9.812308e-01
    outer loop
      vertex -5.000000e+01  6.828775e+00  2.921246e+01
      vertex -3.665613e+00  5.963496e+00  2.940130e+01
      vertex -4.235674e+00  5.573066e+00  2.947780e+01
    endloop
  endfacet
  facet normal  1.155978e-04 -2.027091e-01 -9.792390e-01
    outer loop
      vertex -5.000000e+01  6.828775e+00  2.921246e+01
      vertex -4.235674e+00  5.573066e+00  2.947780e+01
      vertex -5.000000e+01  5.329795e+00  2.952276e+01
    endloop
  endfacet
  facet normal  0.000000e+00  2.523941e-01 -9.676245e-01
    outer loop
      vertex  5.000000e+01 -6.828775e+00  2.921246e+01
      vertex  5.000000e+01 -8.309975e+00  2.882611e+01
      vertex  1.828092e-07 -8.309975e+00  2.882611e+01
    endloop
  endfacet
  facet normal -8.664613e-05  2.551316e-01 -9.669064e-01
    outer loop
      vertex  5.000000e+01 -6.828775e+00  2.921246e+01
      vertex  1.828092e-07 -8.309975e+00  2.882611e+01
      vertex  3.195052e-01 -6.992704e+00  2.917366e+01
    endloop
  endfacet
  facet normal -5.928259e-06  2.320420e-01 -9.727057e-01
    outer loop
      vertex  5.000000e+01 -6.828775e+00  2.921246e+01
      vertex  3.195052e-01 -6.992704e+00  2.917366e+01
      vertex  9.969475e-01 -6.928643e+00  2.918893e+01
    endloop
  endfacet
  facet normal  7.005229e-07  2.289613e-01 -9.734356e-01
    outer loop
      vertex  5.000000e+01 -6.828775e+00  2.921246e+01
      vertex  9.969475e-01 -6.928643e+00  2.918893e+01
      vertex  1.622910e+00 -6.809270e+00  2.921701e+01
    endloop
  endfacet
  facet normal -1.042995e-05  2.027091e-01 -9.792390e-01
    outer loop
      vertex  5.000000e+01 -5.329795e+00  2.952276e+01
      vertex  5.000000e+01 -6.828775e+00  2.921246e+01
      vertex  1.622910e+00 -6.809270e+00  2.921701e+01
    endloop
  endfacet
  facet normal -7.749227e-04  2.266209e-01 -9.739827e-01
    outer loop
      vertex  5.000000e+01 -5.329795e+00  2.952276e+01
      vertex  1.622910e+00 -6.809270e+00  2.921701e+01
      vertex  2.234797e+00 -6.633678e+00  2.925738e+01
    endloop
  endfacet
  facet normal -5.464815e-04  2.186240e-01 -9.758090e-01
    outer loop
      vertex  5.000000e+01 -5.329795e+00  2.952276e+01
      vertex  2.234797e+00 -6.633678e+00  2.925738e+01
      vertex  2.827490e+00 -6.403538e+00  2.930861e+01
    endloop
  endfacet
  facet normal -3.266664e-04  2.093713e-01 -9.778361e-01
    outer loop
      vertex  5.000000e+01 -5.329795e+00  2.952276e+01
      vertex  2.827490e+00 -6.403538e+00  2.930861e+01
      vertex  3.396163e+00 -6.120954e+00  2.936893e+01
    endloop
  endfacet
  facet normal -1.357163e-04  1.985611e-01 -9.800885e-01
    outer loop
      vertex  5.000000e+01 -5.329795e+00  2.952276e+01
      vertex  3.396163e+00 -6.120954e+00  2.936893e+01
      vertex  3.948987e+00 -5.779749e+00  2.943798e+01
    endloop
  endfacet
  facet normal -1.008509e-05  1.861613e-01 -9.825192e-01
    outer loop
      vertex  5.000000e+01 -5.329795e+00  2.952276e+01
      vertex  3.948987e+00 -5.779749e+00  2.943798e+01
      vertex  4.467444e+00 -5.389058e+00  2.951200e+01
    endloop
  endfacet
  facet normal  8.491529e-06  1.723456e-01 -9.850366e-01
    outer loop
      vertex  5.000000e+01 -5.329795e+00  2.952276e+01
      vertex  4.467444e+00 -5.389058e+00  2.951200e+01
      vertex  4.947330e+00 -4.952164e+00  2.958844e+01
    endloop
  endfacet
  facet normal -1.221963e-04  1.571944e-01 -9.875677e-01
    outer loop
      vertex  5.000000e+01 -5.329795e+00  2.952276e+01
      vertex  4.947330e+00 -4.952164e+00  2.958844e+01
      vertex  5.384705e+00 -4.472690e+00  2.966471e+01
    endloop
  endfacet
  facet normal -2.148239e-04  1.524948e-01 -9.883042e-01
    outer loop
      vertex  5.000000e+01 -5.329795e+00  2.952276e+01
      vertex  5.384705e+00 -4.472690e+00  2.966471e+01
      vertex  5.000000e+01 -3.816940e+00  2.975619e+01
    endloop
  endfacet
  facet normal -3.128969e-05  0.000000e+00 -1.000000e+00
    outer loop
      vertex  5.000000e+01  7.653796e-01  2.999023e+01
      vertex  5.000000e+01 -7.653796e-01  2.999023e+01
      vertex  6.963840e+00 -7.105915e-01  2.999158e+01
    endloop
  endfacet
  facet normal -4.383613e-04  1.186940e-02 -9.999295e-01
    outer loop
      vertex  5.000000e+01  7.653796e-01  2.999023e+01
      vertex  6.963840e+00 -7.105915e-01  2.999158e+01
      vertex  7.000000e+00  0.000000e+00  3.000000e+01
    endloop
  endfacet
  facet normal -2.335368e-05 -1.144632e-02 -9.999344e-01
    outer loop
      vertex  5.000000e+01  7.653796e-01  2.999023e+01
      vertex  7.000000e+00  0.000000e+00  3.000000e+01
      vertex  6.966250e+00  6.865571e-01  2.999214e+01
    endloop
  endfacet
  facet normal  1.837543e-05 -3.421606e-02 -9.994144e-01
    outer loop
      vertex  5.000000e+01  7.653796e-01  2.999023e+01
      vertex  6.966250e+00  6.865571e-01  2.999214e+01
      vertex  6.865398e+00  1.366129e+00  2.996887e+01
    endloop
  endfacet
  facet normal -2.954297e-04 -5.671129e-02 -9.983906e-01
    outer loop
      vertex  5.000000e+01  7.653796e-01  2.999023e+01
      vertex  6.865398e+00  1.366129e+00  2.996887e+01
      vertex  6.698605e+00  2.031919e+00  2.993110e+01
    endloop
  endfacet
  facet normal -1.281951e-04 -5.100811e-02 -9.986982e-01
    outer loop
      vertex  5.000000e+01  7.653796e-01  2.999023e+01
      vertex  6.698605e+00  2.031919e+00  2.993110e+01
      vertex  5.000000e+01  2.294146e+00  2.991215e+01
    endloop
  endfacet
  facet normal -2.253551e-05 -1.524948e-01 -9.883043e-01
    outer loop
      vertex  5.000000e+01  5.329795e+00  2.952276e+01
      vertex  5.000000e+01  3.816940e+00  2.975619e+01
      vertex  5.841740e+00  3.856693e+00  2.975106e+01
    endloop
  endfacet
  facet normal -5.268679e-04 -1.377127e-01 -9.904721e-01
    outer loop
      vertex  5.000000e+01  5.329795e+00  2.952276e+01
      vertex  5.841740e+00  3.856693e+00  2.975106e+01
      vertex  5.457898e+00  4.383076e+00  2.967808e+01
    endloop
  endfacet
  facet normal -1.638867e-04 -1.543867e-01 -9.880105e-01
    outer loop
      vertex  5.000000e+01  5.329795e+00  2.952276e+01
      vertex  5.457898e+00  4.383076e+00  2.967808e+01
      vertex  5.026988e+00  4.871282e+00  2.960187e+01
    endloop
  endfacet
  facet normal -2.146691e-06 -1.698136e-01 -9.854763e-01
    outer loop
      vertex  5.000000e+01  5.329795e+00  2.952276e+01
      vertex  5.026988e+00  4.871282e+00  2.960187e+01
      vertex  4.552633e+00  5.317286e+00  2.952501e+01
    endloop
  endfacet
  facet normal  1.859256e-06 -1.839118e-01 -9.829427e-01
    outer loop
      vertex  5.000000e+01  5.329795e+00  2.952276e+01
      vertex  4.552633e+00  5.317286e+00  2.952501e+01
      vertex  4.038759e+00  5.717379e+00  2.945015e+01
    endloop
  endfacet
  facet normal -1.625058e-04 -2.027091e-01 -9.792390e-01
    outer loop
      vertex  5.000000e+01  5.329795e+00  2.952276e+01
      vertex  4.038759e+00  5.717379e+00  2.945015e+01
      vertex  5.000000e+01  6.828775e+00  2.921246e+01
    endloop
  endfacet
  facet normal -3.093167e-04 -1.968915e-01 -9.804251e-01
    outer loop
      vertex  5.000000e+01  6.828775e+00  2.921246e+01
      vertex  4.038759e+00  5.717379e+00  2.945015e+01
      vertex  3.489560e+00  6.068193e+00  2.937988e+01
    endloop
  endfacet
  facet normal -1.244525e-04 -2.077045e-01 -9.781916e-01
    outer loop
      vertex  5.000000e+01  6.828775e+00  2.921246e+01
      vertex  3.489560e+00  6.068193e+00  2.937988e+01
      vertex  2.880391e+00  6.379918e+00  2.931376e+01
    endloop
  endfacet
  facet normal -3.244601e-05 -2.169116e-01 -9.761912e-01
    outer loop
      vertex  5.000000e+01  6.828775e+00  2.921246e+01
      vertex  2.880391e+00  6.379918e+00  2.931376e+01
      vertex  2.242844e+00  6.630962e+00  2.925800e+01
    endloop
  endfacet
  facet normal -8.354623e-07 -2.241656e-01 -9.745510e-01
    outer loop
      vertex  5.000000e+01  6.828775e+00  2.921246e+01
      vertex  2.242844e+00  6.630962e+00  2.925800e+01
      vertex  1.582940e+00  6.818673e+00  2.921482e+01
    endloop
  endfacet
  facet normal  0.000000e+00  7.287496e-01 -6.847802e-01
    outer loop
      vertex  5.000000e+01 -2.237947e+01  1.997897e+01
      vertex  1.828092e-07 -2.133124e+01  2.109451e+01
      vertex  5.000000e+01 -2.133124e+01  2.109451e+01
    endloop
  endfacet
  facet normal  0.000000e+00  6.928701e-01 -7.210624e-01
    outer loop
      vertex  5.000000e+01 -2.133124e+01  2.109451e+01
      vertex  1.828092e-07 -2.133124e+01  2.109451e+01
      vertex  1.828092e-07 -2.022747e+01  2.215512e+01
    endloop
  endfacet
  facet normal  0.000000e+00  6.928701e-01 -7.210624e-01
    outer loop
      vertex  5.000000e+01 -2.133124e+01  2.109451e+01
      vertex  1.828092e-07 -2.022747e+01  2.215512e+01
      vertex  5.000000e+01 -2.022747e+01  2.215512e+01
    endloop
  endfacet
  facet normal  0.000000e+00  6.551893e-01 -7.554648e-01
    outer loop
      vertex  5.000000e+01 -2.022747e+01  2.215512e+01
      vertex  1.828092e-07 -2.022747e+01  2.215512e+01
      vertex  1.828092e-07 -1.907103e+01  2.315806e+01
    endloop
  endfacet
  facet normal  0.000000e+00  6.551893e-01 -7.554648e-01
    outer loop
      vertex  5.000000e+01 -2.022747e+01  2.215512e+01
      vertex  1.828092e-07 -1.907103e+01  2.315806e+01
      vertex  5.000000e+01 -1.907103e+01  2.315806e+01
    endloop
  endfacet
  facet normal  0.000000e+00  6.157995e-01 -7.879029e-01
    outer loop
      vertex  5.000000e+01 -1.907103e+01  2.315806e+01
      vertex  1.828092e-07 -1.907103e+01  2.315806e+01
      vertex  1.828092e-07 -1.786494e+01  2.410070e+01
    endloop
  endfacet
  facet normal  0.000000e+00  6.157995e-01 -7.879029e-01
    outer loop
      vertex  5.000000e+01 -1.907103e+01  2.315806e+01
      vertex  1.828092e-07 -1.786494e+01  2.410070e+01
      vertex  5.000000e+01 -1.786494e+01  2.410070e+01
    endloop
  endfacet
  facet normal  0.000000e+00  5.748089e-01 -8.182876e-01
    outer loop
      vertex  5.000000e+01 -1.786494e+01  2.410070e+01
      vertex  1.828092e-07 -1.786494e+01  2.410070e+01
      vertex  1.828092e-07 -1.661234e+01  2.498059e+01
    endloop
  endfacet
  facet normal  0.000000e+00  5.748089e-01 -8.182876e-01
    outer loop
      vertex  5.000000e+01 -1.786494e+01  2.410070e+01
      vertex  1.828092e-07 -1.661234e+01  2.498059e+01
      vertex  5.000000e+01 -1.661234e+01  2.498059e+01
    endloop
  endfacet
  facet normal  0.000000e+00  5.323198e-01 -8.465434e-01
    outer loop
      vertex  5.000000e+01 -1.661234e+01  2.498059e+01
      vertex  1.828092e-07 -1.661234e+01  2.498059e+01
      vertex  1.828092e-07 -1.531649e+01  2.579545e+01
    endloop
  endfacet
  facet normal  0.000000e+00  5.323198e-01 -8.465434e-01
    outer loop
      vertex  5.000000e+01 -1.661234e+01  2.498059e+01
      vertex  1.828092e-07 -1.531649e+01  2.579545e+01
      vertex  5.000000e+01 -1.531649e+01  2.579545e+01
    endloop
  endfacet
  facet normal  0.000000e+00  4.884467e-01 -8.725938e-01
    outer loop
      vertex  5.000000e+01 -1.531649e+01  2.579545e+01
      vertex  1.828092e-07 -1.531649e+01  2.579545e+01
      vertex  1.828092e-07 -1.398076e+01  2.654314e+01
    endloop
  endfacet
  facet normal  0.000000e+00  4.884467e-01 -8.725938e-01
    outer loop
      vertex  5.000000e+01 -1.531649e+01  2.579545e+01
      vertex  1.828092e-07 -1.398076e+01  2.654314e+01
      vertex  5.000000e+01 -1.398076e+01  2.654314e+01
    endloop
  endfacet
  facet normal  0.000000e+00  4.433008e-01 -8.963729e-01
    outer loop
      vertex  5.000000e+01 -1.398076e+01  2.654314e+01
      vertex  1.828092e-07 -1.398076e+01  2.654314e+01
      vertex  1.828092e-07 -1.260863e+01  2.722173e+01
    endloop
  endfacet
  facet normal  0.000000e+00  4.433008e-01 -8.963729e-01
    outer loop
      vertex  5.000000e+01 -1.398076e+01  2.654314e+01
      vertex  1.828092e-07 -1.260863e+01  2.722173e+01
      vertex  5.000000e+01 -1.260863e+01  2.722173e+01
    endloop
  endfacet
  facet normal  0.000000e+00  3.970003e-01 -9.178184e-01
    outer loop
      vertex  5.000000e+01 -1.260863e+01  2.722173e+01
      vertex  1.828092e-07 -1.260863e+01  2.722173e+01
      vertex  1.828092e-07 -1.120367e+01  2.782944e+01
    endloop
  endfacet
  facet normal  0.000000e+00  3.970003e-01 -9.178184e-01
    outer loop
      vertex  5.000000e+01 -1.260863e+01  2.722173e+01
      vertex  1.828092e-07 -1.120367e+01  2.782944e+01
      vertex  5.000000e+01 -1.120367e+01  2.782944e+01
    endloop
  endfacet
  facet normal  0.000000e+00  3.496678e-01 -9.368739e-01
    outer loop
      vertex  5.000000e+01 -1.120367e+01  2.782944e+01
      vertex  1.828092e-07 -1.120367e+01  2.782944e+01
      vertex  1.828092e-07 -9.769539e+00  2.836470e+01
    endloop
  endfacet
  facet normal  0.000000e+00  3.496678e-01 -9.368739e-01
    outer loop
      vertex  5.000000e+01 -1.120367e+01  2.782944e+01
      vertex  1.828092e-07 -9.769539e+00  2.836470e+01
      vertex  5.000000e+01 -9.769539e+00  2.836470e+01
    endloop
  endfacet
  facet normal  0.000000e+00  3.014234e-01 -9.534904e-01
    outer loop
      vertex  5.000000e+01 -9.769539e+00  2.836470e+01
      vertex  1.828092e-07 -9.769539e+00  2.836470e+01
      vertex  1.828092e-07 -8.309975e+00  2.882611e+01
    endloop
  endfacet
  facet normal  0.000000e+00  3.014234e-01 -9.534904e-01
    outer loop
      vertex  5.000000e+01 -9.769539e+00  2.836470e+01
      vertex  1.828092e-07 -8.309975e+00  2.882611e+01
      vertex  5.000000e+01 -8.309975e+00  2.882611e+01
    endloop
  endfacet
  facet normal  0.000000e+00  7.287496e-01 -6.847802e-01
    outer loop
      vertex  1.828092e-07 -2.133124e+01  2.109451e+01
      vertex  5.000000e+01 -2.237947e+01  1.997897e+01
      vertex  1.828092e-07 -2.237947e+01  1.997897e+01
    endloop
  endfacet
  facet normal  0.000000e+00  7.627299e-01 -6.467173e-01
    outer loop
      vertex  1.828092e-07 -2.237947e+01  1.997897e+01
      vertex  5.000000e+01 -2.237947e+01  1.997897e+01
      vertex  5.000000e+01 -2.336944e+01  1.881141e+01
    endloop
  endfacet
  facet normal  0.000000e+00  7.627299e-01 -6.467173e-01
    outer loop
      vertex  1.828092e-07 -2.237947e+01  1.997897e+01
      vertex  5.000000e+01 -2.336944e+01  1.881141e+01
      vertex  1.828092e-07 -2.336944e+01  1.881141e+01
    endloop
  endfacet
  facet normal  0.000000e+00  7.947257e-01 -6.069687e-01
    outer loop
      vertex  1.828092e-07 -2.336944e+01  1.881141e+01
      vertex  5.000000e+01 -2.336944e+01  1.881141e+01
      vertex  5.000000e+01 -2.429857e+01  1.759488e+01
    endloop
  endfacet
  facet normal  0.000000e+00  7.947257e-01 -6.069687e-01
    outer loop
      vertex  1.828092e-07 -2.336944e+01  1.881141e+01
      vertex  5.000000e+01 -2.429857e+01  1.759488e+01
      vertex  1.828092e-07 -2.429857e+01  1.759488e+01
    endloop
  endfacet
  facet normal  0.000000e+00  8.246515e-01 -5.656410e-01
    outer loop
      vertex  1.828092e-07 -2.429857e+01  1.759488e+01
      vertex  5.000000e+01 -2.429857e+01  1.759488e+01
      vertex  5.000000e+01 -2.516443e+01  1.633253e+01
    endloop
  endfacet
  facet normal  0.000000e+00  8.246515e-01 -5.656410e-01
    outer loop
      vertex  1.828092e-07 -2.429857e+01  1.759488e+01
      vertex  5.000000e+01 -2.516443e+01  1.633253e+01
      vertex  1.828092e-07 -2.516443e+01  1.633253e+01
    endloop
  endfacet
  facet normal  0.000000e+00  8.524307e-01 -5.228404e-01
    outer loop
      vertex  1.828092e-07 -2.516443e+01  1.633253e+01
      vertex  5.000000e+01 -2.516443e+01  1.633253e+01
      vertex  5.000000e+01 -2.596477e+01  1.502767e+01
    endloop
  endfacet
  facet normal  0.000000e+00  8.524307e-01 -5.228404e-01
    outer loop
      vertex  1.828092e-07 -2.516443e+01  1.633253e+01
      vertex  5.000000e+01 -2.596477e+01  1.502767e+01
      vertex  1.828092e-07 -2.596477e+01  1.502767e+01
    endloop
  endfacet
  facet normal  0.000000e+00  8.779907e-01 -4.786777e-01
    outer loop
      vertex  1.828092e-07 -2.596477e+01  1.502767e+01
      vertex  5.000000e+01 -2.596477e+01  1.502767e+01
      vertex  5.000000e+01 -2.669751e+01  1.368367e+01
    endloop
  endfacet
  facet normal  0.000000e+00  8.779907e-01 -4.786777e-01
    outer loop
      vertex  1.828092e-07 -2.596477e+01  1.502767e+01
      vertex  5.000000e+01 -2.669751e+01  1.368367e+01
      vertex  1.828092e-07 -2.669751e+01  1.368367e+01
    endloop
  endfacet
  facet normal  0.000000e+00  9.012641e-01 -4.332704e-01
    outer loop
      vertex  1.828092e-07 -2.669751e+01  1.368367e+01
      vertex  5.000000e+01 -2.669751e+01  1.368367e+01
      vertex  5.000000e+01 -2.736074e+01  1.230406e+01
    endloop
  endfacet
  facet normal  0.000000e+00  9.012641e-01 -4.332704e-01
    outer loop
      vertex  1.828092e-07 -2.669751e+01  1.368367e+01
      vertex  5.000000e+01 -2.736074e+01  1.230406e+01
      vertex  1.828092e-07 -2.736074e+01  1.230406e+01
    endloop
  endfacet
  facet normal  0.000000e+00  9.221917e-01 -3.867331e-01
    outer loop
      vertex  1.828092e-07 -2.736074e+01  1.230406e+01
      vertex  5.000000e+01 -2.736074e+01  1.230406e+01
      vertex  5.000000e+01 -2.795274e+01  1.089240e+01
    endloop
  endfacet
  facet normal  0.000000e+00  9.221917e-01 -3.867331e-01
    outer loop
      vertex  1.828092e-07 -2.736074e+01  1.230406e+01
      vertex  5.000000e+01 -2.795274e+01  1.089240e+01
      vertex  1.828092e-07 -2.795274e+01  1.089240e+01
    endloop
  endfacet
  facet normal  0.000000e+00  9.407178e-01 -3.391902e-01
    outer loop
      vertex  1.828092e-07 -2.795274e+01  1.089240e+01
      vertex  5.000000e+01 -2.795274e+01  1.089240e+01
      vertex  5.000000e+01 -2.847196e+01  9.452391e+00
    endloop
  endfacet
  facet normal  0.000000e+00  9.407178e-01 -3.391902e-01
    outer loop
      vertex  1.828092e-07 -2.795274e+01  1.089240e+01
      vertex  5.000000e+01 -2.847196e+01  9.452391e+00
      vertex  1.828092e-07 -2.847196e+01  9.452391e+00
    endloop
  endfacet
  facet normal  0.000000e+00  9.567949e-01 -2.907638e-01
    outer loop
      vertex  1.828092e-07 -2.847196e+01  9.452391e+00
      vertex  5.000000e+01 -2.847196e+01  9.452391e+00
      vertex  5.000000e+01 -2.891705e+01  7.987768e+00
    endloop
  endfacet
  facet normal  0.000000e+00  9.567949e-01 -2.907638e-01
    outer loop
      vertex  1.828092e-07 -2.847196e+01  9.452391e+00
      vertex  5.000000e+01 -2.891705e+01  7.987768e+00
      vertex  1.828092e-07 -2.891705e+01  7.987768e+00
    endloop
  endfacet
  facet normal  0.000000e+00  9.703806e-01 -2.415810e-01
    outer loop
      vertex  1.828092e-07 -2.891705e+01  7.987768e+00
      vertex  5.000000e+01 -2.891705e+01  7.987768e+00
      vertex  5.000000e+01 -2.928685e+01  6.502349e+00
    endloop
  endfacet
  facet normal  0.000000e+00  9.703806e-01 -2.415810e-01
    outer loop
      vertex  1.828092e-07 -2.891705e+01  7.987768e+00
      vertex  5.000000e+01 -2.928685e+01  6.502349e+00
      vertex  1.828092e-07 -2.928685e+01  6.502349e+00
    endloop
  endfacet
  facet normal  0.000000e+00  9.814402e-01 -1.917679e-01
    outer loop
      vertex  1.828092e-07 -2.928685e+01  6.502349e+00
      vertex  5.000000e+01 -2.928685e+01  6.502349e+00
      vertex  5.000000e+01 -2.958040e+01  5.000000e+00
    endloop
  endfacet
  facet normal  0.000000e+00  9.814402e-01 -1.917679e-01
    outer loop
      vertex  1.828092e-07 -2.928685e+01  6.502349e+00
      vertex  5.000000e+01 -2.958040e+01  5.000000e+00
      vertex -5.000000e+01 -2.958040e+01  5.000000e+00
    endloop
  endfacet
  facet normal -1.254689e-06  2.284807e-01 -9.735484e-01
    outer loop
      vertex -1.704670e+00 -6.789264e+00  2.922167e+01
      vertex -1.038011e+00 -6.922610e+00  2.919037e+01
      vertex -5.000000e+01 -6.828775e+00  2.921246e+01
    endloop
  endfacet
  facet normal  5.761588e-06  2.319486e-01 -9.727281e-01
    outer loop
      vertex -5.000000e+01 -6.828775e+00  2.921246e+01
      vertex -1.038011e+00 -6.922610e+00  2.919037e+01
      vertex -3.610683e-01 -6.990682e+00  2.917415e+01
    endloop
  endfacet
  facet normal  7.638731e-05  2.523941e-01 -9.676245e-01
    outer loop
      vertex -5.000000e+01 -6.828775e+00  2.921246e+01
      vertex -3.610683e-01 -6.990682e+00  2.917415e+01
      vertex -5.000000e+01 -8.309975e+00  2.882611e+01
    endloop
  endfacet
  facet normal  5.550990e-05  2.531279e-01 -9.674329e-01
    outer loop
      vertex -5.000000e+01 -8.309975e+00  2.882611e+01
      vertex -3.610683e-01 -6.990682e+00  2.917415e+01
      vertex  3.195052e-01 -6.992704e+00  2.917366e+01
    endloop
  endfacet
  facet normal  0.000000e+00  2.551120e-01 -9.669115e-01
    outer loop
      vertex -5.000000e+01 -8.309975e+00  2.882611e+01
      vertex  3.195052e-01 -6.992704e+00  2.917366e+01
      vertex  1.828092e-07 -8.309975e+00  2.882611e+01
    endloop
  endfacet
  facet normal  -0.000000e+00 -6.928701e-01 -7.210624e-01
    outer loop
      vertex -5.000000e+01  2.133124e+01  2.109451e+01
      vertex  1.828092e-07  2.022747e+01  2.215512e+01
      vertex -5.000000e+01  2.022747e+01  2.215512e+01
    endloop
  endfacet
  facet normal  0.000000e+00 -6.551893e-01 -7.554648e-01
    outer loop
      vertex -5.000000e+01  2.022747e+01  2.215512e+01
      vertex  1.828092e-07  2.022747e+01  2.215512e+01
      vertex  1.828092e-07  1.907103e+01  2.315806e+01
    endloop
  endfacet
  facet normal  -0.000000e+00 -6.551893e-01 -7.554648e-01
    outer loop
      vertex -5.000000e+01  2.022747e+01  2.215512e+01
      vertex  1.828092e-07  1.907103e+01  2.315806e+01
      vertex -5.000000e+01  1.907103e+01  2.315806e+01
    endloop
  endfacet
  facet normal  0.000000e+00 -6.157995e-01 -7.879029e-01
    outer loop
      vertex -5.000000e+01  1.907103e+01  2.315806e+01
      vertex  1.828092e-07  1.907103e+01  2.315806e+01
      vertex  1.828092e-07  1.786494e+01  2.410070e+01
    endloop
  endfacet
  facet normal  -0.000000e+00 -6.157995e-01 -7.879029e-01
    outer loop
      vertex -5.000000e+01  1.907103e+01  2.315806e+01
      vertex  1.828092e-07  1.786494e+01  2.410070e+01
      vertex -5.000000e+01  1.786494e+01  2.410070e+01
    endloop
  endfacet
  facet normal  0.000000e+00 -5.748089e-01 -8.182876e-01
    outer loop
      vertex -5.000000e+01  1.786494e+01  2.410070e+01
      vertex  1.828092e-07  1.786494e+01  2.410070e+01
      vertex  1.828092e-07  1.661234e+01  2.498059e+01
    endloop
  endfacet
  facet normal  -0.000000e+00 -5.748089e-01 -8.182876e-01
    outer loop
      vertex -5.000000e+01  1.786494e+01  2.410070e+01
      vertex  1.828092e-07  1.661234e+01  2.498059e+01
      vertex -5.000000e+01  1.661234e+01  2.498059e+01
    endloop
  endfacet
  facet normal  0.000000e+00 -5.323198e-01 -8.465434e-01
    outer loop
      vertex -5.000000e+01  1.661234e+01  2.498059e+01
      vertex  1.828092e-07  1.661234e+01  2.498059e+01
      vertex  1.828092e-07  1.531649e+01  2.579545e+01
    endloop
  endfacet
  facet normal  -0.000000e+00 -5.323198e-01 -8.465434e-01
    outer loop
      vertex -5.000000e+01  1.661234e+01  2.498059e+01
      vertex  1.828092e-07  1.531649e+01  2.579545e+01
      vertex -5.000000e+01  1.531649e+01  2.579545e+01
    endloop
  endfacet
  facet normal  0.000000e+00 -4.884467e-01 -8.725938e-01
    outer loop
      vertex -5.000000e+01  1.531649e+01  2.579545e+01
      vertex  1.828092e-07  1.531649e+01  2.579545e+01
      vertex  1.828092e-07  1.398076e+01  2.654314e+01
    endloop
  endfacet
  facet normal  -0.000000e+00 -4.884467e-01 -8.725938e-01
    outer loop
      vertex -5.000000e+01  1.531649e+01  2.579545e+01
      vertex  1.828092e-07  1.398076e+01  2.654314e+01
      vertex -5.000000e+01  1.398076e+01  2.654314e+01
    endloop
  endfacet
  facet normal  0.000000e+00 -4.433008e-01 -8.963729e-01
    outer loop
      vertex -5.000000e+01  1.398076e+01  2.654314e+01
      vertex  1.828092e-07  1.398076e+01  2.654314e+01
      vertex  1.828092e-07  1.260863e+01  2.722173e+01
    endloop
  endfacet
  facet normal  -0.000000e+00 -4.433008e-01 -8.963729e-01
    outer loop
      vertex -5.000000e+01  1.398076e+01  2.654314e+01
      vertex  1.828092e-07  1.260863e+01  2.722173e+01
      vertex -5.000000e+01  1.260863e+01  2.722173e+01
    endloop
  endfacet
  facet normal  0.000000e+00 -3.970003e-01 -9.178184e-01
    outer loop
      vertex -5.000000e+01  1.260863e+01  2.722173e+01
      vertex  1.828092e-07  1.260863e+01  2.722173e+01
      vertex  1.828092e-07  1.120367e+01  2.782944e+01
    endloop
  endfacet
  facet normal  -0.000000e+00 -3.970003e-01 -9.178184e-01
    outer loop
      vertex -5.000000e+01  1.260863e+01  2.722173e+01
      vertex  1.828092e-07  1.120367e+01  2.782944e+01
      vertex -5.000000e+01  1.120367e+01  2.782944e+01
    endloop
  endfacet
  facet normal  0.000000e+00 -3.496678e-01 -9.368739e-01
    outer loop
      vertex -5.000000e+01  1.120367e+01  2.782944e+01
      vertex  1.828092e-07  1.120367e+01  2.782944e+01
      vertex  1.828092e-07  9.769539e+00  2.836470e+01
    endloop
  endfacet
  facet normal  -0.000000e+00 -3.496678e-01 -9.368739e-01
    outer loop
      vertex -5.000000e+01  1.120367e+01  2.782944e+01
      vertex  1.828092e-07  9.769539e+00  2.836470e+01
      vertex -5.000000e+01  9.769539e+00  2.836470e+01
    endloop
  endfacet
  facet normal  0.000000e+00 -3.014234e-01 -9.534904e-01
    outer loop
      vertex -5.000000e+01  9.769539e+00  2.836470e+01
      vertex  1.828092e-07  9.769539e+00  2.836470e+01
      vertex  1.828092e-07  8.309975e+00  2.882611e+01
    endloop
  endfacet
  facet normal  -0.000000e+00 -3.014234e-01 -9.534904e-01
    outer loop
      vertex -5.000000e+01  9.769539e+00  2.836470e+01
      vertex  1.828092e-07  8.309975e+00  2.882611e+01
      vertex -5.000000e+01  8.309975e+00  2.882611e+01
    endloop
  endfacet
  facet normal  0.000000e+00 -2.551726e-01 -9.668956e-01
    outer loop
      vertex -5.000000e+01  8.309975e+00  2.882611e+01
      vertex  1.828092e-07  8.309975e+00  2.882611e+01
      vertex  2.219920e-01  6.996479e+00  2.917275e+01
    endloop
  endfacet
  facet normal  2.390956e-04 -2.466159e-01 -9.691132e-01
    outer loop
      vertex -5.000000e+01  8.309975e+00  2.882611e+01
      vertex  2.219920e-01  6.996479e+00  2.917275e+01
      vertex -4.563182e-01  6.985111e+00  2.917547e+01
    endloop
  endfacet
  facet normal  0.000000e+00 -6.928701e-01 -7.210624e-01
    outer loop
      vertex  1.828092e-07  2.022747e+01  2.215512e+01
      vertex -5.000000e+01  2.133124e+01  2.109451e+01
      vertex  1.828092e-07  2.133124e+01  2.109451e+01
    endloop
  endfacet
  facet normal  -0.000000e+00 -7.287496e-01 -6.847802e-01
    outer loop
      vertex  1.828092e-07  2.133124e+01  2.109451e+01
      vertex -5.000000e+01  2.133124e+01  2.109451e+01
      vertex -5.000000e+01  2.237947e+01  1.997897e+01
    endloop
  endfacet
  facet normal  0.000000e+00 -7.287496e-01 -6.847802e-01
    outer loop
      vertex  1.828092e-07  2.133124e+01  2.109451e+01
      vertex -5.000000e+01  2.237947e+01  1.997897e+01
      vertex  1.828092e-07  2.237947e+01  1.997897e+01
    endloop
  endfacet
  facet normal  -0.000000e+00 -7.627299e-01 -6.467173e-01
    outer loop
      vertex  1.828092e-07  2.237947e+01  1.997897e+01
      vertex -5.000000e+01  2.237947e+01  1.997897e+01
      vertex -5.000000e+01  2.336944e+01  1.881141e+01
    endloop
  endfacet
  facet normal  0.000000e+00 -7.627299e-01 -6.467173e-01
    outer loop
      vertex  1.828092e-07  2.237947e+01  1.997897e+01
      vertex -5.000000e+01  2.336944e+01  1.881141e+01
      vertex  1.828092e-07  2.336944e+01  1.881141e+01
    endloop
  endfacet
  facet normal  -0.000000e+00 -7.947257e-01 -6.069687e-01
    outer loop
      vertex  1.828092e-07  2.336944e+01  1.881141e+01
      vertex -5.000000e+01  2.336944e+01  1.881141e+01
      vertex -5.000000e+01  2.429857e+01  1.759488e+01
    endloop
  endfacet
  facet normal  0.000000e+00 -7.947257e-01 -6.069687e-01
    outer loop
      vertex  1.828092e-07  2.336944e+01  1.881141e+01
      vertex -5.000000e+01  2.429857e+01  1.759488e+01
      vertex  1.828092e-07  2.429857e+01  1.759488e+01
    endloop
  endfacet
  facet normal  -0.000000e+00 -8.246515e-01 -5.656410e-01
    outer loop
      vertex  1.828092e-07  2.429857e+01  1.759488e+01
      vertex -5.000000e+01  2.429857e+01  1.759488e+01
      vertex -5.000000e+01  2.516443e+01  1.633253e+01
    endloop
  endfacet
  facet normal  0.000000e+00 -8.246515e-01 -5.656410e-01
    outer loop
      vertex  1.828092e-07  2.429857e+01  1.759488e+01
      vertex -5.000000e+01  2.516443e+01  1.633253e+01
      vertex  1.828092e-07  2.516443e+01  1.633253e+01
    endloop
  endfacet
  facet normal  -0.000000e+00 -8.524307e-01 -5.228404e-01
    outer loop
      vertex  1.828092e-07  2.516443e+01  1.633253e+01
      vertex -5.000000e+01  2.516443e+01  1.633253e+01
      vertex -5.000000e+01  2.596477e+01  1.502767e+01
    endloop
  endfacet
  facet normal  0.000000e+00 -8.524307e-01 -5.228404e-01
    outer loop
      vertex  1.828092e-07  2.516443e+01  1.633253e+01
      vertex -5.000000e+01  2.596477e+01  1.502767e+01
      vertex  1.828092e-07  2.596477e+01  1.502767e+01
    endloop
  endfacet
  facet normal  -0.000000e+00 -8.779907e-01 -4.786777e-01
    outer loop
      vertex  1.828092e-07  2.596477e+01  1.502767e+01
      vertex -5.000000e+01  2.596477e+01  1.502767e+01
      vertex -5.000000e+01  2.669751e+01  1.368367e+01
    endloop
  endfacet
  facet normal  0.000000e+00 -8.779907e-01 -4.786777e-01
    outer loop
      vertex  1.828092e-07  2.596477e+01  1.502767e+01
      vertex -5.000000e+01  2.669751e+01  1.368367e+01
      vertex  1.828092e-07  2.669751e+01  1.368367e+01
    endloop
  endfacet
  facet normal  -0.000000e+00 -9.012641e-01 -4.332704e-01
    outer loop
      vertex  1.828092e-07  2.669751e+01  1.368367e+01
      vertex -5.000000e+01  2.669751e+01  1.368367e+01
      vertex -5.000000e+01  2.736074e+01  1.230406e+01
    endloop
  endfacet
  facet normal  0.000000e+00 -9.012641e-01 -4.332704e-01
    outer loop
      vertex  1.828092e-07  2.669751e+01  1.368367e+01
      vertex -5.000000e+01  2.736074e+01  1.230406e+01
      vertex  1.828092e-07  2.736074e+01  1.230406e+01
    endloop
  endfacet
  facet normal  -0.000000e+00 -9.221917e-01 -3.867331e-01
    outer loop
      vertex  1.828092e-07  2.736074e+01  1.230406e+01
      vertex -5.000000e+01  2.736074e+01  1.230406e+01
      vertex -5.000000e+01  2.795274e+01  1.089240e+01
    endloop
  endfacet
  facet normal  0.000000e+00 -9.221917e-01 -3.867331e-01
    outer loop
      vertex  1.828092e-07  2.736074e+01  1.230406e+01
      vertex -5.000000e+01  2.795274e+01  1.089240e+01
      vertex  1.828092e-07  2.795274e+01  1.089240e+01
    endloop
  endfacet
  facet normal  -0.000000e+00 -9.407178e-01 -3.391902e-01
    outer loop
      vertex  1.828092e-07  2.795274e+01  1.089240e+01
      vertex -5.000000e+01  2.795274e+01  1.089240e+01
      vertex -5.000000e+01  2.847196e+01  9.452391e+00
    endloop
  endfacet
  facet normal  0.000000e+00 -9.407178e-01 -3.391902e-01
    outer loop
      vertex  1.828092e-07  2.795274e+01  1.089240e+01
      vertex -5.000000e+01  2.847196e+01  9.452391e+00
      vertex  1.828092e-07  2.847196e+01  9.452391e+00
    endloop
  endfacet
  facet normal  -0.000000e+00 -9.567949e-01 -2.907638e-01
    outer loop
      vertex  1.828092e-07  2.847196e+01  9.452391e+00
      vertex -5.000000e+01  2.847196e+01  9.452391e+00
      vertex -5.000000e+01  2.891705e+01  7.987768e+00
    endloop
  endfacet
  facet normal  0.000000e+00 -9.567949e-01 -2.907638e-01
    outer loop
      vertex  1.828092e-07  2.847196e+01  9.452391e+00
      vertex -5.000000e+01  2.891705e+01  7.987768e+00
      vertex  1.828092e-07  2.891705e+01  7.987768e+00
    endloop
  endfacet
  facet normal  -0.000000e+00 -9.703806e-01 -2.415810e-01
    outer loop
      vertex  1.828092e-07  2.891705e+01  7.987768e+00
      vertex -5.000000e+01  2.891705e+01  7.987768e+00
      vertex -5.000000e+01  2.928685e+01  6.502349e+00
    endloop
  endfacet
  facet normal  0.000000e+00 -9.703806e-01 -2.415810e-01
    outer loop
      vertex  1.828092e-07  2.891705e+01  7.987768e+00
      vertex -5.000000e+01  2.928685e+01  6.502349e+00
      vertex  1.828092e-07  2.928685e+01  6.502349e+00
    endloop
  endfacet
  facet normal  -0.000000e+00 -9.814402e-01 -1.917679e-01
    outer loop
      vertex  1.828092e-07  2.928685e+01  6.502349e+00
      vertex -5.000000e+01  2.928685e+01  6.502349e+00
      vertex -5.000000e+01  2.958040e+01  5.000000e+00
    endloop
  endfacet
  facet normal  0.000000e+00 -9.814402e-01 -1.917679e-01
    outer loop
      vertex  1.828092e-07  2.928685e+01  6.502349e+00
      vertex -5.000000e+01  2.958040e+01  5.000000e+00
      vertex  5.000000e+01  2.958040e+01  5.000000e+00
    endloop
  endfacet
  facet normal  0.000000e+00  9.814402e-01 -1.917679e-01
    outer loop
      vertex -5.000000e+01 -2.958040e+01  5.000000e+00
      vertex -5.000000e+01 -2.928685e+01  6.502349e+00
      vertex  1.828092e-07 -2.928685e+01  6.502349e+00
    endloop
  endfacet
  facet normal  0.000000e+00  9.703806e-01 -2.415810e-01
    outer loop
      vertex  1.828092e-07 -2.928685e+01  6.502349e+00
      vertex -5.000000e+01 -2.928685e+01  6.502349e+00
      vertex -5.000000e+01 -2.891705e+01  7.987768e+00
    endloop
  endfacet
  facet normal  0.000000e+00  9.703806e-01 -2.415810e-01
    outer loop
      vertex  1.828092e-07 -2.928685e+01  6.502349e+00
      vertex -5.000000e+01 -2.891705e+01  7.987768e+00
      vertex  1.828092e-07 -2.891705e+01  7.987768e+00
    endloop
  endfacet
  facet normal  0.000000e+00  9.567949e-01 -2.907638e-01
    outer loop
      vertex  1.828092e-07 -2.891705e+01  7.987768e+00
      vertex -5.000000e+01 -2.891705e+01  7.987768e+00
      vertex -5.000000e+01 -2.847196e+01  9.452391e+00
    endloop
  endfacet
  facet normal  0.000000e+00  9.567949e-01 -2.907638e-01
    outer loop
      vertex  1.828092e-07 -2.891705e+01  7.987768e+00
      vertex -5.000000e+01 -2.847196e+01  9.452391e+00
      vertex  1.828092e-07 -2.847196e+01  9.452391e+00
    endloop
  endfacet
  facet normal  0.000000e+00  9.407178e-01 -3.391902e-01
    outer loop
      vertex  1.828092e-07 -2.847196e+01  9.452391e+00
      vertex -5.000000e+01 -2.847196e+01  9.452391e+00
      vertex -5.000000e+01 -2.795274e+01  1.089240e+01
    endloop
  endfacet
  facet normal  0.000000e+00  9.407178e-01 -3.391902e-01
    outer loop
      vertex  1.828092e-07 -2.847196e+01  9.452391e+00
      vertex -5.000000e+01 -2.795274e+01  1.089240e+01
      vertex  1.828092e-07 -2.795274e+01  1.089240e+01
    endloop
  endfacet
  facet normal  0.000000e+00  9.221917e-01 -3.867331e-01
    outer loop
      vertex  1.828092e-07 -2.795274e+01  1.089240e+01
      vertex -5.000000e+01 -2.795274e+01  1.089240e+01
      vertex -5.000000e+01 -2.736074e+01  1.230406e+01
    endloop
  endfacet
  facet normal  0.000000e+00  9.221917e-01 -3.867331e-01
    outer loop
      vertex  1.828092e-07 -2.795274e+01  1.089240e+01
      vertex -5.000000e+01 -2.736074e+01  1.230406e+01
      vertex  1.828092e-07 -2.736074e+01  1.230406e+01
    endloop
  endfacet
  facet normal  0.000000e+00  9.012641e-01 -4.332704e-01
    outer loop
      vertex  1.828092e-07 -2.736074e+01  1.230406e+01
      vertex -5.000000e+01 -2.736074e+01  1.230406e+01
      vertex -5.000000e+01 -2.669751e+01  1.368367e+01
    endloop
  endfacet
  facet normal  0.000000e+00  9.012641e-01 -4.332704e-01
    outer loop
      vertex  1.828092e-07 -2.736074e+01  1.230406e+01
      vertex -5.000000e+01 -2.669751e+01  1.368367e+01
      vertex  1.828092e-07 -2.669751e+01  1.368367e+01
    endloop
  endfacet
  facet normal  0.000000e+00  8.779907e-01 -4.786777e-01
    outer loop
      vertex  1.828092e-07 -2.669751e+01  1.368367e+01
      vertex -5.000000e+01 -2.669751e+01  1.368367e+01
      vertex -5.000000e+01 -2.596477e+01  1.502767e+01
    endloop
  endfacet
  facet normal  0.000000e+00  8.779907e-01 -4.786777e-01
    outer loop
      vertex  1.828092e-07 -2.669751e+01  1.368367e+01
      vertex -5.000000e+01 -2.596477e+01  1.502767e+01
      vertex  1.828092e-07 -2.596477e+01  1.502767e+01
    endloop
  endfacet
  facet normal  0.000000e+00  8.524307e-01 -5.228404e-01
    outer loop
      vertex  1.828092e-07 -2.596477e+01  1.502767e+01
      vertex -5.000000e+01 -2.596477e+01  1.502767e+01
      vertex -5.000000e+01 -2.516443e+01  1.633253e+01
    endloop
  endfacet
  facet normal  0.000000e+00  8.524307e-01 -5.228404e-01
    outer loop
      vertex  1.828092e-07 -2.596477e+01  1.502767e+01
      vertex -5.000000e+01 -2.516443e+01  1.633253e+01
      vertex  1.828092e-07 -2.516443e+01  1.633253e+01
    endloop
  endfacet
  facet normal  0.000000e+00  8.246515e-01 -5.656410e-01
    outer loop
      vertex  1.828092e-07 -2.516443e+01  1.633253e+01
      vertex -5.000000e+01 -2.516443e+01  1.633253e+01
      vertex -5.000000e+01 -2.429857e+01  1.759488e+01
    endloop
  endfacet
  facet normal  0.000000e+00  8.246515e-01 -5.656410e-01
    outer loop
      vertex  1.828092e-07 -2.516443e+01  1.633253e+01
      vertex -5.000000e+01 -2.429857e+01  1.759488e+01
      vertex  1.828092e-07 -2.429857e+01  1.759488e+01
    endloop
  endfacet
  facet normal  0.000000e+00  7.947257e-01 -6.069687e-01
    outer loop
      vertex  1.828092e-07 -2.429857e+01  1.759488e+01
      vertex -5.000000e+01 -2.429857e+01  1.759488e+01
      vertex -5.000000e+01 -2.336944e+01  1.881141e+01
    endloop
  endfacet
  facet normal  0.000000e+00  7.947257e-01 -6.069687e-01
    outer loop
      vertex  1.828092e-07 -2.429857e+01  1.759488e+01
      vertex -5.000000e+01 -2.336944e+01  1.881141e+01
      vertex  1.828092e-07 -2.336944e+01  1.881141e+01
    endloop
  endfacet
  facet normal  0.000000e+00  7.627299e-01 -6.467173e-01
    outer loop
      vertex  1.828092e-07 -2.336944e+01  1.881141e+01
      vertex -5.000000e+01 -2.336944e+01  1.881141e+01
      vertex -5.000000e+01 -2.237947e+01  1.997897e+01
    endloop
  endfacet
  facet normal  0.000000e+00  7.627299e-01 -6.467173e-01
    outer loop
      vertex  1.828092e-07 -2.336944e+01  1.881141e+01
      vertex -5.000000e+01 -2.237947e+01  1.997897e+01
      vertex  1.828092e-07 -2.237947e+01  1.997897e+01
    endloop
  endfacet
  facet normal  0.000000e+00  7.287496e-01 -6.847802e-01
    outer loop
      vertex  1.828092e-07 -2.237947e+01  1.997897e+01
      vertex -5.000000e+01 -2.237947e+01  1.997897e+01
      vertex -5.000000e+01 -2.133124e+01  2.109451e+01
    endloop
  endfacet
  facet normal  0.000000e+00  7.287496e-01 -6.847802e-01
    outer loop
      vertex  1.828092e-07 -2.237947e+01  1.997897e+01
      vertex -5.000000e+01 -2.133124e+01  2.109451e+01
      vertex  1.828092e-07 -2.133124e+01  2.109451e+01
    endloop
  endfacet
  facet normal  0.000000e+00  6.928701e-01 -7.210624e-01
    outer loop
      vertex  1.828092e-07 -2.133124e+01  2.109451e+01
      vertex -5.000000e+01 -2.133124e+01  2.109451e+01
      vertex -5.000000e+01 -2.022747e+01  2.215512e+01
    endloop
  endfacet
  facet normal  0.000000e+00  6.928701e-01 -7.210624e-01
    outer loop
      vertex  1.828092e-07 -2.133124e+01  2.109451e+01
      vertex -5.000000e+01 -2.022747e+01  2.215512e+01
      vertex  1.828092e-07 -2.022747e+01  2.215512e+01
    endloop
  endfacet
  facet normal  0.000000e+00  6.551893e-01 -7.554648e-01
    outer loop
      vertex  1.828092e-07 -2.022747e+01  2.215512e+01
      vertex -5.000000e+01 -2.022747e+01  2.215512e+01
      vertex -5.000000e+01 -1.907103e+01  2.315806e+01
    endloop
  endfacet
  facet normal  0.000000e+00  6.551893e-01 -7.554648e-01
    outer loop
      vertex  1.828092e-07 -2.022747e+01  2.215512e+01
      vertex -5.000000e+01 -1.907103e+01  2.315806e+01
      vertex  1.828092e-07 -1.907103e+01  2.315806e+01
    endloop
  endfacet
  facet normal  0.000000e+00  6.157995e-01 -7.879029e-01
    outer loop
      vertex  1.828092e-07 -1.907103e+01  2.315806e+01
      vertex -5.000000e+01 -1.907103e+01  2.315806e+01
      vertex -5.000000e+01 -1.786494e+01  2.410070e+01
    endloop
  endfacet
  facet normal  0.000000e+00  6.157995e-01 -7.879029e-01
    outer loop
      vertex  1.828092e-07 -1.907103e+01  2.315806e+01
      vertex -5.000000e+01 -1.786494e+01  2.410070e+01
      vertex  1.828092e-07 -1.786494e+01  2.410070e+01
    endloop
  endfacet
  facet normal  0.000000e+00  5.748089e-01 -8.182876e-01
    outer loop
      vertex  1.828092e-07 -1.786494e+01  2.410070e+01
      vertex -5.000000e+01 -1.786494e+01  2.410070e+01
      vertex -5.000000e+01 -1.661234e+01  2.498059e+01
    endloop
  endfacet
  facet normal  0.000000e+00  5.748089e-01 -8.182876e-01
    outer loop
      vertex  1.828092e-07 -1.786494e+01  2.410070e+01
      vertex -5.000000e+01 -1.661234e+01  2.498059e+01
      vertex  1.828092e-07 -1.661234e+01  2.498059e+01
    endloop
  endfacet
  facet normal  0.000000e+00  5.323198e-01 -8.465434e-01
    outer loop
      vertex  1.828092e-07 -1.661234e+01  2.498059e+01
      vertex -5.000000e+01 -1.661234e+01  2.498059e+01
      vertex -5.000000e+01 -1.531649e+01  2.579545e+01
    endloop
  endfacet
  facet normal  0.000000e+00  5.323198e-01 -8.465434e-01
    outer loop
      vertex  1.828092e-07 -1.661234e+01  2.498059e+01
      vertex -5.000000e+01 -1.531649e+01  2.579545e+01
      vertex  1.828092e-07 -1.531649e+01  2.579545e+01
    endloop
  endfacet
  facet normal  0.000000e+00  4.884467e-01 -8.725938e-01
    outer loop
      vertex  1.828092e-07 -1.531649e+01  2.579545e+01
      vertex -5.000000e+01 -1.531649e+01  2.579545e+01
      vertex -5.000000e+01 -1.398076e+01  2.654314e+01
    endloop
  endfacet
  facet normal  0.000000e+00  4.884467e-01 -8.725938e-01
    outer loop
      vertex  1.828092e-07 -1.531649e+01  2.579545e+01
      vertex -5.000000e+01 -1.398076e+01  2.654314e+01
      vertex  1.828092e-07 -1.398076e+01  2.654314e+01
    endloop
  endfacet
  facet normal  0.000000e+00  4.433008e-01 -8.963729e-01
    outer loop
      vertex  1.828092e-07 -1.398076e+01  2.654314e+01
      vertex -5.000000e+01 -1.398076e+01  2.654314e+01
      vertex -5.000000e+01 -1.260863e+01  2.722173e+01
    endloop
  endfacet
  facet normal  0.000000e+00  4.433008e-01 -8.963729e-01
    outer loop
      vertex  1.828092e-07 -1.398076e+01  2.654314e+01
      vertex -5.000000e+01 -1.260863e+01  2.722173e+01
      vertex  1.828092e-07 -1.260863e+01  2.722173e+01
    endloop
  endfacet
  facet normal  0.000000e+00  3.970003e-01 -9.178184e-01
    outer loop
      vertex  1.828092e-07 -1.260863e+01  2.722173e+01
      vertex -5.000000e+01 -1.260863e+01  2.722173e+01
      vertex -5.000000e+01 -1.120367e+01  2.782944e+01
    endloop
  endfacet
  facet normal  0.000000e+00  3.970003e-01 -9.178184e-01
    outer loop
      vertex  1.828092e-07 -1.260863e+01  2.722173e+01
      vertex -5.000000e+01 -1.120367e+01  2.782944e+01
      vertex  1.828092e-07 -1.120367e+01  2.782944e+01
    endloop
  endfacet
  facet normal  0.000000e+00  3.496678e-01 -9.368739e-01
    outer loop
      vertex  1.828092e-07 -1.120367e+01  2.782944e+01
      vertex -5.000000e+01 -1.120367e+01  2.782944e+01
      vertex -5.000000e+01 -9.769539e+00  2.836470e+01
    endloop
  endfacet
  facet normal  0.000000e+00  3.496678e-01 -9.368739e-01
    outer loop
      vertex  1.828092e-07 -1.120367e+01  2.782944e+01
      vertex -5.000000e+01 -9.769539e+00  2.836470e+01
      vertex  1.828092e-07 -9.769539e+00  2.836470e+01
    endloop
  endfacet
  facet normal  0.000000e+00  3.014234e-01 -9.534904e-01
    outer loop
      vertex  1.828092e-07 -9.769539e+00  2.836470e+01
      vertex -5.000000e+01 -9.769539e+00  2.836470e+01
      vertex -5.000000e+01 -8.309975e+00  2.882611e+01
    endloop
  endfacet
  facet normal  0.000000e+00  3.014234e-01 -9.534904e-01
    outer loop
      vertex  1.828092e-07 -9.769539e+00  2.836470e+01
      vertex -5.000000e+01 -8.309975e+00  2.882611e+01
      vertex  1.828092e-07 -8.309975e+00  2.882611e+01
    endloop
  endfacet
  facet normal  5.665156e-06  8.788543e-02 -9.961305e-01
    outer loop
      vertex -6.605641e+00 -2.316357e+00  2.991044e+01
      vertex -6.345126e+00 -2.956244e+00  2.985399e+01
      vertex -5.000000e+01 -2.294146e+00  2.991215e+01
    endloop
  endfacet
  facet normal  3.270064e-04  1.088904e-01 -9.940537e-01
    outer loop
      vertex -5.000000e+01 -2.294146e+00  2.991215e+01
      vertex -6.345126e+00 -2.956244e+00  2.985399e+01
      vertex -6.023257e+00 -3.566563e+00  2.978724e+01
    endloop
  endfacet
  facet normal  1.222164e-04  1.018854e-01 -9.947962e-01
    outer loop
      vertex -5.000000e+01 -2.294146e+00  2.991215e+01
      vertex -6.023257e+00 -3.566563e+00  2.978724e+01
      vertex -5.000000e+01 -3.816940e+00  2.975619e+01
    endloop
  endfacet
  facet normal -5.520769e-06  6.616032e-02 -9.978090e-01
    outer loop
      vertex -6.605641e+00 -2.316357e+00  2.991044e+01
      vertex -5.000000e+01 -2.294146e+00  2.991215e+01
      vertex -6.802014e+00 -1.653057e+00  2.995442e+01
    endloop
  endfacet
  facet normal  2.202188e-04  5.100811e-02 -9.986982e-01
    outer loop
      vertex -6.802014e+00 -1.653057e+00  2.995442e+01
      vertex -5.000000e+01 -2.294146e+00  2.991215e+01
      vertex -5.000000e+01 -7.653796e-01  2.999023e+01
    endloop
  endfacet
  facet normal  1.180594e-04  4.604634e-02 -9.989393e-01
    outer loop
      vertex -6.802014e+00 -1.653057e+00  2.995442e+01
      vertex -5.000000e+01 -7.653796e-01  2.999023e+01
      vertex -6.911729e+00 -1.108153e+00  2.997953e+01
    endloop
  endfacet
  facet normal  9.328154e-05 -7.515664e-03 -9.999717e-01
    outer loop
      vertex -6.985464e+00  4.508865e-01  2.999661e+01
      vertex -7.000000e+00  8.572528e-16  3.000000e+01
      vertex -5.000000e+01  7.653796e-01  2.999023e+01
    endloop
  endfacet
  facet normal  3.922117e-04  9.278803e-03 -9.999569e-01
    outer loop
      vertex -5.000000e+01  7.653796e-01  2.999023e+01
      vertex -7.000000e+00  8.572528e-16  3.000000e+01
      vertex -6.977890e+00 -5.559220e-01  2.999485e+01
    endloop
  endfacet
  facet normal  1.072443e-04  0.000000e+00 -1.000000e+00
    outer loop
      vertex -5.000000e+01  7.653796e-01  2.999023e+01
      vertex -6.977890e+00 -5.559220e-01  2.999485e+01
      vertex -5.000000e+01 -7.653796e-01  2.999023e+01
    endloop
  endfacet
  facet normal  1.121931e-05 -6.396687e-02 -9.979520e-01
    outer loop
      vertex -6.627594e+00  2.252774e+00  2.991529e+01
      vertex -6.818319e+00  1.584465e+00  2.995813e+01
      vertex -5.000000e+01  2.294146e+00  2.991215e+01
    endloop
  endfacet
  facet normal  3.820749e-04 -4.147849e-02 -9.991394e-01
    outer loop
      vertex -5.000000e+01  2.294146e+00  2.991215e+01
      vertex -6.818319e+00  1.584465e+00  2.995813e+01
      vertex -6.941926e+00  8.998102e-01  2.998650e+01
    endloop
  endfacet
  facet normal  7.271883e-05 -5.100811e-02 -9.986983e-01
    outer loop
      vertex -5.000000e+01  2.294146e+00  2.991215e+01
      vertex -6.941926e+00  8.998102e-01  2.998650e+01
      vertex -5.000000e+01  7.653796e-01  2.999023e+01
    endloop
  endfacet
  facet normal -9.769474e-06 -8.584565e-02 -9.963085e-01
    outer loop
      vertex -6.627594e+00  2.252774e+00  2.991529e+01
      vertex -5.000000e+01  2.294146e+00  2.991215e+01
      vertex -6.371910e+00  2.898063e+00  2.985969e+01
    endloop
  endfacet
  facet normal  2.140772e-04 -1.018854e-01 -9.947961e-01
    outer loop
      vertex -6.371910e+00  2.898063e+00  2.985969e+01
      vertex -5.000000e+01  2.294146e+00  2.991215e+01
      vertex -5.000000e+01  3.816940e+00  2.975619e+01
    endloop
  endfacet
  facet normal  1.066475e-04 -1.069265e-01 -9.942669e-01
    outer loop
      vertex -6.371910e+00  2.898063e+00  2.985969e+01
      vertex -5.000000e+01  3.816940e+00  2.975619e+01
      vertex -6.054041e+00  3.514056e+00  2.979348e+01
    endloop
  endfacet
  facet normal  5.283910e-05 -1.627739e-01 -9.866635e-01
    outer loop
      vertex -4.764157e+00  5.128626e+00  2.955837e+01
      vertex -5.246183e+00  4.634389e+00  2.963988e+01
      vertex -5.000000e+01  5.329795e+00  2.952276e+01
    endloop
  endfacet
  facet normal  3.243280e-04 -1.457495e-01 -9.893215e-01
    outer loop
      vertex -5.000000e+01  5.329795e+00  2.952276e+01
      vertex -5.246183e+00  4.634389e+00  2.963988e+01
      vertex -5.677289e+00  4.094923e+00  2.971921e+01
    endloop
  endfacet
  facet normal  1.318903e-04 -1.524948e-01 -9.883043e-01
    outer loop
      vertex -5.000000e+01  5.329795e+00  2.952276e+01
      vertex -5.677289e+00  4.094923e+00  2.971921e+01
      vertex -5.000000e+01  3.816940e+00  2.975619e+01
    endloop
  endfacet
  facet normal  2.188591e-05  1.226013e-01 -9.924560e-01
    outer loop
      vertex  5.775933e+00 -3.954567e+00  2.973821e+01
      vertex  6.117712e+00 -3.402000e+00  2.980648e+01
      vertex  5.000000e+01 -3.816940e+00  2.975619e+01
    endloop
  endfacet
  facet normal -1.670821e-04  1.028879e-01 -9.946929e-01
    outer loop
      vertex  5.000000e+01 -3.816940e+00  2.975619e+01
      vertex  6.117712e+00 -3.402000e+00  2.980648e+01
      vertex  6.430281e+00 -2.766133e+00  2.987220e+01
    endloop
  endfacet
  facet normal -1.915355e-04  1.018854e-01 -9.947962e-01
    outer loop
      vertex  5.000000e+01 -3.816940e+00  2.975619e+01
      vertex  6.430281e+00 -2.766133e+00  2.987220e+01
      vertex  5.000000e+01 -2.294146e+00  2.991215e+01
    endloop
  endfacet
  facet normal  3.534035e-05  8.110379e-02 -9.967057e-01
    outer loop
      vertex  6.430281e+00 -2.766133e+00  2.987220e+01
      vertex  6.677255e+00 -2.101016e+00  2.992633e+01
      vertex  5.000000e+01 -2.294146e+00  2.991215e+01
    endloop
  endfacet
  facet normal -6.551903e-05  5.859482e-02 -9.982818e-01
    outer loop
      vertex  5.000000e+01 -2.294146e+00  2.991215e+01
      vertex  6.677255e+00 -2.101016e+00  2.992633e+01
      vertex  6.855814e+00 -1.413438e+00  2.996668e+01
    endloop
  endfacet
  facet normal -2.209137e-04  5.100811e-02 -9.986982e-01
    outer loop
      vertex  5.000000e+01 -2.294146e+00  2.991215e+01
      vertex  6.855814e+00 -1.413438e+00  2.996668e+01
      vertex  5.000000e+01 -7.653796e-01  2.999023e+01
    endloop
  endfacet
  facet normal  3.892529e-05 -7.847578e-02 -9.969160e-01
    outer loop
      vertex  6.698605e+00  2.031919e+00  2.993110e+01
      vertex  6.467725e+00  2.677412e+00  2.988028e+01
      vertex  5.000000e+01  2.294146e+00  2.991215e+01
    endloop
  endfacet
  facet normal -1.487446e-04 -9.963448e-02 -9.950241e-01
    outer loop
      vertex  5.000000e+01  2.294146e+00  2.991215e+01
      vertex  6.467725e+00  2.677412e+00  2.988028e+01
      vertex  6.175232e+00  3.296439e+00  2.981834e+01
    endloop
  endfacet
  facet normal -2.007119e-04 -1.018854e-01 -9.947962e-01
    outer loop
      vertex  5.000000e+01  2.294146e+00  2.991215e+01
      vertex  6.175232e+00  3.296439e+00  2.981834e+01
      vertex  5.000000e+01  3.816940e+00  2.975619e+01
    endloop
  endfacet
  facet normal  3.061504e-07 -2.293541e-01 -9.733430e-01
    outer loop
      vertex  1.582940e+00  6.818673e+00  2.921482e+01
      vertex  9.070812e-01  6.940980e+00  2.918600e+01
      vertex  5.000000e+01  6.828775e+00  2.921246e+01
    endloop
  endfacet
  facet normal -5.543468e-05 -2.523941e-01 -9.676245e-01
    outer loop
      vertex  5.000000e+01  6.828775e+00  2.921246e+01
      vertex  9.070812e-01  6.940980e+00  2.918600e+01
      vertex  5.000000e+01  8.309975e+00  2.882611e+01
    endloop
  endfacet
  facet normal -4.844030e-04 -2.379700e-01 -9.712724e-01
    outer loop
      vertex  9.070812e-01  6.940980e+00  2.918600e+01
      vertex  2.219920e-01  6.996479e+00  2.917275e+01
      vertex  5.000000e+01  8.309975e+00  2.882611e+01
    endloop
  endfacet
  facet normal  -0.000000e+00 -2.551726e-01 -9.668956e-01
    outer loop
      vertex  5.000000e+01  8.309975e+00  2.882611e+01
      vertex  2.219920e-01  6.996479e+00  2.917275e+01
      vertex  1.828092e-07  8.309975e+00  2.882611e+01
    endloop
  endfacet
  facet normal  -0.000000e+00 -9.814402e-01 -1.917679e-01
    outer loop
      vertex  5.000000e+01  2.958040e+01  5.000000e+00
      vertex  5.000000e+01  2.928685e+01  6.502349e+00
      vertex  1.828092e-07  2.928685e+01  6.502349e+00
    endloop
  endfacet
  facet normal  0.000000e+00 -9.703806e-01 -2.415810e-01
    outer loop
      vertex  1.828092e-07  2.928685e+01  6.502349e+00
      vertex  5.000000e+01  2.928685e+01  6.502349e+00
      vertex  5.000000e+01  2.891705e+01  7.987768e+00
    endloop
  endfacet
  facet normal  -0.000000e+00 -9.703806e-01 -2.415810e-01
    outer loop
      vertex  1.828092e-07  2.928685e+01  6.502349e+00
      vertex  5.000000e+01  2.891705e+01  7.987768e+00
      vertex  1.828092e-07  2.891705e+01  7.987768e+00
    endloop
  endfacet
  facet normal  0.000000e+00 -9.567949e-01 -2.907638e-01
    outer loop
      vertex  1.828092e-07  2.891705e+01  7.987768e+00
      vertex  5.000000e+01  2.891705e+01  7.987768e+00
      vertex  5.000000e+01  2.847196e+01  9.452391e+00
    endloop
  endfacet
  facet normal  -0.000000e+00 -9.567949e-01 -2.907638e-01
    outer loop
      vertex  1.828092e-07  2.891705e+01  7.987768e+00
      vertex  5.000000e+01  2.847196e+01  9.452391e+00
      vertex  1.828092e-07  2.847196e+01  9.452391e+00
    endloop
  endfacet
  facet normal  0.000000e+00 -9.407178e-01 -3.391902e-01
    outer loop
      vertex  1.828092e-07  2.847196e+01  9.452391e+00
      vertex  5.000000e+01  2.847196e+01  9.452391e+00
      vertex  5.000000e+01  2.795274e+01  1.089240e+01
    endloop
  endfacet
  facet normal  -0.000000e+00 -9.407178e-01 -3.391902e-01
    outer loop
      vertex  1.828092e-07  2.847196e+01  9.452391e+00
      vertex  5.000000e+01  2.795274e+01  1.089240e+01
      vertex  1.828092e-07  2.795274e+01  1.089240e+01
    endloop
  endfacet
  facet normal  0.000000e+00 -9.221917e-01 -3.867331e-01
    outer loop
      vertex  1.828092e-07  2.795274e+01  1.089240e+01
      vertex  5.000000e+01  2.795274e+01  1.089240e+01
      vertex  5.000000e+01  2.736074e+01  1.230406e+01
    endloop
  endfacet
  facet normal  -0.000000e+00 -9.221917e-01 -3.867331e-01
    outer loop
      vertex  1.828092e-07  2.795274e+01  1.089240e+01
      vertex  5.000000e+01  2.736074e+01  1.230406e+01
      vertex  1.828092e-07  2.736074e+01  1.230406e+01
    endloop
  endfacet
  facet normal  0.000000e+00 -9.012641e-01 -4.332704e-01
    outer loop
      vertex  1.828092e-07  2.736074e+01  1.230406e+01
      vertex  5.000000e+01  2.736074e+01  1.230406e+01
      vertex  5.000000e+01  2.669751e+01  1.368367e+01
    endloop
  endfacet
  facet normal  -0.000000e+00 -9.012641e-01 -4.332704e-01
    outer loop
      vertex  1.828092e-07  2.736074e+01  1.230406e+01
      vertex  5.000000e+01  2.669751e+01  1.368367e+01
      vertex  1.828092e-07  2.669751e+01  1.368367e+01
    endloop
  endfacet
  facet normal  0.000000e+00 -8.779907e-01 -4.786777e-01
    outer loop
      vertex  1.828092e-07  2.669751e+01  1.368367e+01
      vertex  5.000000e+01  2.669751e+01  1.368367e+01
      vertex  5.000000e+01  2.596477e+01  1.502767e+01
    endloop
  endfacet
  facet normal  -0.000000e+00 -8.779907e-01 -4.786777e-01
    outer loop
      vertex  1.828092e-07  2.669751e+01  1.368367e+01
      vertex  5.000000e+01  2.596477e+01  1.502767e+01
      vertex  1.828092e-07  2.596477e+01  1.502767e+01
    endloop
  endfacet
  facet normal  0.000000e+00 -8.524307e-01 -5.228404e-01
    outer loop
      vertex  1.828092e-07  2.596477e+01  1.502767e+01
      vertex  5.000000e+01  2.596477e+01  1.502767e+01
      vertex  5.000000e+01  2.516443e+01  1.633253e+01
    endloop
  endfacet
  facet normal  -0.000000e+00 -8.524307e-01 -5.228404e-01
    outer loop
      vertex  1.828092e-07  2.596477e+01  1.502767e+01
      vertex  5.000000e+01  2.516443e+01  1.633253e+01
      vertex  1.828092e-07  2.516443e+01  1.633253e+01
    endloop
  endfacet
  facet normal  0.000000e+00 -8.246515e-01 -5.656410e-01
    outer loop
      vertex  1.828092e-07  2.516443e+01  1.633253e+01
      vertex  5.000000e+01  2.516443e+01  1.633253e+01
      vertex  5.000000e+01  2.429857e+01  1.759488e+01
    endloop
  endfacet
  facet normal  -0.000000e+00 -8.246515e-01 -5.656410e-01
    outer loop
      vertex  1.828092e-07  2.516443e+01  1.633253e+01
      vertex  5.000000e+01  2.429857e+01  1.759488e+01
      vertex  1.828092e-07  2.429857e+01  1.759488e+01
    endloop
  endfacet
  facet normal  0.000000e+00 -7.947257e-01 -6.069687e-01
    outer loop
      vertex  1.828092e-07  2.429857e+01  1.759488e+01
      vertex  5.000000e+01  2.429857e+01  1.759488e+01
      vertex  5.000000e+01  2.336944e+01  1.881141e+01
    endloop
  endfacet
  facet normal  -0.000000e+00 -7.947257e-01 -6.069687e-01
    outer loop
      vertex  1.828092e-07  2.429857e+01  1.759488e+01
      vertex  5.000000e+01  2.336944e+01  1.881141e+01
      vertex  1.828092e-07  2.336944e+01  1.881141e+01
    endloop
  endfacet
  facet normal  0.000000e+00 -7.627299e-01 -6.467173e-01
    outer loop
      vertex  1.828092e-07  2.336944e+01  1.881141e+01
      vertex  5.000000e+01  2.336944e+01  1.881141e+01
      vertex  5.000000e+01  2.237947e+01  1.997897e+01
    endloop
  endfacet
  facet normal  -0.000000e+00 -7.627299e-01 -6.467173e-01
    outer loop
      vertex  1.828092e-07  2.336944e+01  1.881141e+01
      vertex  5.000000e+01  2.237947e+01  1.997897e+01
      vertex  1.828092e-07  2.237947e+01  1.997897e+01
    endloop
  endfacet
  facet normal  0.000000e+00 -7.287496e-01 -6.847802e-01
    outer loop
      vertex  1.828092e-07  2.237947e+01  1.997897e+01
      vertex  5.000000e+01  2.237947e+01  1.997897e+01
      vertex  5.000000e+01  2.133124e+01  2.109451e+01
    endloop
  endfacet
  facet normal  -0.000000e+00 -7.287496e-01 -6.847802e-01
    outer loop
      vertex  1.828092e-07  2.237947e+01  1.997897e+01
      vertex  5.000000e+01  2.133124e+01  2.109451e+01
      vertex  1.828092e-07  2.133124e+01  2.109451e+01
    endloop
  endfacet
  facet normal  0.000000e+00 -6.928701e-01 -7.210624e-01
    outer loop
      vertex  1.828092e-07  2.133124e+01  2.109451e+01
      vertex  5.000000e+01  2.133124e+01  2.109451e+01
      vertex  5.000000e+01  2.022747e+01  2.215512e+01
    endloop
  endfacet
  facet normal  -0.000000e+00 -6.928701e-01 -7.210624e-01
    outer loop
      vertex  1.828092e-07  2.133124e+01  2.109451e+01
      vertex  5.000000e+01  2.022747e+01  2.215512e+01
      vertex  1.828092e-07  2.022747e+01  2.215512e+01
    endloop
  endfacet
  facet normal  0.000000e+00 -6.551893e-01 -7.554648e-01
    outer loop
      vertex  1.828092e-07  2.022747e+01  2.215512e+01
      vertex  5.000000e+01  2.022747e+01  2.215512e+01
      vertex  5.000000e+01  1.907103e+01  2.315806e+01
    endloop
  endfacet
  facet normal  -0.000000e+00 -6.551893e-01 -7.554648e-01
    outer loop
      vertex  1.828092e-07  2.022747e+01  2.215512e+01
      vertex  5.000000e+01  1.907103e+01  2.315806e+01
      vertex  1.828092e-07  1.907103e+01  2.315806e+01
    endloop
  endfacet
  facet normal  0.000000e+00 -6.157995e-01 -7.879029e-01
    outer loop
      vertex  1.828092e-07  1.907103e+01  2.315806e+01
      vertex  5.000000e+01  1.907103e+01  2.315806e+01
      vertex  5.000000e+01  1.786494e+01  2.410070e+01
    endloop
  endfacet
  facet normal  -0.000000e+00 -6.157995e-01 -7.879029e-01
    outer loop
      vertex  1.828092e-07  1.907103e+01  2.315806e+01
      vertex  5.000000e+01  1.786494e+01  2.410070e+01
      vertex  1.828092e-07  1.786494e+01  2.410070e+01
    endloop
  endfacet
  facet normal  0.000000e+00 -5.748089e-01 -8.182876e-01
    outer loop
      vertex  1.828092e-07  1.786494e+01  2.410070e+01
      vertex  5.000000e+01  1.786494e+01  2.410070e+01
      vertex  5.000000e+01  1.661234e+01  2.498059e+01
    endloop
  endfacet
  facet normal  -0.000000e+00 -5.748089e-01 -8.182876e-01
    outer loop
      vertex  1.828092e-07  1.786494e+01  2.410070e+01
      vertex  5.000000e+01  1.661234e+01  2.498059e+01
      vertex  1.828092e-07  1.661234e+01  2.498059e+01
    endloop
  endfacet
  facet normal  0.000000e+00 -5.323198e-01 -8.465434e-01
    outer loop
      vertex  1.828092e-07  1.661234e+01  2.498059e+01
      vertex  5.000000e+01  1.661234e+01  2.498059e+01
      vertex  5.000000e+01  1.531649e+01  2.579545e+01
    endloop
  endfacet
  facet normal  -0.000000e+00 -5.323198e-01 -8.465434e-01
    outer loop
      vertex  1.828092e-07  1.661234e+01  2.498059e+01
      vertex  5.000000e+01  1.531649e+01  2.579545e+01
      vertex  1.828092e-07  1.531649e+01  2.579545e+01
    endloop
  endfacet
  facet normal  0.000000e+00 -4.884467e-01 -8.725938e-01
    outer loop
      vertex  1.828092e-07  1.531649e+01  2.579545e+01
      vertex  5.000000e+01  1.531649e+01  2.579545e+01
      vertex  5.000000e+01  1.398076e+01  2.654314e+01
    endloop
  endfacet
  facet normal  -0.000000e+00 -4.884467e-01 -8.725938e-01
    outer loop
      vertex  1.828092e-07  1.531649e+01  2.579545e+01
      vertex  5.000000e+01  1.398076e+01  2.654314e+01
      vertex  1.828092e-07  1.398076e+01  2.654314e+01
    endloop
  endfacet
  facet normal  0.000000e+00 -4.433008e-01 -8.963729e-01
    outer loop
      vertex  1.828092e-07  1.398076e+01  2.654314e+01
      vertex  5.000000e+01  1.398076e+01  2.654314e+01
      vertex  5.000000e+01  1.260863e+01  2.722173e+01
    endloop
  endfacet
  facet normal  -0.000000e+00 -4.433008e-01 -8.963729e-01
    outer loop
      vertex  1.828092e-07  1.398076e+01  2.654314e+01
      vertex  5.000000e+01  1.260863e+01  2.722173e+01
      vertex  1.828092e-07  1.260863e+01  2.722173e+01
    endloop
  endfacet
  facet normal  0.000000e+00 -3.970003e-01 -9.178184e-01
    outer loop
      vertex  1.828092e-07  1.260863e+01  2.722173e+01
      vertex  5.000000e+01  1.260863e+01  2.722173e+01
      vertex  5.000000e+01  1.120367e+01  2.782944e+01
    endloop
  endfacet
  facet normal  -0.000000e+00 -3.970003e-01 -9.178184e-01
    outer loop
      vertex  1.828092e-07  1.260863e+01  2.722173e+01
      vertex  5.000000e+01  1.120367e+01  2.782944e+01
      vertex  1.828092e-07  1.120367e+01  2.782944e+01
    endloop
  endfacet
  facet normal  0.000000e+00 -3.496678e-01 -9.368739e-01
    outer loop
      vertex  1.828092e-07  1.120367e+01  2.782944e+01
      vertex  5.000000e+01  1.120367e+01  2.782944e+01
      vertex  5.000000e+01  9.769539e+00  2.836470e+01
    endloop
  endfacet
  facet normal  -0.000000e+00 -3.496678e-01 -9.368739e-01
    outer loop
      vertex  1.828092e-07  1.120367e+01  2.782944e+01
      vertex  5.000000e+01  9.769539e+00  2.836470e+01
      vertex  1.828092e-07  9.769539e+00  2.836470e+01
    endloop
  endfacet
  facet normal  0.000000e+00 -3.014234e-01 -9.534904e-01
    outer loop
      vertex  1.828092e-07  9.769539e+00  2.836470e+01
      vertex  5.000000e+01  9.769539e+00  2.836470e+01
      vertex  5.000000e+01  8.309975e+00  2.882611e+01
    endloop
  endfacet
  facet normal  -0.000000e+00 -3.014234e-01 -9.534904e-01
    outer loop
      vertex  1.828092e-07  9.769539e+00  2.836470e+01
      vertex  5.000000e+01  8.309975e+00  2.882611e+01
      vertex  1.828092e-07  8.309975e+00  2.882611e+01
    endloop
  endfacet
  facet normal  9.905635e-01 -1.370533e-01 -7.086913e-04
    outer loop
      vertex -6.941926e+00  8.998102e-01  2.998650e+01
      vertex -6.882753e+00  1.275818e+00  3.997964e+01
      vertex -6.970619e+00  6.406790e-01  3.999486e+01
    endloop
  endfacet
  facet normal  9.840963e-01 -1.776334e-01  8.564952e-04
    outer loop
      vertex -6.818319e+00  1.584465e+00  2.995813e+01
      vertex -6.882753e+00  1.275818e+00  3.997964e+01
      vertex -6.941926e+00  8.998102e-01  2.998650e+01
    endloop
  endfacet
  facet normal  9.738692e-01 -2.271081e-01 -7.329997e-04
    outer loop
      vertex -6.737216e+00  1.899979e+00  3.995485e+01
      vertex -6.882753e+00  1.275818e+00  3.997964e+01
      vertex -6.818319e+00  1.584465e+00  2.995813e+01
    endloop
  endfacet
  facet normal  9.616221e-01 -2.743760e-01  8.582217e-04
    outer loop
      vertex -6.627594e+00  2.252774e+00  2.991529e+01
      vertex -6.737216e+00  1.899979e+00  3.995485e+01
      vertex -6.818319e+00  1.584465e+00  2.995813e+01
    endloop
  endfacet
  facet normal  9.490211e-01 -3.152114e-01 -7.143421e-04
    outer loop
      vertex -6.627594e+00  2.252774e+00  2.991529e+01
      vertex -6.535337e+00  2.507860e+00  3.992131e+01
      vertex -6.737216e+00  1.899979e+00  3.995485e+01
    endloop
  endfacet
  facet normal  9.297032e-01 -3.683086e-01  8.173965e-04
    outer loop
      vertex -6.535337e+00  2.507860e+00  3.992131e+01
      vertex -6.627594e+00  2.252774e+00  2.991529e+01
      vertex -6.371910e+00  2.898063e+00  2.985969e+01
    endloop
  endfacet
  facet normal  9.146502e-01 -4.042454e-01 -8.207791e-04
    outer loop
      vertex -6.371910e+00  2.898063e+00  2.985969e+01
      vertex -6.254262e+00  3.143915e+00  3.987626e+01
      vertex -6.535337e+00  2.507860e+00  3.992131e+01
    endloop
  endfacet
  facet normal  8.886933e-01 -4.585014e-01  8.157821e-04
    outer loop
      vertex -6.254262e+00  3.143915e+00  3.987626e+01
      vertex -6.371910e+00  2.898063e+00  2.985969e+01
      vertex -6.054041e+00  3.514056e+00  2.979348e+01
    endloop
  endfacet
  facet normal  8.700402e-01 -4.929801e-01 -8.203468e-04
    outer loop
      vertex -6.054041e+00  3.514056e+00  2.979348e+01
      vertex -5.911717e+00  3.748547e+00  3.982397e+01
      vertex -6.254262e+00  3.143915e+00  3.987626e+01
    endloop
  endfacet
  facet normal  8.390258e-01 -5.440911e-01  8.145821e-04
    outer loop
      vertex -5.911717e+00  3.748547e+00  3.982397e+01
      vertex -6.054041e+00  3.514056e+00  2.979348e+01
      vertex -5.677289e+00  4.094923e+00  2.971921e+01
    endloop
  endfacet
  facet normal  8.168853e-01 -5.767995e-01 -8.202687e-04
    outer loop
      vertex -5.677289e+00  4.094923e+00  2.971921e+01
      vertex -5.511149e+00  4.315928e+00  3.976648e+01
      vertex -5.911717e+00  3.748547e+00  3.982397e+01
    endloop
  endfacet
  facet normal  7.812570e-01 -6.242090e-01  8.117220e-04
    outer loop
      vertex -5.511149e+00  4.315928e+00  3.976648e+01
      vertex -5.677289e+00  4.094923e+00  2.971921e+01
      vertex -5.246183e+00  4.634389e+00  2.963988e+01
    endloop
  endfacet
  facet normal  7.557158e-01 -6.548992e-01 -8.217141e-04
    outer loop
      vertex -5.246183e+00  4.634389e+00  2.963988e+01
      vertex -5.056512e+00  4.840628e+00  3.970602e+01
      vertex -5.511149e+00  4.315928e+00  3.976648e+01
    endloop
  endfacet
  facet normal  7.159619e-01 -6.981389e-01  8.132589e-04
    outer loop
      vertex -5.056512e+00  4.840628e+00  3.970602e+01
      vertex -5.246183e+00  4.634389e+00  2.963988e+01
      vertex -4.764157e+00  5.128626e+00  2.955837e+01
    endloop
  endfacet
  facet normal  6.871293e-01 -7.265347e-01 -8.233067e-04
    outer loop
      vertex -4.764157e+00  5.128626e+00  2.955837e+01
      vertex -4.552204e+00  5.317653e+00  3.964495e+01
      vertex -5.056512e+00  4.840628e+00  3.970602e+01
    endloop
  endfacet
  facet normal  6.437011e-01 -7.652766e-01  8.153025e-04
    outer loop
      vertex -4.552204e+00  5.317653e+00  3.964495e+01
      vertex -4.764157e+00  5.128626e+00  2.955837e+01
      vertex -4.235674e+00  5.573066e+00  2.947780e+01
    endloop
  endfacet
  facet normal  6.121830e-01 -7.907156e-01 -8.050039e-04
    outer loop
      vertex -4.235674e+00  5.573066e+00  2.947780e+01
      vertex -4.008785e+00  5.738436e+00  3.958624e+01
      vertex -4.552204e+00  5.317653e+00  3.964495e+01
    endloop
  endfacet
  facet normal  5.651401e-01 -8.249946e-01  8.116913e-04
    outer loop
      vertex -4.008785e+00  5.738436e+00  3.958624e+01
      vertex -4.235674e+00  5.573066e+00  2.947780e+01
      vertex -3.665613e+00  5.963496e+00  2.940130e+01
    endloop
  endfacet
  facet normal  5.316737e-01 -8.469489e-01 -8.010590e-04
    outer loop
      vertex -3.665613e+00  5.963496e+00  2.940130e+01
      vertex -3.426417e+00  6.104070e+00  3.953151e+01
      vertex -4.008785e+00  5.738436e+00  3.958624e+01
    endloop
  endfacet
  facet normal  4.810045e-01 -8.767178e-01  8.084393e-04
    outer loop
      vertex -3.426417e+00  6.104070e+00  3.953151e+01
      vertex -3.665613e+00  5.963496e+00  2.940130e+01
      vertex -3.059229e+00  6.296120e+00  2.933187e+01
    endloop
  endfacet
  facet normal  4.459867e-01 -8.950393e-01 -7.971863e-04
    outer loop
      vertex -3.059229e+00  6.296120e+00  2.933187e+01
      vertex -2.810560e+00  6.410987e+00  3.948290e+01
      vertex -3.426417e+00  6.104070e+00  3.953151e+01
    endloop
  endfacet
  facet normal  3.931587e-01 -9.194703e-01  7.733944e-04
    outer loop
      vertex -2.810560e+00  6.410987e+00  3.948290e+01
      vertex -3.059229e+00  6.296120e+00  2.933187e+01
      vertex -2.437725e+00  6.561821e+00  2.927358e+01
    endloop
  endfacet
  facet normal  3.559306e-01 -9.345121e-01 -8.083709e-04
    outer loop
      vertex -2.437725e+00  6.561821e+00  2.927358e+01
      vertex -2.167063e+00  6.656113e+00  3.944231e+01
      vertex -2.810560e+00  6.410987e+00  3.948290e+01
    endloop
  endfacet
  facet normal  3.025750e-01 -9.531252e-01  7.843928e-04
    outer loop
      vertex -2.167063e+00  6.656113e+00  3.944231e+01
      vertex -2.437725e+00  6.561821e+00  2.927358e+01
      vertex -1.792655e+00  6.766564e+00  2.922694e+01
    endloop
  endfacet
  facet normal  2.623677e-01 -9.649676e-01 -8.173076e-04
    outer loop
      vertex -1.792655e+00  6.766564e+00  2.922694e+01
      vertex -1.502125e+00  6.836931e+00  3.941137e+01
      vertex -2.167063e+00  6.656113e+00  3.944231e+01
    endloop
  endfacet
  facet normal  2.090490e-01 -9.779049e-01  7.930932e-04
    outer loop
      vertex -1.502125e+00  6.836931e+00  3.941137e+01
      vertex -1.792655e+00  6.766564e+00  2.922694e+01
      vertex -1.130067e+00  6.908180e+00  2.919379e+01
    endloop
  endfacet
  facet normal  1.696174e-01 -9.855098e-01 -6.957784e-04
    outer loop
      vertex -1.130067e+00  6.908180e+00  2.919379e+01
      vertex -8.703120e-01  6.945686e+00  3.939235e+01
      vertex -1.502125e+00  6.836931e+00  3.941137e+01
    endloop
  endfacet
  facet normal  1.134667e-01 -9.935416e-01  7.639057e-04
    outer loop
      vertex -8.703120e-01  6.945686e+00  3.939235e+01
      vertex -1.130067e+00  6.908180e+00  2.919379e+01
      vertex -4.563182e-01  6.985111e+00  2.917547e+01
    endloop
  endfacet
  facet normal  7.873771e-02 -9.968951e-01 -6.562754e-04
    outer loop
      vertex -4.563182e-01  6.985111e+00  2.917547e+01
      vertex -2.309909e-01  6.996188e+00  3.938342e+01
      vertex -8.703120e-01  6.945686e+00  3.939235e+01
    endloop
  endfacet
  facet normal  1.676022e-02 -9.998594e-01  7.150155e-04
    outer loop
      vertex -2.309909e-01  6.996188e+00  3.938342e+01
      vertex -4.563182e-01  6.985111e+00  2.917547e+01
      vertex  2.219920e-01  6.996479e+00  2.917275e+01
    endloop
  endfacet
  facet normal -1.282189e-02 -9.999176e-01 -5.973577e-04
    outer loop
      vertex  2.219920e-01  6.996479e+00  2.917275e+01
      vertex  4.103292e-01  6.987963e+00  3.938488e+01
      vertex -2.309909e-01  6.996188e+00  3.938342e+01
    endloop
  endfacet
  facet normal -8.075812e-02 -9.967335e-01  6.582116e-04
    outer loop
      vertex  4.103292e-01  6.987963e+00  3.938488e+01
      vertex  2.219920e-01  6.996479e+00  2.917275e+01
      vertex  9.070812e-01  6.940980e+00  2.918600e+01
    endloop
  endfacet
  facet normal -1.042749e-01 -9.945484e-01 -4.972754e-04
    outer loop
      vertex  9.070812e-01  6.940980e+00  2.918600e+01
      vertex  1.048110e+00  6.921088e+00  3.939668e+01
      vertex  4.103292e-01  6.987963e+00  3.938488e+01
    endloop
  endfacet
  facet normal -1.780951e-01 -9.840131e-01  5.428463e-04
    outer loop
      vertex  1.048110e+00  6.921088e+00  3.939668e+01
      vertex  9.070812e-01  6.940980e+00  2.918600e+01
      vertex  1.582940e+00  6.818673e+00  2.921482e+01
    endloop
  endfacet
  facet normal -1.984344e-01 -9.801140e-01 -5.647522e-04
    outer loop
      vertex  1.582940e+00  6.818673e+00  2.921482e+01
      vertex  1.726842e+00  6.783658e+00  3.942058e+01
      vertex  1.048110e+00  6.921088e+00  3.939668e+01
    endloop
  endfacet
  facet normal -2.736328e-01 -9.618341e-01  5.582663e-04
    outer loop
      vertex  1.726842e+00  6.783658e+00  3.942058e+01
      vertex  1.582940e+00  6.818673e+00  2.921482e+01
      vertex  2.242844e+00  6.630962e+00  2.925800e+01
    endloop
  endfacet
  facet normal -2.942677e-01 -9.557229e-01 -5.812897e-04
    outer loop
      vertex  2.242844e+00  6.630962e+00  2.925800e+01
      vertex  2.388261e+00  6.579986e+00  3.945509e+01
      vertex  1.726842e+00  6.783658e+00  3.942058e+01
    endloop
  endfacet
  facet normal -3.664281e-01 -9.304463e-01  5.741281e-04
    outer loop
      vertex  2.388261e+00  6.579986e+00  3.945509e+01
      vertex  2.242844e+00  6.630962e+00  2.925800e+01
      vertex  2.880391e+00  6.379918e+00  2.931376e+01
    endloop
  endfacet
  facet normal -3.871621e-01 -9.220114e-01 -5.984355e-04
    outer loop
      vertex  2.880391e+00  6.379918e+00  2.931376e+01
      vertex  3.025875e+00  6.312217e+00  3.949881e+01
      vertex  2.388261e+00  6.579986e+00  3.945509e+01
    endloop
  endfacet
  facet normal -4.555919e-01 -8.901886e-01  5.905501e-04
    outer loop
      vertex  3.025875e+00  6.312217e+00  3.949881e+01
      vertex  2.880391e+00  6.379918e+00  2.931376e+01
      vertex  3.489560e+00  6.068193e+00  2.937988e+01
    endloop
  endfacet
  facet normal -4.762113e-01 -8.793306e-01 -6.161457e-04
    outer loop
      vertex  3.489560e+00  6.068193e+00  2.937988e+01
      vertex  3.633517e+00  5.983106e+00  3.955000e+01
      vertex  3.025875e+00  6.312217e+00  3.949881e+01
    endloop
  endfacet
  facet normal -5.383722e-01 -8.427070e-01  5.701457e-04
    outer loop
      vertex  3.633517e+00  5.983106e+00  3.955000e+01
      vertex  3.489560e+00  6.068193e+00  2.937988e+01
      vertex  4.038759e+00  5.717379e+00  2.945015e+01
    endloop
  endfacet
  facet normal -5.605572e-01 -8.281153e-01 -7.039040e-04
    outer loop
      vertex  4.038759e+00  5.717379e+00  2.945015e+01
      vertex  4.205400e+00  5.595945e+00  3.960663e+01
      vertex  3.633517e+00  5.983106e+00  3.955000e+01
    endloop
  endfacet
  facet normal -6.143943e-01 -7.889988e-01  6.471098e-04
    outer loop
      vertex  4.205400e+00  5.595945e+00  3.960663e+01
      vertex  4.038759e+00  5.717379e+00  2.945015e+01
      vertex  4.552633e+00  5.317286e+00  2.952501e+01
    endloop
  endfacet
  facet normal -6.371874e-01 -7.707086e-01 -6.434742e-04
    outer loop
      vertex  4.552633e+00  5.317286e+00  2.952501e+01
      vertex  4.706213e+00  5.181849e+00  3.966293e+01
      vertex  4.205400e+00  5.595945e+00  3.960663e+01
    endloop
  endfacet
  facet normal -6.850554e-01 -7.284907e-01  6.456963e-04
    outer loop
      vertex  4.706213e+00  5.181849e+00  3.966293e+01
      vertex  4.552633e+00  5.317286e+00  2.952501e+01
      vertex  5.026988e+00  4.871282e+00  2.960187e+01
    endloop
  endfacet
  facet normal -7.059103e-01 -7.083011e-01 -6.424288e-04
    outer loop
      vertex  5.026988e+00  4.871282e+00  2.960187e+01
      vertex  5.166443e+00  4.723120e+00  3.972017e+01
      vertex  4.706213e+00  5.181849e+00  3.966293e+01
    endloop
  endfacet
  facet normal -7.497814e-01 -6.616851e-01  6.448216e-04
    outer loop
      vertex  5.166443e+00  4.723120e+00  3.972017e+01
      vertex  5.026988e+00  4.871282e+00  2.960187e+01
      vertex  5.457898e+00  4.383076e+00  2.967808e+01
    endloop
  endfacet
  facet normal -7.685555e-01 -6.397827e-01 -6.417196e-04
    outer loop
      vertex  5.457898e+00  4.383076e+00  2.967808e+01
      vertex  5.582230e+00  4.223590e+00  3.977639e+01
      vertex  5.166443e+00  4.723120e+00  3.972017e+01
    endloop
  endfacet
  facet normal -8.080346e-01 -5.891347e-01  6.442551e-04
    outer loop
      vertex  5.582230e+00  4.223590e+00  3.977639e+01
      vertex  5.457898e+00  4.383076e+00  2.967808e+01
      vertex  5.841740e+00  3.856693e+00  2.975106e+01
    endloop
  endfacet
  facet normal -8.245920e-01 -5.657275e-01 -6.409785e-04
    outer loop
      vertex  5.841740e+00  3.856693e+00  2.975106e+01
      vertex  5.950022e+00  3.687443e+00  3.982967e+01
      vertex  5.582230e+00  4.223590e+00  3.977639e+01
    endloop
  endfacet
  facet normal -8.593212e-01 -5.114358e-01  6.438615e-04
    outer loop
      vertex  5.950022e+00  3.687443e+00  3.982967e+01
      vertex  5.841740e+00  3.856693e+00  2.975106e+01
      vertex  6.175232e+00  3.296439e+00  2.981834e+01
    endloop
  endfacet
  facet normal -8.735381e-01 -4.867553e-01 -6.398850e-04
    outer loop
      vertex  6.175232e+00  3.296439e+00  2.981834e+01
      vertex  6.266632e+00  3.119187e+00  3.987820e+01
      vertex  5.950022e+00  3.687443e+00  3.982967e+01
    endloop
  endfacet
  facet normal -9.041767e-01 -4.271583e-01  6.885651e-04
    outer loop
      vertex  6.266632e+00  3.119187e+00  3.987820e+01
      vertex  6.175232e+00  3.296439e+00  2.981834e+01
      vertex  6.467725e+00  2.677412e+00  2.988028e+01
    endloop
  endfacet
  facet normal -9.149671e-01 -4.035279e-01 -5.726207e-04
    outer loop
      vertex  6.467725e+00  2.677412e+00  2.988028e+01
      vertex  6.529268e+00  2.523621e+00  3.992031e+01
      vertex  6.266632e+00  3.119187e+00  3.987820e+01
    endloop
  endfacet
  facet normal -9.415969e-01 -3.367417e-01  6.136296e-04
    outer loop
      vertex  6.529268e+00  2.523621e+00  3.992031e+01
      vertex  6.467725e+00  2.677412e+00  2.988028e+01
      vertex  6.698605e+00  2.031919e+00  2.993110e+01
    endloop
  endfacet
  facet normal -9.483575e-01 -3.172031e-01 -4.627281e-04
    outer loop
      vertex  6.698605e+00  2.031919e+00  2.993110e+01
      vertex  6.733760e+00  1.912192e+00  3.995427e+01
      vertex  6.529268e+00  2.523621e+00  3.992031e+01
    endloop
  endfacet
  facet normal -9.700302e-01 -2.429838e-01  4.998398e-04
    outer loop
      vertex  6.733760e+00  1.912192e+00  3.995427e+01
      vertex  6.698605e+00  2.031919e+00  2.993110e+01
      vertex  6.865398e+00  1.366129e+00  2.996887e+01
    endloop
  endfacet
  facet normal  9.953309e-01 -9.652036e-02  3.544352e-04
    outer loop
      vertex -6.941926e+00  8.998102e-01  2.998650e+01
      vertex -6.970619e+00  6.406790e-01  3.999486e+01
      vertex -6.985464e+00  4.508865e-01  2.999661e+01
    endloop
  endfacet
  facet normal  9.989497e-01 -4.581560e-02 -6.134444e-04
    outer loop
      vertex -6.985464e+00  4.508865e-01  2.999661e+01
      vertex -6.970619e+00  6.406790e-01  3.999486e+01
      vertex -7.000000e+00  8.572528e-16  4.000000e+01
    endloop
  endfacet
  facet normal  9.994807e-01 -3.222281e-02  0.000000e+00
    outer loop
      vertex -6.985464e+00  4.508865e-01  2.999661e+01
      vertex -7.000000e+00  8.572528e-16  4.000000e+01
      vertex -7.000000e+00  8.572528e-16  3.000000e+01
    endloop
  endfacet
  facet normal -9.735284e-01 -2.285656e-01 -3.347519e-04
    outer loop
      vertex  6.733760e+00  1.912192e+00  3.995427e+01
      vertex  6.865398e+00  1.366129e+00  2.996887e+01
      vertex  6.881203e+00  1.284150e+00  3.997938e+01
    endloop
  endfacet
  facet normal -9.891683e-01 -1.467848e-01  3.596628e-04
    outer loop
      vertex  6.881203e+00  1.284150e+00  3.997938e+01
      vertex  6.865398e+00  1.366129e+00  2.996887e+01
      vertex  6.966250e+00  6.865571e-01  2.999214e+01
    endloop
  endfacet
  facet normal -9.904405e-01 -1.379402e-01 -1.803951e-04
    outer loop
      vertex  6.881203e+00  1.284150e+00  3.997938e+01
      vertex  6.966250e+00  6.865571e-01  2.999214e+01
      vertex  6.970230e+00  6.449009e-01  3.999480e+01
    endloop
  endfacet
  facet normal -9.987941e-01 -4.909693e-02  1.929177e-04
    outer loop
      vertex  6.970230e+00  6.449009e-01  3.999480e+01
      vertex  6.966250e+00  6.865571e-01  2.999214e+01
      vertex  7.000000e+00  0.000000e+00  3.000000e+01
    endloop
  endfacet
  facet normal -9.989362e-01 -4.611361e-02  0.000000e+00
    outer loop
      vertex  6.970230e+00  6.449009e-01  3.999480e+01
      vertex  7.000000e+00  0.000000e+00  3.000000e+01
      vertex  7.000000e+00  0.000000e+00  4.000000e+01
    endloop
  endfacet
  facet normal -9.883960e-01  1.518988e-01  4.011537e-04
    outer loop
      vertex  6.954069e+00 -8.005772e-01  3.999199e+01
      vertex  6.963840e+00 -7.105915e-01  2.999158e+01
      vertex  6.855814e+00 -1.413438e+00  2.996668e+01
    endloop
  endfacet
  facet normal -9.865386e-01  1.635278e-01 -3.279455e-04
    outer loop
      vertex  6.855814e+00 -1.413438e+00  2.996668e+01
      vertex  6.840483e+00 -1.485866e+00  3.997239e+01
      vertex  6.954069e+00 -8.005772e-01  3.999199e+01
    endloop
  endfacet
  facet normal -9.678994e-01  2.513377e-01  3.362435e-04
    outer loop
      vertex  6.840483e+00 -1.485866e+00  3.997239e+01
      vertex  6.855814e+00 -1.413438e+00  2.996668e+01
      vertex  6.677255e+00 -2.101016e+00  2.992633e+01
    endloop
  endfacet
  facet normal -9.654804e-01  2.604757e-01 -2.626066e-04
    outer loop
      vertex  6.677255e+00 -2.101016e+00  2.992633e+01
      vertex  6.659656e+00 -2.156152e+00  3.994184e+01
      vertex  6.840483e+00 -1.485866e+00  3.997239e+01
    endloop
  endfacet
  facet normal -9.374643e-01  3.480814e-01  2.688931e-04
    outer loop
      vertex  6.659656e+00 -2.156152e+00  3.994184e+01
      vertex  6.677255e+00 -2.101016e+00  2.992633e+01
      vertex  6.430281e+00 -2.766133e+00  2.987220e+01
    endloop
  endfacet
  facet normal -9.349427e-01  3.547986e-01 -1.954556e-04
    outer loop
      vertex  6.430281e+00 -2.766133e+00  2.987220e+01
      vertex  6.413518e+00 -2.804779e+00  3.990154e+01
      vertex  6.659656e+00 -2.156152e+00  3.994184e+01
    endloop
  endfacet
  facet normal  2.972581e-03  9.999954e-01  6.662910e-04
    outer loop
      vertex -3.610683e-01 -6.990682e+00  2.917415e+01
      vertex -1.644279e-01 -6.998068e+00  3.938308e+01
      vertex  3.195052e-01 -6.992704e+00  2.917366e+01
    endloop
  endfacet
  facet normal  7.271621e-02  9.973524e-01 -6.789956e-04
    outer loop
      vertex -8.524926e-01 -6.947896e+00  3.939196e+01
      vertex -1.644279e-01 -6.998068e+00  3.938308e+01
      vertex -3.610683e-01 -6.990682e+00  2.917415e+01
    endloop
  endfacet
  facet normal  1.000679e-01  9.949805e-01  6.464096e-04
    outer loop
      vertex -1.038011e+00 -6.922610e+00  2.919037e+01
      vertex -8.524926e-01 -6.947896e+00  3.939196e+01
      vertex -3.610683e-01 -6.990682e+00  2.917415e+01
    endloop
  endfacet
  facet normal  1.705104e-01  9.853556e-01 -6.584595e-04
    outer loop
      vertex -1.532023e+00 -6.830293e+00  3.941253e+01
      vertex -8.524926e-01 -6.947896e+00  3.939196e+01
      vertex -1.038011e+00 -6.922610e+00  2.919037e+01
    endloop
  endfacet
  facet normal  1.961651e-01  9.805706e-01  6.245844e-04
    outer loop
      vertex -1.704670e+00 -6.789264e+00  2.922167e+01
      vertex -1.532023e+00 -6.830293e+00  3.941253e+01
      vertex -1.038011e+00 -6.922610e+00  2.919037e+01
    endloop
  endfacet
  facet normal  2.666039e-01  9.638060e-01 -6.362381e-04
    outer loop
      vertex -2.196295e+00 -6.646524e+00  3.944394e+01
      vertex -1.532023e+00 -6.830293e+00  3.941253e+01
      vertex -1.704670e+00 -6.789264e+00  2.922167e+01
    endloop
  endfacet
  facet normal  2.903257e-01  9.569277e-01  6.006709e-04
    outer loop
      vertex -2.354573e+00 -6.592115e+00  2.926677e+01
      vertex -2.196295e+00 -6.646524e+00  3.944394e+01
      vertex -1.704670e+00 -6.789264e+00  2.922167e+01
    endloop
  endfacet
  facet normal  3.600531e-01  9.329315e-01 -6.120409e-04
    outer loop
      vertex -2.838823e+00 -6.398522e+00  3.948492e+01
      vertex -2.196295e+00 -6.646524e+00  3.944394e+01
      vertex -2.354573e+00 -6.592115e+00  2.926677e+01
    endloop
  endfacet
  facet normal  3.828067e-01  9.238282e-01  6.387501e-04
    outer loop
      vertex -2.997396e+00 -6.325789e+00  2.932549e+01
      vertex -2.838823e+00 -6.398522e+00  3.948492e+01
      vertex -2.354573e+00 -6.592115e+00  2.926677e+01
    endloop
  endfacet
  facet normal  4.499502e-01  8.930534e-01 -6.295804e-04
    outer loop
      vertex -3.453428e+00 -6.088829e+00  3.953386e+01
      vertex -2.838823e+00 -6.398522e+00  3.948492e+01
      vertex -2.997396e+00 -6.325789e+00  2.932549e+01
    endloop
  endfacet
  facet normal  4.725860e-01  8.812843e-01  6.547993e-04
    outer loop
      vertex -3.609853e+00 -5.997413e+00  2.939441e+01
      vertex -3.453428e+00 -6.088829e+00  3.953386e+01
      vertex -2.997396e+00 -6.325789e+00  2.932549e+01
    endloop
  endfacet
  facet normal  5.358593e-01  8.443071e-01 -6.547255e-04
    outer loop
      vertex -4.039977e+00 -5.716519e+00  3.958941e+01
      vertex -3.453428e+00 -6.088829e+00  3.953386e+01
      vertex -3.609853e+00 -5.997413e+00  2.939441e+01
    endloop
  endfacet
  facet normal  5.576018e-01  8.301083e-01  6.537915e-04
    outer loop
      vertex -4.186140e+00 -5.610368e+00  2.947073e+01
      vertex -4.039977e+00 -5.716519e+00  3.958941e+01
      vertex -3.609853e+00 -5.997413e+00  2.939441e+01
    endloop
  endfacet
  facet normal  6.168934e-01  7.870464e-01 -6.544139e-04
    outer loop
      vertex -4.586518e+00 -5.288086e+00  3.964891e+01
      vertex -4.039977e+00 -5.716519e+00  3.958941e+01
      vertex -4.186140e+00 -5.610368e+00  2.947073e+01
    endloop
  endfacet
  facet normal  6.370561e-01  7.708172e-01  6.526048e-04
    outer loop
      vertex -4.720872e+00 -5.168498e+00  2.955142e+01
      vertex -4.586518e+00 -5.288086e+00  3.964891e+01
      vertex -4.186140e+00 -5.610368e+00  2.947073e+01
    endloop
  endfacet
  facet normal  6.918350e-01  7.220553e-01 -6.537733e-04
    outer loop
      vertex -5.087838e+00 -4.807692e+00  3.971003e+01
      vertex -4.586518e+00 -5.288086e+00  3.964891e+01
      vertex -4.720872e+00 -5.168498e+00  2.955142e+01
    endloop
  endfacet
  facet normal  7.102103e-01  7.039893e-01  6.516629e-04
    outer loop
      vertex -5.209109e+00 -4.676022e+00  2.963334e+01
      vertex -5.087838e+00 -4.807692e+00  3.971003e+01
      vertex -4.720872e+00 -5.168498e+00  2.955142e+01
    endloop
  endfacet
  facet normal  7.599674e-01  6.499609e-01 -6.531305e-04
    outer loop
      vertex -5.539127e+00 -4.279961e+00  3.977037e+01
      vertex -5.087838e+00 -4.807692e+00  3.971003e+01
      vertex -5.209109e+00 -4.676022e+00  2.963334e+01
    endloop
  endfacet
  facet normal  7.761601e-01  6.305356e-01  6.329942e-04
    outer loop
      vertex -5.643341e+00 -4.141582e+00  2.971275e+01
      vertex -5.539127e+00 -4.279961e+00  3.977037e+01
      vertex -5.209109e+00 -4.676022e+00  2.963334e+01
    endloop
  endfacet
  facet normal  8.206344e-01  5.714533e-01 -6.407251e-04
    outer loop
      vertex -5.936028e+00 -3.709929e+00  3.982758e+01
      vertex -5.539127e+00 -4.279961e+00  3.977037e+01
      vertex -5.643341e+00 -4.141582e+00  2.971275e+01
    endloop
  endfacet
  facet normal  8.343768e-01  5.511942e-01  6.214898e-04
    outer loop
      vertex -6.023257e+00 -3.566563e+00  2.978724e+01
      vertex -5.936028e+00 -3.709929e+00  3.982758e+01
      vertex -5.643341e+00 -4.141582e+00  2.971275e+01
    endloop
  endfacet
  facet normal  8.700255e-01  4.930063e-01 -5.190803e-04
    outer loop
      vertex -6.233298e+00 -3.185277e+00  3.987297e+01
      vertex -5.936028e+00 -3.709929e+00  3.982758e+01
      vertex -6.023257e+00 -3.566563e+00  2.978724e+01
    endloop
  endfacet
  facet normal  8.845662e-01  4.664141e-01  7.890434e-04
    outer loop
      vertex -6.345126e+00 -2.956244e+00  2.985399e+01
      vertex -6.233298e+00 -3.185277e+00  3.987297e+01
      vertex -6.023257e+00 -3.566563e+00  2.978724e+01
    endloop
  endfacet
  facet normal  9.092382e-01  4.162757e-01 -6.324972e-04
    outer loop
      vertex -6.484454e+00 -2.636637e+00  3.991301e+01
      vertex -6.233298e+00 -3.185277e+00  3.987297e+01
      vertex -6.345126e+00 -2.956244e+00  2.985399e+01
    endloop
  endfacet
  facet normal  9.262092e-01  3.770091e-01  8.501954e-04
    outer loop
      vertex -6.605641e+00 -2.316357e+00  2.991044e+01
      vertex -6.484454e+00 -2.636637e+00  3.991301e+01
      vertex -6.345126e+00 -2.956244e+00  2.985399e+01
    endloop
  endfacet
  facet normal  9.417213e-01  3.363938e-01 -6.382351e-04
    outer loop
      vertex -6.605641e+00 -2.316357e+00  2.991044e+01
      vertex -6.687546e+00 -2.068026e+00  3.994650e+01
      vertex -6.484454e+00 -2.636637e+00  3.991301e+01
    endloop
  endfacet
  facet normal  9.588751e-01  2.838271e-01  8.024609e-04
    outer loop
      vertex -6.687546e+00 -2.068026e+00  3.994650e+01
      vertex -6.605641e+00 -2.316357e+00  2.991044e+01
      vertex -6.802014e+00 -1.653057e+00  2.995442e+01
    endloop
  endfacet
  facet normal  9.672167e-01  2.539516e-01 -5.338218e-04
    outer loop
      vertex -6.802014e+00 -1.653057e+00  2.995442e+01
      vertex -6.840960e+00 -1.483670e+00  3.997247e+01
      vertex -6.687546e+00 -2.068026e+00  3.994650e+01
    endloop
  endfacet
  facet normal  9.803301e-01  1.973641e-01  4.739518e-04
    outer loop
      vertex -6.840960e+00 -1.483670e+00  3.997247e+01
      vertex -6.802014e+00 -1.653057e+00  2.995442e+01
      vertex -6.911729e+00 -1.108153e+00  2.997953e+01
    endloop
  endfacet
  facet normal -9.963070e-01  8.586282e-02 -2.007804e-04
    outer loop
      vertex  6.954069e+00 -8.005772e-01  3.999199e+01
      vertex  6.988507e+00 -4.009667e-01  3.999799e+01
      vertex  6.963840e+00 -7.105915e-01  2.999158e+01
    endloop
  endfacet
  facet normal -9.995884e-01  2.864403e-02  1.577810e-03
    outer loop
      vertex  6.963840e+00 -7.105915e-01  2.999158e+01
      vertex  6.988507e+00 -4.009667e-01  3.999799e+01
      vertex  7.000000e+00  0.000000e+00  4.000000e+01
    endloop
  endfacet
  facet normal -9.987077e-01  5.082208e-02  0.000000e+00
    outer loop
      vertex  6.963840e+00 -7.105915e-01  2.999158e+01
      vertex  7.000000e+00  0.000000e+00  4.000000e+01
      vertex  7.000000e+00  0.000000e+00  3.000000e+01
    endloop
  endfacet
  facet normal -1.930651e-02  9.998136e-01 -3.898475e-04
    outer loop
      vertex -1.644279e-01 -6.998068e+00  3.938308e+01
      vertex  4.344999e-01 -6.986502e+00  3.938514e+01
      vertex  3.195052e-01 -6.992704e+00  2.917366e+01
    endloop
  endfacet
  facet normal -1.047239e-01  9.945012e-01  5.752917e-04
    outer loop
      vertex  3.195052e-01 -6.992704e+00  2.917366e+01
      vertex  4.344999e-01 -6.986502e+00  3.938514e+01
      vertex  1.030137e+00 -6.923786e+00  3.939621e+01
    endloop
  endfacet
  facet normal -9.413955e-02  9.955591e-01 -1.676267e-04
    outer loop
      vertex  3.195052e-01 -6.992704e+00  2.917366e+01
      vertex  1.030137e+00 -6.923786e+00  3.939621e+01
      vertex  9.969475e-01 -6.928643e+00  2.918893e+01
    endloop
  endfacet
  facet normal -1.893314e-01  9.819132e-01  1.483915e-04
    outer loop
      vertex  9.969475e-01 -6.928643e+00  2.918893e+01
      vertex  1.030137e+00 -6.923786e+00  3.939621e+01
      vertex  1.618012e+00 -6.810436e+00  3.941596e+01
    endloop
  endfacet
  facet normal -1.873280e-01  9.822974e-01  2.229127e-05
    outer loop
      vertex  9.969475e-01 -6.928643e+00  2.918893e+01
      vertex  1.618012e+00 -6.810436e+00  3.941596e+01
      vertex  1.622910e+00 -6.809270e+00  2.921701e+01
    endloop
  endfacet
  facet normal -2.725174e-01  9.621509e-01 -2.091722e-05
    outer loop
      vertex  1.622910e+00 -6.809270e+00  2.921701e+01
      vertex  1.618012e+00 -6.810436e+00  3.941596e+01
      vertex  2.193753e+00 -6.647364e+00  3.944379e+01
    endloop
  endfacet
  facet normal -2.758467e-01  9.612017e-01  1.799519e-04
    outer loop
      vertex  1.622910e+00 -6.809270e+00  2.921701e+01
      vertex  2.193753e+00 -6.647364e+00  3.944379e+01
      vertex  2.234797e+00 -6.633678e+00  2.925738e+01
    endloop
  endfacet
  facet normal -3.536617e-01  9.353734e-01 -1.682826e-04
    outer loop
      vertex  2.234797e+00 -6.633678e+00  2.925738e+01
      vertex  2.193753e+00 -6.647364e+00  3.944379e+01
      vertex  2.753124e+00 -6.435861e+00  3.947885e+01
    endloop
  endfacet
  facet normal -3.619890e-01  9.321824e-01  3.157447e-04
    outer loop
      vertex  2.234797e+00 -6.633678e+00  2.925738e+01
      vertex  2.753124e+00 -6.435861e+00  3.947885e+01
      vertex  2.827490e+00 -6.403538e+00  2.930861e+01
    endloop
  endfacet
  facet normal -4.355002e-01  9.001885e-01 -3.234587e-04
    outer loop
      vertex  2.827490e+00 -6.403538e+00  2.930861e+01
      vertex  2.753124e+00 -6.435861e+00  3.947885e+01
      vertex  3.337599e+00 -6.153083e+00  3.952391e+01
    endloop
  endfacet
  facet normal -4.450274e-01  8.955169e-01  2.668297e-04
    outer loop
      vertex  2.827490e+00 -6.403538e+00  2.930861e+01
      vertex  3.337599e+00 -6.153083e+00  3.952391e+01
      vertex  3.396163e+00 -6.120954e+00  2.936893e+01
    endloop
  endfacet
  facet normal -5.170118e-01  8.559783e-01 -2.733941e-04
    outer loop
      vertex  3.396163e+00 -6.120954e+00  2.936893e+01
      vertex  3.337599e+00 -6.153083e+00  3.952391e+01
      vertex  3.893050e+00 -5.817574e+00  3.957469e+01
    endloop
  endfacet
  facet normal -5.252440e-01  8.509516e-01  2.768357e-04
    outer loop
      vertex  3.396163e+00 -6.120954e+00  2.936893e+01
      vertex  3.893050e+00 -5.817574e+00  3.957469e+01
      vertex  3.948987e+00 -5.779749e+00  2.943798e+01
    endloop
  endfacet
  facet normal -5.940394e-01  8.044358e-01 -2.763686e-04
    outer loop
      vertex  3.948987e+00 -5.779749e+00  2.943798e+01
      vertex  3.893050e+00 -5.817574e+00  3.957469e+01
      vertex  4.414828e+00 -5.432246e+00  3.962942e+01
    endloop
  endfacet
  facet normal -6.018468e-01  7.986115e-01  2.790900e-04
    outer loop
      vertex  3.948987e+00 -5.779749e+00  2.943798e+01
      vertex  4.414828e+00 -5.432246e+00  3.962942e+01
      vertex  4.467444e+00 -5.389058e+00  2.951200e+01
    endloop
  endfacet
  facet normal -6.659390e-01  7.460061e-01 -2.787814e-04
    outer loop
      vertex  4.467444e+00 -5.389058e+00  2.951200e+01
      vertex  4.414828e+00 -5.432246e+00  3.962942e+01
      vertex  4.898573e+00 -5.000398e+00  3.968622e+01
    endloop
  endfacet
  facet normal -6.732318e-01  7.394314e-01  2.814034e-04
    outer loop
      vertex  4.467444e+00 -5.389058e+00  2.951200e+01
      vertex  4.898573e+00 -5.000398e+00  3.968622e+01
      vertex  4.947330e+00 -4.952164e+00  2.958844e+01
    endloop
  endfacet
  facet normal -7.321132e-01  6.811830e-01 -2.811341e-04
    outer loop
      vertex  4.947330e+00 -4.952164e+00  2.958844e+01
      vertex  4.898573e+00 -5.000398e+00  3.968622e+01
      vertex  5.340247e+00 -4.525678e+00  3.974315e+01
    endloop
  endfacet
  facet normal -7.388191e-01  6.739038e-01  2.840564e-04
    outer loop
      vertex  4.947330e+00 -4.952164e+00  2.958844e+01
      vertex  5.340247e+00 -4.525678e+00  3.974315e+01
      vertex  5.384705e+00 -4.472690e+00  2.966471e+01
    endloop
  endfacet
  facet normal -7.920078e-01  6.105109e-01 -2.838584e-04
    outer loop
      vertex  5.384705e+00 -4.472690e+00  2.966471e+01
      vertex  5.340247e+00 -4.525678e+00  3.974315e+01
      vertex  5.736160e+00 -4.012040e+00  3.979829e+01
    endloop
  endfacet
  facet normal -7.980663e-01  6.025695e-01  2.872699e-04
    outer loop
      vertex  5.384705e+00 -4.472690e+00  2.966471e+01
      vertex  5.736160e+00 -4.012040e+00  3.979829e+01
      vertex  5.775933e+00 -3.954567e+00  2.973821e+01
    endloop
  endfacet
  facet normal -8.467956e-01  5.319184e-01 -3.090109e-04
    outer loop
      vertex  5.775933e+00 -3.954567e+00  2.973821e+01
      vertex  5.736160e+00 -4.012040e+00  3.979829e+01
      vertex  6.104640e+00 -3.425401e+00  3.985306e+01
    endloop
  endfacet
  facet normal -8.504691e-01  5.260252e-01  1.186809e-04
    outer loop
      vertex  5.775933e+00 -3.954567e+00  2.973821e+01
      vertex  6.104640e+00 -3.425401e+00  3.985306e+01
      vertex  6.117712e+00 -3.402000e+00  2.980648e+01
    endloop
  endfacet
  facet normal -8.952483e-01  4.455675e-01 -1.269835e-04
    outer loop
      vertex  6.117712e+00 -3.402000e+00  2.980648e+01
      vertex  6.104640e+00 -3.425401e+00  3.985306e+01
      vertex  6.413518e+00 -2.804779e+00  3.990154e+01
    endloop
  endfacet
  facet normal -8.974434e-01  4.411297e-01  1.998746e-04
    outer loop
      vertex  6.117712e+00 -3.402000e+00  2.980648e+01
      vertex  6.413518e+00 -2.804779e+00  3.990154e+01
      vertex  6.430281e+00 -2.766133e+00  2.987220e+01
    endloop
  endfacet
  facet normal  9.855167e-01  1.695776e-01 -6.069432e-04
    outer loop
      vertex -6.840960e+00 -1.483670e+00  3.997247e+01
      vertex -6.911729e+00 -1.108153e+00  2.997953e+01
      vertex -6.943451e+00 -8.879651e-01  3.999014e+01
    endloop
  endfacet
  facet normal  9.929011e-01  1.189418e-01  5.302159e-04
    outer loop
      vertex -6.943451e+00 -8.879651e-01  3.999014e+01
      vertex -6.911729e+00 -1.108153e+00  2.997953e+01
      vertex -6.977890e+00 -5.559220e-01  2.999485e+01
    endloop
  endfacet
  facet normal  9.954526e-01  9.525732e-02 -2.653720e-04
    outer loop
      vertex -6.943451e+00 -8.879651e-01  3.999014e+01
      vertex -6.977890e+00 -5.559220e-01  2.999485e+01
      vertex -6.985847e+00 -4.449045e-01  3.999752e+01
    endloop
  endfacet
  facet normal  9.992101e-01  3.973705e-02  3.538242e-04
    outer loop
      vertex -6.985847e+00 -4.449045e-01  3.999752e+01
      vertex -6.977890e+00 -5.559220e-01  2.999485e+01
      vertex -7.000000e+00  8.572528e-16  3.000000e+01
    endloop
  endfacet
  facet normal  9.994944e-01  3.179524e-02  -0.000000e+00
    outer loop
      vertex -6.985847e+00 -4.449045e-01  3.999752e+01
      vertex -7.000000e+00  8.572528e-16  3.000000e+01
      vertex -7.000000e+00  8.572528e-16  4.000000e+01
    endloop
  endfacet
  facet normal  0.000000e+00  0.000000e+00 -9.999999e-01
    outer loop
      vertex -3.500000e+00 -6.106218e+01  0.000000e+00
      vertex -2.847157e+00 -6.139482e+01  0.000000e+00
      vertex -1.364448e+01 -6.123122e+01  0.000000e+00
    endloop
  endfacet
  facet normal  -0.000000e+00  0.000000e+00 -9.999999e-01
    outer loop
      vertex  3.500000e+00 -6.106218e+01  0.000000e+00
      vertex  1.364448e+01 -6.123122e+01  0.000000e+00
      vertex  2.847157e+00 -6.139482e+01  0.000000e+00
    endloop
  endfacet
  facet normal -1.399596e-16 -9.797175e-16 -1.000000e+00
    outer loop
      vertex -1.500000e+01 -4.000000e+01  0.000000e+00
      vertex -5.000000e+01 -4.000000e+01  4.898587e-15
      vertex -5.000000e+01 -3.500000e+01  0.000000e+00
    endloop
  endfacet
  facet normal  1.632862e-16  1.143004e-15 -1.000000e+00
    outer loop
      vertex -1.500000e+01 -4.000000e+01  0.000000e+00
      vertex -5.000000e+01 -3.500000e+01  0.000000e+00
      vertex  1.500000e+01 -4.000000e+01  4.898587e-15
    endloop
  endfacet
  facet normal  1.632862e-16  3.061617e-16 -1.000000e+00
    outer loop
      vertex -1.500000e+01 -4.000000e+01  0.000000e+00
      vertex  1.500000e+01 -4.000000e+01  4.898587e-15
      vertex  8.055457e-15 -4.800000e+01  0.000000e+00
    endloop
  endfacet
  facet normal  -0.000000e+00  0.000000e+00 -1.000000e+00
    outer loop
      vertex -1.500000e+01 -4.000000e+01  0.000000e+00
      vertex  8.055457e-15 -4.800000e+01  0.000000e+00
      vertex -7.316992e-01 -4.803835e+01  0.000000e+00
    endloop
  endfacet
  facet normal  -0.000000e+00  0.000000e+00 -1.000000e+00
    outer loop
      vertex -1.500000e+01 -4.000000e+01  0.000000e+00
      vertex -7.316992e-01 -4.803835e+01  0.000000e+00
      vertex -1.455382e+00 -4.815297e+01  0.000000e+00
    endloop
  endfacet
  facet normal  -0.000000e+00  0.000000e+00 -1.000000e+00
    outer loop
      vertex -1.500000e+01 -4.000000e+01  0.000000e+00
      vertex -1.455382e+00 -4.815297e+01  0.000000e+00
      vertex -2.163119e+00 -4.834261e+01  0.000000e+00
    endloop
  endfacet
  facet normal  -0.000000e+00  0.000000e+00 -1.000000e+00
    outer loop
      vertex -1.500000e+01 -4.000000e+01  0.000000e+00
      vertex -2.163119e+00 -4.834261e+01  0.000000e+00
      vertex -2.847157e+00 -4.860518e+01  0.000000e+00
    endloop
  endfacet
  facet normal  -0.000000e+00  0.000000e+00 -1.000000e+00
    outer loop
      vertex -1.500000e+01 -4.000000e+01  0.000000e+00
      vertex -2.847157e+00 -4.860518e+01  0.000000e+00
      vertex -3.500000e+00 -4.893782e+01  0.000000e+00
    endloop
  endfacet
  facet normal  -0.000000e+00  0.000000e+00 -1.000000e+00
    outer loop
      vertex -1.500000e+01 -4.000000e+01  0.000000e+00
      vertex -3.500000e+00 -4.893782e+01  0.000000e+00
      vertex -1.500000e+01 -5.500000e+01  0.000000e+00
    endloop
  endfacet
  facet normal  0.000000e+00  0.000000e+00 -1.000000e+00
    outer loop
      vertex -1.500000e+01 -5.500000e+01  0.000000e+00
      vertex -3.500000e+00 -4.893782e+01  0.000000e+00
      vertex -4.114497e+00 -4.933688e+01  0.000000e+00
    endloop
  endfacet
  facet normal  0.000000e+00  0.000000e+00 -1.000000e+00
    outer loop
      vertex -1.500000e+01 -5.500000e+01  0.000000e+00
      vertex -4.114497e+00 -4.933688e+01  0.000000e+00
      vertex -4.683914e+00 -4.979799e+01  0.000000e+00
    endloop
  endfacet
  facet normal  0.000000e+00  0.000000e+00 -1.000000e+00
    outer loop
      vertex -1.500000e+01 -5.500000e+01  0.000000e+00
      vertex -4.683914e+00 -4.979799e+01  0.000000e+00
      vertex -5.202014e+00 -5.031609e+01  0.000000e+00
    endloop
  endfacet
  facet normal  0.000000e+00  0.000000e+00 -9.999999e-01
    outer loop
      vertex -1.500000e+01 -5.500000e+01  0.000000e+00
      vertex -5.202014e+00 -5.031609e+01  0.000000e+00
      vertex -5.663119e+00 -5.088550e+01  0.000000e+00
    endloop
  endfacet
  facet normal  0.000000e+00  0.000000e+00 -1.000000e+00
    outer loop
      vertex -1.500000e+01 -5.500000e+01  0.000000e+00
      vertex -5.663119e+00 -5.088550e+01  0.000000e+00
      vertex -6.062178e+00 -5.150000e+01  0.000000e+00
    endloop
  endfacet
  facet normal  0.000000e+00  0.000000e+00 -1.000000e+00
    outer loop
      vertex -1.500000e+01 -5.500000e+01  0.000000e+00
      vertex -6.062178e+00 -5.150000e+01  0.000000e+00
      vertex -6.394818e+00 -5.215284e+01  0.000000e+00
    endloop
  endfacet
  facet normal  0.000000e+00  0.000000e+00 -9.999999e-01
    outer loop
      vertex -1.500000e+01 -5.500000e+01  0.000000e+00
      vertex -6.394818e+00 -5.215284e+01  0.000000e+00
      vertex -6.657396e+00 -5.283688e+01  0.000000e+00
    endloop
  endfacet
  facet normal  0.000000e+00  0.000000e+00 -1.000000e+00
    outer loop
      vertex -1.500000e+01 -5.500000e+01  0.000000e+00
      vertex -6.657396e+00 -5.283688e+01  0.000000e+00
      vertex -6.847033e+00 -5.354462e+01  0.000000e+00
    endloop
  endfacet
  facet normal  0.000000e+00  0.000000e+00 -9.999999e-01
    outer loop
      vertex -1.500000e+01 -5.500000e+01  0.000000e+00
      vertex -6.847033e+00 -5.354462e+01  0.000000e+00
      vertex -6.961653e+00 -5.426830e+01  0.000000e+00
    endloop
  endfacet
  facet normal  0.000000e+00  0.000000e+00 -1.000000e+00
    outer loop
      vertex -1.500000e+01 -5.500000e+01  0.000000e+00
      vertex -6.961653e+00 -5.426830e+01  0.000000e+00
      vertex -7.000000e+00 -5.500000e+01  0.000000e+00
    endloop
  endfacet
  facet normal  -0.000000e+00  -0.000000e+00 -1.000000e+00
    outer loop
      vertex -1.500000e+01 -5.500000e+01  0.000000e+00
      vertex -7.000000e+00 -5.500000e+01  0.000000e+00
      vertex -6.961653e+00 -5.573170e+01  0.000000e+00
    endloop
  endfacet
  facet normal  -0.000000e+00  0.000000e+00 -1.000000e+00
    outer loop
      vertex -1.500000e+01 -5.500000e+01  0.000000e+00
      vertex -6.961653e+00 -5.573170e+01  0.000000e+00
      vertex -1.496178e+01 -5.607009e+01  0.000000e+00
    endloop
  endfacet
  facet normal  0.000000e+00  0.000000e+00 -1.000000e+00
    outer loop
      vertex -1.316518e+01 -6.218874e+01  0.000000e+00
      vertex -1.364448e+01 -6.123122e+01  0.000000e+00
      vertex -2.847157e+00 -6.139482e+01  0.000000e+00
    endloop
  endfacet
  facet normal  0.000000e+00  -0.000000e+00 -1.000000e+00
    outer loop
      vertex -1.316518e+01 -6.218874e+01  0.000000e+00
      vertex -2.847157e+00 -6.139482e+01  0.000000e+00
      vertex -2.163119e+00 -6.165739e+01  0.000000e+00
    endloop
  endfacet
  facet normal  0.000000e+00  -0.000000e+00 -1.000000e+00
    outer loop
      vertex -1.316518e+01 -6.218874e+01  0.000000e+00
      vertex -2.163119e+00 -6.165739e+01  0.000000e+00
      vertex -1.455382e+00 -6.184703e+01  0.000000e+00
    endloop
  endfacet
  facet normal  0.000000e+00  -0.000000e+00 -1.000000e+00
    outer loop
      vertex -1.316518e+01 -6.218874e+01  0.000000e+00
      vertex -1.455382e+00 -6.184703e+01  0.000000e+00
      vertex -7.316992e-01 -6.196165e+01  0.000000e+00
    endloop
  endfacet
  facet normal  0.000000e+00  -0.000000e+00 -1.000000e+00
    outer loop
      vertex -1.316518e+01 -6.218874e+01  0.000000e+00
      vertex -7.316992e-01 -6.196165e+01  0.000000e+00
      vertex  1.301342e-15 -6.200000e+01  0.000000e+00
    endloop
  endfacet
  facet normal  0.000000e+00  0.000000e+00 -9.999999e-01
    outer loop
      vertex -1.715743e-15 -7.000000e+01  0.000000e+00
      vertex -1.070088e+00 -6.996178e+01  0.000000e+00
      vertex -2.134722e+00 -6.984732e+01  0.000000e+00
    endloop
  endfacet
  facet normal  0.000000e+00  0.000000e+00 -9.999999e-01
    outer loop
      vertex -1.715743e-15 -7.000000e+01  0.000000e+00
      vertex -2.134722e+00 -6.984732e+01  0.000000e+00
      vertex -3.188479e+00 -6.965720e+01  0.000000e+00
    endloop
  endfacet
  facet normal  0.000000e+00  0.000000e+00 -1.000000e+00
    outer loop
      vertex -1.715743e-15 -7.000000e+01  0.000000e+00
      vertex -3.188479e+00 -6.965720e+01  0.000000e+00
      vertex -4.225988e+00 -6.939240e+01  0.000000e+00
    endloop
  endfacet
  facet normal  0.000000e+00  0.000000e+00 -1.000000e+00
    outer loop
      vertex -1.715743e-15 -7.000000e+01  0.000000e+00
      vertex -4.225988e+00 -6.939240e+01  0.000000e+00
      vertex -5.241963e+00 -6.905424e+01  0.000000e+00
    endloop
  endfacet
  facet normal  0.000000e+00  0.000000e+00 -1.000000e+00
    outer loop
      vertex -1.715743e-15 -7.000000e+01  0.000000e+00
      vertex -5.241963e+00 -6.905424e+01  0.000000e+00
      vertex -6.231225e+00 -6.864448e+01  0.000000e+00
    endloop
  endfacet
  facet normal  0.000000e+00  0.000000e+00 -9.999999e-01
    outer loop
      vertex -1.715743e-15 -7.000000e+01  0.000000e+00
      vertex -6.231225e+00 -6.864448e+01  0.000000e+00
      vertex -7.188735e+00 -6.816518e+01  0.000000e+00
    endloop
  endfacet
  facet normal  0.000000e+00  0.000000e+00 -1.000000e+00
    outer loop
      vertex -1.715743e-15 -7.000000e+01  0.000000e+00
      vertex -7.188735e+00 -6.816518e+01  0.000000e+00
      vertex -8.109612e+00 -6.761880e+01  0.000000e+00
    endloop
  endfacet
  facet normal  0.000000e+00  0.000000e+00 -1.000000e+00
    outer loop
      vertex -1.715743e-15 -7.000000e+01  0.000000e+00
      vertex -8.109612e+00 -6.761880e+01  0.000000e+00
      vertex -8.989165e+00 -6.700812e+01  0.000000e+00
    endloop
  endfacet
  facet normal  0.000000e+00  0.000000e+00 -9.999999e-01
    outer loop
      vertex -1.715743e-15 -7.000000e+01  0.000000e+00
      vertex -8.989165e+00 -6.700812e+01  0.000000e+00
      vertex -9.822911e+00 -6.633624e+01  0.000000e+00
    endloop
  endfacet
  facet normal  0.000000e+00  0.000000e+00 -1.000000e+00
    outer loop
      vertex -1.715743e-15 -7.000000e+01  0.000000e+00
      vertex -9.822911e+00 -6.633624e+01  0.000000e+00
      vertex -1.060660e+01 -6.560661e+01  0.000000e+00
    endloop
  endfacet
  facet normal  0.000000e+00  0.000000e+00 -1.000000e+00
    outer loop
      vertex -1.715743e-15 -7.000000e+01  0.000000e+00
      vertex -1.060660e+01 -6.560661e+01  0.000000e+00
      vertex -1.133624e+01 -6.482291e+01  0.000000e+00
    endloop
  endfacet
  facet normal  0.000000e+00  0.000000e+00 -1.000000e+00
    outer loop
      vertex -1.715743e-15 -7.000000e+01  0.000000e+00
      vertex -1.133624e+01 -6.482291e+01  0.000000e+00
      vertex -1.200812e+01 -6.398917e+01  0.000000e+00
    endloop
  endfacet
  facet normal  0.000000e+00  0.000000e+00 -9.999999e-01
    outer loop
      vertex -1.715743e-15 -7.000000e+01  0.000000e+00
      vertex -1.200812e+01 -6.398917e+01  0.000000e+00
      vertex -1.261880e+01 -6.310961e+01  0.000000e+00
    endloop
  endfacet
  facet normal  0.000000e+00  0.000000e+00 -1.000000e+00
    outer loop
      vertex -1.715743e-15 -7.000000e+01  0.000000e+00
      vertex -1.261880e+01 -6.310961e+01  0.000000e+00
      vertex -1.316518e+01 -6.218874e+01  0.000000e+00
    endloop
  endfacet
  facet normal  0.000000e+00  0.000000e+00 -1.000000e+00
    outer loop
      vertex -1.715743e-15 -7.000000e+01  0.000000e+00
      vertex -1.316518e+01 -6.218874e+01  0.000000e+00
      vertex  1.301342e-15 -6.200000e+01  0.000000e+00
    endloop
  endfacet
  facet normal  0.000000e+00  -0.000000e+00 -1.000000e+00
    outer loop
      vertex -1.715743e-15 -7.000000e+01  0.000000e+00
      vertex  1.301342e-15 -6.200000e+01  0.000000e+00
      vertex  1.316518e+01 -6.218874e+01  0.000000e+00
    endloop
  endfacet
  facet normal  0.000000e+00  0.000000e+00 -1.000000e+00
    outer loop
      vertex -1.715743e-15 -7.000000e+01  0.000000e+00
      vertex  1.316518e+01 -6.218874e+01  0.000000e+00
      vertex  1.261880e+01 -6.310961e+01  0.000000e+00
    endloop
  endfacet
  facet normal  0.000000e+00  0.000000e+00 -1.000000e+00
    outer loop
      vertex -1.715743e-15 -7.000000e+01  0.000000e+00
      vertex  1.261880e+01 -6.310961e+01  0.000000e+00
      vertex  1.200812e+01 -6.398917e+01  0.000000e+00
    endloop
  endfacet
  facet normal  0.000000e+00  0.000000e+00 -1.000000e+00
    outer loop
      vertex -1.715743e-15 -7.000000e+01  0.000000e+00
      vertex  1.200812e+01 -6.398917e+01  0.000000e+00
      vertex  1.133624e+01 -6.482291e+01  0.000000e+00
    endloop
  endfacet
  facet normal  0.000000e+00  0.000000e+00 -1.000000e+00
    outer loop
      vertex -1.715743e-15 -7.000000e+01  0.000000e+00
      vertex  1.133624e+01 -6.482291e+01  0.000000e+00
      vertex  1.060660e+01 -6.560661e+01  0.000000e+00
    endloop
  endfacet
  facet normal  0.000000e+00  0.000000e+00 -1.000000e+00
    outer loop
      vertex -1.715743e-15 -7.000000e+01  0.000000e+00
      vertex  1.060660e+01 -6.560661e+01  0.000000e+00
      vertex  9.822911e+00 -6.633624e+01  0.000000e+00
    endloop
  endfacet
  facet normal  0.000000e+00  0.000000e+00 -9.999999e-01
    outer loop
      vertex -1.715743e-15 -7.000000e+01  0.000000e+00
      vertex  9.822911e+00 -6.633624e+01  0.000000e+00
      vertex  8.989165e+00 -6.700812e+01  0.000000e+00
    endloop
  endfacet
  facet normal  0.000000e+00  0.000000e+00 -1.000000e+00
    outer loop
      vertex -1.715743e-15 -7.000000e+01  0.000000e+00
      vertex  8.989165e+00 -6.700812e+01  0.000000e+00
      vertex  8.109612e+00 -6.761880e+01  0.000000e+00
    endloop
  endfacet
  facet normal  0.000000e+00  0.000000e+00 -1.000000e+00
    outer loop
      vertex -1.715743e-15 -7.000000e+01  0.000000e+00
      vertex  8.109612e+00 -6.761880e+01  0.000000e+00
      vertex  7.188735e+00 -6.816518e+01  0.000000e+00
    endloop
  endfacet
  facet normal  0.000000e+00  0.000000e+00 -9.999999e-01
    outer loop
      vertex -1.715743e-15 -7.000000e+01  0.000000e+00
      vertex  7.188735e+00 -6.816518e+01  0.000000e+00
      vertex  6.231225e+00 -6.864448e+01  0.000000e+00
    endloop
  endfacet
  facet normal  0.000000e+00  0.000000e+00 -1.000000e+00
    outer loop
      vertex -1.715743e-15 -7.000000e+01  0.000000e+00
      vertex  6.231225e+00 -6.864448e+01  0.000000e+00
      vertex  5.241963e+00 -6.905424e+01  0.000000e+00
    endloop
  endfacet
  facet normal  0.000000e+00  0.000000e+00 -9.999999e-01
    outer loop
      vertex -1.715743e-15 -7.000000e+01  0.000000e+00
      vertex  5.241963e+00 -6.905424e+01  0.000000e+00
      vertex  4.225988e+00 -6.939240e+01  0.000000e+00
    endloop
  endfacet
  facet normal  0.000000e+00  0.000000e+00 -1.000000e+00
    outer loop
      vertex -1.715743e-15 -7.000000e+01  0.000000e+00
      vertex  4.225988e+00 -6.939240e+01  0.000000e+00
      vertex  3.188479e+00 -6.965720e+01  0.000000e+00
    endloop
  endfacet
  facet normal  0.000000e+00  0.000000e+00 -1.000000e+00
    outer loop
      vertex -1.715743e-15 -7.000000e+01  0.000000e+00
      vertex  3.188479e+00 -6.965720e+01  0.000000e+00
      vertex  2.134722e+00 -6.984732e+01  0.000000e+00
    endloop
  endfacet
  facet normal  0.000000e+00  0.000000e+00 -1.000000e+00
    outer loop
      vertex -1.715743e-15 -7.000000e+01  0.000000e+00
      vertex  2.134722e+00 -6.984732e+01  0.000000e+00
      vertex  1.070088e+00 -6.996178e+01  0.000000e+00
    endloop
  endfacet
  facet normal  0.000000e+00  0.000000e+00 -1.000000e+00
    outer loop
      vertex  1.500000e+01 -5.500000e+01  0.000000e+00
      vertex  1.496178e+01 -5.607009e+01  0.000000e+00
      vertex  6.961653e+00 -5.573170e+01  0.000000e+00
    endloop
  endfacet
  facet normal  0.000000e+00  0.000000e+00 -1.000000e+00
    outer loop
      vertex  1.500000e+01 -5.500000e+01  0.000000e+00
      vertex  6.961653e+00 -5.573170e+01  0.000000e+00
      vertex  7.000000e+00 -5.500000e+01  0.000000e+00
    endloop
  endfacet
  facet normal  0.000000e+00  0.000000e+00 -1.000000e+00
    outer loop
      vertex  1.500000e+01 -5.500000e+01  0.000000e+00
      vertex  7.000000e+00 -5.500000e+01  0.000000e+00
      vertex  6.961653e+00 -5.426830e+01  0.000000e+00
    endloop
  endfacet
  facet normal  0.000000e+00  0.000000e+00 -9.999999e-01
    outer loop
      vertex  1.500000e+01 -5.500000e+01  0.000000e+00
      vertex  6.961653e+00 -5.426830e+01  0.000000e+00
      vertex  6.847033e+00 -5.354462e+01  0.000000e+00
    endloop
  endfacet
  facet normal  0.000000e+00  0.000000e+00 -1.000000e+00
    outer loop
      vertex  1.500000e+01 -5.500000e+01  0.000000e+00
      vertex  6.847033e+00 -5.354462e+01  0.000000e+00
      vertex  6.657396e+00 -5.283688e+01  0.000000e+00
    endloop
  endfacet
  facet normal  0.000000e+00  0.000000e+00 -9.999999e-01
    outer loop
      vertex  1.500000e+01 -5.500000e+01  0.000000e+00
      vertex  6.657396e+00 -5.283688e+01  0.000000e+00
      vertex  6.394818e+00 -5.215284e+01  0.000000e+00
    endloop
  endfacet
  facet normal  0.000000e+00  0.000000e+00 -1.000000e+00
    outer loop
      vertex  1.500000e+01 -5.500000e+01  0.000000e+00
      vertex  6.394818e+00 -5.215284e+01  0.000000e+00
      vertex  6.062178e+00 -5.150000e+01  0.000000e+00
    endloop
  endfacet
  facet normal  0.000000e+00  0.000000e+00 -1.000000e+00
    outer loop
      vertex  1.500000e+01 -5.500000e+01  0.000000e+00
      vertex  6.062178e+00 -5.150000e+01  0.000000e+00
      vertex  5.663119e+00 -5.088550e+01  0.000000e+00
    endloop
  endfacet
  facet normal  0.000000e+00  0.000000e+00 -1.000000e+00
    outer loop
      vertex  1.500000e+01 -5.500000e+01  0.000000e+00
      vertex  5.663119e+00 -5.088550e+01  0.000000e+00
      vertex  5.202014e+00 -5.031609e+01  0.000000e+00
    endloop
  endfacet
  facet normal  0.000000e+00  0.000000e+00 -1.000000e+00
    outer loop
      vertex  1.500000e+01 -5.500000e+01  0.000000e+00
      vertex  5.202014e+00 -5.031609e+01  0.000000e+00
      vertex  4.683914e+00 -4.979799e+01  0.000000e+00
    endloop
  endfacet
  facet normal  0.000000e+00  0.000000e+00 -1.000000e+00
    outer loop
      vertex  1.500000e+01 -5.500000e+01  0.000000e+00
      vertex  4.683914e+00 -4.979799e+01  0.000000e+00
      vertex  4.114497e+00 -4.933688e+01  0.000000e+00
    endloop
  endfacet
  facet normal  0.000000e+00  0.000000e+00 -1.000000e+00
    outer loop
      vertex  1.500000e+01 -5.500000e+01  0.000000e+00
      vertex  4.114497e+00 -4.933688e+01  0.000000e+00
      vertex  3.500000e+00 -4.893782e+01  0.000000e+00
    endloop
  endfacet
  facet normal  1.721514e-16  3.265725e-16 -1.000000e+00
    outer loop
      vertex  1.500000e+01 -4.000000e+01  4.898587e-15
      vertex  1.500000e+01 -5.500000e+01  0.000000e+00
      vertex  3.500000e+00 -4.893782e+01  0.000000e+00
    endloop
  endfacet
  facet normal  1.686749e-16  3.310456e-16 -1.000000e+00
    outer loop
      vertex  1.500000e+01 -4.000000e+01  4.898587e-15
      vertex  3.500000e+00 -4.893782e+01  0.000000e+00
      vertex  2.847157e+00 -4.860518e+01  0.000000e+00
    endloop
  endfacet
  facet normal  1.417000e-16  3.691415e-16 -1.000000e+00
    outer loop
      vertex  1.500000e+01 -4.000000e+01  4.898587e-15
      vertex  2.847157e+00 -4.860518e+01  0.000000e+00
      vertex  2.163119e+00 -4.834261e+01  0.000000e+00
    endloop
  endfacet
  facet normal  1.114037e-16  4.157588e-16 -1.000000e+00
    outer loop
      vertex  1.500000e+01 -4.000000e+01  4.898587e-15
      vertex  2.163119e+00 -4.834261e+01  0.000000e+00
      vertex  1.455382e+00 -4.815297e+01  0.000000e+00
    endloop
  endfacet
  facet normal  7.533929e-17  4.756730e-16 -1.000000e+00
    outer loop
      vertex  1.500000e+01 -4.000000e+01  4.898587e-15
      vertex  1.455382e+00 -4.815297e+01  0.000000e+00
      vertex  7.316992e-01 -4.803835e+01  0.000000e+00
    endloop
  endfacet
  facet normal  2.921832e-17  5.575391e-16 -1.000000e+00
    outer loop
      vertex  1.500000e+01 -4.000000e+01  4.898587e-15
      vertex  7.316992e-01 -4.803835e+01  0.000000e+00
      vertex  8.055457e-15 -4.800000e+01  0.000000e+00
    endloop
  endfacet
  facet normal  0.000000e+00  0.000000e+00 -1.000000e+00
    outer loop
      vertex  1.316518e+01 -6.218874e+01  0.000000e+00
      vertex  1.301342e-15 -6.200000e+01  0.000000e+00
      vertex  7.316992e-01 -6.196165e+01  0.000000e+00
    endloop
  endfacet
  facet normal  0.000000e+00  0.000000e+00 -1.000000e+00
    outer loop
      vertex  1.316518e+01 -6.218874e+01  0.000000e+00
      vertex  7.316992e-01 -6.196165e+01  0.000000e+00
      vertex  1.455382e+00 -6.184703e+01  0.000000e+00
    endloop
  endfacet
  facet normal  0.000000e+00  0.000000e+00 -1.000000e+00
    outer loop
      vertex  1.316518e+01 -6.218874e+01  0.000000e+00
      vertex  1.455382e+00 -6.184703e+01  0.000000e+00
      vertex  2.163119e+00 -6.165739e+01  0.000000e+00
    endloop
  endfacet
  facet normal  0.000000e+00  0.000000e+00 -1.000000e+00
    outer loop
      vertex  1.316518e+01 -6.218874e+01  0.000000e+00
      vertex  2.163119e+00 -6.165739e+01  0.000000e+00
      vertex  2.847157e+00 -6.139482e+01  0.000000e+00
    endloop
  endfacet
  facet normal  0.000000e+00  0.000000e+00 -1.000000e+00
    outer loop
      vertex  1.316518e+01 -6.218874e+01  0.000000e+00
      vertex  2.847157e+00 -6.139482e+01  0.000000e+00
      vertex  1.364448e+01 -6.123122e+01  0.000000e+00
    endloop
  endfacet
  facet normal  0.000000e+00 -9.797173e-16 -1.000000e+00
    outer loop
      vertex  1.500000e+01 -4.000000e+01  4.898587e-15
      vertex -5.000000e+01 -3.500000e+01  0.000000e+00
      vertex  5.000000e+01 -4.000000e+01  4.898587e-15
    endloop
  endfacet
  facet normal  0.000000e+00 -9.797175e-16 -1.000000e+00
    outer loop
      vertex  5.000000e+01 -4.000000e+01  4.898587e-15
      vertex -5.000000e+01 -3.500000e+01  0.000000e+00
      vertex  5.000000e+01 -3.500000e+01  0.000000e+00
    endloop
  endfacet
  facet normal  0.000000e+00  0.000000e+00 -1.000000e+00
    outer loop
      vertex -1.496178e+01 -5.607009e+01  0.000000e+00
      vertex -6.961653e+00 -5.573170e+01  0.000000e+00
      vertex -1.484732e+01 -5.713472e+01  0.000000e+00
    endloop
  endfacet
  facet normal  0.000000e+00  0.000000e+00 -1.000000e+00
    outer loop
      vertex -1.484732e+01 -5.713472e+01  0.000000e+00
      vertex -6.961653e+00 -5.573170e+01  0.000000e+00
      vertex -6.847033e+00 -5.645538e+01  0.000000e+00
    endloop
  endfacet
  facet normal  0.000000e+00  -0.000000e+00 -1.000000e+00
    outer loop
      vertex -1.484732e+01 -5.713472e+01  0.000000e+00
      vertex -6.847033e+00 -5.645538e+01  0.000000e+00
      vertex -6.657396e+00 -5.716312e+01  0.000000e+00
    endloop
  endfacet
  facet normal  -0.000000e+00  0.000000e+00 -1.000000e+00
    outer loop
      vertex -1.484732e+01 -5.713472e+01  0.000000e+00
      vertex -6.657396e+00 -5.716312e+01  0.000000e+00
      vertex -1.465720e+01 -5.818848e+01  0.000000e+00
    endloop
  endfacet
  facet normal  0.000000e+00  0.000000e+00 -1.000000e+00
    outer loop
      vertex -1.465720e+01 -5.818848e+01  0.000000e+00
      vertex -6.657396e+00 -5.716312e+01  0.000000e+00
      vertex -6.394818e+00 -5.784716e+01  0.000000e+00
    endloop
  endfacet
  facet normal  0.000000e+00  -0.000000e+00 -1.000000e+00
    outer loop
      vertex -1.465720e+01 -5.818848e+01  0.000000e+00
      vertex -6.394818e+00 -5.784716e+01  0.000000e+00
      vertex -6.062178e+00 -5.850000e+01  0.000000e+00
    endloop
  endfacet
  facet normal  -0.000000e+00  0.000000e+00 -1.000000e+00
    outer loop
      vertex -1.465720e+01 -5.818848e+01  0.000000e+00
      vertex -6.062178e+00 -5.850000e+01  0.000000e+00
      vertex -1.439240e+01 -5.922599e+01  0.000000e+00
    endloop
  endfacet
  facet normal  0.000000e+00  0.000000e+00 -1.000000e+00
    outer loop
      vertex -1.439240e+01 -5.922599e+01  0.000000e+00
      vertex -6.062178e+00 -5.850000e+01  0.000000e+00
      vertex -5.663119e+00 -5.911450e+01  0.000000e+00
    endloop
  endfacet
  facet normal  0.000000e+00  0.000000e+00 -1.000000e+00
    outer loop
      vertex -1.439240e+01 -5.922599e+01  0.000000e+00
      vertex -5.663119e+00 -5.911450e+01  0.000000e+00
      vertex -1.405425e+01 -6.024196e+01  0.000000e+00
    endloop
  endfacet
  facet normal  0.000000e+00  0.000000e+00 -1.000000e+00
    outer loop
      vertex -1.405425e+01 -6.024196e+01  0.000000e+00
      vertex -5.663119e+00 -5.911450e+01  0.000000e+00
      vertex -5.202014e+00 -5.968391e+01  0.000000e+00
    endloop
  endfacet
  facet normal  0.000000e+00  -0.000000e+00 -1.000000e+00
    outer loop
      vertex -1.405425e+01 -6.024196e+01  0.000000e+00
      vertex -5.202014e+00 -5.968391e+01  0.000000e+00
      vertex -4.683914e+00 -6.020201e+01  0.000000e+00
    endloop
  endfacet
  facet normal  0.000000e+00  0.000000e+00 -1.000000e+00
    outer loop
      vertex -1.405425e+01 -6.024196e+01  0.000000e+00
      vertex -4.683914e+00 -6.020201e+01  0.000000e+00
      vertex -1.364448e+01 -6.123122e+01  0.000000e+00
    endloop
  endfacet
  facet normal  0.000000e+00  0.000000e+00 -1.000000e+00
    outer loop
      vertex -1.364448e+01 -6.123122e+01  0.000000e+00
      vertex -4.683914e+00 -6.020201e+01  0.000000e+00
      vertex -4.114497e+00 -6.066312e+01  0.000000e+00
    endloop
  endfacet
  facet normal  0.000000e+00  -0.000000e+00 -9.999999e-01
    outer loop
      vertex -1.364448e+01 -6.123122e+01  0.000000e+00
      vertex -4.114497e+00 -6.066312e+01  0.000000e+00
      vertex -3.500000e+00 -6.106218e+01  0.000000e+00
    endloop
  endfacet
  facet normal  -0.000000e+00  0.000000e+00 -9.999999e-01
    outer loop
      vertex  6.961653e+00 -5.573170e+01  0.000000e+00
      vertex  1.496178e+01 -5.607009e+01  0.000000e+00
      vertex  6.847033e+00 -5.645538e+01  0.000000e+00
    endloop
  endfacet
  facet normal  0.000000e+00  0.000000e+00 -1.000000e+00
    outer loop
      vertex  6.847033e+00 -5.645538e+01  0.000000e+00
      vertex  1.496178e+01 -5.607009e+01  0.000000e+00
      vertex  1.484732e+01 -5.713472e+01  0.000000e+00
    endloop
  endfacet
  facet normal  -0.000000e+00  0.000000e+00 -1.000000e+00
    outer loop
      vertex  6.847033e+00 -5.645538e+01  0.000000e+00
      vertex  1.484732e+01 -5.713472e+01  0.000000e+00
      vertex  6.657396e+00 -5.716312e+01  0.000000e+00
    endloop
  endfacet
  facet normal  0.000000e+00  0.000000e+00 -1.000000e+00
    outer loop
      vertex  6.657396e+00 -5.716312e+01  0.000000e+00
      vertex  1.484732e+01 -5.713472e+01  0.000000e+00
      vertex  6.394818e+00 -5.784716e+01  0.000000e+00
    endloop
  endfacet
  facet normal  0.000000e+00  0.000000e+00 -1.000000e+00
    outer loop
      vertex  6.394818e+00 -5.784716e+01  0.000000e+00
      vertex  1.484732e+01 -5.713472e+01  0.000000e+00
      vertex  1.465720e+01 -5.818848e+01  0.000000e+00
    endloop
  endfacet
  facet normal  -0.000000e+00  0.000000e+00 -1.000000e+00
    outer loop
      vertex  6.394818e+00 -5.784716e+01  0.000000e+00
      vertex  1.465720e+01 -5.818848e+01  0.000000e+00
      vertex  6.062178e+00 -5.850000e+01  0.000000e+00
    endloop
  endfacet
  facet normal  0.000000e+00  0.000000e+00 -1.000000e+00
    outer loop
      vertex  6.062178e+00 -5.850000e+01  0.000000e+00
      vertex  1.465720e+01 -5.818848e+01  0.000000e+00
      vertex  5.663119e+00 -5.911450e+01  0.000000e+00
    endloop
  endfacet
  facet normal  0.000000e+00  0.000000e+00 -1.000000e+00
    outer loop
      vertex  5.663119e+00 -5.911450e+01  0.000000e+00
      vertex  1.465720e+01 -5.818848e+01  0.000000e+00
      vertex  1.439240e+01 -5.922599e+01  0.000000e+00
    endloop
  endfacet
  facet normal  -0.000000e+00  0.000000e+00 -1.000000e+00
    outer loop
      vertex  5.663119e+00 -5.911450e+01  0.000000e+00
      vertex  1.439240e+01 -5.922599e+01  0.000000e+00
      vertex  5.202014e+00 -5.968391e+01  0.000000e+00
    endloop
  endfacet
  facet normal  0.000000e+00  0.000000e+00 -1.000000e+00
    outer loop
      vertex  5.202014e+00 -5.968391e+01  0.000000e+00
      vertex  1.439240e+01 -5.922599e+01  0.000000e+00
      vertex  1.405425e+01 -6.024196e+01  0.000000e+00
    endloop
  endfacet
  facet normal  0.000000e+00  0.000000e+00 -1.000000e+00
    outer loop
      vertex  5.202014e+00 -5.968391e+01  0.000000e+00
      vertex  1.405425e+01 -6.024196e+01  0.000000e+00
      vertex  4.683914e+00 -6.020201e+01  0.000000e+00
    endloop
  endfacet
  facet normal  -0.000000e+00  0.000000e+00 -1.000000e+00
    outer loop
      vertex  4.683914e+00 -6.020201e+01  0.000000e+00
      vertex  1.405425e+01 -6.024196e+01  0.000000e+00
      vertex  4.114497e+00 -6.066312e+01  0.000000e+00
    endloop
  endfacet
  facet normal  0.000000e+00  0.000000e+00 -1.000000e+00
    outer loop
      vertex  4.114497e+00 -6.066312e+01  0.000000e+00
      vertex  1.405425e+01 -6.024196e+01  0.000000e+00
      vertex  1.364448e+01 -6.123122e+01  0.000000e+00
    endloop
  endfacet
  facet normal  0.000000e+00  0.000000e+00 -9.999999e-01
    outer loop
      vertex  4.114497e+00 -6.066312e+01  0.000000e+00
      vertex  1.364448e+01 -6.123122e+01  0.000000e+00
      vertex  3.500000e+00 -6.106218e+01  0.000000e+00
    endloop
  endfacet
  facet normal  0.000000e+00  0.000000e+00  1.000000e+00
    outer loop
      vertex -1.133624e+01 -6.482291e+01  2.000000e+01
      vertex -1.736482e+00 -6.484808e+01  2.000000e+01
      vertex -2.588191e+00 -6.465926e+01  2.000000e+01
    endloop
  endfacet
  facet normal  0.000000e+00  -0.000000e+00  9.999999e-01
    outer loop
      vertex -1.715743e-15 -7.000000e+01  2.000000e+01
      vertex  1.070088e+00 -6.996178e+01  2.000000e+01
      vertex  2.134722e+00 -6.984732e+01  2.000000e+01
    endloop
  endfacet
  facet normal  0.000000e+00  -0.000000e+00  9.999999e-01
    outer loop
      vertex -1.715743e-15 -7.000000e+01  2.000000e+01
      vertex  2.134722e+00 -6.984732e+01  2.000000e+01
      vertex  3.188479e+00 -6.965720e+01  2.000000e+01
    endloop
  endfacet
  facet normal  0.000000e+00  -0.000000e+00  1.000000e+00
    outer loop
      vertex -1.715743e-15 -7.000000e+01  2.000000e+01
      vertex  3.188479e+00 -6.965720e+01  2.000000e+01
      vertex  4.225988e+00 -6.939240e+01  2.000000e+01
    endloop
  endfacet
  facet normal  0.000000e+00  -0.000000e+00  1.000000e+00
    outer loop
      vertex -1.715743e-15 -7.000000e+01  2.000000e+01
      vertex  4.225988e+00 -6.939240e+01  2.000000e+01
      vertex  5.241963e+00 -6.905424e+01  2.000000e+01
    endloop
  endfacet
  facet normal  0.000000e+00  -0.000000e+00  1.000000e+00
    outer loop
      vertex -1.715743e-15 -7.000000e+01  2.000000e+01
      vertex  5.241963e+00 -6.905424e+01  2.000000e+01
      vertex  6.231225e+00 -6.864448e+01  2.000000e+01
    endloop
  endfacet
  facet normal  0.000000e+00  -0.000000e+00  9.999999e-01
    outer loop
      vertex -1.715743e-15 -7.000000e+01  2.000000e+01
      vertex  6.231225e+00 -6.864448e+01  2.000000e+01
      vertex  7.188735e+00 -6.816518e+01  2.000000e+01
    endloop
  endfacet
  facet normal  0.000000e+00  -0.000000e+00  1.000000e+00
    outer loop
      vertex -1.715743e-15 -7.000000e+01  2.000000e+01
      vertex  7.188735e+00 -6.816518e+01  2.000000e+01
      vertex  8.109612e+00 -6.761880e+01  2.000000e+01
    endloop
  endfacet
  facet normal  0.000000e+00  -0.000000e+00  1.000000e+00
    outer loop
      vertex -1.715743e-15 -7.000000e+01  2.000000e+01
      vertex  8.109612e+00 -6.761880e+01  2.000000e+01
      vertex  8.989165e+00 -6.700812e+01  2.000000e+01
    endloop
  endfacet
  facet normal  0.000000e+00  -0.000000e+00  9.999999e-01
    outer loop
      vertex -1.715743e-15 -7.000000e+01  2.000000e+01
      vertex  8.989165e+00 -6.700812e+01  2.000000e+01
      vertex  9.822911e+00 -6.633624e+01  2.000000e+01
    endloop
  endfacet
  facet normal  0.000000e+00  -0.000000e+00  1.000000e+00
    outer loop
      vertex -1.715743e-15 -7.000000e+01  2.000000e+01
      vertex  9.822911e+00 -6.633624e+01  2.000000e+01
      vertex  1.060660e+01 -6.560661e+01  2.000000e+01
    endloop
  endfacet
  facet normal  0.000000e+00  0.000000e+00  1.000000e+00
    outer loop
      vertex -1.715743e-15 -7.000000e+01  2.000000e+01
      vertex  1.060660e+01 -6.560661e+01  2.000000e+01
      vertex  9.218253e-15 -6.500000e+01  2.000000e+01
    endloop
  endfacet
  facet normal  0.000000e+00  0.000000e+00  1.000000e+00
    outer loop
      vertex -1.715743e-15 -7.000000e+01  2.000000e+01
      vertex  9.218253e-15 -6.500000e+01  2.000000e+01
      vertex -1.060660e+01 -6.560661e+01  2.000000e+01
    endloop
  endfacet
  facet normal  0.000000e+00  0.000000e+00  1.000000e+00
    outer loop
      vertex -1.715743e-15 -7.000000e+01  2.000000e+01
      vertex -1.060660e+01 -6.560661e+01  2.000000e+01
      vertex -9.822911e+00 -6.633624e+01  2.000000e+01
    endloop
  endfacet
  facet normal  0.000000e+00  0.000000e+00  9.999999e-01
    outer loop
      vertex -1.715743e-15 -7.000000e+01  2.000000e+01
      vertex -9.822911e+00 -6.633624e+01  2.000000e+01
      vertex -8.989165e+00 -6.700812e+01  2.000000e+01
    endloop
  endfacet
  facet normal  0.000000e+00  0.000000e+00  1.000000e+00
    outer loop
      vertex -1.715743e-15 -7.000000e+01  2.000000e+01
      vertex -8.989165e+00 -6.700812e+01  2.000000e+01
      vertex -8.109612e+00 -6.761880e+01  2.000000e+01
    endloop
  endfacet
  facet normal  0.000000e+00  0.000000e+00  1.000000e+00
    outer loop
      vertex -1.715743e-15 -7.000000e+01  2.000000e+01
      vertex -8.109612e+00 -6.761880e+01  2.000000e+01
      vertex -7.188735e+00 -6.816518e+01  2.000000e+01
    endloop
  endfacet
  facet normal  0.000000e+00  0.000000e+00  9.999999e-01
    outer loop
      vertex -1.715743e-15 -7.000000e+01  2.000000e+01
      vertex -7.188735e+00 -6.816518e+01  2.000000e+01
      vertex -6.231225e+00 -6.864448e+01  2.000000e+01
    endloop
  endfacet
  facet normal  0.000000e+00  0.000000e+00  1.000000e+00
    outer loop
      vertex -1.715743e-15 -7.000000e+01  2.000000e+01
      vertex -6.231225e+00 -6.864448e+01  2.000000e+01
      vertex -5.241963e+00 -6.905424e+01  2.000000e+01
    endloop
  endfacet
  facet normal  0.000000e+00  0.000000e+00  9.999999e-01
    outer loop
      vertex -1.715743e-15 -7.000000e+01  2.000000e+01
      vertex -5.241963e+00 -6.905424e+01  2.000000e+01
      vertex -4.225988e+00 -6.939240e+01  2.000000e+01
    endloop
  endfacet
  facet normal  0.000000e+00  0.000000e+00  1.000000e+00
    outer loop
      vertex -1.715743e-15 -7.000000e+01  2.000000e+01
      vertex -4.225988e+00 -6.939240e+01  2.000000e+01
      vertex -3.188479e+00 -6.965720e+01  2.000000e+01
    endloop
  endfacet
  facet normal  0.000000e+00  0.000000e+00  1.000000e+00
    outer loop
      vertex -1.715743e-15 -7.000000e+01  2.000000e+01
      vertex -3.188479e+00 -6.965720e+01  2.000000e+01
      vertex -2.134722e+00 -6.984732e+01  2.000000e+01
    endloop
  endfacet
  facet normal  0.000000e+00  0.000000e+00  1.000000e+00
    outer loop
      vertex -1.715743e-15 -7.000000e+01  2.000000e+01
      vertex -2.134722e+00 -6.984732e+01  2.000000e+01
      vertex -1.070088e+00 -6.996178e+01  2.000000e+01
    endloop
  endfacet
  facet normal  0.000000e+00  0.000000e+00  1.000000e+00
    outer loop
      vertex -1.500000e+01 -3.464102e+01  2.000000e+01
      vertex -1.500000e+01 -5.500000e+01  2.000000e+01
      vertex -6.427876e+00 -4.733955e+01  2.000000e+01
    endloop
  endfacet
  facet normal  0.000000e+00  -0.000000e+00  1.000000e+00
    outer loop
      vertex -1.500000e+01 -3.464102e+01  2.000000e+01
      vertex -6.427876e+00 -4.733955e+01  2.000000e+01
      vertex -5.735765e+00 -4.680848e+01  2.000000e+01
    endloop
  endfacet
  facet normal  0.000000e+00  -0.000000e+00  1.000000e+00
    outer loop
      vertex -1.500000e+01 -3.464102e+01  2.000000e+01
      vertex -5.735765e+00 -4.680848e+01  2.000000e+01
      vertex -5.000000e+00 -4.633974e+01  2.000000e+01
    endloop
  endfacet
  facet normal  0.000000e+00  -0.000000e+00  1.000000e+00
    outer loop
      vertex -1.500000e+01 -3.464102e+01  2.000000e+01
      vertex -5.000000e+00 -4.633974e+01  2.000000e+01
      vertex -4.226182e+00 -4.593692e+01  2.000000e+01
    endloop
  endfacet
  facet normal  0.000000e+00  -0.000000e+00  1.000000e+00
    outer loop
      vertex -1.500000e+01 -3.464102e+01  2.000000e+01
      vertex -4.226182e+00 -4.593692e+01  2.000000e+01
      vertex -3.420202e+00 -4.560307e+01  2.000000e+01
    endloop
  endfacet
  facet normal  0.000000e+00  -0.000000e+00  1.000000e+00
    outer loop
      vertex -1.500000e+01 -3.464102e+01  2.000000e+01
      vertex -3.420202e+00 -4.560307e+01  2.000000e+01
      vertex -2.588191e+00 -4.534074e+01  2.000000e+01
    endloop
  endfacet
  facet normal  0.000000e+00  -0.000000e+00  1.000000e+00
    outer loop
      vertex -1.500000e+01 -3.464102e+01  2.000000e+01
      vertex -2.588191e+00 -4.534074e+01  2.000000e+01
      vertex -1.736482e+00 -4.515192e+01  2.000000e+01
    endloop
  endfacet
  facet normal  0.000000e+00  -0.000000e+00  1.000000e+00
    outer loop
      vertex -1.500000e+01 -3.464102e+01  2.000000e+01
      vertex -1.736482e+00 -4.515192e+01  2.000000e+01
      vertex -8.715574e-01 -4.503805e+01  2.000000e+01
    endloop
  endfacet
  facet normal  0.000000e+00  -0.000000e+00  1.000000e+00
    outer loop
      vertex -1.500000e+01 -3.464102e+01  2.000000e+01
      vertex -8.715574e-01 -4.503805e+01  2.000000e+01
      vertex  1.103420e-15 -4.500000e+01  2.000000e+01
    endloop
  endfacet
  facet normal  -0.000000e+00  -0.000000e+00  1.000000e+00
    outer loop
      vertex -1.500000e+01 -3.464102e+01  2.000000e+01
      vertex  1.103420e-15 -4.500000e+01  2.000000e+01
      vertex  8.715574e-01 -4.503805e+01  2.000000e+01
    endloop
  endfacet
  facet normal  -0.000000e+00  -0.000000e+00  9.999999e-01
    outer loop
      vertex -1.500000e+01 -3.464102e+01  2.000000e+01
      vertex  8.715574e-01 -4.503805e+01  2.000000e+01
      vertex  1.736482e+00 -4.515192e+01  2.000000e+01
    endloop
  endfacet
  facet normal  -0.000000e+00  -0.000000e+00  1.000000e+00
    outer loop
      vertex -1.500000e+01 -3.464102e+01  2.000000e+01
      vertex  1.736482e+00 -4.515192e+01  2.000000e+01
      vertex  2.588191e+00 -4.534074e+01  2.000000e+01
    endloop
  endfacet
  facet normal  -0.000000e+00  -0.000000e+00  1.000000e+00
    outer loop
      vertex -1.500000e+01 -3.464102e+01  2.000000e+01
      vertex  2.588191e+00 -4.534074e+01  2.000000e+01
      vertex  3.420202e+00 -4.560307e+01  2.000000e+01
    endloop
  endfacet
  facet normal  -0.000000e+00  -0.000000e+00  1.000000e+00
    outer loop
      vertex -1.500000e+01 -3.464102e+01  2.000000e+01
      vertex  3.420202e+00 -4.560307e+01  2.000000e+01
      vertex  4.226182e+00 -4.593692e+01  2.000000e+01
    endloop
  endfacet
  facet normal  -0.000000e+00  -0.000000e+00  9.999999e-01
    outer loop
      vertex -1.500000e+01 -3.464102e+01  2.000000e+01
      vertex  4.226182e+00 -4.593692e+01  2.000000e+01
      vertex  5.000000e+00 -4.633974e+01  2.000000e+01
    endloop
  endfacet
  facet normal  -0.000000e+00  0.000000e+00  1.000000e+00
    outer loop
      vertex  1.500000e+01 -3.464102e+01  2.000000e+01
      vertex -1.500000e+01 -3.464102e+01  2.000000e+01
      vertex  5.000000e+00 -4.633974e+01  2.000000e+01
    endloop
  endfacet
  facet normal  -0.000000e+00  0.000000e+00  1.000000e+00
    outer loop
      vertex  1.500000e+01 -3.464102e+01  2.000000e+01
      vertex  5.000000e+00 -4.633974e+01  2.000000e+01
      vertex  5.735765e+00 -4.680848e+01  2.000000e+01
    endloop
  endfacet
  facet normal  -0.000000e+00  0.000000e+00  1.000000e+00
    outer loop
      vertex  1.500000e+01 -3.464102e+01  2.000000e+01
      vertex  5.735765e+00 -4.680848e+01  2.000000e+01
      vertex  6.427876e+00 -4.733955e+01  2.000000e+01
    endloop
  endfacet
  facet normal  -0.000000e+00  0.000000e+00  1.000000e+00
    outer loop
      vertex  1.500000e+01 -3.464102e+01  2.000000e+01
      vertex  6.427876e+00 -4.733955e+01  2.000000e+01
      vertex  1.500000e+01 -5.500000e+01  2.000000e+01
    endloop
  endfacet
  facet normal  0.000000e+00  -0.000000e+00  1.000000e+00
    outer loop
      vertex -1.500000e+01 -5.500000e+01  2.000000e+01
      vertex -1.496178e+01 -5.607009e+01  2.000000e+01
      vertex -9.961947e+00 -5.587156e+01  2.000000e+01
    endloop
  endfacet
  facet normal  0.000000e+00  0.000000e+00  1.000000e+00
    outer loop
      vertex -1.500000e+01 -5.500000e+01  2.000000e+01
      vertex -9.961947e+00 -5.587156e+01  2.000000e+01
      vertex -1.000000e+01 -5.500000e+01  2.000000e+01
    endloop
  endfacet
  facet normal  0.000000e+00  -0.000000e+00  1.000000e+00
    outer loop
      vertex -1.500000e+01 -5.500000e+01  2.000000e+01
      vertex -1.000000e+01 -5.500000e+01  2.000000e+01
      vertex -9.961947e+00 -5.412844e+01  2.000000e+01
    endloop
  endfacet
  facet normal  0.000000e+00  -0.000000e+00  1.000000e+00
    outer loop
      vertex -1.500000e+01 -5.500000e+01  2.000000e+01
      vertex -9.961947e+00 -5.412844e+01  2.000000e+01
      vertex -9.848078e+00 -5.326352e+01  2.000000e+01
    endloop
  endfacet
  facet normal  0.000000e+00  -0.000000e+00  1.000000e+00
    outer loop
      vertex -1.500000e+01 -5.500000e+01  2.000000e+01
      vertex -9.848078e+00 -5.326352e+01  2.000000e+01
      vertex -9.659258e+00 -5.241181e+01  2.000000e+01
    endloop
  endfacet
  facet normal  0.000000e+00  -0.000000e+00  9.999999e-01
    outer loop
      vertex -1.500000e+01 -5.500000e+01  2.000000e+01
      vertex -9.659258e+00 -5.241181e+01  2.000000e+01
      vertex -9.396926e+00 -5.157980e+01  2.000000e+01
    endloop
  endfacet
  facet normal  0.000000e+00  -0.000000e+00  1.000000e+00
    outer loop
      vertex -1.500000e+01 -5.500000e+01  2.000000e+01
      vertex -9.396926e+00 -5.157980e+01  2.000000e+01
      vertex -9.063078e+00 -5.077382e+01  2.000000e+01
    endloop
  endfacet
  facet normal  0.000000e+00  -0.000000e+00  1.000000e+00
    outer loop
      vertex -1.500000e+01 -5.500000e+01  2.000000e+01
      vertex -9.063078e+00 -5.077382e+01  2.000000e+01
      vertex -8.660254e+00 -5.000000e+01  2.000000e+01
    endloop
  endfacet
  facet normal  0.000000e+00  -0.000000e+00  1.000000e+00
    outer loop
      vertex -1.500000e+01 -5.500000e+01  2.000000e+01
      vertex -8.660254e+00 -5.000000e+01  2.000000e+01
      vertex -8.191521e+00 -4.926424e+01  2.000000e+01
    endloop
  endfacet
  facet normal  0.000000e+00  -0.000000e+00  1.000000e+00
    outer loop
      vertex -1.500000e+01 -5.500000e+01  2.000000e+01
      vertex -8.191521e+00 -4.926424e+01  2.000000e+01
      vertex -7.660444e+00 -4.857212e+01  2.000000e+01
    endloop
  endfacet
  facet normal  0.000000e+00  -0.000000e+00  9.999999e-01
    outer loop
      vertex -1.500000e+01 -5.500000e+01  2.000000e+01
      vertex -7.660444e+00 -4.857212e+01  2.000000e+01
      vertex -7.071068e+00 -4.792893e+01  2.000000e+01
    endloop
  endfacet
  facet normal  0.000000e+00  -0.000000e+00  1.000000e+00
    outer loop
      vertex -1.500000e+01 -5.500000e+01  2.000000e+01
      vertex -7.071068e+00 -4.792893e+01  2.000000e+01
      vertex -6.427876e+00 -4.733955e+01  2.000000e+01
    endloop
  endfacet
  facet normal  0.000000e+00  0.000000e+00  1.000000e+00
    outer loop
      vertex  1.500000e+01 -5.500000e+01  2.000000e+01
      vertex  6.427876e+00 -4.733955e+01  2.000000e+01
      vertex  7.071068e+00 -4.792893e+01  2.000000e+01
    endloop
  endfacet
  facet normal  0.000000e+00  0.000000e+00  1.000000e+00
    outer loop
      vertex  1.500000e+01 -5.500000e+01  2.000000e+01
      vertex  7.071068e+00 -4.792893e+01  2.000000e+01
      vertex  7.660444e+00 -4.857212e+01  2.000000e+01
    endloop
  endfacet
  facet normal  0.000000e+00  0.000000e+00  1.000000e+00
    outer loop
      vertex  1.500000e+01 -5.500000e+01  2.000000e+01
      vertex  7.660444e+00 -4.857212e+01  2.000000e+01
      vertex  8.191521e+00 -4.926424e+01  2.000000e+01
    endloop
  endfacet
  facet normal  0.000000e+00  0.000000e+00  1.000000e+00
    outer loop
      vertex  1.500000e+01 -5.500000e+01  2.000000e+01
      vertex  8.191521e+00 -4.926424e+01  2.000000e+01
      vertex  8.660254e+00 -5.000000e+01  2.000000e+01
    endloop
  endfacet
  facet normal  0.000000e+00  0.000000e+00  1.000000e+00
    outer loop
      vertex  1.500000e+01 -5.500000e+01  2.000000e+01
      vertex  8.660254e+00 -5.000000e+01  2.000000e+01
      vertex  9.063078e+00 -5.077382e+01  2.000000e+01
    endloop
  endfacet
  facet normal  0.000000e+00  0.000000e+00  1.000000e+00
    outer loop
      vertex  1.500000e+01 -5.500000e+01  2.000000e+01
      vertex  9.063078e+00 -5.077382e+01  2.000000e+01
      vertex  9.396926e+00 -5.157980e+01  2.000000e+01
    endloop
  endfacet
  facet normal  0.000000e+00  0.000000e+00  9.999999e-01
    outer loop
      vertex  1.500000e+01 -5.500000e+01  2.000000e+01
      vertex  9.396926e+00 -5.157980e+01  2.000000e+01
      vertex  9.659258e+00 -5.241181e+01  2.000000e+01
    endloop
  endfacet
  facet normal  0.000000e+00  0.000000e+00  1.000000e+00
    outer loop
      vertex  1.500000e+01 -5.500000e+01  2.000000e+01
      vertex  9.659258e+00 -5.241181e+01  2.000000e+01
      vertex  9.848078e+00 -5.326352e+01  2.000000e+01
    endloop
  endfacet
  facet normal  0.000000e+00  0.000000e+00  1.000000e+00
    outer loop
      vertex  1.500000e+01 -5.500000e+01  2.000000e+01
      vertex  9.848078e+00 -5.326352e+01  2.000000e+01
      vertex  9.961947e+00 -5.412844e+01  2.000000e+01
    endloop
  endfacet
  facet normal  0.000000e+00  0.000000e+00  1.000000e+00
    outer loop
      vertex  1.500000e+01 -5.500000e+01  2.000000e+01
      vertex  9.961947e+00 -5.412844e+01  2.000000e+01
      vertex  1.000000e+01 -5.500000e+01  2.000000e+01
    endloop
  endfacet
  facet normal  -0.000000e+00  0.000000e+00  1.000000e+00
    outer loop
      vertex  1.500000e+01 -5.500000e+01  2.000000e+01
      vertex  1.000000e+01 -5.500000e+01  2.000000e+01
      vertex  9.961947e+00 -5.587156e+01  2.000000e+01
    endloop
  endfacet
  facet normal  -0.000000e+00  0.000000e+00  1.000000e+00
    outer loop
      vertex  1.500000e+01 -5.500000e+01  2.000000e+01
      vertex  9.961947e+00 -5.587156e+01  2.000000e+01
      vertex  1.496178e+01 -5.607009e+01  2.000000e+01
    endloop
  endfacet
  facet normal  0.000000e+00  0.000000e+00  1.000000e+00
    outer loop
      vertex  1.133624e+01 -6.482291e+01  2.000000e+01
      vertex  1.200812e+01 -6.398917e+01  2.000000e+01
      vertex  4.226182e+00 -6.406308e+01  2.000000e+01
    endloop
  endfacet
  facet normal  0.000000e+00  0.000000e+00  1.000000e+00
    outer loop
      vertex  1.133624e+01 -6.482291e+01  2.000000e+01
      vertex  4.226182e+00 -6.406308e+01  2.000000e+01
      vertex  3.420202e+00 -6.439693e+01  2.000000e+01
    endloop
  endfacet
  facet normal  0.000000e+00  0.000000e+00  1.000000e+00
    outer loop
      vertex  1.133624e+01 -6.482291e+01  2.000000e+01
      vertex  3.420202e+00 -6.439693e+01  2.000000e+01
      vertex  2.588191e+00 -6.465926e+01  2.000000e+01
    endloop
  endfacet
  facet normal  0.000000e+00  0.000000e+00  1.000000e+00
    outer loop
      vertex  1.133624e+01 -6.482291e+01  2.000000e+01
      vertex  2.588191e+00 -6.465926e+01  2.000000e+01
      vertex  1.736482e+00 -6.484808e+01  2.000000e+01
    endloop
  endfacet
  facet normal  0.000000e+00  0.000000e+00  1.000000e+00
    outer loop
      vertex  1.060660e+01 -6.560661e+01  2.000000e+01
      vertex  1.133624e+01 -6.482291e+01  2.000000e+01
      vertex  1.736482e+00 -6.484808e+01  2.000000e+01
    endloop
  endfacet
  facet normal  0.000000e+00  0.000000e+00  1.000000e+00
    outer loop
      vertex  1.060660e+01 -6.560661e+01  2.000000e+01
      vertex  1.736482e+00 -6.484808e+01  2.000000e+01
      vertex  8.715574e-01 -6.496194e+01  2.000000e+01
    endloop
  endfacet
  facet normal  0.000000e+00  0.000000e+00  1.000000e+00
    outer loop
      vertex  1.060660e+01 -6.560661e+01  2.000000e+01
      vertex  8.715574e-01 -6.496194e+01  2.000000e+01
      vertex  9.218253e-15 -6.500000e+01  2.000000e+01
    endloop
  endfacet
  facet normal  0.000000e+00  0.000000e+00  1.000000e+00
    outer loop
      vertex -9.396926e+00 -5.842020e+01  2.000000e+01
      vertex -9.659258e+00 -5.758819e+01  2.000000e+01
      vertex -1.465720e+01 -5.818848e+01  2.000000e+01
    endloop
  endfacet
  facet normal  0.000000e+00  0.000000e+00  1.000000e+00
    outer loop
      vertex -1.465720e+01 -5.818848e+01  2.000000e+01
      vertex -9.659258e+00 -5.758819e+01  2.000000e+01
      vertex -9.848078e+00 -5.673648e+01  2.000000e+01
    endloop
  endfacet
  facet normal  0.000000e+00  0.000000e+00  1.000000e+00
    outer loop
      vertex -1.465720e+01 -5.818848e+01  2.000000e+01
      vertex -9.848078e+00 -5.673648e+01  2.000000e+01
      vertex -1.484732e+01 -5.713472e+01  2.000000e+01
    endloop
  endfacet
  facet normal  0.000000e+00  0.000000e+00  1.000000e+00
    outer loop
      vertex -1.484732e+01 -5.713472e+01  2.000000e+01
      vertex -9.848078e+00 -5.673648e+01  2.000000e+01
      vertex -9.961947e+00 -5.587156e+01  2.000000e+01
    endloop
  endfacet
  facet normal  0.000000e+00  0.000000e+00  1.000000e+00
    outer loop
      vertex -1.484732e+01 -5.713472e+01  2.000000e+01
      vertex -9.961947e+00 -5.587156e+01  2.000000e+01
      vertex -1.496178e+01 -5.607009e+01  2.000000e+01
    endloop
  endfacet
  facet normal  0.000000e+00  0.000000e+00  1.000000e+00
    outer loop
      vertex -7.660444e+00 -6.142788e+01  2.000000e+01
      vertex -8.191521e+00 -6.073576e+01  2.000000e+01
      vertex -1.364448e+01 -6.123122e+01  2.000000e+01
    endloop
  endfacet
  facet normal  0.000000e+00  0.000000e+00  1.000000e+00
    outer loop
      vertex -1.364448e+01 -6.123122e+01  2.000000e+01
      vertex -8.191521e+00 -6.073576e+01  2.000000e+01
      vertex -8.660254e+00 -6.000000e+01  2.000000e+01
    endloop
  endfacet
  facet normal  0.000000e+00  0.000000e+00  1.000000e+00
    outer loop
      vertex -1.364448e+01 -6.123122e+01  2.000000e+01
      vertex -8.660254e+00 -6.000000e+01  2.000000e+01
      vertex -1.405425e+01 -6.024196e+01  2.000000e+01
    endloop
  endfacet
  facet normal  0.000000e+00  0.000000e+00  1.000000e+00
    outer loop
      vertex -1.405425e+01 -6.024196e+01  2.000000e+01
      vertex -8.660254e+00 -6.000000e+01  2.000000e+01
      vertex -9.063078e+00 -5.922618e+01  2.000000e+01
    endloop
  endfacet
  facet normal  0.000000e+00  0.000000e+00  1.000000e+00
    outer loop
      vertex -1.405425e+01 -6.024196e+01  2.000000e+01
      vertex -9.063078e+00 -5.922618e+01  2.000000e+01
      vertex -1.439240e+01 -5.922599e+01  2.000000e+01
    endloop
  endfacet
  facet normal  -0.000000e+00  0.000000e+00  1.000000e+00
    outer loop
      vertex -1.439240e+01 -5.922599e+01  2.000000e+01
      vertex -9.063078e+00 -5.922618e+01  2.000000e+01
      vertex -9.396926e+00 -5.842020e+01  2.000000e+01
    endloop
  endfacet
  facet normal  0.000000e+00  0.000000e+00  1.000000e+00
    outer loop
      vertex -1.439240e+01 -5.922599e+01  2.000000e+01
      vertex -9.396926e+00 -5.842020e+01  2.000000e+01
      vertex -1.465720e+01 -5.818848e+01  2.000000e+01
    endloop
  endfacet
  facet normal  0.000000e+00  0.000000e+00  9.999999e-01
    outer loop
      vertex -5.735765e+00 -6.319152e+01  2.000000e+01
      vertex -6.427876e+00 -6.266045e+01  2.000000e+01
      vertex -1.261880e+01 -6.310961e+01  2.000000e+01
    endloop
  endfacet
  facet normal  0.000000e+00  0.000000e+00  1.000000e+00
    outer loop
      vertex -1.261880e+01 -6.310961e+01  2.000000e+01
      vertex -6.427876e+00 -6.266045e+01  2.000000e+01
      vertex -7.071068e+00 -6.207107e+01  2.000000e+01
    endloop
  endfacet
  facet normal  0.000000e+00  0.000000e+00  1.000000e+00
    outer loop
      vertex -1.261880e+01 -6.310961e+01  2.000000e+01
      vertex -7.071068e+00 -6.207107e+01  2.000000e+01
      vertex -1.316518e+01 -6.218874e+01  2.000000e+01
    endloop
  endfacet
  facet normal  0.000000e+00  0.000000e+00  1.000000e+00
    outer loop
      vertex -1.316518e+01 -6.218874e+01  2.000000e+01
      vertex -7.071068e+00 -6.207107e+01  2.000000e+01
      vertex -7.660444e+00 -6.142788e+01  2.000000e+01
    endloop
  endfacet
  facet normal  0.000000e+00  0.000000e+00  1.000000e+00
    outer loop
      vertex -1.316518e+01 -6.218874e+01  2.000000e+01
      vertex -7.660444e+00 -6.142788e+01  2.000000e+01
      vertex -1.364448e+01 -6.123122e+01  2.000000e+01
    endloop
  endfacet
  facet normal  0.000000e+00  0.000000e+00  9.999999e-01
    outer loop
      vertex -4.226182e+00 -6.406308e+01  2.000000e+01
      vertex -5.000000e+00 -6.366026e+01  2.000000e+01
      vertex -1.200812e+01 -6.398917e+01  2.000000e+01
    endloop
  endfacet
  facet normal  0.000000e+00  0.000000e+00  1.000000e+00
    outer loop
      vertex -1.200812e+01 -6.398917e+01  2.000000e+01
      vertex -5.000000e+00 -6.366026e+01  2.000000e+01
      vertex -5.735765e+00 -6.319152e+01  2.000000e+01
    endloop
  endfacet
  facet normal  0.000000e+00  0.000000e+00  1.000000e+00
    outer loop
      vertex -1.200812e+01 -6.398917e+01  2.000000e+01
      vertex -5.735765e+00 -6.319152e+01  2.000000e+01
      vertex -1.261880e+01 -6.310961e+01  2.000000e+01
    endloop
  endfacet
  facet normal  0.000000e+00  0.000000e+00  1.000000e+00
    outer loop
      vertex -2.588191e+00 -6.465926e+01  2.000000e+01
      vertex -3.420202e+00 -6.439693e+01  2.000000e+01
      vertex -1.133624e+01 -6.482291e+01  2.000000e+01
    endloop
  endfacet
  facet normal  0.000000e+00  0.000000e+00  1.000000e+00
    outer loop
      vertex -1.133624e+01 -6.482291e+01  2.000000e+01
      vertex -3.420202e+00 -6.439693e+01  2.000000e+01
      vertex -4.226182e+00 -6.406308e+01  2.000000e+01
    endloop
  endfacet
  facet normal  0.000000e+00  0.000000e+00  1.000000e+00
    outer loop
      vertex -1.133624e+01 -6.482291e+01  2.000000e+01
      vertex -4.226182e+00 -6.406308e+01  2.000000e+01
      vertex -1.200812e+01 -6.398917e+01  2.000000e+01
    endloop
  endfacet
  facet normal  0.000000e+00  0.000000e+00  1.000000e+00
    outer loop
      vertex  9.218253e-15 -6.500000e+01  2.000000e+01
      vertex -8.715574e-01 -6.496194e+01  2.000000e+01
      vertex -1.060660e+01 -6.560661e+01  2.000000e+01
    endloop
  endfacet
  facet normal  0.000000e+00  0.000000e+00  1.000000e+00
    outer loop
      vertex -1.060660e+01 -6.560661e+01  2.000000e+01
      vertex -8.715574e-01 -6.496194e+01  2.000000e+01
      vertex -1.736482e+00 -6.484808e+01  2.000000e+01
    endloop
  endfacet
  facet normal  0.000000e+00  0.000000e+00  1.000000e+00
    outer loop
      vertex -1.060660e+01 -6.560661e+01  2.000000e+01
      vertex -1.736482e+00 -6.484808e+01  2.000000e+01
      vertex -1.133624e+01 -6.482291e+01  2.000000e+01
    endloop
  endfacet
  facet normal  0.000000e+00  0.000000e+00  1.000000e+00
    outer loop
      vertex  9.396926e+00 -5.842020e+01  2.000000e+01
      vertex  1.465720e+01 -5.818848e+01  2.000000e+01
      vertex  9.659258e+00 -5.758819e+01  2.000000e+01
    endloop
  endfacet
  facet normal  -0.000000e+00  0.000000e+00  1.000000e+00
    outer loop
      vertex  9.659258e+00 -5.758819e+01  2.000000e+01
      vertex  1.465720e+01 -5.818848e+01  2.000000e+01
      vertex  1.484732e+01 -5.713472e+01  2.000000e+01
    endloop
  endfacet
  facet normal  0.000000e+00  0.000000e+00  1.000000e+00
    outer loop
      vertex  9.659258e+00 -5.758819e+01  2.000000e+01
      vertex  1.484732e+01 -5.713472e+01  2.000000e+01
      vertex  9.848078e+00 -5.673648e+01  2.000000e+01
    endloop
  endfacet
  facet normal  -0.000000e+00  0.000000e+00  1.000000e+00
    outer loop
      vertex  9.848078e+00 -5.673648e+01  2.000000e+01
      vertex  1.484732e+01 -5.713472e+01  2.000000e+01
      vertex  1.496178e+01 -5.607009e+01  2.000000e+01
    endloop
  endfacet
  facet normal  0.000000e+00  0.000000e+00  1.000000e+00
    outer loop
      vertex  9.848078e+00 -5.673648e+01  2.000000e+01
      vertex  1.496178e+01 -5.607009e+01  2.000000e+01
      vertex  9.961947e+00 -5.587156e+01  2.000000e+01
    endloop
  endfacet
  facet normal  0.000000e+00  0.000000e+00  1.000000e+00
    outer loop
      vertex  7.660444e+00 -6.142788e+01  2.000000e+01
      vertex  1.364448e+01 -6.123122e+01  2.000000e+01
      vertex  8.191521e+00 -6.073576e+01  2.000000e+01
    endloop
  endfacet
  facet normal  -0.000000e+00  0.000000e+00  1.000000e+00
    outer loop
      vertex  8.191521e+00 -6.073576e+01  2.000000e+01
      vertex  1.364448e+01 -6.123122e+01  2.000000e+01
      vertex  1.405425e+01 -6.024196e+01  2.000000e+01
    endloop
  endfacet
  facet normal  0.000000e+00  0.000000e+00  1.000000e+00
    outer loop
      vertex  8.191521e+00 -6.073576e+01  2.000000e+01
      vertex  1.405425e+01 -6.024196e+01  2.000000e+01
      vertex  8.660254e+00 -6.000000e+01  2.000000e+01
    endloop
  endfacet
  facet normal  -0.000000e+00  0.000000e+00  1.000000e+00
    outer loop
      vertex  8.660254e+00 -6.000000e+01  2.000000e+01
      vertex  1.405425e+01 -6.024196e+01  2.000000e+01
      vertex  1.439240e+01 -5.922599e+01  2.000000e+01
    endloop
  endfacet
  facet normal  0.000000e+00  0.000000e+00  1.000000e+00
    outer loop
      vertex  8.660254e+00 -6.000000e+01  2.000000e+01
      vertex  1.439240e+01 -5.922599e+01  2.000000e+01
      vertex  9.063078e+00 -5.922618e+01  2.000000e+01
    endloop
  endfacet
  facet normal  0.000000e+00  0.000000e+00  1.000000e+00
    outer loop
      vertex  9.063078e+00 -5.922618e+01  2.000000e+01
      vertex  1.439240e+01 -5.922599e+01  2.000000e+01
      vertex  1.465720e+01 -5.818848e+01  2.000000e+01
    endloop
  endfacet
  facet normal  0.000000e+00  0.000000e+00  1.000000e+00
    outer loop
      vertex  9.063078e+00 -5.922618e+01  2.000000e+01
      vertex  1.465720e+01 -5.818848e+01  2.000000e+01
      vertex  9.396926e+00 -5.842020e+01  2.000000e+01
    endloop
  endfacet
  facet normal  0.000000e+00  0.000000e+00  1.000000e+00
    outer loop
      vertex  5.735765e+00 -6.319152e+01  2.000000e+01
      vertex  1.261880e+01 -6.310961e+01  2.000000e+01
      vertex  6.427876e+00 -6.266045e+01  2.000000e+01
    endloop
  endfacet
  facet normal  -0.000000e+00  0.000000e+00  9.999999e-01
    outer loop
      vertex  6.427876e+00 -6.266045e+01  2.000000e+01
      vertex  1.261880e+01 -6.310961e+01  2.000000e+01
      vertex  1.316518e+01 -6.218874e+01  2.000000e+01
    endloop
  endfacet
  facet normal  0.000000e+00  0.000000e+00  1.000000e+00
    outer loop
      vertex  6.427876e+00 -6.266045e+01  2.000000e+01
      vertex  1.316518e+01 -6.218874e+01  2.000000e+01
      vertex  7.071068e+00 -6.207107e+01  2.000000e+01
    endloop
  endfacet
  facet normal  -0.000000e+00  0.000000e+00  1.000000e+00
    outer loop
      vertex  7.071068e+00 -6.207107e+01  2.000000e+01
      vertex  1.316518e+01 -6.218874e+01  2.000000e+01
      vertex  1.364448e+01 -6.123122e+01  2.000000e+01
    endloop
  endfacet
  facet normal  0.000000e+00  0.000000e+00  9.999999e-01
    outer loop
      vertex  7.071068e+00 -6.207107e+01  2.000000e+01
      vertex  1.364448e+01 -6.123122e+01  2.000000e+01
      vertex  7.660444e+00 -6.142788e+01  2.000000e+01
    endloop
  endfacet
  facet normal  0.000000e+00  0.000000e+00  1.000000e+00
    outer loop
      vertex  4.226182e+00 -6.406308e+01  2.000000e+01
      vertex  1.200812e+01 -6.398917e+01  2.000000e+01
      vertex  5.000000e+00 -6.366026e+01  2.000000e+01
    endloop
  endfacet
  facet normal  -0.000000e+00  0.000000e+00  1.000000e+00
    outer loop
      vertex  5.000000e+00 -6.366026e+01  2.000000e+01
      vertex  1.200812e+01 -6.398917e+01  2.000000e+01
      vertex  1.261880e+01 -6.310961e+01  2.000000e+01
    endloop
  endfacet
  facet normal  0.000000e+00  0.000000e+00  9.999999e-01
    outer loop
      vertex  5.000000e+00 -6.366026e+01  2.000000e+01
      vertex  1.261880e+01 -6.310961e+01  2.000000e+01
      vertex  5.735765e+00 -6.319152e+01  2.000000e+01
    endloop
  endfacet
  facet normal  5.233406e-02 -9.986296e-01  0.000000e+00
    outer loop
      vertex  8.055457e-15 -4.800000e+01  0.000000e+00
      vertex -7.316992e-01 -4.803835e+01  1.500000e+01
      vertex -7.316992e-01 -4.803835e+01  0.000000e+00
    endloop
  endfacet
  facet normal  1.564347e-01 -9.876884e-01  0.000000e+00
    outer loop
      vertex -7.316992e-01 -4.803835e+01  0.000000e+00
      vertex -7.316992e-01 -4.803835e+01  1.500000e+01
      vertex -1.455382e+00 -4.815297e+01  1.500000e+01
    endloop
  endfacet
  facet normal  1.564347e-01 -9.876884e-01  0.000000e+00
    outer loop
      vertex -7.316992e-01 -4.803835e+01  0.000000e+00
      vertex -1.455382e+00 -4.815297e+01  1.500000e+01
      vertex -1.455382e+00 -4.815297e+01  0.000000e+00
    endloop
  endfacet
  facet normal  2.588221e-01 -9.659250e-01  0.000000e+00
    outer loop
      vertex -1.455382e+00 -4.815297e+01  0.000000e+00
      vertex -1.455382e+00 -4.815297e+01  1.500000e+01
      vertex -2.163119e+00 -4.834261e+01  1.500000e+01
    endloop
  endfacet
  facet normal  2.588221e-01 -9.659250e-01  0.000000e+00
    outer loop
      vertex -1.455382e+00 -4.815297e+01  0.000000e+00
      vertex -2.163119e+00 -4.834261e+01  1.500000e+01
      vertex -2.163119e+00 -4.834261e+01  0.000000e+00
    endloop
  endfacet
  facet normal  3.583676e-01 -9.335806e-01  0.000000e+00
    outer loop
      vertex -2.163119e+00 -4.834261e+01  0.000000e+00
      vertex -2.163119e+00 -4.834261e+01  1.500000e+01
      vertex -2.847157e+00 -4.860518e+01  1.500000e+01
    endloop
  endfacet
  facet normal  3.583676e-01 -9.335806e-01  0.000000e+00
    outer loop
      vertex -2.163119e+00 -4.834261e+01  0.000000e+00
      vertex -2.847157e+00 -4.860518e+01  1.500000e+01
      vertex -2.847157e+00 -4.860518e+01  0.000000e+00
    endloop
  endfacet
  facet normal  4.539877e-01 -8.910080e-01  0.000000e+00
    outer loop
      vertex -2.847157e+00 -4.860518e+01  0.000000e+00
      vertex -2.847157e+00 -4.860518e+01  1.500000e+01
      vertex -3.500000e+00 -4.893782e+01  1.500000e+01
    endloop
  endfacet
  facet normal  4.539877e-01 -8.910080e-01  0.000000e+00
    outer loop
      vertex -2.847157e+00 -4.860518e+01  0.000000e+00
      vertex -3.500000e+00 -4.893782e+01  1.500000e+01
      vertex -3.500000e+00 -4.893782e+01  0.000000e+00
    endloop
  endfacet
  facet normal  5.446395e-01 -8.386703e-01  0.000000e+00
    outer loop
      vertex -3.500000e+00 -4.893782e+01  0.000000e+00
      vertex -3.500000e+00 -4.893782e+01  1.500000e+01
      vertex -4.114497e+00 -4.933688e+01  1.500000e+01
    endloop
  endfacet
  facet normal  5.446395e-01 -8.386703e-01  0.000000e+00
    outer loop
      vertex -3.500000e+00 -4.893782e+01  0.000000e+00
      vertex -4.114497e+00 -4.933688e+01  1.500000e+01
      vertex -4.114497e+00 -4.933688e+01  0.000000e+00
    endloop
  endfacet
  facet normal  6.293206e-01 -7.771459e-01  0.000000e+00
    outer loop
      vertex -4.114497e+00 -4.933688e+01  0.000000e+00
      vertex -4.114497e+00 -4.933688e+01  1.500000e+01
      vertex -4.683914e+00 -4.979799e+01  1.500000e+01
    endloop
  endfacet
  facet normal  6.293206e-01 -7.771459e-01  0.000000e+00
    outer loop
      vertex -4.114497e+00 -4.933688e+01  0.000000e+00
      vertex -4.683914e+00 -4.979799e+01  1.500000e+01
      vertex -4.683914e+00 -4.979799e+01  0.000000e+00
    endloop
  endfacet
  facet normal  7.071074e-01 -7.071061e-01  0.000000e+00
    outer loop
      vertex -4.683914e+00 -4.979799e+01  0.000000e+00
      vertex -4.683914e+00 -4.979799e+01  1.500000e+01
      vertex -5.202014e+00 -5.031609e+01  1.500000e+01
    endloop
  endfacet
  facet normal  7.071074e-01 -7.071061e-01  0.000000e+00
    outer loop
      vertex -4.683914e+00 -4.979799e+01  0.000000e+00
      vertex -5.202014e+00 -5.031609e+01  1.500000e+01
      vertex -5.202014e+00 -5.031609e+01  0.000000e+00
    endloop
  endfacet
  facet normal  7.771454e-01 -6.293211e-01  0.000000e+00
    outer loop
      vertex -5.202014e+00 -5.031609e+01  0.000000e+00
      vertex -5.202014e+00 -5.031609e+01  1.500000e+01
      vertex -5.663119e+00 -5.088550e+01  1.500000e+01
    endloop
  endfacet
  facet normal  7.771454e-01 -6.293211e-01  0.000000e+00
    outer loop
      vertex -5.202014e+00 -5.031609e+01  0.000000e+00
      vertex -5.663119e+00 -5.088550e+01  1.500000e+01
      vertex -5.663119e+00 -5.088550e+01  0.000000e+00
    endloop
  endfacet
  facet normal  8.386711e-01 -5.446381e-01  0.000000e+00
    outer loop
      vertex -5.663119e+00 -5.088550e+01  0.000000e+00
      vertex -5.663119e+00 -5.088550e+01  1.500000e+01
      vertex -6.062178e+00 -5.150000e+01  1.500000e+01
    endloop
  endfacet
  facet normal  8.386711e-01 -5.446381e-01  0.000000e+00
    outer loop
      vertex -5.663119e+00 -5.088550e+01  0.000000e+00
      vertex -6.062178e+00 -5.150000e+01  1.500000e+01
      vertex -6.062178e+00 -5.150000e+01  0.000000e+00
    endloop
  endfacet
  facet normal  8.910064e-01 -4.539908e-01  0.000000e+00
    outer loop
      vertex -6.062178e+00 -5.150000e+01  0.000000e+00
      vertex -6.062178e+00 -5.150000e+01  1.500000e+01
      vertex -6.394818e+00 -5.215284e+01  1.500000e+01
    endloop
  endfacet
  facet normal  8.910064e-01 -4.539908e-01  0.000000e+00
    outer loop
      vertex -6.062178e+00 -5.150000e+01  0.000000e+00
      vertex -6.394818e+00 -5.215284e+01  1.500000e+01
      vertex -6.394818e+00 -5.215284e+01  0.000000e+00
    endloop
  endfacet
  facet normal  9.335801e-01 -3.583687e-01  0.000000e+00
    outer loop
      vertex -6.394818e+00 -5.215284e+01  0.000000e+00
      vertex -6.394818e+00 -5.215284e+01  1.500000e+01
      vertex -6.657396e+00 -5.283688e+01  1.500000e+01
    endloop
  endfacet
  facet normal  9.335801e-01 -3.583687e-01  0.000000e+00
    outer loop
      vertex -6.394818e+00 -5.215284e+01  0.000000e+00
      vertex -6.657396e+00 -5.283688e+01  1.500000e+01
      vertex -6.657396e+00 -5.283688e+01  0.000000e+00
    endloop
  endfacet
  facet normal  9.659259e-01 -2.588186e-01  0.000000e+00
    outer loop
      vertex -6.657396e+00 -5.283688e+01  0.000000e+00
      vertex -6.657396e+00 -5.283688e+01  1.500000e+01
      vertex -6.847033e+00 -5.354462e+01  1.500000e+01
    endloop
  endfacet
  facet normal  9.659259e-01 -2.588186e-01  0.000000e+00
    outer loop
      vertex -6.657396e+00 -5.283688e+01  0.000000e+00
      vertex -6.847033e+00 -5.354462e+01  1.500000e+01
      vertex -6.847033e+00 -5.354462e+01  0.000000e+00
    endloop
  endfacet
  facet normal  9.876883e-01 -1.564347e-01  0.000000e+00
    outer loop
      vertex -6.847033e+00 -5.354462e+01  0.000000e+00
      vertex -6.847033e+00 -5.354462e+01  1.500000e+01
      vertex -6.961653e+00 -5.426830e+01  1.500000e+01
    endloop
  endfacet
  facet normal  9.876883e-01 -1.564347e-01  0.000000e+00
    outer loop
      vertex -6.847033e+00 -5.354462e+01  0.000000e+00
      vertex -6.961653e+00 -5.426830e+01  1.500000e+01
      vertex -6.961653e+00 -5.426830e+01  0.000000e+00
    endloop
  endfacet
  facet normal  9.986295e-01 -5.233588e-02  0.000000e+00
    outer loop
      vertex -6.961653e+00 -5.426830e+01  0.000000e+00
      vertex -6.961653e+00 -5.426830e+01  1.500000e+01
      vertex -7.000000e+00 -5.500000e+01  1.500000e+01
    endloop
  endfacet
  facet normal  9.986295e-01 -5.233588e-02  0.000000e+00
    outer loop
      vertex -6.961653e+00 -5.426830e+01  0.000000e+00
      vertex -7.000000e+00 -5.500000e+01  1.500000e+01
      vertex -7.000000e+00 -5.500000e+01  0.000000e+00
    endloop
  endfacet
  facet normal  5.233406e-02 -9.986296e-01  1.421434e-17
    outer loop
      vertex -7.316992e-01 -4.803835e+01  1.500000e+01
      vertex  8.055457e-15 -4.800000e+01  0.000000e+00
      vertex  3.981340e-15 -4.800000e+01  1.500000e+01
    endloop
  endfacet
  facet normal -5.233406e-02 -9.986296e-01 -1.421434e-17
    outer loop
      vertex  3.981340e-15 -4.800000e+01  1.500000e+01
      vertex  8.055457e-15 -4.800000e+01  0.000000e+00
      vertex  7.316992e-01 -4.803835e+01  0.000000e+00
    endloop
  endfacet
  facet normal -5.233406e-02 -9.986296e-01  0.000000e+00
    outer loop
      vertex  3.981340e-15 -4.800000e+01  1.500000e+01
      vertex  7.316992e-01 -4.803835e+01  0.000000e+00
      vertex  7.316992e-01 -4.803835e+01  1.500000e+01
    endloop
  endfacet
  facet normal -1.564347e-01 -9.876884e-01  -0.000000e+00
    outer loop
      vertex  7.316992e-01 -4.803835e+01  1.500000e+01
      vertex  7.316992e-01 -4.803835e+01  0.000000e+00
      vertex  1.455382e+00 -4.815297e+01  0.000000e+00
    endloop
  endfacet
  facet normal -1.564347e-01 -9.876884e-01  0.000000e+00
    outer loop
      vertex  7.316992e-01 -4.803835e+01  1.500000e+01
      vertex  1.455382e+00 -4.815297e+01  0.000000e+00
      vertex  1.455382e+00 -4.815297e+01  1.500000e+01
    endloop
  endfacet
  facet normal -2.588221e-01 -9.659250e-01  -0.000000e+00
    outer loop
      vertex  1.455382e+00 -4.815297e+01  1.500000e+01
      vertex  1.455382e+00 -4.815297e+01  0.000000e+00
      vertex  2.163119e+00 -4.834261e+01  0.000000e+00
    endloop
  endfacet
  facet normal -2.588221e-01 -9.659250e-01  0.000000e+00
    outer loop
      vertex  1.455382e+00 -4.815297e+01  1.500000e+01
      vertex  2.163119e+00 -4.834261e+01  0.000000e+00
      vertex  2.163119e+00 -4.834261e+01  1.500000e+01
    endloop
  endfacet
  facet normal -3.583676e-01 -9.335806e-01  -0.000000e+00
    outer loop
      vertex  2.163119e+00 -4.834261e+01  1.500000e+01
      vertex  2.163119e+00 -4.834261e+01  0.000000e+00
      vertex  2.847157e+00 -4.860518e+01  0.000000e+00
    endloop
  endfacet
  facet normal -3.583676e-01 -9.335806e-01  0.000000e+00
    outer loop
      vertex  2.163119e+00 -4.834261e+01  1.500000e+01
      vertex  2.847157e+00 -4.860518e+01  0.000000e+00
      vertex  2.847157e+00 -4.860518e+01  1.500000e+01
    endloop
  endfacet
  facet normal -4.539877e-01 -8.910080e-01  -0.000000e+00
    outer loop
      vertex  2.847157e+00 -4.860518e+01  1.500000e+01
      vertex  2.847157e+00 -4.860518e+01  0.000000e+00
      vertex  3.500000e+00 -4.893782e+01  0.000000e+00
    endloop
  endfacet
  facet normal -4.539877e-01 -8.910080e-01  0.000000e+00
    outer loop
      vertex  2.847157e+00 -4.860518e+01  1.500000e+01
      vertex  3.500000e+00 -4.893782e+01  0.000000e+00
      vertex  3.500000e+00 -4.893782e+01  1.500000e+01
    endloop
  endfacet
  facet normal -5.446395e-01 -8.386703e-01  -0.000000e+00
    outer loop
      vertex  3.500000e+00 -4.893782e+01  1.500000e+01
      vertex  3.500000e+00 -4.893782e+01  0.000000e+00
      vertex  4.114497e+00 -4.933688e+01  0.000000e+00
    endloop
  endfacet
  facet normal -5.446395e-01 -8.386703e-01  0.000000e+00
    outer loop
      vertex  3.500000e+00 -4.893782e+01  1.500000e+01
      vertex  4.114497e+00 -4.933688e+01  0.000000e+00
      vertex  4.114497e+00 -4.933688e+01  1.500000e+01
    endloop
  endfacet
  facet normal -6.293206e-01 -7.771459e-01  -0.000000e+00
    outer loop
      vertex  4.114497e+00 -4.933688e+01  1.500000e+01
      vertex  4.114497e+00 -4.933688e+01  0.000000e+00
      vertex  4.683914e+00 -4.979799e+01  0.000000e+00
    endloop
  endfacet
  facet normal -6.293206e-01 -7.771459e-01  0.000000e+00
    outer loop
      vertex  4.114497e+00 -4.933688e+01  1.500000e+01
      vertex  4.683914e+00 -4.979799e+01  0.000000e+00
      vertex  4.683914e+00 -4.979799e+01  1.500000e+01
    endloop
  endfacet
  facet normal -7.071074e-01 -7.071061e-01  -0.000000e+00
    outer loop
      vertex  4.683914e+00 -4.979799e+01  1.500000e+01
      vertex  4.683914e+00 -4.979799e+01  0.000000e+00
      vertex  5.202014e+00 -5.031609e+01  0.000000e+00
    endloop
  endfacet
  facet normal -7.071074e-01 -7.071061e-01  0.000000e+00
    outer loop
      vertex  4.683914e+00 -4.979799e+01  1.500000e+01
      vertex  5.202014e+00 -5.031609e+01  0.000000e+00
      vertex  5.202014e+00 -5.031609e+01  1.500000e+01
    endloop
  endfacet
  facet normal -7.771454e-01 -6.293211e-01  -0.000000e+00
    outer loop
      vertex  5.202014e+00 -5.031609e+01  1.500000e+01
      vertex  5.202014e+00 -5.031609e+01  0.000000e+00
      vertex  5.663119e+00 -5.088550e+01  0.000000e+00
    endloop
  endfacet
  facet normal -7.771454e-01 -6.293211e-01  0.000000e+00
    outer loop
      vertex  5.202014e+00 -5.031609e+01  1.500000e+01
      vertex  5.663119e+00 -5.088550e+01  0.000000e+00
      vertex  5.663119e+00 -5.088550e+01  1.500000e+01
    endloop
  endfacet
  facet normal -8.386711e-01 -5.446381e-01  -0.000000e+00
    outer loop
      vertex  5.663119e+00 -5.088550e+01  1.500000e+01
      vertex  5.663119e+00 -5.088550e+01  0.000000e+00
      vertex  6.062178e+00 -5.150000e+01  0.000000e+00
    endloop
  endfacet
  facet normal -8.386711e-01 -5.446381e-01  0.000000e+00
    outer loop
      vertex  5.663119e+00 -5.088550e+01  1.500000e+01
      vertex  6.062178e+00 -5.150000e+01  0.000000e+00
      vertex  6.062178e+00 -5.150000e+01  1.500000e+01
    endloop
  endfacet
  facet normal -8.910064e-01 -4.539908e-01  -0.000000e+00
    outer loop
      vertex  6.062178e+00 -5.150000e+01  1.500000e+01
      vertex  6.062178e+00 -5.150000e+01  0.000000e+00
      vertex  6.394818e+00 -5.215284e+01  0.000000e+00
    endloop
  endfacet
  facet normal -8.910064e-01 -4.539908e-01  0.000000e+00
    outer loop
      vertex  6.062178e+00 -5.150000e+01  1.500000e+01
      vertex  6.394818e+00 -5.215284e+01  0.000000e+00
      vertex  6.394818e+00 -5.215284e+01  1.500000e+01
    endloop
  endfacet
  facet normal -9.335801e-01 -3.583687e-01  -0.000000e+00
    outer loop
      vertex  6.394818e+00 -5.215284e+01  1.500000e+01
      vertex  6.394818e+00 -5.215284e+01  0.000000e+00
      vertex  6.657396e+00 -5.283688e+01  0.000000e+00
    endloop
  endfacet
  facet normal -9.335801e-01 -3.583687e-01  0.000000e+00
    outer loop
      vertex  6.394818e+00 -5.215284e+01  1.500000e+01
      vertex  6.657396e+00 -5.283688e+01  0.000000e+00
      vertex  6.657396e+00 -5.283688e+01  1.500000e+01
    endloop
  endfacet
  facet normal -9.659259e-01 -2.588186e-01  -0.000000e+00
    outer loop
      vertex  6.657396e+00 -5.283688e+01  1.500000e+01
      vertex  6.657396e+00 -5.283688e+01  0.000000e+00
      vertex  6.847033e+00 -5.354462e+01  0.000000e+00
    endloop
  endfacet
  facet normal -9.659259e-01 -2.588186e-01  0.000000e+00
    outer loop
      vertex  6.657396e+00 -5.283688e+01  1.500000e+01
      vertex  6.847033e+00 -5.354462e+01  0.000000e+00
      vertex  6.847033e+00 -5.354462e+01  1.500000e+01
    endloop
  endfacet
  facet normal -9.876883e-01 -1.564347e-01  -0.000000e+00
    outer loop
      vertex  6.847033e+00 -5.354462e+01  1.500000e+01
      vertex  6.847033e+00 -5.354462e+01  0.000000e+00
      vertex  6.961653e+00 -5.426830e+01  0.000000e+00
    endloop
  endfacet
  facet normal -9.876883e-01 -1.564347e-01  0.000000e+00
    outer loop
      vertex  6.847033e+00 -5.354462e+01  1.500000e+01
      vertex  6.961653e+00 -5.426830e+01  0.000000e+00
      vertex  6.961653e+00 -5.426830e+01  1.500000e+01
    endloop
  endfacet
  facet normal -9.986295e-01 -5.233588e-02  -0.000000e+00
    outer loop
      vertex  6.961653e+00 -5.426830e+01  1.500000e+01
      vertex  6.961653e+00 -5.426830e+01  0.000000e+00
      vertex  7.000000e+00 -5.500000e+01  0.000000e+00
    endloop
  endfacet
  facet normal -9.986295e-01 -5.233588e-02  0.000000e+00
    outer loop
      vertex  6.961653e+00 -5.426830e+01  1.500000e+01
      vertex  7.000000e+00 -5.500000e+01  0.000000e+00
      vertex  7.000000e+00 -5.500000e+01  1.500000e+01
    endloop
  endfacet
  facet normal -5.233406e-02  9.986296e-01  0.000000e+00
    outer loop
      vertex  1.301342e-15 -6.200000e+01  0.000000e+00
      vertex  7.316992e-01 -6.196165e+01  1.500000e+01
      vertex  7.316992e-01 -6.196165e+01  0.000000e+00
    endloop
  endfacet
  facet normal -1.564347e-01  9.876884e-01  0.000000e+00
    outer loop
      vertex  7.316992e-01 -6.196165e+01  0.000000e+00
      vertex  7.316992e-01 -6.196165e+01  1.500000e+01
      vertex  1.455382e+00 -6.184703e+01  1.500000e+01
    endloop
  endfacet
  facet normal -1.564347e-01  9.876884e-01  0.000000e+00
    outer loop
      vertex  7.316992e-01 -6.196165e+01  0.000000e+00
      vertex  1.455382e+00 -6.184703e+01  1.500000e+01
      vertex  1.455382e+00 -6.184703e+01  0.000000e+00
    endloop
  endfacet
  facet normal -2.588221e-01  9.659250e-01  0.000000e+00
    outer loop
      vertex  1.455382e+00 -6.184703e+01  0.000000e+00
      vertex  1.455382e+00 -6.184703e+01  1.500000e+01
      vertex  2.163119e+00 -6.165739e+01  1.500000e+01
    endloop
  endfacet
  facet normal -2.588221e-01  9.659250e-01  0.000000e+00
    outer loop
      vertex  1.455382e+00 -6.184703e+01  0.000000e+00
      vertex  2.163119e+00 -6.165739e+01  1.500000e+01
      vertex  2.163119e+00 -6.165739e+01  0.000000e+00
    endloop
  endfacet
  facet normal -3.583676e-01  9.335806e-01  0.000000e+00
    outer loop
      vertex  2.163119e+00 -6.165739e+01  0.000000e+00
      vertex  2.163119e+00 -6.165739e+01  1.500000e+01
      vertex  2.847157e+00 -6.139482e+01  1.500000e+01
    endloop
  endfacet
  facet normal -3.583676e-01  9.335806e-01  0.000000e+00
    outer loop
      vertex  2.163119e+00 -6.165739e+01  0.000000e+00
      vertex  2.847157e+00 -6.139482e+01  1.500000e+01
      vertex  2.847157e+00 -6.139482e+01  0.000000e+00
    endloop
  endfacet
  facet normal -4.539877e-01  8.910080e-01  0.000000e+00
    outer loop
      vertex  2.847157e+00 -6.139482e+01  0.000000e+00
      vertex  2.847157e+00 -6.139482e+01  1.500000e+01
      vertex  3.500000e+00 -6.106218e+01  1.500000e+01
    endloop
  endfacet
  facet normal -4.539877e-01  8.910080e-01  0.000000e+00
    outer loop
      vertex  2.847157e+00 -6.139482e+01  0.000000e+00
      vertex  3.500000e+00 -6.106218e+01  1.500000e+01
      vertex  3.500000e+00 -6.106218e+01  0.000000e+00
    endloop
  endfacet
  facet normal -5.446395e-01  8.386703e-01  0.000000e+00
    outer loop
      vertex  3.500000e+00 -6.106218e+01  0.000000e+00
      vertex  3.500000e+00 -6.106218e+01  1.500000e+01
      vertex  4.114497e+00 -6.066312e+01  1.500000e+01
    endloop
  endfacet
  facet normal -5.446395e-01  8.386703e-01  0.000000e+00
    outer loop
      vertex  3.500000e+00 -6.106218e+01  0.000000e+00
      vertex  4.114497e+00 -6.066312e+01  1.500000e+01
      vertex  4.114497e+00 -6.066312e+01  0.000000e+00
    endloop
  endfacet
  facet normal -6.293206e-01  7.771459e-01  0.000000e+00
    outer loop
      vertex  4.114497e+00 -6.066312e+01  0.000000e+00
      vertex  4.114497e+00 -6.066312e+01  1.500000e+01
      vertex  4.683914e+00 -6.020201e+01  1.500000e+01
    endloop
  endfacet
  facet normal -6.293206e-01  7.771459e-01  0.000000e+00
    outer loop
      vertex  4.114497e+00 -6.066312e+01  0.000000e+00
      vertex  4.683914e+00 -6.020201e+01  1.500000e+01
      vertex  4.683914e+00 -6.020201e+01  0.000000e+00
    endloop
  endfacet
  facet normal -7.071074e-01  7.071061e-01  0.000000e+00
    outer loop
      vertex  4.683914e+00 -6.020201e+01  0.000000e+00
      vertex  4.683914e+00 -6.020201e+01  1.500000e+01
      vertex  5.202014e+00 -5.968391e+01  1.500000e+01
    endloop
  endfacet
  facet normal -7.071074e-01  7.071061e-01  0.000000e+00
    outer loop
      vertex  4.683914e+00 -6.020201e+01  0.000000e+00
      vertex  5.202014e+00 -5.968391e+01  1.500000e+01
      vertex  5.202014e+00 -5.968391e+01  0.000000e+00
    endloop
  endfacet
  facet normal -7.771454e-01  6.293211e-01  0.000000e+00
    outer loop
      vertex  5.202014e+00 -5.968391e+01  0.000000e+00
      vertex  5.202014e+00 -5.968391e+01  1.500000e+01
      vertex  5.663119e+00 -5.911450e+01  1.500000e+01
    endloop
  endfacet
  facet normal -7.771454e-01  6.293211e-01  0.000000e+00
    outer loop
      vertex  5.202014e+00 -5.968391e+01  0.000000e+00
      vertex  5.663119e+00 -5.911450e+01  1.500000e+01
      vertex  5.663119e+00 -5.911450e+01  0.000000e+00
    endloop
  endfacet
  facet normal -8.386711e-01  5.446381e-01  0.000000e+00
    outer loop
      vertex  5.663119e+00 -5.911450e+01  0.000000e+00
      vertex  5.663119e+00 -5.911450e+01  1.500000e+01
      vertex  6.062178e+00 -5.850000e+01  1.500000e+01
    endloop
  endfacet
  facet normal -8.386711e-01  5.446381e-01  0.000000e+00
    outer loop
      vertex  5.663119e+00 -5.911450e+01  0.000000e+00
      vertex  6.062178e+00 -5.850000e+01  1.500000e+01
      vertex  6.062178e+00 -5.850000e+01  0.000000e+00
    endloop
  endfacet
  facet normal -8.910064e-01  4.539908e-01  0.000000e+00
    outer loop
      vertex  6.062178e+00 -5.850000e+01  0.000000e+00
      vertex  6.062178e+00 -5.850000e+01  1.500000e+01
      vertex  6.394818e+00 -5.784716e+01  1.500000e+01
    endloop
  endfacet
  facet normal -8.910064e-01  4.539908e-01  0.000000e+00
    outer loop
      vertex  6.062178e+00 -5.850000e+01  0.000000e+00
      vertex  6.394818e+00 -5.784716e+01  1.500000e+01
      vertex  6.394818e+00 -5.784716e+01  0.000000e+00
    endloop
  endfacet
  facet normal -9.335801e-01  3.583687e-01  0.000000e+00
    outer loop
      vertex  6.394818e+00 -5.784716e+01  0.000000e+00
      vertex  6.394818e+00 -5.784716e+01  1.500000e+01
      vertex  6.657396e+00 -5.716312e+01  1.500000e+01
    endloop
  endfacet
  facet normal -9.335801e-01  3.583687e-01  0.000000e+00
    outer loop
      vertex  6.394818e+00 -5.784716e+01  0.000000e+00
      vertex  6.657396e+00 -5.716312e+01  1.500000e+01
      vertex  6.657396e+00 -5.716312e+01  0.000000e+00
    endloop
  endfacet
  facet normal -9.659259e-01  2.588186e-01  0.000000e+00
    outer loop
      vertex  6.657396e+00 -5.716312e+01  0.000000e+00
      vertex  6.657396e+00 -5.716312e+01  1.500000e+01
      vertex  6.847033e+00 -5.645538e+01  1.500000e+01
    endloop
  endfacet
  facet normal -9.659259e-01  2.588186e-01  0.000000e+00
    outer loop
      vertex  6.657396e+00 -5.716312e+01  0.000000e+00
      vertex  6.847033e+00 -5.645538e+01  1.500000e+01
      vertex  6.847033e+00 -5.645538e+01  0.000000e+00
    endloop
  endfacet
  facet normal -9.876883e-01  1.564347e-01  0.000000e+00
    outer loop
      vertex  6.847033e+00 -5.645538e+01  0.000000e+00
      vertex  6.847033e+00 -5.645538e+01  1.500000e+01
      vertex  6.961653e+00 -5.573170e+01  1.500000e+01
    endloop
  endfacet
  facet normal -9.876883e-01  1.564347e-01  0.000000e+00
    outer loop
      vertex  6.847033e+00 -5.645538e+01  0.000000e+00
      vertex  6.961653e+00 -5.573170e+01  1.500000e+01
      vertex  6.961653e+00 -5.573170e+01  0.000000e+00
    endloop
  endfacet
  facet normal -9.986295e-01  5.233588e-02  0.000000e+00
    outer loop
      vertex  6.961653e+00 -5.573170e+01  0.000000e+00
      vertex  6.961653e+00 -5.573170e+01  1.500000e+01
      vertex  7.000000e+00 -5.500000e+01  1.500000e+01
    endloop
  endfacet
  facet normal -9.986295e-01  5.233588e-02  0.000000e+00
    outer loop
      vertex  6.961653e+00 -5.573170e+01  0.000000e+00
      vertex  7.000000e+00 -5.500000e+01  1.500000e+01
      vertex  7.000000e+00 -5.500000e+01  0.000000e+00
    endloop
  endfacet
  facet normal -5.233406e-02  9.986296e-01  3.368543e-18
    outer loop
      vertex  7.316992e-01 -6.196165e+01  1.500000e+01
      vertex  1.301342e-15 -6.200000e+01  0.000000e+00
      vertex  2.266834e-15 -6.200000e+01  1.500000e+01
    endloop
  endfacet
  facet normal  5.233406e-02  9.986296e-01 -3.368543e-18
    outer loop
      vertex  2.266834e-15 -6.200000e+01  1.500000e+01
      vertex  1.301342e-15 -6.200000e+01  0.000000e+00
      vertex -7.316992e-01 -6.196165e+01  0.000000e+00
    endloop
  endfacet
  facet normal  5.233406e-02  9.986296e-01  -0.000000e+00
    outer loop
      vertex  2.266834e-15 -6.200000e+01  1.500000e+01
      vertex -7.316992e-01 -6.196165e+01  0.000000e+00
      vertex -7.316992e-01 -6.196165e+01  1.500000e+01
    endloop
  endfacet
  facet normal  1.564347e-01  9.876884e-01  0.000000e+00
    outer loop
      vertex -7.316992e-01 -6.196165e+01  1.500000e+01
      vertex -7.316992e-01 -6.196165e+01  0.000000e+00
      vertex -1.455382e+00 -6.184703e+01  0.000000e+00
    endloop
  endfacet
  facet normal  1.564347e-01  9.876884e-01  -0.000000e+00
    outer loop
      vertex -7.316992e-01 -6.196165e+01  1.500000e+01
      vertex -1.455382e+00 -6.184703e+01  0.000000e+00
      vertex -1.455382e+00 -6.184703e+01  1.500000e+01
    endloop
  endfacet
  facet normal  2.588221e-01  9.659250e-01  0.000000e+00
    outer loop
      vertex -1.455382e+00 -6.184703e+01  1.500000e+01
      vertex -1.455382e+00 -6.184703e+01  0.000000e+00
      vertex -2.163119e+00 -6.165739e+01  0.000000e+00
    endloop
  endfacet
  facet normal  2.588221e-01  9.659250e-01  -0.000000e+00
    outer loop
      vertex -1.455382e+00 -6.184703e+01  1.500000e+01
      vertex -2.163119e+00 -6.165739e+01  0.000000e+00
      vertex -2.163119e+00 -6.165739e+01  1.500000e+01
    endloop
  endfacet
  facet normal  3.583676e-01  9.335806e-01  0.000000e+00
    outer loop
      vertex -2.163119e+00 -6.165739e+01  1.500000e+01
      vertex -2.163119e+00 -6.165739e+01  0.000000e+00
      vertex -2.847157e+00 -6.139482e+01  0.000000e+00
    endloop
  endfacet
  facet normal  3.583676e-01  9.335806e-01  -0.000000e+00
    outer loop
      vertex -2.163119e+00 -6.165739e+01  1.500000e+01
      vertex -2.847157e+00 -6.139482e+01  0.000000e+00
      vertex -2.847157e+00 -6.139482e+01  1.500000e+01
    endloop
  endfacet
  facet normal  4.539877e-01  8.910080e-01  0.000000e+00
    outer loop
      vertex -2.847157e+00 -6.139482e+01  1.500000e+01
      vertex -2.847157e+00 -6.139482e+01  0.000000e+00
      vertex -3.500000e+00 -6.106218e+01  0.000000e+00
    endloop
  endfacet
  facet normal  4.539877e-01  8.910080e-01  -0.000000e+00
    outer loop
      vertex -2.847157e+00 -6.139482e+01  1.500000e+01
      vertex -3.500000e+00 -6.106218e+01  0.000000e+00
      vertex -3.500000e+00 -6.106218e+01  1.500000e+01
    endloop
  endfacet
  facet normal  5.446395e-01  8.386703e-01  0.000000e+00
    outer loop
      vertex -3.500000e+00 -6.106218e+01  1.500000e+01
      vertex -3.500000e+00 -6.106218e+01  0.000000e+00
      vertex -4.114497e+00 -6.066312e+01  0.000000e+00
    endloop
  endfacet
  facet normal  5.446395e-01  8.386703e-01  -0.000000e+00
    outer loop
      vertex -3.500000e+00 -6.106218e+01  1.500000e+01
      vertex -4.114497e+00 -6.066312e+01  0.000000e+00
      vertex -4.114497e+00 -6.066312e+01  1.500000e+01
    endloop
  endfacet
  facet normal  6.293206e-01  7.771459e-01  0.000000e+00
    outer loop
      vertex -4.114497e+00 -6.066312e+01  1.500000e+01
      vertex -4.114497e+00 -6.066312e+01  0.000000e+00
      vertex -4.683914e+00 -6.020201e+01  0.000000e+00
    endloop
  endfacet
  facet normal  6.293206e-01  7.771459e-01  -0.000000e+00
    outer loop
      vertex -4.114497e+00 -6.066312e+01  1.500000e+01
      vertex -4.683914e+00 -6.020201e+01  0.000000e+00
      vertex -4.683914e+00 -6.020201e+01  1.500000e+01
    endloop
  endfacet
  facet normal  7.071074e-01  7.071061e-01  0.000000e+00
    outer loop
      vertex -4.683914e+00 -6.020201e+01  1.500000e+01
      vertex -4.683914e+00 -6.020201e+01  0.000000e+00
      vertex -5.202014e+00 -5.968391e+01  0.000000e+00
    endloop
  endfacet
  facet normal  7.071074e-01  7.071061e-01  -0.000000e+00
    outer loop
      vertex -4.683914e+00 -6.020201e+01  1.500000e+01
      vertex -5.202014e+00 -5.968391e+01  0.000000e+00
      vertex -5.202014e+00 -5.968391e+01  1.500000e+01
    endloop
  endfacet
  facet normal  7.771454e-01  6.293211e-01  0.000000e+00
    outer loop
      vertex -5.202014e+00 -5.968391e+01  1.500000e+01
      vertex -5.202014e+00 -5.968391e+01  0.000000e+00
      vertex -5.663119e+00 -5.911450e+01  0.000000e+00
    endloop
  endfacet
  facet normal  7.771454e-01  6.293211e-01  -0.000000e+00
    outer loop
      vertex -5.202014e+00 -5.968391e+01  1.500000e+01
      vertex -5.663119e+00 -5.911450e+01  0.000000e+00
      vertex -5.663119e+00 -5.911450e+01  1.500000e+01
    endloop
  endfacet
  facet normal  8.386711e-01  5.446381e-01  0.000000e+00
    outer loop
      vertex -5.663119e+00 -5.911450e+01  1.500000e+01
      vertex -5.663119e+00 -5.911450e+01  0.000000e+00
      vertex -6.062178e+00 -5.850000e+01  0.000000e+00
    endloop
  endfacet
  facet normal  8.386711e-01  5.446381e-01  -0.000000e+00
    outer loop
      vertex -5.663119e+00 -5.911450e+01  1.500000e+01
      vertex -6.062178e+00 -5.850000e+01  0.000000e+00
      vertex -6.062178e+00 -5.850000e+01  1.500000e+01
    endloop
  endfacet
  facet normal  8.910064e-01  4.539908e-01  0.000000e+00
    outer loop
      vertex -6.062178e+00 -5.850000e+01  1.500000e+01
      vertex -6.062178e+00 -5.850000e+01  0.000000e+00
      vertex -6.394818e+00 -5.784716e+01  0.000000e+00
    endloop
  endfacet
  facet normal  8.910064e-01  4.539908e-01  -0.000000e+00
    outer loop
      vertex -6.062178e+00 -5.850000e+01  1.500000e+01
      vertex -6.394818e+00 -5.784716e+01  0.000000e+00
      vertex -6.394818e+00 -5.784716e+01  1.500000e+01
    endloop
  endfacet
  facet normal  9.335801e-01  3.583687e-01  0.000000e+00
    outer loop
      vertex -6.394818e+00 -5.784716e+01  1.500000e+01
      vertex -6.394818e+00 -5.784716e+01  0.000000e+00
      vertex -6.657396e+00 -5.716312e+01  0.000000e+00
    endloop
  endfacet
  facet normal  9.335801e-01  3.583687e-01  -0.000000e+00
    outer loop
      vertex -6.394818e+00 -5.784716e+01  1.500000e+01
      vertex -6.657396e+00 -5.716312e+01  0.000000e+00
      vertex -6.657396e+00 -5.716312e+01  1.500000e+01
    endloop
  endfacet
  facet normal  9.659259e-01  2.588186e-01  0.000000e+00
    outer loop
      vertex -6.657396e+00 -5.716312e+01  1.500000e+01
      vertex -6.657396e+00 -5.716312e+01  0.000000e+00
      vertex -6.847033e+00 -5.645538e+01  0.000000e+00
    endloop
  endfacet
  facet normal  9.659259e-01  2.588186e-01  -0.000000e+00
    outer loop
      vertex -6.657396e+00 -5.716312e+01  1.500000e+01
      vertex -6.847033e+00 -5.645538e+01  0.000000e+00
      vertex -6.847033e+00 -5.645538e+01  1.500000e+01
    endloop
  endfacet
  facet normal  9.876883e-01  1.564347e-01  0.000000e+00
    outer loop
      vertex -6.847033e+00 -5.645538e+01  1.500000e+01
      vertex -6.847033e+00 -5.645538e+01  0.000000e+00
      vertex -6.961653e+00 -5.573170e+01  0.000000e+00
    endloop
  endfacet
  facet normal  9.876883e-01  1.564347e-01  -0.000000e+00
    outer loop
      vertex -6.847033e+00 -5.645538e+01  1.500000e+01
      vertex -6.961653e+00 -5.573170e+01  0.000000e+00
      vertex -6.961653e+00 -5.573170e+01  1.500000e+01
    endloop
  endfacet
  facet normal  9.986295e-01  5.233588e-02  0.000000e+00
    outer loop
      vertex -6.961653e+00 -5.573170e+01  1.500000e+01
      vertex -6.961653e+00 -5.573170e+01  0.000000e+00
      vertex -7.000000e+00 -5.500000e+01  0.000000e+00
    endloop
  endfacet
  facet normal  9.986295e-01  5.233588e-02  -0.000000e+00
    outer loop
      vertex -6.961653e+00 -5.573170e+01  1.500000e+01
      vertex -7.000000e+00 -5.500000e+01  0.000000e+00
      vertex -7.000000e+00 -5.500000e+01  1.500000e+01
    endloop
  endfacet
  facet normal  4.361777e-02 -9.990483e-01  0.000000e+00
    outer loop
      vertex  4.165037e-15 -4.500000e+01  1.500000e+01
      vertex -8.715574e-01 -4.503805e+01  2.000000e+01
      vertex -8.715574e-01 -4.503805e+01  1.500000e+01
    endloop
  endfacet
  facet normal  1.305297e-01 -9.914445e-01  0.000000e+00
    outer loop
      vertex -8.715574e-01 -4.503805e+01  1.500000e+01
      vertex -8.715574e-01 -4.503805e+01  2.000000e+01
      vertex -1.736482e+00 -4.515192e+01  2.000000e+01
    endloop
  endfacet
  facet normal  1.305297e-01 -9.914445e-01  0.000000e+00
    outer loop
      vertex -8.715574e-01 -4.503805e+01  1.500000e+01
      vertex -1.736482e+00 -4.515192e+01  2.000000e+01
      vertex -1.736482e+00 -4.515192e+01  1.500000e+01
    endloop
  endfacet
  facet normal  2.164361e-01 -9.762968e-01  0.000000e+00
    outer loop
      vertex -1.736482e+00 -4.515192e+01  1.500000e+01
      vertex -1.736482e+00 -4.515192e+01  2.000000e+01
      vertex -2.588191e+00 -4.534074e+01  2.000000e+01
    endloop
  endfacet
  facet normal  2.164361e-01 -9.762968e-01  0.000000e+00
    outer loop
      vertex -1.736482e+00 -4.515192e+01  1.500000e+01
      vertex -2.588191e+00 -4.534074e+01  2.000000e+01
      vertex -2.588191e+00 -4.534074e+01  1.500000e+01
    endloop
  endfacet
  facet normal  3.007067e-01 -9.537166e-01  0.000000e+00
    outer loop
      vertex -2.588191e+00 -4.534074e+01  1.500000e+01
      vertex -2.588191e+00 -4.534074e+01  2.000000e+01
      vertex -3.420202e+00 -4.560307e+01  2.000000e+01
    endloop
  endfacet
  facet normal  3.007067e-01 -9.537166e-01  0.000000e+00
    outer loop
      vertex -2.588191e+00 -4.534074e+01  1.500000e+01
      vertex -3.420202e+00 -4.560307e+01  2.000000e+01
      vertex -3.420202e+00 -4.560307e+01  1.500000e+01
    endloop
  endfacet
  facet normal  3.826860e-01 -9.238784e-01  0.000000e+00
    outer loop
      vertex -3.420202e+00 -4.560307e+01  1.500000e+01
      vertex -3.420202e+00 -4.560307e+01  2.000000e+01
      vertex -4.226182e+00 -4.593692e+01  2.000000e+01
    endloop
  endfacet
  facet normal  3.826860e-01 -9.238784e-01  0.000000e+00
    outer loop
      vertex -3.420202e+00 -4.560307e+01  1.500000e+01
      vertex -4.226182e+00 -4.593692e+01  2.000000e+01
      vertex -4.226182e+00 -4.593692e+01  1.500000e+01
    endloop
  endfacet
  facet normal  4.617456e-01 -8.870124e-01  0.000000e+00
    outer loop
      vertex -4.226182e+00 -4.593692e+01  1.500000e+01
      vertex -4.226182e+00 -4.593692e+01  2.000000e+01
      vertex -5.000000e+00 -4.633974e+01  2.000000e+01
    endloop
  endfacet
  facet normal  4.617456e-01 -8.870124e-01  0.000000e+00
    outer loop
      vertex -4.226182e+00 -4.593692e+01  1.500000e+01
      vertex -5.000000e+00 -4.633974e+01  2.000000e+01
      vertex -5.000000e+00 -4.633974e+01  1.500000e+01
    endloop
  endfacet
  facet normal  5.373004e-01 -8.433908e-01  0.000000e+00
    outer loop
      vertex -5.000000e+00 -4.633974e+01  1.500000e+01
      vertex -5.000000e+00 -4.633974e+01  2.000000e+01
      vertex -5.735765e+00 -4.680848e+01  2.000000e+01
    endloop
  endfacet
  facet normal  5.373004e-01 -8.433908e-01  0.000000e+00
    outer loop
      vertex -5.000000e+00 -4.633974e+01  1.500000e+01
      vertex -5.735765e+00 -4.680848e+01  2.000000e+01
      vertex -5.735765e+00 -4.680848e+01  1.500000e+01
    endloop
  endfacet
  facet normal  6.087605e-01 -7.933540e-01  0.000000e+00
    outer loop
      vertex -5.735765e+00 -4.680848e+01  1.500000e+01
      vertex -5.735765e+00 -4.680848e+01  2.000000e+01
      vertex -6.427876e+00 -4.733955e+01  2.000000e+01
    endloop
  endfacet
  facet normal  6.087605e-01 -7.933540e-01  0.000000e+00
    outer loop
      vertex -5.735765e+00 -4.680848e+01  1.500000e+01
      vertex -6.427876e+00 -4.733955e+01  2.000000e+01
      vertex -6.427876e+00 -4.733955e+01  1.500000e+01
    endloop
  endfacet
  facet normal  6.755912e-01 -7.372763e-01  0.000000e+00
    outer loop
      vertex -6.427876e+00 -4.733955e+01  1.500000e+01
      vertex -6.427876e+00 -4.733955e+01  2.000000e+01
      vertex -7.071068e+00 -4.792893e+01  2.000000e+01
    endloop
  endfacet
  facet normal  6.755912e-01 -7.372763e-01  0.000000e+00
    outer loop
      vertex -6.427876e+00 -4.733955e+01  1.500000e+01
      vertex -7.071068e+00 -4.792893e+01  2.000000e+01
      vertex -7.071068e+00 -4.792893e+01  1.500000e+01
    endloop
  endfacet
  facet normal  7.372777e-01 -6.755897e-01  0.000000e+00
    outer loop
      vertex -7.071068e+00 -4.792893e+01  1.500000e+01
      vertex -7.071068e+00 -4.792893e+01  2.000000e+01
      vertex -7.660444e+00 -4.857212e+01  2.000000e+01
    endloop
  endfacet
  facet normal  7.372777e-01 -6.755897e-01  0.000000e+00
    outer loop
      vertex -7.071068e+00 -4.792893e+01  1.500000e+01
      vertex -7.660444e+00 -4.857212e+01  2.000000e+01
      vertex -7.660444e+00 -4.857212e+01  1.500000e+01
    endloop
  endfacet
  facet normal  7.933533e-01 -6.087616e-01  0.000000e+00
    outer loop
      vertex -7.660444e+00 -4.857212e+01  1.500000e+01
      vertex -7.660444e+00 -4.857212e+01  2.000000e+01
      vertex -8.191521e+00 -4.926424e+01  2.000000e+01
    endloop
  endfacet
  facet normal  7.933533e-01 -6.087616e-01  0.000000e+00
    outer loop
      vertex -7.660444e+00 -4.857212e+01  1.500000e+01
      vertex -8.191521e+00 -4.926424e+01  2.000000e+01
      vertex -8.191521e+00 -4.926424e+01  1.500000e+01
    endloop
  endfacet
  facet normal  8.433911e-01 -5.373002e-01  0.000000e+00
    outer loop
      vertex -8.191521e+00 -4.926424e+01  1.500000e+01
      vertex -8.191521e+00 -4.926424e+01  2.000000e+01
      vertex -8.660254e+00 -5.000000e+01  2.000000e+01
    endloop
  endfacet
  facet normal  8.433911e-01 -5.373002e-01  0.000000e+00
    outer loop
      vertex -8.191521e+00 -4.926424e+01  1.500000e+01
      vertex -8.660254e+00 -5.000000e+01  2.000000e+01
      vertex -8.660254e+00 -5.000000e+01  1.500000e+01
    endloop
  endfacet
  facet normal  8.870113e-01 -4.617475e-01  0.000000e+00
    outer loop
      vertex -8.660254e+00 -5.000000e+01  1.500000e+01
      vertex -8.660254e+00 -5.000000e+01  2.000000e+01
      vertex -9.063078e+00 -5.077382e+01  2.000000e+01
    endloop
  endfacet
  facet normal  8.870113e-01 -4.617475e-01  0.000000e+00
    outer loop
      vertex -8.660254e+00 -5.000000e+01  1.500000e+01
      vertex -9.063078e+00 -5.077382e+01  2.000000e+01
      vertex -9.063078e+00 -5.077382e+01  1.500000e+01
    endloop
  endfacet
  facet normal  9.238796e-01 -3.826833e-01  0.000000e+00
    outer loop
      vertex -9.063078e+00 -5.077382e+01  1.500000e+01
      vertex -9.063078e+00 -5.077382e+01  2.000000e+01
      vertex -9.396926e+00 -5.157980e+01  2.000000e+01
    endloop
  endfacet
  facet normal  9.238796e-01 -3.826833e-01  0.000000e+00
    outer loop
      vertex -9.063078e+00 -5.077382e+01  1.500000e+01
      vertex -9.396926e+00 -5.157980e+01  2.000000e+01
      vertex -9.396926e+00 -5.157980e+01  1.500000e+01
    endloop
  endfacet
  facet normal  9.537168e-01 -3.007066e-01  0.000000e+00
    outer loop
      vertex -9.396926e+00 -5.157980e+01  1.500000e+01
      vertex -9.396926e+00 -5.157980e+01  2.000000e+01
      vertex -9.659258e+00 -5.241181e+01  2.000000e+01
    endloop
  endfacet
  facet normal  9.537168e-01 -3.007066e-01  0.000000e+00
    outer loop
      vertex -9.396926e+00 -5.157980e+01  1.500000e+01
      vertex -9.659258e+00 -5.241181e+01  2.000000e+01
      vertex -9.659258e+00 -5.241181e+01  1.500000e+01
    endloop
  endfacet
  facet normal  9.762961e-01 -2.164397e-01  0.000000e+00
    outer loop
      vertex -9.659258e+00 -5.241181e+01  1.500000e+01
      vertex -9.659258e+00 -5.241181e+01  2.000000e+01
      vertex -9.848078e+00 -5.326352e+01  2.000000e+01
    endloop
  endfacet
  facet normal  9.762961e-01 -2.164397e-01  0.000000e+00
    outer loop
      vertex -9.659258e+00 -5.241181e+01  1.500000e+01
      vertex -9.848078e+00 -5.326352e+01  2.000000e+01
      vertex -9.848078e+00 -5.326352e+01  1.500000e+01
    endloop
  endfacet
  facet normal  9.914448e-01 -1.305268e-01  0.000000e+00
    outer loop
      vertex -9.848078e+00 -5.326352e+01  1.500000e+01
      vertex -9.848078e+00 -5.326352e+01  2.000000e+01
      vertex -9.961947e+00 -5.412844e+01  2.000000e+01
    endloop
  endfacet
  facet normal  9.914448e-01 -1.305268e-01  0.000000e+00
    outer loop
      vertex -9.848078e+00 -5.326352e+01  1.500000e+01
      vertex -9.961947e+00 -5.412844e+01  2.000000e+01
      vertex -9.961947e+00 -5.412844e+01  1.500000e+01
    endloop
  endfacet
  facet normal  9.990483e-01 -4.361878e-02  0.000000e+00
    outer loop
      vertex -9.961947e+00 -5.412844e+01  1.500000e+01
      vertex -9.961947e+00 -5.412844e+01  2.000000e+01
      vertex -1.000000e+01 -5.500000e+01  2.000000e+01
    endloop
  endfacet
  facet normal  9.990483e-01 -4.361878e-02  0.000000e+00
    outer loop
      vertex -9.961947e+00 -5.412844e+01  1.500000e+01
      vertex -1.000000e+01 -5.500000e+01  2.000000e+01
      vertex -1.000000e+01 -5.500000e+01  1.500000e+01
    endloop
  endfacet
  facet normal  4.361777e-02 -9.990483e-01  2.670818e-17
    outer loop
      vertex -8.715574e-01 -4.503805e+01  2.000000e+01
      vertex  4.165037e-15 -4.500000e+01  1.500000e+01
      vertex  1.103420e-15 -4.500000e+01  2.000000e+01
    endloop
  endfacet
  facet normal -4.361777e-02 -9.990483e-01 -2.670818e-17
    outer loop
      vertex  1.103420e-15 -4.500000e+01  2.000000e+01
      vertex  4.165037e-15 -4.500000e+01  1.500000e+01
      vertex  8.715574e-01 -4.503805e+01  1.500000e+01
    endloop
  endfacet
  facet normal -4.361777e-02 -9.990483e-01  0.000000e+00
    outer loop
      vertex  1.103420e-15 -4.500000e+01  2.000000e+01
      vertex  8.715574e-01 -4.503805e+01  1.500000e+01
      vertex  8.715574e-01 -4.503805e+01  2.000000e+01
    endloop
  endfacet
  facet normal -1.305297e-01 -9.914445e-01  -0.000000e+00
    outer loop
      vertex  8.715574e-01 -4.503805e+01  2.000000e+01
      vertex  8.715574e-01 -4.503805e+01  1.500000e+01
      vertex  1.736482e+00 -4.515192e+01  1.500000e+01
    endloop
  endfacet
  facet normal -1.305297e-01 -9.914445e-01  0.000000e+00
    outer loop
      vertex  8.715574e-01 -4.503805e+01  2.000000e+01
      vertex  1.736482e+00 -4.515192e+01  1.500000e+01
      vertex  1.736482e+00 -4.515192e+01  2.000000e+01
    endloop
  endfacet
  facet normal -2.164361e-01 -9.762968e-01  -0.000000e+00
    outer loop
      vertex  1.736482e+00 -4.515192e+01  2.000000e+01
      vertex  1.736482e+00 -4.515192e+01  1.500000e+01
      vertex  2.588191e+00 -4.534074e+01  1.500000e+01
    endloop
  endfacet
  facet normal -2.164361e-01 -9.762968e-01  0.000000e+00
    outer loop
      vertex  1.736482e+00 -4.515192e+01  2.000000e+01
      vertex  2.588191e+00 -4.534074e+01  1.500000e+01
      vertex  2.588191e+00 -4.534074e+01  2.000000e+01
    endloop
  endfacet
  facet normal -3.007067e-01 -9.537166e-01  -0.000000e+00
    outer loop
      vertex  2.588191e+00 -4.534074e+01  2.000000e+01
      vertex  2.588191e+00 -4.534074e+01  1.500000e+01
      vertex  3.420202e+00 -4.560307e+01  1.500000e+01
    endloop
  endfacet
  facet normal -3.007067e-01 -9.537166e-01  0.000000e+00
    outer loop
      vertex  2.588191e+00 -4.534074e+01  2.000000e+01
      vertex  3.420202e+00 -4.560307e+01  1.500000e+01
      vertex  3.420202e+00 -4.560307e+01  2.000000e+01
    endloop
  endfacet
  facet normal -3.826860e-01 -9.238784e-01  -0.000000e+00
    outer loop
      vertex  3.420202e+00 -4.560307e+01  2.000000e+01
      vertex  3.420202e+00 -4.560307e+01  1.500000e+01
      vertex  4.226182e+00 -4.593692e+01  1.500000e+01
    endloop
  endfacet
  facet normal -3.826860e-01 -9.238784e-01  0.000000e+00
    outer loop
      vertex  3.420202e+00 -4.560307e+01  2.000000e+01
      vertex  4.226182e+00 -4.593692e+01  1.500000e+01
      vertex  4.226182e+00 -4.593692e+01  2.000000e+01
    endloop
  endfacet
  facet normal -4.617456e-01 -8.870124e-01  -0.000000e+00
    outer loop
      vertex  4.226182e+00 -4.593692e+01  2.000000e+01
      vertex  4.226182e+00 -4.593692e+01  1.500000e+01
      vertex  5.000000e+00 -4.633974e+01  1.500000e+01
    endloop
  endfacet
  facet normal -4.617456e-01 -8.870124e-01  0.000000e+00
    outer loop
      vertex  4.226182e+00 -4.593692e+01  2.000000e+01
      vertex  5.000000e+00 -4.633974e+01  1.500000e+01
      vertex  5.000000e+00 -4.633974e+01  2.000000e+01
    endloop
  endfacet
  facet normal -5.373004e-01 -8.433908e-01  -0.000000e+00
    outer loop
      vertex  5.000000e+00 -4.633974e+01  2.000000e+01
      vertex  5.000000e+00 -4.633974e+01  1.500000e+01
      vertex  5.735765e+00 -4.680848e+01  1.500000e+01
    endloop
  endfacet
  facet normal -5.373004e-01 -8.433908e-01  0.000000e+00
    outer loop
      vertex  5.000000e+00 -4.633974e+01  2.000000e+01
      vertex  5.735765e+00 -4.680848e+01  1.500000e+01
      vertex  5.735765e+00 -4.680848e+01  2.000000e+01
    endloop
  endfacet
  facet normal -6.087605e-01 -7.933540e-01  -0.000000e+00
    outer loop
      vertex  5.735765e+00 -4.680848e+01  2.000000e+01
      vertex  5.735765e+00 -4.680848e+01  1.500000e+01
      vertex  6.427876e+00 -4.733955e+01  1.500000e+01
    endloop
  endfacet
  facet normal -6.087605e-01 -7.933540e-01  0.000000e+00
    outer loop
      vertex  5.735765e+00 -4.680848e+01  2.000000e+01
      vertex  6.427876e+00 -4.733955e+01  1.500000e+01
      vertex  6.427876e+00 -4.733955e+01  2.000000e+01
    endloop
  endfacet
  facet normal -6.755912e-01 -7.372763e-01  -0.000000e+00
    outer loop
      vertex  6.427876e+00 -4.733955e+01  2.000000e+01
      vertex  6.427876e+00 -4.733955e+01  1.500000e+01
      vertex  7.071068e+00 -4.792893e+01  1.500000e+01
    endloop
  endfacet
  facet normal -6.755912e-01 -7.372763e-01  0.000000e+00
    outer loop
      vertex  6.427876e+00 -4.733955e+01  2.000000e+01
      vertex  7.071068e+00 -4.792893e+01  1.500000e+01
      vertex  7.071068e+00 -4.792893e+01  2.000000e+01
    endloop
  endfacet
  facet normal -7.372777e-01 -6.755897e-01  -0.000000e+00
    outer loop
      vertex  7.071068e+00 -4.792893e+01  2.000000e+01
      vertex  7.071068e+00 -4.792893e+01  1.500000e+01
      vertex  7.660444e+00 -4.857212e+01  1.500000e+01
    endloop
  endfacet
  facet normal -7.372777e-01 -6.755897e-01  0.000000e+00
    outer loop
      vertex  7.071068e+00 -4.792893e+01  2.000000e+01
      vertex  7.660444e+00 -4.857212e+01  1.500000e+01
      vertex  7.660444e+00 -4.857212e+01  2.000000e+01
    endloop
  endfacet
  facet normal -7.933533e-01 -6.087616e-01  -0.000000e+00
    outer loop
      vertex  7.660444e+00 -4.857212e+01  2.000000e+01
      vertex  7.660444e+00 -4.857212e+01  1.500000e+01
      vertex  8.191521e+00 -4.926424e+01  1.500000e+01
    endloop
  endfacet
  facet normal -7.933533e-01 -6.087616e-01  0.000000e+00
    outer loop
      vertex  7.660444e+00 -4.857212e+01  2.000000e+01
      vertex  8.191521e+00 -4.926424e+01  1.500000e+01
      vertex  8.191521e+00 -4.926424e+01  2.000000e+01
    endloop
  endfacet
  facet normal -8.433911e-01 -5.373002e-01  -0.000000e+00
    outer loop
      vertex  8.191521e+00 -4.926424e+01  2.000000e+01
      vertex  8.191521e+00 -4.926424e+01  1.500000e+01
      vertex  8.660254e+00 -5.000000e+01  1.500000e+01
    endloop
  endfacet
  facet normal -8.433911e-01 -5.373002e-01  0.000000e+00
    outer loop
      vertex  8.191521e+00 -4.926424e+01  2.000000e+01
      vertex  8.660254e+00 -5.000000e+01  1.500000e+01
      vertex  8.660254e+00 -5.000000e+01  2.000000e+01
    endloop
  endfacet
  facet normal -8.870113e-01 -4.617475e-01  -0.000000e+00
    outer loop
      vertex  8.660254e+00 -5.000000e+01  2.000000e+01
      vertex  8.660254e+00 -5.000000e+01  1.500000e+01
      vertex  9.063078e+00 -5.077382e+01  1.500000e+01
    endloop
  endfacet
  facet normal -8.870113e-01 -4.617475e-01  0.000000e+00
    outer loop
      vertex  8.660254e+00 -5.000000e+01  2.000000e+01
      vertex  9.063078e+00 -5.077382e+01  1.500000e+01
      vertex  9.063078e+00 -5.077382e+01  2.000000e+01
    endloop
  endfacet
  facet normal -9.238796e-01 -3.826833e-01  -0.000000e+00
    outer loop
      vertex  9.063078e+00 -5.077382e+01  2.000000e+01
      vertex  9.063078e+00 -5.077382e+01  1.500000e+01
      vertex  9.396926e+00 -5.157980e+01  1.500000e+01
    endloop
  endfacet
  facet normal -9.238796e-01 -3.826833e-01  0.000000e+00
    outer loop
      vertex  9.063078e+00 -5.077382e+01  2.000000e+01
      vertex  9.396926e+00 -5.157980e+01  1.500000e+01
      vertex  9.396926e+00 -5.157980e+01  2.000000e+01
    endloop
  endfacet
  facet normal -9.537168e-01 -3.007066e-01  -0.000000e+00
    outer loop
      vertex  9.396926e+00 -5.157980e+01  2.000000e+01
      vertex  9.396926e+00 -5.157980e+01  1.500000e+01
      vertex  9.659258e+00 -5.241181e+01  1.500000e+01
    endloop
  endfacet
  facet normal -9.537168e-01 -3.007066e-01  0.000000e+00
    outer loop
      vertex  9.396926e+00 -5.157980e+01  2.000000e+01
      vertex  9.659258e+00 -5.241181e+01  1.500000e+01
      vertex  9.659258e+00 -5.241181e+01  2.000000e+01
    endloop
  endfacet
  facet normal -9.762961e-01 -2.164397e-01  -0.000000e+00
    outer loop
      vertex  9.659258e+00 -5.241181e+01  2.000000e+01
      vertex  9.659258e+00 -5.241181e+01  1.500000e+01
      vertex  9.848078e+00 -5.326352e+01  1.500000e+01
    endloop
  endfacet
  facet normal -9.762961e-01 -2.164397e-01  0.000000e+00
    outer loop
      vertex  9.659258e+00 -5.241181e+01  2.000000e+01
      vertex  9.848078e+00 -5.326352e+01  1.500000e+01
      vertex  9.848078e+00 -5.326352e+01  2.000000e+01
    endloop
  endfacet
  facet normal -9.914448e-01 -1.305268e-01  -0.000000e+00
    outer loop
      vertex  9.848078e+00 -5.326352e+01  2.000000e+01
      vertex  9.848078e+00 -5.326352e+01  1.500000e+01
      vertex  9.961947e+00 -5.412844e+01  1.500000e+01
    endloop
  endfacet
  facet normal -9.914448e-01 -1.305268e-01  0.000000e+00
    outer loop
      vertex  9.848078e+00 -5.326352e+01  2.000000e+01
      vertex  9.961947e+00 -5.412844e+01  1.500000e+01
      vertex  9.961947e+00 -5.412844e+01  2.000000e+01
    endloop
  endfacet
  facet normal -9.990483e-01 -4.361878e-02  -0.000000e+00
    outer loop
      vertex  9.961947e+00 -5.412844e+01  2.000000e+01
      vertex  9.961947e+00 -5.412844e+01  1.500000e+01
      vertex  1.000000e+01 -5.500000e+01  1.500000e+01
    endloop
  endfacet
  facet normal -9.990483e-01 -4.361878e-02  0.000000e+00
    outer loop
      vertex  9.961947e+00 -5.412844e+01  2.000000e+01
      vertex  1.000000e+01 -5.500000e+01  1.500000e+01
      vertex  1.000000e+01 -5.500000e+01  2.000000e+01
    endloop
  endfacet
  facet normal -4.362213e-02  9.990481e-01  0.000000e+00
    outer loop
      vertex  1.715743e-15 -6.500000e+01  1.500000e+01
      vertex  8.715574e-01 -6.496194e+01  2.000000e+01
      vertex  8.715574e-01 -6.496194e+01  1.500000e+01
    endloop
  endfacet
  facet normal -1.305254e-01  9.914450e-01  0.000000e+00
    outer loop
      vertex  8.715574e-01 -6.496194e+01  1.500000e+01
      vertex  8.715574e-01 -6.496194e+01  2.000000e+01
      vertex  1.736482e+00 -6.484808e+01  2.000000e+01
    endloop
  endfacet
  facet normal -1.305254e-01  9.914450e-01  0.000000e+00
    outer loop
      vertex  8.715574e-01 -6.496194e+01  1.500000e+01
      vertex  1.736482e+00 -6.484808e+01  2.000000e+01
      vertex  1.736482e+00 -6.484808e+01  1.500000e+01
    endloop
  endfacet
  facet normal -2.164403e-01  9.762959e-01  0.000000e+00
    outer loop
      vertex  1.736482e+00 -6.484808e+01  1.500000e+01
      vertex  1.736482e+00 -6.484808e+01  2.000000e+01
      vertex  2.588191e+00 -6.465926e+01  2.000000e+01
    endloop
  endfacet
  facet normal -2.164403e-01  9.762959e-01  0.000000e+00
    outer loop
      vertex  1.736482e+00 -6.484808e+01  1.500000e+01
      vertex  2.588191e+00 -6.465926e+01  2.000000e+01
      vertex  2.588191e+00 -6.465926e+01  1.500000e+01
    endloop
  endfacet
  facet normal -3.007027e-01  9.537179e-01  0.000000e+00
    outer loop
      vertex  2.588191e+00 -6.465926e+01  1.500000e+01
      vertex  2.588191e+00 -6.465926e+01  2.000000e+01
      vertex  3.420202e+00 -6.439693e+01  2.000000e+01
    endloop
  endfacet
  facet normal -3.007027e-01  9.537179e-01  0.000000e+00
    outer loop
      vertex  2.588191e+00 -6.465926e+01  1.500000e+01
      vertex  3.420202e+00 -6.439693e+01  2.000000e+01
      vertex  3.420202e+00 -6.439693e+01  1.500000e+01
    endloop
  endfacet
  facet normal -3.826823e-01  9.238800e-01  0.000000e+00
    outer loop
      vertex  3.420202e+00 -6.439693e+01  1.500000e+01
      vertex  3.420202e+00 -6.439693e+01  2.000000e+01
      vertex  4.226182e+00 -6.406308e+01  2.000000e+01
    endloop
  endfacet
  facet normal -3.826823e-01  9.238800e-01  0.000000e+00
    outer loop
      vertex  3.420202e+00 -6.439693e+01  1.500000e+01
      vertex  4.226182e+00 -6.406308e+01  2.000000e+01
      vertex  4.226182e+00 -6.406308e+01  1.500000e+01
    endloop
  endfacet
  facet normal -4.617490e-01  8.870106e-01  0.000000e+00
    outer loop
      vertex  4.226182e+00 -6.406308e+01  1.500000e+01
      vertex  4.226182e+00 -6.406308e+01  2.000000e+01
      vertex  5.000000e+00 -6.366026e+01  2.000000e+01
    endloop
  endfacet
  facet normal -4.617490e-01  8.870106e-01  0.000000e+00
    outer loop
      vertex  4.226182e+00 -6.406308e+01  1.500000e+01
      vertex  5.000000e+00 -6.366026e+01  2.000000e+01
      vertex  5.000000e+00 -6.366026e+01  1.500000e+01
    endloop
  endfacet
  facet normal -5.373004e-01  8.433908e-01  0.000000e+00
    outer loop
      vertex  5.000000e+00 -6.366026e+01  1.500000e+01
      vertex  5.000000e+00 -6.366026e+01  2.000000e+01
      vertex  5.735765e+00 -6.319152e+01  2.000000e+01
    endloop
  endfacet
  facet normal -5.373004e-01  8.433908e-01  0.000000e+00
    outer loop
      vertex  5.000000e+00 -6.366026e+01  1.500000e+01
      vertex  5.735765e+00 -6.319152e+01  2.000000e+01
      vertex  5.735765e+00 -6.319152e+01  1.500000e+01
    endloop
  endfacet
  facet normal -6.087605e-01  7.933540e-01  0.000000e+00
    outer loop
      vertex  5.735765e+00 -6.319152e+01  1.500000e+01
      vertex  5.735765e+00 -6.319152e+01  2.000000e+01
      vertex  6.427876e+00 -6.266045e+01  2.000000e+01
    endloop
  endfacet
  facet normal -6.087605e-01  7.933540e-01  0.000000e+00
    outer loop
      vertex  5.735765e+00 -6.319152e+01  1.500000e+01
      vertex  6.427876e+00 -6.266045e+01  2.000000e+01
      vertex  6.427876e+00 -6.266045e+01  1.500000e+01
    endloop
  endfacet
  facet normal -6.755912e-01  7.372763e-01  0.000000e+00
    outer loop
      vertex  6.427876e+00 -6.266045e+01  1.500000e+01
      vertex  6.427876e+00 -6.266045e+01  2.000000e+01
      vertex  7.071068e+00 -6.207107e+01  2.000000e+01
    endloop
  endfacet
  facet normal -6.755912e-01  7.372763e-01  0.000000e+00
    outer loop
      vertex  6.427876e+00 -6.266045e+01  1.500000e+01
      vertex  7.071068e+00 -6.207107e+01  2.000000e+01
      vertex  7.071068e+00 -6.207107e+01  1.500000e+01
    endloop
  endfacet
  facet normal -7.372777e-01  6.755897e-01  0.000000e+00
    outer loop
      vertex  7.071068e+00 -6.207107e+01  1.500000e+01
      vertex  7.071068e+00 -6.207107e+01  2.000000e+01
      vertex  7.660444e+00 -6.142788e+01  2.000000e+01
    endloop
  endfacet
  facet normal -7.372777e-01  6.755897e-01  0.000000e+00
    outer loop
      vertex  7.071068e+00 -6.207107e+01  1.500000e+01
      vertex  7.660444e+00 -6.142788e+01  2.000000e+01
      vertex  7.660444e+00 -6.142788e+01  1.500000e+01
    endloop
  endfacet
  facet normal -7.933533e-01  6.087616e-01  0.000000e+00
    outer loop
      vertex  7.660444e+00 -6.142788e+01  1.500000e+01
      vertex  7.660444e+00 -6.142788e+01  2.000000e+01
      vertex  8.191521e+00 -6.073576e+01  2.000000e+01
    endloop
  endfacet
  facet normal -7.933533e-01  6.087616e-01  0.000000e+00
    outer loop
      vertex  7.660444e+00 -6.142788e+01  1.500000e+01
      vertex  8.191521e+00 -6.073576e+01  2.000000e+01
      vertex  8.191521e+00 -6.073576e+01  1.500000e+01
    endloop
  endfacet
  facet normal -8.433911e-01  5.373002e-01  0.000000e+00
    outer loop
      vertex  8.191521e+00 -6.073576e+01  1.500000e+01
      vertex  8.191521e+00 -6.073576e+01  2.000000e+01
      vertex  8.660254e+00 -6.000000e+01  2.000000e+01
    endloop
  endfacet
  facet normal -8.433911e-01  5.373002e-01  0.000000e+00
    outer loop
      vertex  8.191521e+00 -6.073576e+01  1.500000e+01
      vertex  8.660254e+00 -6.000000e+01  2.000000e+01
      vertex  8.660254e+00 -6.000000e+01  1.500000e+01
    endloop
  endfacet
  facet normal -8.870113e-01  4.617475e-01  0.000000e+00
    outer loop
      vertex  8.660254e+00 -6.000000e+01  1.500000e+01
      vertex  8.660254e+00 -6.000000e+01  2.000000e+01
      vertex  9.063078e+00 -5.922618e+01  2.000000e+01
    endloop
  endfacet
  facet normal -8.870113e-01  4.617475e-01  0.000000e+00
    outer loop
      vertex  8.660254e+00 -6.000000e+01  1.500000e+01
      vertex  9.063078e+00 -5.922618e+01  2.000000e+01
      vertex  9.063078e+00 -5.922618e+01  1.500000e+01
    endloop
  endfacet
  facet normal -9.238796e-01  3.826833e-01  0.000000e+00
    outer loop
      vertex  9.063078e+00 -5.922618e+01  1.500000e+01
      vertex  9.063078e+00 -5.922618e+01  2.000000e+01
      vertex  9.396926e+00 -5.842020e+01  2.000000e+01
    endloop
  endfacet
  facet normal -9.238796e-01  3.826833e-01  0.000000e+00
    outer loop
      vertex  9.063078e+00 -5.922618e+01  1.500000e+01
      vertex  9.396926e+00 -5.842020e+01  2.000000e+01
      vertex  9.396926e+00 -5.842020e+01  1.500000e+01
    endloop
  endfacet
  facet normal -9.537168e-01  3.007066e-01  0.000000e+00
    outer loop
      vertex  9.396926e+00 -5.842020e+01  1.500000e+01
      vertex  9.396926e+00 -5.842020e+01  2.000000e+01
      vertex  9.659258e+00 -5.758819e+01  2.000000e+01
    endloop
  endfacet
  facet normal -9.537168e-01  3.007066e-01  0.000000e+00
    outer loop
      vertex  9.396926e+00 -5.842020e+01  1.500000e+01
      vertex  9.659258e+00 -5.758819e+01  2.000000e+01
      vertex  9.659258e+00 -5.758819e+01  1.500000e+01
    endloop
  endfacet
  facet normal -9.762961e-01  2.164397e-01  0.000000e+00
    outer loop
      vertex  9.659258e+00 -5.758819e+01  1.500000e+01
      vertex  9.659258e+00 -5.758819e+01  2.000000e+01
      vertex  9.848078e+00 -5.673648e+01  2.000000e+01
    endloop
  endfacet
  facet normal -9.762961e-01  2.164397e-01  0.000000e+00
    outer loop
      vertex  9.659258e+00 -5.758819e+01  1.500000e+01
      vertex  9.848078e+00 -5.673648e+01  2.000000e+01
      vertex  9.848078e+00 -5.673648e+01  1.500000e+01
    endloop
  endfacet
  facet normal -9.914448e-01  1.305268e-01  0.000000e+00
    outer loop
      vertex  9.848078e+00 -5.673648e+01  1.500000e+01
      vertex  9.848078e+00 -5.673648e+01  2.000000e+01
      vertex  9.961947e+00 -5.587156e+01  2.000000e+01
    endloop
  endfacet
  facet normal -9.914448e-01  1.305268e-01  0.000000e+00
    outer loop
      vertex  9.848078e+00 -5.673648e+01  1.500000e+01
      vertex  9.961947e+00 -5.587156e+01  2.000000e+01
      vertex  9.961947e+00 -5.587156e+01  1.500000e+01
    endloop
  endfacet
  facet normal -9.990483e-01  4.361878e-02  0.000000e+00
    outer loop
      vertex  9.961947e+00 -5.587156e+01  1.500000e+01
      vertex  9.961947e+00 -5.587156e+01  2.000000e+01
      vertex  1.000000e+01 -5.500000e+01  2.000000e+01
    endloop
  endfacet
  facet normal -9.990483e-01  4.361878e-02  0.000000e+00
    outer loop
      vertex  9.961947e+00 -5.587156e+01  1.500000e+01
      vertex  1.000000e+01 -5.500000e+01  2.000000e+01
      vertex  1.000000e+01 -5.500000e+01  1.500000e+01
    endloop
  endfacet
  facet normal -4.362213e-02  9.990481e-01  6.545509e-17
    outer loop
      vertex  8.715574e-01 -6.496194e+01  2.000000e+01
      vertex  1.715743e-15 -6.500000e+01  1.500000e+01
      vertex  9.218253e-15 -6.500000e+01  2.000000e+01
    endloop
  endfacet
  facet normal  4.362213e-02  9.990481e-01 -6.545509e-17
    outer loop
      vertex  9.218253e-15 -6.500000e+01  2.000000e+01
      vertex  1.715743e-15 -6.500000e+01  1.500000e+01
      vertex -8.715574e-01 -6.496194e+01  1.500000e+01
    endloop
  endfacet
  facet normal  4.362213e-02  9.990481e-01  -0.000000e+00
    outer loop
      vertex  9.218253e-15 -6.500000e+01  2.000000e+01
      vertex -8.715574e-01 -6.496194e+01  1.500000e+01
      vertex -8.715574e-01 -6.496194e+01  2.000000e+01
    endloop
  endfacet
  facet normal  1.305254e-01  9.914450e-01  0.000000e+00
    outer loop
      vertex -8.715574e-01 -6.496194e+01  2.000000e+01
      vertex -8.715574e-01 -6.496194e+01  1.500000e+01
      vertex -1.736482e+00 -6.484808e+01  1.500000e+01
    endloop
  endfacet
  facet normal  1.305254e-01  9.914450e-01  -0.000000e+00
    outer loop
      vertex -8.715574e-01 -6.496194e+01  2.000000e+01
      vertex -1.736482e+00 -6.484808e+01  1.500000e+01
      vertex -1.736482e+00 -6.484808e+01  2.000000e+01
    endloop
  endfacet
  facet normal  2.164403e-01  9.762959e-01  0.000000e+00
    outer loop
      vertex -1.736482e+00 -6.484808e+01  2.000000e+01
      vertex -1.736482e+00 -6.484808e+01  1.500000e+01
      vertex -2.588191e+00 -6.465926e+01  1.500000e+01
    endloop
  endfacet
  facet normal  2.164403e-01  9.762959e-01  -0.000000e+00
    outer loop
      vertex -1.736482e+00 -6.484808e+01  2.000000e+01
      vertex -2.588191e+00 -6.465926e+01  1.500000e+01
      vertex -2.588191e+00 -6.465926e+01  2.000000e+01
    endloop
  endfacet
  facet normal  3.007027e-01  9.537179e-01  0.000000e+00
    outer loop
      vertex -2.588191e+00 -6.465926e+01  2.000000e+01
      vertex -2.588191e+00 -6.465926e+01  1.500000e+01
      vertex -3.420202e+00 -6.439693e+01  1.500000e+01
    endloop
  endfacet
  facet normal  3.007027e-01  9.537179e-01  -0.000000e+00
    outer loop
      vertex -2.588191e+00 -6.465926e+01  2.000000e+01
      vertex -3.420202e+00 -6.439693e+01  1.500000e+01
      vertex -3.420202e+00 -6.439693e+01  2.000000e+01
    endloop
  endfacet
  facet normal  3.826823e-01  9.238800e-01  0.000000e+00
    outer loop
      vertex -3.420202e+00 -6.439693e+01  2.000000e+01
      vertex -3.420202e+00 -6.439693e+01  1.500000e+01
      vertex -4.226182e+00 -6.406308e+01  1.500000e+01
    endloop
  endfacet
  facet normal  3.826823e-01  9.238800e-01  -0.000000e+00
    outer loop
      vertex -3.420202e+00 -6.439693e+01  2.000000e+01
      vertex -4.226182e+00 -6.406308e+01  1.500000e+01
      vertex -4.226182e+00 -6.406308e+01  2.000000e+01
    endloop
  endfacet
  facet normal  4.617490e-01  8.870106e-01  0.000000e+00
    outer loop
      vertex -4.226182e+00 -6.406308e+01  2.000000e+01
      vertex -4.226182e+00 -6.406308e+01  1.500000e+01
      vertex -5.000000e+00 -6.366026e+01  1.500000e+01
    endloop
  endfacet
  facet normal  4.617490e-01  8.870106e-01  -0.000000e+00
    outer loop
      vertex -4.226182e+00 -6.406308e+01  2.000000e+01
      vertex -5.000000e+00 -6.366026e+01  1.500000e+01
      vertex -5.000000e+00 -6.366026e+01  2.000000e+01
    endloop
  endfacet
  facet normal  5.373004e-01  8.433908e-01  0.000000e+00
    outer loop
      vertex -5.000000e+00 -6.366026e+01  2.000000e+01
      vertex -5.000000e+00 -6.366026e+01  1.500000e+01
      vertex -5.735765e+00 -6.319152e+01  1.500000e+01
    endloop
  endfacet
  facet normal  5.373004e-01  8.433908e-01  -0.000000e+00
    outer loop
      vertex -5.000000e+00 -6.366026e+01  2.000000e+01
      vertex -5.735765e+00 -6.319152e+01  1.500000e+01
      vertex -5.735765e+00 -6.319152e+01  2.000000e+01
    endloop
  endfacet
  facet normal  6.087605e-01  7.933540e-01  0.000000e+00
    outer loop
      vertex -5.735765e+00 -6.319152e+01  2.000000e+01
      vertex -5.735765e+00 -6.319152e+01  1.500000e+01
      vertex -6.427876e+00 -6.266045e+01  1.500000e+01
    endloop
  endfacet
  facet normal  6.087605e-01  7.933540e-01  -0.000000e+00
    outer loop
      vertex -5.735765e+00 -6.319152e+01  2.000000e+01
      vertex -6.427876e+00 -6.266045e+01  1.500000e+01
      vertex -6.427876e+00 -6.266045e+01  2.000000e+01
    endloop
  endfacet
  facet normal  6.755912e-01  7.372763e-01  0.000000e+00
    outer loop
      vertex -6.427876e+00 -6.266045e+01  2.000000e+01
      vertex -6.427876e+00 -6.266045e+01  1.500000e+01
      vertex -7.071068e+00 -6.207107e+01  1.500000e+01
    endloop
  endfacet
  facet normal  6.755912e-01  7.372763e-01  -0.000000e+00
    outer loop
      vertex -6.427876e+00 -6.266045e+01  2.000000e+01
      vertex -7.071068e+00 -6.207107e+01  1.500000e+01
      vertex -7.071068e+00 -6.207107e+01  2.000000e+01
    endloop
  endfacet
  facet normal  7.372777e-01  6.755897e-01  0.000000e+00
    outer loop
      vertex -7.071068e+00 -6.207107e+01  2.000000e+01
      vertex -7.071068e+00 -6.207107e+01  1.500000e+01
      vertex -7.660444e+00 -6.142788e+01  1.500000e+01
    endloop
  endfacet
  facet normal  7.372777e-01  6.755897e-01  -0.000000e+00
    outer loop
      vertex -7.071068e+00 -6.207107e+01  2.000000e+01
      vertex -7.660444e+00 -6.142788e+01  1.500000e+01
      vertex -7.660444e+00 -6.142788e+01  2.000000e+01
    endloop
  endfacet
  facet normal  7.933533e-01  6.087616e-01  0.000000e+00
    outer loop
      vertex -7.660444e+00 -6.142788e+01  2.000000e+01
      vertex -7.660444e+00 -6.142788e+01  1.500000e+01
      vertex -8.191521e+00 -6.073576e+01  1.500000e+01
    endloop
  endfacet
  facet normal  7.933533e-01  6.087616e-01  -0.000000e+00
    outer loop
      vertex -7.660444e+00 -6.142788e+01  2.000000e+01
      vertex -8.191521e+00 -6.073576e+01  1.500000e+01
      vertex -8.191521e+00 -6.073576e+01  2.000000e+01
    endloop
  endfacet
  facet normal  8.433911e-01  5.373002e-01  0.000000e+00
    outer loop
      vertex -8.191521e+00 -6.073576e+01  2.000000e+01
      vertex -8.191521e+00 -6.073576e+01  1.500000e+01
      vertex -8.660254e+00 -6.000000e+01  1.500000e+01
    endloop
  endfacet
  facet normal  8.433911e-01  5.373002e-01  -0.000000e+00
    outer loop
      vertex -8.191521e+00 -6.073576e+01  2.000000e+01
      vertex -8.660254e+00 -6.000000e+01  1.500000e+01
      vertex -8.660254e+00 -6.000000e+01  2.000000e+01
    endloop
  endfacet
  facet normal  8.870113e-01  4.617475e-01  0.000000e+00
    outer loop
      vertex -8.660254e+00 -6.000000e+01  2.000000e+01
      vertex -8.660254e+00 -6.000000e+01  1.500000e+01
      vertex -9.063078e+00 -5.922618e+01  1.500000e+01
    endloop
  endfacet
  facet normal  8.870113e-01  4.617475e-01  -0.000000e+00
    outer loop
      vertex -8.660254e+00 -6.000000e+01  2.000000e+01
      vertex -9.063078e+00 -5.922618e+01  1.500000e+01
      vertex -9.063078e+00 -5.922618e+01  2.000000e+01
    endloop
  endfacet
  facet normal  9.238796e-01  3.826833e-01  0.000000e+00
    outer loop
      vertex -9.063078e+00 -5.922618e+01  2.000000e+01
      vertex -9.063078e+00 -5.922618e+01  1.500000e+01
      vertex -9.396926e+00 -5.842020e+01  1.500000e+01
    endloop
  endfacet
  facet normal  9.238796e-01  3.826833e-01  -0.000000e+00
    outer loop
      vertex -9.063078e+00 -5.922618e+01  2.000000e+01
      vertex -9.396926e+00 -5.842020e+01  1.500000e+01
      vertex -9.396926e+00 -5.842020e+01  2.000000e+01
    endloop
  endfacet
  facet normal  9.537168e-01  3.007066e-01  0.000000e+00
    outer loop
      vertex -9.396926e+00 -5.842020e+01  2.000000e+01
      vertex -9.396926e+00 -5.842020e+01  1.500000e+01
      vertex -9.659258e+00 -5.758819e+01  1.500000e+01
    endloop
  endfacet
  facet normal  9.537168e-01  3.007066e-01  -0.000000e+00
    outer loop
      vertex -9.396926e+00 -5.842020e+01  2.000000e+01
      vertex -9.659258e+00 -5.758819e+01  1.500000e+01
      vertex -9.659258e+00 -5.758819e+01  2.000000e+01
    endloop
  endfacet
  facet normal  9.762961e-01  2.164397e-01  0.000000e+00
    outer loop
      vertex -9.659258e+00 -5.758819e+01  2.000000e+01
      vertex -9.659258e+00 -5.758819e+01  1.500000e+01
      vertex -9.848078e+00 -5.673648e+01  1.500000e+01
    endloop
  endfacet
  facet normal  9.762961e-01  2.164397e-01  -0.000000e+00
    outer loop
      vertex -9.659258e+00 -5.758819e+01  2.000000e+01
      vertex -9.848078e+00 -5.673648e+01  1.500000e+01
      vertex -9.848078e+00 -5.673648e+01  2.000000e+01
    endloop
  endfacet
  facet normal  9.914448e-01  1.305268e-01  0.000000e+00
    outer loop
      vertex -9.848078e+00 -5.673648e+01  2.000000e+01
      vertex -9.848078e+00 -5.673648e+01  1.500000e+01
      vertex -9.961947e+00 -5.587156e+01  1.500000e+01
    endloop
  endfacet
  facet normal  9.914448e-01  1.305268e-01  -0.000000e+00
    outer loop
      vertex -9.848078e+00 -5.673648e+01  2.000000e+01
      vertex -9.961947e+00 -5.587156e+01  1.500000e+01
      vertex -9.961947e+00 -5.587156e+01  2.000000e+01
    endloop
  endfacet
  facet normal  9.990483e-01  4.361878e-02  0.000000e+00
    outer loop
      vertex -9.961947e+00 -5.587156e+01  2.000000e+01
      vertex -9.961947e+00 -5.587156e+01  1.500000e+01
      vertex -1.000000e+01 -5.500000e+01  1.500000e+01
    endloop
  endfacet
  facet normal  9.990483e-01  4.361878e-02  -0.000000e+00
    outer loop
      vertex -9.961947e+00 -5.587156e+01  2.000000e+01
      vertex -1.000000e+01 -5.500000e+01  1.500000e+01
      vertex -1.000000e+01 -5.500000e+01  2.000000e+01
    endloop
  endfacet
  facet normal  -0.000000e+00  0.000000e+00  1.000000e+00
    outer loop
      vertex -4.114497e+00 -6.066312e+01  1.500000e+01
      vertex -8.191521e+00 -6.073576e+01  1.500000e+01
      vertex -3.500000e+00 -6.106218e+01  1.500000e+01
    endloop
  endfacet
  facet normal  0.000000e+00  0.000000e+00  9.999999e-01
    outer loop
      vertex  8.191521e+00 -6.073576e+01  1.500000e+01
      vertex  4.114497e+00 -6.066312e+01  1.500000e+01
      vertex  3.500000e+00 -6.106218e+01  1.500000e+01
    endloop
  endfacet
  facet normal  0.000000e+00  0.000000e+00  1.000000e+00
    outer loop
      vertex  2.266834e-15 -6.200000e+01  1.500000e+01
      vertex -7.316992e-01 -6.196165e+01  1.500000e+01
      vertex -7.071068e+00 -6.207107e+01  1.500000e+01
    endloop
  endfacet
  facet normal  -0.000000e+00  0.000000e+00  1.000000e+00
    outer loop
      vertex  2.266834e-15 -6.200000e+01  1.500000e+01
      vertex -7.071068e+00 -6.207107e+01  1.500000e+01
      vertex -6.427876e+00 -6.266045e+01  1.500000e+01
    endloop
  endfacet
  facet normal  -0.000000e+00  0.000000e+00  1.000000e+00
    outer loop
      vertex  2.266834e-15 -6.200000e+01  1.500000e+01
      vertex -6.427876e+00 -6.266045e+01  1.500000e+01
      vertex -5.735765e+00 -6.319152e+01  1.500000e+01
    endloop
  endfacet
  facet normal  -0.000000e+00  0.000000e+00  9.999999e-01
    outer loop
      vertex  2.266834e-15 -6.200000e+01  1.500000e+01
      vertex -5.735765e+00 -6.319152e+01  1.500000e+01
      vertex -5.000000e+00 -6.366026e+01  1.500000e+01
    endloop
  endfacet
  facet normal  -0.000000e+00  0.000000e+00  1.000000e+00
    outer loop
      vertex  2.266834e-15 -6.200000e+01  1.500000e+01
      vertex -5.000000e+00 -6.366026e+01  1.500000e+01
      vertex -4.226182e+00 -6.406308e+01  1.500000e+01
    endloop
  endfacet
  facet normal  -0.000000e+00  0.000000e+00  1.000000e+00
    outer loop
      vertex  2.266834e-15 -6.200000e+01  1.500000e+01
      vertex -4.226182e+00 -6.406308e+01  1.500000e+01
      vertex -3.420202e+00 -6.439693e+01  1.500000e+01
    endloop
  endfacet
  facet normal  -0.000000e+00  0.000000e+00  1.000000e+00
    outer loop
      vertex  2.266834e-15 -6.200000e+01  1.500000e+01
      vertex -3.420202e+00 -6.439693e+01  1.500000e+01
      vertex -2.588191e+00 -6.465926e+01  1.500000e+01
    endloop
  endfacet
  facet normal  -0.000000e+00  0.000000e+00  1.000000e+00
    outer loop
      vertex  2.266834e-15 -6.200000e+01  1.500000e+01
      vertex -2.588191e+00 -6.465926e+01  1.500000e+01
      vertex -1.736482e+00 -6.484808e+01  1.500000e+01
    endloop
  endfacet
  facet normal  -0.000000e+00  0.000000e+00  9.999999e-01
    outer loop
      vertex  2.266834e-15 -6.200000e+01  1.500000e+01
      vertex -1.736482e+00 -6.484808e+01  1.500000e+01
      vertex -8.715574e-01 -6.496194e+01  1.500000e+01
    endloop
  endfacet
  facet normal  -0.000000e+00  0.000000e+00  1.000000e+00
    outer loop
      vertex  2.266834e-15 -6.200000e+01  1.500000e+01
      vertex -8.715574e-01 -6.496194e+01  1.500000e+01
      vertex  1.715743e-15 -6.500000e+01  1.500000e+01
    endloop
  endfacet
  facet normal  0.000000e+00  0.000000e+00  1.000000e+00
    outer loop
      vertex  2.266834e-15 -6.200000e+01  1.500000e+01
      vertex  1.715743e-15 -6.500000e+01  1.500000e+01
      vertex  8.715574e-01 -6.496194e+01  1.500000e+01
    endloop
  endfacet
  facet normal  0.000000e+00  -0.000000e+00  1.000000e+00
    outer loop
      vertex  2.266834e-15 -6.200000e+01  1.500000e+01
      vertex  8.715574e-01 -6.496194e+01  1.500000e+01
      vertex  1.736482e+00 -6.484808e+01  1.500000e+01
    endloop
  endfacet
  facet normal  0.000000e+00  -0.000000e+00  1.000000e+00
    outer loop
      vertex  2.266834e-15 -6.200000e+01  1.500000e+01
      vertex  1.736482e+00 -6.484808e+01  1.500000e+01
      vertex  2.588191e+00 -6.465926e+01  1.500000e+01
    endloop
  endfacet
  facet normal  0.000000e+00  -0.000000e+00  1.000000e+00
    outer loop
      vertex  2.266834e-15 -6.200000e+01  1.500000e+01
      vertex  2.588191e+00 -6.465926e+01  1.500000e+01
      vertex  3.420202e+00 -6.439693e+01  1.500000e+01
    endloop
  endfacet
  facet normal  0.000000e+00  -0.000000e+00  1.000000e+00
    outer loop
      vertex  2.266834e-15 -6.200000e+01  1.500000e+01
      vertex  3.420202e+00 -6.439693e+01  1.500000e+01
      vertex  4.226182e+00 -6.406308e+01  1.500000e+01
    endloop
  endfacet
  facet normal  0.000000e+00  -0.000000e+00  1.000000e+00
    outer loop
      vertex  2.266834e-15 -6.200000e+01  1.500000e+01
      vertex  4.226182e+00 -6.406308e+01  1.500000e+01
      vertex  5.000000e+00 -6.366026e+01  1.500000e+01
    endloop
  endfacet
  facet normal  0.000000e+00  -0.000000e+00  9.999999e-01
    outer loop
      vertex  2.266834e-15 -6.200000e+01  1.500000e+01
      vertex  5.000000e+00 -6.366026e+01  1.500000e+01
      vertex  5.735765e+00 -6.319152e+01  1.500000e+01
    endloop
  endfacet
  facet normal  0.000000e+00  -0.000000e+00  1.000000e+00
    outer loop
      vertex  2.266834e-15 -6.200000e+01  1.500000e+01
      vertex  5.735765e+00 -6.319152e+01  1.500000e+01
      vertex  6.427876e+00 -6.266045e+01  1.500000e+01
    endloop
  endfacet
  facet normal  0.000000e+00  -0.000000e+00  1.000000e+00
    outer loop
      vertex  2.266834e-15 -6.200000e+01  1.500000e+01
      vertex  6.427876e+00 -6.266045e+01  1.500000e+01
      vertex  7.071068e+00 -6.207107e+01  1.500000e+01
    endloop
  endfacet
  facet normal  0.000000e+00  0.000000e+00  1.000000e+00
    outer loop
      vertex  2.266834e-15 -6.200000e+01  1.500000e+01
      vertex  7.071068e+00 -6.207107e+01  1.500000e+01
      vertex  7.316992e-01 -6.196165e+01  1.500000e+01
    endloop
  endfacet
  facet normal  -0.000000e+00  0.000000e+00  1.000000e+00
    outer loop
      vertex -7.071068e+00 -4.792893e+01  1.500000e+01
      vertex -7.660444e+00 -4.857212e+01  1.500000e+01
      vertex -2.847157e+00 -4.860518e+01  1.500000e+01
    endloop
  endfacet
  facet normal  0.000000e+00  -0.000000e+00  9.999999e-01
    outer loop
      vertex -7.071068e+00 -4.792893e+01  1.500000e+01
      vertex -2.847157e+00 -4.860518e+01  1.500000e+01
      vertex -2.163119e+00 -4.834261e+01  1.500000e+01
    endloop
  endfacet
  facet normal  0.000000e+00  -0.000000e+00  1.000000e+00
    outer loop
      vertex -7.071068e+00 -4.792893e+01  1.500000e+01
      vertex -2.163119e+00 -4.834261e+01  1.500000e+01
      vertex -1.455382e+00 -4.815297e+01  1.500000e+01
    endloop
  endfacet
  facet normal  0.000000e+00  -0.000000e+00  1.000000e+00
    outer loop
      vertex -7.071068e+00 -4.792893e+01  1.500000e+01
      vertex -1.455382e+00 -4.815297e+01  1.500000e+01
      vertex -7.316992e-01 -4.803835e+01  1.500000e+01
    endloop
  endfacet
  facet normal  0.000000e+00  -0.000000e+00  1.000000e+00
    outer loop
      vertex -7.071068e+00 -4.792893e+01  1.500000e+01
      vertex -7.316992e-01 -4.803835e+01  1.500000e+01
      vertex  3.981340e-15 -4.800000e+01  1.500000e+01
    endloop
  endfacet
  facet normal  0.000000e+00  -0.000000e+00  1.000000e+00
    outer loop
      vertex -7.071068e+00 -4.792893e+01  1.500000e+01
      vertex  3.981340e-15 -4.800000e+01  1.500000e+01
      vertex  4.165037e-15 -4.500000e+01  1.500000e+01
    endloop
  endfacet
  facet normal  -0.000000e+00  0.000000e+00  1.000000e+00
    outer loop
      vertex  4.165037e-15 -4.500000e+01  1.500000e+01
      vertex -8.715574e-01 -4.503805e+01  1.500000e+01
      vertex -1.736482e+00 -4.515192e+01  1.500000e+01
    endloop
  endfacet
  facet normal  -0.000000e+00  0.000000e+00  1.000000e+00
    outer loop
      vertex  4.165037e-15 -4.500000e+01  1.500000e+01
      vertex -1.736482e+00 -4.515192e+01  1.500000e+01
      vertex -2.588191e+00 -4.534074e+01  1.500000e+01
    endloop
  endfacet
  facet normal  -0.000000e+00  0.000000e+00  1.000000e+00
    outer loop
      vertex  4.165037e-15 -4.500000e+01  1.500000e+01
      vertex -2.588191e+00 -4.534074e+01  1.500000e+01
      vertex -3.420202e+00 -4.560307e+01  1.500000e+01
    endloop
  endfacet
  facet normal  -0.000000e+00  0.000000e+00  1.000000e+00
    outer loop
      vertex  4.165037e-15 -4.500000e+01  1.500000e+01
      vertex -3.420202e+00 -4.560307e+01  1.500000e+01
      vertex -4.226182e+00 -4.593692e+01  1.500000e+01
    endloop
  endfacet
  facet normal  -0.000000e+00  0.000000e+00  1.000000e+00
    outer loop
      vertex  4.165037e-15 -4.500000e+01  1.500000e+01
      vertex -4.226182e+00 -4.593692e+01  1.500000e+01
      vertex -5.000000e+00 -4.633974e+01  1.500000e+01
    endloop
  endfacet
  facet normal  -0.000000e+00  0.000000e+00  1.000000e+00
    outer loop
      vertex  4.165037e-15 -4.500000e+01  1.500000e+01
      vertex -5.000000e+00 -4.633974e+01  1.500000e+01
      vertex -5.735765e+00 -4.680848e+01  1.500000e+01
    endloop
  endfacet
  facet normal  -0.000000e+00  0.000000e+00  9.999999e-01
    outer loop
      vertex  4.165037e-15 -4.500000e+01  1.500000e+01
      vertex -5.735765e+00 -4.680848e+01  1.500000e+01
      vertex -6.427876e+00 -4.733955e+01  1.500000e+01
    endloop
  endfacet
  facet normal  -0.000000e+00  0.000000e+00  1.000000e+00
    outer loop
      vertex  4.165037e-15 -4.500000e+01  1.500000e+01
      vertex -6.427876e+00 -4.733955e+01  1.500000e+01
      vertex -7.071068e+00 -4.792893e+01  1.500000e+01
    endloop
  endfacet
  facet normal  -0.000000e+00  0.000000e+00  9.999999e-01
    outer loop
      vertex  7.071068e+00 -4.792893e+01  1.500000e+01
      vertex  3.981340e-15 -4.800000e+01  1.500000e+01
      vertex  7.316992e-01 -4.803835e+01  1.500000e+01
    endloop
  endfacet
  facet normal  -0.000000e+00  0.000000e+00  1.000000e+00
    outer loop
      vertex  7.071068e+00 -4.792893e+01  1.500000e+01
      vertex  7.316992e-01 -4.803835e+01  1.500000e+01
      vertex  1.455382e+00 -4.815297e+01  1.500000e+01
    endloop
  endfacet
  facet normal  -0.000000e+00  0.000000e+00  1.000000e+00
    outer loop
      vertex  7.071068e+00 -4.792893e+01  1.500000e+01
      vertex  1.455382e+00 -4.815297e+01  1.500000e+01
      vertex  2.163119e+00 -4.834261e+01  1.500000e+01
    endloop
  endfacet
  facet normal  -0.000000e+00  0.000000e+00  1.000000e+00
    outer loop
      vertex  7.071068e+00 -4.792893e+01  1.500000e+01
      vertex  2.163119e+00 -4.834261e+01  1.500000e+01
      vertex  2.847157e+00 -4.860518e+01  1.500000e+01
    endloop
  endfacet
  facet normal  0.000000e+00  0.000000e+00  9.999999e-01
    outer loop
      vertex  7.071068e+00 -4.792893e+01  1.500000e+01
      vertex  2.847157e+00 -4.860518e+01  1.500000e+01
      vertex  7.660444e+00 -4.857212e+01  1.500000e+01
    endloop
  endfacet
  facet normal  0.000000e+00  0.000000e+00  1.000000e+00
    outer loop
      vertex  4.165037e-15 -4.500000e+01  1.500000e+01
      vertex  3.981340e-15 -4.800000e+01  1.500000e+01
      vertex  7.071068e+00 -4.792893e+01  1.500000e+01
    endloop
  endfacet
  facet normal  0.000000e+00  0.000000e+00  1.000000e+00
    outer loop
      vertex  4.165037e-15 -4.500000e+01  1.500000e+01
      vertex  7.071068e+00 -4.792893e+01  1.500000e+01
      vertex  6.427876e+00 -4.733955e+01  1.500000e+01
    endloop
  endfacet
  facet normal  0.000000e+00  0.000000e+00  9.999999e-01
    outer loop
      vertex  4.165037e-15 -4.500000e+01  1.500000e+01
      vertex  6.427876e+00 -4.733955e+01  1.500000e+01
      vertex  5.735765e+00 -4.680848e+01  1.500000e+01
    endloop
  endfacet
  facet normal  0.000000e+00  0.000000e+00  1.000000e+00
    outer loop
      vertex  4.165037e-15 -4.500000e+01  1.500000e+01
      vertex  5.735765e+00 -4.680848e+01  1.500000e+01
      vertex  5.000000e+00 -4.633974e+01  1.500000e+01
    endloop
  endfacet
  facet normal  0.000000e+00  0.000000e+00  1.000000e+00
    outer loop
      vertex  4.165037e-15 -4.500000e+01  1.500000e+01
      vertex  5.000000e+00 -4.633974e+01  1.500000e+01
      vertex  4.226182e+00 -4.593692e+01  1.500000e+01
    endloop
  endfacet
  facet normal  0.000000e+00  0.000000e+00  1.000000e+00
    outer loop
      vertex  4.165037e-15 -4.500000e+01  1.500000e+01
      vertex  4.226182e+00 -4.593692e+01  1.500000e+01
      vertex  3.420202e+00 -4.560307e+01  1.500000e+01
    endloop
  endfacet
  facet normal  0.000000e+00  0.000000e+00  1.000000e+00
    outer loop
      vertex  4.165037e-15 -4.500000e+01  1.500000e+01
      vertex  3.420202e+00 -4.560307e+01  1.500000e+01
      vertex  2.588191e+00 -4.534074e+01  1.500000e+01
    endloop
  endfacet
  facet normal  0.000000e+00  0.000000e+00  1.000000e+00
    outer loop
      vertex  4.165037e-15 -4.500000e+01  1.500000e+01
      vertex  2.588191e+00 -4.534074e+01  1.500000e+01
      vertex  1.736482e+00 -4.515192e+01  1.500000e+01
    endloop
  endfacet
  facet normal  0.000000e+00  0.000000e+00  1.000000e+00
    outer loop
      vertex  4.165037e-15 -4.500000e+01  1.500000e+01
      vertex  1.736482e+00 -4.515192e+01  1.500000e+01
      vertex  8.715574e-01 -4.503805e+01  1.500000e+01
    endloop
  endfacet
  facet normal  0.000000e+00  0.000000e+00  1.000000e+00
    outer loop
      vertex -2.163119e+00 -6.165739e+01  1.500000e+01
      vertex -7.660444e+00 -6.142788e+01  1.500000e+01
      vertex -1.455382e+00 -6.184703e+01  1.500000e+01
    endloop
  endfacet
  facet normal  0.000000e+00  0.000000e+00  9.999999e-01
    outer loop
      vertex -1.455382e+00 -6.184703e+01  1.500000e+01
      vertex -7.660444e+00 -6.142788e+01  1.500000e+01
      vertex -7.071068e+00 -6.207107e+01  1.500000e+01
    endloop
  endfacet
  facet normal  0.000000e+00  0.000000e+00  1.000000e+00
    outer loop
      vertex -1.455382e+00 -6.184703e+01  1.500000e+01
      vertex -7.071068e+00 -6.207107e+01  1.500000e+01
      vertex -7.316992e-01 -6.196165e+01  1.500000e+01
    endloop
  endfacet
  facet normal  0.000000e+00  0.000000e+00  1.000000e+00
    outer loop
      vertex -2.163119e+00 -6.165739e+01  1.500000e+01
      vertex -2.847157e+00 -6.139482e+01  1.500000e+01
      vertex -7.660444e+00 -6.142788e+01  1.500000e+01
    endloop
  endfacet
  facet normal  0.000000e+00  0.000000e+00  9.999999e-01
    outer loop
      vertex -7.660444e+00 -6.142788e+01  1.500000e+01
      vertex -2.847157e+00 -6.139482e+01  1.500000e+01
      vertex -3.500000e+00 -6.106218e+01  1.500000e+01
    endloop
  endfacet
  facet normal  0.000000e+00  0.000000e+00  9.999999e-01
    outer loop
      vertex -7.660444e+00 -6.142788e+01  1.500000e+01
      vertex -3.500000e+00 -6.106218e+01  1.500000e+01
      vertex -8.191521e+00 -6.073576e+01  1.500000e+01
    endloop
  endfacet
  facet normal  -0.000000e+00  0.000000e+00  1.000000e+00
    outer loop
      vertex -5.663119e+00 -5.911450e+01  1.500000e+01
      vertex -9.063078e+00 -5.922618e+01  1.500000e+01
      vertex -5.202014e+00 -5.968391e+01  1.500000e+01
    endloop
  endfacet
  facet normal  0.000000e+00  0.000000e+00  1.000000e+00
    outer loop
      vertex -5.202014e+00 -5.968391e+01  1.500000e+01
      vertex -9.063078e+00 -5.922618e+01  1.500000e+01
      vertex -8.660254e+00 -6.000000e+01  1.500000e+01
    endloop
  endfacet
  facet normal  -0.000000e+00  0.000000e+00  1.000000e+00
    outer loop
      vertex -5.202014e+00 -5.968391e+01  1.500000e+01
      vertex -8.660254e+00 -6.000000e+01  1.500000e+01
      vertex -4.683914e+00 -6.020201e+01  1.500000e+01
    endloop
  endfacet
  facet normal  0.000000e+00  0.000000e+00  1.000000e+00
    outer loop
      vertex -4.683914e+00 -6.020201e+01  1.500000e+01
      vertex -8.660254e+00 -6.000000e+01  1.500000e+01
      vertex -8.191521e+00 -6.073576e+01  1.500000e+01
    endloop
  endfacet
  facet normal  0.000000e+00  0.000000e+00  1.000000e+00
    outer loop
      vertex -4.683914e+00 -6.020201e+01  1.500000e+01
      vertex -8.191521e+00 -6.073576e+01  1.500000e+01
      vertex -4.114497e+00 -6.066312e+01  1.500000e+01
    endloop
  endfacet
  facet normal  -0.000000e+00  0.000000e+00  1.000000e+00
    outer loop
      vertex -6.847033e+00 -5.645538e+01  1.500000e+01
      vertex -9.848078e+00 -5.673648e+01  1.500000e+01
      vertex -6.657396e+00 -5.716312e+01  1.500000e+01
    endloop
  endfacet
  facet normal  0.000000e+00  0.000000e+00  1.000000e+00
    outer loop
      vertex -6.657396e+00 -5.716312e+01  1.500000e+01
      vertex -9.848078e+00 -5.673648e+01  1.500000e+01
      vertex -9.659258e+00 -5.758819e+01  1.500000e+01
    endloop
  endfacet
  facet normal  -0.000000e+00  0.000000e+00  1.000000e+00
    outer loop
      vertex -6.657396e+00 -5.716312e+01  1.500000e+01
      vertex -9.659258e+00 -5.758819e+01  1.500000e+01
      vertex -6.394818e+00 -5.784716e+01  1.500000e+01
    endloop
  endfacet
  facet normal  0.000000e+00  0.000000e+00  9.999999e-01
    outer loop
      vertex -6.394818e+00 -5.784716e+01  1.500000e+01
      vertex -9.659258e+00 -5.758819e+01  1.500000e+01
      vertex -9.396926e+00 -5.842020e+01  1.500000e+01
    endloop
  endfacet
  facet normal  -0.000000e+00  0.000000e+00  1.000000e+00
    outer loop
      vertex -6.394818e+00 -5.784716e+01  1.500000e+01
      vertex -9.396926e+00 -5.842020e+01  1.500000e+01
      vertex -6.062178e+00 -5.850000e+01  1.500000e+01
    endloop
  endfacet
  facet normal  0.000000e+00  0.000000e+00  1.000000e+00
    outer loop
      vertex -6.062178e+00 -5.850000e+01  1.500000e+01
      vertex -9.396926e+00 -5.842020e+01  1.500000e+01
      vertex -9.063078e+00 -5.922618e+01  1.500000e+01
    endloop
  endfacet
  facet normal  0.000000e+00  0.000000e+00  1.000000e+00
    outer loop
      vertex -6.062178e+00 -5.850000e+01  1.500000e+01
      vertex -9.063078e+00 -5.922618e+01  1.500000e+01
      vertex -5.663119e+00 -5.911450e+01  1.500000e+01
    endloop
  endfacet
  facet normal  -0.000000e+00  0.000000e+00  1.000000e+00
    outer loop
      vertex -6.394818e+00 -5.215284e+01  1.500000e+01
      vertex -9.659258e+00 -5.241181e+01  1.500000e+01
      vertex -6.657396e+00 -5.283688e+01  1.500000e+01
    endloop
  endfacet
  facet normal  0.000000e+00  0.000000e+00  1.000000e+00
    outer loop
      vertex -6.657396e+00 -5.283688e+01  1.500000e+01
      vertex -9.659258e+00 -5.241181e+01  1.500000e+01
      vertex -9.848078e+00 -5.326352e+01  1.500000e+01
    endloop
  endfacet
  facet normal  -0.000000e+00  0.000000e+00  1.000000e+00
    outer loop
      vertex -6.657396e+00 -5.283688e+01  1.500000e+01
      vertex -9.848078e+00 -5.326352e+01  1.500000e+01
      vertex -6.847033e+00 -5.354462e+01  1.500000e+01
    endloop
  endfacet
  facet normal  0.000000e+00  0.000000e+00  1.000000e+00
    outer loop
      vertex -6.847033e+00 -5.354462e+01  1.500000e+01
      vertex -9.848078e+00 -5.326352e+01  1.500000e+01
      vertex -9.961947e+00 -5.412844e+01  1.500000e+01
    endloop
  endfacet
  facet normal  -0.000000e+00  0.000000e+00  1.000000e+00
    outer loop
      vertex -6.847033e+00 -5.354462e+01  1.500000e+01
      vertex -9.961947e+00 -5.412844e+01  1.500000e+01
      vertex -6.961653e+00 -5.426830e+01  1.500000e+01
    endloop
  endfacet
  facet normal  0.000000e+00  0.000000e+00  1.000000e+00
    outer loop
      vertex -6.961653e+00 -5.426830e+01  1.500000e+01
      vertex -9.961947e+00 -5.412844e+01  1.500000e+01
      vertex -1.000000e+01 -5.500000e+01  1.500000e+01
    endloop
  endfacet
  facet normal  0.000000e+00  0.000000e+00  1.000000e+00
    outer loop
      vertex -6.961653e+00 -5.426830e+01  1.500000e+01
      vertex -1.000000e+01 -5.500000e+01  1.500000e+01
      vertex -7.000000e+00 -5.500000e+01  1.500000e+01
    endloop
  endfacet
  facet normal  0.000000e+00  0.000000e+00  1.000000e+00
    outer loop
      vertex -7.000000e+00 -5.500000e+01  1.500000e+01
      vertex -1.000000e+01 -5.500000e+01  1.500000e+01
      vertex -9.961947e+00 -5.587156e+01  1.500000e+01
    endloop
  endfacet
  facet normal  0.000000e+00  0.000000e+00  1.000000e+00
    outer loop
      vertex -7.000000e+00 -5.500000e+01  1.500000e+01
      vertex -9.961947e+00 -5.587156e+01  1.500000e+01
      vertex -6.961653e+00 -5.573170e+01  1.500000e+01
    endloop
  endfacet
  facet normal  0.000000e+00  0.000000e+00  1.000000e+00
    outer loop
      vertex -6.961653e+00 -5.573170e+01  1.500000e+01
      vertex -9.961947e+00 -5.587156e+01  1.500000e+01
      vertex -9.848078e+00 -5.673648e+01  1.500000e+01
    endloop
  endfacet
  facet normal  0.000000e+00  0.000000e+00  1.000000e+00
    outer loop
      vertex -6.961653e+00 -5.573170e+01  1.500000e+01
      vertex -9.848078e+00 -5.673648e+01  1.500000e+01
      vertex -6.847033e+00 -5.645538e+01  1.500000e+01
    endloop
  endfacet
  facet normal  -0.000000e+00  0.000000e+00  1.000000e+00
    outer loop
      vertex -4.683914e+00 -4.979799e+01  1.500000e+01
      vertex -8.660254e+00 -5.000000e+01  1.500000e+01
      vertex -5.202014e+00 -5.031609e+01  1.500000e+01
    endloop
  endfacet
  facet normal  0.000000e+00  0.000000e+00  1.000000e+00
    outer loop
      vertex -5.202014e+00 -5.031609e+01  1.500000e+01
      vertex -8.660254e+00 -5.000000e+01  1.500000e+01
      vertex -9.063078e+00 -5.077382e+01  1.500000e+01
    endloop
  endfacet
  facet normal  -0.000000e+00  0.000000e+00  1.000000e+00
    outer loop
      vertex -5.202014e+00 -5.031609e+01  1.500000e+01
      vertex -9.063078e+00 -5.077382e+01  1.500000e+01
      vertex -5.663119e+00 -5.088550e+01  1.500000e+01
    endloop
  endfacet
  facet normal  0.000000e+00  0.000000e+00  1.000000e+00
    outer loop
      vertex -5.663119e+00 -5.088550e+01  1.500000e+01
      vertex -9.063078e+00 -5.077382e+01  1.500000e+01
      vertex -9.396926e+00 -5.157980e+01  1.500000e+01
    endloop
  endfacet
  facet normal  0.000000e+00  0.000000e+00  1.000000e+00
    outer loop
      vertex -5.663119e+00 -5.088550e+01  1.500000e+01
      vertex -9.396926e+00 -5.157980e+01  1.500000e+01
      vertex -6.062178e+00 -5.150000e+01  1.500000e+01
    endloop
  endfacet
  facet normal  0.000000e+00  0.000000e+00  1.000000e+00
    outer loop
      vertex -6.062178e+00 -5.150000e+01  1.500000e+01
      vertex -9.396926e+00 -5.157980e+01  1.500000e+01
      vertex -9.659258e+00 -5.241181e+01  1.500000e+01
    endloop
  endfacet
  facet normal  0.000000e+00  0.000000e+00  1.000000e+00
    outer loop
      vertex -6.062178e+00 -5.150000e+01  1.500000e+01
      vertex -9.659258e+00 -5.241181e+01  1.500000e+01
      vertex -6.394818e+00 -5.215284e+01  1.500000e+01
    endloop
  endfacet
  facet normal  0.000000e+00  0.000000e+00  9.999999e-01
    outer loop
      vertex -2.847157e+00 -4.860518e+01  1.500000e+01
      vertex -7.660444e+00 -4.857212e+01  1.500000e+01
      vertex -3.500000e+00 -4.893782e+01  1.500000e+01
    endloop
  endfacet
  facet normal  0.000000e+00  0.000000e+00  9.999999e-01
    outer loop
      vertex -3.500000e+00 -4.893782e+01  1.500000e+01
      vertex -7.660444e+00 -4.857212e+01  1.500000e+01
      vertex -8.191521e+00 -4.926424e+01  1.500000e+01
    endloop
  endfacet
  facet normal  -0.000000e+00  0.000000e+00  1.000000e+00
    outer loop
      vertex -3.500000e+00 -4.893782e+01  1.500000e+01
      vertex -8.191521e+00 -4.926424e+01  1.500000e+01
      vertex -4.114497e+00 -4.933688e+01  1.500000e+01
    endloop
  endfacet
  facet normal  0.000000e+00  0.000000e+00  9.999999e-01
    outer loop
      vertex -4.114497e+00 -4.933688e+01  1.500000e+01
      vertex -8.191521e+00 -4.926424e+01  1.500000e+01
      vertex -8.660254e+00 -5.000000e+01  1.500000e+01
    endloop
  endfacet
  facet normal  0.000000e+00  0.000000e+00  1.000000e+00
    outer loop
      vertex -4.114497e+00 -4.933688e+01  1.500000e+01
      vertex -8.660254e+00 -5.000000e+01  1.500000e+01
      vertex -4.683914e+00 -4.979799e+01  1.500000e+01
    endloop
  endfacet
  facet normal  0.000000e+00  0.000000e+00  9.999999e-01
    outer loop
      vertex  2.163119e+00 -6.165739e+01  1.500000e+01
      vertex  1.455382e+00 -6.184703e+01  1.500000e+01
      vertex  7.660444e+00 -6.142788e+01  1.500000e+01
    endloop
  endfacet
  facet normal  0.000000e+00  0.000000e+00  1.000000e+00
    outer loop
      vertex  7.660444e+00 -6.142788e+01  1.500000e+01
      vertex  1.455382e+00 -6.184703e+01  1.500000e+01
      vertex  7.316992e-01 -6.196165e+01  1.500000e+01
    endloop
  endfacet
  facet normal  -0.000000e+00  0.000000e+00  1.000000e+00
    outer loop
      vertex  7.660444e+00 -6.142788e+01  1.500000e+01
      vertex  7.316992e-01 -6.196165e+01  1.500000e+01
      vertex  7.071068e+00 -6.207107e+01  1.500000e+01
    endloop
  endfacet
  facet normal  0.000000e+00  0.000000e+00  1.000000e+00
    outer loop
      vertex  2.163119e+00 -6.165739e+01  1.500000e+01
      vertex  7.660444e+00 -6.142788e+01  1.500000e+01
      vertex  2.847157e+00 -6.139482e+01  1.500000e+01
    endloop
  endfacet
  facet normal  -0.000000e+00  0.000000e+00  1.000000e+00
    outer loop
      vertex  2.847157e+00 -6.139482e+01  1.500000e+01
      vertex  7.660444e+00 -6.142788e+01  1.500000e+01
      vertex  8.191521e+00 -6.073576e+01  1.500000e+01
    endloop
  endfacet
  facet normal  0.000000e+00  0.000000e+00  1.000000e+00
    outer loop
      vertex  2.847157e+00 -6.139482e+01  1.500000e+01
      vertex  8.191521e+00 -6.073576e+01  1.500000e+01
      vertex  3.500000e+00 -6.106218e+01  1.500000e+01
    endloop
  endfacet
  facet normal  0.000000e+00  0.000000e+00  1.000000e+00
    outer loop
      vertex  5.663119e+00 -5.911450e+01  1.500000e+01
      vertex  5.202014e+00 -5.968391e+01  1.500000e+01
      vertex  9.063078e+00 -5.922618e+01  1.500000e+01
    endloop
  endfacet
  facet normal  0.000000e+00  0.000000e+00  1.000000e+00
    outer loop
      vertex  9.063078e+00 -5.922618e+01  1.500000e+01
      vertex  5.202014e+00 -5.968391e+01  1.500000e+01
      vertex  4.683914e+00 -6.020201e+01  1.500000e+01
    endloop
  endfacet
  facet normal  0.000000e+00  0.000000e+00  1.000000e+00
    outer loop
      vertex  9.063078e+00 -5.922618e+01  1.500000e+01
      vertex  4.683914e+00 -6.020201e+01  1.500000e+01
      vertex  8.660254e+00 -6.000000e+01  1.500000e+01
    endloop
  endfacet
  facet normal  0.000000e+00  0.000000e+00  1.000000e+00
    outer loop
      vertex  8.660254e+00 -6.000000e+01  1.500000e+01
      vertex  4.683914e+00 -6.020201e+01  1.500000e+01
      vertex  4.114497e+00 -6.066312e+01  1.500000e+01
    endloop
  endfacet
  facet normal  -0.000000e+00  0.000000e+00  9.999999e-01
    outer loop
      vertex  8.660254e+00 -6.000000e+01  1.500000e+01
      vertex  4.114497e+00 -6.066312e+01  1.500000e+01
      vertex  8.191521e+00 -6.073576e+01  1.500000e+01
    endloop
  endfacet
  facet normal  0.000000e+00  0.000000e+00  1.000000e+00
    outer loop
      vertex  6.847033e+00 -5.645538e+01  1.500000e+01
      vertex  6.657396e+00 -5.716312e+01  1.500000e+01
      vertex  9.848078e+00 -5.673648e+01  1.500000e+01
    endloop
  endfacet
  facet normal  0.000000e+00  0.000000e+00  1.000000e+00
    outer loop
      vertex  9.848078e+00 -5.673648e+01  1.500000e+01
      vertex  6.657396e+00 -5.716312e+01  1.500000e+01
      vertex  6.394818e+00 -5.784716e+01  1.500000e+01
    endloop
  endfacet
  facet normal  0.000000e+00  0.000000e+00  1.000000e+00
    outer loop
      vertex  9.848078e+00 -5.673648e+01  1.500000e+01
      vertex  6.394818e+00 -5.784716e+01  1.500000e+01
      vertex  9.659258e+00 -5.758819e+01  1.500000e+01
    endloop
  endfacet
  facet normal  0.000000e+00  0.000000e+00  1.000000e+00
    outer loop
      vertex  9.659258e+00 -5.758819e+01  1.500000e+01
      vertex  6.394818e+00 -5.784716e+01  1.500000e+01
      vertex  6.062178e+00 -5.850000e+01  1.500000e+01
    endloop
  endfacet
  facet normal  0.000000e+00  0.000000e+00  1.000000e+00
    outer loop
      vertex  9.659258e+00 -5.758819e+01  1.500000e+01
      vertex  6.062178e+00 -5.850000e+01  1.500000e+01
      vertex  9.396926e+00 -5.842020e+01  1.500000e+01
    endloop
  endfacet
  facet normal  0.000000e+00  0.000000e+00  1.000000e+00
    outer loop
      vertex  9.396926e+00 -5.842020e+01  1.500000e+01
      vertex  6.062178e+00 -5.850000e+01  1.500000e+01
      vertex  5.663119e+00 -5.911450e+01  1.500000e+01
    endloop
  endfacet
  facet normal  -0.000000e+00  0.000000e+00  1.000000e+00
    outer loop
      vertex  9.396926e+00 -5.842020e+01  1.500000e+01
      vertex  5.663119e+00 -5.911450e+01  1.500000e+01
      vertex  9.063078e+00 -5.922618e+01  1.500000e+01
    endloop
  endfacet
  facet normal  0.000000e+00  -0.000000e+00  1.000000e+00
    outer loop
      vertex  6.394818e+00 -5.215284e+01  1.500000e+01
      vertex  6.657396e+00 -5.283688e+01  1.500000e+01
      vertex  9.659258e+00 -5.241181e+01  1.500000e+01
    endloop
  endfacet
  facet normal  0.000000e+00  0.000000e+00  1.000000e+00
    outer loop
      vertex  9.659258e+00 -5.241181e+01  1.500000e+01
      vertex  6.657396e+00 -5.283688e+01  1.500000e+01
      vertex  6.847033e+00 -5.354462e+01  1.500000e+01
    endloop
  endfacet
  facet normal  0.000000e+00  0.000000e+00  1.000000e+00
    outer loop
      vertex  9.659258e+00 -5.241181e+01  1.500000e+01
      vertex  6.847033e+00 -5.354462e+01  1.500000e+01
      vertex  9.848078e+00 -5.326352e+01  1.500000e+01
    endloop
  endfacet
  facet normal  0.000000e+00  0.000000e+00  1.000000e+00
    outer loop
      vertex  9.848078e+00 -5.326352e+01  1.500000e+01
      vertex  6.847033e+00 -5.354462e+01  1.500000e+01
      vertex  6.961653e+00 -5.426830e+01  1.500000e+01
    endloop
  endfacet
  facet normal  0.000000e+00  0.000000e+00  1.000000e+00
    outer loop
      vertex  9.848078e+00 -5.326352e+01  1.500000e+01
      vertex  6.961653e+00 -5.426830e+01  1.500000e+01
      vertex  9.961947e+00 -5.412844e+01  1.500000e+01
    endloop
  endfacet
  facet normal  0.000000e+00  0.000000e+00  1.000000e+00
    outer loop
      vertex  9.961947e+00 -5.412844e+01  1.500000e+01
      vertex  6.961653e+00 -5.426830e+01  1.500000e+01
      vertex  7.000000e+00 -5.500000e+01  1.500000e+01
    endloop
  endfacet
  facet normal  0.000000e+00  0.000000e+00  1.000000e+00
    outer loop
      vertex  9.961947e+00 -5.412844e+01  1.500000e+01
      vertex  7.000000e+00 -5.500000e+01  1.500000e+01
      vertex  1.000000e+01 -5.500000e+01  1.500000e+01
    endloop
  endfacet
  facet normal  0.000000e+00  0.000000e+00  1.000000e+00
    outer loop
      vertex  1.000000e+01 -5.500000e+01  1.500000e+01
      vertex  7.000000e+00 -5.500000e+01  1.500000e+01
      vertex  6.961653e+00 -5.573170e+01  1.500000e+01
    endloop
  endfacet
  facet normal  -0.000000e+00  0.000000e+00  1.000000e+00
    outer loop
      vertex  1.000000e+01 -5.500000e+01  1.500000e+01
      vertex  6.961653e+00 -5.573170e+01  1.500000e+01
      vertex  9.961947e+00 -5.587156e+01  1.500000e+01
    endloop
  endfacet
  facet normal  0.000000e+00  0.000000e+00  1.000000e+00
    outer loop
      vertex  9.961947e+00 -5.587156e+01  1.500000e+01
      vertex  6.961653e+00 -5.573170e+01  1.500000e+01
      vertex  6.847033e+00 -5.645538e+01  1.500000e+01
    endloop
  endfacet
  facet normal  -0.000000e+00  0.000000e+00  1.000000e+00
    outer loop
      vertex  9.961947e+00 -5.587156e+01  1.500000e+01
      vertex  6.847033e+00 -5.645538e+01  1.500000e+01
      vertex  9.848078e+00 -5.673648e+01  1.500000e+01
    endloop
  endfacet
  facet normal  0.000000e+00  -0.000000e+00  1.000000e+00
    outer loop
      vertex  4.683914e+00 -4.979799e+01  1.500000e+01
      vertex  5.202014e+00 -5.031609e+01  1.500000e+01
      vertex  8.660254e+00 -5.000000e+01  1.500000e+01
    endloop
  endfacet
  facet normal  0.000000e+00  0.000000e+00  1.000000e+00
    outer loop
      vertex  8.660254e+00 -5.000000e+01  1.500000e+01
      vertex  5.202014e+00 -5.031609e+01  1.500000e+01
      vertex  5.663119e+00 -5.088550e+01  1.500000e+01
    endloop
  endfacet
  facet normal  0.000000e+00  0.000000e+00  1.000000e+00
    outer loop
      vertex  8.660254e+00 -5.000000e+01  1.500000e+01
      vertex  5.663119e+00 -5.088550e+01  1.500000e+01
      vertex  9.063078e+00 -5.077382e+01  1.500000e+01
    endloop
  endfacet
  facet normal  0.000000e+00  0.000000e+00  1.000000e+00
    outer loop
      vertex  9.063078e+00 -5.077382e+01  1.500000e+01
      vertex  5.663119e+00 -5.088550e+01  1.500000e+01
      vertex  6.062178e+00 -5.150000e+01  1.500000e+01
    endloop
  endfacet
  facet normal  -0.000000e+00  0.000000e+00  1.000000e+00
    outer loop
      vertex  9.063078e+00 -5.077382e+01  1.500000e+01
      vertex  6.062178e+00 -5.150000e+01  1.500000e+01
      vertex  9.396926e+00 -5.157980e+01  1.500000e+01
    endloop
  endfacet
  facet normal  0.000000e+00  0.000000e+00  1.000000e+00
    outer loop
      vertex  9.396926e+00 -5.157980e+01  1.500000e+01
      vertex  6.062178e+00 -5.150000e+01  1.500000e+01
      vertex  6.394818e+00 -5.215284e+01  1.500000e+01
    endloop
  endfacet
  facet normal  -0.000000e+00  0.000000e+00  9.999999e-01
    outer loop
      vertex  9.396926e+00 -5.157980e+01  1.500000e+01
      vertex  6.394818e+00 -5.215284e+01  1.500000e+01
      vertex  9.659258e+00 -5.241181e+01  1.500000e+01
    endloop
  endfacet
  facet normal  0.000000e+00  -0.000000e+00  9.999999e-01
    outer loop
      vertex  2.847157e+00 -4.860518e+01  1.500000e+01
      vertex  3.500000e+00 -4.893782e+01  1.500000e+01
      vertex  7.660444e+00 -4.857212e+01  1.500000e+01
    endloop
  endfacet
  facet normal  0.000000e+00  0.000000e+00  1.000000e+00
    outer loop
      vertex  7.660444e+00 -4.857212e+01  1.500000e+01
      vertex  3.500000e+00 -4.893782e+01  1.500000e+01
      vertex  4.114497e+00 -4.933688e+01  1.500000e+01
    endloop
  endfacet
  facet normal  0.000000e+00  0.000000e+00  9.999999e-01
    outer loop
      vertex  7.660444e+00 -4.857212e+01  1.500000e+01
      vertex  4.114497e+00 -4.933688e+01  1.500000e+01
      vertex  8.191521e+00 -4.926424e+01  1.500000e+01
    endloop
  endfacet
  facet normal  0.000000e+00  0.000000e+00  1.000000e+00
    outer loop
      vertex  8.191521e+00 -4.926424e+01  1.500000e+01
      vertex  4.114497e+00 -4.933688e+01  1.500000e+01
      vertex  4.683914e+00 -4.979799e+01  1.500000e+01
    endloop
  endfacet
  facet normal  -0.000000e+00  0.000000e+00  1.000000e+00
    outer loop
      vertex  8.191521e+00 -4.926424e+01  1.500000e+01
      vertex  4.683914e+00 -4.979799e+01  1.500000e+01
      vertex  8.660254e+00 -5.000000e+01  1.500000e+01
    endloop
  endfacet
  facet normal  0.000000e+00  0.000000e+00 -1.000000e+00
    outer loop
      vertex -1.405425e+01  6.024196e+01  0.000000e+00
      vertex -3.500000e+00  6.106218e+01  0.000000e+00
      vertex -4.114497e+00  6.066312e+01  0.000000e+00
    endloop
  endfacet
  facet normal  0.000000e+00  0.000000e+00 -1.000000e+00
    outer loop
      vertex -5.202014e+00  5.968391e+01  0.000000e+00
      vertex -5.663119e+00  5.911450e+01  0.000000e+00
      vertex -1.439240e+01  5.922599e+01  0.000000e+00
    endloop
  endfacet
  facet normal  0.000000e+00  0.000000e+00 -1.000000e+00
    outer loop
      vertex  3.500000e+00  6.106218e+01  0.000000e+00
      vertex  1.405425e+01  6.024196e+01  0.000000e+00
      vertex  4.114497e+00  6.066312e+01  0.000000e+00
    endloop
  endfacet
  facet normal  -0.000000e+00  0.000000e+00 -1.000000e+00
    outer loop
      vertex  5.202014e+00  5.968391e+01  0.000000e+00
      vertex  1.439240e+01  5.922599e+01  0.000000e+00
      vertex  5.663119e+00  5.911450e+01  0.000000e+00
    endloop
  endfacet
  facet normal  0.000000e+00  0.000000e+00 -1.000000e+00
    outer loop
      vertex -5.000000e+01  3.500000e+01  0.000000e+00
      vertex -5.000000e+01  4.000000e+01  0.000000e+00
      vertex -1.500000e+01  4.000000e+01  0.000000e+00
    endloop
  endfacet
  facet normal  0.000000e+00  -0.000000e+00 -1.000000e+00
    outer loop
      vertex -5.000000e+01  3.500000e+01  0.000000e+00
      vertex -1.500000e+01  4.000000e+01  0.000000e+00
      vertex  1.500000e+01  4.000000e+01  0.000000e+00
    endloop
  endfacet
  facet normal  0.000000e+00  -0.000000e+00 -1.000000e+00
    outer loop
      vertex -5.000000e+01  3.500000e+01  0.000000e+00
      vertex  1.500000e+01  4.000000e+01  0.000000e+00
      vertex  5.000000e+01  4.000000e+01  0.000000e+00
    endloop
  endfacet
  facet normal  0.000000e+00  -0.000000e+00 -1.000000e+00
    outer loop
      vertex -5.000000e+01  3.500000e+01  0.000000e+00
      vertex  5.000000e+01  4.000000e+01  0.000000e+00
      vertex  5.000000e+01  3.500000e+01  0.000000e+00
    endloop
  endfacet
  facet normal  0.000000e+00  0.000000e+00 -1.000000e+00
    outer loop
      vertex  1.838208e-15  6.200000e+01  0.000000e+00
      vertex -7.316992e-01  6.196165e+01  0.000000e+00
      vertex -1.316518e+01  6.218874e+01  0.000000e+00
    endloop
  endfacet
  facet normal  0.000000e+00  0.000000e+00 -1.000000e+00
    outer loop
      vertex  1.838208e-15  6.200000e+01  0.000000e+00
      vertex -1.316518e+01  6.218874e+01  0.000000e+00
      vertex -1.261880e+01  6.310961e+01  0.000000e+00
    endloop
  endfacet
  facet normal  0.000000e+00  0.000000e+00 -1.000000e+00
    outer loop
      vertex  1.838208e-15  6.200000e+01  0.000000e+00
      vertex -1.261880e+01  6.310961e+01  0.000000e+00
      vertex -1.200812e+01  6.398917e+01  0.000000e+00
    endloop
  endfacet
  facet normal  0.000000e+00  0.000000e+00 -9.999999e-01
    outer loop
      vertex  1.838208e-15  6.200000e+01  0.000000e+00
      vertex -1.200812e+01  6.398917e+01  0.000000e+00
      vertex -1.133624e+01  6.482291e+01  0.000000e+00
    endloop
  endfacet
  facet normal  0.000000e+00  0.000000e+00 -1.000000e+00
    outer loop
      vertex  1.838208e-15  6.200000e+01  0.000000e+00
      vertex -1.133624e+01  6.482291e+01  0.000000e+00
      vertex -1.060660e+01  6.560661e+01  0.000000e+00
    endloop
  endfacet
  facet normal  0.000000e+00  0.000000e+00 -1.000000e+00
    outer loop
      vertex  1.838208e-15  6.200000e+01  0.000000e+00
      vertex -1.060660e+01  6.560661e+01  0.000000e+00
      vertex -9.822911e+00  6.633624e+01  0.000000e+00
    endloop
  endfacet
  facet normal  0.000000e+00  0.000000e+00 -1.000000e+00
    outer loop
      vertex  1.838208e-15  6.200000e+01  0.000000e+00
      vertex -9.822911e+00  6.633624e+01  0.000000e+00
      vertex -8.989165e+00  6.700812e+01  0.000000e+00
    endloop
  endfacet
  facet normal  0.000000e+00  0.000000e+00 -1.000000e+00
    outer loop
      vertex  1.838208e-15  6.200000e+01  0.000000e+00
      vertex -8.989165e+00  6.700812e+01  0.000000e+00
      vertex -8.109612e+00  6.761880e+01  0.000000e+00
    endloop
  endfacet
  facet normal  0.000000e+00  0.000000e+00 -1.000000e+00
    outer loop
      vertex  1.838208e-15  6.200000e+01  0.000000e+00
      vertex -8.109612e+00  6.761880e+01  0.000000e+00
      vertex -7.188735e+00  6.816518e+01  0.000000e+00
    endloop
  endfacet
  facet normal  0.000000e+00  0.000000e+00 -1.000000e+00
    outer loop
      vertex  1.838208e-15  6.200000e+01  0.000000e+00
      vertex -7.188735e+00  6.816518e+01  0.000000e+00
      vertex -6.231225e+00  6.864448e+01  0.000000e+00
    endloop
  endfacet
  facet normal  0.000000e+00  0.000000e+00 -1.000000e+00
    outer loop
      vertex  1.838208e-15  6.200000e+01  0.000000e+00
      vertex -6.231225e+00  6.864448e+01  0.000000e+00
      vertex -5.241963e+00  6.905424e+01  0.000000e+00
    endloop
  endfacet
  facet normal  0.000000e+00  0.000000e+00 -1.000000e+00
    outer loop
      vertex  1.838208e-15  6.200000e+01  0.000000e+00
      vertex -5.241963e+00  6.905424e+01  0.000000e+00
      vertex -4.225988e+00  6.939240e+01  0.000000e+00
    endloop
  endfacet
  facet normal  0.000000e+00  0.000000e+00 -1.000000e+00
    outer loop
      vertex  1.838208e-15  6.200000e+01  0.000000e+00
      vertex -4.225988e+00  6.939240e+01  0.000000e+00
      vertex -3.188479e+00  6.965720e+01  0.000000e+00
    endloop
  endfacet
  facet normal  0.000000e+00  0.000000e+00 -1.000000e+00
    outer loop
      vertex  1.838208e-15  6.200000e+01  0.000000e+00
      vertex -3.188479e+00  6.965720e+01  0.000000e+00
      vertex -2.134722e+00  6.984732e+01  0.000000e+00
    endloop
  endfacet
  facet normal  0.000000e+00  0.000000e+00 -1.000000e+00
    outer loop
      vertex  1.838208e-15  6.200000e+01  0.000000e+00
      vertex -2.134722e+00  6.984732e+01  0.000000e+00
      vertex -1.070088e+00  6.996178e+01  0.000000e+00
    endloop
  endfacet
  facet normal  0.000000e+00  0.000000e+00 -1.000000e+00
    outer loop
      vertex  1.838208e-15  6.200000e+01  0.000000e+00
      vertex -1.070088e+00  6.996178e+01  0.000000e+00
      vertex -7.226654e-15  7.000000e+01  0.000000e+00
    endloop
  endfacet
  facet normal  0.000000e+00  0.000000e+00 -1.000000e+00
    outer loop
      vertex  1.838208e-15  6.200000e+01  0.000000e+00
      vertex -7.226654e-15  7.000000e+01  0.000000e+00
      vertex  1.070088e+00  6.996178e+01  0.000000e+00
    endloop
  endfacet
  facet normal  0.000000e+00  -0.000000e+00 -1.000000e+00
    outer loop
      vertex  1.838208e-15  6.200000e+01  0.000000e+00
      vertex  1.070088e+00  6.996178e+01  0.000000e+00
      vertex  2.134722e+00  6.984732e+01  0.000000e+00
    endloop
  endfacet
  facet normal  0.000000e+00  -0.000000e+00 -1.000000e+00
    outer loop
      vertex  1.838208e-15  6.200000e+01  0.000000e+00
      vertex  2.134722e+00  6.984732e+01  0.000000e+00
      vertex  3.188479e+00  6.965720e+01  0.000000e+00
    endloop
  endfacet
  facet normal  0.000000e+00  -0.000000e+00 -1.000000e+00
    outer loop
      vertex  1.838208e-15  6.200000e+01  0.000000e+00
      vertex  3.188479e+00  6.965720e+01  0.000000e+00
      vertex  4.225988e+00  6.939240e+01  0.000000e+00
    endloop
  endfacet
  facet normal  0.000000e+00  -0.000000e+00 -1.000000e+00
    outer loop
      vertex  1.838208e-15  6.200000e+01  0.000000e+00
      vertex  4.225988e+00  6.939240e+01  0.000000e+00
      vertex  5.241963e+00  6.905424e+01  0.000000e+00
    endloop
  endfacet
  facet normal  0.000000e+00  -0.000000e+00 -1.000000e+00
    outer loop
      vertex  1.838208e-15  6.200000e+01  0.000000e+00
      vertex  5.241963e+00  6.905424e+01  0.000000e+00
      vertex  6.231225e+00  6.864448e+01  0.000000e+00
    endloop
  endfacet
  facet normal  0.000000e+00  -0.000000e+00 -1.000000e+00
    outer loop
      vertex  1.838208e-15  6.200000e+01  0.000000e+00
      vertex  6.231225e+00  6.864448e+01  0.000000e+00
      vertex  7.188735e+00  6.816518e+01  0.000000e+00
    endloop
  endfacet
  facet normal  0.000000e+00  -0.000000e+00 -1.000000e+00
    outer loop
      vertex  1.838208e-15  6.200000e+01  0.000000e+00
      vertex  7.188735e+00  6.816518e+01  0.000000e+00
      vertex  8.109612e+00  6.761880e+01  0.000000e+00
    endloop
  endfacet
  facet normal  0.000000e+00  -0.000000e+00 -1.000000e+00
    outer loop
      vertex  1.838208e-15  6.200000e+01  0.000000e+00
      vertex  8.109612e+00  6.761880e+01  0.000000e+00
      vertex  8.989165e+00  6.700812e+01  0.000000e+00
    endloop
  endfacet
  facet normal  0.000000e+00  -0.000000e+00 -1.000000e+00
    outer loop
      vertex  1.838208e-15  6.200000e+01  0.000000e+00
      vertex  8.989165e+00  6.700812e+01  0.000000e+00
      vertex  9.822911e+00  6.633624e+01  0.000000e+00
    endloop
  endfacet
  facet normal  0.000000e+00  -0.000000e+00 -1.000000e+00
    outer loop
      vertex  1.838208e-15  6.200000e+01  0.000000e+00
      vertex  9.822911e+00  6.633624e+01  0.000000e+00
      vertex  1.060660e+01  6.560661e+01  0.000000e+00
    endloop
  endfacet
  facet normal  0.000000e+00  -0.000000e+00 -1.000000e+00
    outer loop
      vertex  1.838208e-15  6.200000e+01  0.000000e+00
      vertex  1.060660e+01  6.560661e+01  0.000000e+00
      vertex  1.133624e+01  6.482291e+01  0.000000e+00
    endloop
  endfacet
  facet normal  0.000000e+00  -0.000000e+00 -9.999999e-01
    outer loop
      vertex  1.838208e-15  6.200000e+01  0.000000e+00
      vertex  1.133624e+01  6.482291e+01  0.000000e+00
      vertex  1.200812e+01  6.398917e+01  0.000000e+00
    endloop
  endfacet
  facet normal  0.000000e+00  -0.000000e+00 -1.000000e+00
    outer loop
      vertex  1.838208e-15  6.200000e+01  0.000000e+00
      vertex  1.200812e+01  6.398917e+01  0.000000e+00
      vertex  1.261880e+01  6.310961e+01  0.000000e+00
    endloop
  endfacet
  facet normal  0.000000e+00  -0.000000e+00 -1.000000e+00
    outer loop
      vertex  1.838208e-15  6.200000e+01  0.000000e+00
      vertex  1.261880e+01  6.310961e+01  0.000000e+00
      vertex  1.316518e+01  6.218874e+01  0.000000e+00
    endloop
  endfacet
  facet normal  0.000000e+00  0.000000e+00 -1.000000e+00
    outer loop
      vertex  1.838208e-15  6.200000e+01  0.000000e+00
      vertex  1.316518e+01  6.218874e+01  0.000000e+00
      vertex  7.316992e-01  6.196165e+01  0.000000e+00
    endloop
  endfacet
  facet normal  0.000000e+00  -0.000000e+00 -1.000000e+00
    outer loop
      vertex -1.364448e+01  6.123122e+01  0.000000e+00
      vertex -1.316518e+01  6.218874e+01  0.000000e+00
      vertex -7.316992e-01  6.196165e+01  0.000000e+00
    endloop
  endfacet
  facet normal  0.000000e+00  0.000000e+00 -1.000000e+00
    outer loop
      vertex -1.364448e+01  6.123122e+01  0.000000e+00
      vertex -7.316992e-01  6.196165e+01  0.000000e+00
      vertex -1.455382e+00  6.184703e+01  0.000000e+00
    endloop
  endfacet
  facet normal  0.000000e+00  0.000000e+00 -9.999999e-01
    outer loop
      vertex -1.364448e+01  6.123122e+01  0.000000e+00
      vertex -1.455382e+00  6.184703e+01  0.000000e+00
      vertex -2.163119e+00  6.165739e+01  0.000000e+00
    endloop
  endfacet
  facet normal  0.000000e+00  0.000000e+00 -9.999999e-01
    outer loop
      vertex -1.364448e+01  6.123122e+01  0.000000e+00
      vertex -2.163119e+00  6.165739e+01  0.000000e+00
      vertex -2.847157e+00  6.139482e+01  0.000000e+00
    endloop
  endfacet
  facet normal  0.000000e+00  0.000000e+00 -9.999999e-01
    outer loop
      vertex -1.364448e+01  6.123122e+01  0.000000e+00
      vertex -2.847157e+00  6.139482e+01  0.000000e+00
      vertex -3.500000e+00  6.106218e+01  0.000000e+00
    endloop
  endfacet
  facet normal  -0.000000e+00  0.000000e+00 -1.000000e+00
    outer loop
      vertex -1.364448e+01  6.123122e+01  0.000000e+00
      vertex -3.500000e+00  6.106218e+01  0.000000e+00
      vertex -1.405425e+01  6.024196e+01  0.000000e+00
    endloop
  endfacet
  facet normal  0.000000e+00  0.000000e+00 -1.000000e+00
    outer loop
      vertex -1.500000e+01  4.000000e+01  0.000000e+00
      vertex -1.500000e+01  5.500000e+01  0.000000e+00
      vertex -7.000000e+00  5.500000e+01  0.000000e+00
    endloop
  endfacet
  facet normal  0.000000e+00  -0.000000e+00 -9.999999e-01
    outer loop
      vertex -1.500000e+01  4.000000e+01  0.000000e+00
      vertex -7.000000e+00  5.500000e+01  0.000000e+00
      vertex -6.961653e+00  5.426830e+01  0.000000e+00
    endloop
  endfacet
  facet normal  0.000000e+00  -0.000000e+00 -1.000000e+00
    outer loop
      vertex -1.500000e+01  4.000000e+01  0.000000e+00
      vertex -6.961653e+00  5.426830e+01  0.000000e+00
      vertex -6.847033e+00  5.354462e+01  0.000000e+00
    endloop
  endfacet
  facet normal  0.000000e+00  -0.000000e+00 -1.000000e+00
    outer loop
      vertex -1.500000e+01  4.000000e+01  0.000000e+00
      vertex -6.847033e+00  5.354462e+01  0.000000e+00
      vertex -6.657396e+00  5.283688e+01  0.000000e+00
    endloop
  endfacet
  facet normal  0.000000e+00  -0.000000e+00 -1.000000e+00
    outer loop
      vertex -1.500000e+01  4.000000e+01  0.000000e+00
      vertex -6.657396e+00  5.283688e+01  0.000000e+00
      vertex -6.394818e+00  5.215284e+01  0.000000e+00
    endloop
  endfacet
  facet normal  0.000000e+00  -0.000000e+00 -1.000000e+00
    outer loop
      vertex -1.500000e+01  4.000000e+01  0.000000e+00
      vertex -6.394818e+00  5.215284e+01  0.000000e+00
      vertex -6.062178e+00  5.150000e+01  0.000000e+00
    endloop
  endfacet
  facet normal  0.000000e+00  -0.000000e+00 -1.000000e+00
    outer loop
      vertex -1.500000e+01  4.000000e+01  0.000000e+00
      vertex -6.062178e+00  5.150000e+01  0.000000e+00
      vertex -5.663119e+00  5.088550e+01  0.000000e+00
    endloop
  endfacet
  facet normal  0.000000e+00  -0.000000e+00 -1.000000e+00
    outer loop
      vertex -1.500000e+01  4.000000e+01  0.000000e+00
      vertex -5.663119e+00  5.088550e+01  0.000000e+00
      vertex -5.202014e+00  5.031609e+01  0.000000e+00
    endloop
  endfacet
  facet normal  0.000000e+00  -0.000000e+00 -1.000000e+00
    outer loop
      vertex -1.500000e+01  4.000000e+01  0.000000e+00
      vertex -5.202014e+00  5.031609e+01  0.000000e+00
      vertex -4.683914e+00  4.979799e+01  0.000000e+00
    endloop
  endfacet
  facet normal  0.000000e+00  -0.000000e+00 -1.000000e+00
    outer loop
      vertex -1.500000e+01  4.000000e+01  0.000000e+00
      vertex -4.683914e+00  4.979799e+01  0.000000e+00
      vertex -4.114497e+00  4.933688e+01  0.000000e+00
    endloop
  endfacet
  facet normal  0.000000e+00  -0.000000e+00 -1.000000e+00
    outer loop
      vertex -1.500000e+01  4.000000e+01  0.000000e+00
      vertex -4.114497e+00  4.933688e+01  0.000000e+00
      vertex -3.500000e+00  4.893782e+01  0.000000e+00
    endloop
  endfacet
  facet normal  0.000000e+00  -0.000000e+00 -1.000000e+00
    outer loop
      vertex -1.500000e+01  4.000000e+01  0.000000e+00
      vertex -3.500000e+00  4.893782e+01  0.000000e+00
      vertex -2.847157e+00  4.860518e+01  0.000000e+00
    endloop
  endfacet
  facet normal  0.000000e+00  -0.000000e+00 -1.000000e+00
    outer loop
      vertex -1.500000e+01  4.000000e+01  0.000000e+00
      vertex -2.847157e+00  4.860518e+01  0.000000e+00
      vertex -2.163119e+00  4.834261e+01  0.000000e+00
    endloop
  endfacet
  facet normal  0.000000e+00  -0.000000e+00 -1.000000e+00
    outer loop
      vertex -1.500000e+01  4.000000e+01  0.000000e+00
      vertex -2.163119e+00  4.834261e+01  0.000000e+00
      vertex -1.455382e+00  4.815297e+01  0.000000e+00
    endloop
  endfacet
  facet normal  0.000000e+00  -0.000000e+00 -1.000000e+00
    outer loop
      vertex -1.500000e+01  4.000000e+01  0.000000e+00
      vertex -1.455382e+00  4.815297e+01  0.000000e+00
      vertex -7.316992e-01  4.803835e+01  0.000000e+00
    endloop
  endfacet
  facet normal  0.000000e+00  -0.000000e+00 -1.000000e+00
    outer loop
      vertex -1.500000e+01  4.000000e+01  0.000000e+00
      vertex -7.316992e-01  4.803835e+01  0.000000e+00
      vertex  1.301342e-15  4.800000e+01  0.000000e+00
    endloop
  endfacet
  facet normal  0.000000e+00  -0.000000e+00 -1.000000e+00
    outer loop
      vertex -1.500000e+01  4.000000e+01  0.000000e+00
      vertex  1.301342e-15  4.800000e+01  0.000000e+00
      vertex  1.500000e+01  4.000000e+01  0.000000e+00
    endloop
  endfacet
  facet normal  0.000000e+00  0.000000e+00 -1.000000e+00
    outer loop
      vertex  1.364448e+01  6.123122e+01  0.000000e+00
      vertex  1.405425e+01  6.024196e+01  0.000000e+00
      vertex  3.500000e+00  6.106218e+01  0.000000e+00
    endloop
  endfacet
  facet normal  0.000000e+00  0.000000e+00 -9.999999e-01
    outer loop
      vertex  1.364448e+01  6.123122e+01  0.000000e+00
      vertex  3.500000e+00  6.106218e+01  0.000000e+00
      vertex  2.847157e+00  6.139482e+01  0.000000e+00
    endloop
  endfacet
  facet normal  0.000000e+00  0.000000e+00 -9.999999e-01
    outer loop
      vertex  1.364448e+01  6.123122e+01  0.000000e+00
      vertex  2.847157e+00  6.139482e+01  0.000000e+00
      vertex  2.163119e+00  6.165739e+01  0.000000e+00
    endloop
  endfacet
  facet normal  0.000000e+00  0.000000e+00 -1.000000e+00
    outer loop
      vertex  1.364448e+01  6.123122e+01  0.000000e+00
      vertex  2.163119e+00  6.165739e+01  0.000000e+00
      vertex  1.455382e+00  6.184703e+01  0.000000e+00
    endloop
  endfacet
  facet normal  0.000000e+00  0.000000e+00 -1.000000e+00
    outer loop
      vertex  1.364448e+01  6.123122e+01  0.000000e+00
      vertex  1.455382e+00  6.184703e+01  0.000000e+00
      vertex  7.316992e-01  6.196165e+01  0.000000e+00
    endloop
  endfacet
  facet normal  0.000000e+00  0.000000e+00 -1.000000e+00
    outer loop
      vertex  1.364448e+01  6.123122e+01  0.000000e+00
      vertex  7.316992e-01  6.196165e+01  0.000000e+00
      vertex  1.316518e+01  6.218874e+01  0.000000e+00
    endloop
  endfacet
  facet normal  0.000000e+00  0.000000e+00 -1.000000e+00
    outer loop
      vertex  1.500000e+01  4.000000e+01  0.000000e+00
      vertex  1.301342e-15  4.800000e+01  0.000000e+00
      vertex  7.316992e-01  4.803835e+01  0.000000e+00
    endloop
  endfacet
  facet normal  0.000000e+00  0.000000e+00 -1.000000e+00
    outer loop
      vertex  1.500000e+01  4.000000e+01  0.000000e+00
      vertex  7.316992e-01  4.803835e+01  0.000000e+00
      vertex  1.455382e+00  4.815297e+01  0.000000e+00
    endloop
  endfacet
  facet normal  0.000000e+00  0.000000e+00 -1.000000e+00
    outer loop
      vertex  1.500000e+01  4.000000e+01  0.000000e+00
      vertex  1.455382e+00  4.815297e+01  0.000000e+00
      vertex  2.163119e+00  4.834261e+01  0.000000e+00
    endloop
  endfacet
  facet normal  0.000000e+00  0.000000e+00 -1.000000e+00
    outer loop
      vertex  1.500000e+01  4.000000e+01  0.000000e+00
      vertex  2.163119e+00  4.834261e+01  0.000000e+00
      vertex  2.847157e+00  4.860518e+01  0.000000e+00
    endloop
  endfacet
  facet normal  0.000000e+00  0.000000e+00 -1.000000e+00
    outer loop
      vertex  1.500000e+01  4.000000e+01  0.000000e+00
      vertex  2.847157e+00  4.860518e+01  0.000000e+00
      vertex  3.500000e+00  4.893782e+01  0.000000e+00
    endloop
  endfacet
  facet normal  0.000000e+00  0.000000e+00 -1.000000e+00
    outer loop
      vertex  1.500000e+01  4.000000e+01  0.000000e+00
      vertex  3.500000e+00  4.893782e+01  0.000000e+00
      vertex  4.114497e+00  4.933688e+01  0.000000e+00
    endloop
  endfacet
  facet normal  0.000000e+00  0.000000e+00 -1.000000e+00
    outer loop
      vertex  1.500000e+01  4.000000e+01  0.000000e+00
      vertex  4.114497e+00  4.933688e+01  0.000000e+00
      vertex  4.683914e+00  4.979799e+01  0.000000e+00
    endloop
  endfacet
  facet normal  0.000000e+00  0.000000e+00 -1.000000e+00
    outer loop
      vertex  1.500000e+01  4.000000e+01  0.000000e+00
      vertex  4.683914e+00  4.979799e+01  0.000000e+00
      vertex  5.202014e+00  5.031609e+01  0.000000e+00
    endloop
  endfacet
  facet normal  0.000000e+00  0.000000e+00 -1.000000e+00
    outer loop
      vertex  1.500000e+01  4.000000e+01  0.000000e+00
      vertex  5.202014e+00  5.031609e+01  0.000000e+00
      vertex  5.663119e+00  5.088550e+01  0.000000e+00
    endloop
  endfacet
  facet normal  0.000000e+00  0.000000e+00 -1.000000e+00
    outer loop
      vertex  1.500000e+01  4.000000e+01  0.000000e+00
      vertex  5.663119e+00  5.088550e+01  0.000000e+00
      vertex  6.062178e+00  5.150000e+01  0.000000e+00
    endloop
  endfacet
  facet normal  0.000000e+00  0.000000e+00 -1.000000e+00
    outer loop
      vertex  1.500000e+01  4.000000e+01  0.000000e+00
      vertex  6.062178e+00  5.150000e+01  0.000000e+00
      vertex  6.394818e+00  5.215284e+01  0.000000e+00
    endloop
  endfacet
  facet normal  0.000000e+00  0.000000e+00 -1.000000e+00
    outer loop
      vertex  1.500000e+01  4.000000e+01  0.000000e+00
      vertex  6.394818e+00  5.215284e+01  0.000000e+00
      vertex  6.657396e+00  5.283688e+01  0.000000e+00
    endloop
  endfacet
  facet normal  0.000000e+00  0.000000e+00 -1.000000e+00
    outer loop
      vertex  1.500000e+01  4.000000e+01  0.000000e+00
      vertex  6.657396e+00  5.283688e+01  0.000000e+00
      vertex  6.847033e+00  5.354462e+01  0.000000e+00
    endloop
  endfacet
  facet normal  0.000000e+00  0.000000e+00 -9.999999e-01
    outer loop
      vertex  1.500000e+01  4.000000e+01  0.000000e+00
      vertex  6.847033e+00  5.354462e+01  0.000000e+00
      vertex  6.961653e+00  5.426830e+01  0.000000e+00
    endloop
  endfacet
  facet normal  0.000000e+00  0.000000e+00 -9.999999e-01
    outer loop
      vertex  1.500000e+01  4.000000e+01  0.000000e+00
      vertex  6.961653e+00  5.426830e+01  0.000000e+00
      vertex  7.000000e+00  5.500000e+01  0.000000e+00
    endloop
  endfacet
  facet normal  0.000000e+00  0.000000e+00 -1.000000e+00
    outer loop
      vertex  1.500000e+01  4.000000e+01  0.000000e+00
      vertex  7.000000e+00  5.500000e+01  0.000000e+00
      vertex  1.500000e+01  5.500000e+01  0.000000e+00
    endloop
  endfacet
  facet normal  0.000000e+00  0.000000e+00 -1.000000e+00
    outer loop
      vertex -5.202014e+00  5.968391e+01  0.000000e+00
      vertex -1.439240e+01  5.922599e+01  0.000000e+00
      vertex -4.683914e+00  6.020201e+01  0.000000e+00
    endloop
  endfacet
  facet normal  -0.000000e+00  0.000000e+00 -1.000000e+00
    outer loop
      vertex -4.683914e+00  6.020201e+01  0.000000e+00
      vertex -1.439240e+01  5.922599e+01  0.000000e+00
      vertex -1.405425e+01  6.024196e+01  0.000000e+00
    endloop
  endfacet
  facet normal  0.000000e+00  0.000000e+00 -1.000000e+00
    outer loop
      vertex -4.683914e+00  6.020201e+01  0.000000e+00
      vertex -1.405425e+01  6.024196e+01  0.000000e+00
      vertex -4.114497e+00  6.066312e+01  0.000000e+00
    endloop
  endfacet
  facet normal  -0.000000e+00  0.000000e+00 -1.000000e+00
    outer loop
      vertex -1.439240e+01  5.922599e+01  0.000000e+00
      vertex -5.663119e+00  5.911450e+01  0.000000e+00
      vertex -1.465720e+01  5.818848e+01  0.000000e+00
    endloop
  endfacet
  facet normal  0.000000e+00  0.000000e+00 -1.000000e+00
    outer loop
      vertex -1.465720e+01  5.818848e+01  0.000000e+00
      vertex -5.663119e+00  5.911450e+01  0.000000e+00
      vertex -6.062178e+00  5.850000e+01  0.000000e+00
    endloop
  endfacet
  facet normal  0.000000e+00  0.000000e+00 -1.000000e+00
    outer loop
      vertex -1.465720e+01  5.818848e+01  0.000000e+00
      vertex -6.062178e+00  5.850000e+01  0.000000e+00
      vertex -1.484732e+01  5.713472e+01  0.000000e+00
    endloop
  endfacet
  facet normal  0.000000e+00  0.000000e+00 -1.000000e+00
    outer loop
      vertex -1.484732e+01  5.713472e+01  0.000000e+00
      vertex -6.062178e+00  5.850000e+01  0.000000e+00
      vertex -6.394818e+00  5.784716e+01  0.000000e+00
    endloop
  endfacet
  facet normal  0.000000e+00  0.000000e+00 -1.000000e+00
    outer loop
      vertex -1.484732e+01  5.713472e+01  0.000000e+00
      vertex -6.394818e+00  5.784716e+01  0.000000e+00
      vertex -6.657396e+00  5.716312e+01  0.000000e+00
    endloop
  endfacet
  facet normal  0.000000e+00  0.000000e+00 -1.000000e+00
    outer loop
      vertex -1.484732e+01  5.713472e+01  0.000000e+00
      vertex -6.657396e+00  5.716312e+01  0.000000e+00
      vertex -1.496178e+01  5.607009e+01  0.000000e+00
    endloop
  endfacet
  facet normal  0.000000e+00  0.000000e+00 -1.000000e+00
    outer loop
      vertex -1.496178e+01  5.607009e+01  0.000000e+00
      vertex -6.657396e+00  5.716312e+01  0.000000e+00
      vertex -6.847033e+00  5.645538e+01  0.000000e+00
    endloop
  endfacet
  facet normal  0.000000e+00  0.000000e+00 -9.999999e-01
    outer loop
      vertex -1.496178e+01  5.607009e+01  0.000000e+00
      vertex -6.847033e+00  5.645538e+01  0.000000e+00
      vertex -6.961653e+00  5.573170e+01  0.000000e+00
    endloop
  endfacet
  facet normal  0.000000e+00  0.000000e+00 -1.000000e+00
    outer loop
      vertex -6.961653e+00  5.573170e+01  0.000000e+00
      vertex -7.000000e+00  5.500000e+01  0.000000e+00
      vertex -1.496178e+01  5.607009e+01  0.000000e+00
    endloop
  endfacet
  facet normal  0.000000e+00  -0.000000e+00 -1.000000e+00
    outer loop
      vertex -1.496178e+01  5.607009e+01  0.000000e+00
      vertex -7.000000e+00  5.500000e+01  0.000000e+00
      vertex -1.500000e+01  5.500000e+01  0.000000e+00
    endloop
  endfacet
  facet normal  0.000000e+00  0.000000e+00 -1.000000e+00
    outer loop
      vertex  1.439240e+01  5.922599e+01  0.000000e+00
      vertex  5.202014e+00  5.968391e+01  0.000000e+00
      vertex  1.405425e+01  6.024196e+01  0.000000e+00
    endloop
  endfacet
  facet normal  0.000000e+00  0.000000e+00 -1.000000e+00
    outer loop
      vertex  1.405425e+01  6.024196e+01  0.000000e+00
      vertex  5.202014e+00  5.968391e+01  0.000000e+00
      vertex  4.683914e+00  6.020201e+01  0.000000e+00
    endloop
  endfacet
  facet normal  0.000000e+00  0.000000e+00 -1.000000e+00
    outer loop
      vertex  1.405425e+01  6.024196e+01  0.000000e+00
      vertex  4.683914e+00  6.020201e+01  0.000000e+00
      vertex  4.114497e+00  6.066312e+01  0.000000e+00
    endloop
  endfacet
  facet normal  0.000000e+00  0.000000e+00 -1.000000e+00
    outer loop
      vertex  5.663119e+00  5.911450e+01  0.000000e+00
      vertex  1.439240e+01  5.922599e+01  0.000000e+00
      vertex  6.062178e+00  5.850000e+01  0.000000e+00
    endloop
  endfacet
  facet normal  0.000000e+00  0.000000e+00 -1.000000e+00
    outer loop
      vertex  6.062178e+00  5.850000e+01  0.000000e+00
      vertex  1.439240e+01  5.922599e+01  0.000000e+00
      vertex  1.465720e+01  5.818848e+01  0.000000e+00
    endloop
  endfacet
  facet normal  -0.000000e+00  0.000000e+00 -1.000000e+00
    outer loop
      vertex  6.062178e+00  5.850000e+01  0.000000e+00
      vertex  1.465720e+01  5.818848e+01  0.000000e+00
      vertex  6.394818e+00  5.784716e+01  0.000000e+00
    endloop
  endfacet
  facet normal  0.000000e+00  0.000000e+00 -1.000000e+00
    outer loop
      vertex  6.394818e+00  5.784716e+01  0.000000e+00
      vertex  1.465720e+01  5.818848e+01  0.000000e+00
      vertex  1.484732e+01  5.713472e+01  0.000000e+00
    endloop
  endfacet
  facet normal  0.000000e+00  0.000000e+00 -1.000000e+00
    outer loop
      vertex  6.394818e+00  5.784716e+01  0.000000e+00
      vertex  1.484732e+01  5.713472e+01  0.000000e+00
      vertex  6.657396e+00  5.716312e+01  0.000000e+00
    endloop
  endfacet
  facet normal  -0.000000e+00  0.000000e+00 -1.000000e+00
    outer loop
      vertex  6.657396e+00  5.716312e+01  0.000000e+00
      vertex  1.484732e+01  5.713472e+01  0.000000e+00
      vertex  6.847033e+00  5.645538e+01  0.000000e+00
    endloop
  endfacet
  facet normal  0.000000e+00  0.000000e+00 -1.000000e+00
    outer loop
      vertex  6.847033e+00  5.645538e+01  0.000000e+00
      vertex  1.484732e+01  5.713472e+01  0.000000e+00
      vertex  1.496178e+01  5.607009e+01  0.000000e+00
    endloop
  endfacet
  facet normal  -0.000000e+00  0.000000e+00 -9.999999e-01
    outer loop
      vertex  6.847033e+00  5.645538e+01  0.000000e+00
      vertex  1.496178e+01  5.607009e+01  0.000000e+00
      vertex  6.961653e+00  5.573170e+01  0.000000e+00
    endloop
  endfacet
  facet normal  0.000000e+00  0.000000e+00 -1.000000e+00
    outer loop
      vertex  1.500000e+01  5.500000e+01  0.000000e+00
      vertex  7.000000e+00  5.500000e+01  0.000000e+00
      vertex  1.496178e+01  5.607009e+01  0.000000e+00
    endloop
  endfacet
  facet normal  0.000000e+00  0.000000e+00 -1.000000e+00
    outer loop
      vertex  1.496178e+01  5.607009e+01  0.000000e+00
      vertex  7.000000e+00  5.500000e+01  0.000000e+00
      vertex  6.961653e+00  5.573170e+01  0.000000e+00
    endloop
  endfacet
  facet normal  0.000000e+00  0.000000e+00  9.999999e-01
    outer loop
      vertex -3.420202e+00  6.439693e+01  2.000000e+01
      vertex -2.588191e+00  6.465926e+01  2.000000e+01
      vertex -1.200812e+01  6.398917e+01  2.000000e+01
    endloop
  endfacet
  facet normal  0.000000e+00  -0.000000e+00  1.000000e+00
    outer loop
      vertex -1.316518e+01  6.218874e+01  2.000000e+01
      vertex -7.071068e+00  6.207107e+01  2.000000e+01
      vertex -6.427876e+00  6.266045e+01  2.000000e+01
    endloop
  endfacet
  facet normal  0.000000e+00  0.000000e+00  1.000000e+00
    outer loop
      vertex  3.420202e+00  6.439693e+01  2.000000e+01
      vertex  1.200812e+01  6.398917e+01  2.000000e+01
      vertex  2.588191e+00  6.465926e+01  2.000000e+01
    endloop
  endfacet
  facet normal  -0.000000e+00  -0.000000e+00  9.999999e-01
    outer loop
      vertex  5.000000e+00  6.366026e+01  2.000000e+01
      vertex  5.735765e+00  6.319152e+01  2.000000e+01
      vertex  1.261880e+01  6.310961e+01  2.000000e+01
    endloop
  endfacet
  facet normal  0.000000e+00  0.000000e+00  1.000000e+00
    outer loop
      vertex  1.103420e-15  6.500000e+01  2.000000e+01
      vertex  1.060660e+01  6.560661e+01  2.000000e+01
      vertex  9.822911e+00  6.633624e+01  2.000000e+01
    endloop
  endfacet
  facet normal  0.000000e+00  0.000000e+00  1.000000e+00
    outer loop
      vertex  1.103420e-15  6.500000e+01  2.000000e+01
      vertex  9.822911e+00  6.633624e+01  2.000000e+01
      vertex  8.989165e+00  6.700812e+01  2.000000e+01
    endloop
  endfacet
  facet normal  0.000000e+00  0.000000e+00  9.999999e-01
    outer loop
      vertex  1.103420e-15  6.500000e+01  2.000000e+01
      vertex  8.989165e+00  6.700812e+01  2.000000e+01
      vertex  8.109612e+00  6.761880e+01  2.000000e+01
    endloop
  endfacet
  facet normal  0.000000e+00  0.000000e+00  1.000000e+00
    outer loop
      vertex  1.103420e-15  6.500000e+01  2.000000e+01
      vertex  8.109612e+00  6.761880e+01  2.000000e+01
      vertex  7.188735e+00  6.816518e+01  2.000000e+01
    endloop
  endfacet
  facet normal  0.000000e+00  0.000000e+00  9.999999e-01
    outer loop
      vertex  1.103420e-15  6.500000e+01  2.000000e+01
      vertex  7.188735e+00  6.816518e+01  2.000000e+01
      vertex  6.231225e+00  6.864448e+01  2.000000e+01
    endloop
  endfacet
  facet normal  0.000000e+00  0.000000e+00  1.000000e+00
    outer loop
      vertex  1.103420e-15  6.500000e+01  2.000000e+01
      vertex  6.231225e+00  6.864448e+01  2.000000e+01
      vertex  5.241963e+00  6.905424e+01  2.000000e+01
    endloop
  endfacet
  facet normal  0.000000e+00  0.000000e+00  1.000000e+00
    outer loop
      vertex  1.103420e-15  6.500000e+01  2.000000e+01
      vertex  5.241963e+00  6.905424e+01  2.000000e+01
      vertex  4.225988e+00  6.939240e+01  2.000000e+01
    endloop
  endfacet
  facet normal  0.000000e+00  0.000000e+00  1.000000e+00
    outer loop
      vertex  1.103420e-15  6.500000e+01  2.000000e+01
      vertex  4.225988e+00  6.939240e+01  2.000000e+01
      vertex  3.188479e+00  6.965720e+01  2.000000e+01
    endloop
  endfacet
  facet normal  0.000000e+00  0.000000e+00  1.000000e+00
    outer loop
      vertex  1.103420e-15  6.500000e+01  2.000000e+01
      vertex  3.188479e+00  6.965720e+01  2.000000e+01
      vertex  2.134722e+00  6.984732e+01  2.000000e+01
    endloop
  endfacet
  facet normal  0.000000e+00  0.000000e+00  1.000000e+00
    outer loop
      vertex  1.103420e-15  6.500000e+01  2.000000e+01
      vertex  2.134722e+00  6.984732e+01  2.000000e+01
      vertex  1.070088e+00  6.996178e+01  2.000000e+01
    endloop
  endfacet
  facet normal  0.000000e+00  0.000000e+00  1.000000e+00
    outer loop
      vertex  1.103420e-15  6.500000e+01  2.000000e+01
      vertex  1.070088e+00  6.996178e+01  2.000000e+01
      vertex -7.226654e-15  7.000000e+01  2.000000e+01
    endloop
  endfacet
  facet normal  0.000000e+00  0.000000e+00  1.000000e+00
    outer loop
      vertex  1.103420e-15  6.500000e+01  2.000000e+01
      vertex -7.226654e-15  7.000000e+01  2.000000e+01
      vertex -1.070088e+00  6.996178e+01  2.000000e+01
    endloop
  endfacet
  facet normal  0.000000e+00  0.000000e+00  1.000000e+00
    outer loop
      vertex  1.103420e-15  6.500000e+01  2.000000e+01
      vertex -1.070088e+00  6.996178e+01  2.000000e+01
      vertex -2.134722e+00  6.984732e+01  2.000000e+01
    endloop
  endfacet
  facet normal  0.000000e+00  0.000000e+00  1.000000e+00
    outer loop
      vertex  1.103420e-15  6.500000e+01  2.000000e+01
      vertex -2.134722e+00  6.984732e+01  2.000000e+01
      vertex -3.188479e+00  6.965720e+01  2.000000e+01
    endloop
  endfacet
  facet normal  0.000000e+00  0.000000e+00  1.000000e+00
    outer loop
      vertex  1.103420e-15  6.500000e+01  2.000000e+01
      vertex -3.188479e+00  6.965720e+01  2.000000e+01
      vertex -4.225988e+00  6.939240e+01  2.000000e+01
    endloop
  endfacet
  facet normal  0.000000e+00  0.000000e+00  1.000000e+00
    outer loop
      vertex  1.103420e-15  6.500000e+01  2.000000e+01
      vertex -4.225988e+00  6.939240e+01  2.000000e+01
      vertex -5.241963e+00  6.905424e+01  2.000000e+01
    endloop
  endfacet
  facet normal  0.000000e+00  0.000000e+00  1.000000e+00
    outer loop
      vertex  1.103420e-15  6.500000e+01  2.000000e+01
      vertex -5.241963e+00  6.905424e+01  2.000000e+01
      vertex -6.231225e+00  6.864448e+01  2.000000e+01
    endloop
  endfacet
  facet normal  0.000000e+00  0.000000e+00  9.999999e-01
    outer loop
      vertex  1.103420e-15  6.500000e+01  2.000000e+01
      vertex -6.231225e+00  6.864448e+01  2.000000e+01
      vertex -7.188735e+00  6.816518e+01  2.000000e+01
    endloop
  endfacet
  facet normal  0.000000e+00  0.000000e+00  1.000000e+00
    outer loop
      vertex  1.103420e-15  6.500000e+01  2.000000e+01
      vertex -7.188735e+00  6.816518e+01  2.000000e+01
      vertex -8.109612e+00  6.761880e+01  2.000000e+01
    endloop
  endfacet
  facet normal  0.000000e+00  0.000000e+00  9.999999e-01
    outer loop
      vertex  1.103420e-15  6.500000e+01  2.000000e+01
      vertex -8.109612e+00  6.761880e+01  2.000000e+01
      vertex -8.989165e+00  6.700812e+01  2.000000e+01
    endloop
  endfacet
  facet normal  0.000000e+00  0.000000e+00  1.000000e+00
    outer loop
      vertex  1.103420e-15  6.500000e+01  2.000000e+01
      vertex -8.989165e+00  6.700812e+01  2.000000e+01
      vertex -9.822911e+00  6.633624e+01  2.000000e+01
    endloop
  endfacet
  facet normal  0.000000e+00  0.000000e+00  1.000000e+00
    outer loop
      vertex  1.103420e-15  6.500000e+01  2.000000e+01
      vertex -9.822911e+00  6.633624e+01  2.000000e+01
      vertex -1.060660e+01  6.560661e+01  2.000000e+01
    endloop
  endfacet
  facet normal  0.000000e+00  0.000000e+00  9.999999e-01
    outer loop
      vertex  1.103420e-15  6.500000e+01  2.000000e+01
      vertex -1.060660e+01  6.560661e+01  2.000000e+01
      vertex -1.133624e+01  6.482291e+01  2.000000e+01
    endloop
  endfacet
  facet normal  0.000000e+00  0.000000e+00  1.000000e+00
    outer loop
      vertex  1.103420e-15  6.500000e+01  2.000000e+01
      vertex -1.133624e+01  6.482291e+01  2.000000e+01
      vertex -8.715574e-01  6.496194e+01  2.000000e+01
    endloop
  endfacet
  facet normal  0.000000e+00  0.000000e+00  1.000000e+00
    outer loop
      vertex -1.500000e+01  3.464102e+01  2.000000e+01
      vertex  1.500000e+01  3.464102e+01  2.000000e+01
      vertex  4.777360e-15  4.500000e+01  2.000000e+01
    endloop
  endfacet
  facet normal  0.000000e+00  0.000000e+00  1.000000e+00
    outer loop
      vertex -1.500000e+01  3.464102e+01  2.000000e+01
      vertex  4.777360e-15  4.500000e+01  2.000000e+01
      vertex -8.715574e-01  4.503805e+01  2.000000e+01
    endloop
  endfacet
  facet normal  0.000000e+00  0.000000e+00  1.000000e+00
    outer loop
      vertex -1.500000e+01  3.464102e+01  2.000000e+01
      vertex -8.715574e-01  4.503805e+01  2.000000e+01
      vertex -1.736482e+00  4.515192e+01  2.000000e+01
    endloop
  endfacet
  facet normal  0.000000e+00  0.000000e+00  1.000000e+00
    outer loop
      vertex -1.500000e+01  3.464102e+01  2.000000e+01
      vertex -1.736482e+00  4.515192e+01  2.000000e+01
      vertex -2.588191e+00  4.534074e+01  2.000000e+01
    endloop
  endfacet
  facet normal  0.000000e+00  0.000000e+00  1.000000e+00
    outer loop
      vertex -1.500000e+01  3.464102e+01  2.000000e+01
      vertex -2.588191e+00  4.534074e+01  2.000000e+01
      vertex -3.420202e+00  4.560307e+01  2.000000e+01
    endloop
  endfacet
  facet normal  0.000000e+00  0.000000e+00  9.999999e-01
    outer loop
      vertex -1.500000e+01  3.464102e+01  2.000000e+01
      vertex -3.420202e+00  4.560307e+01  2.000000e+01
      vertex -4.226182e+00  4.593692e+01  2.000000e+01
    endloop
  endfacet
  facet normal  0.000000e+00  0.000000e+00  1.000000e+00
    outer loop
      vertex -1.500000e+01  3.464102e+01  2.000000e+01
      vertex -4.226182e+00  4.593692e+01  2.000000e+01
      vertex -5.000000e+00  4.633974e+01  2.000000e+01
    endloop
  endfacet
  facet normal  0.000000e+00  0.000000e+00  1.000000e+00
    outer loop
      vertex -1.500000e+01  3.464102e+01  2.000000e+01
      vertex -5.000000e+00  4.633974e+01  2.000000e+01
      vertex -5.735765e+00  4.680848e+01  2.000000e+01
    endloop
  endfacet
  facet normal  0.000000e+00  0.000000e+00  1.000000e+00
    outer loop
      vertex -1.500000e+01  3.464102e+01  2.000000e+01
      vertex -5.735765e+00  4.680848e+01  2.000000e+01
      vertex -6.427876e+00  4.733955e+01  2.000000e+01
    endloop
  endfacet
  facet normal  0.000000e+00  0.000000e+00  1.000000e+00
    outer loop
      vertex -1.500000e+01  3.464102e+01  2.000000e+01
      vertex -6.427876e+00  4.733955e+01  2.000000e+01
      vertex -7.071068e+00  4.792893e+01  2.000000e+01
    endloop
  endfacet
  facet normal  0.000000e+00  0.000000e+00  9.999999e-01
    outer loop
      vertex -1.500000e+01  3.464102e+01  2.000000e+01
      vertex -7.071068e+00  4.792893e+01  2.000000e+01
      vertex -7.660444e+00  4.857212e+01  2.000000e+01
    endloop
  endfacet
  facet normal  0.000000e+00  0.000000e+00  9.999999e-01
    outer loop
      vertex -1.500000e+01  3.464102e+01  2.000000e+01
      vertex -7.660444e+00  4.857212e+01  2.000000e+01
      vertex -8.191521e+00  4.926424e+01  2.000000e+01
    endloop
  endfacet
  facet normal  0.000000e+00  0.000000e+00  1.000000e+00
    outer loop
      vertex -1.500000e+01  3.464102e+01  2.000000e+01
      vertex -8.191521e+00  4.926424e+01  2.000000e+01
      vertex -8.660254e+00  5.000000e+01  2.000000e+01
    endloop
  endfacet
  facet normal  0.000000e+00  0.000000e+00  1.000000e+00
    outer loop
      vertex -1.500000e+01  3.464102e+01  2.000000e+01
      vertex -8.660254e+00  5.000000e+01  2.000000e+01
      vertex -9.063078e+00  5.077382e+01  2.000000e+01
    endloop
  endfacet
  facet normal  0.000000e+00  0.000000e+00  1.000000e+00
    outer loop
      vertex -1.500000e+01  3.464102e+01  2.000000e+01
      vertex -9.063078e+00  5.077382e+01  2.000000e+01
      vertex -9.396926e+00  5.157980e+01  2.000000e+01
    endloop
  endfacet
  facet normal  0.000000e+00  0.000000e+00  1.000000e+00
    outer loop
      vertex -1.500000e+01  3.464102e+01  2.000000e+01
      vertex -9.396926e+00  5.157980e+01  2.000000e+01
      vertex -9.659258e+00  5.241181e+01  2.000000e+01
    endloop
  endfacet
  facet normal  0.000000e+00  0.000000e+00  9.999999e-01
    outer loop
      vertex -1.500000e+01  3.464102e+01  2.000000e+01
      vertex -9.659258e+00  5.241181e+01  2.000000e+01
      vertex -9.848078e+00  5.326352e+01  2.000000e+01
    endloop
  endfacet
  facet normal  0.000000e+00  0.000000e+00  1.000000e+00
    outer loop
      vertex -1.500000e+01  3.464102e+01  2.000000e+01
      vertex -9.848078e+00  5.326352e+01  2.000000e+01
      vertex -9.961947e+00  5.412844e+01  2.000000e+01
    endloop
  endfacet
  facet normal  0.000000e+00  0.000000e+00  9.999999e-01
    outer loop
      vertex -1.500000e+01  3.464102e+01  2.000000e+01
      vertex -9.961947e+00  5.412844e+01  2.000000e+01
      vertex -1.000000e+01  5.500000e+01  2.000000e+01
    endloop
  endfacet
  facet normal  0.000000e+00  0.000000e+00  1.000000e+00
    outer loop
      vertex -1.500000e+01  3.464102e+01  2.000000e+01
      vertex -1.000000e+01  5.500000e+01  2.000000e+01
      vertex -1.500000e+01  5.500000e+01  2.000000e+01
    endloop
  endfacet
  facet normal  0.000000e+00  0.000000e+00  9.999999e-01
    outer loop
      vertex  1.133624e+01  6.482291e+01  2.000000e+01
      vertex  1.060660e+01  6.560661e+01  2.000000e+01
      vertex  1.103420e-15  6.500000e+01  2.000000e+01
    endloop
  endfacet
  facet normal  0.000000e+00  0.000000e+00  1.000000e+00
    outer loop
      vertex  1.133624e+01  6.482291e+01  2.000000e+01
      vertex  1.103420e-15  6.500000e+01  2.000000e+01
      vertex  8.715574e-01  6.496194e+01  2.000000e+01
    endloop
  endfacet
  facet normal  0.000000e+00  0.000000e+00  1.000000e+00
    outer loop
      vertex  1.133624e+01  6.482291e+01  2.000000e+01
      vertex  8.715574e-01  6.496194e+01  2.000000e+01
      vertex  1.736482e+00  6.484808e+01  2.000000e+01
    endloop
  endfacet
  facet normal  0.000000e+00  0.000000e+00  1.000000e+00
    outer loop
      vertex  1.133624e+01  6.482291e+01  2.000000e+01
      vertex  1.736482e+00  6.484808e+01  2.000000e+01
      vertex  2.588191e+00  6.465926e+01  2.000000e+01
    endloop
  endfacet
  facet normal  -0.000000e+00  0.000000e+00  1.000000e+00
    outer loop
      vertex  1.133624e+01  6.482291e+01  2.000000e+01
      vertex  2.588191e+00  6.465926e+01  2.000000e+01
      vertex  1.200812e+01  6.398917e+01  2.000000e+01
    endloop
  endfacet
  facet normal  0.000000e+00  0.000000e+00  1.000000e+00
    outer loop
      vertex  1.500000e+01  3.464102e+01  2.000000e+01
      vertex  1.500000e+01  5.500000e+01  2.000000e+01
      vertex  1.000000e+01  5.500000e+01  2.000000e+01
    endloop
  endfacet
  facet normal  0.000000e+00  0.000000e+00  1.000000e+00
    outer loop
      vertex  1.500000e+01  3.464102e+01  2.000000e+01
      vertex  1.000000e+01  5.500000e+01  2.000000e+01
      vertex  9.961947e+00  5.412844e+01  2.000000e+01
    endloop
  endfacet
  facet normal  0.000000e+00  0.000000e+00  1.000000e+00
    outer loop
      vertex  1.500000e+01  3.464102e+01  2.000000e+01
      vertex  9.961947e+00  5.412844e+01  2.000000e+01
      vertex  9.848078e+00  5.326352e+01  2.000000e+01
    endloop
  endfacet
  facet normal  0.000000e+00  0.000000e+00  9.999999e-01
    outer loop
      vertex  1.500000e+01  3.464102e+01  2.000000e+01
      vertex  9.848078e+00  5.326352e+01  2.000000e+01
      vertex  9.659258e+00  5.241181e+01  2.000000e+01
    endloop
  endfacet
  facet normal  0.000000e+00  0.000000e+00  1.000000e+00
    outer loop
      vertex  1.500000e+01  3.464102e+01  2.000000e+01
      vertex  9.659258e+00  5.241181e+01  2.000000e+01
      vertex  9.396926e+00  5.157980e+01  2.000000e+01
    endloop
  endfacet
  facet normal  0.000000e+00  0.000000e+00  1.000000e+00
    outer loop
      vertex  1.500000e+01  3.464102e+01  2.000000e+01
      vertex  9.396926e+00  5.157980e+01  2.000000e+01
      vertex  9.063078e+00  5.077382e+01  2.000000e+01
    endloop
  endfacet
  facet normal  0.000000e+00  0.000000e+00  1.000000e+00
    outer loop
      vertex  1.500000e+01  3.464102e+01  2.000000e+01
      vertex  9.063078e+00  5.077382e+01  2.000000e+01
      vertex  8.660254e+00  5.000000e+01  2.000000e+01
    endloop
  endfacet
  facet normal  0.000000e+00  0.000000e+00  1.000000e+00
    outer loop
      vertex  1.500000e+01  3.464102e+01  2.000000e+01
      vertex  8.660254e+00  5.000000e+01  2.000000e+01
      vertex  8.191521e+00  4.926424e+01  2.000000e+01
    endloop
  endfacet
  facet normal  0.000000e+00  0.000000e+00  9.999999e-01
    outer loop
      vertex  1.500000e+01  3.464102e+01  2.000000e+01
      vertex  8.191521e+00  4.926424e+01  2.000000e+01
      vertex  7.660444e+00  4.857212e+01  2.000000e+01
    endloop
  endfacet
  facet normal  0.000000e+00  0.000000e+00  9.999999e-01
    outer loop
      vertex  1.500000e+01  3.464102e+01  2.000000e+01
      vertex  7.660444e+00  4.857212e+01  2.000000e+01
      vertex  7.071068e+00  4.792893e+01  2.000000e+01
    endloop
  endfacet
  facet normal  0.000000e+00  0.000000e+00  1.000000e+00
    outer loop
      vertex  1.500000e+01  3.464102e+01  2.000000e+01
      vertex  7.071068e+00  4.792893e+01  2.000000e+01
      vertex  6.427876e+00  4.733955e+01  2.000000e+01
    endloop
  endfacet
  facet normal  0.000000e+00  0.000000e+00  1.000000e+00
    outer loop
      vertex  1.500000e+01  3.464102e+01  2.000000e+01
      vertex  6.427876e+00  4.733955e+01  2.000000e+01
      vertex  5.735765e+00  4.680848e+01  2.000000e+01
    endloop
  endfacet
  facet normal  0.000000e+00  0.000000e+00  1.000000e+00
    outer loop
      vertex  1.500000e+01  3.464102e+01  2.000000e+01
      vertex  5.735765e+00  4.680848e+01  2.000000e+01
      vertex  5.000000e+00  4.633974e+01  2.000000e+01
    endloop
  endfacet
  facet normal  0.000000e+00  0.000000e+00  1.000000e+00
    outer loop
      vertex  1.500000e+01  3.464102e+01  2.000000e+01
      vertex  5.000000e+00  4.633974e+01  2.000000e+01
      vertex  4.226182e+00  4.593692e+01  2.000000e+01
    endloop
  endfacet
  facet normal  0.000000e+00  0.000000e+00  1.000000e+00
    outer loop
      vertex  1.500000e+01  3.464102e+01  2.000000e+01
      vertex  4.226182e+00  4.593692e+01  2.000000e+01
      vertex  3.420202e+00  4.560307e+01  2.000000e+01
    endloop
  endfacet
  facet normal  0.000000e+00  0.000000e+00  1.000000e+00
    outer loop
      vertex  1.500000e+01  3.464102e+01  2.000000e+01
      vertex  3.420202e+00  4.560307e+01  2.000000e+01
      vertex  2.588191e+00  4.534074e+01  2.000000e+01
    endloop
  endfacet
  facet normal  0.000000e+00  0.000000e+00  1.000000e+00
    outer loop
      vertex  1.500000e+01  3.464102e+01  2.000000e+01
      vertex  2.588191e+00  4.534074e+01  2.000000e+01
      vertex  1.736482e+00  4.515192e+01  2.000000e+01
    endloop
  endfacet
  facet normal  0.000000e+00  0.000000e+00  1.000000e+00
    outer loop
      vertex  1.500000e+01  3.464102e+01  2.000000e+01
      vertex  1.736482e+00  4.515192e+01  2.000000e+01
      vertex  8.715574e-01  4.503805e+01  2.000000e+01
    endloop
  endfacet
  facet normal  0.000000e+00  0.000000e+00  1.000000e+00
    outer loop
      vertex  1.500000e+01  3.464102e+01  2.000000e+01
      vertex  8.715574e-01  4.503805e+01  2.000000e+01
      vertex  4.777360e-15  4.500000e+01  2.000000e+01
    endloop
  endfacet
  facet normal  0.000000e+00  0.000000e+00  1.000000e+00
    outer loop
      vertex -8.715574e-01  6.496194e+01  2.000000e+01
      vertex -1.133624e+01  6.482291e+01  2.000000e+01
      vertex -1.736482e+00  6.484808e+01  2.000000e+01
    endloop
  endfacet
  facet normal  0.000000e+00  0.000000e+00  1.000000e+00
    outer loop
      vertex -1.736482e+00  6.484808e+01  2.000000e+01
      vertex -1.133624e+01  6.482291e+01  2.000000e+01
      vertex -1.200812e+01  6.398917e+01  2.000000e+01
    endloop
  endfacet
  facet normal  0.000000e+00  0.000000e+00  1.000000e+00
    outer loop
      vertex -1.736482e+00  6.484808e+01  2.000000e+01
      vertex -1.200812e+01  6.398917e+01  2.000000e+01
      vertex -2.588191e+00  6.465926e+01  2.000000e+01
    endloop
  endfacet
  facet normal  0.000000e+00  0.000000e+00  1.000000e+00
    outer loop
      vertex -3.420202e+00  6.439693e+01  2.000000e+01
      vertex -1.200812e+01  6.398917e+01  2.000000e+01
      vertex -4.226182e+00  6.406308e+01  2.000000e+01
    endloop
  endfacet
  facet normal  0.000000e+00  0.000000e+00  1.000000e+00
    outer loop
      vertex -4.226182e+00  6.406308e+01  2.000000e+01
      vertex -1.200812e+01  6.398917e+01  2.000000e+01
      vertex -1.261880e+01  6.310961e+01  2.000000e+01
    endloop
  endfacet
  facet normal  0.000000e+00  0.000000e+00  1.000000e+00
    outer loop
      vertex -4.226182e+00  6.406308e+01  2.000000e+01
      vertex -1.261880e+01  6.310961e+01  2.000000e+01
      vertex -5.000000e+00  6.366026e+01  2.000000e+01
    endloop
  endfacet
  facet normal  0.000000e+00  0.000000e+00  9.999999e-01
    outer loop
      vertex -5.000000e+00  6.366026e+01  2.000000e+01
      vertex -1.261880e+01  6.310961e+01  2.000000e+01
      vertex -5.735765e+00  6.319152e+01  2.000000e+01
    endloop
  endfacet
  facet normal  0.000000e+00  0.000000e+00  1.000000e+00
    outer loop
      vertex -5.735765e+00  6.319152e+01  2.000000e+01
      vertex -1.261880e+01  6.310961e+01  2.000000e+01
      vertex -1.316518e+01  6.218874e+01  2.000000e+01
    endloop
  endfacet
  facet normal  0.000000e+00  0.000000e+00  1.000000e+00
    outer loop
      vertex -5.735765e+00  6.319152e+01  2.000000e+01
      vertex -1.316518e+01  6.218874e+01  2.000000e+01
      vertex -6.427876e+00  6.266045e+01  2.000000e+01
    endloop
  endfacet
  facet normal  0.000000e+00  0.000000e+00  1.000000e+00
    outer loop
      vertex -8.660254e+00  6.000000e+01  2.000000e+01
      vertex -8.191521e+00  6.073576e+01  2.000000e+01
      vertex -1.405425e+01  6.024196e+01  2.000000e+01
    endloop
  endfacet
  facet normal  0.000000e+00  0.000000e+00  1.000000e+00
    outer loop
      vertex -1.405425e+01  6.024196e+01  2.000000e+01
      vertex -8.191521e+00  6.073576e+01  2.000000e+01
      vertex -7.660444e+00  6.142788e+01  2.000000e+01
    endloop
  endfacet
  facet normal  0.000000e+00  0.000000e+00  1.000000e+00
    outer loop
      vertex -1.405425e+01  6.024196e+01  2.000000e+01
      vertex -7.660444e+00  6.142788e+01  2.000000e+01
      vertex -1.364448e+01  6.123122e+01  2.000000e+01
    endloop
  endfacet
  facet normal  0.000000e+00  0.000000e+00  9.999999e-01
    outer loop
      vertex -1.364448e+01  6.123122e+01  2.000000e+01
      vertex -7.660444e+00  6.142788e+01  2.000000e+01
      vertex -7.071068e+00  6.207107e+01  2.000000e+01
    endloop
  endfacet
  facet normal  0.000000e+00  0.000000e+00  1.000000e+00
    outer loop
      vertex -1.364448e+01  6.123122e+01  2.000000e+01
      vertex -7.071068e+00  6.207107e+01  2.000000e+01
      vertex -1.316518e+01  6.218874e+01  2.000000e+01
    endloop
  endfacet
  facet normal  0.000000e+00  0.000000e+00  1.000000e+00
    outer loop
      vertex -9.848078e+00  5.673648e+01  2.000000e+01
      vertex -9.659258e+00  5.758819e+01  2.000000e+01
      vertex -1.484732e+01  5.713472e+01  2.000000e+01
    endloop
  endfacet
  facet normal  0.000000e+00  0.000000e+00  1.000000e+00
    outer loop
      vertex -1.484732e+01  5.713472e+01  2.000000e+01
      vertex -9.659258e+00  5.758819e+01  2.000000e+01
      vertex -9.396926e+00  5.842020e+01  2.000000e+01
    endloop
  endfacet
  facet normal  0.000000e+00  0.000000e+00  1.000000e+00
    outer loop
      vertex -1.484732e+01  5.713472e+01  2.000000e+01
      vertex -9.396926e+00  5.842020e+01  2.000000e+01
      vertex -1.465720e+01  5.818848e+01  2.000000e+01
    endloop
  endfacet
  facet normal  0.000000e+00  0.000000e+00  1.000000e+00
    outer loop
      vertex -1.465720e+01  5.818848e+01  2.000000e+01
      vertex -9.396926e+00  5.842020e+01  2.000000e+01
      vertex -9.063078e+00  5.922618e+01  2.000000e+01
    endloop
  endfacet
  facet normal  0.000000e+00  0.000000e+00  1.000000e+00
    outer loop
      vertex -1.465720e+01  5.818848e+01  2.000000e+01
      vertex -9.063078e+00  5.922618e+01  2.000000e+01
      vertex -1.439240e+01  5.922599e+01  2.000000e+01
    endloop
  endfacet
  facet normal  0.000000e+00  0.000000e+00  1.000000e+00
    outer loop
      vertex -1.439240e+01  5.922599e+01  2.000000e+01
      vertex -9.063078e+00  5.922618e+01  2.000000e+01
      vertex -8.660254e+00  6.000000e+01  2.000000e+01
    endloop
  endfacet
  facet normal  0.000000e+00  0.000000e+00  1.000000e+00
    outer loop
      vertex -1.439240e+01  5.922599e+01  2.000000e+01
      vertex -8.660254e+00  6.000000e+01  2.000000e+01
      vertex -1.405425e+01  6.024196e+01  2.000000e+01
    endloop
  endfacet
  facet normal  0.000000e+00  0.000000e+00  1.000000e+00
    outer loop
      vertex -1.484732e+01  5.713472e+01  2.000000e+01
      vertex -1.496178e+01  5.607009e+01  2.000000e+01
      vertex -9.848078e+00  5.673648e+01  2.000000e+01
    endloop
  endfacet
  facet normal  0.000000e+00  0.000000e+00  1.000000e+00
    outer loop
      vertex -9.848078e+00  5.673648e+01  2.000000e+01
      vertex -1.496178e+01  5.607009e+01  2.000000e+01
      vertex -9.961947e+00  5.587156e+01  2.000000e+01
    endloop
  endfacet
  facet normal  0.000000e+00  0.000000e+00  1.000000e+00
    outer loop
      vertex -1.496178e+01  5.607009e+01  2.000000e+01
      vertex -1.500000e+01  5.500000e+01  2.000000e+01
      vertex -9.961947e+00  5.587156e+01  2.000000e+01
    endloop
  endfacet
  facet normal  0.000000e+00  0.000000e+00  1.000000e+00
    outer loop
      vertex -9.961947e+00  5.587156e+01  2.000000e+01
      vertex -1.500000e+01  5.500000e+01  2.000000e+01
      vertex -1.000000e+01  5.500000e+01  2.000000e+01
    endloop
  endfacet
  facet normal  -0.000000e+00  -0.000000e+00  1.000000e+00
    outer loop
      vertex  3.420202e+00  6.439693e+01  2.000000e+01
      vertex  4.226182e+00  6.406308e+01  2.000000e+01
      vertex  1.200812e+01  6.398917e+01  2.000000e+01
    endloop
  endfacet
  facet normal  0.000000e+00  0.000000e+00  1.000000e+00
    outer loop
      vertex  1.200812e+01  6.398917e+01  2.000000e+01
      vertex  4.226182e+00  6.406308e+01  2.000000e+01
      vertex  5.000000e+00  6.366026e+01  2.000000e+01
    endloop
  endfacet
  facet normal  -0.000000e+00  0.000000e+00  1.000000e+00
    outer loop
      vertex  1.200812e+01  6.398917e+01  2.000000e+01
      vertex  5.000000e+00  6.366026e+01  2.000000e+01
      vertex  1.261880e+01  6.310961e+01  2.000000e+01
    endloop
  endfacet
  facet normal  0.000000e+00  0.000000e+00  1.000000e+00
    outer loop
      vertex  7.071068e+00  6.207107e+01  2.000000e+01
      vertex  1.316518e+01  6.218874e+01  2.000000e+01
      vertex  6.427876e+00  6.266045e+01  2.000000e+01
    endloop
  endfacet
  facet normal  -0.000000e+00  0.000000e+00  9.999999e-01
    outer loop
      vertex  6.427876e+00  6.266045e+01  2.000000e+01
      vertex  1.316518e+01  6.218874e+01  2.000000e+01
      vertex  1.261880e+01  6.310961e+01  2.000000e+01
    endloop
  endfacet
  facet normal  0.000000e+00  0.000000e+00  1.000000e+00
    outer loop
      vertex  6.427876e+00  6.266045e+01  2.000000e+01
      vertex  1.261880e+01  6.310961e+01  2.000000e+01
      vertex  5.735765e+00  6.319152e+01  2.000000e+01
    endloop
  endfacet
  facet normal  0.000000e+00  0.000000e+00  1.000000e+00
    outer loop
      vertex  8.660254e+00  6.000000e+01  2.000000e+01
      vertex  1.405425e+01  6.024196e+01  2.000000e+01
      vertex  8.191521e+00  6.073576e+01  2.000000e+01
    endloop
  endfacet
  facet normal  -0.000000e+00  0.000000e+00  1.000000e+00
    outer loop
      vertex  8.191521e+00  6.073576e+01  2.000000e+01
      vertex  1.405425e+01  6.024196e+01  2.000000e+01
      vertex  1.364448e+01  6.123122e+01  2.000000e+01
    endloop
  endfacet
  facet normal  0.000000e+00  0.000000e+00  1.000000e+00
    outer loop
      vertex  8.191521e+00  6.073576e+01  2.000000e+01
      vertex  1.364448e+01  6.123122e+01  2.000000e+01
      vertex  7.660444e+00  6.142788e+01  2.000000e+01
    endloop
  endfacet
  facet normal  -0.000000e+00  0.000000e+00  1.000000e+00
    outer loop
      vertex  7.660444e+00  6.142788e+01  2.000000e+01
      vertex  1.364448e+01  6.123122e+01  2.000000e+01
      vertex  1.316518e+01  6.218874e+01  2.000000e+01
    endloop
  endfacet
  facet normal  0.000000e+00  0.000000e+00  1.000000e+00
    outer loop
      vertex  7.660444e+00  6.142788e+01  2.000000e+01
      vertex  1.316518e+01  6.218874e+01  2.000000e+01
      vertex  7.071068e+00  6.207107e+01  2.000000e+01
    endloop
  endfacet
  facet normal  0.000000e+00  0.000000e+00  1.000000e+00
    outer loop
      vertex  9.848078e+00  5.673648e+01  2.000000e+01
      vertex  1.484732e+01  5.713472e+01  2.000000e+01
      vertex  9.659258e+00  5.758819e+01  2.000000e+01
    endloop
  endfacet
  facet normal  -0.000000e+00  0.000000e+00  1.000000e+00
    outer loop
      vertex  9.659258e+00  5.758819e+01  2.000000e+01
      vertex  1.484732e+01  5.713472e+01  2.000000e+01
      vertex  1.465720e+01  5.818848e+01  2.000000e+01
    endloop
  endfacet
  facet normal  0.000000e+00  0.000000e+00  1.000000e+00
    outer loop
      vertex  9.659258e+00  5.758819e+01  2.000000e+01
      vertex  1.465720e+01  5.818848e+01  2.000000e+01
      vertex  9.396926e+00  5.842020e+01  2.000000e+01
    endloop
  endfacet
  facet normal  -0.000000e+00  0.000000e+00  1.000000e+00
    outer loop
      vertex  9.396926e+00  5.842020e+01  2.000000e+01
      vertex  1.465720e+01  5.818848e+01  2.000000e+01
      vertex  1.439240e+01  5.922599e+01  2.000000e+01
    endloop
  endfacet
  facet normal  0.000000e+00  0.000000e+00  1.000000e+00
    outer loop
      vertex  9.396926e+00  5.842020e+01  2.000000e+01
      vertex  1.439240e+01  5.922599e+01  2.000000e+01
      vertex  9.063078e+00  5.922618e+01  2.000000e+01
    endloop
  endfacet
  facet normal  -0.000000e+00  0.000000e+00  1.000000e+00
    outer loop
      vertex  9.063078e+00  5.922618e+01  2.000000e+01
      vertex  1.439240e+01  5.922599e+01  2.000000e+01
      vertex  1.405425e+01  6.024196e+01  2.000000e+01
    endloop
  endfacet
  facet normal  0.000000e+00  0.000000e+00  1.000000e+00
    outer loop
      vertex  9.063078e+00  5.922618e+01  2.000000e+01
      vertex  1.405425e+01  6.024196e+01  2.000000e+01
      vertex  8.660254e+00  6.000000e+01  2.000000e+01
    endloop
  endfacet
  facet normal  0.000000e+00  -0.000000e+00  1.000000e+00
    outer loop
      vertex  9.848078e+00  5.673648e+01  2.000000e+01
      vertex  9.961947e+00  5.587156e+01  2.000000e+01
      vertex  1.484732e+01  5.713472e+01  2.000000e+01
    endloop
  endfacet
  facet normal  0.000000e+00  0.000000e+00  1.000000e+00
    outer loop
      vertex  1.484732e+01  5.713472e+01  2.000000e+01
      vertex  9.961947e+00  5.587156e+01  2.000000e+01
      vertex  1.496178e+01  5.607009e+01  2.000000e+01
    endloop
  endfacet
  facet normal  0.000000e+00  -0.000000e+00  9.999999e-01
    outer loop
      vertex  9.961947e+00  5.587156e+01  2.000000e+01
      vertex  1.000000e+01  5.500000e+01  2.000000e+01
      vertex  1.496178e+01  5.607009e+01  2.000000e+01
    endloop
  endfacet
  facet normal  0.000000e+00  0.000000e+00  1.000000e+00
    outer loop
      vertex  1.496178e+01  5.607009e+01  2.000000e+01
      vertex  1.000000e+01  5.500000e+01  2.000000e+01
      vertex  1.500000e+01  5.500000e+01  2.000000e+01
    endloop
  endfacet
  facet normal  5.233406e-02  9.986296e-01  -0.000000e+00
    outer loop
      vertex  3.981340e-15  4.800000e+01  1.500000e+01
      vertex -7.316992e-01  4.803835e+01  0.000000e+00
      vertex -7.316992e-01  4.803835e+01  1.500000e+01
    endloop
  endfacet
  facet normal  1.564347e-01  9.876884e-01  0.000000e+00
    outer loop
      vertex -7.316992e-01  4.803835e+01  1.500000e+01
      vertex -7.316992e-01  4.803835e+01  0.000000e+00
      vertex -1.455382e+00  4.815297e+01  0.000000e+00
    endloop
  endfacet
  facet normal  1.564347e-01  9.876884e-01  -0.000000e+00
    outer loop
      vertex -7.316992e-01  4.803835e+01  1.500000e+01
      vertex -1.455382e+00  4.815297e+01  0.000000e+00
      vertex -1.455382e+00  4.815297e+01  1.500000e+01
    endloop
  endfacet
  facet normal  2.588221e-01  9.659250e-01  0.000000e+00
    outer loop
      vertex -1.455382e+00  4.815297e+01  1.500000e+01
      vertex -1.455382e+00  4.815297e+01  0.000000e+00
      vertex -2.163119e+00  4.834261e+01  0.000000e+00
    endloop
  endfacet
  facet normal  2.588221e-01  9.659250e-01  -0.000000e+00
    outer loop
      vertex -1.455382e+00  4.815297e+01  1.500000e+01
      vertex -2.163119e+00  4.834261e+01  0.000000e+00
      vertex -2.163119e+00  4.834261e+01  1.500000e+01
    endloop
  endfacet
  facet normal  3.583676e-01  9.335806e-01  0.000000e+00
    outer loop
      vertex -2.163119e+00  4.834261e+01  1.500000e+01
      vertex -2.163119e+00  4.834261e+01  0.000000e+00
      vertex -2.847157e+00  4.860518e+01  0.000000e+00
    endloop
  endfacet
  facet normal  3.583676e-01  9.335806e-01  -0.000000e+00
    outer loop
      vertex -2.163119e+00  4.834261e+01  1.500000e+01
      vertex -2.847157e+00  4.860518e+01  0.000000e+00
      vertex -2.847157e+00  4.860518e+01  1.500000e+01
    endloop
  endfacet
  facet normal  4.539877e-01  8.910080e-01  0.000000e+00
    outer loop
      vertex -2.847157e+00  4.860518e+01  1.500000e+01
      vertex -2.847157e+00  4.860518e+01  0.000000e+00
      vertex -3.500000e+00  4.893782e+01  0.000000e+00
    endloop
  endfacet
  facet normal  4.539877e-01  8.910080e-01  -0.000000e+00
    outer loop
      vertex -2.847157e+00  4.860518e+01  1.500000e+01
      vertex -3.500000e+00  4.893782e+01  0.000000e+00
      vertex -3.500000e+00  4.893782e+01  1.500000e+01
    endloop
  endfacet
  facet normal  5.446395e-01  8.386703e-01  0.000000e+00
    outer loop
      vertex -3.500000e+00  4.893782e+01  1.500000e+01
      vertex -3.500000e+00  4.893782e+01  0.000000e+00
      vertex -4.114497e+00  4.933688e+01  0.000000e+00
    endloop
  endfacet
  facet normal  5.446395e-01  8.386703e-01  -0.000000e+00
    outer loop
      vertex -3.500000e+00  4.893782e+01  1.500000e+01
      vertex -4.114497e+00  4.933688e+01  0.000000e+00
      vertex -4.114497e+00  4.933688e+01  1.500000e+01
    endloop
  endfacet
  facet normal  6.293206e-01  7.771459e-01  0.000000e+00
    outer loop
      vertex -4.114497e+00  4.933688e+01  1.500000e+01
      vertex -4.114497e+00  4.933688e+01  0.000000e+00
      vertex -4.683914e+00  4.979799e+01  0.000000e+00
    endloop
  endfacet
  facet normal  6.293206e-01  7.771459e-01  -0.000000e+00
    outer loop
      vertex -4.114497e+00  4.933688e+01  1.500000e+01
      vertex -4.683914e+00  4.979799e+01  0.000000e+00
      vertex -4.683914e+00  4.979799e+01  1.500000e+01
    endloop
  endfacet
  facet normal  7.071074e-01  7.071061e-01  0.000000e+00
    outer loop
      vertex -4.683914e+00  4.979799e+01  1.500000e+01
      vertex -4.683914e+00  4.979799e+01  0.000000e+00
      vertex -5.202014e+00  5.031609e+01  0.000000e+00
    endloop
  endfacet
  facet normal  7.071074e-01  7.071061e-01  -0.000000e+00
    outer loop
      vertex -4.683914e+00  4.979799e+01  1.500000e+01
      vertex -5.202014e+00  5.031609e+01  0.000000e+00
      vertex -5.202014e+00  5.031609e+01  1.500000e+01
    endloop
  endfacet
  facet normal  7.771454e-01  6.293211e-01  0.000000e+00
    outer loop
      vertex -5.202014e+00  5.031609e+01  1.500000e+01
      vertex -5.202014e+00  5.031609e+01  0.000000e+00
      vertex -5.663119e+00  5.088550e+01  0.000000e+00
    endloop
  endfacet
  facet normal  7.771454e-01  6.293211e-01  -0.000000e+00
    outer loop
      vertex -5.202014e+00  5.031609e+01  1.500000e+01
      vertex -5.663119e+00  5.088550e+01  0.000000e+00
      vertex -5.663119e+00  5.088550e+01  1.500000e+01
    endloop
  endfacet
  facet normal  8.386711e-01  5.446381e-01  0.000000e+00
    outer loop
      vertex -5.663119e+00  5.088550e+01  1.500000e+01
      vertex -5.663119e+00  5.088550e+01  0.000000e+00
      vertex -6.062178e+00  5.150000e+01  0.000000e+00
    endloop
  endfacet
  facet normal  8.386711e-01  5.446381e-01  -0.000000e+00
    outer loop
      vertex -5.663119e+00  5.088550e+01  1.500000e+01
      vertex -6.062178e+00  5.150000e+01  0.000000e+00
      vertex -6.062178e+00  5.150000e+01  1.500000e+01
    endloop
  endfacet
  facet normal  8.910064e-01  4.539908e-01  0.000000e+00
    outer loop
      vertex -6.062178e+00  5.150000e+01  1.500000e+01
      vertex -6.062178e+00  5.150000e+01  0.000000e+00
      vertex -6.394818e+00  5.215284e+01  0.000000e+00
    endloop
  endfacet
  facet normal  8.910064e-01  4.539908e-01  -0.000000e+00
    outer loop
      vertex -6.062178e+00  5.150000e+01  1.500000e+01
      vertex -6.394818e+00  5.215284e+01  0.000000e+00
      vertex -6.394818e+00  5.215284e+01  1.500000e+01
    endloop
  endfacet
  facet normal  9.335801e-01  3.583687e-01  0.000000e+00
    outer loop
      vertex -6.394818e+00  5.215284e+01  1.500000e+01
      vertex -6.394818e+00  5.215284e+01  0.000000e+00
      vertex -6.657396e+00  5.283688e+01  0.000000e+00
    endloop
  endfacet
  facet normal  9.335801e-01  3.583687e-01  -0.000000e+00
    outer loop
      vertex -6.394818e+00  5.215284e+01  1.500000e+01
      vertex -6.657396e+00  5.283688e+01  0.000000e+00
      vertex -6.657396e+00  5.283688e+01  1.500000e+01
    endloop
  endfacet
  facet normal  9.659259e-01  2.588186e-01  0.000000e+00
    outer loop
      vertex -6.657396e+00  5.283688e+01  1.500000e+01
      vertex -6.657396e+00  5.283688e+01  0.000000e+00
      vertex -6.847033e+00  5.354462e+01  0.000000e+00
    endloop
  endfacet
  facet normal  9.659259e-01  2.588186e-01  -0.000000e+00
    outer loop
      vertex -6.657396e+00  5.283688e+01  1.500000e+01
      vertex -6.847033e+00  5.354462e+01  0.000000e+00
      vertex -6.847033e+00  5.354462e+01  1.500000e+01
    endloop
  endfacet
  facet normal  9.876883e-01  1.564347e-01  0.000000e+00
    outer loop
      vertex -6.847033e+00  5.354462e+01  1.500000e+01
      vertex -6.847033e+00  5.354462e+01  0.000000e+00
      vertex -6.961653e+00  5.426830e+01  0.000000e+00
    endloop
  endfacet
  facet normal  9.876883e-01  1.564347e-01  -0.000000e+00
    outer loop
      vertex -6.847033e+00  5.354462e+01  1.500000e+01
      vertex -6.961653e+00  5.426830e+01  0.000000e+00
      vertex -6.961653e+00  5.426830e+01  1.500000e+01
    endloop
  endfacet
  facet normal  9.986295e-01  5.233588e-02  0.000000e+00
    outer loop
      vertex -6.961653e+00  5.426830e+01  1.500000e+01
      vertex -6.961653e+00  5.426830e+01  0.000000e+00
      vertex -7.000000e+00  5.500000e+01  0.000000e+00
    endloop
  endfacet
  facet normal  9.986295e-01  5.233588e-02  -0.000000e+00
    outer loop
      vertex -6.961653e+00  5.426830e+01  1.500000e+01
      vertex -7.000000e+00  5.500000e+01  0.000000e+00
      vertex -7.000000e+00  5.500000e+01  1.500000e+01
    endloop
  endfacet
  facet normal  5.233406e-02  9.986296e-01 -9.350344e-18
    outer loop
      vertex -7.316992e-01  4.803835e+01  0.000000e+00
      vertex  3.981340e-15  4.800000e+01  1.500000e+01
      vertex  1.301342e-15  4.800000e+01  0.000000e+00
    endloop
  endfacet
  facet normal -5.233406e-02  9.986296e-01  9.350344e-18
    outer loop
      vertex  1.301342e-15  4.800000e+01  0.000000e+00
      vertex  3.981340e-15  4.800000e+01  1.500000e+01
      vertex  7.316992e-01  4.803835e+01  1.500000e+01
    endloop
  endfacet
  facet normal -5.233406e-02  9.986296e-01  0.000000e+00
    outer loop
      vertex  1.301342e-15  4.800000e+01  0.000000e+00
      vertex  7.316992e-01  4.803835e+01  1.500000e+01
      vertex  7.316992e-01  4.803835e+01  0.000000e+00
    endloop
  endfacet
  facet normal -1.564347e-01  9.876884e-01  0.000000e+00
    outer loop
      vertex  7.316992e-01  4.803835e+01  0.000000e+00
      vertex  7.316992e-01  4.803835e+01  1.500000e+01
      vertex  1.455382e+00  4.815297e+01  1.500000e+01
    endloop
  endfacet
  facet normal -1.564347e-01  9.876884e-01  0.000000e+00
    outer loop
      vertex  7.316992e-01  4.803835e+01  0.000000e+00
      vertex  1.455382e+00  4.815297e+01  1.500000e+01
      vertex  1.455382e+00  4.815297e+01  0.000000e+00
    endloop
  endfacet
  facet normal -2.588221e-01  9.659250e-01  0.000000e+00
    outer loop
      vertex  1.455382e+00  4.815297e+01  0.000000e+00
      vertex  1.455382e+00  4.815297e+01  1.500000e+01
      vertex  2.163119e+00  4.834261e+01  1.500000e+01
    endloop
  endfacet
  facet normal -2.588221e-01  9.659250e-01  0.000000e+00
    outer loop
      vertex  1.455382e+00  4.815297e+01  0.000000e+00
      vertex  2.163119e+00  4.834261e+01  1.500000e+01
      vertex  2.163119e+00  4.834261e+01  0.000000e+00
    endloop
  endfacet
  facet normal -3.583676e-01  9.335806e-01  0.000000e+00
    outer loop
      vertex  2.163119e+00  4.834261e+01  0.000000e+00
      vertex  2.163119e+00  4.834261e+01  1.500000e+01
      vertex  2.847157e+00  4.860518e+01  1.500000e+01
    endloop
  endfacet
  facet normal -3.583676e-01  9.335806e-01  0.000000e+00
    outer loop
      vertex  2.163119e+00  4.834261e+01  0.000000e+00
      vertex  2.847157e+00  4.860518e+01  1.500000e+01
      vertex  2.847157e+00  4.860518e+01  0.000000e+00
    endloop
  endfacet
  facet normal -4.539877e-01  8.910080e-01  0.000000e+00
    outer loop
      vertex  2.847157e+00  4.860518e+01  0.000000e+00
      vertex  2.847157e+00  4.860518e+01  1.500000e+01
      vertex  3.500000e+00  4.893782e+01  1.500000e+01
    endloop
  endfacet
  facet normal -4.539877e-01  8.910080e-01  0.000000e+00
    outer loop
      vertex  2.847157e+00  4.860518e+01  0.000000e+00
      vertex  3.500000e+00  4.893782e+01  1.500000e+01
      vertex  3.500000e+00  4.893782e+01  0.000000e+00
    endloop
  endfacet
  facet normal -5.446395e-01  8.386703e-01  0.000000e+00
    outer loop
      vertex  3.500000e+00  4.893782e+01  0.000000e+00
      vertex  3.500000e+00  4.893782e+01  1.500000e+01
      vertex  4.114497e+00  4.933688e+01  1.500000e+01
    endloop
  endfacet
  facet normal -5.446395e-01  8.386703e-01  0.000000e+00
    outer loop
      vertex  3.500000e+00  4.893782e+01  0.000000e+00
      vertex  4.114497e+00  4.933688e+01  1.500000e+01
      vertex  4.114497e+00  4.933688e+01  0.000000e+00
    endloop
  endfacet
  facet normal -6.293206e-01  7.771459e-01  0.000000e+00
    outer loop
      vertex  4.114497e+00  4.933688e+01  0.000000e+00
      vertex  4.114497e+00  4.933688e+01  1.500000e+01
      vertex  4.683914e+00  4.979799e+01  1.500000e+01
    endloop
  endfacet
  facet normal -6.293206e-01  7.771459e-01  0.000000e+00
    outer loop
      vertex  4.114497e+00  4.933688e+01  0.000000e+00
      vertex  4.683914e+00  4.979799e+01  1.500000e+01
      vertex  4.683914e+00  4.979799e+01  0.000000e+00
    endloop
  endfacet
  facet normal -7.071074e-01  7.071061e-01  0.000000e+00
    outer loop
      vertex  4.683914e+00  4.979799e+01  0.000000e+00
      vertex  4.683914e+00  4.979799e+01  1.500000e+01
      vertex  5.202014e+00  5.031609e+01  1.500000e+01
    endloop
  endfacet
  facet normal -7.071074e-01  7.071061e-01  0.000000e+00
    outer loop
      vertex  4.683914e+00  4.979799e+01  0.000000e+00
      vertex  5.202014e+00  5.031609e+01  1.500000e+01
      vertex  5.202014e+00  5.031609e+01  0.000000e+00
    endloop
  endfacet
  facet normal -7.771454e-01  6.293211e-01  0.000000e+00
    outer loop
      vertex  5.202014e+00  5.031609e+01  0.000000e+00
      vertex  5.202014e+00  5.031609e+01  1.500000e+01
      vertex  5.663119e+00  5.088550e+01  1.500000e+01
    endloop
  endfacet
  facet normal -7.771454e-01  6.293211e-01  0.000000e+00
    outer loop
      vertex  5.202014e+00  5.031609e+01  0.000000e+00
      vertex  5.663119e+00  5.088550e+01  1.500000e+01
      vertex  5.663119e+00  5.088550e+01  0.000000e+00
    endloop
  endfacet
  facet normal -8.386711e-01  5.446381e-01  0.000000e+00
    outer loop
      vertex  5.663119e+00  5.088550e+01  0.000000e+00
      vertex  5.663119e+00  5.088550e+01  1.500000e+01
      vertex  6.062178e+00  5.150000e+01  1.500000e+01
    endloop
  endfacet
  facet normal -8.386711e-01  5.446381e-01  0.000000e+00
    outer loop
      vertex  5.663119e+00  5.088550e+01  0.000000e+00
      vertex  6.062178e+00  5.150000e+01  1.500000e+01
      vertex  6.062178e+00  5.150000e+01  0.000000e+00
    endloop
  endfacet
  facet normal -8.910064e-01  4.539908e-01  0.000000e+00
    outer loop
      vertex  6.062178e+00  5.150000e+01  0.000000e+00
      vertex  6.062178e+00  5.150000e+01  1.500000e+01
      vertex  6.394818e+00  5.215284e+01  1.500000e+01
    endloop
  endfacet
  facet normal -8.910064e-01  4.539908e-01  0.000000e+00
    outer loop
      vertex  6.062178e+00  5.150000e+01  0.000000e+00
      vertex  6.394818e+00  5.215284e+01  1.500000e+01
      vertex  6.394818e+00  5.215284e+01  0.000000e+00
    endloop
  endfacet
  facet normal -9.335801e-01  3.583687e-01  0.000000e+00
    outer loop
      vertex  6.394818e+00  5.215284e+01  0.000000e+00
      vertex  6.394818e+00  5.215284e+01  1.500000e+01
      vertex  6.657396e+00  5.283688e+01  1.500000e+01
    endloop
  endfacet
  facet normal -9.335801e-01  3.583687e-01  0.000000e+00
    outer loop
      vertex  6.394818e+00  5.215284e+01  0.000000e+00
      vertex  6.657396e+00  5.283688e+01  1.500000e+01
      vertex  6.657396e+00  5.283688e+01  0.000000e+00
    endloop
  endfacet
  facet normal -9.659259e-01  2.588186e-01  0.000000e+00
    outer loop
      vertex  6.657396e+00  5.283688e+01  0.000000e+00
      vertex  6.657396e+00  5.283688e+01  1.500000e+01
      vertex  6.847033e+00  5.354462e+01  1.500000e+01
    endloop
  endfacet
  facet normal -9.659259e-01  2.588186e-01  0.000000e+00
    outer loop
      vertex  6.657396e+00  5.283688e+01  0.000000e+00
      vertex  6.847033e+00  5.354462e+01  1.500000e+01
      vertex  6.847033e+00  5.354462e+01  0.000000e+00
    endloop
  endfacet
  facet normal -9.876883e-01  1.564347e-01  0.000000e+00
    outer loop
      vertex  6.847033e+00  5.354462e+01  0.000000e+00
      vertex  6.847033e+00  5.354462e+01  1.500000e+01
      vertex  6.961653e+00  5.426830e+01  1.500000e+01
    endloop
  endfacet
  facet normal -9.876883e-01  1.564347e-01  0.000000e+00
    outer loop
      vertex  6.847033e+00  5.354462e+01  0.000000e+00
      vertex  6.961653e+00  5.426830e+01  1.500000e+01
      vertex  6.961653e+00  5.426830e+01  0.000000e+00
    endloop
  endfacet
  facet normal -9.986295e-01  5.233588e-02  0.000000e+00
    outer loop
      vertex  6.961653e+00  5.426830e+01  0.000000e+00
      vertex  6.961653e+00  5.426830e+01  1.500000e+01
      vertex  7.000000e+00  5.500000e+01  1.500000e+01
    endloop
  endfacet
  facet normal -9.986295e-01  5.233588e-02  0.000000e+00
    outer loop
      vertex  6.961653e+00  5.426830e+01  0.000000e+00
      vertex  7.000000e+00  5.500000e+01  1.500000e+01
      vertex  7.000000e+00  5.500000e+01  0.000000e+00
    endloop
  endfacet
  facet normal -5.233406e-02 -9.986296e-01  0.000000e+00
    outer loop
      vertex  2.266834e-15  6.200000e+01  1.500000e+01
      vertex  7.316992e-01  6.196165e+01  0.000000e+00
      vertex  7.316992e-01  6.196165e+01  1.500000e+01
    endloop
  endfacet
  facet normal -1.564347e-01 -9.876884e-01  -0.000000e+00
    outer loop
      vertex  7.316992e-01  6.196165e+01  1.500000e+01
      vertex  7.316992e-01  6.196165e+01  0.000000e+00
      vertex  1.455382e+00  6.184703e+01  0.000000e+00
    endloop
  endfacet
  facet normal -1.564347e-01 -9.876884e-01  0.000000e+00
    outer loop
      vertex  7.316992e-01  6.196165e+01  1.500000e+01
      vertex  1.455382e+00  6.184703e+01  0.000000e+00
      vertex  1.455382e+00  6.184703e+01  1.500000e+01
    endloop
  endfacet
  facet normal -2.588221e-01 -9.659250e-01  -0.000000e+00
    outer loop
      vertex  1.455382e+00  6.184703e+01  1.500000e+01
      vertex  1.455382e+00  6.184703e+01  0.000000e+00
      vertex  2.163119e+00  6.165739e+01  0.000000e+00
    endloop
  endfacet
  facet normal -2.588221e-01 -9.659250e-01  0.000000e+00
    outer loop
      vertex  1.455382e+00  6.184703e+01  1.500000e+01
      vertex  2.163119e+00  6.165739e+01  0.000000e+00
      vertex  2.163119e+00  6.165739e+01  1.500000e+01
    endloop
  endfacet
  facet normal -3.583676e-01 -9.335806e-01  -0.000000e+00
    outer loop
      vertex  2.163119e+00  6.165739e+01  1.500000e+01
      vertex  2.163119e+00  6.165739e+01  0.000000e+00
      vertex  2.847157e+00  6.139482e+01  0.000000e+00
    endloop
  endfacet
  facet normal -3.583676e-01 -9.335806e-01  0.000000e+00
    outer loop
      vertex  2.163119e+00  6.165739e+01  1.500000e+01
      vertex  2.847157e+00  6.139482e+01  0.000000e+00
      vertex  2.847157e+00  6.139482e+01  1.500000e+01
    endloop
  endfacet
  facet normal -4.539877e-01 -8.910080e-01  -0.000000e+00
    outer loop
      vertex  2.847157e+00  6.139482e+01  1.500000e+01
      vertex  2.847157e+00  6.139482e+01  0.000000e+00
      vertex  3.500000e+00  6.106218e+01  0.000000e+00
    endloop
  endfacet
  facet normal -4.539877e-01 -8.910080e-01  0.000000e+00
    outer loop
      vertex  2.847157e+00  6.139482e+01  1.500000e+01
      vertex  3.500000e+00  6.106218e+01  0.000000e+00
      vertex  3.500000e+00  6.106218e+01  1.500000e+01
    endloop
  endfacet
  facet normal -5.446395e-01 -8.386703e-01  -0.000000e+00
    outer loop
      vertex  3.500000e+00  6.106218e+01  1.500000e+01
      vertex  3.500000e+00  6.106218e+01  0.000000e+00
      vertex  4.114497e+00  6.066312e+01  0.000000e+00
    endloop
  endfacet
  facet normal -5.446395e-01 -8.386703e-01  0.000000e+00
    outer loop
      vertex  3.500000e+00  6.106218e+01  1.500000e+01
      vertex  4.114497e+00  6.066312e+01  0.000000e+00
      vertex  4.114497e+00  6.066312e+01  1.500000e+01
    endloop
  endfacet
  facet normal -6.293206e-01 -7.771459e-01  -0.000000e+00
    outer loop
      vertex  4.114497e+00  6.066312e+01  1.500000e+01
      vertex  4.114497e+00  6.066312e+01  0.000000e+00
      vertex  4.683914e+00  6.020201e+01  0.000000e+00
    endloop
  endfacet
  facet normal -6.293206e-01 -7.771459e-01  0.000000e+00
    outer loop
      vertex  4.114497e+00  6.066312e+01  1.500000e+01
      vertex  4.683914e+00  6.020201e+01  0.000000e+00
      vertex  4.683914e+00  6.020201e+01  1.500000e+01
    endloop
  endfacet
  facet normal -7.071074e-01 -7.071061e-01  -0.000000e+00
    outer loop
      vertex  4.683914e+00  6.020201e+01  1.500000e+01
      vertex  4.683914e+00  6.020201e+01  0.000000e+00
      vertex  5.202014e+00  5.968391e+01  0.000000e+00
    endloop
  endfacet
  facet normal -7.071074e-01 -7.071061e-01  0.000000e+00
    outer loop
      vertex  4.683914e+00  6.020201e+01  1.500000e+01
      vertex  5.202014e+00  5.968391e+01  0.000000e+00
      vertex  5.202014e+00  5.968391e+01  1.500000e+01
    endloop
  endfacet
  facet normal -7.771454e-01 -6.293211e-01  -0.000000e+00
    outer loop
      vertex  5.202014e+00  5.968391e+01  1.500000e+01
      vertex  5.202014e+00  5.968391e+01  0.000000e+00
      vertex  5.663119e+00  5.911450e+01  0.000000e+00
    endloop
  endfacet
  facet normal -7.771454e-01 -6.293211e-01  0.000000e+00
    outer loop
      vertex  5.202014e+00  5.968391e+01  1.500000e+01
      vertex  5.663119e+00  5.911450e+01  0.000000e+00
      vertex  5.663119e+00  5.911450e+01  1.500000e+01
    endloop
  endfacet
  facet normal -8.386711e-01 -5.446381e-01  -0.000000e+00
    outer loop
      vertex  5.663119e+00  5.911450e+01  1.500000e+01
      vertex  5.663119e+00  5.911450e+01  0.000000e+00
      vertex  6.062178e+00  5.850000e+01  0.000000e+00
    endloop
  endfacet
  facet normal -8.386711e-01 -5.446381e-01  0.000000e+00
    outer loop
      vertex  5.663119e+00  5.911450e+01  1.500000e+01
      vertex  6.062178e+00  5.850000e+01  0.000000e+00
      vertex  6.062178e+00  5.850000e+01  1.500000e+01
    endloop
  endfacet
  facet normal -8.910064e-01 -4.539908e-01  -0.000000e+00
    outer loop
      vertex  6.062178e+00  5.850000e+01  1.500000e+01
      vertex  6.062178e+00  5.850000e+01  0.000000e+00
      vertex  6.394818e+00  5.784716e+01  0.000000e+00
    endloop
  endfacet
  facet normal -8.910064e-01 -4.539908e-01  0.000000e+00
    outer loop
      vertex  6.062178e+00  5.850000e+01  1.500000e+01
      vertex  6.394818e+00  5.784716e+01  0.000000e+00
      vertex  6.394818e+00  5.784716e+01  1.500000e+01
    endloop
  endfacet
  facet normal -9.335801e-01 -3.583687e-01  -0.000000e+00
    outer loop
      vertex  6.394818e+00  5.784716e+01  1.500000e+01
      vertex  6.394818e+00  5.784716e+01  0.000000e+00
      vertex  6.657396e+00  5.716312e+01  0.000000e+00
    endloop
  endfacet
  facet normal -9.335801e-01 -3.583687e-01  0.000000e+00
    outer loop
      vertex  6.394818e+00  5.784716e+01  1.500000e+01
      vertex  6.657396e+00  5.716312e+01  0.000000e+00
      vertex  6.657396e+00  5.716312e+01  1.500000e+01
    endloop
  endfacet
  facet normal -9.659259e-01 -2.588186e-01  -0.000000e+00
    outer loop
      vertex  6.657396e+00  5.716312e+01  1.500000e+01
      vertex  6.657396e+00  5.716312e+01  0.000000e+00
      vertex  6.847033e+00  5.645538e+01  0.000000e+00
    endloop
  endfacet
  facet normal -9.659259e-01 -2.588186e-01  0.000000e+00
    outer loop
      vertex  6.657396e+00  5.716312e+01  1.500000e+01
      vertex  6.847033e+00  5.645538e+01  0.000000e+00
      vertex  6.847033e+00  5.645538e+01  1.500000e+01
    endloop
  endfacet
  facet normal -9.876883e-01 -1.564347e-01  -0.000000e+00
    outer loop
      vertex  6.847033e+00  5.645538e+01  1.500000e+01
      vertex  6.847033e+00  5.645538e+01  0.000000e+00
      vertex  6.961653e+00  5.573170e+01  0.000000e+00
    endloop
  endfacet
  facet normal -9.876883e-01 -1.564347e-01  0.000000e+00
    outer loop
      vertex  6.847033e+00  5.645538e+01  1.500000e+01
      vertex  6.961653e+00  5.573170e+01  0.000000e+00
      vertex  6.961653e+00  5.573170e+01  1.500000e+01
    endloop
  endfacet
  facet normal -9.986295e-01 -5.233588e-02  -0.000000e+00
    outer loop
      vertex  6.961653e+00  5.573170e+01  1.500000e+01
      vertex  6.961653e+00  5.573170e+01  0.000000e+00
      vertex  7.000000e+00  5.500000e+01  0.000000e+00
    endloop
  endfacet
  facet normal -9.986295e-01 -5.233588e-02  0.000000e+00
    outer loop
      vertex  6.961653e+00  5.573170e+01  1.500000e+01
      vertex  7.000000e+00  5.500000e+01  0.000000e+00
      vertex  7.000000e+00  5.500000e+01  1.500000e+01
    endloop
  endfacet
  facet normal -5.233406e-02 -9.986296e-01  1.495450e-18
    outer loop
      vertex  7.316992e-01  6.196165e+01  0.000000e+00
      vertex  2.266834e-15  6.200000e+01  1.500000e+01
      vertex  1.838208e-15  6.200000e+01  0.000000e+00
    endloop
  endfacet
  facet normal  5.233406e-02 -9.986296e-01 -1.495450e-18
    outer loop
      vertex  1.838208e-15  6.200000e+01  0.000000e+00
      vertex  2.266834e-15  6.200000e+01  1.500000e+01
      vertex -7.316992e-01  6.196165e+01  1.500000e+01
    endloop
  endfacet
  facet normal  5.233406e-02 -9.986296e-01  0.000000e+00
    outer loop
      vertex  1.838208e-15  6.200000e+01  0.000000e+00
      vertex -7.316992e-01  6.196165e+01  1.500000e+01
      vertex -7.316992e-01  6.196165e+01  0.000000e+00
    endloop
  endfacet
  facet normal  1.564347e-01 -9.876884e-01  0.000000e+00
    outer loop
      vertex -7.316992e-01  6.196165e+01  0.000000e+00
      vertex -7.316992e-01  6.196165e+01  1.500000e+01
      vertex -1.455382e+00  6.184703e+01  1.500000e+01
    endloop
  endfacet
  facet normal  1.564347e-01 -9.876884e-01  0.000000e+00
    outer loop
      vertex -7.316992e-01  6.196165e+01  0.000000e+00
      vertex -1.455382e+00  6.184703e+01  1.500000e+01
      vertex -1.455382e+00  6.184703e+01  0.000000e+00
    endloop
  endfacet
  facet normal  2.588221e-01 -9.659250e-01  0.000000e+00
    outer loop
      vertex -1.455382e+00  6.184703e+01  0.000000e+00
      vertex -1.455382e+00  6.184703e+01  1.500000e+01
      vertex -2.163119e+00  6.165739e+01  1.500000e+01
    endloop
  endfacet
  facet normal  2.588221e-01 -9.659250e-01  0.000000e+00
    outer loop
      vertex -1.455382e+00  6.184703e+01  0.000000e+00
      vertex -2.163119e+00  6.165739e+01  1.500000e+01
      vertex -2.163119e+00  6.165739e+01  0.000000e+00
    endloop
  endfacet
  facet normal  3.583676e-01 -9.335806e-01  0.000000e+00
    outer loop
      vertex -2.163119e+00  6.165739e+01  0.000000e+00
      vertex -2.163119e+00  6.165739e+01  1.500000e+01
      vertex -2.847157e+00  6.139482e+01  1.500000e+01
    endloop
  endfacet
  facet normal  3.583676e-01 -9.335806e-01  0.000000e+00
    outer loop
      vertex -2.163119e+00  6.165739e+01  0.000000e+00
      vertex -2.847157e+00  6.139482e+01  1.500000e+01
      vertex -2.847157e+00  6.139482e+01  0.000000e+00
    endloop
  endfacet
  facet normal  4.539877e-01 -8.910080e-01  0.000000e+00
    outer loop
      vertex -2.847157e+00  6.139482e+01  0.000000e+00
      vertex -2.847157e+00  6.139482e+01  1.500000e+01
      vertex -3.500000e+00  6.106218e+01  1.500000e+01
    endloop
  endfacet
  facet normal  4.539877e-01 -8.910080e-01  0.000000e+00
    outer loop
      vertex -2.847157e+00  6.139482e+01  0.000000e+00
      vertex -3.500000e+00  6.106218e+01  1.500000e+01
      vertex -3.500000e+00  6.106218e+01  0.000000e+00
    endloop
  endfacet
  facet normal  5.446395e-01 -8.386703e-01  0.000000e+00
    outer loop
      vertex -3.500000e+00  6.106218e+01  0.000000e+00
      vertex -3.500000e+00  6.106218e+01  1.500000e+01
      vertex -4.114497e+00  6.066312e+01  1.500000e+01
    endloop
  endfacet
  facet normal  5.446395e-01 -8.386703e-01  0.000000e+00
    outer loop
      vertex -3.500000e+00  6.106218e+01  0.000000e+00
      vertex -4.114497e+00  6.066312e+01  1.500000e+01
      vertex -4.114497e+00  6.066312e+01  0.000000e+00
    endloop
  endfacet
  facet normal  6.293206e-01 -7.771459e-01  0.000000e+00
    outer loop
      vertex -4.114497e+00  6.066312e+01  0.000000e+00
      vertex -4.114497e+00  6.066312e+01  1.500000e+01
      vertex -4.683914e+00  6.020201e+01  1.500000e+01
    endloop
  endfacet
  facet normal  6.293206e-01 -7.771459e-01  0.000000e+00
    outer loop
      vertex -4.114497e+00  6.066312e+01  0.000000e+00
      vertex -4.683914e+00  6.020201e+01  1.500000e+01
      vertex -4.683914e+00  6.020201e+01  0.000000e+00
    endloop
  endfacet
  facet normal  7.071074e-01 -7.071061e-01  0.000000e+00
    outer loop
      vertex -4.683914e+00  6.020201e+01  0.000000e+00
      vertex -4.683914e+00  6.020201e+01  1.500000e+01
      vertex -5.202014e+00  5.968391e+01  1.500000e+01
    endloop
  endfacet
  facet normal  7.071074e-01 -7.071061e-01  0.000000e+00
    outer loop
      vertex -4.683914e+00  6.020201e+01  0.000000e+00
      vertex -5.202014e+00  5.968391e+01  1.500000e+01
      vertex -5.202014e+00  5.968391e+01  0.000000e+00
    endloop
  endfacet
  facet normal  7.771454e-01 -6.293211e-01  0.000000e+00
    outer loop
      vertex -5.202014e+00  5.968391e+01  0.000000e+00
      vertex -5.202014e+00  5.968391e+01  1.500000e+01
      vertex -5.663119e+00  5.911450e+01  1.500000e+01
    endloop
  endfacet
  facet normal  7.771454e-01 -6.293211e-01  0.000000e+00
    outer loop
      vertex -5.202014e+00  5.968391e+01  0.000000e+00
      vertex -5.663119e+00  5.911450e+01  1.500000e+01
      vertex -5.663119e+00  5.911450e+01  0.000000e+00
    endloop
  endfacet
  facet normal  8.386711e-01 -5.446381e-01  0.000000e+00
    outer loop
      vertex -5.663119e+00  5.911450e+01  0.000000e+00
      vertex -5.663119e+00  5.911450e+01  1.500000e+01
      vertex -6.062178e+00  5.850000e+01  1.500000e+01
    endloop
  endfacet
  facet normal  8.386711e-01 -5.446381e-01  0.000000e+00
    outer loop
      vertex -5.663119e+00  5.911450e+01  0.000000e+00
      vertex -6.062178e+00  5.850000e+01  1.500000e+01
      vertex -6.062178e+00  5.850000e+01  0.000000e+00
    endloop
  endfacet
  facet normal  8.910064e-01 -4.539908e-01  0.000000e+00
    outer loop
      vertex -6.062178e+00  5.850000e+01  0.000000e+00
      vertex -6.062178e+00  5.850000e+01  1.500000e+01
      vertex -6.394818e+00  5.784716e+01  1.500000e+01
    endloop
  endfacet
  facet normal  8.910064e-01 -4.539908e-01  0.000000e+00
    outer loop
      vertex -6.062178e+00  5.850000e+01  0.000000e+00
      vertex -6.394818e+00  5.784716e+01  1.500000e+01
      vertex -6.394818e+00  5.784716e+01  0.000000e+00
    endloop
  endfacet
  facet normal  9.335801e-01 -3.583687e-01  0.000000e+00
    outer loop
      vertex -6.394818e+00  5.784716e+01  0.000000e+00
      vertex -6.394818e+00  5.784716e+01  1.500000e+01
      vertex -6.657396e+00  5.716312e+01  1.500000e+01
    endloop
  endfacet
  facet normal  9.335801e-01 -3.583687e-01  0.000000e+00
    outer loop
      vertex -6.394818e+00  5.784716e+01  0.000000e+00
      vertex -6.657396e+00  5.716312e+01  1.500000e+01
      vertex -6.657396e+00  5.716312e+01  0.000000e+00
    endloop
  endfacet
  facet normal  9.659259e-01 -2.588186e-01  0.000000e+00
    outer loop
      vertex -6.657396e+00  5.716312e+01  0.000000e+00
      vertex -6.657396e+00  5.716312e+01  1.500000e+01
      vertex -6.847033e+00  5.645538e+01  1.500000e+01
    endloop
  endfacet
  facet normal  9.659259e-01 -2.588186e-01  0.000000e+00
    outer loop
      vertex -6.657396e+00  5.716312e+01  0.000000e+00
      vertex -6.847033e+00  5.645538e+01  1.500000e+01
      vertex -6.847033e+00  5.645538e+01  0.000000e+00
    endloop
  endfacet
  facet normal  9.876883e-01 -1.564347e-01  0.000000e+00
    outer loop
      vertex -6.847033e+00  5.645538e+01  0.000000e+00
      vertex -6.847033e+00  5.645538e+01  1.500000e+01
      vertex -6.961653e+00  5.573170e+01  1.500000e+01
    endloop
  endfacet
  facet normal  9.876883e-01 -1.564347e-01  0.000000e+00
    outer loop
      vertex -6.847033e+00  5.645538e+01  0.000000e+00
      vertex -6.961653e+00  5.573170e+01  1.500000e+01
      vertex -6.961653e+00  5.573170e+01  0.000000e+00
    endloop
  endfacet
  facet normal  9.986295e-01 -5.233588e-02  0.000000e+00
    outer loop
      vertex -6.961653e+00  5.573170e+01  0.000000e+00
      vertex -6.961653e+00  5.573170e+01  1.500000e+01
      vertex -7.000000e+00  5.500000e+01  1.500000e+01
    endloop
  endfacet
  facet normal  9.986295e-01 -5.233588e-02  0.000000e+00
    outer loop
      vertex -6.961653e+00  5.573170e+01  0.000000e+00
      vertex -7.000000e+00  5.500000e+01  1.500000e+01
      vertex -7.000000e+00  5.500000e+01  0.000000e+00
    endloop
  endfacet
  facet normal  4.361777e-02  9.990483e-01  -0.000000e+00
    outer loop
      vertex  4.777360e-15  4.500000e+01  2.000000e+01
      vertex -8.715574e-01  4.503805e+01  1.500000e+01
      vertex -8.715574e-01  4.503805e+01  2.000000e+01
    endloop
  endfacet
  facet normal  1.305297e-01  9.914445e-01  0.000000e+00
    outer loop
      vertex -8.715574e-01  4.503805e+01  2.000000e+01
      vertex -8.715574e-01  4.503805e+01  1.500000e+01
      vertex -1.736482e+00  4.515192e+01  1.500000e+01
    endloop
  endfacet
  facet normal  1.305297e-01  9.914445e-01  -0.000000e+00
    outer loop
      vertex -8.715574e-01  4.503805e+01  2.000000e+01
      vertex -1.736482e+00  4.515192e+01  1.500000e+01
      vertex -1.736482e+00  4.515192e+01  2.000000e+01
    endloop
  endfacet
  facet normal  2.164361e-01  9.762968e-01  0.000000e+00
    outer loop
      vertex -1.736482e+00  4.515192e+01  2.000000e+01
      vertex -1.736482e+00  4.515192e+01  1.500000e+01
      vertex -2.588191e+00  4.534074e+01  1.500000e+01
    endloop
  endfacet
  facet normal  2.164361e-01  9.762968e-01  -0.000000e+00
    outer loop
      vertex -1.736482e+00  4.515192e+01  2.000000e+01
      vertex -2.588191e+00  4.534074e+01  1.500000e+01
      vertex -2.588191e+00  4.534074e+01  2.000000e+01
    endloop
  endfacet
  facet normal  3.007067e-01  9.537166e-01  0.000000e+00
    outer loop
      vertex -2.588191e+00  4.534074e+01  2.000000e+01
      vertex -2.588191e+00  4.534074e+01  1.500000e+01
      vertex -3.420202e+00  4.560307e+01  1.500000e+01
    endloop
  endfacet
  facet normal  3.007067e-01  9.537166e-01  -0.000000e+00
    outer loop
      vertex -2.588191e+00  4.534074e+01  2.000000e+01
      vertex -3.420202e+00  4.560307e+01  1.500000e+01
      vertex -3.420202e+00  4.560307e+01  2.000000e+01
    endloop
  endfacet
  facet normal  3.826860e-01  9.238784e-01  0.000000e+00
    outer loop
      vertex -3.420202e+00  4.560307e+01  2.000000e+01
      vertex -3.420202e+00  4.560307e+01  1.500000e+01
      vertex -4.226182e+00  4.593692e+01  1.500000e+01
    endloop
  endfacet
  facet normal  3.826860e-01  9.238784e-01  -0.000000e+00
    outer loop
      vertex -3.420202e+00  4.560307e+01  2.000000e+01
      vertex -4.226182e+00  4.593692e+01  1.500000e+01
      vertex -4.226182e+00  4.593692e+01  2.000000e+01
    endloop
  endfacet
  facet normal  4.617456e-01  8.870124e-01  0.000000e+00
    outer loop
      vertex -4.226182e+00  4.593692e+01  2.000000e+01
      vertex -4.226182e+00  4.593692e+01  1.500000e+01
      vertex -5.000000e+00  4.633974e+01  1.500000e+01
    endloop
  endfacet
  facet normal  4.617456e-01  8.870124e-01  -0.000000e+00
    outer loop
      vertex -4.226182e+00  4.593692e+01  2.000000e+01
      vertex -5.000000e+00  4.633974e+01  1.500000e+01
      vertex -5.000000e+00  4.633974e+01  2.000000e+01
    endloop
  endfacet
  facet normal  5.373004e-01  8.433908e-01  0.000000e+00
    outer loop
      vertex -5.000000e+00  4.633974e+01  2.000000e+01
      vertex -5.000000e+00  4.633974e+01  1.500000e+01
      vertex -5.735765e+00  4.680848e+01  1.500000e+01
    endloop
  endfacet
  facet normal  5.373004e-01  8.433908e-01  -0.000000e+00
    outer loop
      vertex -5.000000e+00  4.633974e+01  2.000000e+01
      vertex -5.735765e+00  4.680848e+01  1.500000e+01
      vertex -5.735765e+00  4.680848e+01  2.000000e+01
    endloop
  endfacet
  facet normal  6.087605e-01  7.933540e-01  0.000000e+00
    outer loop
      vertex -5.735765e+00  4.680848e+01  2.000000e+01
      vertex -5.735765e+00  4.680848e+01  1.500000e+01
      vertex -6.427876e+00  4.733955e+01  1.500000e+01
    endloop
  endfacet
  facet normal  6.087605e-01  7.933540e-01  -0.000000e+00
    outer loop
      vertex -5.735765e+00  4.680848e+01  2.000000e+01
      vertex -6.427876e+00  4.733955e+01  1.500000e+01
      vertex -6.427876e+00  4.733955e+01  2.000000e+01
    endloop
  endfacet
  facet normal  6.755912e-01  7.372763e-01  0.000000e+00
    outer loop
      vertex -6.427876e+00  4.733955e+01  2.000000e+01
      vertex -6.427876e+00  4.733955e+01  1.500000e+01
      vertex -7.071068e+00  4.792893e+01  1.500000e+01
    endloop
  endfacet
  facet normal  6.755912e-01  7.372763e-01  -0.000000e+00
    outer loop
      vertex -6.427876e+00  4.733955e+01  2.000000e+01
      vertex -7.071068e+00  4.792893e+01  1.500000e+01
      vertex -7.071068e+00  4.792893e+01  2.000000e+01
    endloop
  endfacet
  facet normal  7.372777e-01  6.755897e-01  0.000000e+00
    outer loop
      vertex -7.071068e+00  4.792893e+01  2.000000e+01
      vertex -7.071068e+00  4.792893e+01  1.500000e+01
      vertex -7.660444e+00  4.857212e+01  1.500000e+01
    endloop
  endfacet
  facet normal  7.372777e-01  6.755897e-01  -0.000000e+00
    outer loop
      vertex -7.071068e+00  4.792893e+01  2.000000e+01
      vertex -7.660444e+00  4.857212e+01  1.500000e+01
      vertex -7.660444e+00  4.857212e+01  2.000000e+01
    endloop
  endfacet
  facet normal  7.933533e-01  6.087616e-01  0.000000e+00
    outer loop
      vertex -7.660444e+00  4.857212e+01  2.000000e+01
      vertex -7.660444e+00  4.857212e+01  1.500000e+01
      vertex -8.191521e+00  4.926424e+01  1.500000e+01
    endloop
  endfacet
  facet normal  7.933533e-01  6.087616e-01  -0.000000e+00
    outer loop
      vertex -7.660444e+00  4.857212e+01  2.000000e+01
      vertex -8.191521e+00  4.926424e+01  1.500000e+01
      vertex -8.191521e+00  4.926424e+01  2.000000e+01
    endloop
  endfacet
  facet normal  8.433911e-01  5.373002e-01  0.000000e+00
    outer loop
      vertex -8.191521e+00  4.926424e+01  2.000000e+01
      vertex -8.191521e+00  4.926424e+01  1.500000e+01
      vertex -8.660254e+00  5.000000e+01  1.500000e+01
    endloop
  endfacet
  facet normal  8.433911e-01  5.373002e-01  -0.000000e+00
    outer loop
      vertex -8.191521e+00  4.926424e+01  2.000000e+01
      vertex -8.660254e+00  5.000000e+01  1.500000e+01
      vertex -8.660254e+00  5.000000e+01  2.000000e+01
    endloop
  endfacet
  facet normal  8.870113e-01  4.617475e-01  0.000000e+00
    outer loop
      vertex -8.660254e+00  5.000000e+01  2.000000e+01
      vertex -8.660254e+00  5.000000e+01  1.500000e+01
      vertex -9.063078e+00  5.077382e+01  1.500000e+01
    endloop
  endfacet
  facet normal  8.870113e-01  4.617475e-01  -0.000000e+00
    outer loop
      vertex -8.660254e+00  5.000000e+01  2.000000e+01
      vertex -9.063078e+00  5.077382e+01  1.500000e+01
      vertex -9.063078e+00  5.077382e+01  2.000000e+01
    endloop
  endfacet
  facet normal  9.238796e-01  3.826833e-01  0.000000e+00
    outer loop
      vertex -9.063078e+00  5.077382e+01  2.000000e+01
      vertex -9.063078e+00  5.077382e+01  1.500000e+01
      vertex -9.396926e+00  5.157980e+01  1.500000e+01
    endloop
  endfacet
  facet normal  9.238796e-01  3.826833e-01  -0.000000e+00
    outer loop
      vertex -9.063078e+00  5.077382e+01  2.000000e+01
      vertex -9.396926e+00  5.157980e+01  1.500000e+01
      vertex -9.396926e+00  5.157980e+01  2.000000e+01
    endloop
  endfacet
  facet normal  9.537168e-01  3.007066e-01  0.000000e+00
    outer loop
      vertex -9.396926e+00  5.157980e+01  2.000000e+01
      vertex -9.396926e+00  5.157980e+01  1.500000e+01
      vertex -9.659258e+00  5.241181e+01  1.500000e+01
    endloop
  endfacet
  facet normal  9.537168e-01  3.007066e-01  -0.000000e+00
    outer loop
      vertex -9.396926e+00  5.157980e+01  2.000000e+01
      vertex -9.659258e+00  5.241181e+01  1.500000e+01
      vertex -9.659258e+00  5.241181e+01  2.000000e+01
    endloop
  endfacet
  facet normal  9.762961e-01  2.164397e-01  0.000000e+00
    outer loop
      vertex -9.659258e+00  5.241181e+01  2.000000e+01
      vertex -9.659258e+00  5.241181e+01  1.500000e+01
      vertex -9.848078e+00  5.326352e+01  1.500000e+01
    endloop
  endfacet
  facet normal  9.762961e-01  2.164397e-01  -0.000000e+00
    outer loop
      vertex -9.659258e+00  5.241181e+01  2.000000e+01
      vertex -9.848078e+00  5.326352e+01  1.500000e+01
      vertex -9.848078e+00  5.326352e+01  2.000000e+01
    endloop
  endfacet
  facet normal  9.914448e-01  1.305268e-01  0.000000e+00
    outer loop
      vertex -9.848078e+00  5.326352e+01  2.000000e+01
      vertex -9.848078e+00  5.326352e+01  1.500000e+01
      vertex -9.961947e+00  5.412844e+01  1.500000e+01
    endloop
  endfacet
  facet normal  9.914448e-01  1.305268e-01  -0.000000e+00
    outer loop
      vertex -9.848078e+00  5.326352e+01  2.000000e+01
      vertex -9.961947e+00  5.412844e+01  1.500000e+01
      vertex -9.961947e+00  5.412844e+01  2.000000e+01
    endloop
  endfacet
  facet normal  9.990483e-01  4.361878e-02  0.000000e+00
    outer loop
      vertex -9.961947e+00  5.412844e+01  2.000000e+01
      vertex -9.961947e+00  5.412844e+01  1.500000e+01
      vertex -1.000000e+01  5.500000e+01  1.500000e+01
    endloop
  endfacet
  facet normal  9.990483e-01  4.361878e-02  -0.000000e+00
    outer loop
      vertex -9.961947e+00  5.412844e+01  2.000000e+01
      vertex -1.000000e+01  5.500000e+01  1.500000e+01
      vertex -1.000000e+01  5.500000e+01  2.000000e+01
    endloop
  endfacet
  facet normal  4.361777e-02  9.990483e-01 -5.341633e-18
    outer loop
      vertex -8.715574e-01  4.503805e+01  1.500000e+01
      vertex  4.777360e-15  4.500000e+01  2.000000e+01
      vertex  4.165037e-15  4.500000e+01  1.500000e+01
    endloop
  endfacet
  facet normal -4.361777e-02  9.990483e-01  5.341633e-18
    outer loop
      vertex  4.165037e-15  4.500000e+01  1.500000e+01
      vertex  4.777360e-15  4.500000e+01  2.000000e+01
      vertex  8.715574e-01  4.503805e+01  2.000000e+01
    endloop
  endfacet
  facet normal -4.361777e-02  9.990483e-01  0.000000e+00
    outer loop
      vertex  4.165037e-15  4.500000e+01  1.500000e+01
      vertex  8.715574e-01  4.503805e+01  2.000000e+01
      vertex  8.715574e-01  4.503805e+01  1.500000e+01
    endloop
  endfacet
  facet normal -1.305297e-01  9.914445e-01  0.000000e+00
    outer loop
      vertex  8.715574e-01  4.503805e+01  1.500000e+01
      vertex  8.715574e-01  4.503805e+01  2.000000e+01
      vertex  1.736482e+00  4.515192e+01  2.000000e+01
    endloop
  endfacet
  facet normal -1.305297e-01  9.914445e-01  0.000000e+00
    outer loop
      vertex  8.715574e-01  4.503805e+01  1.500000e+01
      vertex  1.736482e+00  4.515192e+01  2.000000e+01
      vertex  1.736482e+00  4.515192e+01  1.500000e+01
    endloop
  endfacet
  facet normal -2.164361e-01  9.762968e-01  0.000000e+00
    outer loop
      vertex  1.736482e+00  4.515192e+01  1.500000e+01
      vertex  1.736482e+00  4.515192e+01  2.000000e+01
      vertex  2.588191e+00  4.534074e+01  2.000000e+01
    endloop
  endfacet
  facet normal -2.164361e-01  9.762968e-01  0.000000e+00
    outer loop
      vertex  1.736482e+00  4.515192e+01  1.500000e+01
      vertex  2.588191e+00  4.534074e+01  2.000000e+01
      vertex  2.588191e+00  4.534074e+01  1.500000e+01
    endloop
  endfacet
  facet normal -3.007067e-01  9.537166e-01  0.000000e+00
    outer loop
      vertex  2.588191e+00  4.534074e+01  1.500000e+01
      vertex  2.588191e+00  4.534074e+01  2.000000e+01
      vertex  3.420202e+00  4.560307e+01  2.000000e+01
    endloop
  endfacet
  facet normal -3.007067e-01  9.537166e-01  0.000000e+00
    outer loop
      vertex  2.588191e+00  4.534074e+01  1.500000e+01
      vertex  3.420202e+00  4.560307e+01  2.000000e+01
      vertex  3.420202e+00  4.560307e+01  1.500000e+01
    endloop
  endfacet
  facet normal -3.826860e-01  9.238784e-01  0.000000e+00
    outer loop
      vertex  3.420202e+00  4.560307e+01  1.500000e+01
      vertex  3.420202e+00  4.560307e+01  2.000000e+01
      vertex  4.226182e+00  4.593692e+01  2.000000e+01
    endloop
  endfacet
  facet normal -3.826860e-01  9.238784e-01  0.000000e+00
    outer loop
      vertex  3.420202e+00  4.560307e+01  1.500000e+01
      vertex  4.226182e+00  4.593692e+01  2.000000e+01
      vertex  4.226182e+00  4.593692e+01  1.500000e+01
    endloop
  endfacet
  facet normal -4.617456e-01  8.870124e-01  0.000000e+00
    outer loop
      vertex  4.226182e+00  4.593692e+01  1.500000e+01
      vertex  4.226182e+00  4.593692e+01  2.000000e+01
      vertex  5.000000e+00  4.633974e+01  2.000000e+01
    endloop
  endfacet
  facet normal -4.617456e-01  8.870124e-01  0.000000e+00
    outer loop
      vertex  4.226182e+00  4.593692e+01  1.500000e+01
      vertex  5.000000e+00  4.633974e+01  2.000000e+01
      vertex  5.000000e+00  4.633974e+01  1.500000e+01
    endloop
  endfacet
  facet normal -5.373004e-01  8.433908e-01  0.000000e+00
    outer loop
      vertex  5.000000e+00  4.633974e+01  1.500000e+01
      vertex  5.000000e+00  4.633974e+01  2.000000e+01
      vertex  5.735765e+00  4.680848e+01  2.000000e+01
    endloop
  endfacet
  facet normal -5.373004e-01  8.433908e-01  0.000000e+00
    outer loop
      vertex  5.000000e+00  4.633974e+01  1.500000e+01
      vertex  5.735765e+00  4.680848e+01  2.000000e+01
      vertex  5.735765e+00  4.680848e+01  1.500000e+01
    endloop
  endfacet
  facet normal -6.087605e-01  7.933540e-01  0.000000e+00
    outer loop
      vertex  5.735765e+00  4.680848e+01  1.500000e+01
      vertex  5.735765e+00  4.680848e+01  2.000000e+01
      vertex  6.427876e+00  4.733955e+01  2.000000e+01
    endloop
  endfacet
  facet normal -6.087605e-01  7.933540e-01  0.000000e+00
    outer loop
      vertex  5.735765e+00  4.680848e+01  1.500000e+01
      vertex  6.427876e+00  4.733955e+01  2.000000e+01
      vertex  6.427876e+00  4.733955e+01  1.500000e+01
    endloop
  endfacet
  facet normal -6.755912e-01  7.372763e-01  0.000000e+00
    outer loop
      vertex  6.427876e+00  4.733955e+01  1.500000e+01
      vertex  6.427876e+00  4.733955e+01  2.000000e+01
      vertex  7.071068e+00  4.792893e+01  2.000000e+01
    endloop
  endfacet
  facet normal -6.755912e-01  7.372763e-01  0.000000e+00
    outer loop
      vertex  6.427876e+00  4.733955e+01  1.500000e+01
      vertex  7.071068e+00  4.792893e+01  2.000000e+01
      vertex  7.071068e+00  4.792893e+01  1.500000e+01
    endloop
  endfacet
  facet normal -7.372777e-01  6.755897e-01  0.000000e+00
    outer loop
      vertex  7.071068e+00  4.792893e+01  1.500000e+01
      vertex  7.071068e+00  4.792893e+01  2.000000e+01
      vertex  7.660444e+00  4.857212e+01  2.000000e+01
    endloop
  endfacet
  facet normal -7.372777e-01  6.755897e-01  0.000000e+00
    outer loop
      vertex  7.071068e+00  4.792893e+01  1.500000e+01
      vertex  7.660444e+00  4.857212e+01  2.000000e+01
      vertex  7.660444e+00  4.857212e+01  1.500000e+01
    endloop
  endfacet
  facet normal -7.933533e-01  6.087616e-01  0.000000e+00
    outer loop
      vertex  7.660444e+00  4.857212e+01  1.500000e+01
      vertex  7.660444e+00  4.857212e+01  2.000000e+01
      vertex  8.191521e+00  4.926424e+01  2.000000e+01
    endloop
  endfacet
  facet normal -7.933533e-01  6.087616e-01  0.000000e+00
    outer loop
      vertex  7.660444e+00  4.857212e+01  1.500000e+01
      vertex  8.191521e+00  4.926424e+01  2.000000e+01
      vertex  8.191521e+00  4.926424e+01  1.500000e+01
    endloop
  endfacet
  facet normal -8.433911e-01  5.373002e-01  0.000000e+00
    outer loop
      vertex  8.191521e+00  4.926424e+01  1.500000e+01
      vertex  8.191521e+00  4.926424e+01  2.000000e+01
      vertex  8.660254e+00  5.000000e+01  2.000000e+01
    endloop
  endfacet
  facet normal -8.433911e-01  5.373002e-01  0.000000e+00
    outer loop
      vertex  8.191521e+00  4.926424e+01  1.500000e+01
      vertex  8.660254e+00  5.000000e+01  2.000000e+01
      vertex  8.660254e+00  5.000000e+01  1.500000e+01
    endloop
  endfacet
  facet normal -8.870113e-01  4.617475e-01  0.000000e+00
    outer loop
      vertex  8.660254e+00  5.000000e+01  1.500000e+01
      vertex  8.660254e+00  5.000000e+01  2.000000e+01
      vertex  9.063078e+00  5.077382e+01  2.000000e+01
    endloop
  endfacet
  facet normal -8.870113e-01  4.617475e-01  0.000000e+00
    outer loop
      vertex  8.660254e+00  5.000000e+01  1.500000e+01
      vertex  9.063078e+00  5.077382e+01  2.000000e+01
      vertex  9.063078e+00  5.077382e+01  1.500000e+01
    endloop
  endfacet
  facet normal -9.238796e-01  3.826833e-01  0.000000e+00
    outer loop
      vertex  9.063078e+00  5.077382e+01  1.500000e+01
      vertex  9.063078e+00  5.077382e+01  2.000000e+01
      vertex  9.396926e+00  5.157980e+01  2.000000e+01
    endloop
  endfacet
  facet normal -9.238796e-01  3.826833e-01  0.000000e+00
    outer loop
      vertex  9.063078e+00  5.077382e+01  1.500000e+01
      vertex  9.396926e+00  5.157980e+01  2.000000e+01
      vertex  9.396926e+00  5.157980e+01  1.500000e+01
    endloop
  endfacet
  facet normal -9.537168e-01  3.007066e-01  0.000000e+00
    outer loop
      vertex  9.396926e+00  5.157980e+01  1.500000e+01
      vertex  9.396926e+00  5.157980e+01  2.000000e+01
      vertex  9.659258e+00  5.241181e+01  2.000000e+01
    endloop
  endfacet
  facet normal -9.537168e-01  3.007066e-01  0.000000e+00
    outer loop
      vertex  9.396926e+00  5.157980e+01  1.500000e+01
      vertex  9.659258e+00  5.241181e+01  2.000000e+01
      vertex  9.659258e+00  5.241181e+01  1.500000e+01
    endloop
  endfacet
  facet normal -9.762961e-01  2.164397e-01  0.000000e+00
    outer loop
      vertex  9.659258e+00  5.241181e+01  1.500000e+01
      vertex  9.659258e+00  5.241181e+01  2.000000e+01
      vertex  9.848078e+00  5.326352e+01  2.000000e+01
    endloop
  endfacet
  facet normal -9.762961e-01  2.164397e-01  0.000000e+00
    outer loop
      vertex  9.659258e+00  5.241181e+01  1.500000e+01
      vertex  9.848078e+00  5.326352e+01  2.000000e+01
      vertex  9.848078e+00  5.326352e+01  1.500000e+01
    endloop
  endfacet
  facet normal -9.914448e-01  1.305268e-01  0.000000e+00
    outer loop
      vertex  9.848078e+00  5.326352e+01  1.500000e+01
      vertex  9.848078e+00  5.326352e+01  2.000000e+01
      vertex  9.961947e+00  5.412844e+01  2.000000e+01
    endloop
  endfacet
  facet normal -9.914448e-01  1.305268e-01  0.000000e+00
    outer loop
      vertex  9.848078e+00  5.326352e+01  1.500000e+01
      vertex  9.961947e+00  5.412844e+01  2.000000e+01
      vertex  9.961947e+00  5.412844e+01  1.500000e+01
    endloop
  endfacet
  facet normal -9.990483e-01  4.361878e-02  0.000000e+00
    outer loop
      vertex  9.961947e+00  5.412844e+01  1.500000e+01
      vertex  9.961947e+00  5.412844e+01  2.000000e+01
      vertex  1.000000e+01  5.500000e+01  2.000000e+01
    endloop
  endfacet
  facet normal -9.990483e-01  4.361878e-02  0.000000e+00
    outer loop
      vertex  9.961947e+00  5.412844e+01  1.500000e+01
      vertex  1.000000e+01  5.500000e+01  2.000000e+01
      vertex  1.000000e+01  5.500000e+01  1.500000e+01
    endloop
  endfacet
  facet normal -4.362213e-02 -9.990481e-01  0.000000e+00
    outer loop
      vertex  1.103420e-15  6.500000e+01  2.000000e+01
      vertex  8.715574e-01  6.496194e+01  1.500000e+01
      vertex  8.715574e-01  6.496194e+01  2.000000e+01
    endloop
  endfacet
  facet normal -1.305254e-01 -9.914450e-01  -0.000000e+00
    outer loop
      vertex  8.715574e-01  6.496194e+01  2.000000e+01
      vertex  8.715574e-01  6.496194e+01  1.500000e+01
      vertex  1.736482e+00  6.484808e+01  1.500000e+01
    endloop
  endfacet
  facet normal -1.305254e-01 -9.914450e-01  0.000000e+00
    outer loop
      vertex  8.715574e-01  6.496194e+01  2.000000e+01
      vertex  1.736482e+00  6.484808e+01  1.500000e+01
      vertex  1.736482e+00  6.484808e+01  2.000000e+01
    endloop
  endfacet
  facet normal -2.164403e-01 -9.762959e-01  -0.000000e+00
    outer loop
      vertex  1.736482e+00  6.484808e+01  2.000000e+01
      vertex  1.736482e+00  6.484808e+01  1.500000e+01
      vertex  2.588191e+00  6.465926e+01  1.500000e+01
    endloop
  endfacet
  facet normal -2.164403e-01 -9.762959e-01  0.000000e+00
    outer loop
      vertex  1.736482e+00  6.484808e+01  2.000000e+01
      vertex  2.588191e+00  6.465926e+01  1.500000e+01
      vertex  2.588191e+00  6.465926e+01  2.000000e+01
    endloop
  endfacet
  facet normal -3.007027e-01 -9.537179e-01  -0.000000e+00
    outer loop
      vertex  2.588191e+00  6.465926e+01  2.000000e+01
      vertex  2.588191e+00  6.465926e+01  1.500000e+01
      vertex  3.420202e+00  6.439693e+01  1.500000e+01
    endloop
  endfacet
  facet normal -3.007027e-01 -9.537179e-01  0.000000e+00
    outer loop
      vertex  2.588191e+00  6.465926e+01  2.000000e+01
      vertex  3.420202e+00  6.439693e+01  1.500000e+01
      vertex  3.420202e+00  6.439693e+01  2.000000e+01
    endloop
  endfacet
  facet normal -3.826823e-01 -9.238800e-01  -0.000000e+00
    outer loop
      vertex  3.420202e+00  6.439693e+01  2.000000e+01
      vertex  3.420202e+00  6.439693e+01  1.500000e+01
      vertex  4.226182e+00  6.406308e+01  1.500000e+01
    endloop
  endfacet
  facet normal -3.826823e-01 -9.238800e-01  0.000000e+00
    outer loop
      vertex  3.420202e+00  6.439693e+01  2.000000e+01
      vertex  4.226182e+00  6.406308e+01  1.500000e+01
      vertex  4.226182e+00  6.406308e+01  2.000000e+01
    endloop
  endfacet
  facet normal -4.617490e-01 -8.870106e-01  -0.000000e+00
    outer loop
      vertex  4.226182e+00  6.406308e+01  2.000000e+01
      vertex  4.226182e+00  6.406308e+01  1.500000e+01
      vertex  5.000000e+00  6.366026e+01  1.500000e+01
    endloop
  endfacet
  facet normal -4.617490e-01 -8.870106e-01  0.000000e+00
    outer loop
      vertex  4.226182e+00  6.406308e+01  2.000000e+01
      vertex  5.000000e+00  6.366026e+01  1.500000e+01
      vertex  5.000000e+00  6.366026e+01  2.000000e+01
    endloop
  endfacet
  facet normal -5.373004e-01 -8.433908e-01  -0.000000e+00
    outer loop
      vertex  5.000000e+00  6.366026e+01  2.000000e+01
      vertex  5.000000e+00  6.366026e+01  1.500000e+01
      vertex  5.735765e+00  6.319152e+01  1.500000e+01
    endloop
  endfacet
  facet normal -5.373004e-01 -8.433908e-01  0.000000e+00
    outer loop
      vertex  5.000000e+00  6.366026e+01  2.000000e+01
      vertex  5.735765e+00  6.319152e+01  1.500000e+01
      vertex  5.735765e+00  6.319152e+01  2.000000e+01
    endloop
  endfacet
  facet normal -6.087605e-01 -7.933540e-01  -0.000000e+00
    outer loop
      vertex  5.735765e+00  6.319152e+01  2.000000e+01
      vertex  5.735765e+00  6.319152e+01  1.500000e+01
      vertex  6.427876e+00  6.266045e+01  1.500000e+01
    endloop
  endfacet
  facet normal -6.087605e-01 -7.933540e-01  0.000000e+00
    outer loop
      vertex  5.735765e+00  6.319152e+01  2.000000e+01
      vertex  6.427876e+00  6.266045e+01  1.500000e+01
      vertex  6.427876e+00  6.266045e+01  2.000000e+01
    endloop
  endfacet
  facet normal -6.755912e-01 -7.372763e-01  -0.000000e+00
    outer loop
      vertex  6.427876e+00  6.266045e+01  2.000000e+01
      vertex  6.427876e+00  6.266045e+01  1.500000e+01
      vertex  7.071068e+00  6.207107e+01  1.500000e+01
    endloop
  endfacet
  facet normal -6.755912e-01 -7.372763e-01  0.000000e+00
    outer loop
      vertex  6.427876e+00  6.266045e+01  2.000000e+01
      vertex  7.071068e+00  6.207107e+01  1.500000e+01
      vertex  7.071068e+00  6.207107e+01  2.000000e+01
    endloop
  endfacet
  facet normal -7.372777e-01 -6.755897e-01  -0.000000e+00
    outer loop
      vertex  7.071068e+00  6.207107e+01  2.000000e+01
      vertex  7.071068e+00  6.207107e+01  1.500000e+01
      vertex  7.660444e+00  6.142788e+01  1.500000e+01
    endloop
  endfacet
  facet normal -7.372777e-01 -6.755897e-01  0.000000e+00
    outer loop
      vertex  7.071068e+00  6.207107e+01  2.000000e+01
      vertex  7.660444e+00  6.142788e+01  1.500000e+01
      vertex  7.660444e+00  6.142788e+01  2.000000e+01
    endloop
  endfacet
  facet normal -7.933533e-01 -6.087616e-01  -0.000000e+00
    outer loop
      vertex  7.660444e+00  6.142788e+01  2.000000e+01
      vertex  7.660444e+00  6.142788e+01  1.500000e+01
      vertex  8.191521e+00  6.073576e+01  1.500000e+01
    endloop
  endfacet
  facet normal -7.933533e-01 -6.087616e-01  0.000000e+00
    outer loop
      vertex  7.660444e+00  6.142788e+01  2.000000e+01
      vertex  8.191521e+00  6.073576e+01  1.500000e+01
      vertex  8.191521e+00  6.073576e+01  2.000000e+01
    endloop
  endfacet
  facet normal -8.433911e-01 -5.373002e-01  -0.000000e+00
    outer loop
      vertex  8.191521e+00  6.073576e+01  2.000000e+01
      vertex  8.191521e+00  6.073576e+01  1.500000e+01
      vertex  8.660254e+00  6.000000e+01  1.500000e+01
    endloop
  endfacet
  facet normal -8.433911e-01 -5.373002e-01  0.000000e+00
    outer loop
      vertex  8.191521e+00  6.073576e+01  2.000000e+01
      vertex  8.660254e+00  6.000000e+01  1.500000e+01
      vertex  8.660254e+00  6.000000e+01  2.000000e+01
    endloop
  endfacet
  facet normal -8.870113e-01 -4.617475e-01  -0.000000e+00
    outer loop
      vertex  8.660254e+00  6.000000e+01  2.000000e+01
      vertex  8.660254e+00  6.000000e+01  1.500000e+01
      vertex  9.063078e+00  5.922618e+01  1.500000e+01
    endloop
  endfacet
  facet normal -8.870113e-01 -4.617475e-01  0.000000e+00
    outer loop
      vertex  8.660254e+00  6.000000e+01  2.000000e+01
      vertex  9.063078e+00  5.922618e+01  1.500000e+01
      vertex  9.063078e+00  5.922618e+01  2.000000e+01
    endloop
  endfacet
  facet normal -9.238796e-01 -3.826833e-01  -0.000000e+00
    outer loop
      vertex  9.063078e+00  5.922618e+01  2.000000e+01
      vertex  9.063078e+00  5.922618e+01  1.500000e+01
      vertex  9.396926e+00  5.842020e+01  1.500000e+01
    endloop
  endfacet
  facet normal -9.238796e-01 -3.826833e-01  0.000000e+00
    outer loop
      vertex  9.063078e+00  5.922618e+01  2.000000e+01
      vertex  9.396926e+00  5.842020e+01  1.500000e+01
      vertex  9.396926e+00  5.842020e+01  2.000000e+01
    endloop
  endfacet
  facet normal -9.537168e-01 -3.007066e-01  -0.000000e+00
    outer loop
      vertex  9.396926e+00  5.842020e+01  2.000000e+01
      vertex  9.396926e+00  5.842020e+01  1.500000e+01
      vertex  9.659258e+00  5.758819e+01  1.500000e+01
    endloop
  endfacet
  facet normal -9.537168e-01 -3.007066e-01  0.000000e+00
    outer loop
      vertex  9.396926e+00  5.842020e+01  2.000000e+01
      vertex  9.659258e+00  5.758819e+01  1.500000e+01
      vertex  9.659258e+00  5.758819e+01  2.000000e+01
    endloop
  endfacet
  facet normal -9.762961e-01 -2.164397e-01  -0.000000e+00
    outer loop
      vertex  9.659258e+00  5.758819e+01  2.000000e+01
      vertex  9.659258e+00  5.758819e+01  1.500000e+01
      vertex  9.848078e+00  5.673648e+01  1.500000e+01
    endloop
  endfacet
  facet normal -9.762961e-01 -2.164397e-01  0.000000e+00
    outer loop
      vertex  9.659258e+00  5.758819e+01  2.000000e+01
      vertex  9.848078e+00  5.673648e+01  1.500000e+01
      vertex  9.848078e+00  5.673648e+01  2.000000e+01
    endloop
  endfacet
  facet normal -9.914448e-01 -1.305268e-01  -0.000000e+00
    outer loop
      vertex  9.848078e+00  5.673648e+01  2.000000e+01
      vertex  9.848078e+00  5.673648e+01  1.500000e+01
      vertex  9.961947e+00  5.587156e+01  1.500000e+01
    endloop
  endfacet
  facet normal -9.914448e-01 -1.305268e-01  0.000000e+00
    outer loop
      vertex  9.848078e+00  5.673648e+01  2.000000e+01
      vertex  9.961947e+00  5.587156e+01  1.500000e+01
      vertex  9.961947e+00  5.587156e+01  2.000000e+01
    endloop
  endfacet
  facet normal -9.990483e-01 -4.361878e-02  -0.000000e+00
    outer loop
      vertex  9.961947e+00  5.587156e+01  2.000000e+01
      vertex  9.961947e+00  5.587156e+01  1.500000e+01
      vertex  1.000000e+01  5.500000e+01  1.500000e+01
    endloop
  endfacet
  facet normal -9.990483e-01 -4.361878e-02  0.000000e+00
    outer loop
      vertex  9.961947e+00  5.587156e+01  2.000000e+01
      vertex  1.000000e+01  5.500000e+01  1.500000e+01
      vertex  1.000000e+01  5.500000e+01  2.000000e+01
    endloop
  endfacet
  facet normal -4.362213e-02 -9.990481e-01 -5.342171e-18
    outer loop
      vertex  8.715574e-01  6.496194e+01  1.500000e+01
      vertex  1.103420e-15  6.500000e+01  2.000000e+01
      vertex  1.715743e-15  6.500000e+01  1.500000e+01
    endloop
  endfacet
  facet normal  4.362213e-02 -9.990481e-01  5.342171e-18
    outer loop
      vertex  1.715743e-15  6.500000e+01  1.500000e+01
      vertex  1.103420e-15  6.500000e+01  2.000000e+01
      vertex -8.715574e-01  6.496194e+01  2.000000e+01
    endloop
  endfacet
  facet normal  4.362213e-02 -9.990481e-01  0.000000e+00
    outer loop
      vertex  1.715743e-15  6.500000e+01  1.500000e+01
      vertex -8.715574e-01  6.496194e+01  2.000000e+01
      vertex -8.715574e-01  6.496194e+01  1.500000e+01
    endloop
  endfacet
  facet normal  1.305254e-01 -9.914450e-01  0.000000e+00
    outer loop
      vertex -8.715574e-01  6.496194e+01  1.500000e+01
      vertex -8.715574e-01  6.496194e+01  2.000000e+01
      vertex -1.736482e+00  6.484808e+01  2.000000e+01
    endloop
  endfacet
  facet normal  1.305254e-01 -9.914450e-01  0.000000e+00
    outer loop
      vertex -8.715574e-01  6.496194e+01  1.500000e+01
      vertex -1.736482e+00  6.484808e+01  2.000000e+01
      vertex -1.736482e+00  6.484808e+01  1.500000e+01
    endloop
  endfacet
  facet normal  2.164403e-01 -9.762959e-01  0.000000e+00
    outer loop
      vertex -1.736482e+00  6.484808e+01  1.500000e+01
      vertex -1.736482e+00  6.484808e+01  2.000000e+01
      vertex -2.588191e+00  6.465926e+01  2.000000e+01
    endloop
  endfacet
  facet normal  2.164403e-01 -9.762959e-01  0.000000e+00
    outer loop
      vertex -1.736482e+00  6.484808e+01  1.500000e+01
      vertex -2.588191e+00  6.465926e+01  2.000000e+01
      vertex -2.588191e+00  6.465926e+01  1.500000e+01
    endloop
  endfacet
  facet normal  3.007027e-01 -9.537179e-01  0.000000e+00
    outer loop
      vertex -2.588191e+00  6.465926e+01  1.500000e+01
      vertex -2.588191e+00  6.465926e+01  2.000000e+01
      vertex -3.420202e+00  6.439693e+01  2.000000e+01
    endloop
  endfacet
  facet normal  3.007027e-01 -9.537179e-01  0.000000e+00
    outer loop
      vertex -2.588191e+00  6.465926e+01  1.500000e+01
      vertex -3.420202e+00  6.439693e+01  2.000000e+01
      vertex -3.420202e+00  6.439693e+01  1.500000e+01
    endloop
  endfacet
  facet normal  3.826823e-01 -9.238800e-01  0.000000e+00
    outer loop
      vertex -3.420202e+00  6.439693e+01  1.500000e+01
      vertex -3.420202e+00  6.439693e+01  2.000000e+01
      vertex -4.226182e+00  6.406308e+01  2.000000e+01
    endloop
  endfacet
  facet normal  3.826823e-01 -9.238800e-01  0.000000e+00
    outer loop
      vertex -3.420202e+00  6.439693e+01  1.500000e+01
      vertex -4.226182e+00  6.406308e+01  2.000000e+01
      vertex -4.226182e+00  6.406308e+01  1.500000e+01
    endloop
  endfacet
  facet normal  4.617490e-01 -8.870106e-01  0.000000e+00
    outer loop
      vertex -4.226182e+00  6.406308e+01  1.500000e+01
      vertex -4.226182e+00  6.406308e+01  2.000000e+01
      vertex -5.000000e+00  6.366026e+01  2.000000e+01
    endloop
  endfacet
  facet normal  4.617490e-01 -8.870106e-01  0.000000e+00
    outer loop
      vertex -4.226182e+00  6.406308e+01  1.500000e+01
      vertex -5.000000e+00  6.366026e+01  2.000000e+01
      vertex -5.000000e+00  6.366026e+01  1.500000e+01
    endloop
  endfacet
  facet normal  5.373004e-01 -8.433908e-01  0.000000e+00
    outer loop
      vertex -5.000000e+00  6.366026e+01  1.500000e+01
      vertex -5.000000e+00  6.366026e+01  2.000000e+01
      vertex -5.735765e+00  6.319152e+01  2.000000e+01
    endloop
  endfacet
  facet normal  5.373004e-01 -8.433908e-01  0.000000e+00
    outer loop
      vertex -5.000000e+00  6.366026e+01  1.500000e+01
      vertex -5.735765e+00  6.319152e+01  2.000000e+01
      vertex -5.735765e+00  6.319152e+01  1.500000e+01
    endloop
  endfacet
  facet normal  6.087605e-01 -7.933540e-01  0.000000e+00
    outer loop
      vertex -5.735765e+00  6.319152e+01  1.500000e+01
      vertex -5.735765e+00  6.319152e+01  2.000000e+01
      vertex -6.427876e+00  6.266045e+01  2.000000e+01
    endloop
  endfacet
  facet normal  6.087605e-01 -7.933540e-01  0.000000e+00
    outer loop
      vertex -5.735765e+00  6.319152e+01  1.500000e+01
      vertex -6.427876e+00  6.266045e+01  2.000000e+01
      vertex -6.427876e+00  6.266045e+01  1.500000e+01
    endloop
  endfacet
  facet normal  6.755912e-01 -7.372763e-01  0.000000e+00
    outer loop
      vertex -6.427876e+00  6.266045e+01  1.500000e+01
      vertex -6.427876e+00  6.266045e+01  2.000000e+01
      vertex -7.071068e+00  6.207107e+01  2.000000e+01
    endloop
  endfacet
  facet normal  6.755912e-01 -7.372763e-01  0.000000e+00
    outer loop
      vertex -6.427876e+00  6.266045e+01  1.500000e+01
      vertex -7.071068e+00  6.207107e+01  2.000000e+01
      vertex -7.071068e+00  6.207107e+01  1.500000e+01
    endloop
  endfacet
  facet normal  7.372777e-01 -6.755897e-01  0.000000e+00
    outer loop
      vertex -7.071068e+00  6.207107e+01  1.500000e+01
      vertex -7.071068e+00  6.207107e+01  2.000000e+01
      vertex -7.660444e+00  6.142788e+01  2.000000e+01
    endloop
  endfacet
  facet normal  7.372777e-01 -6.755897e-01  0.000000e+00
    outer loop
      vertex -7.071068e+00  6.207107e+01  1.500000e+01
      vertex -7.660444e+00  6.142788e+01  2.000000e+01
      vertex -7.660444e+00  6.142788e+01  1.500000e+01
    endloop
  endfacet
  facet normal  7.933533e-01 -6.087616e-01  0.000000e+00
    outer loop
      vertex -7.660444e+00  6.142788e+01  1.500000e+01
      vertex -7.660444e+00  6.142788e+01  2.000000e+01
      vertex -8.191521e+00  6.073576e+01  2.000000e+01
    endloop
  endfacet
  facet normal  7.933533e-01 -6.087616e-01  0.000000e+00
    outer loop
      vertex -7.660444e+00  6.142788e+01  1.500000e+01
      vertex -8.191521e+00  6.073576e+01  2.000000e+01
      vertex -8.191521e+00  6.073576e+01  1.500000e+01
    endloop
  endfacet
  facet normal  8.433911e-01 -5.373002e-01  0.000000e+00
    outer loop
      vertex -8.191521e+00  6.073576e+01  1.500000e+01
      vertex -8.191521e+00  6.073576e+01  2.000000e+01
      vertex -8.660254e+00  6.000000e+01  2.000000e+01
    endloop
  endfacet
  facet normal  8.433911e-01 -5.373002e-01  0.000000e+00
    outer loop
      vertex -8.191521e+00  6.073576e+01  1.500000e+01
      vertex -8.660254e+00  6.000000e+01  2.000000e+01
      vertex -8.660254e+00  6.000000e+01  1.500000e+01
    endloop
  endfacet
  facet normal  8.870113e-01 -4.617475e-01  0.000000e+00
    outer loop
      vertex -8.660254e+00  6.000000e+01  1.500000e+01
      vertex -8.660254e+00  6.000000e+01  2.000000e+01
      vertex -9.063078e+00  5.922618e+01  2.000000e+01
    endloop
  endfacet
  facet normal  8.870113e-01 -4.617475e-01  0.000000e+00
    outer loop
      vertex -8.660254e+00  6.000000e+01  1.500000e+01
      vertex -9.063078e+00  5.922618e+01  2.000000e+01
      vertex -9.063078e+00  5.922618e+01  1.500000e+01
    endloop
  endfacet
  facet normal  9.238796e-01 -3.826833e-01  0.000000e+00
    outer loop
      vertex -9.063078e+00  5.922618e+01  1.500000e+01
      vertex -9.063078e+00  5.922618e+01  2.000000e+01
      vertex -9.396926e+00  5.842020e+01  2.000000e+01
    endloop
  endfacet
  facet normal  9.238796e-01 -3.826833e-01  0.000000e+00
    outer loop
      vertex -9.063078e+00  5.922618e+01  1.500000e+01
      vertex -9.396926e+00  5.842020e+01  2.000000e+01
      vertex -9.396926e+00  5.842020e+01  1.500000e+01
    endloop
  endfacet
  facet normal  9.537168e-01 -3.007066e-01  0.000000e+00
    outer loop
      vertex -9.396926e+00  5.842020e+01  1.500000e+01
      vertex -9.396926e+00  5.842020e+01  2.000000e+01
      vertex -9.659258e+00  5.758819e+01  2.000000e+01
    endloop
  endfacet
  facet normal  9.537168e-01 -3.007066e-01  0.000000e+00
    outer loop
      vertex -9.396926e+00  5.842020e+01  1.500000e+01
      vertex -9.659258e+00  5.758819e+01  2.000000e+01
      vertex -9.659258e+00  5.758819e+01  1.500000e+01
    endloop
  endfacet
  facet normal  9.762961e-01 -2.164397e-01  0.000000e+00
    outer loop
      vertex -9.659258e+00  5.758819e+01  1.500000e+01
      vertex -9.659258e+00  5.758819e+01  2.000000e+01
      vertex -9.848078e+00  5.673648e+01  2.000000e+01
    endloop
  endfacet
  facet normal  9.762961e-01 -2.164397e-01  0.000000e+00
    outer loop
      vertex -9.659258e+00  5.758819e+01  1.500000e+01
      vertex -9.848078e+00  5.673648e+01  2.000000e+01
      vertex -9.848078e+00  5.673648e+01  1.500000e+01
    endloop
  endfacet
  facet normal  9.914448e-01 -1.305268e-01  0.000000e+00
    outer loop
      vertex -9.848078e+00  5.673648e+01  1.500000e+01
      vertex -9.848078e+00  5.673648e+01  2.000000e+01
      vertex -9.961947e+00  5.587156e+01  2.000000e+01
    endloop
  endfacet
  facet normal  9.914448e-01 -1.305268e-01  0.000000e+00
    outer loop
      vertex -9.848078e+00  5.673648e+01  1.500000e+01
      vertex -9.961947e+00  5.587156e+01  2.000000e+01
      vertex -9.961947e+00  5.587156e+01  1.500000e+01
    endloop
  endfacet
  facet normal  9.990483e-01 -4.361878e-02  0.000000e+00
    outer loop
      vertex -9.961947e+00  5.587156e+01  1.500000e+01
      vertex -9.961947e+00  5.587156e+01  2.000000e+01
      vertex -1.000000e+01  5.500000e+01  2.000000e+01
    endloop
  endfacet
  facet normal  9.990483e-01 -4.361878e-02  0.000000e+00
    outer loop
      vertex -9.961947e+00  5.587156e+01  1.500000e+01
      vertex -1.000000e+01  5.500000e+01  2.000000e+01
      vertex -1.000000e+01  5.500000e+01  1.500000e+01
    endloop
  endfacet
  facet normal  -0.000000e+00  0.000000e+00  1.000000e+00
    outer loop
      vertex -4.114497e+00  4.933688e+01  1.500000e+01
      vertex -8.191521e+00  4.926424e+01  1.500000e+01
      vertex -3.500000e+00  4.893782e+01  1.500000e+01
    endloop
  endfacet
  facet normal  0.000000e+00  0.000000e+00  9.999999e-01
    outer loop
      vertex  8.191521e+00  4.926424e+01  1.500000e+01
      vertex  4.114497e+00  4.933688e+01  1.500000e+01
      vertex  3.500000e+00  4.893782e+01  1.500000e+01
    endloop
  endfacet
  facet normal  0.000000e+00  0.000000e+00  1.000000e+00
    outer loop
      vertex  3.981340e-15  4.800000e+01  1.500000e+01
      vertex -7.316992e-01  4.803835e+01  1.500000e+01
      vertex -7.071068e+00  4.792893e+01  1.500000e+01
    endloop
  endfacet
  facet normal  -0.000000e+00  0.000000e+00  1.000000e+00
    outer loop
      vertex  3.981340e-15  4.800000e+01  1.500000e+01
      vertex -7.071068e+00  4.792893e+01  1.500000e+01
      vertex -6.427876e+00  4.733955e+01  1.500000e+01
    endloop
  endfacet
  facet normal  -0.000000e+00  0.000000e+00  1.000000e+00
    outer loop
      vertex  3.981340e-15  4.800000e+01  1.500000e+01
      vertex -6.427876e+00  4.733955e+01  1.500000e+01
      vertex -5.735765e+00  4.680848e+01  1.500000e+01
    endloop
  endfacet
  facet normal  -0.000000e+00  0.000000e+00  9.999999e-01
    outer loop
      vertex  3.981340e-15  4.800000e+01  1.500000e+01
      vertex -5.735765e+00  4.680848e+01  1.500000e+01
      vertex -5.000000e+00  4.633974e+01  1.500000e+01
    endloop
  endfacet
  facet normal  -0.000000e+00  0.000000e+00  9.999999e-01
    outer loop
      vertex  3.981340e-15  4.800000e+01  1.500000e+01
      vertex -5.000000e+00  4.633974e+01  1.500000e+01
      vertex -4.226182e+00  4.593692e+01  1.500000e+01
    endloop
  endfacet
  facet normal  -0.000000e+00  0.000000e+00  1.000000e+00
    outer loop
      vertex  3.981340e-15  4.800000e+01  1.500000e+01
      vertex -4.226182e+00  4.593692e+01  1.500000e+01
      vertex -3.420202e+00  4.560307e+01  1.500000e+01
    endloop
  endfacet
  facet normal  -0.000000e+00  0.000000e+00  1.000000e+00
    outer loop
      vertex  3.981340e-15  4.800000e+01  1.500000e+01
      vertex -3.420202e+00  4.560307e+01  1.500000e+01
      vertex -2.588191e+00  4.534074e+01  1.500000e+01
    endloop
  endfacet
  facet normal  -0.000000e+00  0.000000e+00  9.999999e-01
    outer loop
      vertex  3.981340e-15  4.800000e+01  1.500000e+01
      vertex -2.588191e+00  4.534074e+01  1.500000e+01
      vertex -1.736482e+00  4.515192e+01  1.500000e+01
    endloop
  endfacet
  facet normal  -0.000000e+00  0.000000e+00  1.000000e+00
    outer loop
      vertex  3.981340e-15  4.800000e+01  1.500000e+01
      vertex -1.736482e+00  4.515192e+01  1.500000e+01
      vertex -8.715574e-01  4.503805e+01  1.500000e+01
    endloop
  endfacet
  facet normal  -0.000000e+00  0.000000e+00  1.000000e+00
    outer loop
      vertex  3.981340e-15  4.800000e+01  1.500000e+01
      vertex -8.715574e-01  4.503805e+01  1.500000e+01
      vertex  4.165037e-15  4.500000e+01  1.500000e+01
    endloop
  endfacet
  facet normal  0.000000e+00  -0.000000e+00  1.000000e+00
    outer loop
      vertex  3.981340e-15  4.800000e+01  1.500000e+01
      vertex  4.165037e-15  4.500000e+01  1.500000e+01
      vertex  8.715574e-01  4.503805e+01  1.500000e+01
    endloop
  endfacet
  facet normal  0.000000e+00  -0.000000e+00  1.000000e+00
    outer loop
      vertex  3.981340e-15  4.800000e+01  1.500000e+01
      vertex  8.715574e-01  4.503805e+01  1.500000e+01
      vertex  1.736482e+00  4.515192e+01  1.500000e+01
    endloop
  endfacet
  facet normal  0.000000e+00  -0.000000e+00  9.999999e-01
    outer loop
      vertex  3.981340e-15  4.800000e+01  1.500000e+01
      vertex  1.736482e+00  4.515192e+01  1.500000e+01
      vertex  2.588191e+00  4.534074e+01  1.500000e+01
    endloop
  endfacet
  facet normal  0.000000e+00  -0.000000e+00  1.000000e+00
    outer loop
      vertex  3.981340e-15  4.800000e+01  1.500000e+01
      vertex  2.588191e+00  4.534074e+01  1.500000e+01
      vertex  3.420202e+00  4.560307e+01  1.500000e+01
    endloop
  endfacet
  facet normal  0.000000e+00  -0.000000e+00  1.000000e+00
    outer loop
      vertex  3.981340e-15  4.800000e+01  1.500000e+01
      vertex  3.420202e+00  4.560307e+01  1.500000e+01
      vertex  4.226182e+00  4.593692e+01  1.500000e+01
    endloop
  endfacet
  facet normal  0.000000e+00  -0.000000e+00  9.999999e-01
    outer loop
      vertex  3.981340e-15  4.800000e+01  1.500000e+01
      vertex  4.226182e+00  4.593692e+01  1.500000e+01
      vertex  5.000000e+00  4.633974e+01  1.500000e+01
    endloop
  endfacet
  facet normal  0.000000e+00  -0.000000e+00  9.999999e-01
    outer loop
      vertex  3.981340e-15  4.800000e+01  1.500000e+01
      vertex  5.000000e+00  4.633974e+01  1.500000e+01
      vertex  5.735765e+00  4.680848e+01  1.500000e+01
    endloop
  endfacet
  facet normal  0.000000e+00  -0.000000e+00  1.000000e+00
    outer loop
      vertex  3.981340e-15  4.800000e+01  1.500000e+01
      vertex  5.735765e+00  4.680848e+01  1.500000e+01
      vertex  6.427876e+00  4.733955e+01  1.500000e+01
    endloop
  endfacet
  facet normal  0.000000e+00  -0.000000e+00  1.000000e+00
    outer loop
      vertex  3.981340e-15  4.800000e+01  1.500000e+01
      vertex  6.427876e+00  4.733955e+01  1.500000e+01
      vertex  7.071068e+00  4.792893e+01  1.500000e+01
    endloop
  endfacet
  facet normal  0.000000e+00  0.000000e+00  1.000000e+00
    outer loop
      vertex  3.981340e-15  4.800000e+01  1.500000e+01
      vertex  7.071068e+00  4.792893e+01  1.500000e+01
      vertex  7.316992e-01  4.803835e+01  1.500000e+01
    endloop
  endfacet
  facet normal  -0.000000e+00  0.000000e+00  1.000000e+00
    outer loop
      vertex -7.071068e+00  6.207107e+01  1.500000e+01
      vertex -7.660444e+00  6.142788e+01  1.500000e+01
      vertex -2.847157e+00  6.139482e+01  1.500000e+01
    endloop
  endfacet
  facet normal  0.000000e+00  -0.000000e+00  9.999999e-01
    outer loop
      vertex -7.071068e+00  6.207107e+01  1.500000e+01
      vertex -2.847157e+00  6.139482e+01  1.500000e+01
      vertex -2.163119e+00  6.165739e+01  1.500000e+01
    endloop
  endfacet
  facet normal  0.000000e+00  -0.000000e+00  1.000000e+00
    outer loop
      vertex -7.071068e+00  6.207107e+01  1.500000e+01
      vertex -2.163119e+00  6.165739e+01  1.500000e+01
      vertex -1.455382e+00  6.184703e+01  1.500000e+01
    endloop
  endfacet
  facet normal  0.000000e+00  -0.000000e+00  1.000000e+00
    outer loop
      vertex -7.071068e+00  6.207107e+01  1.500000e+01
      vertex -1.455382e+00  6.184703e+01  1.500000e+01
      vertex -7.316992e-01  6.196165e+01  1.500000e+01
    endloop
  endfacet
  facet normal  0.000000e+00  -0.000000e+00  1.000000e+00
    outer loop
      vertex -7.071068e+00  6.207107e+01  1.500000e+01
      vertex -7.316992e-01  6.196165e+01  1.500000e+01
      vertex  2.266834e-15  6.200000e+01  1.500000e+01
    endloop
  endfacet
  facet normal  0.000000e+00  0.000000e+00  1.000000e+00
    outer loop
      vertex -7.071068e+00  6.207107e+01  1.500000e+01
      vertex  2.266834e-15  6.200000e+01  1.500000e+01
      vertex  1.715743e-15  6.500000e+01  1.500000e+01
    endloop
  endfacet
  facet normal  -0.000000e+00  0.000000e+00  1.000000e+00
    outer loop
      vertex  1.715743e-15  6.500000e+01  1.500000e+01
      vertex -8.715574e-01  6.496194e+01  1.500000e+01
      vertex -1.736482e+00  6.484808e+01  1.500000e+01
    endloop
  endfacet
  facet normal  -0.000000e+00  0.000000e+00  1.000000e+00
    outer loop
      vertex  1.715743e-15  6.500000e+01  1.500000e+01
      vertex -1.736482e+00  6.484808e+01  1.500000e+01
      vertex -2.588191e+00  6.465926e+01  1.500000e+01
    endloop
  endfacet
  facet normal  -0.000000e+00  0.000000e+00  1.000000e+00
    outer loop
      vertex  1.715743e-15  6.500000e+01  1.500000e+01
      vertex -2.588191e+00  6.465926e+01  1.500000e+01
      vertex -3.420202e+00  6.439693e+01  1.500000e+01
    endloop
  endfacet
  facet normal  -0.000000e+00  0.000000e+00  1.000000e+00
    outer loop
      vertex  1.715743e-15  6.500000e+01  1.500000e+01
      vertex -3.420202e+00  6.439693e+01  1.500000e+01
      vertex -4.226182e+00  6.406308e+01  1.500000e+01
    endloop
  endfacet
  facet normal  -0.000000e+00  0.000000e+00  1.000000e+00
    outer loop
      vertex  1.715743e-15  6.500000e+01  1.500000e+01
      vertex -4.226182e+00  6.406308e+01  1.500000e+01
      vertex -5.000000e+00  6.366026e+01  1.500000e+01
    endloop
  endfacet
  facet normal  -0.000000e+00  0.000000e+00  1.000000e+00
    outer loop
      vertex  1.715743e-15  6.500000e+01  1.500000e+01
      vertex -5.000000e+00  6.366026e+01  1.500000e+01
      vertex -5.735765e+00  6.319152e+01  1.500000e+01
    endloop
  endfacet
  facet normal  -0.000000e+00  0.000000e+00  9.999999e-01
    outer loop
      vertex  1.715743e-15  6.500000e+01  1.500000e+01
      vertex -5.735765e+00  6.319152e+01  1.500000e+01
      vertex -6.427876e+00  6.266045e+01  1.500000e+01
    endloop
  endfacet
  facet normal  -0.000000e+00  0.000000e+00  1.000000e+00
    outer loop
      vertex  1.715743e-15  6.500000e+01  1.500000e+01
      vertex -6.427876e+00  6.266045e+01  1.500000e+01
      vertex -7.071068e+00  6.207107e+01  1.500000e+01
    endloop
  endfacet
  facet normal  -0.000000e+00  0.000000e+00  9.999999e-01
    outer loop
      vertex  7.071068e+00  6.207107e+01  1.500000e+01
      vertex  2.266834e-15  6.200000e+01  1.500000e+01
      vertex  7.316992e-01  6.196165e+01  1.500000e+01
    endloop
  endfacet
  facet normal  -0.000000e+00  0.000000e+00  1.000000e+00
    outer loop
      vertex  7.071068e+00  6.207107e+01  1.500000e+01
      vertex  7.316992e-01  6.196165e+01  1.500000e+01
      vertex  1.455382e+00  6.184703e+01  1.500000e+01
    endloop
  endfacet
  facet normal  -0.000000e+00  0.000000e+00  1.000000e+00
    outer loop
      vertex  7.071068e+00  6.207107e+01  1.500000e+01
      vertex  1.455382e+00  6.184703e+01  1.500000e+01
      vertex  2.163119e+00  6.165739e+01  1.500000e+01
    endloop
  endfacet
  facet normal  -0.000000e+00  0.000000e+00  1.000000e+00
    outer loop
      vertex  7.071068e+00  6.207107e+01  1.500000e+01
      vertex  2.163119e+00  6.165739e+01  1.500000e+01
      vertex  2.847157e+00  6.139482e+01  1.500000e+01
    endloop
  endfacet
  facet normal  0.000000e+00  0.000000e+00  9.999999e-01
    outer loop
      vertex  7.071068e+00  6.207107e+01  1.500000e+01
      vertex  2.847157e+00  6.139482e+01  1.500000e+01
      vertex  7.660444e+00  6.142788e+01  1.500000e+01
    endloop
  endfacet
  facet normal  0.000000e+00  -0.000000e+00  1.000000e+00
    outer loop
      vertex  1.715743e-15  6.500000e+01  1.500000e+01
      vertex  2.266834e-15  6.200000e+01  1.500000e+01
      vertex  7.071068e+00  6.207107e+01  1.500000e+01
    endloop
  endfacet
  facet normal  0.000000e+00  0.000000e+00  1.000000e+00
    outer loop
      vertex  1.715743e-15  6.500000e+01  1.500000e+01
      vertex  7.071068e+00  6.207107e+01  1.500000e+01
      vertex  6.427876e+00  6.266045e+01  1.500000e+01
    endloop
  endfacet
  facet normal  0.000000e+00  0.000000e+00  9.999999e-01
    outer loop
      vertex  1.715743e-15  6.500000e+01  1.500000e+01
      vertex  6.427876e+00  6.266045e+01  1.500000e+01
      vertex  5.735765e+00  6.319152e+01  1.500000e+01
    endloop
  endfacet
  facet normal  0.000000e+00  0.000000e+00  1.000000e+00
    outer loop
      vertex  1.715743e-15  6.500000e+01  1.500000e+01
      vertex  5.735765e+00  6.319152e+01  1.500000e+01
      vertex  5.000000e+00  6.366026e+01  1.500000e+01
    endloop
  endfacet
  facet normal  0.000000e+00  0.000000e+00  1.000000e+00
    outer loop
      vertex  1.715743e-15  6.500000e+01  1.500000e+01
      vertex  5.000000e+00  6.366026e+01  1.500000e+01
      vertex  4.226182e+00  6.406308e+01  1.500000e+01
    endloop
  endfacet
  facet normal  0.000000e+00  0.000000e+00  1.000000e+00
    outer loop
      vertex  1.715743e-15  6.500000e+01  1.500000e+01
      vertex  4.226182e+00  6.406308e+01  1.500000e+01
      vertex  3.420202e+00  6.439693e+01  1.500000e+01
    endloop
  endfacet
  facet normal  0.000000e+00  0.000000e+00  1.000000e+00
    outer loop
      vertex  1.715743e-15  6.500000e+01  1.500000e+01
      vertex  3.420202e+00  6.439693e+01  1.500000e+01
      vertex  2.588191e+00  6.465926e+01  1.500000e+01
    endloop
  endfacet
  facet normal  0.000000e+00  0.000000e+00  1.000000e+00
    outer loop
      vertex  1.715743e-15  6.500000e+01  1.500000e+01
      vertex  2.588191e+00  6.465926e+01  1.500000e+01
      vertex  1.736482e+00  6.484808e+01  1.500000e+01
    endloop
  endfacet
  facet normal  0.000000e+00  0.000000e+00  1.000000e+00
    outer loop
      vertex  1.715743e-15  6.500000e+01  1.500000e+01
      vertex  1.736482e+00  6.484808e+01  1.500000e+01
      vertex  8.715574e-01  6.496194e+01  1.500000e+01
    endloop
  endfacet
  facet normal  0.000000e+00  0.000000e+00  1.000000e+00
    outer loop
      vertex -2.163119e+00  4.834261e+01  1.500000e+01
      vertex -7.660444e+00  4.857212e+01  1.500000e+01
      vertex -1.455382e+00  4.815297e+01  1.500000e+01
    endloop
  endfacet
  facet normal  0.000000e+00  0.000000e+00  9.999999e-01
    outer loop
      vertex -1.455382e+00  4.815297e+01  1.500000e+01
      vertex -7.660444e+00  4.857212e+01  1.500000e+01
      vertex -7.071068e+00  4.792893e+01  1.500000e+01
    endloop
  endfacet
  facet normal  0.000000e+00  0.000000e+00  1.000000e+00
    outer loop
      vertex -1.455382e+00  4.815297e+01  1.500000e+01
      vertex -7.071068e+00  4.792893e+01  1.500000e+01
      vertex -7.316992e-01  4.803835e+01  1.500000e+01
    endloop
  endfacet
  facet normal  0.000000e+00  0.000000e+00  1.000000e+00
    outer loop
      vertex -2.163119e+00  4.834261e+01  1.500000e+01
      vertex -2.847157e+00  4.860518e+01  1.500000e+01
      vertex -7.660444e+00  4.857212e+01  1.500000e+01
    endloop
  endfacet
  facet normal  0.000000e+00  0.000000e+00  9.999999e-01
    outer loop
      vertex -7.660444e+00  4.857212e+01  1.500000e+01
      vertex -2.847157e+00  4.860518e+01  1.500000e+01
      vertex -3.500000e+00  4.893782e+01  1.500000e+01
    endloop
  endfacet
  facet normal  0.000000e+00  0.000000e+00  9.999999e-01
    outer loop
      vertex -7.660444e+00  4.857212e+01  1.500000e+01
      vertex -3.500000e+00  4.893782e+01  1.500000e+01
      vertex -8.191521e+00  4.926424e+01  1.500000e+01
    endloop
  endfacet
  facet normal  -0.000000e+00  0.000000e+00  1.000000e+00
    outer loop
      vertex -5.663119e+00  5.088550e+01  1.500000e+01
      vertex -9.063078e+00  5.077382e+01  1.500000e+01
      vertex -5.202014e+00  5.031609e+01  1.500000e+01
    endloop
  endfacet
  facet normal  0.000000e+00  0.000000e+00  1.000000e+00
    outer loop
      vertex -5.202014e+00  5.031609e+01  1.500000e+01
      vertex -9.063078e+00  5.077382e+01  1.500000e+01
      vertex -8.660254e+00  5.000000e+01  1.500000e+01
    endloop
  endfacet
  facet normal  -0.000000e+00  0.000000e+00  1.000000e+00
    outer loop
      vertex -5.202014e+00  5.031609e+01  1.500000e+01
      vertex -8.660254e+00  5.000000e+01  1.500000e+01
      vertex -4.683914e+00  4.979799e+01  1.500000e+01
    endloop
  endfacet
  facet normal  0.000000e+00  0.000000e+00  1.000000e+00
    outer loop
      vertex -4.683914e+00  4.979799e+01  1.500000e+01
      vertex -8.660254e+00  5.000000e+01  1.500000e+01
      vertex -8.191521e+00  4.926424e+01  1.500000e+01
    endloop
  endfacet
  facet normal  0.000000e+00  0.000000e+00  1.000000e+00
    outer loop
      vertex -4.683914e+00  4.979799e+01  1.500000e+01
      vertex -8.191521e+00  4.926424e+01  1.500000e+01
      vertex -4.114497e+00  4.933688e+01  1.500000e+01
    endloop
  endfacet
  facet normal  -0.000000e+00  0.000000e+00  1.000000e+00
    outer loop
      vertex -6.847033e+00  5.354462e+01  1.500000e+01
      vertex -9.848078e+00  5.326352e+01  1.500000e+01
      vertex -6.657396e+00  5.283688e+01  1.500000e+01
    endloop
  endfacet
  facet normal  0.000000e+00  0.000000e+00  1.000000e+00
    outer loop
      vertex -6.657396e+00  5.283688e+01  1.500000e+01
      vertex -9.848078e+00  5.326352e+01  1.500000e+01
      vertex -9.659258e+00  5.241181e+01  1.500000e+01
    endloop
  endfacet
  facet normal  -0.000000e+00  0.000000e+00  1.000000e+00
    outer loop
      vertex -6.657396e+00  5.283688e+01  1.500000e+01
      vertex -9.659258e+00  5.241181e+01  1.500000e+01
      vertex -6.394818e+00  5.215284e+01  1.500000e+01
    endloop
  endfacet
  facet normal  0.000000e+00  0.000000e+00  9.999999e-01
    outer loop
      vertex -6.394818e+00  5.215284e+01  1.500000e+01
      vertex -9.659258e+00  5.241181e+01  1.500000e+01
      vertex -9.396926e+00  5.157980e+01  1.500000e+01
    endloop
  endfacet
  facet normal  -0.000000e+00  0.000000e+00  1.000000e+00
    outer loop
      vertex -6.394818e+00  5.215284e+01  1.500000e+01
      vertex -9.396926e+00  5.157980e+01  1.500000e+01
      vertex -6.062178e+00  5.150000e+01  1.500000e+01
    endloop
  endfacet
  facet normal  0.000000e+00  0.000000e+00  1.000000e+00
    outer loop
      vertex -6.062178e+00  5.150000e+01  1.500000e+01
      vertex -9.396926e+00  5.157980e+01  1.500000e+01
      vertex -9.063078e+00  5.077382e+01  1.500000e+01
    endloop
  endfacet
  facet normal  0.000000e+00  0.000000e+00  1.000000e+00
    outer loop
      vertex -6.062178e+00  5.150000e+01  1.500000e+01
      vertex -9.063078e+00  5.077382e+01  1.500000e+01
      vertex -5.663119e+00  5.088550e+01  1.500000e+01
    endloop
  endfacet
  facet normal  -0.000000e+00  0.000000e+00  1.000000e+00
    outer loop
      vertex -6.394818e+00  5.784716e+01  1.500000e+01
      vertex -9.659258e+00  5.758819e+01  1.500000e+01
      vertex -6.657396e+00  5.716312e+01  1.500000e+01
    endloop
  endfacet
  facet normal  0.000000e+00  0.000000e+00  1.000000e+00
    outer loop
      vertex -6.657396e+00  5.716312e+01  1.500000e+01
      vertex -9.659258e+00  5.758819e+01  1.500000e+01
      vertex -9.848078e+00  5.673648e+01  1.500000e+01
    endloop
  endfacet
  facet normal  -0.000000e+00  0.000000e+00  1.000000e+00
    outer loop
      vertex -6.657396e+00  5.716312e+01  1.500000e+01
      vertex -9.848078e+00  5.673648e+01  1.500000e+01
      vertex -6.847033e+00  5.645538e+01  1.500000e+01
    endloop
  endfacet
  facet normal  0.000000e+00  0.000000e+00  1.000000e+00
    outer loop
      vertex -6.847033e+00  5.645538e+01  1.500000e+01
      vertex -9.848078e+00  5.673648e+01  1.500000e+01
      vertex -9.961947e+00  5.587156e+01  1.500000e+01
    endloop
  endfacet
  facet normal  -0.000000e+00  0.000000e+00  1.000000e+00
    outer loop
      vertex -6.847033e+00  5.645538e+01  1.500000e+01
      vertex -9.961947e+00  5.587156e+01  1.500000e+01
      vertex -6.961653e+00  5.573170e+01  1.500000e+01
    endloop
  endfacet
  facet normal  0.000000e+00  0.000000e+00  1.000000e+00
    outer loop
      vertex -6.961653e+00  5.573170e+01  1.500000e+01
      vertex -9.961947e+00  5.587156e+01  1.500000e+01
      vertex -1.000000e+01  5.500000e+01  1.500000e+01
    endloop
  endfacet
  facet normal  0.000000e+00  0.000000e+00  1.000000e+00
    outer loop
      vertex -6.961653e+00  5.573170e+01  1.500000e+01
      vertex -1.000000e+01  5.500000e+01  1.500000e+01
      vertex -7.000000e+00  5.500000e+01  1.500000e+01
    endloop
  endfacet
  facet normal  0.000000e+00  0.000000e+00  1.000000e+00
    outer loop
      vertex -7.000000e+00  5.500000e+01  1.500000e+01
      vertex -1.000000e+01  5.500000e+01  1.500000e+01
      vertex -9.961947e+00  5.412844e+01  1.500000e+01
    endloop
  endfacet
  facet normal  0.000000e+00  0.000000e+00  1.000000e+00
    outer loop
      vertex -7.000000e+00  5.500000e+01  1.500000e+01
      vertex -9.961947e+00  5.412844e+01  1.500000e+01
      vertex -6.961653e+00  5.426830e+01  1.500000e+01
    endloop
  endfacet
  facet normal  0.000000e+00  0.000000e+00  1.000000e+00
    outer loop
      vertex -6.961653e+00  5.426830e+01  1.500000e+01
      vertex -9.961947e+00  5.412844e+01  1.500000e+01
      vertex -9.848078e+00  5.326352e+01  1.500000e+01
    endloop
  endfacet
  facet normal  0.000000e+00  0.000000e+00  1.000000e+00
    outer loop
      vertex -6.961653e+00  5.426830e+01  1.500000e+01
      vertex -9.848078e+00  5.326352e+01  1.500000e+01
      vertex -6.847033e+00  5.354462e+01  1.500000e+01
    endloop
  endfacet
  facet normal  -0.000000e+00  0.000000e+00  1.000000e+00
    outer loop
      vertex -4.683914e+00  6.020201e+01  1.500000e+01
      vertex -8.660254e+00  6.000000e+01  1.500000e+01
      vertex -5.202014e+00  5.968391e+01  1.500000e+01
    endloop
  endfacet
  facet normal  0.000000e+00  0.000000e+00  1.000000e+00
    outer loop
      vertex -5.202014e+00  5.968391e+01  1.500000e+01
      vertex -8.660254e+00  6.000000e+01  1.500000e+01
      vertex -9.063078e+00  5.922618e+01  1.500000e+01
    endloop
  endfacet
  facet normal  -0.000000e+00  0.000000e+00  1.000000e+00
    outer loop
      vertex -5.202014e+00  5.968391e+01  1.500000e+01
      vertex -9.063078e+00  5.922618e+01  1.500000e+01
      vertex -5.663119e+00  5.911450e+01  1.500000e+01
    endloop
  endfacet
  facet normal  0.000000e+00  0.000000e+00  1.000000e+00
    outer loop
      vertex -5.663119e+00  5.911450e+01  1.500000e+01
      vertex -9.063078e+00  5.922618e+01  1.500000e+01
      vertex -9.396926e+00  5.842020e+01  1.500000e+01
    endloop
  endfacet
  facet normal  0.000000e+00  0.000000e+00  1.000000e+00
    outer loop
      vertex -5.663119e+00  5.911450e+01  1.500000e+01
      vertex -9.396926e+00  5.842020e+01  1.500000e+01
      vertex -6.062178e+00  5.850000e+01  1.500000e+01
    endloop
  endfacet
  facet normal  0.000000e+00  0.000000e+00  1.000000e+00
    outer loop
      vertex -6.062178e+00  5.850000e+01  1.500000e+01
      vertex -9.396926e+00  5.842020e+01  1.500000e+01
      vertex -9.659258e+00  5.758819e+01  1.500000e+01
    endloop
  endfacet
  facet normal  0.000000e+00  0.000000e+00  1.000000e+00
    outer loop
      vertex -6.062178e+00  5.850000e+01  1.500000e+01
      vertex -9.659258e+00  5.758819e+01  1.500000e+01
      vertex -6.394818e+00  5.784716e+01  1.500000e+01
    endloop
  endfacet
  facet normal  0.000000e+00  0.000000e+00  9.999999e-01
    outer loop
      vertex -2.847157e+00  6.139482e+01  1.500000e+01
      vertex -7.660444e+00  6.142788e+01  1.500000e+01
      vertex -3.500000e+00  6.106218e+01  1.500000e+01
    endloop
  endfacet
  facet normal  0.000000e+00  0.000000e+00  9.999999e-01
    outer loop
      vertex -3.500000e+00  6.106218e+01  1.500000e+01
      vertex -7.660444e+00  6.142788e+01  1.500000e+01
      vertex -8.191521e+00  6.073576e+01  1.500000e+01
    endloop
  endfacet
  facet normal  -0.000000e+00  0.000000e+00  1.000000e+00
    outer loop
      vertex -3.500000e+00  6.106218e+01  1.500000e+01
      vertex -8.191521e+00  6.073576e+01  1.500000e+01
      vertex -4.114497e+00  6.066312e+01  1.500000e+01
    endloop
  endfacet
  facet normal  0.000000e+00  0.000000e+00  9.999999e-01
    outer loop
      vertex -4.114497e+00  6.066312e+01  1.500000e+01
      vertex -8.191521e+00  6.073576e+01  1.500000e+01
      vertex -8.660254e+00  6.000000e+01  1.500000e+01
    endloop
  endfacet
  facet normal  0.000000e+00  0.000000e+00  1.000000e+00
    outer loop
      vertex -4.114497e+00  6.066312e+01  1.500000e+01
      vertex -8.660254e+00  6.000000e+01  1.500000e+01
      vertex -4.683914e+00  6.020201e+01  1.500000e+01
    endloop
  endfacet
  facet normal  0.000000e+00  0.000000e+00  9.999999e-01
    outer loop
      vertex  2.163119e+00  4.834261e+01  1.500000e+01
      vertex  1.455382e+00  4.815297e+01  1.500000e+01
      vertex  7.660444e+00  4.857212e+01  1.500000e+01
    endloop
  endfacet
  facet normal  0.000000e+00  0.000000e+00  1.000000e+00
    outer loop
      vertex  7.660444e+00  4.857212e+01  1.500000e+01
      vertex  1.455382e+00  4.815297e+01  1.500000e+01
      vertex  7.316992e-01  4.803835e+01  1.500000e+01
    endloop
  endfacet
  facet normal  -0.000000e+00  0.000000e+00  1.000000e+00
    outer loop
      vertex  7.660444e+00  4.857212e+01  1.500000e+01
      vertex  7.316992e-01  4.803835e+01  1.500000e+01
      vertex  7.071068e+00  4.792893e+01  1.500000e+01
    endloop
  endfacet
  facet normal  0.000000e+00  0.000000e+00  1.000000e+00
    outer loop
      vertex  2.163119e+00  4.834261e+01  1.500000e+01
      vertex  7.660444e+00  4.857212e+01  1.500000e+01
      vertex  2.847157e+00  4.860518e+01  1.500000e+01
    endloop
  endfacet
  facet normal  -0.000000e+00  0.000000e+00  1.000000e+00
    outer loop
      vertex  2.847157e+00  4.860518e+01  1.500000e+01
      vertex  7.660444e+00  4.857212e+01  1.500000e+01
      vertex  8.191521e+00  4.926424e+01  1.500000e+01
    endloop
  endfacet
  facet normal  0.000000e+00  0.000000e+00  1.000000e+00
    outer loop
      vertex  2.847157e+00  4.860518e+01  1.500000e+01
      vertex  8.191521e+00  4.926424e+01  1.500000e+01
      vertex  3.500000e+00  4.893782e+01  1.500000e+01
    endloop
  endfacet
  facet normal  0.000000e+00  0.000000e+00  1.000000e+00
    outer loop
      vertex  5.663119e+00  5.088550e+01  1.500000e+01
      vertex  5.202014e+00  5.031609e+01  1.500000e+01
      vertex  9.063078e+00  5.077382e+01  1.500000e+01
    endloop
  endfacet
  facet normal  0.000000e+00  0.000000e+00  1.000000e+00
    outer loop
      vertex  9.063078e+00  5.077382e+01  1.500000e+01
      vertex  5.202014e+00  5.031609e+01  1.500000e+01
      vertex  4.683914e+00  4.979799e+01  1.500000e+01
    endloop
  endfacet
  facet normal  0.000000e+00  0.000000e+00  1.000000e+00
    outer loop
      vertex  9.063078e+00  5.077382e+01  1.500000e+01
      vertex  4.683914e+00  4.979799e+01  1.500000e+01
      vertex  8.660254e+00  5.000000e+01  1.500000e+01
    endloop
  endfacet
  facet normal  0.000000e+00  0.000000e+00  1.000000e+00
    outer loop
      vertex  8.660254e+00  5.000000e+01  1.500000e+01
      vertex  4.683914e+00  4.979799e+01  1.500000e+01
      vertex  4.114497e+00  4.933688e+01  1.500000e+01
    endloop
  endfacet
  facet normal  -0.000000e+00  0.000000e+00  9.999999e-01
    outer loop
      vertex  8.660254e+00  5.000000e+01  1.500000e+01
      vertex  4.114497e+00  4.933688e+01  1.500000e+01
      vertex  8.191521e+00  4.926424e+01  1.500000e+01
    endloop
  endfacet
  facet normal  0.000000e+00  0.000000e+00  1.000000e+00
    outer loop
      vertex  6.847033e+00  5.354462e+01  1.500000e+01
      vertex  6.657396e+00  5.283688e+01  1.500000e+01
      vertex  9.848078e+00  5.326352e+01  1.500000e+01
    endloop
  endfacet
  facet normal  0.000000e+00  0.000000e+00  1.000000e+00
    outer loop
      vertex  9.848078e+00  5.326352e+01  1.500000e+01
      vertex  6.657396e+00  5.283688e+01  1.500000e+01
      vertex  6.394818e+00  5.215284e+01  1.500000e+01
    endloop
  endfacet
  facet normal  0.000000e+00  0.000000e+00  1.000000e+00
    outer loop
      vertex  9.848078e+00  5.326352e+01  1.500000e+01
      vertex  6.394818e+00  5.215284e+01  1.500000e+01
      vertex  9.659258e+00  5.241181e+01  1.500000e+01
    endloop
  endfacet
  facet normal  0.000000e+00  0.000000e+00  1.000000e+00
    outer loop
      vertex  9.659258e+00  5.241181e+01  1.500000e+01
      vertex  6.394818e+00  5.215284e+01  1.500000e+01
      vertex  6.062178e+00  5.150000e+01  1.500000e+01
    endloop
  endfacet
  facet normal  0.000000e+00  0.000000e+00  1.000000e+00
    outer loop
      vertex  9.659258e+00  5.241181e+01  1.500000e+01
      vertex  6.062178e+00  5.150000e+01  1.500000e+01
      vertex  9.396926e+00  5.157980e+01  1.500000e+01
    endloop
  endfacet
  facet normal  0.000000e+00  0.000000e+00  1.000000e+00
    outer loop
      vertex  9.396926e+00  5.157980e+01  1.500000e+01
      vertex  6.062178e+00  5.150000e+01  1.500000e+01
      vertex  5.663119e+00  5.088550e+01  1.500000e+01
    endloop
  endfacet
  facet normal  -0.000000e+00  0.000000e+00  1.000000e+00
    outer loop
      vertex  9.396926e+00  5.157980e+01  1.500000e+01
      vertex  5.663119e+00  5.088550e+01  1.500000e+01
      vertex  9.063078e+00  5.077382e+01  1.500000e+01
    endloop
  endfacet
  facet normal  0.000000e+00  -0.000000e+00  1.000000e+00
    outer loop
      vertex  6.394818e+00  5.784716e+01  1.500000e+01
      vertex  6.657396e+00  5.716312e+01  1.500000e+01
      vertex  9.659258e+00  5.758819e+01  1.500000e+01
    endloop
  endfacet
  facet normal  0.000000e+00  0.000000e+00  1.000000e+00
    outer loop
      vertex  9.659258e+00  5.758819e+01  1.500000e+01
      vertex  6.657396e+00  5.716312e+01  1.500000e+01
      vertex  6.847033e+00  5.645538e+01  1.500000e+01
    endloop
  endfacet
  facet normal  0.000000e+00  0.000000e+00  1.000000e+00
    outer loop
      vertex  9.659258e+00  5.758819e+01  1.500000e+01
      vertex  6.847033e+00  5.645538e+01  1.500000e+01
      vertex  9.848078e+00  5.673648e+01  1.500000e+01
    endloop
  endfacet
  facet normal  0.000000e+00  0.000000e+00  1.000000e+00
    outer loop
      vertex  9.848078e+00  5.673648e+01  1.500000e+01
      vertex  6.847033e+00  5.645538e+01  1.500000e+01
      vertex  6.961653e+00  5.573170e+01  1.500000e+01
    endloop
  endfacet
  facet normal  0.000000e+00  0.000000e+00  1.000000e+00
    outer loop
      vertex  9.848078e+00  5.673648e+01  1.500000e+01
      vertex  6.961653e+00  5.573170e+01  1.500000e+01
      vertex  9.961947e+00  5.587156e+01  1.500000e+01
    endloop
  endfacet
  facet normal  0.000000e+00  0.000000e+00  1.000000e+00
    outer loop
      vertex  9.961947e+00  5.587156e+01  1.500000e+01
      vertex  6.961653e+00  5.573170e+01  1.500000e+01
      vertex  7.000000e+00  5.500000e+01  1.500000e+01
    endloop
  endfacet
  facet normal  0.000000e+00  0.000000e+00  1.000000e+00
    outer loop
      vertex  9.961947e+00  5.587156e+01  1.500000e+01
      vertex  7.000000e+00  5.500000e+01  1.500000e+01
      vertex  1.000000e+01  5.500000e+01  1.500000e+01
    endloop
  endfacet
  facet normal  0.000000e+00  0.000000e+00  1.000000e+00
    outer loop
      vertex  1.000000e+01  5.500000e+01  1.500000e+01
      vertex  7.000000e+00  5.500000e+01  1.500000e+01
      vertex  6.961653e+00  5.426830e+01  1.500000e+01
    endloop
  endfacet
  facet normal  -0.000000e+00  0.000000e+00  1.000000e+00
    outer loop
      vertex  1.000000e+01  5.500000e+01  1.500000e+01
      vertex  6.961653e+00  5.426830e+01  1.500000e+01
      vertex  9.961947e+00  5.412844e+01  1.500000e+01
    endloop
  endfacet
  facet normal  0.000000e+00  0.000000e+00  1.000000e+00
    outer loop
      vertex  9.961947e+00  5.412844e+01  1.500000e+01
      vertex  6.961653e+00  5.426830e+01  1.500000e+01
      vertex  6.847033e+00  5.354462e+01  1.500000e+01
    endloop
  endfacet
  facet normal  -0.000000e+00  0.000000e+00  1.000000e+00
    outer loop
      vertex  9.961947e+00  5.412844e+01  1.500000e+01
      vertex  6.847033e+00  5.354462e+01  1.500000e+01
      vertex  9.848078e+00  5.326352e+01  1.500000e+01
    endloop
  endfacet
  facet normal  0.000000e+00  -0.000000e+00  1.000000e+00
    outer loop
      vertex  4.683914e+00  6.020201e+01  1.500000e+01
      vertex  5.202014e+00  5.968391e+01  1.500000e+01
      vertex  8.660254e+00  6.000000e+01  1.500000e+01
    endloop
  endfacet
  facet normal  0.000000e+00  0.000000e+00  1.000000e+00
    outer loop
      vertex  8.660254e+00  6.000000e+01  1.500000e+01
      vertex  5.202014e+00  5.968391e+01  1.500000e+01
      vertex  5.663119e+00  5.911450e+01  1.500000e+01
    endloop
  endfacet
  facet normal  0.000000e+00  0.000000e+00  1.000000e+00
    outer loop
      vertex  8.660254e+00  6.000000e+01  1.500000e+01
      vertex  5.663119e+00  5.911450e+01  1.500000e+01
      vertex  9.063078e+00  5.922618e+01  1.500000e+01
    endloop
  endfacet
  facet normal  0.000000e+00  0.000000e+00  1.000000e+00
    outer loop
      vertex  9.063078e+00  5.922618e+01  1.500000e+01
      vertex  5.663119e+00  5.911450e+01  1.500000e+01
      vertex  6.062178e+00  5.850000e+01  1.500000e+01
    endloop
  endfacet
  facet normal  -0.000000e+00  0.000000e+00  1.000000e+00
    outer loop
      vertex  9.063078e+00  5.922618e+01  1.500000e+01
      vertex  6.062178e+00  5.850000e+01  1.500000e+01
      vertex  9.396926e+00  5.842020e+01  1.500000e+01
    endloop
  endfacet
  facet normal  0.000000e+00  0.000000e+00  1.000000e+00
    outer loop
      vertex  9.396926e+00  5.842020e+01  1.500000e+01
      vertex  6.062178e+00  5.850000e+01  1.500000e+01
      vertex  6.394818e+00  5.784716e+01  1.500000e+01
    endloop
  endfacet
  facet normal  -0.000000e+00  0.000000e+00  9.999999e-01
    outer loop
      vertex  9.396926e+00  5.842020e+01  1.500000e+01
      vertex  6.394818e+00  5.784716e+01  1.500000e+01
      vertex  9.659258e+00  5.758819e+01  1.500000e+01
    endloop
  endfacet
  facet normal  0.000000e+00  -0.000000e+00  9.999999e-01
    outer loop
      vertex  2.847157e+00  6.139482e+01  1.500000e+01
      vertex  3.500000e+00  6.106218e+01  1.500000e+01
      vertex  7.660444e+00  6.142788e+01  1.500000e+01
    endloop
  endfacet
  facet normal  0.000000e+00  0.000000e+00  1.000000e+00
    outer loop
      vertex  7.660444e+00  6.142788e+01  1.500000e+01
      vertex  3.500000e+00  6.106218e+01  1.500000e+01
      vertex  4.114497e+00  6.066312e+01  1.500000e+01
    endloop
  endfacet
  facet normal  0.000000e+00  0.000000e+00  9.999999e-01
    outer loop
      vertex  7.660444e+00  6.142788e+01  1.500000e+01
      vertex  4.114497e+00  6.066312e+01  1.500000e+01
      vertex  8.191521e+00  6.073576e+01  1.500000e+01
    endloop
  endfacet
  facet normal  0.000000e+00  0.000000e+00  1.000000e+00
    outer loop
      vertex  8.191521e+00  6.073576e+01  1.500000e+01
      vertex  4.114497e+00  6.066312e+01  1.500000e+01
      vertex  4.683914e+00  6.020201e+01  1.500000e+01
    endloop
  endfacet
  facet normal  -0.000000e+00  0.000000e+00  1.000000e+00
    outer loop
      vertex  8.191521e+00  6.073576e+01  1.500000e+01
      vertex  4.683914e+00  6.020201e+01  1.500000e+01
      vertex  8.660254e+00  6.000000e+01  1.500000e+01
    endloop
  endfacet
  facet normal  0.000000e+00  0.000000e+00  1.000000e+00
    outer loop
      vertex -1.500000e+01 -2.000000e+01  5.000000e+01
      vertex -1.000000e+01  1.500000e+01  5.000000e+01
      vertex -1.500000e+01  2.000000e+01  5.000000e+01
    endloop
  endfacet
  facet normal  0.000000e+00  0.000000e+00  1.000000e+00
    outer loop
      vertex -1.500000e+01  2.000000e+01  5.000000e+01
      vertex -1.000000e+01  1.500000e+01  5.000000e+01
      vertex  1.000000e+01  1.500000e+01  5.000000e+01
    endloop
  endfacet
  facet normal  0.000000e+00  -0.000000e+00  1.000000e+00
    outer loop
      vertex -1.500000e+01  2.000000e+01  5.000000e+01
      vertex  1.000000e+01  1.500000e+01  5.000000e+01
      vertex  1.500000e+01  2.000000e+01  5.000000e+01
    endloop
  endfacet
  facet normal  0.000000e+00  0.000000e+00  1.000000e+00
    outer loop
      vertex -1.000000e+01  1.500000e+01  5.000000e+01
      vertex -1.500000e+01 -2.000000e+01  5.000000e+01
      vertex -1.000000e+01 -1.500000e+01  5.000000e+01
    endloop
  endfacet
  facet normal  0.000000e+00  0.000000e+00  1.000000e+00
    outer loop
      vertex -1.000000e+01 -1.500000e+01  5.000000e+01
      vertex -1.500000e+01 -2.000000e+01  5.000000e+01
      vertex  1.500000e+01 -2.000000e+01  5.000000e+01
    endloop
  endfacet
  facet normal  0.000000e+00  0.000000e+00  1.000000e+00
    outer loop
      vertex -1.000000e+01 -1.500000e+01  5.000000e+01
      vertex  1.500000e+01 -2.000000e+01  5.000000e+01
      vertex  1.000000e+01 -1.500000e+01  5.000000e+01
    endloop
  endfacet
  facet normal  -0.000000e+00  0.000000e+00  1.000000e+00
    outer loop
      vertex  1.000000e+01 -1.500000e+01  5.000000e+01
      vertex  1.500000e+01 -2.000000e+01  5.000000e+01
      vertex  1.500000e+01  2.000000e+01  5.000000e+01
    endloop
  endfacet
  facet normal  0.000000e+00  0.000000e+00  1.000000e+00
    outer loop
      vertex  1.000000e+01 -1.500000e+01  5.000000e+01
      vertex  1.500000e+01  2.000000e+01  5.000000e+01
      vertex  1.000000e+01  1.500000e+01  5.000000e+01
    endloop
  endfacet
  facet normal  1.000000e+00  -0.000000e+00  0.000000e+00
    outer loop
      vertex -1.000000e+01  1.500000e+01  5.000000e+01
      vertex -1.000000e+01 -1.500000e+01  5.000000e+01
      vertex -1.000000e+01 -1.500000e+01  3.708099e+01
    endloop
  endfacet
  facet normal  1.000000e+00  0.000000e+00  0.000000e+00
    outer loop
      vertex -1.000000e+01  1.500000e+01  5.000000e+01
      vertex -1.000000e+01 -1.500000e+01  3.708099e+01
      vertex -1.000000e+01 -1.340304e+01  3.768764e+01
    endloop
  endfacet
  facet normal  1.000000e+00  0.000000e+00  0.000000e+00
    outer loop
      vertex -1.000000e+01  1.500000e+01  5.000000e+01
      vertex -1.000000e+01 -1.340304e+01  3.768764e+01
      vertex -1.000000e+01 -1.178164e+01  3.822555e+01
    endloop
  endfacet
  facet normal  1.000000e+00  0.000000e+00  0.000000e+00
    outer loop
      vertex -1.000000e+01  1.500000e+01  5.000000e+01
      vertex -1.000000e+01 -1.178164e+01  3.822555e+01
      vertex -1.000000e+01 -1.013875e+01  3.869374e+01
    endloop
  endfacet
  facet normal  1.000000e+00  0.000000e+00  0.000000e+00
    outer loop
      vertex -1.000000e+01  1.500000e+01  5.000000e+01
      vertex -1.000000e+01 -1.013875e+01  3.869374e+01
      vertex -1.000000e+01 -8.477370e+00  3.909136e+01
    endloop
  endfacet
  facet normal  1.000000e+00  0.000000e+00  0.000000e+00
    outer loop
      vertex -1.000000e+01  1.500000e+01  5.000000e+01
      vertex -1.000000e+01 -8.477370e+00  3.909136e+01
      vertex -1.000000e+01 -6.800526e+00  3.941767e+01
    endloop
  endfacet
  facet normal  1.000000e+00  0.000000e+00  0.000000e+00
    outer loop
      vertex -1.000000e+01  1.500000e+01  5.000000e+01
      vertex -1.000000e+01 -6.800526e+00  3.941767e+01
      vertex -1.000000e+01 -5.111278e+00  3.967209e+01
    endloop
  endfacet
  facet normal  1.000000e+00  0.000000e+00  0.000000e+00
    outer loop
      vertex -1.000000e+01  1.500000e+01  5.000000e+01
      vertex -1.000000e+01 -5.111278e+00  3.967209e+01
      vertex -1.000000e+01 -3.412706e+00  3.985415e+01
    endloop
  endfacet
  facet normal  1.000000e+00  0.000000e+00  0.000000e+00
    outer loop
      vertex -1.000000e+01  1.500000e+01  5.000000e+01
      vertex -1.000000e+01 -3.412706e+00  3.985415e+01
      vertex -1.000000e+01 -1.707911e+00  3.996352e+01
    endloop
  endfacet
  facet normal  1.000000e+00  0.000000e+00  0.000000e+00
    outer loop
      vertex -1.000000e+01  1.500000e+01  5.000000e+01
      vertex -1.000000e+01 -1.707911e+00  3.996352e+01
      vertex -1.000000e+01  2.449294e-15  4.000000e+01
    endloop
  endfacet
  facet normal  1.000000e+00  -0.000000e+00  0.000000e+00
    outer loop
      vertex -1.000000e+01  1.500000e+01  5.000000e+01
      vertex -1.000000e+01  2.449294e-15  4.000000e+01
      vertex -1.000000e+01  1.707911e+00  3.996352e+01
    endloop
  endfacet
  facet normal  1.000000e+00  -0.000000e+00  0.000000e+00
    outer loop
      vertex -1.000000e+01  1.500000e+01  5.000000e+01
      vertex -1.000000e+01  1.707911e+00  3.996352e+01
      vertex -1.000000e+01  3.412706e+00  3.985415e+01
    endloop
  endfacet
  facet normal  1.000000e+00  -0.000000e+00  0.000000e+00
    outer loop
      vertex -1.000000e+01  1.500000e+01  5.000000e+01
      vertex -1.000000e+01  3.412706e+00  3.985415e+01
      vertex -1.000000e+01  5.111278e+00  3.967209e+01
    endloop
  endfacet
  facet normal  1.000000e+00  -0.000000e+00  0.000000e+00
    outer loop
      vertex -1.000000e+01  1.500000e+01  5.000000e+01
      vertex -1.000000e+01  5.111278e+00  3.967209e+01
      vertex -1.000000e+01  6.800526e+00  3.941767e+01
    endloop
  endfacet
  facet normal  1.000000e+00  -0.000000e+00  0.000000e+00
    outer loop
      vertex -1.000000e+01  1.500000e+01  5.000000e+01
      vertex -1.000000e+01  6.800526e+00  3.941767e+01
      vertex -1.000000e+01  8.477370e+00  3.909136e+01
    endloop
  endfacet
  facet normal  1.000000e+00  -0.000000e+00  0.000000e+00
    outer loop
      vertex -1.000000e+01  1.500000e+01  5.000000e+01
      vertex -1.000000e+01  8.477370e+00  3.909136e+01
      vertex -1.000000e+01  1.013875e+01  3.869374e+01
    endloop
  endfacet
  facet normal  1.000000e+00  -0.000000e+00  0.000000e+00
    outer loop
      vertex -1.000000e+01  1.500000e+01  5.000000e+01
      vertex -1.000000e+01  1.013875e+01  3.869374e+01
      vertex -1.000000e+01  1.178164e+01  3.822555e+01
    endloop
  endfacet
  facet normal  9.999999e-01  -0.000000e+00  0.000000e+00
    outer loop
      vertex -1.000000e+01  1.500000e+01  5.000000e+01
      vertex -1.000000e+01  1.178164e+01  3.822555e+01
      vertex -1.000000e+01  1.340304e+01  3.768764e+01
    endloop
  endfacet
  facet normal  1.000000e+00  -0.000000e+00  0.000000e+00
    outer loop
      vertex -1.000000e+01  1.500000e+01  5.000000e+01
      vertex -1.000000e+01  1.340304e+01  3.768764e+01
      vertex -1.000000e+01  1.500000e+01  3.708099e+01
    endloop
  endfacet
  facet normal -1.000000e+00  0.000000e+00  0.000000e+00
    outer loop
      vertex  1.000000e+01  1.500000e+01  5.000000e+01
      vertex  1.000000e+01  1.500000e+01  3.708099e+01
      vertex  1.000000e+01  1.340304e+01  3.768764e+01
    endloop
  endfacet
  facet normal -1.000000e+00  0.000000e+00  0.000000e+00
    outer loop
      vertex  1.000000e+01  1.500000e+01  5.000000e+01
      vertex  1.000000e+01  1.340304e+01  3.768764e+01
      vertex  1.000000e+01  1.178164e+01  3.822555e+01
    endloop
  endfacet
  facet normal -1.000000e+00  0.000000e+00  0.000000e+00
    outer loop
      vertex  1.000000e+01  1.500000e+01  5.000000e+01
      vertex  1.000000e+01  1.178164e+01  3.822555e+01
      vertex  1.000000e+01  1.013875e+01  3.869374e+01
    endloop
  endfacet
  facet normal -1.000000e+00  0.000000e+00  0.000000e+00
    outer loop
      vertex  1.000000e+01  1.500000e+01  5.000000e+01
      vertex  1.000000e+01  1.013875e+01  3.869374e+01
      vertex  1.000000e+01  8.477370e+00  3.909136e+01
    endloop
  endfacet
  facet normal -1.000000e+00  0.000000e+00  0.000000e+00
    outer loop
      vertex  1.000000e+01  1.500000e+01  5.000000e+01
      vertex  1.000000e+01  8.477370e+00  3.909136e+01
      vertex  1.000000e+01  6.800526e+00  3.941767e+01
    endloop
  endfacet
  facet normal -1.000000e+00  0.000000e+00  0.000000e+00
    outer loop
      vertex  1.000000e+01  1.500000e+01  5.000000e+01
      vertex  1.000000e+01  6.800526e+00  3.941767e+01
      vertex  1.000000e+01  5.111278e+00  3.967209e+01
    endloop
  endfacet
  facet normal -1.000000e+00  0.000000e+00  0.000000e+00
    outer loop
      vertex  1.000000e+01  1.500000e+01  5.000000e+01
      vertex  1.000000e+01  5.111278e+00  3.967209e+01
      vertex  1.000000e+01  3.412706e+00  3.985415e+01
    endloop
  endfacet
  facet normal -1.000000e+00  0.000000e+00  0.000000e+00
    outer loop
      vertex  1.000000e+01  1.500000e+01  5.000000e+01
      vertex  1.000000e+01  3.412706e+00  3.985415e+01
      vertex  1.000000e+01  1.707911e+00  3.996352e+01
    endloop
  endfacet
  facet normal -1.000000e+00  0.000000e+00  0.000000e+00
    outer loop
      vertex  1.000000e+01  1.500000e+01  5.000000e+01
      vertex  1.000000e+01  1.707911e+00  3.996352e+01
      vertex  1.000000e+01  2.449294e-15  4.000000e+01
    endloop
  endfacet
  facet normal -1.000000e+00  -0.000000e+00  0.000000e+00
    outer loop
      vertex  1.000000e+01  1.500000e+01  5.000000e+01
      vertex  1.000000e+01  2.449294e-15  4.000000e+01
      vertex  1.000000e+01 -1.707911e+00  3.996352e+01
    endloop
  endfacet
  facet normal -1.000000e+00  -0.000000e+00  0.000000e+00
    outer loop
      vertex  1.000000e+01  1.500000e+01  5.000000e+01
      vertex  1.000000e+01 -1.707911e+00  3.996352e+01
      vertex  1.000000e+01 -3.412706e+00  3.985415e+01
    endloop
  endfacet
  facet normal -9.999999e-01  -0.000000e+00  0.000000e+00
    outer loop
      vertex  1.000000e+01  1.500000e+01  5.000000e+01
      vertex  1.000000e+01 -3.412706e+00  3.985415e+01
      vertex  1.000000e+01 -5.111278e+00  3.967209e+01
    endloop
  endfacet
  facet normal -9.999999e-01  -0.000000e+00  0.000000e+00
    outer loop
      vertex  1.000000e+01  1.500000e+01  5.000000e+01
      vertex  1.000000e+01 -5.111278e+00  3.967209e+01
      vertex  1.000000e+01 -6.800526e+00  3.941767e+01
    endloop
  endfacet
  facet normal -1.000000e+00  -0.000000e+00  0.000000e+00
    outer loop
      vertex  1.000000e+01  1.500000e+01  5.000000e+01
      vertex  1.000000e+01 -6.800526e+00  3.941767e+01
      vertex  1.000000e+01 -8.477370e+00  3.909136e+01
    endloop
  endfacet
  facet normal -1.000000e+00  -0.000000e+00  0.000000e+00
    outer loop
      vertex  1.000000e+01  1.500000e+01  5.000000e+01
      vertex  1.000000e+01 -8.477370e+00  3.909136e+01
      vertex  1.000000e+01 -1.013875e+01  3.869374e+01
    endloop
  endfacet
  facet normal -1.000000e+00  -0.000000e+00  0.000000e+00
    outer loop
      vertex  1.000000e+01  1.500000e+01  5.000000e+01
      vertex  1.000000e+01 -1.013875e+01  3.869374e+01
      vertex  1.000000e+01 -1.178164e+01  3.822555e+01
    endloop
  endfacet
  facet normal -1.000000e+00  -0.000000e+00  0.000000e+00
    outer loop
      vertex  1.000000e+01  1.500000e+01  5.000000e+01
      vertex  1.000000e+01 -1.178164e+01  3.822555e+01
      vertex  1.000000e+01 -1.340304e+01  3.768764e+01
    endloop
  endfacet
  facet normal -1.000000e+00  -0.000000e+00  0.000000e+00
    outer loop
      vertex  1.000000e+01  1.500000e+01  5.000000e+01
      vertex  1.000000e+01 -1.340304e+01  3.768764e+01
      vertex  1.000000e+01 -1.500000e+01  3.708099e+01
    endloop
  endfacet
  facet normal -1.000000e+00  0.000000e+00  0.000000e+00
    outer loop
      vertex  1.000000e+01  1.500000e+01  5.000000e+01
      vertex  1.000000e+01 -1.500000e+01  3.708099e+01
      vertex  1.000000e+01 -1.500000e+01  5.000000e+01
    endloop
  endfacet
  facet normal  0.000000e+00 -1.000000e+00  -0.000000e+00
    outer loop
      vertex  1.000000e+01  1.500000e+01  3.708099e+01
      vertex  1.000000e+01  1.500000e+01  5.000000e+01
      vertex -1.000000e+01  1.500000e+01  3.708099e+01
    endloop
  endfacet
  facet normal  0.000000e+00 -1.000000e+00  0.000000e+00
    outer loop
      vertex -1.000000e+01  1.500000e+01  3.708099e+01
      vertex  1.000000e+01  1.500000e+01  5.000000e+01
      vertex -1.000000e+01  1.500000e+01  5.000000e+01
    endloop
  endfacet
  facet normal  0.000000e+00  1.000000e+00  -0.000000e+00
    outer loop
      vertex  1.000000e+01 -1.500000e+01  5.000000e+01
      vertex  1.000000e+01 -1.500000e+01  3.708099e+01
      vertex -1.000000e+01 -1.500000e+01  5.000000e+01
    endloop
  endfacet
  facet normal  0.000000e+00  1.000000e+00  0.000000e+00
    outer loop
      vertex -1.000000e+01 -1.500000e+01  5.000000e+01
      vertex  1.000000e+01 -1.500000e+01  3.708099e+01
      vertex -1.000000e+01 -1.500000e+01  3.708099e+01
    endloop
  endfacet
  facet normal -1.000000e+00  0.000000e+00  0.000000e+00
    outer loop
      vertex -1.500000e+01  5.500000e+01  0.000000e+00
      vertex -1.500000e+01  4.000000e+01  0.000000e+00
      vertex -1.500000e+01  3.996193e+01  1.744776e+00
    endloop
  endfacet
  facet normal -1.000000e+00  0.000000e+00  0.000000e+00
    outer loop
      vertex -1.500000e+01  5.500000e+01  0.000000e+00
      vertex -1.500000e+01  3.996193e+01  1.744776e+00
      vertex -1.500000e+01  3.984779e+01  3.486230e+00
    endloop
  endfacet
  facet normal -1.000000e+00  0.000000e+00  0.000000e+00
    outer loop
      vertex -1.500000e+01  5.500000e+01  0.000000e+00
      vertex -1.500000e+01  3.984779e+01  3.486230e+00
      vertex -1.500000e+01  3.965779e+01  5.221048e+00
    endloop
  endfacet
  facet normal -1.000000e+00  0.000000e+00  0.000000e+00
    outer loop
      vertex -1.500000e+01  5.500000e+01  0.000000e+00
      vertex -1.500000e+01  3.965779e+01  5.221048e+00
      vertex -1.500000e+01  3.939231e+01  6.945927e+00
    endloop
  endfacet
  facet normal -1.000000e+00  0.000000e+00  0.000000e+00
    outer loop
      vertex -1.500000e+01  5.500000e+01  0.000000e+00
      vertex -1.500000e+01  3.939231e+01  6.945927e+00
      vertex -1.500000e+01  3.905184e+01  8.657584e+00
    endloop
  endfacet
  facet normal -1.000000e+00  0.000000e+00  0.000000e+00
    outer loop
      vertex -1.500000e+01  5.500000e+01  0.000000e+00
      vertex -1.500000e+01  3.905184e+01  8.657584e+00
      vertex -1.500000e+01  3.863703e+01  1.035276e+01
    endloop
  endfacet
  facet normal -1.000000e+00  0.000000e+00  0.000000e+00
    outer loop
      vertex -1.500000e+01  5.500000e+01  0.000000e+00
      vertex -1.500000e+01  3.863703e+01  1.035276e+01
      vertex -1.500000e+01  3.814868e+01  1.202823e+01
    endloop
  endfacet
  facet normal -1.000000e+00  0.000000e+00  0.000000e+00
    outer loop
      vertex -1.500000e+01  5.500000e+01  0.000000e+00
      vertex -1.500000e+01  3.814868e+01  1.202823e+01
      vertex -1.500000e+01  3.758770e+01  1.368081e+01
    endloop
  endfacet
  facet normal -1.000000e+00  0.000000e+00  0.000000e+00
    outer loop
      vertex -1.500000e+01  5.500000e+01  0.000000e+00
      vertex -1.500000e+01  3.758770e+01  1.368081e+01
      vertex -1.500000e+01  3.695518e+01  1.530734e+01
    endloop
  endfacet
  facet normal -1.000000e+00  0.000000e+00  0.000000e+00
    outer loop
      vertex -1.500000e+01  5.500000e+01  0.000000e+00
      vertex -1.500000e+01  3.695518e+01  1.530734e+01
      vertex -1.500000e+01  3.625231e+01  1.690473e+01
    endloop
  endfacet
  facet normal -1.000000e+00  0.000000e+00  0.000000e+00
    outer loop
      vertex -1.500000e+01  5.500000e+01  0.000000e+00
      vertex -1.500000e+01  3.625231e+01  1.690473e+01
      vertex -1.500000e+01  3.548043e+01  1.846994e+01
    endloop
  endfacet
  facet normal -1.000000e+00  0.000000e+00  0.000000e+00
    outer loop
      vertex -1.500000e+01  5.500000e+01  0.000000e+00
      vertex -1.500000e+01  3.548043e+01  1.846994e+01
      vertex -1.500000e+01  3.464102e+01  2.000000e+01
    endloop
  endfacet
  facet normal -1.000000e+00  0.000000e+00  0.000000e+00
    outer loop
      vertex -1.500000e+01  5.500000e+01  0.000000e+00
      vertex -1.500000e+01  3.464102e+01  2.000000e+01
      vertex -1.500000e+01  5.500000e+01  2.000000e+01
    endloop
  endfacet
  facet normal -3.568987e-02  9.993629e-01  0.000000e+00
    outer loop
      vertex -7.226654e-15  7.000000e+01  2.000000e+01
      vertex -7.226654e-15  7.000000e+01  0.000000e+00
      vertex -1.070088e+00  6.996178e+01  2.000000e+01
    endloop
  endfacet
  facet normal -3.568987e-02  9.993629e-01  0.000000e+00
    outer loop
      vertex -1.070088e+00  6.996178e+01  2.000000e+01
      vertex -7.226654e-15  7.000000e+01  0.000000e+00
      vertex -1.070088e+00  6.996178e+01  0.000000e+00
    endloop
  endfacet
  facet normal -1.068986e-01  9.942700e-01  0.000000e+00
    outer loop
      vertex -1.070088e+00  6.996178e+01  2.000000e+01
      vertex -1.070088e+00  6.996178e+01  0.000000e+00
      vertex -2.134722e+00  6.984732e+01  2.000000e+01
    endloop
  endfacet
  facet normal -1.068986e-01  9.942700e-01  0.000000e+00
    outer loop
      vertex -2.134722e+00  6.984732e+01  2.000000e+01
      vertex -1.070088e+00  6.996178e+01  0.000000e+00
      vertex -2.134722e+00  6.984732e+01  0.000000e+00
    endloop
  endfacet
  facet normal -1.775516e-01  9.841115e-01  0.000000e+00
    outer loop
      vertex -2.134722e+00  6.984732e+01  2.000000e+01
      vertex -2.134722e+00  6.984732e+01  0.000000e+00
      vertex -3.188479e+00  6.965720e+01  2.000000e+01
    endloop
  endfacet
  facet normal -1.775516e-01  9.841115e-01  0.000000e+00
    outer loop
      vertex -3.188479e+00  6.965720e+01  2.000000e+01
      vertex -2.134722e+00  6.984732e+01  0.000000e+00
      vertex -3.188479e+00  6.965720e+01  0.000000e+00
    endloop
  endfacet
  facet normal -2.473067e-01  9.689372e-01  0.000000e+00
    outer loop
      vertex -3.188479e+00  6.965720e+01  2.000000e+01
      vertex -3.188479e+00  6.965720e+01  0.000000e+00
      vertex -4.225988e+00  6.939240e+01  2.000000e+01
    endloop
  endfacet
  facet normal -2.473067e-01  9.689372e-01  0.000000e+00
    outer loop
      vertex -4.225988e+00  6.939240e+01  2.000000e+01
      vertex -3.188479e+00  6.965720e+01  0.000000e+00
      vertex -4.225988e+00  6.939240e+01  0.000000e+00
    endloop
  endfacet
  facet normal -3.158006e-01  9.488255e-01  0.000000e+00
    outer loop
      vertex -4.225988e+00  6.939240e+01  2.000000e+01
      vertex -4.225988e+00  6.939240e+01  0.000000e+00
      vertex -5.241963e+00  6.905424e+01  2.000000e+01
    endloop
  endfacet
  facet normal -3.158006e-01  9.488255e-01  0.000000e+00
    outer loop
      vertex -5.241963e+00  6.905424e+01  2.000000e+01
      vertex -4.225988e+00  6.939240e+01  0.000000e+00
      vertex -5.241963e+00  6.905424e+01  0.000000e+00
    endloop
  endfacet
  facet normal -3.826846e-01  9.238791e-01  0.000000e+00
    outer loop
      vertex -5.241963e+00  6.905424e+01  2.000000e+01
      vertex -5.241963e+00  6.905424e+01  0.000000e+00
      vertex -6.231225e+00  6.864448e+01  2.000000e+01
    endloop
  endfacet
  facet normal -3.826846e-01  9.238791e-01  0.000000e+00
    outer loop
      vertex -6.231225e+00  6.864448e+01  2.000000e+01
      vertex -5.241963e+00  6.905424e+01  0.000000e+00
      vertex -6.231225e+00  6.864448e+01  0.000000e+00
    endloop
  endfacet
  facet normal -4.476161e-01  8.942258e-01  0.000000e+00
    outer loop
      vertex -6.231225e+00  6.864448e+01  2.000000e+01
      vertex -6.231225e+00  6.864448e+01  0.000000e+00
      vertex -7.188735e+00  6.816518e+01  2.000000e+01
    endloop
  endfacet
  facet normal -4.476161e-01  8.942258e-01  0.000000e+00
    outer loop
      vertex -7.188735e+00  6.816518e+01  2.000000e+01
      vertex -6.231225e+00  6.864448e+01  0.000000e+00
      vertex -7.188735e+00  6.816518e+01  0.000000e+00
    endloop
  endfacet
  facet normal -5.102681e-01  8.600153e-01  0.000000e+00
    outer loop
      vertex -7.188735e+00  6.816518e+01  2.000000e+01
      vertex -7.188735e+00  6.816518e+01  0.000000e+00
      vertex -8.109612e+00  6.761880e+01  2.000000e+01
    endloop
  endfacet
  facet normal -5.102681e-01  8.600153e-01  0.000000e+00
    outer loop
      vertex -8.109612e+00  6.761880e+01  2.000000e+01
      vertex -7.188735e+00  6.816518e+01  0.000000e+00
      vertex -8.109612e+00  6.761880e+01  0.000000e+00
    endloop
  endfacet
  facet normal -5.703244e-01  8.214195e-01  0.000000e+00
    outer loop
      vertex -8.109612e+00  6.761880e+01  2.000000e+01
      vertex -8.109612e+00  6.761880e+01  0.000000e+00
      vertex -8.989165e+00  6.700812e+01  2.000000e+01
    endloop
  endfacet
  facet normal -5.703244e-01  8.214195e-01  0.000000e+00
    outer loop
      vertex -8.989165e+00  6.700812e+01  2.000000e+01
      vertex -8.109612e+00  6.761880e+01  0.000000e+00
      vertex -8.989165e+00  6.700812e+01  0.000000e+00
    endloop
  endfacet
  facet normal -6.274691e-01  7.786415e-01  0.000000e+00
    outer loop
      vertex -8.989165e+00  6.700812e+01  2.000000e+01
      vertex -8.989165e+00  6.700812e+01  0.000000e+00
      vertex -9.822911e+00  6.633624e+01  2.000000e+01
    endloop
  endfacet
  facet normal -6.274691e-01  7.786415e-01  0.000000e+00
    outer loop
      vertex -9.822911e+00  6.633624e+01  2.000000e+01
      vertex -8.989165e+00  6.700812e+01  0.000000e+00
      vertex -9.822911e+00  6.633624e+01  0.000000e+00
    endloop
  endfacet
  facet normal -6.814157e-01  7.318966e-01  0.000000e+00
    outer loop
      vertex -9.822911e+00  6.633624e+01  2.000000e+01
      vertex -9.822911e+00  6.633624e+01  0.000000e+00
      vertex -1.060660e+01  6.560661e+01  2.000000e+01
    endloop
  endfacet
  facet normal -6.814157e-01  7.318966e-01  0.000000e+00
    outer loop
      vertex -1.060660e+01  6.560661e+01  2.000000e+01
      vertex -9.822911e+00  6.633624e+01  0.000000e+00
      vertex -1.060660e+01  6.560661e+01  0.000000e+00
    endloop
  endfacet
  facet normal -7.318948e-01  6.814176e-01  0.000000e+00
    outer loop
      vertex -1.060660e+01  6.560661e+01  2.000000e+01
      vertex -1.060660e+01  6.560661e+01  0.000000e+00
      vertex -1.133624e+01  6.482291e+01  2.000000e+01
    endloop
  endfacet
  facet normal -7.318948e-01  6.814176e-01  0.000000e+00
    outer loop
      vertex -1.133624e+01  6.482291e+01  2.000000e+01
      vertex -1.060660e+01  6.560661e+01  0.000000e+00
      vertex -1.133624e+01  6.482291e+01  0.000000e+00
    endloop
  endfacet
  facet normal -7.786422e-01  6.274681e-01  0.000000e+00
    outer loop
      vertex -1.133624e+01  6.482291e+01  2.000000e+01
      vertex -1.133624e+01  6.482291e+01  0.000000e+00
      vertex -1.200812e+01  6.398917e+01  2.000000e+01
    endloop
  endfacet
  facet normal -7.786422e-01  6.274681e-01  0.000000e+00
    outer loop
      vertex -1.200812e+01  6.398917e+01  2.000000e+01
      vertex -1.133624e+01  6.482291e+01  0.000000e+00
      vertex -1.200812e+01  6.398917e+01  0.000000e+00
    endloop
  endfacet
  facet normal -8.214214e-01  5.703217e-01  0.000000e+00
    outer loop
      vertex -1.200812e+01  6.398917e+01  2.000000e+01
      vertex -1.200812e+01  6.398917e+01  0.000000e+00
      vertex -1.261880e+01  6.310961e+01  2.000000e+01
    endloop
  endfacet
  facet normal -8.214214e-01  5.703217e-01  0.000000e+00
    outer loop
      vertex -1.261880e+01  6.310961e+01  2.000000e+01
      vertex -1.200812e+01  6.398917e+01  0.000000e+00
      vertex -1.261880e+01  6.310961e+01  0.000000e+00
    endloop
  endfacet
  facet normal -8.600137e-01  5.102709e-01  0.000000e+00
    outer loop
      vertex -1.261880e+01  6.310961e+01  2.000000e+01
      vertex -1.261880e+01  6.310961e+01  0.000000e+00
      vertex -1.316518e+01  6.218874e+01  2.000000e+01
    endloop
  endfacet
  facet normal -8.600137e-01  5.102709e-01  0.000000e+00
    outer loop
      vertex -1.316518e+01  6.218874e+01  2.000000e+01
      vertex -1.261880e+01  6.310961e+01  0.000000e+00
      vertex -1.316518e+01  6.218874e+01  0.000000e+00
    endloop
  endfacet
  facet normal -8.942257e-01  4.476161e-01  0.000000e+00
    outer loop
      vertex -1.316518e+01  6.218874e+01  2.000000e+01
      vertex -1.316518e+01  6.218874e+01  0.000000e+00
      vertex -1.364448e+01  6.123122e+01  2.000000e+01
    endloop
  endfacet
  facet normal -8.942257e-01  4.476161e-01  0.000000e+00
    outer loop
      vertex -1.364448e+01  6.123122e+01  2.000000e+01
      vertex -1.316518e+01  6.218874e+01  0.000000e+00
      vertex -1.364448e+01  6.123122e+01  0.000000e+00
    endloop
  endfacet
  facet normal -9.238793e-01  3.826839e-01  0.000000e+00
    outer loop
      vertex -1.364448e+01  6.123122e+01  2.000000e+01
      vertex -1.364448e+01  6.123122e+01  0.000000e+00
      vertex -1.405425e+01  6.024196e+01  2.000000e+01
    endloop
  endfacet
  facet normal -9.238793e-01  3.826839e-01  0.000000e+00
    outer loop
      vertex -1.405425e+01  6.024196e+01  2.000000e+01
      vertex -1.364448e+01  6.123122e+01  0.000000e+00
      vertex -1.405425e+01  6.024196e+01  0.000000e+00
    endloop
  endfacet
  facet normal -9.488260e-01  3.157994e-01  0.000000e+00
    outer loop
      vertex -1.405425e+01  6.024196e+01  2.000000e+01
      vertex -1.405425e+01  6.024196e+01  0.000000e+00
      vertex -1.439240e+01  5.922599e+01  2.000000e+01
    endloop
  endfacet
  facet normal -9.488260e-01  3.157994e-01  0.000000e+00
    outer loop
      vertex -1.439240e+01  5.922599e+01  2.000000e+01
      vertex -1.405425e+01  6.024196e+01  0.000000e+00
      vertex -1.439240e+01  5.922599e+01  0.000000e+00
    endloop
  endfacet
  facet normal -9.689373e-01  2.473065e-01  0.000000e+00
    outer loop
      vertex -1.439240e+01  5.922599e+01  2.000000e+01
      vertex -1.439240e+01  5.922599e+01  0.000000e+00
      vertex -1.465720e+01  5.818848e+01  2.000000e+01
    endloop
  endfacet
  facet normal -9.689373e-01  2.473065e-01  0.000000e+00
    outer loop
      vertex -1.465720e+01  5.818848e+01  2.000000e+01
      vertex -1.439240e+01  5.922599e+01  0.000000e+00
      vertex -1.465720e+01  5.818848e+01  0.000000e+00
    endloop
  endfacet
  facet normal -9.841112e-01  1.775533e-01  0.000000e+00
    outer loop
      vertex -1.465720e+01  5.818848e+01  2.000000e+01
      vertex -1.465720e+01  5.818848e+01  0.000000e+00
      vertex -1.484732e+01  5.713472e+01  2.000000e+01
    endloop
  endfacet
  facet normal -9.841112e-01  1.775533e-01  0.000000e+00
    outer loop
      vertex -1.484732e+01  5.713472e+01  2.000000e+01
      vertex -1.465720e+01  5.818848e+01  0.000000e+00
      vertex -1.484732e+01  5.713472e+01  0.000000e+00
    endloop
  endfacet
  facet normal -9.942703e-01  1.068949e-01  0.000000e+00
    outer loop
      vertex -1.484732e+01  5.713472e+01  2.000000e+01
      vertex -1.484732e+01  5.713472e+01  0.000000e+00
      vertex -1.496178e+01  5.607009e+01  2.000000e+01
    endloop
  endfacet
  facet normal -9.942703e-01  1.068949e-01  0.000000e+00
    outer loop
      vertex -1.496178e+01  5.607009e+01  2.000000e+01
      vertex -1.484732e+01  5.713472e+01  0.000000e+00
      vertex -1.496178e+01  5.607009e+01  0.000000e+00
    endloop
  endfacet
  facet normal -9.993628e-01  3.569255e-02  0.000000e+00
    outer loop
      vertex -1.496178e+01  5.607009e+01  2.000000e+01
      vertex -1.496178e+01  5.607009e+01  0.000000e+00
      vertex -1.500000e+01  5.500000e+01  2.000000e+01
    endloop
  endfacet
  facet normal -9.993628e-01  3.569255e-02  0.000000e+00
    outer loop
      vertex -1.500000e+01  5.500000e+01  2.000000e+01
      vertex -1.496178e+01  5.607009e+01  0.000000e+00
      vertex -1.500000e+01  5.500000e+01  0.000000e+00
    endloop
  endfacet
  facet normal  1.000000e+00  0.000000e+00  0.000000e+00
    outer loop
      vertex  1.500000e+01  5.500000e+01  0.000000e+00
      vertex  1.500000e+01  5.500000e+01  2.000000e+01
      vertex  1.500000e+01  3.464102e+01  2.000000e+01
    endloop
  endfacet
  facet normal  9.999999e-01  0.000000e+00  0.000000e+00
    outer loop
      vertex  1.500000e+01  5.500000e+01  0.000000e+00
      vertex  1.500000e+01  3.464102e+01  2.000000e+01
      vertex  1.500000e+01  3.548043e+01  1.846994e+01
    endloop
  endfacet
  facet normal  1.000000e+00  0.000000e+00  0.000000e+00
    outer loop
      vertex  1.500000e+01  5.500000e+01  0.000000e+00
      vertex  1.500000e+01  3.548043e+01  1.846994e+01
      vertex  1.500000e+01  3.625231e+01  1.690473e+01
    endloop
  endfacet
  facet normal  1.000000e+00  0.000000e+00  0.000000e+00
    outer loop
      vertex  1.500000e+01  5.500000e+01  0.000000e+00
      vertex  1.500000e+01  3.625231e+01  1.690473e+01
      vertex  1.500000e+01  3.695518e+01  1.530734e+01
    endloop
  endfacet
  facet normal  1.000000e+00  0.000000e+00  0.000000e+00
    outer loop
      vertex  1.500000e+01  5.500000e+01  0.000000e+00
      vertex  1.500000e+01  3.695518e+01  1.530734e+01
      vertex  1.500000e+01  3.758770e+01  1.368081e+01
    endloop
  endfacet
  facet normal  1.000000e+00  0.000000e+00  0.000000e+00
    outer loop
      vertex  1.500000e+01  5.500000e+01  0.000000e+00
      vertex  1.500000e+01  3.758770e+01  1.368081e+01
      vertex  1.500000e+01  3.814868e+01  1.202823e+01
    endloop
  endfacet
  facet normal  1.000000e+00  0.000000e+00  0.000000e+00
    outer loop
      vertex  1.500000e+01  5.500000e+01  0.000000e+00
      vertex  1.500000e+01  3.814868e+01  1.202823e+01
      vertex  1.500000e+01  3.863703e+01  1.035276e+01
    endloop
  endfacet
  facet normal  1.000000e+00  0.000000e+00  0.000000e+00
    outer loop
      vertex  1.500000e+01  5.500000e+01  0.000000e+00
      vertex  1.500000e+01  3.863703e+01  1.035276e+01
      vertex  1.500000e+01  3.905184e+01  8.657584e+00
    endloop
  endfacet
  facet normal  1.000000e+00  0.000000e+00  0.000000e+00
    outer loop
      vertex  1.500000e+01  5.500000e+01  0.000000e+00
      vertex  1.500000e+01  3.905184e+01  8.657584e+00
      vertex  1.500000e+01  3.939231e+01  6.945927e+00
    endloop
  endfacet
  facet normal  1.000000e+00  0.000000e+00  0.000000e+00
    outer loop
      vertex  1.500000e+01  5.500000e+01  0.000000e+00
      vertex  1.500000e+01  3.939231e+01  6.945927e+00
      vertex  1.500000e+01  3.965779e+01  5.221048e+00
    endloop
  endfacet
  facet normal  9.999999e-01  0.000000e+00  0.000000e+00
    outer loop
      vertex  1.500000e+01  5.500000e+01  0.000000e+00
      vertex  1.500000e+01  3.965779e+01  5.221048e+00
      vertex  1.500000e+01  3.984779e+01  3.486230e+00
    endloop
  endfacet
  facet normal  1.000000e+00  0.000000e+00  0.000000e+00
    outer loop
      vertex  1.500000e+01  5.500000e+01  0.000000e+00
      vertex  1.500000e+01  3.984779e+01  3.486230e+00
      vertex  1.500000e+01  3.996193e+01  1.744776e+00
    endloop
  endfacet
  facet normal  1.000000e+00  0.000000e+00  0.000000e+00
    outer loop
      vertex  1.500000e+01  5.500000e+01  0.000000e+00
      vertex  1.500000e+01  3.996193e+01  1.744776e+00
      vertex  1.500000e+01  4.000000e+01  0.000000e+00
    endloop
  endfacet
  facet normal  9.993628e-01  3.569255e-02  -0.000000e+00
    outer loop
      vertex  1.500000e+01  5.500000e+01  2.000000e+01
      vertex  1.500000e+01  5.500000e+01  0.000000e+00
      vertex  1.496178e+01  5.607009e+01  2.000000e+01
    endloop
  endfacet
  facet normal  9.993628e-01  3.569255e-02  0.000000e+00
    outer loop
      vertex  1.496178e+01  5.607009e+01  2.000000e+01
      vertex  1.500000e+01  5.500000e+01  0.000000e+00
      vertex  1.496178e+01  5.607009e+01  0.000000e+00
    endloop
  endfacet
  facet normal  9.942703e-01  1.068949e-01  -0.000000e+00
    outer loop
      vertex  1.496178e+01  5.607009e+01  2.000000e+01
      vertex  1.496178e+01  5.607009e+01  0.000000e+00
      vertex  1.484732e+01  5.713472e+01  2.000000e+01
    endloop
  endfacet
  facet normal  9.942703e-01  1.068949e-01  0.000000e+00
    outer loop
      vertex  1.484732e+01  5.713472e+01  2.000000e+01
      vertex  1.496178e+01  5.607009e+01  0.000000e+00
      vertex  1.484732e+01  5.713472e+01  0.000000e+00
    endloop
  endfacet
  facet normal  9.841112e-01  1.775533e-01  -0.000000e+00
    outer loop
      vertex  1.484732e+01  5.713472e+01  2.000000e+01
      vertex  1.484732e+01  5.713472e+01  0.000000e+00
      vertex  1.465720e+01  5.818848e+01  2.000000e+01
    endloop
  endfacet
  facet normal  9.841112e-01  1.775533e-01  0.000000e+00
    outer loop
      vertex  1.465720e+01  5.818848e+01  2.000000e+01
      vertex  1.484732e+01  5.713472e+01  0.000000e+00
      vertex  1.465720e+01  5.818848e+01  0.000000e+00
    endloop
  endfacet
  facet normal  9.689373e-01  2.473065e-01  -0.000000e+00
    outer loop
      vertex  1.465720e+01  5.818848e+01  2.000000e+01
      vertex  1.465720e+01  5.818848e+01  0.000000e+00
      vertex  1.439240e+01  5.922599e+01  2.000000e+01
    endloop
  endfacet
  facet normal  9.689373e-01  2.473065e-01  0.000000e+00
    outer loop
      vertex  1.439240e+01  5.922599e+01  2.000000e+01
      vertex  1.465720e+01  5.818848e+01  0.000000e+00
      vertex  1.439240e+01  5.922599e+01  0.000000e+00
    endloop
  endfacet
  facet normal  9.488260e-01  3.157994e-01  -0.000000e+00
    outer loop
      vertex  1.439240e+01  5.922599e+01  2.000000e+01
      vertex  1.439240e+01  5.922599e+01  0.000000e+00
      vertex  1.405425e+01  6.024196e+01  2.000000e+01
    endloop
  endfacet
  facet normal  9.488260e-01  3.157994e-01  0.000000e+00
    outer loop
      vertex  1.405425e+01  6.024196e+01  2.000000e+01
      vertex  1.439240e+01  5.922599e+01  0.000000e+00
      vertex  1.405425e+01  6.024196e+01  0.000000e+00
    endloop
  endfacet
  facet normal  9.238793e-01  3.826839e-01  -0.000000e+00
    outer loop
      vertex  1.405425e+01  6.024196e+01  2.000000e+01
      vertex  1.405425e+01  6.024196e+01  0.000000e+00
      vertex  1.364448e+01  6.123122e+01  2.000000e+01
    endloop
  endfacet
  facet normal  9.238793e-01  3.826839e-01  0.000000e+00
    outer loop
      vertex  1.364448e+01  6.123122e+01  2.000000e+01
      vertex  1.405425e+01  6.024196e+01  0.000000e+00
      vertex  1.364448e+01  6.123122e+01  0.000000e+00
    endloop
  endfacet
  facet normal  8.942257e-01  4.476161e-01  -0.000000e+00
    outer loop
      vertex  1.364448e+01  6.123122e+01  2.000000e+01
      vertex  1.364448e+01  6.123122e+01  0.000000e+00
      vertex  1.316518e+01  6.218874e+01  2.000000e+01
    endloop
  endfacet
  facet normal  8.942257e-01  4.476161e-01  0.000000e+00
    outer loop
      vertex  1.316518e+01  6.218874e+01  2.000000e+01
      vertex  1.364448e+01  6.123122e+01  0.000000e+00
      vertex  1.316518e+01  6.218874e+01  0.000000e+00
    endloop
  endfacet
  facet normal  8.600137e-01  5.102709e-01  -0.000000e+00
    outer loop
      vertex  1.316518e+01  6.218874e+01  2.000000e+01
      vertex  1.316518e+01  6.218874e+01  0.000000e+00
      vertex  1.261880e+01  6.310961e+01  2.000000e+01
    endloop
  endfacet
  facet normal  8.600137e-01  5.102709e-01  0.000000e+00
    outer loop
      vertex  1.261880e+01  6.310961e+01  2.000000e+01
      vertex  1.316518e+01  6.218874e+01  0.000000e+00
      vertex  1.261880e+01  6.310961e+01  0.000000e+00
    endloop
  endfacet
  facet normal  8.214214e-01  5.703217e-01  -0.000000e+00
    outer loop
      vertex  1.261880e+01  6.310961e+01  2.000000e+01
      vertex  1.261880e+01  6.310961e+01  0.000000e+00
      vertex  1.200812e+01  6.398917e+01  2.000000e+01
    endloop
  endfacet
  facet normal  8.214214e-01  5.703217e-01  0.000000e+00
    outer loop
      vertex  1.200812e+01  6.398917e+01  2.000000e+01
      vertex  1.261880e+01  6.310961e+01  0.000000e+00
      vertex  1.200812e+01  6.398917e+01  0.000000e+00
    endloop
  endfacet
  facet normal  7.786422e-01  6.274681e-01  -0.000000e+00
    outer loop
      vertex  1.200812e+01  6.398917e+01  2.000000e+01
      vertex  1.200812e+01  6.398917e+01  0.000000e+00
      vertex  1.133624e+01  6.482291e+01  2.000000e+01
    endloop
  endfacet
  facet normal  7.786422e-01  6.274681e-01  0.000000e+00
    outer loop
      vertex  1.133624e+01  6.482291e+01  2.000000e+01
      vertex  1.200812e+01  6.398917e+01  0.000000e+00
      vertex  1.133624e+01  6.482291e+01  0.000000e+00
    endloop
  endfacet
  facet normal  7.318948e-01  6.814176e-01  -0.000000e+00
    outer loop
      vertex  1.133624e+01  6.482291e+01  2.000000e+01
      vertex  1.133624e+01  6.482291e+01  0.000000e+00
      vertex  1.060660e+01  6.560661e+01  2.000000e+01
    endloop
  endfacet
  facet normal  7.318948e-01  6.814176e-01  0.000000e+00
    outer loop
      vertex  1.060660e+01  6.560661e+01  2.000000e+01
      vertex  1.133624e+01  6.482291e+01  0.000000e+00
      vertex  1.060660e+01  6.560661e+01  0.000000e+00
    endloop
  endfacet
  facet normal  6.814157e-01  7.318966e-01  -0.000000e+00
    outer loop
      vertex  1.060660e+01  6.560661e+01  2.000000e+01
      vertex  1.060660e+01  6.560661e+01  0.000000e+00
      vertex  9.822911e+00  6.633624e+01  2.000000e+01
    endloop
  endfacet
  facet normal  6.814157e-01  7.318966e-01  0.000000e+00
    outer loop
      vertex  9.822911e+00  6.633624e+01  2.000000e+01
      vertex  1.060660e+01  6.560661e+01  0.000000e+00
      vertex  9.822911e+00  6.633624e+01  0.000000e+00
    endloop
  endfacet
  facet normal  6.274691e-01  7.786415e-01  -0.000000e+00
    outer loop
      vertex  9.822911e+00  6.633624e+01  2.000000e+01
      vertex  9.822911e+00  6.633624e+01  0.000000e+00
      vertex  8.989165e+00  6.700812e+01  2.000000e+01
    endloop
  endfacet
  facet normal  6.274691e-01  7.786415e-01  0.000000e+00
    outer loop
      vertex  8.989165e+00  6.700812e+01  2.000000e+01
      vertex  9.822911e+00  6.633624e+01  0.000000e+00
      vertex  8.989165e+00  6.700812e+01  0.000000e+00
    endloop
  endfacet
  facet normal  5.703244e-01  8.214195e-01  -0.000000e+00
    outer loop
      vertex  8.989165e+00  6.700812e+01  2.000000e+01
      vertex  8.989165e+00  6.700812e+01  0.000000e+00
      vertex  8.109612e+00  6.761880e+01  2.000000e+01
    endloop
  endfacet
  facet normal  5.703244e-01  8.214195e-01  0.000000e+00
    outer loop
      vertex  8.109612e+00  6.761880e+01  2.000000e+01
      vertex  8.989165e+00  6.700812e+01  0.000000e+00
      vertex  8.109612e+00  6.761880e+01  0.000000e+00
    endloop
  endfacet
  facet normal  5.102681e-01  8.600153e-01  -0.000000e+00
    outer loop
      vertex  8.109612e+00  6.761880e+01  2.000000e+01
      vertex  8.109612e+00  6.761880e+01  0.000000e+00
      vertex  7.188735e+00  6.816518e+01  2.000000e+01
    endloop
  endfacet
  facet normal  5.102681e-01  8.600153e-01  0.000000e+00
    outer loop
      vertex  7.188735e+00  6.816518e+01  2.000000e+01
      vertex  8.109612e+00  6.761880e+01  0.000000e+00
      vertex  7.188735e+00  6.816518e+01  0.000000e+00
    endloop
  endfacet
  facet normal  4.476161e-01  8.942258e-01  -0.000000e+00
    outer loop
      vertex  7.188735e+00  6.816518e+01  2.000000e+01
      vertex  7.188735e+00  6.816518e+01  0.000000e+00
      vertex  6.231225e+00  6.864448e+01  2.000000e+01
    endloop
  endfacet
  facet normal  4.476161e-01  8.942258e-01  0.000000e+00
    outer loop
      vertex  6.231225e+00  6.864448e+01  2.000000e+01
      vertex  7.188735e+00  6.816518e+01  0.000000e+00
      vertex  6.231225e+00  6.864448e+01  0.000000e+00
    endloop
  endfacet
  facet normal  3.826846e-01  9.238791e-01  -0.000000e+00
    outer loop
      vertex  6.231225e+00  6.864448e+01  2.000000e+01
      vertex  6.231225e+00  6.864448e+01  0.000000e+00
      vertex  5.241963e+00  6.905424e+01  2.000000e+01
    endloop
  endfacet
  facet normal  3.826846e-01  9.238791e-01  0.000000e+00
    outer loop
      vertex  5.241963e+00  6.905424e+01  2.000000e+01
      vertex  6.231225e+00  6.864448e+01  0.000000e+00
      vertex  5.241963e+00  6.905424e+01  0.000000e+00
    endloop
  endfacet
  facet normal  3.158006e-01  9.488255e-01  -0.000000e+00
    outer loop
      vertex  5.241963e+00  6.905424e+01  2.000000e+01
      vertex  5.241963e+00  6.905424e+01  0.000000e+00
      vertex  4.225988e+00  6.939240e+01  2.000000e+01
    endloop
  endfacet
  facet normal  3.158006e-01  9.488255e-01  0.000000e+00
    outer loop
      vertex  4.225988e+00  6.939240e+01  2.000000e+01
      vertex  5.241963e+00  6.905424e+01  0.000000e+00
      vertex  4.225988e+00  6.939240e+01  0.000000e+00
    endloop
  endfacet
  facet normal  2.473067e-01  9.689372e-01  -0.000000e+00
    outer loop
      vertex  4.225988e+00  6.939240e+01  2.000000e+01
      vertex  4.225988e+00  6.939240e+01  0.000000e+00
      vertex  3.188479e+00  6.965720e+01  2.000000e+01
    endloop
  endfacet
  facet normal  2.473067e-01  9.689372e-01  0.000000e+00
    outer loop
      vertex  3.188479e+00  6.965720e+01  2.000000e+01
      vertex  4.225988e+00  6.939240e+01  0.000000e+00
      vertex  3.188479e+00  6.965720e+01  0.000000e+00
    endloop
  endfacet
  facet normal  1.775516e-01  9.841115e-01  -0.000000e+00
    outer loop
      vertex  3.188479e+00  6.965720e+01  2.000000e+01
      vertex  3.188479e+00  6.965720e+01  0.000000e+00
      vertex  2.134722e+00  6.984732e+01  2.000000e+01
    endloop
  endfacet
  facet normal  1.775516e-01  9.841115e-01  0.000000e+00
    outer loop
      vertex  2.134722e+00  6.984732e+01  2.000000e+01
      vertex  3.188479e+00  6.965720e+01  0.000000e+00
      vertex  2.134722e+00  6.984732e+01  0.000000e+00
    endloop
  endfacet
  facet normal  1.068986e-01  9.942700e-01  -0.000000e+00
    outer loop
      vertex  2.134722e+00  6.984732e+01  2.000000e+01
      vertex  2.134722e+00  6.984732e+01  0.000000e+00
      vertex  1.070088e+00  6.996178e+01  2.000000e+01
    endloop
  endfacet
  facet normal  1.068986e-01  9.942700e-01  0.000000e+00
    outer loop
      vertex  1.070088e+00  6.996178e+01  2.000000e+01
      vertex  2.134722e+00  6.984732e+01  0.000000e+00
      vertex  1.070088e+00  6.996178e+01  0.000000e+00
    endloop
  endfacet
  facet normal  3.568987e-02  9.993629e-01  -0.000000e+00
    outer loop
      vertex  1.070088e+00  6.996178e+01  2.000000e+01
      vertex  1.070088e+00  6.996178e+01  0.000000e+00
      vertex -7.226654e-15  7.000000e+01  2.000000e+01
    endloop
  endfacet
  facet normal  3.568987e-02  9.993629e-01  0.000000e+00
    outer loop
      vertex -7.226654e-15  7.000000e+01  2.000000e+01
      vertex  1.070088e+00  6.996178e+01  0.000000e+00
      vertex -7.226654e-15  7.000000e+01  0.000000e+00
    endloop
  endfacet
  facet normal -1.000000e+00  0.000000e+00  0.000000e+00
    outer loop
      vertex -1.500000e+01 -5.500000e+01  0.000000e+00
      vertex -1.500000e+01 -5.500000e+01  2.000000e+01
      vertex -1.500000e+01 -3.464102e+01  2.000000e+01
    endloop
  endfacet
  facet normal -9.999999e-01  0.000000e+00  0.000000e+00
    outer loop
      vertex -1.500000e+01 -5.500000e+01  0.000000e+00
      vertex -1.500000e+01 -3.464102e+01  2.000000e+01
      vertex -1.500000e+01 -3.548043e+01  1.846994e+01
    endloop
  endfacet
  facet normal -1.000000e+00  0.000000e+00  0.000000e+00
    outer loop
      vertex -1.500000e+01 -5.500000e+01  0.000000e+00
      vertex -1.500000e+01 -3.548043e+01  1.846994e+01
      vertex -1.500000e+01 -3.625231e+01  1.690473e+01
    endloop
  endfacet
  facet normal -1.000000e+00  0.000000e+00  0.000000e+00
    outer loop
      vertex -1.500000e+01 -5.500000e+01  0.000000e+00
      vertex -1.500000e+01 -3.625231e+01  1.690473e+01
      vertex -1.500000e+01 -3.695518e+01  1.530734e+01
    endloop
  endfacet
  facet normal -1.000000e+00  0.000000e+00  0.000000e+00
    outer loop
      vertex -1.500000e+01 -5.500000e+01  0.000000e+00
      vertex -1.500000e+01 -3.695518e+01  1.530734e+01
      vertex -1.500000e+01 -3.758770e+01  1.368081e+01
    endloop
  endfacet
  facet normal -1.000000e+00  0.000000e+00  0.000000e+00
    outer loop
      vertex -1.500000e+01 -5.500000e+01  0.000000e+00
      vertex -1.500000e+01 -3.758770e+01  1.368081e+01
      vertex -1.500000e+01 -3.814868e+01  1.202823e+01
    endloop
  endfacet
  facet normal -1.000000e+00  0.000000e+00  0.000000e+00
    outer loop
      vertex -1.500000e+01 -5.500000e+01  0.000000e+00
      vertex -1.500000e+01 -3.814868e+01  1.202823e+01
      vertex -1.500000e+01 -3.863703e+01  1.035276e+01
    endloop
  endfacet
  facet normal -1.000000e+00  0.000000e+00  0.000000e+00
    outer loop
      vertex -1.500000e+01 -5.500000e+01  0.000000e+00
      vertex -1.500000e+01 -3.863703e+01  1.035276e+01
      vertex -1.500000e+01 -3.905184e+01  8.657584e+00
    endloop
  endfacet
  facet normal -1.000000e+00  0.000000e+00  0.000000e+00
    outer loop
      vertex -1.500000e+01 -5.500000e+01  0.000000e+00
      vertex -1.500000e+01 -3.905184e+01  8.657584e+00
      vertex -1.500000e+01 -3.939231e+01  6.945927e+00
    endloop
  endfacet
  facet normal -1.000000e+00  0.000000e+00  0.000000e+00
    outer loop
      vertex -1.500000e+01 -5.500000e+01  0.000000e+00
      vertex -1.500000e+01 -3.939231e+01  6.945927e+00
      vertex -1.500000e+01 -3.965779e+01  5.221048e+00
    endloop
  endfacet
  facet normal -9.999999e-01  0.000000e+00  0.000000e+00
    outer loop
      vertex -1.500000e+01 -5.500000e+01  0.000000e+00
      vertex -1.500000e+01 -3.965779e+01  5.221048e+00
      vertex -1.500000e+01 -3.984779e+01  3.486230e+00
    endloop
  endfacet
  facet normal -1.000000e+00  0.000000e+00  0.000000e+00
    outer loop
      vertex -1.500000e+01 -5.500000e+01  0.000000e+00
      vertex -1.500000e+01 -3.984779e+01  3.486230e+00
      vertex -1.500000e+01 -3.996193e+01  1.744776e+00
    endloop
  endfacet
  facet normal -1.000000e+00  0.000000e+00  0.000000e+00
    outer loop
      vertex -1.500000e+01 -5.500000e+01  0.000000e+00
      vertex -1.500000e+01 -3.996193e+01  1.744776e+00
      vertex -1.500000e+01 -4.000000e+01  0.000000e+00
    endloop
  endfacet
  facet normal -9.993628e-01 -3.569255e-02  0.000000e+00
    outer loop
      vertex -1.500000e+01 -5.500000e+01  2.000000e+01
      vertex -1.500000e+01 -5.500000e+01  0.000000e+00
      vertex -1.496178e+01 -5.607009e+01  2.000000e+01
    endloop
  endfacet
  facet normal -9.993628e-01 -3.569255e-02  -0.000000e+00
    outer loop
      vertex -1.496178e+01 -5.607009e+01  2.000000e+01
      vertex -1.500000e+01 -5.500000e+01  0.000000e+00
      vertex -1.496178e+01 -5.607009e+01  0.000000e+00
    endloop
  endfacet
  facet normal -9.942703e-01 -1.068949e-01  0.000000e+00
    outer loop
      vertex -1.496178e+01 -5.607009e+01  2.000000e+01
      vertex -1.496178e+01 -5.607009e+01  0.000000e+00
      vertex -1.484732e+01 -5.713472e+01  2.000000e+01
    endloop
  endfacet
  facet normal -9.942703e-01 -1.068949e-01  -0.000000e+00
    outer loop
      vertex -1.484732e+01 -5.713472e+01  2.000000e+01
      vertex -1.496178e+01 -5.607009e+01  0.000000e+00
      vertex -1.484732e+01 -5.713472e+01  0.000000e+00
    endloop
  endfacet
  facet normal -9.841112e-01 -1.775533e-01  0.000000e+00
    outer loop
      vertex -1.484732e+01 -5.713472e+01  2.000000e+01
      vertex -1.484732e+01 -5.713472e+01  0.000000e+00
      vertex -1.465720e+01 -5.818848e+01  2.000000e+01
    endloop
  endfacet
  facet normal -9.841112e-01 -1.775533e-01  -0.000000e+00
    outer loop
      vertex -1.465720e+01 -5.818848e+01  2.000000e+01
      vertex -1.484732e+01 -5.713472e+01  0.000000e+00
      vertex -1.465720e+01 -5.818848e+01  0.000000e+00
    endloop
  endfacet
  facet normal -9.689373e-01 -2.473065e-01  0.000000e+00
    outer loop
      vertex -1.465720e+01 -5.818848e+01  2.000000e+01
      vertex -1.465720e+01 -5.818848e+01  0.000000e+00
      vertex -1.439240e+01 -5.922599e+01  2.000000e+01
    endloop
  endfacet
  facet normal -9.689373e-01 -2.473065e-01  -0.000000e+00
    outer loop
      vertex -1.439240e+01 -5.922599e+01  2.000000e+01
      vertex -1.465720e+01 -5.818848e+01  0.000000e+00
      vertex -1.439240e+01 -5.922599e+01  0.000000e+00
    endloop
  endfacet
  facet normal -9.488260e-01 -3.157994e-01  0.000000e+00
    outer loop
      vertex -1.439240e+01 -5.922599e+01  2.000000e+01
      vertex -1.439240e+01 -5.922599e+01  0.000000e+00
      vertex -1.405425e+01 -6.024196e+01  2.000000e+01
    endloop
  endfacet
  facet normal -9.488260e-01 -3.157994e-01  -0.000000e+00
    outer loop
      vertex -1.405425e+01 -6.024196e+01  2.000000e+01
      vertex -1.439240e+01 -5.922599e+01  0.000000e+00
      vertex -1.405425e+01 -6.024196e+01  0.000000e+00
    endloop
  endfacet
  facet normal -9.238793e-01 -3.826839e-01  0.000000e+00
    outer loop
      vertex -1.405425e+01 -6.024196e+01  2.000000e+01
      vertex -1.405425e+01 -6.024196e+01  0.000000e+00
      vertex -1.364448e+01 -6.123122e+01  2.000000e+01
    endloop
  endfacet
  facet normal -9.238793e-01 -3.826839e-01  -0.000000e+00
    outer loop
      vertex -1.364448e+01 -6.123122e+01  2.000000e+01
      vertex -1.405425e+01 -6.024196e+01  0.000000e+00
      vertex -1.364448e+01 -6.123122e+01  0.000000e+00
    endloop
  endfacet
  facet normal -8.942257e-01 -4.476161e-01  0.000000e+00
    outer loop
      vertex -1.364448e+01 -6.123122e+01  2.000000e+01
      vertex -1.364448e+01 -6.123122e+01  0.000000e+00
      vertex -1.316518e+01 -6.218874e+01  2.000000e+01
    endloop
  endfacet
  facet normal -8.942257e-01 -4.476161e-01  -0.000000e+00
    outer loop
      vertex -1.316518e+01 -6.218874e+01  2.000000e+01
      vertex -1.364448e+01 -6.123122e+01  0.000000e+00
      vertex -1.316518e+01 -6.218874e+01  0.000000e+00
    endloop
  endfacet
  facet normal -8.600137e-01 -5.102709e-01  0.000000e+00
    outer loop
      vertex -1.316518e+01 -6.218874e+01  2.000000e+01
      vertex -1.316518e+01 -6.218874e+01  0.000000e+00
      vertex -1.261880e+01 -6.310961e+01  2.000000e+01
    endloop
  endfacet
  facet normal -8.600137e-01 -5.102709e-01  -0.000000e+00
    outer loop
      vertex -1.261880e+01 -6.310961e+01  2.000000e+01
      vertex -1.316518e+01 -6.218874e+01  0.000000e+00
      vertex -1.261880e+01 -6.310961e+01  0.000000e+00
    endloop
  endfacet
  facet normal -8.214214e-01 -5.703217e-01  0.000000e+00
    outer loop
      vertex -1.261880e+01 -6.310961e+01  2.000000e+01
      vertex -1.261880e+01 -6.310961e+01  0.000000e+00
      vertex -1.200812e+01 -6.398917e+01  2.000000e+01
    endloop
  endfacet
  facet normal -8.214214e-01 -5.703217e-01  -0.000000e+00
    outer loop
      vertex -1.200812e+01 -6.398917e+01  2.000000e+01
      vertex -1.261880e+01 -6.310961e+01  0.000000e+00
      vertex -1.200812e+01 -6.398917e+01  0.000000e+00
    endloop
  endfacet
  facet normal -7.786422e-01 -6.274681e-01  0.000000e+00
    outer loop
      vertex -1.200812e+01 -6.398917e+01  2.000000e+01
      vertex -1.200812e+01 -6.398917e+01  0.000000e+00
      vertex -1.133624e+01 -6.482291e+01  2.000000e+01
    endloop
  endfacet
  facet normal -7.786422e-01 -6.274681e-01  -0.000000e+00
    outer loop
      vertex -1.133624e+01 -6.482291e+01  2.000000e+01
      vertex -1.200812e+01 -6.398917e+01  0.000000e+00
      vertex -1.133624e+01 -6.482291e+01  0.000000e+00
    endloop
  endfacet
  facet normal -7.318948e-01 -6.814176e-01  0.000000e+00
    outer loop
      vertex -1.133624e+01 -6.482291e+01  2.000000e+01
      vertex -1.133624e+01 -6.482291e+01  0.000000e+00
      vertex -1.060660e+01 -6.560661e+01  2.000000e+01
    endloop
  endfacet
  facet normal -7.318948e-01 -6.814176e-01  -0.000000e+00
    outer loop
      vertex -1.060660e+01 -6.560661e+01  2.000000e+01
      vertex -1.133624e+01 -6.482291e+01  0.000000e+00
      vertex -1.060660e+01 -6.560661e+01  0.000000e+00
    endloop
  endfacet
  facet normal -6.814157e-01 -7.318966e-01  0.000000e+00
    outer loop
      vertex -1.060660e+01 -6.560661e+01  2.000000e+01
      vertex -1.060660e+01 -6.560661e+01  0.000000e+00
      vertex -9.822911e+00 -6.633624e+01  2.000000e+01
    endloop
  endfacet
  facet normal -6.814157e-01 -7.318966e-01  -0.000000e+00
    outer loop
      vertex -9.822911e+00 -6.633624e+01  2.000000e+01
      vertex -1.060660e+01 -6.560661e+01  0.000000e+00
      vertex -9.822911e+00 -6.633624e+01  0.000000e+00
    endloop
  endfacet
  facet normal -6.274691e-01 -7.786415e-01  0.000000e+00
    outer loop
      vertex -9.822911e+00 -6.633624e+01  2.000000e+01
      vertex -9.822911e+00 -6.633624e+01  0.000000e+00
      vertex -8.989165e+00 -6.700812e+01  2.000000e+01
    endloop
  endfacet
  facet normal -6.274691e-01 -7.786415e-01  -0.000000e+00
    outer loop
      vertex -8.989165e+00 -6.700812e+01  2.000000e+01
      vertex -9.822911e+00 -6.633624e+01  0.000000e+00
      vertex -8.989165e+00 -6.700812e+01  0.000000e+00
    endloop
  endfacet
  facet normal -5.703244e-01 -8.214195e-01  0.000000e+00
    outer loop
      vertex -8.989165e+00 -6.700812e+01  2.000000e+01
      vertex -8.989165e+00 -6.700812e+01  0.000000e+00
      vertex -8.109612e+00 -6.761880e+01  2.000000e+01
    endloop
  endfacet
  facet normal -5.703244e-01 -8.214195e-01  -0.000000e+00
    outer loop
      vertex -8.109612e+00 -6.761880e+01  2.000000e+01
      vertex -8.989165e+00 -6.700812e+01  0.000000e+00
      vertex -8.109612e+00 -6.761880e+01  0.000000e+00
    endloop
  endfacet
  facet normal -5.102681e-01 -8.600153e-01  0.000000e+00
    outer loop
      vertex -8.109612e+00 -6.761880e+01  2.000000e+01
      vertex -8.109612e+00 -6.761880e+01  0.000000e+00
      vertex -7.188735e+00 -6.816518e+01  2.000000e+01
    endloop
  endfacet
  facet normal -5.102681e-01 -8.600153e-01  -0.000000e+00
    outer loop
      vertex -7.188735e+00 -6.816518e+01  2.000000e+01
      vertex -8.109612e+00 -6.761880e+01  0.000000e+00
      vertex -7.188735e+00 -6.816518e+01  0.000000e+00
    endloop
  endfacet
  facet normal -4.476161e-01 -8.942258e-01  0.000000e+00
    outer loop
      vertex -7.188735e+00 -6.816518e+01  2.000000e+01
      vertex -7.188735e+00 -6.816518e+01  0.000000e+00
      vertex -6.231225e+00 -6.864448e+01  2.000000e+01
    endloop
  endfacet
  facet normal -4.476161e-01 -8.942258e-01  -0.000000e+00
    outer loop
      vertex -6.231225e+00 -6.864448e+01  2.000000e+01
      vertex -7.188735e+00 -6.816518e+01  0.000000e+00
      vertex -6.231225e+00 -6.864448e+01  0.000000e+00
    endloop
  endfacet
  facet normal -3.826846e-01 -9.238791e-01  0.000000e+00
    outer loop
      vertex -6.231225e+00 -6.864448e+01  2.000000e+01
      vertex -6.231225e+00 -6.864448e+01  0.000000e+00
      vertex -5.241963e+00 -6.905424e+01  2.000000e+01
    endloop
  endfacet
  facet normal -3.826846e-01 -9.238791e-01  -0.000000e+00
    outer loop
      vertex -5.241963e+00 -6.905424e+01  2.000000e+01
      vertex -6.231225e+00 -6.864448e+01  0.000000e+00
      vertex -5.241963e+00 -6.905424e+01  0.000000e+00
    endloop
  endfacet
  facet normal -3.158006e-01 -9.488255e-01  0.000000e+00
    outer loop
      vertex -5.241963e+00 -6.905424e+01  2.000000e+01
      vertex -5.241963e+00 -6.905424e+01  0.000000e+00
      vertex -4.225988e+00 -6.939240e+01  2.000000e+01
    endloop
  endfacet
  facet normal -3.158006e-01 -9.488255e-01  -0.000000e+00
    outer loop
      vertex -4.225988e+00 -6.939240e+01  2.000000e+01
      vertex -5.241963e+00 -6.905424e+01  0.000000e+00
      vertex -4.225988e+00 -6.939240e+01  0.000000e+00
    endloop
  endfacet
  facet normal -2.473067e-01 -9.689372e-01  0.000000e+00
    outer loop
      vertex -4.225988e+00 -6.939240e+01  2.000000e+01
      vertex -4.225988e+00 -6.939240e+01  0.000000e+00
      vertex -3.188479e+00 -6.965720e+01  2.000000e+01
    endloop
  endfacet
  facet normal -2.473067e-01 -9.689372e-01  -0.000000e+00
    outer loop
      vertex -3.188479e+00 -6.965720e+01  2.000000e+01
      vertex -4.225988e+00 -6.939240e+01  0.000000e+00
      vertex -3.188479e+00 -6.965720e+01  0.000000e+00
    endloop
  endfacet
  facet normal -1.775516e-01 -9.841115e-01  0.000000e+00
    outer loop
      vertex -3.188479e+00 -6.965720e+01  2.000000e+01
      vertex -3.188479e+00 -6.965720e+01  0.000000e+00
      vertex -2.134722e+00 -6.984732e+01  2.000000e+01
    endloop
  endfacet
  facet normal -1.775516e-01 -9.841115e-01  -0.000000e+00
    outer loop
      vertex -2.134722e+00 -6.984732e+01  2.000000e+01
      vertex -3.188479e+00 -6.965720e+01  0.000000e+00
      vertex -2.134722e+00 -6.984732e+01  0.000000e+00
    endloop
  endfacet
  facet normal -1.068986e-01 -9.942700e-01  0.000000e+00
    outer loop
      vertex -2.134722e+00 -6.984732e+01  2.000000e+01
      vertex -2.134722e+00 -6.984732e+01  0.000000e+00
      vertex -1.070088e+00 -6.996178e+01  2.000000e+01
    endloop
  endfacet
  facet normal -1.068986e-01 -9.942700e-01  -0.000000e+00
    outer loop
      vertex -1.070088e+00 -6.996178e+01  2.000000e+01
      vertex -2.134722e+00 -6.984732e+01  0.000000e+00
      vertex -1.070088e+00 -6.996178e+01  0.000000e+00
    endloop
  endfacet
  facet normal -3.568987e-02 -9.993629e-01  0.000000e+00
    outer loop
      vertex -1.070088e+00 -6.996178e+01  2.000000e+01
      vertex -1.070088e+00 -6.996178e+01  0.000000e+00
      vertex -1.715743e-15 -7.000000e+01  2.000000e+01
    endloop
  endfacet
  facet normal -3.568987e-02 -9.993629e-01  -0.000000e+00
    outer loop
      vertex -1.715743e-15 -7.000000e+01  2.000000e+01
      vertex -1.070088e+00 -6.996178e+01  0.000000e+00
      vertex -1.715743e-15 -7.000000e+01  0.000000e+00
    endloop
  endfacet
  facet normal  1.000000e+00  0.000000e+00  -0.000000e+00
    outer loop
      vertex  1.500000e+01 -5.500000e+01  0.000000e+00
      vertex  1.500000e+01 -4.000000e+01  4.898587e-15
      vertex  1.500000e+01 -3.996193e+01  1.744776e+00
    endloop
  endfacet
  facet normal  1.000000e+00  0.000000e+00  -0.000000e+00
    outer loop
      vertex  1.500000e+01 -5.500000e+01  0.000000e+00
      vertex  1.500000e+01 -3.996193e+01  1.744776e+00
      vertex  1.500000e+01 -3.984779e+01  3.486230e+00
    endloop
  endfacet
  facet normal  1.000000e+00  0.000000e+00  -0.000000e+00
    outer loop
      vertex  1.500000e+01 -5.500000e+01  0.000000e+00
      vertex  1.500000e+01 -3.984779e+01  3.486230e+00
      vertex  1.500000e+01 -3.965779e+01  5.221048e+00
    endloop
  endfacet
  facet normal  1.000000e+00  0.000000e+00  -0.000000e+00
    outer loop
      vertex  1.500000e+01 -5.500000e+01  0.000000e+00
      vertex  1.500000e+01 -3.965779e+01  5.221048e+00
      vertex  1.500000e+01 -3.939231e+01  6.945927e+00
    endloop
  endfacet
  facet normal  1.000000e+00  0.000000e+00  -0.000000e+00
    outer loop
      vertex  1.500000e+01 -5.500000e+01  0.000000e+00
      vertex  1.500000e+01 -3.939231e+01  6.945927e+00
      vertex  1.500000e+01 -3.905184e+01  8.657584e+00
    endloop
  endfacet
  facet normal  1.000000e+00  0.000000e+00  -0.000000e+00
    outer loop
      vertex  1.500000e+01 -5.500000e+01  0.000000e+00
      vertex  1.500000e+01 -3.905184e+01  8.657584e+00
      vertex  1.500000e+01 -3.863703e+01  1.035276e+01
    endloop
  endfacet
  facet normal  1.000000e+00  0.000000e+00  -0.000000e+00
    outer loop
      vertex  1.500000e+01 -5.500000e+01  0.000000e+00
      vertex  1.500000e+01 -3.863703e+01  1.035276e+01
      vertex  1.500000e+01 -3.814868e+01  1.202823e+01
    endloop
  endfacet
  facet normal  1.000000e+00  0.000000e+00  -0.000000e+00
    outer loop
      vertex  1.500000e+01 -5.500000e+01  0.000000e+00
      vertex  1.500000e+01 -3.814868e+01  1.202823e+01
      vertex  1.500000e+01 -3.758770e+01  1.368081e+01
    endloop
  endfacet
  facet normal  1.000000e+00  0.000000e+00  -0.000000e+00
    outer loop
      vertex  1.500000e+01 -5.500000e+01  0.000000e+00
      vertex  1.500000e+01 -3.758770e+01  1.368081e+01
      vertex  1.500000e+01 -3.695518e+01  1.530734e+01
    endloop
  endfacet
  facet normal  1.000000e+00  0.000000e+00  -0.000000e+00
    outer loop
      vertex  1.500000e+01 -5.500000e+01  0.000000e+00
      vertex  1.500000e+01 -3.695518e+01  1.530734e+01
      vertex  1.500000e+01 -3.625231e+01  1.690473e+01
    endloop
  endfacet
  facet normal  1.000000e+00  0.000000e+00  -0.000000e+00
    outer loop
      vertex  1.500000e+01 -5.500000e+01  0.000000e+00
      vertex  1.500000e+01 -3.625231e+01  1.690473e+01
      vertex  1.500000e+01 -3.548043e+01  1.846994e+01
    endloop
  endfacet
  facet normal  1.000000e+00  0.000000e+00  -0.000000e+00
    outer loop
      vertex  1.500000e+01 -5.500000e+01  0.000000e+00
      vertex  1.500000e+01 -3.548043e+01  1.846994e+01
      vertex  1.500000e+01 -3.464102e+01  2.000000e+01
    endloop
  endfacet
  facet normal  1.000000e+00  0.000000e+00  0.000000e+00
    outer loop
      vertex  1.500000e+01 -5.500000e+01  0.000000e+00
      vertex  1.500000e+01 -3.464102e+01  2.000000e+01
      vertex  1.500000e+01 -5.500000e+01  2.000000e+01
    endloop
  endfacet
  facet normal  3.568987e-02 -9.993629e-01  0.000000e+00
    outer loop
      vertex -1.715743e-15 -7.000000e+01  2.000000e+01
      vertex -1.715743e-15 -7.000000e+01  0.000000e+00
      vertex  1.070088e+00 -6.996178e+01  2.000000e+01
    endloop
  endfacet
  facet normal  3.568987e-02 -9.993629e-01  0.000000e+00
    outer loop
      vertex  1.070088e+00 -6.996178e+01  2.000000e+01
      vertex -1.715743e-15 -7.000000e+01  0.000000e+00
      vertex  1.070088e+00 -6.996178e+01  0.000000e+00
    endloop
  endfacet
  facet normal  1.068986e-01 -9.942700e-01  0.000000e+00
    outer loop
      vertex  1.070088e+00 -6.996178e+01  2.000000e+01
      vertex  1.070088e+00 -6.996178e+01  0.000000e+00
      vertex  2.134722e+00 -6.984732e+01  2.000000e+01
    endloop
  endfacet
  facet normal  1.068986e-01 -9.942700e-01  0.000000e+00
    outer loop
      vertex  2.134722e+00 -6.984732e+01  2.000000e+01
      vertex  1.070088e+00 -6.996178e+01  0.000000e+00
      vertex  2.134722e+00 -6.984732e+01  0.000000e+00
    endloop
  endfacet
  facet normal  1.775516e-01 -9.841115e-01  0.000000e+00
    outer loop
      vertex  2.134722e+00 -6.984732e+01  2.000000e+01
      vertex  2.134722e+00 -6.984732e+01  0.000000e+00
      vertex  3.188479e+00 -6.965720e+01  2.000000e+01
    endloop
  endfacet
  facet normal  1.775516e-01 -9.841115e-01  0.000000e+00
    outer loop
      vertex  3.188479e+00 -6.965720e+01  2.000000e+01
      vertex  2.134722e+00 -6.984732e+01  0.000000e+00
      vertex  3.188479e+00 -6.965720e+01  0.000000e+00
    endloop
  endfacet
  facet normal  2.473067e-01 -9.689372e-01  0.000000e+00
    outer loop
      vertex  3.188479e+00 -6.965720e+01  2.000000e+01
      vertex  3.188479e+00 -6.965720e+01  0.000000e+00
      vertex  4.225988e+00 -6.939240e+01  2.000000e+01
    endloop
  endfacet
  facet normal  2.473067e-01 -9.689372e-01  0.000000e+00
    outer loop
      vertex  4.225988e+00 -6.939240e+01  2.000000e+01
      vertex  3.188479e+00 -6.965720e+01  0.000000e+00
      vertex  4.225988e+00 -6.939240e+01  0.000000e+00
    endloop
  endfacet
  facet normal  3.158006e-01 -9.488255e-01  0.000000e+00
    outer loop
      vertex  4.225988e+00 -6.939240e+01  2.000000e+01
      vertex  4.225988e+00 -6.939240e+01  0.000000e+00
      vertex  5.241963e+00 -6.905424e+01  2.000000e+01
    endloop
  endfacet
  facet normal  3.158006e-01 -9.488255e-01  0.000000e+00
    outer loop
      vertex  5.241963e+00 -6.905424e+01  2.000000e+01
      vertex  4.225988e+00 -6.939240e+01  0.000000e+00
      vertex  5.241963e+00 -6.905424e+01  0.000000e+00
    endloop
  endfacet
  facet normal  3.826846e-01 -9.238791e-01  0.000000e+00
    outer loop
      vertex  5.241963e+00 -6.905424e+01  2.000000e+01
      vertex  5.241963e+00 -6.905424e+01  0.000000e+00
      vertex  6.231225e+00 -6.864448e+01  2.000000e+01
    endloop
  endfacet
  facet normal  3.826846e-01 -9.238791e-01  0.000000e+00
    outer loop
      vertex  6.231225e+00 -6.864448e+01  2.000000e+01
      vertex  5.241963e+00 -6.905424e+01  0.000000e+00
      vertex  6.231225e+00 -6.864448e+01  0.000000e+00
    endloop
  endfacet
  facet normal  4.476161e-01 -8.942258e-01  0.000000e+00
    outer loop
      vertex  6.231225e+00 -6.864448e+01  2.000000e+01
      vertex  6.231225e+00 -6.864448e+01  0.000000e+00
      vertex  7.188735e+00 -6.816518e+01  2.000000e+01
    endloop
  endfacet
  facet normal  4.476161e-01 -8.942258e-01  0.000000e+00
    outer loop
      vertex  7.188735e+00 -6.816518e+01  2.000000e+01
      vertex  6.231225e+00 -6.864448e+01  0.000000e+00
      vertex  7.188735e+00 -6.816518e+01  0.000000e+00
    endloop
  endfacet
  facet normal  5.102681e-01 -8.600153e-01  0.000000e+00
    outer loop
      vertex  7.188735e+00 -6.816518e+01  2.000000e+01
      vertex  7.188735e+00 -6.816518e+01  0.000000e+00
      vertex  8.109612e+00 -6.761880e+01  2.000000e+01
    endloop
  endfacet
  facet normal  5.102681e-01 -8.600153e-01  0.000000e+00
    outer loop
      vertex  8.109612e+00 -6.761880e+01  2.000000e+01
      vertex  7.188735e+00 -6.816518e+01  0.000000e+00
      vertex  8.109612e+00 -6.761880e+01  0.000000e+00
    endloop
  endfacet
  facet normal  5.703244e-01 -8.214195e-01  0.000000e+00
    outer loop
      vertex  8.109612e+00 -6.761880e+01  2.000000e+01
      vertex  8.109612e+00 -6.761880e+01  0.000000e+00
      vertex  8.989165e+00 -6.700812e+01  2.000000e+01
    endloop
  endfacet
  facet normal  5.703244e-01 -8.214195e-01  0.000000e+00
    outer loop
      vertex  8.989165e+00 -6.700812e+01  2.000000e+01
      vertex  8.109612e+00 -6.761880e+01  0.000000e+00
      vertex  8.989165e+00 -6.700812e+01  0.000000e+00
    endloop
  endfacet
  facet normal  6.274691e-01 -7.786415e-01  0.000000e+00
    outer loop
      vertex  8.989165e+00 -6.700812e+01  2.000000e+01
      vertex  8.989165e+00 -6.700812e+01  0.000000e+00
      vertex  9.822911e+00 -6.633624e+01  2.000000e+01
    endloop
  endfacet
  facet normal  6.274691e-01 -7.786415e-01  0.000000e+00
    outer loop
      vertex  9.822911e+00 -6.633624e+01  2.000000e+01
      vertex  8.989165e+00 -6.700812e+01  0.000000e+00
      vertex  9.822911e+00 -6.633624e+01  0.000000e+00
    endloop
  endfacet
  facet normal  6.814157e-01 -7.318966e-01  0.000000e+00
    outer loop
      vertex  9.822911e+00 -6.633624e+01  2.000000e+01
      vertex  9.822911e+00 -6.633624e+01  0.000000e+00
      vertex  1.060660e+01 -6.560661e+01  2.000000e+01
    endloop
  endfacet
  facet normal  6.814157e-01 -7.318966e-01  0.000000e+00
    outer loop
      vertex  1.060660e+01 -6.560661e+01  2.000000e+01
      vertex  9.822911e+00 -6.633624e+01  0.000000e+00
      vertex  1.060660e+01 -6.560661e+01  0.000000e+00
    endloop
  endfacet
  facet normal  7.318948e-01 -6.814176e-01  0.000000e+00
    outer loop
      vertex  1.060660e+01 -6.560661e+01  2.000000e+01
      vertex  1.060660e+01 -6.560661e+01  0.000000e+00
      vertex  1.133624e+01 -6.482291e+01  2.000000e+01
    endloop
  endfacet
  facet normal  7.318948e-01 -6.814176e-01  0.000000e+00
    outer loop
      vertex  1.133624e+01 -6.482291e+01  2.000000e+01
      vertex  1.060660e+01 -6.560661e+01  0.000000e+00
      vertex  1.133624e+01 -6.482291e+01  0.000000e+00
    endloop
  endfacet
  facet normal  7.786422e-01 -6.274681e-01  0.000000e+00
    outer loop
      vertex  1.133624e+01 -6.482291e+01  2.000000e+01
      vertex  1.133624e+01 -6.482291e+01  0.000000e+00
      vertex  1.200812e+01 -6.398917e+01  2.000000e+01
    endloop
  endfacet
  facet normal  7.786422e-01 -6.274681e-01  0.000000e+00
    outer loop
      vertex  1.200812e+01 -6.398917e+01  2.000000e+01
      vertex  1.133624e+01 -6.482291e+01  0.000000e+00
      vertex  1.200812e+01 -6.398917e+01  0.000000e+00
    endloop
  endfacet
  facet normal  8.214214e-01 -5.703217e-01  0.000000e+00
    outer loop
      vertex  1.200812e+01 -6.398917e+01  2.000000e+01
      vertex  1.200812e+01 -6.398917e+01  0.000000e+00
      vertex  1.261880e+01 -6.310961e+01  2.000000e+01
    endloop
  endfacet
  facet normal  8.214214e-01 -5.703217e-01  0.000000e+00
    outer loop
      vertex  1.261880e+01 -6.310961e+01  2.000000e+01
      vertex  1.200812e+01 -6.398917e+01  0.000000e+00
      vertex  1.261880e+01 -6.310961e+01  0.000000e+00
    endloop
  endfacet
  facet normal  8.600137e-01 -5.102709e-01  0.000000e+00
    outer loop
      vertex  1.261880e+01 -6.310961e+01  2.000000e+01
      vertex  1.261880e+01 -6.310961e+01  0.000000e+00
      vertex  1.316518e+01 -6.218874e+01  2.000000e+01
    endloop
  endfacet
  facet normal  8.600137e-01 -5.102709e-01  0.000000e+00
    outer loop
      vertex  1.316518e+01 -6.218874e+01  2.000000e+01
      vertex  1.261880e+01 -6.310961e+01  0.000000e+00
      vertex  1.316518e+01 -6.218874e+01  0.000000e+00
    endloop
  endfacet
  facet normal  8.942257e-01 -4.476161e-01  0.000000e+00
    outer loop
      vertex  1.316518e+01 -6.218874e+01  2.000000e+01
      vertex  1.316518e+01 -6.218874e+01  0.000000e+00
      vertex  1.364448e+01 -6.123122e+01  2.000000e+01
    endloop
  endfacet
  facet normal  8.942257e-01 -4.476161e-01  0.000000e+00
    outer loop
      vertex  1.364448e+01 -6.123122e+01  2.000000e+01
      vertex  1.316518e+01 -6.218874e+01  0.000000e+00
      vertex  1.364448e+01 -6.123122e+01  0.000000e+00
    endloop
  endfacet
  facet normal  9.238793e-01 -3.826839e-01  0.000000e+00
    outer loop
      vertex  1.364448e+01 -6.123122e+01  2.000000e+01
      vertex  1.364448e+01 -6.123122e+01  0.000000e+00
      vertex  1.405425e+01 -6.024196e+01  2.000000e+01
    endloop
  endfacet
  facet normal  9.238793e-01 -3.826839e-01  0.000000e+00
    outer loop
      vertex  1.405425e+01 -6.024196e+01  2.000000e+01
      vertex  1.364448e+01 -6.123122e+01  0.000000e+00
      vertex  1.405425e+01 -6.024196e+01  0.000000e+00
    endloop
  endfacet
  facet normal  9.488260e-01 -3.157994e-01  0.000000e+00
    outer loop
      vertex  1.405425e+01 -6.024196e+01  2.000000e+01
      vertex  1.405425e+01 -6.024196e+01  0.000000e+00
      vertex  1.439240e+01 -5.922599e+01  2.000000e+01
    endloop
  endfacet
  facet normal  9.488260e-01 -3.157994e-01  0.000000e+00
    outer loop
      vertex  1.439240e+01 -5.922599e+01  2.000000e+01
      vertex  1.405425e+01 -6.024196e+01  0.000000e+00
      vertex  1.439240e+01 -5.922599e+01  0.000000e+00
    endloop
  endfacet
  facet normal  9.689373e-01 -2.473065e-01  0.000000e+00
    outer loop
      vertex  1.439240e+01 -5.922599e+01  2.000000e+01
      vertex  1.439240e+01 -5.922599e+01  0.000000e+00
      vertex  1.465720e+01 -5.818848e+01  2.000000e+01
    endloop
  endfacet
  facet normal  9.689373e-01 -2.473065e-01  0.000000e+00
    outer loop
      vertex  1.465720e+01 -5.818848e+01  2.000000e+01
      vertex  1.439240e+01 -5.922599e+01  0.000000e+00
      vertex  1.465720e+01 -5.818848e+01  0.000000e+00
    endloop
  endfacet
  facet normal  9.841112e-01 -1.775533e-01  0.000000e+00
    outer loop
      vertex  1.465720e+01 -5.818848e+01  2.000000e+01
      vertex  1.465720e+01 -5.818848e+01  0.000000e+00
      vertex  1.484732e+01 -5.713472e+01  2.000000e+01
    endloop
  endfacet
  facet normal  9.841112e-01 -1.775533e-01  0.000000e+00
    outer loop
      vertex  1.484732e+01 -5.713472e+01  2.000000e+01
      vertex  1.465720e+01 -5.818848e+01  0.000000e+00
      vertex  1.484732e+01 -5.713472e+01  0.000000e+00
    endloop
  endfacet
  facet normal  9.942703e-01 -1.068949e-01  0.000000e+00
    outer loop
      vertex  1.484732e+01 -5.713472e+01  2.000000e+01
      vertex  1.484732e+01 -5.713472e+01  0.000000e+00
      vertex  1.496178e+01 -5.607009e+01  2.000000e+01
    endloop
  endfacet
  facet normal  9.942703e-01 -1.068949e-01  0.000000e+00
    outer loop
      vertex  1.496178e+01 -5.607009e+01  2.000000e+01
      vertex  1.484732e+01 -5.713472e+01  0.000000e+00
      vertex  1.496178e+01 -5.607009e+01  0.000000e+00
    endloop
  endfacet
  facet normal  9.993628e-01 -3.569255e-02  0.000000e+00
    outer loop
      vertex  1.496178e+01 -5.607009e+01  2.000000e+01
      vertex  1.496178e+01 -5.607009e+01  0.000000e+00
      vertex  1.500000e+01 -5.500000e+01  2.000000e+01
    endloop
  endfacet
  facet normal  9.993628e-01 -3.569255e-02  0.000000e+00
    outer loop
      vertex  1.500000e+01 -5.500000e+01  2.000000e+01
      vertex  1.496178e+01 -5.607009e+01  0.000000e+00
      vertex  1.500000e+01 -5.500000e+01  0.000000e+00
    endloop
  endfacet
  facet normal -3.030109e-05 -9.977982e-01  6.632411e-02
    outer loop
      vertex -5.000000e+01 -3.996085e+01  1.769334e+00
      vertex -1.500000e+01 -3.984779e+01  3.486230e+00
      vertex -5.000000e+01 -3.984347e+01  3.535204e+00
    endloop
  endfacet
  facet normal  2.969051e-05 -9.940563e-01  1.088676e-01
    outer loop
      vertex -5.000000e+01 -3.984347e+01  3.535204e+00
      vertex -1.500000e+01 -3.984779e+01  3.486230e+00
      vertex -1.500000e+01 -3.965779e+01  5.221048e+00
    endloop
  endfacet
  facet normal -4.467101e-05 -9.938881e-01  1.103929e-01
    outer loop
      vertex -5.000000e+01 -3.984347e+01  3.535204e+00
      vertex -1.500000e+01 -3.965779e+01  5.221048e+00
      vertex -5.000000e+01 -3.964810e+01  5.294154e+00
    endloop
  endfacet
  facet normal  4.402358e-05 -9.883615e-01  1.521231e-01
    outer loop
      vertex -5.000000e+01 -3.964810e+01  5.294154e+00
      vertex -1.500000e+01 -3.965779e+01  5.221048e+00
      vertex -1.500000e+01 -3.939231e+01  6.945927e+00
    endloop
  endfacet
  facet normal -5.867810e-05 -9.880321e-01  1.542483e-01
    outer loop
      vertex -5.000000e+01 -3.964810e+01  5.294154e+00
      vertex -1.500000e+01 -3.939231e+01  6.945927e+00
      vertex -5.000000e+01 -3.937512e+01  7.042741e+00
    endloop
  endfacet
  facet normal  5.785442e-05 -9.807853e-01  1.950901e-01
    outer loop
      vertex -5.000000e+01 -3.937512e+01  7.042741e+00
      vertex -1.500000e+01 -3.939231e+01  6.945927e+00
      vertex -1.500000e+01 -3.905184e+01  8.657584e+00
    endloop
  endfacet
  facet normal -7.228601e-05 -9.802420e-01  1.978020e-01
    outer loop
      vertex -5.000000e+01 -3.937512e+01  7.042741e+00
      vertex -1.500000e+01 -3.905184e+01  8.657584e+00
      vertex -5.000000e+01 -3.902505e+01  8.777540e+00
    endloop
  endfacet
  facet normal  7.122550e-05 -9.713417e-01  2.376874e-01
    outer loop
      vertex -5.000000e+01 -3.902505e+01  8.777540e+00
      vertex -1.500000e+01 -3.905184e+01  8.657584e+00
      vertex -1.500000e+01 -3.863703e+01  1.035276e+01
    endloop
  endfacet
  facet normal -8.536487e-05 -9.705332e-01  2.409675e-01
    outer loop
      vertex -5.000000e+01 -3.902505e+01  8.777540e+00
      vertex -1.500000e+01 -3.863703e+01  1.035276e+01
      vertex -5.000000e+01 -3.859860e+01  1.049516e+01
    endloop
  endfacet
  facet normal  8.425066e-05 -9.600500e-01  2.798285e-01
    outer loop
      vertex -5.000000e+01 -3.859860e+01  1.049516e+01
      vertex -1.500000e+01 -3.863703e+01  1.035276e+01
      vertex -1.500000e+01 -3.814868e+01  1.202823e+01
    endloop
  endfacet
  facet normal -9.819252e-05 -9.589239e-01  2.836632e-01
    outer loop
      vertex -5.000000e+01 -3.859860e+01  1.049516e+01
      vertex -1.500000e+01 -3.814868e+01  1.202823e+01
      vertex -5.000000e+01 -3.809658e+01  1.219223e+01
    endloop
  endfacet
  facet normal  9.667052e-05 -9.469300e-01  3.214398e-01
    outer loop
      vertex -5.000000e+01 -3.809658e+01  1.219223e+01
      vertex -1.500000e+01 -3.814868e+01  1.202823e+01
      vertex -1.500000e+01 -3.758770e+01  1.368081e+01
    endloop
  endfacet
  facet normal -1.104952e-04 -9.454384e-01  3.258009e-01
    outer loop
      vertex -5.000000e+01 -3.809658e+01  1.219223e+01
      vertex -1.500000e+01 -3.758770e+01  1.368081e+01
      vertex -5.000000e+01 -3.751999e+01  1.386544e+01
    endloop
  endfacet
  facet normal  1.087530e-04 -9.320081e-01  3.624376e-01
    outer loop
      vertex -5.000000e+01 -3.751999e+01  1.386544e+01
      vertex -1.500000e+01 -3.758770e+01  1.368081e+01
      vertex -1.500000e+01 -3.695518e+01  1.530734e+01
    endloop
  endfacet
  facet normal -1.223352e-04 -9.301024e-01  3.673004e-01
    outer loop
      vertex -5.000000e+01 -3.751999e+01  1.386544e+01
      vertex -1.500000e+01 -3.695518e+01  1.530734e+01
      vertex -5.000000e+01 -3.686995e+01  1.551150e+01
    endloop
  endfacet
  facet normal  1.204481e-04 -9.153115e-01  4.027467e-01
    outer loop
      vertex -5.000000e+01 -3.686995e+01  1.551150e+01
      vertex -1.500000e+01 -3.695518e+01  1.530734e+01
      vertex -1.500000e+01 -3.625231e+01  1.690473e+01
    endloop
  endfacet
  facet normal -1.337858e-04 -9.129443e-01  4.080841e-01
    outer loop
      vertex -5.000000e+01 -3.686995e+01  1.551150e+01
      vertex -1.500000e+01 -3.625231e+01  1.690473e+01
      vertex -5.000000e+01 -3.614774e+01  1.712720e+01
    endloop
  endfacet
  facet normal  1.316433e-04 -8.968730e-01  4.422883e-01
    outer loop
      vertex -5.000000e+01 -3.614774e+01  1.712720e+01
      vertex -1.500000e+01 -3.625231e+01  1.690473e+01
      vertex -1.500000e+01 -3.548043e+01  1.846994e+01
    endloop
  endfacet
  facet normal -1.447855e-04 -8.940005e-01  4.480661e-01
    outer loop
      vertex -5.000000e+01 -3.614774e+01  1.712720e+01
      vertex -1.500000e+01 -3.548043e+01  1.846994e+01
      vertex -5.000000e+01 -3.535477e+01  1.870937e+01
    endloop
  endfacet
  facet normal -2.535935e-04 -4.677332e-01  8.838696e-01
    outer loop
      vertex -5.000000e+01 -1.948691e+01  3.493222e+01
      vertex -1.500000e+01 -1.846994e+01  3.548043e+01
      vertex -5.000000e+01 -1.792267e+01  3.576000e+01
    endloop
  endfacet
  facet normal  2.481390e-04 -4.422882e-01  8.968729e-01
    outer loop
      vertex -5.000000e+01 -1.792267e+01  3.576000e+01
      vertex -1.500000e+01 -1.846994e+01  3.548043e+01
      vertex -1.500000e+01 -1.690473e+01  3.625231e+01
    endloop
  endfacet
  facet normal -2.580742e-04 -4.281814e-01  9.036927e-01
    outer loop
      vertex -5.000000e+01 -1.792267e+01  3.576000e+01
      vertex -1.500000e+01 -1.690473e+01  3.625231e+01
      vertex -5.000000e+01 -1.632335e+01  3.651778e+01
    endloop
  endfacet
  facet normal  2.525479e-04 -4.027467e-01  9.153114e-01
    outer loop
      vertex -5.000000e+01 -1.632335e+01  3.651778e+01
      vertex -1.500000e+01 -1.690473e+01  3.625231e+01
      vertex -1.500000e+01 -1.530734e+01  3.695518e+01
    endloop
  endfacet
  facet normal -2.621960e-04 -3.877861e-01  9.217494e-01
    outer loop
      vertex -5.000000e+01 -1.632335e+01  3.651778e+01
      vertex -1.500000e+01 -1.530734e+01  3.695518e+01
      vertex -5.000000e+01 -1.469206e+01  3.720407e+01
    endloop
  endfacet
  facet normal  2.563642e-04 -3.624375e-01  9.320080e-01
    outer loop
      vertex -5.000000e+01 -1.469206e+01  3.720407e+01
      vertex -1.500000e+01 -1.530734e+01  3.695518e+01
      vertex -1.500000e+01 -1.368081e+01  3.758770e+01
    endloop
  endfacet
  facet normal -2.658801e-04 -3.466356e-01  9.379998e-01
    outer loop
      vertex -5.000000e+01 -1.469206e+01  3.720407e+01
      vertex -1.500000e+01 -1.368081e+01  3.758770e+01
      vertex -5.000000e+01 -1.303202e+01  3.781754e+01
    endloop
  endfacet
  facet normal  2.598072e-04 -3.214398e-01  9.469300e-01
    outer loop
      vertex -5.000000e+01 -1.303202e+01  3.781754e+01
      vertex -1.500000e+01 -1.368081e+01  3.758770e+01
      vertex -1.500000e+01 -1.202823e+01  3.814868e+01
    endloop
  endfacet
  facet normal -2.691227e-04 -3.048064e-01  9.524143e-01
    outer loop
      vertex -5.000000e+01 -1.303202e+01  3.781754e+01
      vertex -1.500000e+01 -1.202823e+01  3.814868e+01
      vertex -5.000000e+01 -1.134647e+01  3.835698e+01
    endloop
  endfacet
  facet normal  2.628618e-04 -2.798285e-01  9.600500e-01
    outer loop
      vertex -5.000000e+01 -1.134647e+01  3.835698e+01
      vertex -1.500000e+01 -1.202823e+01  3.814868e+01
      vertex -1.500000e+01 -1.035276e+01  3.863703e+01
    endloop
  endfacet
  facet normal -2.718510e-04 -2.623801e-01  9.649646e-01
    outer loop
      vertex -5.000000e+01 -1.134647e+01  3.835698e+01
      vertex -1.500000e+01 -1.035276e+01  3.863703e+01
      vertex -5.000000e+01 -9.638708e+00  3.882133e+01
    endloop
  endfacet
  facet normal  2.654971e-04 -2.376874e-01  9.713417e-01
    outer loop
      vertex -5.000000e+01 -9.638708e+00  3.882133e+01
      vertex -1.500000e+01 -1.035276e+01  3.863703e+01
      vertex -1.500000e+01 -8.657584e+00  3.905184e+01
    endloop
  endfacet
  facet normal -2.743328e-04 -2.194366e-01  9.756267e-01
    outer loop
      vertex -5.000000e+01 -9.638708e+00  3.882133e+01
      vertex -1.500000e+01 -8.657584e+00  3.905184e+01
      vertex -5.000000e+01 -7.912077e+00  3.920968e+01
    endloop
  endfacet
  facet normal  2.675154e-04 -1.950901e-01  9.807853e-01
    outer loop
      vertex -5.000000e+01 -7.912077e+00  3.920968e+01
      vertex -1.500000e+01 -8.657584e+00  3.905184e+01
      vertex -1.500000e+01 -6.945927e+00  3.939231e+01
    endloop
  endfacet
  facet normal -2.762573e-04 -1.760703e-01  9.843776e-01
    outer loop
      vertex -5.000000e+01 -7.912077e+00  3.920968e+01
      vertex -1.500000e+01 -6.945927e+00  3.939231e+01
      vertex -5.000000e+01 -6.169957e+00  3.952128e+01
    endloop
  endfacet
  facet normal  2.693452e-04 -1.521231e-01  9.883615e-01
    outer loop
      vertex -5.000000e+01 -6.169957e+00  3.952128e+01
      vertex -1.500000e+01 -6.945927e+00  3.939231e+01
      vertex -1.500000e+01 -5.221048e+00  3.965779e+01
    endloop
  endfacet
  facet normal -2.777381e-04 -1.323530e-01  9.912027e-01
    outer loop
      vertex -5.000000e+01 -6.169957e+00  3.952128e+01
      vertex -1.500000e+01 -5.221048e+00  3.965779e+01
      vertex -5.000000e+01 -4.415760e+00  3.975552e+01
    endloop
  endfacet
  facet normal  2.705857e-04 -1.088676e-01  9.940562e-01
    outer loop
      vertex -5.000000e+01 -4.415760e+00  3.975552e+01
      vertex -1.500000e+01 -5.221048e+00  3.965779e+01
      vertex -1.500000e+01 -3.486230e+00  3.984779e+01
    endloop
  endfacet
  facet normal -2.788478e-04 -8.838113e-02  9.960867e-01
    outer loop
      vertex -5.000000e+01 -4.415760e+00  3.975552e+01
      vertex -1.500000e+01 -3.486230e+00  3.984779e+01
      vertex -5.000000e+01 -2.652918e+00  3.991193e+01
    endloop
  endfacet
  facet normal  2.714995e-04 -6.540234e-02  9.978589e-01
    outer loop
      vertex -5.000000e+01 -2.652918e+00  3.991193e+01
      vertex -1.500000e+01 -3.486230e+00  3.984779e+01
      vertex -1.500000e+01 -1.744776e+00  3.996193e+01
    endloop
  endfacet
  facet normal -2.794509e-04 -4.423260e-02  9.990212e-01
    outer loop
      vertex -5.000000e+01 -2.652918e+00  3.991193e+01
      vertex -1.500000e+01 -1.744776e+00  3.996193e+01
      vertex -5.000000e+01 -8.848835e-01  3.999021e+01
    endloop
  endfacet
  facet normal  2.719204e-04 -2.181462e-02  9.997619e-01
    outer loop
      vertex -5.000000e+01 -8.848835e-01  3.999021e+01
      vertex -1.500000e+01 -1.744776e+00  3.996193e+01
      vertex -1.500000e+01  2.449294e-15  4.000000e+01
    endloop
  endfacet
  facet normal -2.796718e-04  0.000000e+00  9.999999e-01
    outer loop
      vertex -5.000000e+01 -8.848835e-01  3.999021e+01
      vertex -1.500000e+01  2.449294e-15  4.000000e+01
      vertex -5.000000e+01  8.848835e-01  3.999021e+01
    endloop
  endfacet
  facet normal  2.719204e-04  2.181462e-02  9.997619e-01
    outer loop
      vertex -1.500000e+01  2.449294e-15  4.000000e+01
      vertex -1.500000e+01  1.744776e+00  3.996193e+01
      vertex -5.000000e+01  8.848835e-01  3.999021e+01
    endloop
  endfacet
  facet normal -2.794509e-04  4.423260e-02  9.990213e-01
    outer loop
      vertex -5.000000e+01  2.652918e+00  3.991193e+01
      vertex -5.000000e+01  8.848835e-01  3.999021e+01
      vertex -1.500000e+01  1.744776e+00  3.996193e+01
    endloop
  endfacet
  facet normal  2.714995e-04  6.540234e-02  9.978589e-01
    outer loop
      vertex -1.500000e+01  1.744776e+00  3.996193e+01
      vertex -1.500000e+01  3.486230e+00  3.984779e+01
      vertex -5.000000e+01  2.652918e+00  3.991193e+01
    endloop
  endfacet
  facet normal -2.788480e-04  8.838112e-02  9.960867e-01
    outer loop
      vertex -5.000000e+01  4.415760e+00  3.975552e+01
      vertex -5.000000e+01  2.652918e+00  3.991193e+01
      vertex -1.500000e+01  3.486230e+00  3.984779e+01
    endloop
  endfacet
  facet normal  2.705857e-04  1.088676e-01  9.940562e-01
    outer loop
      vertex -1.500000e+01  3.486230e+00  3.984779e+01
      vertex -1.500000e+01  5.221048e+00  3.965779e+01
      vertex -5.000000e+01  4.415760e+00  3.975552e+01
    endloop
  endfacet
  facet normal -2.777380e-04  1.323530e-01  9.912027e-01
    outer loop
      vertex -5.000000e+01  6.169957e+00  3.952128e+01
      vertex -5.000000e+01  4.415760e+00  3.975552e+01
      vertex -1.500000e+01  5.221048e+00  3.965779e+01
    endloop
  endfacet
  facet normal  2.693452e-04  1.521231e-01  9.883615e-01
    outer loop
      vertex -1.500000e+01  5.221048e+00  3.965779e+01
      vertex -1.500000e+01  6.945927e+00  3.939231e+01
      vertex -5.000000e+01  6.169957e+00  3.952128e+01
    endloop
  endfacet
  facet normal -2.762573e-04  1.760703e-01  9.843776e-01
    outer loop
      vertex -5.000000e+01  7.912077e+00  3.920968e+01
      vertex -5.000000e+01  6.169957e+00  3.952128e+01
      vertex -1.500000e+01  6.945927e+00  3.939231e+01
    endloop
  endfacet
  facet normal  2.675154e-04  1.950901e-01  9.807853e-01
    outer loop
      vertex -1.500000e+01  6.945927e+00  3.939231e+01
      vertex -1.500000e+01  8.657584e+00  3.905184e+01
      vertex -5.000000e+01  7.912077e+00  3.920968e+01
    endloop
  endfacet
  facet normal -2.743326e-04  2.194366e-01  9.756267e-01
    outer loop
      vertex -5.000000e+01  9.638708e+00  3.882133e+01
      vertex -5.000000e+01  7.912077e+00  3.920968e+01
      vertex -1.500000e+01  8.657584e+00  3.905184e+01
    endloop
  endfacet
  facet normal  2.654971e-04  2.376874e-01  9.713417e-01
    outer loop
      vertex -1.500000e+01  8.657584e+00  3.905184e+01
      vertex -1.500000e+01  1.035276e+01  3.863703e+01
      vertex -5.000000e+01  9.638708e+00  3.882133e+01
    endloop
  endfacet
  facet normal -2.718512e-04  2.623801e-01  9.649646e-01
    outer loop
      vertex -5.000000e+01  1.134647e+01  3.835698e+01
      vertex -5.000000e+01  9.638708e+00  3.882133e+01
      vertex -1.500000e+01  1.035276e+01  3.863703e+01
    endloop
  endfacet
  facet normal  2.628618e-04  2.798285e-01  9.600500e-01
    outer loop
      vertex -1.500000e+01  1.035276e+01  3.863703e+01
      vertex -1.500000e+01  1.202823e+01  3.814868e+01
      vertex -5.000000e+01  1.134647e+01  3.835698e+01
    endloop
  endfacet
  facet normal -2.691232e-04  3.048064e-01  9.524143e-01
    outer loop
      vertex -5.000000e+01  1.303202e+01  3.781754e+01
      vertex -5.000000e+01  1.134647e+01  3.835698e+01
      vertex -1.500000e+01  1.202823e+01  3.814868e+01
    endloop
  endfacet
  facet normal  2.598072e-04  3.214398e-01  9.469300e-01
    outer loop
      vertex -1.500000e+01  1.202823e+01  3.814868e+01
      vertex -1.500000e+01  1.368081e+01  3.758770e+01
      vertex -5.000000e+01  1.303202e+01  3.781754e+01
    endloop
  endfacet
  facet normal -2.658803e-04  3.466356e-01  9.379998e-01
    outer loop
      vertex -5.000000e+01  1.469206e+01  3.720407e+01
      vertex -5.000000e+01  1.303202e+01  3.781754e+01
      vertex -1.500000e+01  1.368081e+01  3.758770e+01
    endloop
  endfacet
  facet normal  2.563642e-04  3.624375e-01  9.320080e-01
    outer loop
      vertex -1.500000e+01  1.368081e+01  3.758770e+01
      vertex -1.500000e+01  1.530734e+01  3.695518e+01
      vertex -5.000000e+01  1.469206e+01  3.720407e+01
    endloop
  endfacet
  facet normal -2.621960e-04  3.877861e-01  9.217494e-01
    outer loop
      vertex -5.000000e+01  1.632335e+01  3.651778e+01
      vertex -5.000000e+01  1.469206e+01  3.720407e+01
      vertex -1.500000e+01  1.530734e+01  3.695518e+01
    endloop
  endfacet
  facet normal  2.525479e-04  4.027467e-01  9.153114e-01
    outer loop
      vertex -1.500000e+01  1.530734e+01  3.695518e+01
      vertex -1.500000e+01  1.690473e+01  3.625231e+01
      vertex -5.000000e+01  1.632335e+01  3.651778e+01
    endloop
  endfacet
  facet normal -2.580742e-04  4.281814e-01  9.036927e-01
    outer loop
      vertex -5.000000e+01  1.792267e+01  3.576000e+01
      vertex -5.000000e+01  1.632335e+01  3.651778e+01
      vertex -1.500000e+01  1.690473e+01  3.625231e+01
    endloop
  endfacet
  facet normal  2.481390e-04  4.422882e-01  8.968729e-01
    outer loop
      vertex -1.500000e+01  1.690473e+01  3.625231e+01
      vertex -1.500000e+01  1.846994e+01  3.548043e+01
      vertex -5.000000e+01  1.792267e+01  3.576000e+01
    endloop
  endfacet
  facet normal -2.535930e-04  4.677332e-01  8.838696e-01
    outer loop
      vertex -5.000000e+01  1.948691e+01  3.493222e+01
      vertex -5.000000e+01  1.792267e+01  3.576000e+01
      vertex -1.500000e+01  1.846994e+01  3.548043e+01
    endloop
  endfacet
  facet normal -1.447852e-04  8.940004e-01  4.480661e-01
    outer loop
      vertex -5.000000e+01  3.614774e+01  1.712720e+01
      vertex -5.000000e+01  3.535477e+01  1.870937e+01
      vertex -1.500000e+01  3.548043e+01  1.846994e+01
    endloop
  endfacet
  facet normal  1.316433e-04  8.968730e-01  4.422883e-01
    outer loop
      vertex -1.500000e+01  3.548043e+01  1.846994e+01
      vertex -1.500000e+01  3.625231e+01  1.690473e+01
      vertex -5.000000e+01  3.614774e+01  1.712720e+01
    endloop
  endfacet
  facet normal -1.337855e-04  9.129443e-01  4.080841e-01
    outer loop
      vertex -5.000000e+01  3.686995e+01  1.551150e+01
      vertex -5.000000e+01  3.614774e+01  1.712720e+01
      vertex -1.500000e+01  3.625231e+01  1.690473e+01
    endloop
  endfacet
  facet normal  1.204481e-04  9.153115e-01  4.027467e-01
    outer loop
      vertex -1.500000e+01  3.625231e+01  1.690473e+01
      vertex -1.500000e+01  3.695518e+01  1.530734e+01
      vertex -5.000000e+01  3.686995e+01  1.551150e+01
    endloop
  endfacet
  facet normal -1.223353e-04  9.301024e-01  3.673004e-01
    outer loop
      vertex -5.000000e+01  3.751999e+01  1.386544e+01
      vertex -5.000000e+01  3.686995e+01  1.551150e+01
      vertex -1.500000e+01  3.695518e+01  1.530734e+01
    endloop
  endfacet
  facet normal  1.087530e-04  9.320081e-01  3.624376e-01
    outer loop
      vertex -1.500000e+01  3.695518e+01  1.530734e+01
      vertex -1.500000e+01  3.758770e+01  1.368081e+01
      vertex -5.000000e+01  3.751999e+01  1.386544e+01
    endloop
  endfacet
  facet normal -1.104951e-04  9.454384e-01  3.258009e-01
    outer loop
      vertex -5.000000e+01  3.809658e+01  1.219223e+01
      vertex -5.000000e+01  3.751999e+01  1.386544e+01
      vertex -1.500000e+01  3.758770e+01  1.368081e+01
    endloop
  endfacet
  facet normal  9.667052e-05  9.469300e-01  3.214398e-01
    outer loop
      vertex -1.500000e+01  3.758770e+01  1.368081e+01
      vertex -1.500000e+01  3.814868e+01  1.202823e+01
      vertex -5.000000e+01  3.809658e+01  1.219223e+01
    endloop
  endfacet
  facet normal -9.819252e-05  9.589239e-01  2.836632e-01
    outer loop
      vertex -5.000000e+01  3.859860e+01  1.049516e+01
      vertex -5.000000e+01  3.809658e+01  1.219223e+01
      vertex -1.500000e+01  3.814868e+01  1.202823e+01
    endloop
  endfacet
  facet normal  8.425066e-05  9.600500e-01  2.798285e-01
    outer loop
      vertex -1.500000e+01  3.814868e+01  1.202823e+01
      vertex -1.500000e+01  3.863703e+01  1.035276e+01
      vertex -5.000000e+01  3.859860e+01  1.049516e+01
    endloop
  endfacet
  facet normal -8.536493e-05  9.705332e-01  2.409675e-01
    outer loop
      vertex -5.000000e+01  3.902505e+01  8.777540e+00
      vertex -5.000000e+01  3.859860e+01  1.049516e+01
      vertex -1.500000e+01  3.863703e+01  1.035276e+01
    endloop
  endfacet
  facet normal  7.122550e-05  9.713417e-01  2.376874e-01
    outer loop
      vertex -1.500000e+01  3.863703e+01  1.035276e+01
      vertex -1.500000e+01  3.905184e+01  8.657584e+00
      vertex -5.000000e+01  3.902505e+01  8.777540e+00
    endloop
  endfacet
  facet normal -7.228606e-05  9.802420e-01  1.978020e-01
    outer loop
      vertex -5.000000e+01  3.937512e+01  7.042741e+00
      vertex -5.000000e+01  3.902505e+01  8.777540e+00
      vertex -1.500000e+01  3.905184e+01  8.657584e+00
    endloop
  endfacet
  facet normal  5.785442e-05  9.807853e-01  1.950901e-01
    outer loop
      vertex -1.500000e+01  3.905184e+01  8.657584e+00
      vertex -1.500000e+01  3.939231e+01  6.945927e+00
      vertex -5.000000e+01  3.937512e+01  7.042741e+00
    endloop
  endfacet
  facet normal -5.867810e-05  9.880321e-01  1.542483e-01
    outer loop
      vertex -5.000000e+01  3.964810e+01  5.294154e+00
      vertex -5.000000e+01  3.937512e+01  7.042741e+00
      vertex -1.500000e+01  3.939231e+01  6.945927e+00
    endloop
  endfacet
  facet normal  4.402358e-05  9.883615e-01  1.521231e-01
    outer loop
      vertex -1.500000e+01  3.939231e+01  6.945927e+00
      vertex -1.500000e+01  3.965779e+01  5.221048e+00
      vertex -5.000000e+01  3.964810e+01  5.294154e+00
    endloop
  endfacet
  facet normal -4.467097e-05  9.938880e-01  1.103929e-01
    outer loop
      vertex -5.000000e+01  3.984347e+01  3.535204e+00
      vertex -5.000000e+01  3.964810e+01  5.294154e+00
      vertex -1.500000e+01  3.965779e+01  5.221048e+00
    endloop
  endfacet
  facet normal  2.969051e-05  9.940563e-01  1.088676e-01
    outer loop
      vertex -1.500000e+01  3.965779e+01  5.221048e+00
      vertex -1.500000e+01  3.984779e+01  3.486230e+00
      vertex -5.000000e+01  3.984347e+01  3.535204e+00
    endloop
  endfacet
  facet normal -3.030108e-05  9.977982e-01  6.632411e-02
    outer loop
      vertex -5.000000e+01  3.996085e+01  1.769334e+00
      vertex -5.000000e+01  3.984347e+01  3.535204e+00
      vertex -1.500000e+01  3.984779e+01  3.486230e+00
    endloop
  endfacet
  facet normal  3.030108e-05 -9.977982e-01  6.632411e-02
    outer loop
      vertex  5.000000e+01 -3.996085e+01  1.769334e+00
      vertex  5.000000e+01 -3.984347e+01  3.535204e+00
      vertex  1.500000e+01 -3.984779e+01  3.486230e+00
    endloop
  endfacet
  facet normal -2.969051e-05 -9.940563e-01  1.088676e-01
    outer loop
      vertex  1.500000e+01 -3.965779e+01  5.221048e+00
      vertex  1.500000e+01 -3.984779e+01  3.486230e+00
      vertex  5.000000e+01 -3.984347e+01  3.535204e+00
    endloop
  endfacet
  facet normal  4.467097e-05 -9.938880e-01  1.103929e-01
    outer loop
      vertex  5.000000e+01 -3.984347e+01  3.535204e+00
      vertex  5.000000e+01 -3.964810e+01  5.294154e+00
      vertex  1.500000e+01 -3.965779e+01  5.221048e+00
    endloop
  endfacet
  facet normal -4.402358e-05 -9.883615e-01  1.521231e-01
    outer loop
      vertex  1.500000e+01 -3.939231e+01  6.945927e+00
      vertex  1.500000e+01 -3.965779e+01  5.221048e+00
      vertex  5.000000e+01 -3.964810e+01  5.294154e+00
    endloop
  endfacet
  facet normal  5.867810e-05 -9.880321e-01  1.542483e-01
    outer loop
      vertex  5.000000e+01 -3.964810e+01  5.294154e+00
      vertex  5.000000e+01 -3.937512e+01  7.042741e+00
      vertex  1.500000e+01 -3.939231e+01  6.945927e+00
    endloop
  endfacet
  facet normal -5.785442e-05 -9.807853e-01  1.950901e-01
    outer loop
      vertex  1.500000e+01 -3.905184e+01  8.657584e+00
      vertex  1.500000e+01 -3.939231e+01  6.945927e+00
      vertex  5.000000e+01 -3.937512e+01  7.042741e+00
    endloop
  endfacet
  facet normal  7.228606e-05 -9.802420e-01  1.978020e-01
    outer loop
      vertex  5.000000e+01 -3.937512e+01  7.042741e+00
      vertex  5.000000e+01 -3.902505e+01  8.777540e+00
      vertex  1.500000e+01 -3.905184e+01  8.657584e+00
    endloop
  endfacet
  facet normal -7.122550e-05 -9.713417e-01  2.376874e-01
    outer loop
      vertex  1.500000e+01 -3.863703e+01  1.035276e+01
      vertex  1.500000e+01 -3.905184e+01  8.657584e+00
      vertex  5.000000e+01 -3.902505e+01  8.777540e+00
    endloop
  endfacet
  facet normal  8.536493e-05 -9.705332e-01  2.409675e-01
    outer loop
      vertex  5.000000e+01 -3.902505e+01  8.777540e+00
      vertex  5.000000e+01 -3.859860e+01  1.049516e+01
      vertex  1.500000e+01 -3.863703e+01  1.035276e+01
    endloop
  endfacet
  facet normal -8.425066e-05 -9.600500e-01  2.798285e-01
    outer loop
      vertex  1.500000e+01 -3.814868e+01  1.202823e+01
      vertex  1.500000e+01 -3.863703e+01  1.035276e+01
      vertex  5.000000e+01 -3.859860e+01  1.049516e+01
    endloop
  endfacet
  facet normal  9.819252e-05 -9.589239e-01  2.836632e-01
    outer loop
      vertex  5.000000e+01 -3.859860e+01  1.049516e+01
      vertex  5.000000e+01 -3.809658e+01  1.219223e+01
      vertex  1.500000e+01 -3.814868e+01  1.202823e+01
    endloop
  endfacet
  facet normal -9.667052e-05 -9.469300e-01  3.214398e-01
    outer loop
      vertex  1.500000e+01 -3.758770e+01  1.368081e+01
      vertex  1.500000e+01 -3.814868e+01  1.202823e+01
      vertex  5.000000e+01 -3.809658e+01  1.219223e+01
    endloop
  endfacet
  facet normal  1.104951e-04 -9.454384e-01  3.258009e-01
    outer loop
      vertex  5.000000e+01 -3.809658e+01  1.219223e+01
      vertex  5.000000e+01 -3.751999e+01  1.386544e+01
      vertex  1.500000e+01 -3.758770e+01  1.368081e+01
    endloop
  endfacet
  facet normal -1.087530e-04 -9.320081e-01  3.624376e-01
    outer loop
      vertex  1.500000e+01 -3.695518e+01  1.530734e+01
      vertex  1.500000e+01 -3.758770e+01  1.368081e+01
      vertex  5.000000e+01 -3.751999e+01  1.386544e+01
    endloop
  endfacet
  facet normal  1.223353e-04 -9.301024e-01  3.673004e-01
    outer loop
      vertex  5.000000e+01 -3.751999e+01  1.386544e+01
      vertex  5.000000e+01 -3.686995e+01  1.551150e+01
      vertex  1.500000e+01 -3.695518e+01  1.530734e+01
    endloop
  endfacet
  facet normal -1.204481e-04 -9.153115e-01  4.027467e-01
    outer loop
      vertex  1.500000e+01 -3.625231e+01  1.690473e+01
      vertex  1.500000e+01 -3.695518e+01  1.530734e+01
      vertex  5.000000e+01 -3.686995e+01  1.551150e+01
    endloop
  endfacet
  facet normal  1.337855e-04 -9.129443e-01  4.080841e-01
    outer loop
      vertex  5.000000e+01 -3.686995e+01  1.551150e+01
      vertex  5.000000e+01 -3.614774e+01  1.712720e+01
      vertex  1.500000e+01 -3.625231e+01  1.690473e+01
    endloop
  endfacet
  facet normal -1.316433e-04 -8.968730e-01  4.422883e-01
    outer loop
      vertex  1.500000e+01 -3.548043e+01  1.846994e+01
      vertex  1.500000e+01 -3.625231e+01  1.690473e+01
      vertex  5.000000e+01 -3.614774e+01  1.712720e+01
    endloop
  endfacet
  facet normal  1.447852e-04 -8.940004e-01  4.480661e-01
    outer loop
      vertex  5.000000e+01 -3.614774e+01  1.712720e+01
      vertex  5.000000e+01 -3.535477e+01  1.870937e+01
      vertex  1.500000e+01 -3.548043e+01  1.846994e+01
    endloop
  endfacet
  facet normal  2.535930e-04 -4.677332e-01  8.838696e-01
    outer loop
      vertex  5.000000e+01 -1.948691e+01  3.493222e+01
      vertex  5.000000e+01 -1.792267e+01  3.576000e+01
      vertex  1.500000e+01 -1.846994e+01  3.548043e+01
    endloop
  endfacet
  facet normal -2.481390e-04 -4.422882e-01  8.968729e-01
    outer loop
      vertex  1.500000e+01 -1.690473e+01  3.625231e+01
      vertex  1.500000e+01 -1.846994e+01  3.548043e+01
      vertex  5.000000e+01 -1.792267e+01  3.576000e+01
    endloop
  endfacet
  facet normal  2.580742e-04 -4.281814e-01  9.036927e-01
    outer loop
      vertex  5.000000e+01 -1.792267e+01  3.576000e+01
      vertex  5.000000e+01 -1.632335e+01  3.651778e+01
      vertex  1.500000e+01 -1.690473e+01  3.625231e+01
    endloop
  endfacet
  facet normal -2.525479e-04 -4.027467e-01  9.153114e-01
    outer loop
      vertex  1.500000e+01 -1.530734e+01  3.695518e+01
      vertex  1.500000e+01 -1.690473e+01  3.625231e+01
      vertex  5.000000e+01 -1.632335e+01  3.651778e+01
    endloop
  endfacet
  facet normal  2.621960e-04 -3.877861e-01  9.217494e-01
    outer loop
      vertex  5.000000e+01 -1.632335e+01  3.651778e+01
      vertex  5.000000e+01 -1.469206e+01  3.720407e+01
      vertex  1.500000e+01 -1.530734e+01  3.695518e+01
    endloop
  endfacet
  facet normal -2.563642e-04 -3.624375e-01  9.320080e-01
    outer loop
      vertex  1.500000e+01 -1.368081e+01  3.758770e+01
      vertex  1.500000e+01 -1.530734e+01  3.695518e+01
      vertex  5.000000e+01 -1.469206e+01  3.720407e+01
    endloop
  endfacet
  facet normal  2.658803e-04 -3.466356e-01  9.379998e-01
    outer loop
      vertex  5.000000e+01 -1.469206e+01  3.720407e+01
      vertex  5.000000e+01 -1.303202e+01  3.781754e+01
      vertex  1.500000e+01 -1.368081e+01  3.758770e+01
    endloop
  endfacet
  facet normal -2.598072e-04 -3.214398e-01  9.469300e-01
    outer loop
      vertex  1.500000e+01 -1.202823e+01  3.814868e+01
      vertex  1.500000e+01 -1.368081e+01  3.758770e+01
      vertex  5.000000e+01 -1.303202e+01  3.781754e+01
    endloop
  endfacet
  facet normal  2.691232e-04 -3.048064e-01  9.524143e-01
    outer loop
      vertex  5.000000e+01 -1.303202e+01  3.781754e+01
      vertex  5.000000e+01 -1.134647e+01  3.835698e+01
      vertex  1.500000e+01 -1.202823e+01  3.814868e+01
    endloop
  endfacet
  facet normal -2.628618e-04 -2.798285e-01  9.600500e-01
    outer loop
      vertex  1.500000e+01 -1.035276e+01  3.863703e+01
      vertex  1.500000e+01 -1.202823e+01  3.814868e+01
      vertex  5.000000e+01 -1.134647e+01  3.835698e+01
    endloop
  endfacet
  facet normal  2.718512e-04 -2.623801e-01  9.649646e-01
    outer loop
      vertex  5.000000e+01 -1.134647e+01  3.835698e+01
      vertex  5.000000e+01 -9.638708e+00  3.882133e+01
      vertex  1.500000e+01 -1.035276e+01  3.863703e+01
    endloop
  endfacet
  facet normal -2.654971e-04 -2.376874e-01  9.713417e-01
    outer loop
      vertex  1.500000e+01 -8.657584e+00  3.905184e+01
      vertex  1.500000e+01 -1.035276e+01  3.863703e+01
      vertex  5.000000e+01 -9.638708e+00  3.882133e+01
    endloop
  endfacet
  facet normal  2.743326e-04 -2.194366e-01  9.756267e-01
    outer loop
      vertex  5.000000e+01 -9.638708e+00  3.882133e+01
      vertex  5.000000e+01 -7.912077e+00  3.920968e+01
      vertex  1.500000e+01 -8.657584e+00  3.905184e+01
    endloop
  endfacet
  facet normal -2.675154e-04 -1.950901e-01  9.807853e-01
    outer loop
      vertex  1.500000e+01 -6.945927e+00  3.939231e+01
      vertex  1.500000e+01 -8.657584e+00  3.905184e+01
      vertex  5.000000e+01 -7.912077e+00  3.920968e+01
    endloop
  endfacet
  facet normal  2.762573e-04 -1.760703e-01  9.843776e-01
    outer loop
      vertex  5.000000e+01 -7.912077e+00  3.920968e+01
      vertex  5.000000e+01 -6.169957e+00  3.952128e+01
      vertex  1.500000e+01 -6.945927e+00  3.939231e+01
    endloop
  endfacet
  facet normal -2.693452e-04 -1.521231e-01  9.883615e-01
    outer loop
      vertex  1.500000e+01 -5.221048e+00  3.965779e+01
      vertex  1.500000e+01 -6.945927e+00  3.939231e+01
      vertex  5.000000e+01 -6.169957e+00  3.952128e+01
    endloop
  endfacet
  facet normal  2.777380e-04 -1.323530e-01  9.912027e-01
    outer loop
      vertex  5.000000e+01 -6.169957e+00  3.952128e+01
      vertex  5.000000e+01 -4.415760e+00  3.975552e+01
      vertex  1.500000e+01 -5.221048e+00  3.965779e+01
    endloop
  endfacet
  facet normal -2.705857e-04 -1.088676e-01  9.940562e-01
    outer loop
      vertex  1.500000e+01 -3.486230e+00  3.984779e+01
      vertex  1.500000e+01 -5.221048e+00  3.965779e+01
      vertex  5.000000e+01 -4.415760e+00  3.975552e+01
    endloop
  endfacet
  facet normal  2.788480e-04 -8.838112e-02  9.960867e-01
    outer loop
      vertex  5.000000e+01 -4.415760e+00  3.975552e+01
      vertex  5.000000e+01 -2.652918e+00  3.991193e+01
      vertex  1.500000e+01 -3.486230e+00  3.984779e+01
    endloop
  endfacet
  facet normal -2.714995e-04 -6.540234e-02  9.978589e-01
    outer loop
      vertex  1.500000e+01 -1.744776e+00  3.996193e+01
      vertex  1.500000e+01 -3.486230e+00  3.984779e+01
      vertex  5.000000e+01 -2.652918e+00  3.991193e+01
    endloop
  endfacet
  facet normal  2.794509e-04 -4.423260e-02  9.990213e-01
    outer loop
      vertex  5.000000e+01 -2.652918e+00  3.991193e+01
      vertex  5.000000e+01 -8.848835e-01  3.999021e+01
      vertex  1.500000e+01 -1.744776e+00  3.996193e+01
    endloop
  endfacet
  facet normal -2.719204e-04 -2.181462e-02  9.997619e-01
    outer loop
      vertex  1.500000e+01  2.449294e-15  4.000000e+01
      vertex  1.500000e+01 -1.744776e+00  3.996193e+01
      vertex  5.000000e+01 -8.848835e-01  3.999021e+01
    endloop
  endfacet
  facet normal  2.796718e-04  0.000000e+00  9.999999e-01
    outer loop
      vertex  5.000000e+01 -8.848835e-01  3.999021e+01
      vertex  5.000000e+01  8.848835e-01  3.999021e+01
      vertex  1.500000e+01  2.449294e-15  4.000000e+01
    endloop
  endfacet
  facet normal -2.719204e-04  2.181462e-02  9.997619e-01
    outer loop
      vertex  1.500000e+01  2.449294e-15  4.000000e+01
      vertex  5.000000e+01  8.848835e-01  3.999021e+01
      vertex  1.500000e+01  1.744776e+00  3.996193e+01
    endloop
  endfacet
  facet normal  2.794509e-04  4.423260e-02  9.990213e-01
    outer loop
      vertex  1.500000e+01  1.744776e+00  3.996193e+01
      vertex  5.000000e+01  8.848835e-01  3.999021e+01
      vertex  5.000000e+01  2.652918e+00  3.991193e+01
    endloop
  endfacet
  facet normal -2.714994e-04  6.540234e-02  9.978589e-01
    outer loop
      vertex  1.500000e+01  1.744776e+00  3.996193e+01
      vertex  5.000000e+01  2.652918e+00  3.991193e+01
      vertex  1.500000e+01  3.486230e+00  3.984779e+01
    endloop
  endfacet
  facet normal  2.788480e-04  8.838112e-02  9.960867e-01
    outer loop
      vertex  1.500000e+01  3.486230e+00  3.984779e+01
      vertex  5.000000e+01  2.652918e+00  3.991193e+01
      vertex  5.000000e+01  4.415760e+00  3.975552e+01
    endloop
  endfacet
  facet normal -2.705857e-04  1.088676e-01  9.940563e-01
    outer loop
      vertex  1.500000e+01  3.486230e+00  3.984779e+01
      vertex  5.000000e+01  4.415760e+00  3.975552e+01
      vertex  1.500000e+01  5.221048e+00  3.965779e+01
    endloop
  endfacet
  facet normal  2.777380e-04  1.323530e-01  9.912027e-01
    outer loop
      vertex  1.500000e+01  5.221048e+00  3.965779e+01
      vertex  5.000000e+01  4.415760e+00  3.975552e+01
      vertex  5.000000e+01  6.169957e+00  3.952128e+01
    endloop
  endfacet
  facet normal -2.693455e-04  1.521231e-01  9.883615e-01
    outer loop
      vertex  1.500000e+01  5.221048e+00  3.965779e+01
      vertex  5.000000e+01  6.169957e+00  3.952128e+01
      vertex  1.500000e+01  6.945927e+00  3.939231e+01
    endloop
  endfacet
  facet normal  2.762573e-04  1.760703e-01  9.843776e-01
    outer loop
      vertex  1.500000e+01  6.945927e+00  3.939231e+01
      vertex  5.000000e+01  6.169957e+00  3.952128e+01
      vertex  5.000000e+01  7.912077e+00  3.920968e+01
    endloop
  endfacet
  facet normal -2.675154e-04  1.950901e-01  9.807853e-01
    outer loop
      vertex  1.500000e+01  6.945927e+00  3.939231e+01
      vertex  5.000000e+01  7.912077e+00  3.920968e+01
      vertex  1.500000e+01  8.657584e+00  3.905184e+01
    endloop
  endfacet
  facet normal  2.743326e-04  2.194366e-01  9.756267e-01
    outer loop
      vertex  1.500000e+01  8.657584e+00  3.905184e+01
      vertex  5.000000e+01  7.912077e+00  3.920968e+01
      vertex  5.000000e+01  9.638708e+00  3.882133e+01
    endloop
  endfacet
  facet normal -2.654971e-04  2.376874e-01  9.713417e-01
    outer loop
      vertex  1.500000e+01  8.657584e+00  3.905184e+01
      vertex  5.000000e+01  9.638708e+00  3.882133e+01
      vertex  1.500000e+01  1.035276e+01  3.863703e+01
    endloop
  endfacet
  facet normal  2.718512e-04  2.623801e-01  9.649646e-01
    outer loop
      vertex  1.500000e+01  1.035276e+01  3.863703e+01
      vertex  5.000000e+01  9.638708e+00  3.882133e+01
      vertex  5.000000e+01  1.134647e+01  3.835698e+01
    endloop
  endfacet
  facet normal -2.628621e-04  2.798285e-01  9.600499e-01
    outer loop
      vertex  1.500000e+01  1.035276e+01  3.863703e+01
      vertex  5.000000e+01  1.134647e+01  3.835698e+01
      vertex  1.500000e+01  1.202823e+01  3.814868e+01
    endloop
  endfacet
  facet normal  2.691232e-04  3.048064e-01  9.524143e-01
    outer loop
      vertex  1.500000e+01  1.202823e+01  3.814868e+01
      vertex  5.000000e+01  1.134647e+01  3.835698e+01
      vertex  5.000000e+01  1.303202e+01  3.781754e+01
    endloop
  endfacet
  facet normal -2.598069e-04  3.214398e-01  9.469299e-01
    outer loop
      vertex  1.500000e+01  1.202823e+01  3.814868e+01
      vertex  5.000000e+01  1.303202e+01  3.781754e+01
      vertex  1.500000e+01  1.368081e+01  3.758770e+01
    endloop
  endfacet
  facet normal  2.658803e-04  3.466356e-01  9.379998e-01
    outer loop
      vertex  1.500000e+01  1.368081e+01  3.758770e+01
      vertex  5.000000e+01  1.303202e+01  3.781754e+01
      vertex  5.000000e+01  1.469206e+01  3.720407e+01
    endloop
  endfacet
  facet normal -2.563642e-04  3.624375e-01  9.320080e-01
    outer loop
      vertex  1.500000e+01  1.368081e+01  3.758770e+01
      vertex  5.000000e+01  1.469206e+01  3.720407e+01
      vertex  1.500000e+01  1.530734e+01  3.695518e+01
    endloop
  endfacet
  facet normal  2.621960e-04  3.877861e-01  9.217494e-01
    outer loop
      vertex  1.500000e+01  1.530734e+01  3.695518e+01
      vertex  5.000000e+01  1.469206e+01  3.720407e+01
      vertex  5.000000e+01  1.632335e+01  3.651778e+01
    endloop
  endfacet
  facet normal -2.525479e-04  4.027467e-01  9.153114e-01
    outer loop
      vertex  1.500000e+01  1.530734e+01  3.695518e+01
      vertex  5.000000e+01  1.632335e+01  3.651778e+01
      vertex  1.500000e+01  1.690473e+01  3.625231e+01
    endloop
  endfacet
  facet normal  2.580742e-04  4.281814e-01  9.036927e-01
    outer loop
      vertex  1.500000e+01  1.690473e+01  3.625231e+01
      vertex  5.000000e+01  1.632335e+01  3.651778e+01
      vertex  5.000000e+01  1.792267e+01  3.576000e+01
    endloop
  endfacet
  facet normal -2.481385e-04  4.422882e-01  8.968729e-01
    outer loop
      vertex  1.500000e+01  1.690473e+01  3.625231e+01
      vertex  5.000000e+01  1.792267e+01  3.576000e+01
      vertex  1.500000e+01  1.846994e+01  3.548043e+01
    endloop
  endfacet
  facet normal  2.535930e-04  4.677332e-01  8.838696e-01
    outer loop
      vertex  1.500000e+01  1.846994e+01  3.548043e+01
      vertex  5.000000e+01  1.792267e+01  3.576000e+01
      vertex  5.000000e+01  1.948691e+01  3.493222e+01
    endloop
  endfacet
  facet normal  1.447852e-04  8.940004e-01  4.480661e-01
    outer loop
      vertex  1.500000e+01  3.548043e+01  1.846994e+01
      vertex  5.000000e+01  3.535477e+01  1.870937e+01
      vertex  5.000000e+01  3.614774e+01  1.712720e+01
    endloop
  endfacet
  facet normal -1.316431e-04  8.968730e-01  4.422882e-01
    outer loop
      vertex  1.500000e+01  3.548043e+01  1.846994e+01
      vertex  5.000000e+01  3.614774e+01  1.712720e+01
      vertex  1.500000e+01  3.625231e+01  1.690473e+01
    endloop
  endfacet
  facet normal  1.337855e-04  9.129443e-01  4.080841e-01
    outer loop
      vertex  1.500000e+01  3.625231e+01  1.690473e+01
      vertex  5.000000e+01  3.614774e+01  1.712720e+01
      vertex  5.000000e+01  3.686995e+01  1.551150e+01
    endloop
  endfacet
  facet normal -1.204482e-04  9.153115e-01  4.027467e-01
    outer loop
      vertex  1.500000e+01  3.625231e+01  1.690473e+01
      vertex  5.000000e+01  3.686995e+01  1.551150e+01
      vertex  1.500000e+01  3.695518e+01  1.530734e+01
    endloop
  endfacet
  facet normal  1.223353e-04  9.301024e-01  3.673004e-01
    outer loop
      vertex  1.500000e+01  3.695518e+01  1.530734e+01
      vertex  5.000000e+01  3.686995e+01  1.551150e+01
      vertex  5.000000e+01  3.751999e+01  1.386544e+01
    endloop
  endfacet
  facet normal -1.087530e-04  9.320081e-01  3.624376e-01
    outer loop
      vertex  1.500000e+01  3.695518e+01  1.530734e+01
      vertex  5.000000e+01  3.751999e+01  1.386544e+01
      vertex  1.500000e+01  3.758770e+01  1.368081e+01
    endloop
  endfacet
  facet normal  1.104951e-04  9.454384e-01  3.258009e-01
    outer loop
      vertex  1.500000e+01  3.758770e+01  1.368081e+01
      vertex  5.000000e+01  3.751999e+01  1.386544e+01
      vertex  5.000000e+01  3.809658e+01  1.219223e+01
    endloop
  endfacet
  facet normal -9.667052e-05  9.469300e-01  3.214398e-01
    outer loop
      vertex  1.500000e+01  3.758770e+01  1.368081e+01
      vertex  5.000000e+01  3.809658e+01  1.219223e+01
      vertex  1.500000e+01  3.814868e+01  1.202823e+01
    endloop
  endfacet
  facet normal  9.819252e-05  9.589239e-01  2.836632e-01
    outer loop
      vertex  1.500000e+01  3.814868e+01  1.202823e+01
      vertex  5.000000e+01  3.809658e+01  1.219223e+01
      vertex  5.000000e+01  3.859860e+01  1.049516e+01
    endloop
  endfacet
  facet normal -8.425053e-05  9.600500e-01  2.798285e-01
    outer loop
      vertex  1.500000e+01  3.814868e+01  1.202823e+01
      vertex  5.000000e+01  3.859860e+01  1.049516e+01
      vertex  1.500000e+01  3.863703e+01  1.035276e+01
    endloop
  endfacet
  facet normal  8.536493e-05  9.705332e-01  2.409675e-01
    outer loop
      vertex  1.500000e+01  3.863703e+01  1.035276e+01
      vertex  5.000000e+01  3.859860e+01  1.049516e+01
      vertex  5.000000e+01  3.902505e+01  8.777540e+00
    endloop
  endfacet
  facet normal -7.122550e-05  9.713417e-01  2.376874e-01
    outer loop
      vertex  1.500000e+01  3.863703e+01  1.035276e+01
      vertex  5.000000e+01  3.902505e+01  8.777540e+00
      vertex  1.500000e+01  3.905184e+01  8.657584e+00
    endloop
  endfacet
  facet normal  7.228606e-05  9.802420e-01  1.978020e-01
    outer loop
      vertex  1.500000e+01  3.905184e+01  8.657584e+00
      vertex  5.000000e+01  3.902505e+01  8.777540e+00
      vertex  5.000000e+01  3.937512e+01  7.042741e+00
    endloop
  endfacet
  facet normal -5.785445e-05  9.807854e-01  1.950901e-01
    outer loop
      vertex  1.500000e+01  3.905184e+01  8.657584e+00
      vertex  5.000000e+01  3.937512e+01  7.042741e+00
      vertex  1.500000e+01  3.939231e+01  6.945927e+00
    endloop
  endfacet
  facet normal  5.867810e-05  9.880321e-01  1.542483e-01
    outer loop
      vertex  1.500000e+01  3.939231e+01  6.945927e+00
      vertex  5.000000e+01  3.937512e+01  7.042741e+00
      vertex  5.000000e+01  3.964810e+01  5.294154e+00
    endloop
  endfacet
  facet normal -4.402358e-05  9.883615e-01  1.521231e-01
    outer loop
      vertex  1.500000e+01  3.939231e+01  6.945927e+00
      vertex  5.000000e+01  3.964810e+01  5.294154e+00
      vertex  1.500000e+01  3.965779e+01  5.221048e+00
    endloop
  endfacet
  facet normal  4.467097e-05  9.938880e-01  1.103929e-01
    outer loop
      vertex  1.500000e+01  3.965779e+01  5.221048e+00
      vertex  5.000000e+01  3.964810e+01  5.294154e+00
      vertex  5.000000e+01  3.984347e+01  3.535204e+00
    endloop
  endfacet
  facet normal -2.969051e-05  9.940563e-01  1.088676e-01
    outer loop
      vertex  1.500000e+01  3.965779e+01  5.221048e+00
      vertex  5.000000e+01  3.984347e+01  3.535204e+00
      vertex  1.500000e+01  3.984779e+01  3.486230e+00
    endloop
  endfacet
  facet normal  3.030108e-05  9.977982e-01  6.632411e-02
    outer loop
      vertex  1.500000e+01  3.984779e+01  3.486230e+00
      vertex  5.000000e+01  3.984347e+01  3.535204e+00
      vertex  5.000000e+01  3.996085e+01  1.769334e+00
    endloop
  endfacet
  facet normal  2.434267e-04 -4.809883e-01  8.767269e-01
    outer loop
      vertex -1.500000e+01 -2.000000e+01  3.464102e+01
      vertex -1.500000e+01 -1.846994e+01  3.548043e+01
      vertex -5.000000e+01 -1.948691e+01  3.493222e+01
    endloop
  endfacet
  facet normal -2.486281e-04 -5.063736e-01  8.623141e-01
    outer loop
      vertex -1.500000e+01 -2.000000e+01  3.464102e+01
      vertex -5.000000e+01 -1.948691e+01  3.493222e+01
      vertex -5.000000e+01 -2.101301e+01  3.403606e+01
    endloop
  endfacet
  facet normal  0.000000e+00 -5.127195e-01  8.585561e-01
    outer loop
      vertex -1.500000e+01 -2.000000e+01  3.464102e+01
      vertex -5.000000e+01 -2.101301e+01  3.403606e+01
      vertex  0.000000e+00 -2.101301e+01  3.403606e+01
    endloop
  endfacet
  facet normal  0.000000e+00 -5.127196e-01  8.585562e-01
    outer loop
      vertex -1.500000e+01 -2.000000e+01  3.464102e+01
      vertex  0.000000e+00 -2.101301e+01  3.403606e+01
      vertex  1.500000e+01 -2.000000e+01  3.464102e+01
    endloop
  endfacet
  facet normal -2.434267e-04  4.809883e-01  8.767269e-01
    outer loop
      vertex  1.500000e+01  2.000000e+01  3.464102e+01
      vertex  1.500000e+01  1.846994e+01  3.548043e+01
      vertex  5.000000e+01  1.948691e+01  3.493222e+01
    endloop
  endfacet
  facet normal  2.486281e-04  5.063736e-01  8.623141e-01
    outer loop
      vertex  1.500000e+01  2.000000e+01  3.464102e+01
      vertex  5.000000e+01  1.948691e+01  3.493222e+01
      vertex  5.000000e+01  2.101301e+01  3.403606e+01
    endloop
  endfacet
  facet normal  0.000000e+00  5.127195e-01  8.585561e-01
    outer loop
      vertex  1.500000e+01  2.000000e+01  3.464102e+01
      vertex  5.000000e+01  2.101301e+01  3.403606e+01
      vertex  0.000000e+00  2.101301e+01  3.403606e+01
    endloop
  endfacet
  facet normal  0.000000e+00  5.127196e-01  8.585562e-01
    outer loop
      vertex  1.500000e+01  2.000000e+01  3.464102e+01
      vertex  0.000000e+00  2.101301e+01  3.403606e+01
      vertex -1.500000e+01  2.000000e+01  3.464102e+01
    endloop
  endfacet
  facet normal  0.000000e+00  5.127195e-01  8.585561e-01
    outer loop
      vertex -1.500000e+01  2.000000e+01  3.464102e+01
      vertex  0.000000e+00  2.101301e+01  3.403606e+01
      vertex -5.000000e+01  2.101301e+01  3.403606e+01
    endloop
  endfacet
  facet normal -2.486286e-04  5.063736e-01  8.623141e-01
    outer loop
      vertex -1.500000e+01  2.000000e+01  3.464102e+01
      vertex -5.000000e+01  2.101301e+01  3.403606e+01
      vertex -5.000000e+01  1.948691e+01  3.493222e+01
    endloop
  endfacet
  facet normal  2.434267e-04  4.809883e-01  8.767270e-01
    outer loop
      vertex -1.500000e+01  2.000000e+01  3.464102e+01
      vertex -5.000000e+01  1.948691e+01  3.493222e+01
      vertex -1.500000e+01  1.846994e+01  3.548043e+01
    endloop
  endfacet
  facet normal  1.424490e-04  8.767270e-01  4.809884e-01
    outer loop
      vertex -1.500000e+01  3.464102e+01  2.000000e+01
      vertex -1.500000e+01  3.548043e+01  1.846994e+01
      vertex -5.000000e+01  3.535477e+01  1.870937e+01
    endloop
  endfacet
  facet normal -1.553812e-04  8.733055e-01  4.871729e-01
    outer loop
      vertex -1.500000e+01  3.464102e+01  2.000000e+01
      vertex -5.000000e+01  3.535477e+01  1.870937e+01
      vertex -5.000000e+01  3.449258e+01  2.025492e+01
    endloop
  endfacet
  facet normal  -0.000000e+00  8.641757e-01  5.031903e-01
    outer loop
      vertex -1.500000e+01  3.464102e+01  2.000000e+01
      vertex -5.000000e+01  3.449258e+01  2.025492e+01
      vertex  0.000000e+00  3.449258e+01  2.025492e+01
    endloop
  endfacet
  facet normal  -0.000000e+00  8.641756e-01  5.031902e-01
    outer loop
      vertex  1.500000e+01  3.464102e+01  2.000000e+01
      vertex -1.500000e+01  3.464102e+01  2.000000e+01
      vertex  0.000000e+00  3.449258e+01  2.025492e+01
    endloop
  endfacet
  facet normal  -0.000000e+00  8.641757e-01  5.031903e-01
    outer loop
      vertex  1.500000e+01  3.464102e+01  2.000000e+01
      vertex  0.000000e+00  3.449258e+01  2.025492e+01
      vertex  5.000000e+01  3.449258e+01  2.025492e+01
    endloop
  endfacet
  facet normal  1.553800e-04  8.733055e-01  4.871729e-01
    outer loop
      vertex  1.500000e+01  3.464102e+01  2.000000e+01
      vertex  5.000000e+01  3.449258e+01  2.025492e+01
      vertex  5.000000e+01  3.535477e+01  1.870937e+01
    endloop
  endfacet
  facet normal -1.424490e-04  8.767270e-01  4.809883e-01
    outer loop
      vertex  1.500000e+01  3.464102e+01  2.000000e+01
      vertex  5.000000e+01  3.535477e+01  1.870937e+01
      vertex  1.500000e+01  3.548043e+01  1.846994e+01
    endloop
  endfacet
  facet normal -1.424490e-04 -8.767270e-01  4.809884e-01
    outer loop
      vertex  1.500000e+01 -3.464102e+01  2.000000e+01
      vertex  1.500000e+01 -3.548043e+01  1.846994e+01
      vertex  5.000000e+01 -3.535477e+01  1.870937e+01
    endloop
  endfacet
  facet normal  1.553812e-04 -8.733055e-01  4.871729e-01
    outer loop
      vertex  1.500000e+01 -3.464102e+01  2.000000e+01
      vertex  5.000000e+01 -3.535477e+01  1.870937e+01
      vertex  5.000000e+01 -3.449258e+01  2.025492e+01
    endloop
  endfacet
  facet normal  0.000000e+00 -8.641757e-01  5.031903e-01
    outer loop
      vertex  1.500000e+01 -3.464102e+01  2.000000e+01
      vertex  5.000000e+01 -3.449258e+01  2.025492e+01
      vertex  0.000000e+00 -3.449258e+01  2.025492e+01
    endloop
  endfacet
  facet normal  0.000000e+00 -8.641756e-01  5.031902e-01
    outer loop
      vertex -1.500000e+01 -3.464102e+01  2.000000e+01
      vertex  1.500000e+01 -3.464102e+01  2.000000e+01
      vertex  0.000000e+00 -3.449258e+01  2.025492e+01
    endloop
  endfacet
  facet normal  0.000000e+00 -8.641757e-01  5.031903e-01
    outer loop
      vertex -1.500000e+01 -3.464102e+01  2.000000e+01
      vertex  0.000000e+00 -3.449258e+01  2.025492e+01
      vertex -5.000000e+01 -3.449258e+01  2.025492e+01
    endloop
  endfacet
  facet normal -1.553800e-04 -8.733055e-01  4.871729e-01
    outer loop
      vertex -1.500000e+01 -3.464102e+01  2.000000e+01
      vertex -5.000000e+01 -3.449258e+01  2.025492e+01
      vertex -5.000000e+01 -3.535477e+01  1.870937e+01
    endloop
  endfacet
  facet normal  1.424490e-04 -8.767270e-01  4.809883e-01
    outer loop
      vertex -1.500000e+01 -3.464102e+01  2.000000e+01
      vertex -5.000000e+01 -3.535477e+01  1.870937e+01
      vertex -1.500000e+01 -3.548043e+01  1.846994e+01
    endloop
  endfacet
  facet normal  3.096144e-18 -9.997553e-01  2.212169e-02
    outer loop
      vertex -5.000000e+01 -4.000000e+01  4.898587e-15
      vertex -1.500000e+01 -4.000000e+01  0.000000e+00
      vertex -5.000000e+01 -3.996085e+01  1.769334e+00
    endloop
  endfacet
  facet normal -1.553064e-05 -9.997620e-01  2.181462e-02
    outer loop
      vertex -5.000000e+01 -3.996085e+01  1.769334e+00
      vertex -1.500000e+01 -4.000000e+01  0.000000e+00
      vertex -1.500000e+01 -3.996193e+01  1.744776e+00
    endloop
  endfacet
  facet normal  1.511208e-05 -9.978590e-01  6.540234e-02
    outer loop
      vertex -5.000000e+01 -3.996085e+01  1.769334e+00
      vertex -1.500000e+01 -3.996193e+01  1.744776e+00
      vertex -1.500000e+01 -3.984779e+01  3.486230e+00
    endloop
  endfacet
  facet normal  0.000000e+00 -8.509016e-01  5.253250e-01
    outer loop
      vertex -5.000000e+01 -3.449258e+01  2.025492e+01
      vertex  0.000000e+00 -3.449258e+01  2.025492e+01
      vertex -5.000000e+01 -3.356288e+01  2.176082e+01
    endloop
  endfacet
  facet normal  0.000000e+00 -8.509016e-01  5.253250e-01
    outer loop
      vertex -5.000000e+01 -3.356288e+01  2.176082e+01
      vertex  0.000000e+00 -3.449258e+01  2.025492e+01
      vertex  0.000000e+00 -3.356288e+01  2.176082e+01
    endloop
  endfacet
  facet normal  0.000000e+00 -8.268309e-01  5.624506e-01
    outer loop
      vertex -5.000000e+01 -3.356288e+01  2.176082e+01
      vertex  0.000000e+00 -3.356288e+01  2.176082e+01
      vertex -5.000000e+01 -3.256747e+01  2.322412e+01
    endloop
  endfacet
  facet normal  0.000000e+00 -8.268309e-01  5.624506e-01
    outer loop
      vertex -5.000000e+01 -3.256747e+01  2.322412e+01
      vertex  0.000000e+00 -3.356288e+01  2.176082e+01
      vertex  0.000000e+00 -3.256747e+01  2.322412e+01
    endloop
  endfacet
  facet normal  0.000000e+00 -8.011440e-01  5.984716e-01
    outer loop
      vertex -5.000000e+01 -3.256747e+01  2.322412e+01
      vertex  0.000000e+00 -3.256747e+01  2.322412e+01
      vertex -5.000000e+01 -3.150832e+01  2.464195e+01
    endloop
  endfacet
  facet normal  0.000000e+00 -8.011440e-01  5.984716e-01
    outer loop
      vertex -5.000000e+01 -3.150832e+01  2.464195e+01
      vertex  0.000000e+00 -3.256747e+01  2.322412e+01
      vertex  0.000000e+00 -3.150832e+01  2.464195e+01
    endloop
  endfacet
  facet normal  0.000000e+00 -7.738869e-01  6.333238e-01
    outer loop
      vertex -5.000000e+01 -3.150832e+01  2.464195e+01
      vertex  0.000000e+00 -3.150832e+01  2.464195e+01
      vertex -5.000000e+01 -3.038748e+01  2.601155e+01
    endloop
  endfacet
  facet normal  0.000000e+00 -7.738869e-01  6.333238e-01
    outer loop
      vertex -5.000000e+01 -3.038748e+01  2.601155e+01
      vertex  0.000000e+00 -3.150832e+01  2.464195e+01
      vertex  0.000000e+00 -3.038748e+01  2.601155e+01
    endloop
  endfacet
  facet normal  0.000000e+00 -7.451151e-01  6.669358e-01
    outer loop
      vertex -5.000000e+01 -3.038748e+01  2.601155e+01
      vertex  0.000000e+00 -3.038748e+01  2.601155e+01
      vertex -5.000000e+01 -2.920716e+01  2.733023e+01
    endloop
  endfacet
  facet normal  0.000000e+00 -7.451151e-01  6.669358e-01
    outer loop
      vertex -5.000000e+01 -2.920716e+01  2.733023e+01
      vertex  0.000000e+00 -3.038748e+01  2.601155e+01
      vertex  0.000000e+00 -2.920716e+01  2.733023e+01
    endloop
  endfacet
  facet normal  0.000000e+00 -7.148852e-01  6.992418e-01
    outer loop
      vertex -5.000000e+01 -2.920716e+01  2.733023e+01
      vertex  0.000000e+00 -2.920716e+01  2.733023e+01
      vertex -5.000000e+01 -2.796967e+01  2.859541e+01
    endloop
  endfacet
  facet normal  0.000000e+00 -7.148852e-01  6.992418e-01
    outer loop
      vertex -5.000000e+01 -2.796967e+01  2.859541e+01
      vertex  0.000000e+00 -2.920716e+01  2.733023e+01
      vertex  0.000000e+00 -2.796967e+01  2.859541e+01
    endloop
  endfacet
  facet normal  0.000000e+00 -6.832561e-01  7.301788e-01
    outer loop
      vertex -5.000000e+01 -2.796967e+01  2.859541e+01
      vertex  0.000000e+00 -2.796967e+01  2.859541e+01
      vertex -5.000000e+01 -2.667742e+01  2.980462e+01
    endloop
  endfacet
  facet normal  0.000000e+00 -6.832561e-01  7.301788e-01
    outer loop
      vertex -5.000000e+01 -2.667742e+01  2.980462e+01
      vertex  0.000000e+00 -2.796967e+01  2.859541e+01
      vertex  0.000000e+00 -2.667742e+01  2.980462e+01
    endloop
  endfacet
  facet normal  0.000000e+00 -6.502889e-01  7.596870e-01
    outer loop
      vertex -5.000000e+01 -2.667742e+01  2.980462e+01
      vertex  0.000000e+00 -2.667742e+01  2.980462e+01
      vertex -5.000000e+01 -2.533295e+01  3.095548e+01
    endloop
  endfacet
  facet normal  0.000000e+00 -6.502889e-01  7.596870e-01
    outer loop
      vertex -5.000000e+01 -2.533295e+01  3.095548e+01
      vertex  0.000000e+00 -2.667742e+01  2.980462e+01
      vertex  0.000000e+00 -2.533295e+01  3.095548e+01
    endloop
  endfacet
  facet normal  0.000000e+00 -6.160482e-01  7.877084e-01
    outer loop
      vertex -5.000000e+01 -2.533295e+01  3.095548e+01
      vertex  0.000000e+00 -2.533295e+01  3.095548e+01
      vertex -5.000000e+01 -2.393889e+01  3.204574e+01
    endloop
  endfacet
  facet normal  0.000000e+00 -6.160482e-01  7.877084e-01
    outer loop
      vertex -5.000000e+01 -2.393889e+01  3.204574e+01
      vertex  0.000000e+00 -2.533295e+01  3.095548e+01
      vertex  0.000000e+00 -2.393889e+01  3.204574e+01
    endloop
  endfacet
  facet normal  0.000000e+00 -5.806037e-01  8.141863e-01
    outer loop
      vertex -5.000000e+01 -2.393889e+01  3.204574e+01
      vertex  0.000000e+00 -2.393889e+01  3.204574e+01
      vertex -5.000000e+01 -2.249797e+01  3.307327e+01
    endloop
  endfacet
  facet normal  0.000000e+00 -5.806037e-01  8.141863e-01
    outer loop
      vertex -5.000000e+01 -2.249797e+01  3.307327e+01
      vertex  0.000000e+00 -2.393889e+01  3.204574e+01
      vertex  0.000000e+00 -2.249797e+01  3.307327e+01
    endloop
  endfacet
  facet normal  0.000000e+00 -5.440201e-01  8.390722e-01
    outer loop
      vertex -5.000000e+01 -2.249797e+01  3.307327e+01
      vertex  0.000000e+00 -2.249797e+01  3.307327e+01
      vertex -5.000000e+01 -2.101301e+01  3.403606e+01
    endloop
  endfacet
  facet normal  0.000000e+00 -5.440201e-01  8.390722e-01
    outer loop
      vertex -5.000000e+01 -2.101301e+01  3.403606e+01
      vertex  0.000000e+00 -2.249797e+01  3.307327e+01
      vertex  0.000000e+00 -2.101301e+01  3.403606e+01
    endloop
  endfacet
  facet normal  0.000000e+00  5.440201e-01  8.390722e-01
    outer loop
      vertex -5.000000e+01  2.101301e+01  3.403606e+01
      vertex  0.000000e+00  2.101301e+01  3.403606e+01
      vertex -5.000000e+01  2.249797e+01  3.307327e+01
    endloop
  endfacet
  facet normal  -0.000000e+00  5.440201e-01  8.390722e-01
    outer loop
      vertex -5.000000e+01  2.249797e+01  3.307327e+01
      vertex  0.000000e+00  2.101301e+01  3.403606e+01
      vertex  0.000000e+00  2.249797e+01  3.307327e+01
    endloop
  endfacet
  facet normal  0.000000e+00  5.806037e-01  8.141863e-01
    outer loop
      vertex -5.000000e+01  2.249797e+01  3.307327e+01
      vertex  0.000000e+00  2.249797e+01  3.307327e+01
      vertex -5.000000e+01  2.393889e+01  3.204574e+01
    endloop
  endfacet
  facet normal  -0.000000e+00  5.806037e-01  8.141863e-01
    outer loop
      vertex -5.000000e+01  2.393889e+01  3.204574e+01
      vertex  0.000000e+00  2.249797e+01  3.307327e+01
      vertex  0.000000e+00  2.393889e+01  3.204574e+01
    endloop
  endfacet
  facet normal  0.000000e+00  6.160482e-01  7.877084e-01
    outer loop
      vertex -5.000000e+01  2.393889e+01  3.204574e+01
      vertex  0.000000e+00  2.393889e+01  3.204574e+01
      vertex -5.000000e+01  2.533295e+01  3.095548e+01
    endloop
  endfacet
  facet normal  -0.000000e+00  6.160482e-01  7.877084e-01
    outer loop
      vertex -5.000000e+01  2.533295e+01  3.095548e+01
      vertex  0.000000e+00  2.393889e+01  3.204574e+01
      vertex  0.000000e+00  2.533295e+01  3.095548e+01
    endloop
  endfacet
  facet normal  0.000000e+00  6.502889e-01  7.596870e-01
    outer loop
      vertex -5.000000e+01  2.533295e+01  3.095548e+01
      vertex  0.000000e+00  2.533295e+01  3.095548e+01
      vertex -5.000000e+01  2.667742e+01  2.980462e+01
    endloop
  endfacet
  facet normal  -0.000000e+00  6.502889e-01  7.596870e-01
    outer loop
      vertex -5.000000e+01  2.667742e+01  2.980462e+01
      vertex  0.000000e+00  2.533295e+01  3.095548e+01
      vertex  0.000000e+00  2.667742e+01  2.980462e+01
    endloop
  endfacet
  facet normal  0.000000e+00  6.832561e-01  7.301788e-01
    outer loop
      vertex -5.000000e+01  2.667742e+01  2.980462e+01
      vertex  0.000000e+00  2.667742e+01  2.980462e+01
      vertex -5.000000e+01  2.796967e+01  2.859541e+01
    endloop
  endfacet
  facet normal  -0.000000e+00  6.832561e-01  7.301788e-01
    outer loop
      vertex -5.000000e+01  2.796967e+01  2.859541e+01
      vertex  0.000000e+00  2.667742e+01  2.980462e+01
      vertex  0.000000e+00  2.796967e+01  2.859541e+01
    endloop
  endfacet
  facet normal  0.000000e+00  7.148852e-01  6.992418e-01
    outer loop
      vertex -5.000000e+01  2.796967e+01  2.859541e+01
      vertex  0.000000e+00  2.796967e+01  2.859541e+01
      vertex -5.000000e+01  2.920716e+01  2.733023e+01
    endloop
  endfacet
  facet normal  -0.000000e+00  7.148852e-01  6.992418e-01
    outer loop
      vertex -5.000000e+01  2.920716e+01  2.733023e+01
      vertex  0.000000e+00  2.796967e+01  2.859541e+01
      vertex  0.000000e+00  2.920716e+01  2.733023e+01
    endloop
  endfacet
  facet normal  0.000000e+00  7.451151e-01  6.669358e-01
    outer loop
      vertex -5.000000e+01  2.920716e+01  2.733023e+01
      vertex  0.000000e+00  2.920716e+01  2.733023e+01
      vertex -5.000000e+01  3.038748e+01  2.601155e+01
    endloop
  endfacet
  facet normal  -0.000000e+00  7.451151e-01  6.669358e-01
    outer loop
      vertex -5.000000e+01  3.038748e+01  2.601155e+01
      vertex  0.000000e+00  2.920716e+01  2.733023e+01
      vertex  0.000000e+00  3.038748e+01  2.601155e+01
    endloop
  endfacet
  facet normal  0.000000e+00  7.738869e-01  6.333238e-01
    outer loop
      vertex -5.000000e+01  3.038748e+01  2.601155e+01
      vertex  0.000000e+00  3.038748e+01  2.601155e+01
      vertex -5.000000e+01  3.150832e+01  2.464195e+01
    endloop
  endfacet
  facet normal  -0.000000e+00  7.738869e-01  6.333238e-01
    outer loop
      vertex -5.000000e+01  3.150832e+01  2.464195e+01
      vertex  0.000000e+00  3.038748e+01  2.601155e+01
      vertex  0.000000e+00  3.150832e+01  2.464195e+01
    endloop
  endfacet
  facet normal  0.000000e+00  8.011440e-01  5.984716e-01
    outer loop
      vertex -5.000000e+01  3.150832e+01  2.464195e+01
      vertex  0.000000e+00  3.150832e+01  2.464195e+01
      vertex -5.000000e+01  3.256747e+01  2.322412e+01
    endloop
  endfacet
  facet normal  -0.000000e+00  8.011440e-01  5.984716e-01
    outer loop
      vertex -5.000000e+01  3.256747e+01  2.322412e+01
      vertex  0.000000e+00  3.150832e+01  2.464195e+01
      vertex  0.000000e+00  3.256747e+01  2.322412e+01
    endloop
  endfacet
  facet normal  0.000000e+00  8.268309e-01  5.624506e-01
    outer loop
      vertex -5.000000e+01  3.256747e+01  2.322412e+01
      vertex  0.000000e+00  3.256747e+01  2.322412e+01
      vertex -5.000000e+01  3.356288e+01  2.176082e+01
    endloop
  endfacet
  facet normal  -0.000000e+00  8.268309e-01  5.624506e-01
    outer loop
      vertex -5.000000e+01  3.356288e+01  2.176082e+01
      vertex  0.000000e+00  3.256747e+01  2.322412e+01
      vertex  0.000000e+00  3.356288e+01  2.176082e+01
    endloop
  endfacet
  facet normal  0.000000e+00  8.509016e-01  5.253250e-01
    outer loop
      vertex -5.000000e+01  3.356288e+01  2.176082e+01
      vertex  0.000000e+00  3.356288e+01  2.176082e+01
      vertex -5.000000e+01  3.449258e+01  2.025492e+01
    endloop
  endfacet
  facet normal  -0.000000e+00  8.509016e-01  5.253250e-01
    outer loop
      vertex -5.000000e+01  3.449258e+01  2.025492e+01
      vertex  0.000000e+00  3.356288e+01  2.176082e+01
      vertex  0.000000e+00  3.449258e+01  2.025492e+01
    endloop
  endfacet
  facet normal  -0.000000e+00  9.997621e-01  2.181462e-02
    outer loop
      vertex -1.500000e+01  4.000000e+01  0.000000e+00
      vertex -5.000000e+01  4.000000e+01  0.000000e+00
      vertex -1.500000e+01  3.996193e+01  1.744776e+00
    endloop
  endfacet
  facet normal -1.531497e-05  9.997553e-01  2.212169e-02
    outer loop
      vertex -1.500000e+01  3.996193e+01  1.744776e+00
      vertex -5.000000e+01  4.000000e+01  0.000000e+00
      vertex -5.000000e+01  3.996085e+01  1.769334e+00
    endloop
  endfacet
  facet normal  1.511208e-05  9.978590e-01  6.540234e-02
    outer loop
      vertex -1.500000e+01  3.996193e+01  1.744776e+00
      vertex -5.000000e+01  3.996085e+01  1.769334e+00
      vertex -1.500000e+01  3.984779e+01  3.486230e+00
    endloop
  endfacet
  facet normal  0.000000e+00 -9.997621e-01  2.181462e-02
    outer loop
      vertex  1.500000e+01 -4.000000e+01  4.898587e-15
      vertex  5.000000e+01 -4.000000e+01  4.898587e-15
      vertex  1.500000e+01 -3.996193e+01  1.744776e+00
    endloop
  endfacet
  facet normal  1.531497e-05 -9.997553e-01  2.212169e-02
    outer loop
      vertex  1.500000e+01 -3.996193e+01  1.744776e+00
      vertex  5.000000e+01 -4.000000e+01  4.898587e-15
      vertex  5.000000e+01 -3.996085e+01  1.769334e+00
    endloop
  endfacet
  facet normal -1.511208e-05 -9.978590e-01  6.540234e-02
    outer loop
      vertex  1.500000e+01 -3.996193e+01  1.744776e+00
      vertex  5.000000e+01 -3.996085e+01  1.769334e+00
      vertex  1.500000e+01 -3.984779e+01  3.486230e+00
    endloop
  endfacet
  facet normal  0.000000e+00 -8.509016e-01  5.253250e-01
    outer loop
      vertex  0.000000e+00 -3.449258e+01  2.025492e+01
      vertex  5.000000e+01 -3.449258e+01  2.025492e+01
      vertex  0.000000e+00 -3.356288e+01  2.176082e+01
    endloop
  endfacet
  facet normal  0.000000e+00 -8.509016e-01  5.253250e-01
    outer loop
      vertex  0.000000e+00 -3.356288e+01  2.176082e+01
      vertex  5.000000e+01 -3.449258e+01  2.025492e+01
      vertex  5.000000e+01 -3.356288e+01  2.176082e+01
    endloop
  endfacet
  facet normal  0.000000e+00 -8.268309e-01  5.624506e-01
    outer loop
      vertex  0.000000e+00 -3.356288e+01  2.176082e+01
      vertex  5.000000e+01 -3.356288e+01  2.176082e+01
      vertex  0.000000e+00 -3.256747e+01  2.322412e+01
    endloop
  endfacet
  facet normal  0.000000e+00 -8.268309e-01  5.624506e-01
    outer loop
      vertex  0.000000e+00 -3.256747e+01  2.322412e+01
      vertex  5.000000e+01 -3.356288e+01  2.176082e+01
      vertex  5.000000e+01 -3.256747e+01  2.322412e+01
    endloop
  endfacet
  facet normal  0.000000e+00 -8.011440e-01  5.984716e-01
    outer loop
      vertex  0.000000e+00 -3.256747e+01  2.322412e+01
      vertex  5.000000e+01 -3.256747e+01  2.322412e+01
      vertex  0.000000e+00 -3.150832e+01  2.464195e+01
    endloop
  endfacet
  facet normal  0.000000e+00 -8.011440e-01  5.984716e-01
    outer loop
      vertex  0.000000e+00 -3.150832e+01  2.464195e+01
      vertex  5.000000e+01 -3.256747e+01  2.322412e+01
      vertex  5.000000e+01 -3.150832e+01  2.464195e+01
    endloop
  endfacet
  facet normal  0.000000e+00 -7.738869e-01  6.333238e-01
    outer loop
      vertex  0.000000e+00 -3.150832e+01  2.464195e+01
      vertex  5.000000e+01 -3.150832e+01  2.464195e+01
      vertex  0.000000e+00 -3.038748e+01  2.601155e+01
    endloop
  endfacet
  facet normal  0.000000e+00 -7.738869e-01  6.333238e-01
    outer loop
      vertex  0.000000e+00 -3.038748e+01  2.601155e+01
      vertex  5.000000e+01 -3.150832e+01  2.464195e+01
      vertex  5.000000e+01 -3.038748e+01  2.601155e+01
    endloop
  endfacet
  facet normal  0.000000e+00 -7.451151e-01  6.669358e-01
    outer loop
      vertex  0.000000e+00 -3.038748e+01  2.601155e+01
      vertex  5.000000e+01 -3.038748e+01  2.601155e+01
      vertex  0.000000e+00 -2.920716e+01  2.733023e+01
    endloop
  endfacet
  facet normal  0.000000e+00 -7.451151e-01  6.669358e-01
    outer loop
      vertex  0.000000e+00 -2.920716e+01  2.733023e+01
      vertex  5.000000e+01 -3.038748e+01  2.601155e+01
      vertex  5.000000e+01 -2.920716e+01  2.733023e+01
    endloop
  endfacet
  facet normal  0.000000e+00 -7.148852e-01  6.992418e-01
    outer loop
      vertex  0.000000e+00 -2.920716e+01  2.733023e+01
      vertex  5.000000e+01 -2.920716e+01  2.733023e+01
      vertex  0.000000e+00 -2.796967e+01  2.859541e+01
    endloop
  endfacet
  facet normal  0.000000e+00 -7.148852e-01  6.992418e-01
    outer loop
      vertex  0.000000e+00 -2.796967e+01  2.859541e+01
      vertex  5.000000e+01 -2.920716e+01  2.733023e+01
      vertex  5.000000e+01 -2.796967e+01  2.859541e+01
    endloop
  endfacet
  facet normal  0.000000e+00 -6.832561e-01  7.301788e-01
    outer loop
      vertex  0.000000e+00 -2.796967e+01  2.859541e+01
      vertex  5.000000e+01 -2.796967e+01  2.859541e+01
      vertex  0.000000e+00 -2.667742e+01  2.980462e+01
    endloop
  endfacet
  facet normal  0.000000e+00 -6.832561e-01  7.301788e-01
    outer loop
      vertex  0.000000e+00 -2.667742e+01  2.980462e+01
      vertex  5.000000e+01 -2.796967e+01  2.859541e+01
      vertex  5.000000e+01 -2.667742e+01  2.980462e+01
    endloop
  endfacet
  facet normal  0.000000e+00 -6.502889e-01  7.596870e-01
    outer loop
      vertex  0.000000e+00 -2.667742e+01  2.980462e+01
      vertex  5.000000e+01 -2.667742e+01  2.980462e+01
      vertex  0.000000e+00 -2.533295e+01  3.095548e+01
    endloop
  endfacet
  facet normal  0.000000e+00 -6.502889e-01  7.596870e-01
    outer loop
      vertex  0.000000e+00 -2.533295e+01  3.095548e+01
      vertex  5.000000e+01 -2.667742e+01  2.980462e+01
      vertex  5.000000e+01 -2.533295e+01  3.095548e+01
    endloop
  endfacet
  facet normal  0.000000e+00 -6.160482e-01  7.877084e-01
    outer loop
      vertex  0.000000e+00 -2.533295e+01  3.095548e+01
      vertex  5.000000e+01 -2.533295e+01  3.095548e+01
      vertex  0.000000e+00 -2.393889e+01  3.204574e+01
    endloop
  endfacet
  facet normal  0.000000e+00 -6.160482e-01  7.877084e-01
    outer loop
      vertex  0.000000e+00 -2.393889e+01  3.204574e+01
      vertex  5.000000e+01 -2.533295e+01  3.095548e+01
      vertex  5.000000e+01 -2.393889e+01  3.204574e+01
    endloop
  endfacet
  facet normal  0.000000e+00 -5.806037e-01  8.141863e-01
    outer loop
      vertex  0.000000e+00 -2.393889e+01  3.204574e+01
      vertex  5.000000e+01 -2.393889e+01  3.204574e+01
      vertex  0.000000e+00 -2.249797e+01  3.307327e+01
    endloop
  endfacet
  facet normal  0.000000e+00 -5.806037e-01  8.141863e-01
    outer loop
      vertex  0.000000e+00 -2.249797e+01  3.307327e+01
      vertex  5.000000e+01 -2.393889e+01  3.204574e+01
      vertex  5.000000e+01 -2.249797e+01  3.307327e+01
    endloop
  endfacet
  facet normal  0.000000e+00 -5.440201e-01  8.390722e-01
    outer loop
      vertex  0.000000e+00 -2.249797e+01  3.307327e+01
      vertex  5.000000e+01 -2.249797e+01  3.307327e+01
      vertex  0.000000e+00 -2.101301e+01  3.403606e+01
    endloop
  endfacet
  facet normal  0.000000e+00 -5.440201e-01  8.390722e-01
    outer loop
      vertex  0.000000e+00 -2.101301e+01  3.403606e+01
      vertex  5.000000e+01 -2.249797e+01  3.307327e+01
      vertex  5.000000e+01 -2.101301e+01  3.403606e+01
    endloop
  endfacet
  facet normal  0.000000e+00 -5.127195e-01  8.585561e-01
    outer loop
      vertex  0.000000e+00 -2.101301e+01  3.403606e+01
      vertex  5.000000e+01 -2.101301e+01  3.403606e+01
      vertex  1.500000e+01 -2.000000e+01  3.464102e+01
    endloop
  endfacet
  facet normal  2.486281e-04 -5.063736e-01  8.623142e-01
    outer loop
      vertex  1.500000e+01 -2.000000e+01  3.464102e+01
      vertex  5.000000e+01 -2.101301e+01  3.403606e+01
      vertex  5.000000e+01 -1.948691e+01  3.493222e+01
    endloop
  endfacet
  facet normal -2.434267e-04 -4.809883e-01  8.767270e-01
    outer loop
      vertex  1.500000e+01 -2.000000e+01  3.464102e+01
      vertex  5.000000e+01 -1.948691e+01  3.493222e+01
      vertex  1.500000e+01 -1.846994e+01  3.548043e+01
    endloop
  endfacet
  facet normal  0.000000e+00  5.440201e-01  8.390722e-01
    outer loop
      vertex  0.000000e+00  2.101301e+01  3.403606e+01
      vertex  5.000000e+01  2.101301e+01  3.403606e+01
      vertex  0.000000e+00  2.249797e+01  3.307327e+01
    endloop
  endfacet
  facet normal  -0.000000e+00  5.440201e-01  8.390722e-01
    outer loop
      vertex  0.000000e+00  2.249797e+01  3.307327e+01
      vertex  5.000000e+01  2.101301e+01  3.403606e+01
      vertex  5.000000e+01  2.249797e+01  3.307327e+01
    endloop
  endfacet
  facet normal  0.000000e+00  5.806037e-01  8.141863e-01
    outer loop
      vertex  0.000000e+00  2.249797e+01  3.307327e+01
      vertex  5.000000e+01  2.249797e+01  3.307327e+01
      vertex  0.000000e+00  2.393889e+01  3.204574e+01
    endloop
  endfacet
  facet normal  -0.000000e+00  5.806037e-01  8.141863e-01
    outer loop
      vertex  0.000000e+00  2.393889e+01  3.204574e+01
      vertex  5.000000e+01  2.249797e+01  3.307327e+01
      vertex  5.000000e+01  2.393889e+01  3.204574e+01
    endloop
  endfacet
  facet normal  0.000000e+00  6.160482e-01  7.877084e-01
    outer loop
      vertex  0.000000e+00  2.393889e+01  3.204574e+01
      vertex  5.000000e+01  2.393889e+01  3.204574e+01
      vertex  0.000000e+00  2.533295e+01  3.095548e+01
    endloop
  endfacet
  facet normal  -0.000000e+00  6.160482e-01  7.877084e-01
    outer loop
      vertex  0.000000e+00  2.533295e+01  3.095548e+01
      vertex  5.000000e+01  2.393889e+01  3.204574e+01
      vertex  5.000000e+01  2.533295e+01  3.095548e+01
    endloop
  endfacet
  facet normal  0.000000e+00  6.502889e-01  7.596870e-01
    outer loop
      vertex  0.000000e+00  2.533295e+01  3.095548e+01
      vertex  5.000000e+01  2.533295e+01  3.095548e+01
      vertex  0.000000e+00  2.667742e+01  2.980462e+01
    endloop
  endfacet
  facet normal  -0.000000e+00  6.502889e-01  7.596870e-01
    outer loop
      vertex  0.000000e+00  2.667742e+01  2.980462e+01
      vertex  5.000000e+01  2.533295e+01  3.095548e+01
      vertex  5.000000e+01  2.667742e+01  2.980462e+01
    endloop
  endfacet
  facet normal  0.000000e+00  6.832561e-01  7.301788e-01
    outer loop
      vertex  0.000000e+00  2.667742e+01  2.980462e+01
      vertex  5.000000e+01  2.667742e+01  2.980462e+01
      vertex  0.000000e+00  2.796967e+01  2.859541e+01
    endloop
  endfacet
  facet normal  -0.000000e+00  6.832561e-01  7.301788e-01
    outer loop
      vertex  0.000000e+00  2.796967e+01  2.859541e+01
      vertex  5.000000e+01  2.667742e+01  2.980462e+01
      vertex  5.000000e+01  2.796967e+01  2.859541e+01
    endloop
  endfacet
  facet normal  0.000000e+00  7.148852e-01  6.992418e-01
    outer loop
      vertex  0.000000e+00  2.796967e+01  2.859541e+01
      vertex  5.000000e+01  2.796967e+01  2.859541e+01
      vertex  0.000000e+00  2.920716e+01  2.733023e+01
    endloop
  endfacet
  facet normal  -0.000000e+00  7.148852e-01  6.992418e-01
    outer loop
      vertex  0.000000e+00  2.920716e+01  2.733023e+01
      vertex  5.000000e+01  2.796967e+01  2.859541e+01
      vertex  5.000000e+01  2.920716e+01  2.733023e+01
    endloop
  endfacet
  facet normal  0.000000e+00  7.451151e-01  6.669358e-01
    outer loop
      vertex  0.000000e+00  2.920716e+01  2.733023e+01
      vertex  5.000000e+01  2.920716e+01  2.733023e+01
      vertex  0.000000e+00  3.038748e+01  2.601155e+01
    endloop
  endfacet
  facet normal  -0.000000e+00  7.451151e-01  6.669358e-01
    outer loop
      vertex  0.000000e+00  3.038748e+01  2.601155e+01
      vertex  5.000000e+01  2.920716e+01  2.733023e+01
      vertex  5.000000e+01  3.038748e+01  2.601155e+01
    endloop
  endfacet
  facet normal  0.000000e+00  7.738869e-01  6.333238e-01
    outer loop
      vertex  0.000000e+00  3.038748e+01  2.601155e+01
      vertex  5.000000e+01  3.038748e+01  2.601155e+01
      vertex  0.000000e+00  3.150832e+01  2.464195e+01
    endloop
  endfacet
  facet normal  -0.000000e+00  7.738869e-01  6.333238e-01
    outer loop
      vertex  0.000000e+00  3.150832e+01  2.464195e+01
      vertex  5.000000e+01  3.038748e+01  2.601155e+01
      vertex  5.000000e+01  3.150832e+01  2.464195e+01
    endloop
  endfacet
  facet normal  0.000000e+00  8.011440e-01  5.984716e-01
    outer loop
      vertex  0.000000e+00  3.150832e+01  2.464195e+01
      vertex  5.000000e+01  3.150832e+01  2.464195e+01
      vertex  0.000000e+00  3.256747e+01  2.322412e+01
    endloop
  endfacet
  facet normal  -0.000000e+00  8.011440e-01  5.984716e-01
    outer loop
      vertex  0.000000e+00  3.256747e+01  2.322412e+01
      vertex  5.000000e+01  3.150832e+01  2.464195e+01
      vertex  5.000000e+01  3.256747e+01  2.322412e+01
    endloop
  endfacet
  facet normal  0.000000e+00  8.268309e-01  5.624506e-01
    outer loop
      vertex  0.000000e+00  3.256747e+01  2.322412e+01
      vertex  5.000000e+01  3.256747e+01  2.322412e+01
      vertex  0.000000e+00  3.356288e+01  2.176082e+01
    endloop
  endfacet
  facet normal  -0.000000e+00  8.268309e-01  5.624506e-01
    outer loop
      vertex  0.000000e+00  3.356288e+01  2.176082e+01
      vertex  5.000000e+01  3.256747e+01  2.322412e+01
      vertex  5.000000e+01  3.356288e+01  2.176082e+01
    endloop
  endfacet
  facet normal  0.000000e+00  8.509016e-01  5.253250e-01
    outer loop
      vertex  0.000000e+00  3.356288e+01  2.176082e+01
      vertex  5.000000e+01  3.356288e+01  2.176082e+01
      vertex  0.000000e+00  3.449258e+01  2.025492e+01
    endloop
  endfacet
  facet normal  -0.000000e+00  8.509016e-01  5.253250e-01
    outer loop
      vertex  0.000000e+00  3.449258e+01  2.025492e+01
      vertex  5.000000e+01  3.356288e+01  2.176082e+01
      vertex  5.000000e+01  3.449258e+01  2.025492e+01
    endloop
  endfacet
  facet normal  -0.000000e+00  9.997553e-01  2.212169e-02
    outer loop
      vertex  5.000000e+01  4.000000e+01  0.000000e+00
      vertex  1.500000e+01  4.000000e+01  0.000000e+00
      vertex  5.000000e+01  3.996085e+01  1.769334e+00
    endloop
  endfacet
  facet normal  1.553064e-05  9.997620e-01  2.181462e-02
    outer loop
      vertex  5.000000e+01  3.996085e+01  1.769334e+00
      vertex  1.500000e+01  4.000000e+01  0.000000e+00
      vertex  1.500000e+01  3.996193e+01  1.744776e+00
    endloop
  endfacet
  facet normal -1.511208e-05  9.978590e-01  6.540234e-02
    outer loop
      vertex  5.000000e+01  3.996085e+01  1.769334e+00
      vertex  1.500000e+01  3.996193e+01  1.744776e+00
      vertex  1.500000e+01  3.984779e+01  3.486230e+00
    endloop
  endfacet
  facet normal  1.000000e+00  0.000000e+00  0.000000e+00
    outer loop
      vertex  1.500000e+01  2.000000e+01  5.000000e+01
      vertex  1.500000e+01 -1.368081e+01  3.758770e+01
      vertex  1.500000e+01 -1.202823e+01  3.814868e+01
    endloop
  endfacet
  facet normal  1.000000e+00  0.000000e+00  0.000000e+00
    outer loop
      vertex  1.500000e+01  2.000000e+01  5.000000e+01
      vertex  1.500000e+01 -1.202823e+01  3.814868e+01
      vertex  1.500000e+01 -1.035276e+01  3.863703e+01
    endloop
  endfacet
  facet normal  9.999999e-01  0.000000e+00  0.000000e+00
    outer loop
      vertex  1.500000e+01  2.000000e+01  5.000000e+01
      vertex  1.500000e+01 -1.035276e+01  3.863703e+01
      vertex  1.500000e+01 -8.657584e+00  3.905184e+01
    endloop
  endfacet
  facet normal  1.000000e+00  0.000000e+00  0.000000e+00
    outer loop
      vertex  1.500000e+01  2.000000e+01  5.000000e+01
      vertex  1.500000e+01 -8.657584e+00  3.905184e+01
      vertex  1.500000e+01 -6.945927e+00  3.939231e+01
    endloop
  endfacet
  facet normal  1.000000e+00  0.000000e+00  0.000000e+00
    outer loop
      vertex  1.500000e+01  2.000000e+01  5.000000e+01
      vertex  1.500000e+01 -6.945927e+00  3.939231e+01
      vertex  1.500000e+01 -5.221048e+00  3.965779e+01
    endloop
  endfacet
  facet normal  9.999999e-01  0.000000e+00  0.000000e+00
    outer loop
      vertex  1.500000e+01  2.000000e+01  5.000000e+01
      vertex  1.500000e+01 -5.221048e+00  3.965779e+01
      vertex  1.500000e+01 -3.486230e+00  3.984779e+01
    endloop
  endfacet
  facet normal  1.000000e+00  0.000000e+00  0.000000e+00
    outer loop
      vertex  1.500000e+01  2.000000e+01  5.000000e+01
      vertex  1.500000e+01 -3.486230e+00  3.984779e+01
      vertex  1.500000e+01 -1.744776e+00  3.996193e+01
    endloop
  endfacet
  facet normal  1.000000e+00  0.000000e+00  0.000000e+00
    outer loop
      vertex  1.500000e+01  2.000000e+01  5.000000e+01
      vertex  1.500000e+01 -1.744776e+00  3.996193e+01
      vertex  1.500000e+01  2.449294e-15  4.000000e+01
    endloop
  endfacet
  facet normal  1.000000e+00  -0.000000e+00  0.000000e+00
    outer loop
      vertex  1.500000e+01  2.000000e+01  5.000000e+01
      vertex  1.500000e+01  2.449294e-15  4.000000e+01
      vertex  1.500000e+01  1.744776e+00  3.996193e+01
    endloop
  endfacet
  facet normal  1.000000e+00  -0.000000e+00  0.000000e+00
    outer loop
      vertex  1.500000e+01  2.000000e+01  5.000000e+01
      vertex  1.500000e+01  1.744776e+00  3.996193e+01
      vertex  1.500000e+01  3.486230e+00  3.984779e+01
    endloop
  endfacet
  facet normal  1.000000e+00  -0.000000e+00  0.000000e+00
    outer loop
      vertex  1.500000e+01  2.000000e+01  5.000000e+01
      vertex  1.500000e+01  3.486230e+00  3.984779e+01
      vertex  1.500000e+01  5.221048e+00  3.965779e+01
    endloop
  endfacet
  facet normal  1.000000e+00  -0.000000e+00  0.000000e+00
    outer loop
      vertex  1.500000e+01  2.000000e+01  5.000000e+01
      vertex  1.500000e+01  5.221048e+00  3.965779e+01
      vertex  1.500000e+01  6.945927e+00  3.939231e+01
    endloop
  endfacet
  facet normal  1.000000e+00  -0.000000e+00  0.000000e+00
    outer loop
      vertex  1.500000e+01  2.000000e+01  5.000000e+01
      vertex  1.500000e+01  6.945927e+00  3.939231e+01
      vertex  1.500000e+01  8.657584e+00  3.905184e+01
    endloop
  endfacet
  facet normal  1.000000e+00  -0.000000e+00  0.000000e+00
    outer loop
      vertex  1.500000e+01  2.000000e+01  5.000000e+01
      vertex  1.500000e+01  8.657584e+00  3.905184e+01
      vertex  1.500000e+01  1.035276e+01  3.863703e+01
    endloop
  endfacet
  facet normal  1.000000e+00  -0.000000e+00  0.000000e+00
    outer loop
      vertex  1.500000e+01  2.000000e+01  5.000000e+01
      vertex  1.500000e+01  1.035276e+01  3.863703e+01
      vertex  1.500000e+01  1.202823e+01  3.814868e+01
    endloop
  endfacet
  facet normal  1.000000e+00  -0.000000e+00  0.000000e+00
    outer loop
      vertex  1.500000e+01  2.000000e+01  5.000000e+01
      vertex  1.500000e+01  1.202823e+01  3.814868e+01
      vertex  1.500000e+01  1.368081e+01  3.758770e+01
    endloop
  endfacet
  facet normal  1.000000e+00  -0.000000e+00  0.000000e+00
    outer loop
      vertex  1.500000e+01  2.000000e+01  5.000000e+01
      vertex  1.500000e+01  1.368081e+01  3.758770e+01
      vertex  1.500000e+01  1.530734e+01  3.695518e+01
    endloop
  endfacet
  facet normal  1.000000e+00  -0.000000e+00  0.000000e+00
    outer loop
      vertex  1.500000e+01  2.000000e+01  5.000000e+01
      vertex  1.500000e+01  1.530734e+01  3.695518e+01
      vertex  1.500000e+01  1.690473e+01  3.625231e+01
    endloop
  endfacet
  facet normal  1.000000e+00  -0.000000e+00  0.000000e+00
    outer loop
      vertex  1.500000e+01  2.000000e+01  5.000000e+01
      vertex  1.500000e+01  1.690473e+01  3.625231e+01
      vertex  1.500000e+01  1.846994e+01  3.548043e+01
    endloop
  endfacet
  facet normal  1.000000e+00  -0.000000e+00  0.000000e+00
    outer loop
      vertex  1.500000e+01  2.000000e+01  5.000000e+01
      vertex  1.500000e+01  1.846994e+01  3.548043e+01
      vertex  1.500000e+01  2.000000e+01  3.464102e+01
    endloop
  endfacet
  facet normal  1.000000e+00  0.000000e+00  0.000000e+00
    outer loop
      vertex  1.500000e+01 -2.000000e+01  5.000000e+01
      vertex  1.500000e+01 -2.000000e+01  3.464102e+01
      vertex  1.500000e+01 -1.846994e+01  3.548043e+01
    endloop
  endfacet
  facet normal  1.000000e+00  0.000000e+00  -0.000000e+00
    outer loop
      vertex  1.500000e+01 -2.000000e+01  5.000000e+01
      vertex  1.500000e+01 -1.846994e+01  3.548043e+01
      vertex  1.500000e+01 -1.690473e+01  3.625231e+01
    endloop
  endfacet
  facet normal  1.000000e+00  0.000000e+00  -0.000000e+00
    outer loop
      vertex  1.500000e+01 -2.000000e+01  5.000000e+01
      vertex  1.500000e+01 -1.690473e+01  3.625231e+01
      vertex  1.500000e+01 -1.530734e+01  3.695518e+01
    endloop
  endfacet
  facet normal  1.000000e+00  0.000000e+00  -0.000000e+00
    outer loop
      vertex  1.500000e+01 -2.000000e+01  5.000000e+01
      vertex  1.500000e+01 -1.530734e+01  3.695518e+01
      vertex  1.500000e+01 -1.368081e+01  3.758770e+01
    endloop
  endfacet
  facet normal  1.000000e+00  0.000000e+00  -0.000000e+00
    outer loop
      vertex  1.500000e+01 -2.000000e+01  5.000000e+01
      vertex  1.500000e+01 -1.368081e+01  3.758770e+01
      vertex  1.500000e+01  2.000000e+01  5.000000e+01
    endloop
  endfacet
  facet normal -1.000000e+00  0.000000e+00  0.000000e+00
    outer loop
      vertex -1.500000e+01  2.000000e+01  5.000000e+01
      vertex -1.500000e+01  2.000000e+01  3.464102e+01
      vertex -1.500000e+01  1.846994e+01  3.548043e+01
    endloop
  endfacet
  facet normal -1.000000e+00  0.000000e+00  0.000000e+00
    outer loop
      vertex -1.500000e+01  2.000000e+01  5.000000e+01
      vertex -1.500000e+01  1.846994e+01  3.548043e+01
      vertex -1.500000e+01  1.690473e+01  3.625231e+01
    endloop
  endfacet
  facet normal -1.000000e+00  0.000000e+00  0.000000e+00
    outer loop
      vertex -1.500000e+01  2.000000e+01  5.000000e+01
      vertex -1.500000e+01  1.690473e+01  3.625231e+01
      vertex -1.500000e+01  1.530734e+01  3.695518e+01
    endloop
  endfacet
  facet normal -1.000000e+00  0.000000e+00  0.000000e+00
    outer loop
      vertex -1.500000e+01  2.000000e+01  5.000000e+01
      vertex -1.500000e+01  1.530734e+01  3.695518e+01
      vertex -1.500000e+01  1.368081e+01  3.758770e+01
    endloop
  endfacet
  facet normal -1.000000e+00  0.000000e+00  0.000000e+00
    outer loop
      vertex -1.500000e+01  2.000000e+01  5.000000e+01
      vertex -1.500000e+01  1.368081e+01  3.758770e+01
      vertex -1.500000e+01  1.202823e+01  3.814868e+01
    endloop
  endfacet
  facet normal -1.000000e+00  0.000000e+00  0.000000e+00
    outer loop
      vertex -1.500000e+01  2.000000e+01  5.000000e+01
      vertex -1.500000e+01  1.202823e+01  3.814868e+01
      vertex -1.500000e+01  1.035276e+01  3.863703e+01
    endloop
  endfacet
  facet normal -1.000000e+00  0.000000e+00  0.000000e+00
    outer loop
      vertex -1.500000e+01  2.000000e+01  5.000000e+01
      vertex -1.500000e+01  1.035276e+01  3.863703e+01
      vertex -1.500000e+01  8.657584e+00  3.905184e+01
    endloop
  endfacet
  facet normal -1.000000e+00  0.000000e+00  0.000000e+00
    outer loop
      vertex -1.500000e+01  2.000000e+01  5.000000e+01
      vertex -1.500000e+01  8.657584e+00  3.905184e+01
      vertex -1.500000e+01  6.945927e+00  3.939231e+01
    endloop
  endfacet
  facet normal -1.000000e+00  0.000000e+00  0.000000e+00
    outer loop
      vertex -1.500000e+01  2.000000e+01  5.000000e+01
      vertex -1.500000e+01  6.945927e+00  3.939231e+01
      vertex -1.500000e+01  5.221048e+00  3.965779e+01
    endloop
  endfacet
  facet normal -1.000000e+00  0.000000e+00  0.000000e+00
    outer loop
      vertex -1.500000e+01  2.000000e+01  5.000000e+01
      vertex -1.500000e+01  5.221048e+00  3.965779e+01
      vertex -1.500000e+01  3.486230e+00  3.984779e+01
    endloop
  endfacet
  facet normal -1.000000e+00  0.000000e+00  0.000000e+00
    outer loop
      vertex -1.500000e+01  2.000000e+01  5.000000e+01
      vertex -1.500000e+01  3.486230e+00  3.984779e+01
      vertex -1.500000e+01  1.744776e+00  3.996193e+01
    endloop
  endfacet
  facet normal -1.000000e+00  0.000000e+00  0.000000e+00
    outer loop
      vertex -1.500000e+01  2.000000e+01  5.000000e+01
      vertex -1.500000e+01  1.744776e+00  3.996193e+01
      vertex -1.500000e+01  2.449294e-15  4.000000e+01
    endloop
  endfacet
  facet normal -1.000000e+00  -0.000000e+00  0.000000e+00
    outer loop
      vertex -1.500000e+01  2.000000e+01  5.000000e+01
      vertex -1.500000e+01  2.449294e-15  4.000000e+01
      vertex -1.500000e+01 -1.744776e+00  3.996193e+01
    endloop
  endfacet
  facet normal -1.000000e+00  -0.000000e+00  0.000000e+00
    outer loop
      vertex -1.500000e+01  2.000000e+01  5.000000e+01
      vertex -1.500000e+01 -1.744776e+00  3.996193e+01
      vertex -1.500000e+01 -3.486230e+00  3.984779e+01
    endloop
  endfacet
  facet normal -1.000000e+00  -0.000000e+00  0.000000e+00
    outer loop
      vertex -1.500000e+01  2.000000e+01  5.000000e+01
      vertex -1.500000e+01 -3.486230e+00  3.984779e+01
      vertex -1.500000e+01 -5.221048e+00  3.965779e+01
    endloop
  endfacet
  facet normal -1.000000e+00  -0.000000e+00  0.000000e+00
    outer loop
      vertex -1.500000e+01  2.000000e+01  5.000000e+01
      vertex -1.500000e+01 -5.221048e+00  3.965779e+01
      vertex -1.500000e+01 -6.945927e+00  3.939231e+01
    endloop
  endfacet
  facet normal -1.000000e+00  -0.000000e+00  0.000000e+00
    outer loop
      vertex -1.500000e+01  2.000000e+01  5.000000e+01
      vertex -1.500000e+01 -6.945927e+00  3.939231e+01
      vertex -1.500000e+01 -8.657584e+00  3.905184e+01
    endloop
  endfacet
  facet normal -9.999999e-01  -0.000000e+00  0.000000e+00
    outer loop
      vertex -1.500000e+01  2.000000e+01  5.000000e+01
      vertex -1.500000e+01 -8.657584e+00  3.905184e+01
      vertex -1.500000e+01 -1.035276e+01  3.863703e+01
    endloop
  endfacet
  facet normal -1.000000e+00  -0.000000e+00  0.000000e+00
    outer loop
      vertex -1.500000e+01  2.000000e+01  5.000000e+01
      vertex -1.500000e+01 -1.035276e+01  3.863703e+01
      vertex -1.500000e+01 -1.202823e+01  3.814868e+01
    endloop
  endfacet
  facet normal -1.000000e+00  -0.000000e+00  0.000000e+00
    outer loop
      vertex -1.500000e+01  2.000000e+01  5.000000e+01
      vertex -1.500000e+01 -1.202823e+01  3.814868e+01
      vertex -1.500000e+01 -1.368081e+01  3.758770e+01
    endloop
  endfacet
  facet normal -1.000000e+00  -0.000000e+00  0.000000e+00
    outer loop
      vertex -1.500000e+01 -2.000000e+01  5.000000e+01
      vertex -1.500000e+01  2.000000e+01  5.000000e+01
      vertex -1.500000e+01 -1.368081e+01  3.758770e+01
    endloop
  endfacet
  facet normal -1.000000e+00  -0.000000e+00  0.000000e+00
    outer loop
      vertex -1.500000e+01 -2.000000e+01  5.000000e+01
      vertex -1.500000e+01 -1.368081e+01  3.758770e+01
      vertex -1.500000e+01 -1.530734e+01  3.695518e+01
    endloop
  endfacet
  facet normal -1.000000e+00  -0.000000e+00  0.000000e+00
    outer loop
      vertex -1.500000e+01 -2.000000e+01  5.000000e+01
      vertex -1.500000e+01 -1.530734e+01  3.695518e+01
      vertex -1.500000e+01 -1.690473e+01  3.625231e+01
    endloop
  endfacet
  facet normal -1.000000e+00  -0.000000e+00  0.000000e+00
    outer loop
      vertex -1.500000e+01 -2.000000e+01  5.000000e+01
      vertex -1.500000e+01 -1.690473e+01  3.625231e+01
      vertex -1.500000e+01 -1.846994e+01  3.548043e+01
    endloop
  endfacet
  facet normal -1.000000e+00  -0.000000e+00  0.000000e+00
    outer loop
      vertex -1.500000e+01 -2.000000e+01  5.000000e+01
      vertex -1.500000e+01 -1.846994e+01  3.548043e+01
      vertex -1.500000e+01 -2.000000e+01  3.464102e+01
    endloop
  endfacet
  facet normal  0.000000e+00  1.000000e+00  0.000000e+00
    outer loop
      vertex -1.500000e+01  2.000000e+01  5.000000e+01
      vertex  1.500000e+01  2.000000e+01  5.000000e+01
      vertex -1.500000e+01  2.000000e+01  3.464102e+01
    endloop
  endfacet
  facet normal  0.000000e+00  1.000000e+00  0.000000e+00
    outer loop
      vertex -1.500000e+01  2.000000e+01  3.464102e+01
      vertex  1.500000e+01  2.000000e+01  5.000000e+01
      vertex  1.500000e+01  2.000000e+01  3.464102e+01
    endloop
  endfacet
  facet normal  0.000000e+00 -1.000000e+00  0.000000e+00
    outer loop
      vertex -1.500000e+01 -2.000000e+01  3.464102e+01
      vertex  1.500000e+01 -2.000000e+01  3.464102e+01
      vertex -1.500000e+01 -2.000000e+01  5.000000e+01
    endloop
  endfacet
  facet normal  0.000000e+00 -1.000000e+00  0.000000e+00
    outer loop
      vertex -1.500000e+01 -2.000000e+01  5.000000e+01
      vertex  1.500000e+01 -2.000000e+01  3.464102e+01
      vertex  1.500000e+01 -2.000000e+01  5.000000e+01
    endloop
  endfacet
  facet normal  1.000000e+00  0.000000e+00  0.000000e+00
    outer loop
      vertex  5.000000e+01 -9.769539e+00  2.836470e+01
      vertex  5.000000e+01 -2.920716e+01  2.733023e+01
      vertex  5.000000e+01 -1.120367e+01  2.782944e+01
    endloop
  endfacet
  facet normal  9.999999e-01  -0.000000e+00  0.000000e+00
    outer loop
      vertex  5.000000e+01 -1.398076e+01  2.654314e+01
      vertex  5.000000e+01 -3.038748e+01  2.601155e+01
      vertex  5.000000e+01 -1.531649e+01  2.579545e+01
    endloop
  endfacet
  facet normal  9.999999e-01  0.000000e+00  -0.000000e+00
    outer loop
      vertex  5.000000e+01  2.294146e+00  2.991215e+01
      vertex  5.000000e+01  3.816940e+00  2.975619e+01
      vertex  5.000000e+01  2.667742e+01  2.980462e+01
    endloop
  endfacet
  facet normal  1.000000e+00  0.000000e+00  0.000000e+00
    outer loop
      vertex  5.000000e+01  2.920716e+01  2.733023e+01
      vertex  5.000000e+01  9.769539e+00  2.836470e+01
      vertex  5.000000e+01  1.120367e+01  2.782944e+01
    endloop
  endfacet
  facet normal  9.999999e-01  0.000000e+00  -0.000000e+00
    outer loop
      vertex  5.000000e+01  1.398076e+01  2.654314e+01
      vertex  5.000000e+01  1.531649e+01  2.579545e+01
      vertex  5.000000e+01  3.038748e+01  2.601155e+01
    endloop
  endfacet
  facet normal  1.000000e+00  0.000000e+00  0.000000e+00
    outer loop
      vertex  5.000000e+01 -3.500000e+01  0.000000e+00
      vertex  5.000000e+01 -3.500000e+01  5.000000e+00
      vertex  5.000000e+01 -3.964810e+01  5.294154e+00
    endloop
  endfacet
  facet normal  1.000000e+00  0.000000e+00  0.000000e+00
    outer loop
      vertex  5.000000e+01 -3.500000e+01  0.000000e+00
      vertex  5.000000e+01 -3.964810e+01  5.294154e+00
      vertex  5.000000e+01 -3.984347e+01  3.535204e+00
    endloop
  endfacet
  facet normal  1.000000e+00  0.000000e+00  0.000000e+00
    outer loop
      vertex  5.000000e+01 -3.500000e+01  0.000000e+00
      vertex  5.000000e+01 -3.984347e+01  3.535204e+00
      vertex  5.000000e+01 -3.996085e+01  1.769334e+00
    endloop
  endfacet
  facet normal  1.000000e+00  0.000000e+00  0.000000e+00
    outer loop
      vertex  5.000000e+01 -3.500000e+01  0.000000e+00
      vertex  5.000000e+01 -3.996085e+01  1.769334e+00
      vertex  5.000000e+01 -4.000000e+01  4.898587e-15
    endloop
  endfacet
  facet normal  1.000000e+00  0.000000e+00  0.000000e+00
    outer loop
      vertex  5.000000e+01 -2.796967e+01  2.859541e+01
      vertex  5.000000e+01 -2.920716e+01  2.733023e+01
      vertex  5.000000e+01 -9.769539e+00  2.836470e+01
    endloop
  endfacet
  facet normal  1.000000e+00  0.000000e+00  -0.000000e+00
    outer loop
      vertex  5.000000e+01 -2.796967e+01  2.859541e+01
      vertex  5.000000e+01 -9.769539e+00  2.836470e+01
      vertex  5.000000e+01 -8.309975e+00  2.882611e+01
    endloop
  endfacet
  facet normal  1.000000e+00  0.000000e+00  -0.000000e+00
    outer loop
      vertex  5.000000e+01 -2.796967e+01  2.859541e+01
      vertex  5.000000e+01 -8.309975e+00  2.882611e+01
      vertex  5.000000e+01 -6.828775e+00  2.921246e+01
    endloop
  endfacet
  facet normal  1.000000e+00  0.000000e+00  -0.000000e+00
    outer loop
      vertex  5.000000e+01 -2.796967e+01  2.859541e+01
      vertex  5.000000e+01 -6.828775e+00  2.921246e+01
      vertex  5.000000e+01 -5.329795e+00  2.952276e+01
    endloop
  endfacet
  facet normal  1.000000e+00  0.000000e+00  -0.000000e+00
    outer loop
      vertex  5.000000e+01 -2.796967e+01  2.859541e+01
      vertex  5.000000e+01 -5.329795e+00  2.952276e+01
      vertex  5.000000e+01 -3.816940e+00  2.975619e+01
    endloop
  endfacet
  facet normal  1.000000e+00  0.000000e+00  0.000000e+00
    outer loop
      vertex  5.000000e+01 -2.796967e+01  2.859541e+01
      vertex  5.000000e+01 -3.816940e+00  2.975619e+01
      vertex  5.000000e+01 -2.667742e+01  2.980462e+01
    endloop
  endfacet
  facet normal  1.000000e+00  0.000000e+00  0.000000e+00
    outer loop
      vertex  5.000000e+01  2.796967e+01  2.859541e+01
      vertex  5.000000e+01  2.667742e+01  2.980462e+01
      vertex  5.000000e+01  3.816940e+00  2.975619e+01
    endloop
  endfacet
  facet normal  1.000000e+00  0.000000e+00  0.000000e+00
    outer loop
      vertex  5.000000e+01  2.796967e+01  2.859541e+01
      vertex  5.000000e+01  3.816940e+00  2.975619e+01
      vertex  5.000000e+01  5.329795e+00  2.952276e+01
    endloop
  endfacet
  facet normal  1.000000e+00  0.000000e+00  0.000000e+00
    outer loop
      vertex  5.000000e+01  2.796967e+01  2.859541e+01
      vertex  5.000000e+01  5.329795e+00  2.952276e+01
      vertex  5.000000e+01  6.828775e+00  2.921246e+01
    endloop
  endfacet
  facet normal  1.000000e+00  0.000000e+00  0.000000e+00
    outer loop
      vertex  5.000000e+01  2.796967e+01  2.859541e+01
      vertex  5.000000e+01  6.828775e+00  2.921246e+01
      vertex  5.000000e+01  8.309975e+00  2.882611e+01
    endloop
  endfacet
  facet normal  1.000000e+00  0.000000e+00  0.000000e+00
    outer loop
      vertex  5.000000e+01  2.796967e+01  2.859541e+01
      vertex  5.000000e+01  8.309975e+00  2.882611e+01
      vertex  5.000000e+01  9.769539e+00  2.836470e+01
    endloop
  endfacet
  facet normal  1.000000e+00  -0.000000e+00  0.000000e+00
    outer loop
      vertex  5.000000e+01  2.796967e+01  2.859541e+01
      vertex  5.000000e+01  9.769539e+00  2.836470e+01
      vertex  5.000000e+01  2.920716e+01  2.733023e+01
    endloop
  endfacet
  facet normal  1.000000e+00  0.000000e+00  0.000000e+00
    outer loop
      vertex  5.000000e+01  2.294146e+00  2.991215e+01
      vertex  5.000000e+01  2.667742e+01  2.980462e+01
      vertex  5.000000e+01  7.653796e-01  2.999023e+01
    endloop
  endfacet
  facet normal  1.000000e+00  -0.000000e+00  0.000000e+00
    outer loop
      vertex  5.000000e+01  7.653796e-01  2.999023e+01
      vertex  5.000000e+01  2.667742e+01  2.980462e+01
      vertex  5.000000e+01  2.533295e+01  3.095548e+01
    endloop
  endfacet
  facet normal  1.000000e+00  0.000000e+00  0.000000e+00
    outer loop
      vertex  5.000000e+01  7.653796e-01  2.999023e+01
      vertex  5.000000e+01  2.533295e+01  3.095548e+01
      vertex  5.000000e+01 -7.653796e-01  2.999023e+01
    endloop
  endfacet
  facet normal  9.999999e-01  0.000000e+00  -0.000000e+00
    outer loop
      vertex  5.000000e+01 -7.653796e-01  2.999023e+01
      vertex  5.000000e+01  2.533295e+01  3.095548e+01
      vertex  5.000000e+01 -2.533295e+01  3.095548e+01
    endloop
  endfacet
  facet normal  9.999999e-01  0.000000e+00  0.000000e+00
    outer loop
      vertex  5.000000e+01 -7.653796e-01  2.999023e+01
      vertex  5.000000e+01 -2.533295e+01  3.095548e+01
      vertex  5.000000e+01 -2.294146e+00  2.991215e+01
    endloop
  endfacet
  facet normal  9.999999e-01  0.000000e+00  0.000000e+00
    outer loop
      vertex  5.000000e+01 -2.294146e+00  2.991215e+01
      vertex  5.000000e+01 -2.533295e+01  3.095548e+01
      vertex  5.000000e+01 -2.667742e+01  2.980462e+01
    endloop
  endfacet
  facet normal  1.000000e+00  -0.000000e+00  0.000000e+00
    outer loop
      vertex  5.000000e+01 -2.294146e+00  2.991215e+01
      vertex  5.000000e+01 -2.667742e+01  2.980462e+01
      vertex  5.000000e+01 -3.816940e+00  2.975619e+01
    endloop
  endfacet
  facet normal  9.999999e-01  0.000000e+00  0.000000e+00
    outer loop
      vertex  5.000000e+01 -3.038748e+01  2.601155e+01
      vertex  5.000000e+01 -1.398076e+01  2.654314e+01
      vertex  5.000000e+01 -2.920716e+01  2.733023e+01
    endloop
  endfacet
  facet normal  1.000000e+00  0.000000e+00  0.000000e+00
    outer loop
      vertex  5.000000e+01 -2.920716e+01  2.733023e+01
      vertex  5.000000e+01 -1.398076e+01  2.654314e+01
      vertex  5.000000e+01 -1.260863e+01  2.722173e+01
    endloop
  endfacet
  facet normal  1.000000e+00  0.000000e+00  -0.000000e+00
    outer loop
      vertex  5.000000e+01 -2.920716e+01  2.733023e+01
      vertex  5.000000e+01 -1.260863e+01  2.722173e+01
      vertex  5.000000e+01 -1.120367e+01  2.782944e+01
    endloop
  endfacet
  facet normal  1.000000e+00  0.000000e+00  0.000000e+00
    outer loop
      vertex  5.000000e+01 -1.531649e+01  2.579545e+01
      vertex  5.000000e+01 -3.038748e+01  2.601155e+01
      vertex  5.000000e+01 -1.661234e+01  2.498059e+01
    endloop
  endfacet
  facet normal  1.000000e+00  0.000000e+00  0.000000e+00
    outer loop
      vertex  5.000000e+01 -1.661234e+01  2.498059e+01
      vertex  5.000000e+01 -3.038748e+01  2.601155e+01
      vertex  5.000000e+01 -3.150832e+01  2.464195e+01
    endloop
  endfacet
  facet normal  1.000000e+00  -0.000000e+00  0.000000e+00
    outer loop
      vertex  5.000000e+01 -1.661234e+01  2.498059e+01
      vertex  5.000000e+01 -3.150832e+01  2.464195e+01
      vertex  5.000000e+01 -1.786494e+01  2.410070e+01
    endloop
  endfacet
  facet normal  1.000000e+00  0.000000e+00  0.000000e+00
    outer loop
      vertex  5.000000e+01 -1.786494e+01  2.410070e+01
      vertex  5.000000e+01 -3.150832e+01  2.464195e+01
      vertex  5.000000e+01 -3.256747e+01  2.322412e+01
    endloop
  endfacet
  facet normal  1.000000e+00  -0.000000e+00  0.000000e+00
    outer loop
      vertex  5.000000e+01 -1.786494e+01  2.410070e+01
      vertex  5.000000e+01 -3.256747e+01  2.322412e+01
      vertex  5.000000e+01 -1.907103e+01  2.315806e+01
    endloop
  endfacet
  facet normal  9.999999e-01  0.000000e+00  0.000000e+00
    outer loop
      vertex  5.000000e+01 -1.907103e+01  2.315806e+01
      vertex  5.000000e+01 -3.256747e+01  2.322412e+01
      vertex  5.000000e+01 -2.022747e+01  2.215512e+01
    endloop
  endfacet
  facet normal  1.000000e+00  0.000000e+00  0.000000e+00
    outer loop
      vertex  5.000000e+01 -2.022747e+01  2.215512e+01
      vertex  5.000000e+01 -3.256747e+01  2.322412e+01
      vertex  5.000000e+01 -3.356288e+01  2.176082e+01
    endloop
  endfacet
  facet normal  1.000000e+00  -0.000000e+00  0.000000e+00
    outer loop
      vertex  5.000000e+01 -2.022747e+01  2.215512e+01
      vertex  5.000000e+01 -3.356288e+01  2.176082e+01
      vertex  5.000000e+01 -2.133124e+01  2.109451e+01
    endloop
  endfacet
  facet normal  1.000000e+00  0.000000e+00  0.000000e+00
    outer loop
      vertex  5.000000e+01 -2.133124e+01  2.109451e+01
      vertex  5.000000e+01 -3.356288e+01  2.176082e+01
      vertex  5.000000e+01 -3.449258e+01  2.025492e+01
    endloop
  endfacet
  facet normal  1.000000e+00  -0.000000e+00  0.000000e+00
    outer loop
      vertex  5.000000e+01 -2.133124e+01  2.109451e+01
      vertex  5.000000e+01 -3.449258e+01  2.025492e+01
      vertex  5.000000e+01 -2.237947e+01  1.997897e+01
    endloop
  endfacet
  facet normal  9.999999e-01  0.000000e+00  0.000000e+00
    outer loop
      vertex  5.000000e+01 -2.237947e+01  1.997897e+01
      vertex  5.000000e+01 -3.449258e+01  2.025492e+01
      vertex  5.000000e+01 -2.336944e+01  1.881141e+01
    endloop
  endfacet
  facet normal  1.000000e+00  0.000000e+00  0.000000e+00
    outer loop
      vertex  5.000000e+01 -2.336944e+01  1.881141e+01
      vertex  5.000000e+01 -3.449258e+01  2.025492e+01
      vertex  5.000000e+01 -3.535477e+01  1.870937e+01
    endloop
  endfacet
  facet normal  1.000000e+00  -0.000000e+00  0.000000e+00
    outer loop
      vertex  5.000000e+01 -2.336944e+01  1.881141e+01
      vertex  5.000000e+01 -3.535477e+01  1.870937e+01
      vertex  5.000000e+01 -2.429857e+01  1.759488e+01
    endloop
  endfacet
  facet normal  1.000000e+00  0.000000e+00  0.000000e+00
    outer loop
      vertex  5.000000e+01 -2.429857e+01  1.759488e+01
      vertex  5.000000e+01 -3.535477e+01  1.870937e+01
      vertex  5.000000e+01 -3.614774e+01  1.712720e+01
    endloop
  endfacet
  facet normal  1.000000e+00  -0.000000e+00  0.000000e+00
    outer loop
      vertex  5.000000e+01 -2.429857e+01  1.759488e+01
      vertex  5.000000e+01 -3.614774e+01  1.712720e+01
      vertex  5.000000e+01 -2.516443e+01  1.633253e+01
    endloop
  endfacet
  facet normal  1.000000e+00  0.000000e+00  0.000000e+00
    outer loop
      vertex  5.000000e+01 -2.516443e+01  1.633253e+01
      vertex  5.000000e+01 -3.614774e+01  1.712720e+01
      vertex  5.000000e+01 -3.686995e+01  1.551150e+01
    endloop
  endfacet
  facet normal  1.000000e+00  -0.000000e+00  0.000000e+00
    outer loop
      vertex  5.000000e+01 -2.516443e+01  1.633253e+01
      vertex  5.000000e+01 -3.686995e+01  1.551150e+01
      vertex  5.000000e+01 -2.596477e+01  1.502767e+01
    endloop
  endfacet
  facet normal  1.000000e+00  0.000000e+00  0.000000e+00
    outer loop
      vertex  5.000000e+01 -2.596477e+01  1.502767e+01
      vertex  5.000000e+01 -3.686995e+01  1.551150e+01
      vertex  5.000000e+01 -2.669751e+01  1.368367e+01
    endloop
  endfacet
  facet normal  1.000000e+00  0.000000e+00  0.000000e+00
    outer loop
      vertex  5.000000e+01 -2.669751e+01  1.368367e+01
      vertex  5.000000e+01 -3.686995e+01  1.551150e+01
      vertex  5.000000e+01 -3.751999e+01  1.386544e+01
    endloop
  endfacet
  facet normal  1.000000e+00  0.000000e+00  0.000000e+00
    outer loop
      vertex  5.000000e+01 -2.669751e+01  1.368367e+01
      vertex  5.000000e+01 -3.751999e+01  1.386544e+01
      vertex  5.000000e+01 -2.736074e+01  1.230406e+01
    endloop
  endfacet
  facet normal  9.999999e-01  0.000000e+00  0.000000e+00
    outer loop
      vertex  5.000000e+01 -2.736074e+01  1.230406e+01
      vertex  5.000000e+01 -3.751999e+01  1.386544e+01
      vertex  5.000000e+01 -3.809658e+01  1.219223e+01
    endloop
  endfacet
  facet normal  1.000000e+00  -0.000000e+00  0.000000e+00
    outer loop
      vertex  5.000000e+01 -2.736074e+01  1.230406e+01
      vertex  5.000000e+01 -3.809658e+01  1.219223e+01
      vertex  5.000000e+01 -2.795274e+01  1.089240e+01
    endloop
  endfacet
  facet normal  1.000000e+00  0.000000e+00  0.000000e+00
    outer loop
      vertex  5.000000e+01 -2.795274e+01  1.089240e+01
      vertex  5.000000e+01 -3.809658e+01  1.219223e+01
      vertex  5.000000e+01 -3.859860e+01  1.049516e+01
    endloop
  endfacet
  facet normal  9.999999e-01  -0.000000e+00  0.000000e+00
    outer loop
      vertex  5.000000e+01 -2.795274e+01  1.089240e+01
      vertex  5.000000e+01 -3.859860e+01  1.049516e+01
      vertex  5.000000e+01 -2.847196e+01  9.452391e+00
    endloop
  endfacet
  facet normal  1.000000e+00  0.000000e+00  0.000000e+00
    outer loop
      vertex  5.000000e+01 -2.847196e+01  9.452391e+00
      vertex  5.000000e+01 -3.859860e+01  1.049516e+01
      vertex  5.000000e+01 -3.902505e+01  8.777540e+00
    endloop
  endfacet
  facet normal  9.999999e-01  -0.000000e+00  0.000000e+00
    outer loop
      vertex  5.000000e+01 -2.847196e+01  9.452391e+00
      vertex  5.000000e+01 -3.902505e+01  8.777540e+00
      vertex  5.000000e+01 -2.891705e+01  7.987768e+00
    endloop
  endfacet
  facet normal  1.000000e+00  0.000000e+00  0.000000e+00
    outer loop
      vertex  5.000000e+01 -2.891705e+01  7.987768e+00
      vertex  5.000000e+01 -3.902505e+01  8.777540e+00
      vertex  5.000000e+01 -3.937512e+01  7.042741e+00
    endloop
  endfacet
  facet normal  9.999999e-01  -0.000000e+00  0.000000e+00
    outer loop
      vertex  5.000000e+01 -2.891705e+01  7.987768e+00
      vertex  5.000000e+01 -3.937512e+01  7.042741e+00
      vertex  5.000000e+01 -2.928685e+01  6.502349e+00
    endloop
  endfacet
  facet normal  1.000000e+00  0.000000e+00  0.000000e+00
    outer loop
      vertex  5.000000e+01 -2.928685e+01  6.502349e+00
      vertex  5.000000e+01 -3.937512e+01  7.042741e+00
      vertex  5.000000e+01 -2.958040e+01  5.000000e+00
    endloop
  endfacet
  facet normal  9.999999e-01  0.000000e+00  0.000000e+00
    outer loop
      vertex  5.000000e+01 -2.958040e+01  5.000000e+00
      vertex  5.000000e+01 -3.937512e+01  7.042741e+00
      vertex  5.000000e+01 -3.964810e+01  5.294154e+00
    endloop
  endfacet
  facet normal  1.000000e+00  0.000000e+00  0.000000e+00
    outer loop
      vertex  5.000000e+01 -2.958040e+01  5.000000e+00
      vertex  5.000000e+01 -3.964810e+01  5.294154e+00
      vertex  5.000000e+01 -3.500000e+01  5.000000e+00
    endloop
  endfacet
  facet normal  1.000000e+00  -0.000000e+00  0.000000e+00
    outer loop
      vertex  5.000000e+01  8.848835e-01  3.999021e+01
      vertex  5.000000e+01 -8.848835e-01  3.999021e+01
      vertex  5.000000e+01  2.652918e+00  3.991193e+01
    endloop
  endfacet
  facet normal  1.000000e+00  0.000000e+00  0.000000e+00
    outer loop
      vertex  5.000000e+01  2.652918e+00  3.991193e+01
      vertex  5.000000e+01 -8.848835e-01  3.999021e+01
      vertex  5.000000e+01 -2.652918e+00  3.991193e+01
    endloop
  endfacet
  facet normal  1.000000e+00  -0.000000e+00  0.000000e+00
    outer loop
      vertex  5.000000e+01  2.652918e+00  3.991193e+01
      vertex  5.000000e+01 -2.652918e+00  3.991193e+01
      vertex  5.000000e+01  4.415760e+00  3.975552e+01
    endloop
  endfacet
  facet normal  1.000000e+00  0.000000e+00  0.000000e+00
    outer loop
      vertex  5.000000e+01  4.415760e+00  3.975552e+01
      vertex  5.000000e+01 -2.652918e+00  3.991193e+01
      vertex  5.000000e+01 -4.415760e+00  3.975552e+01
    endloop
  endfacet
  facet normal  1.000000e+00  -0.000000e+00  0.000000e+00
    outer loop
      vertex  5.000000e+01  4.415760e+00  3.975552e+01
      vertex  5.000000e+01 -4.415760e+00  3.975552e+01
      vertex  5.000000e+01  6.169957e+00  3.952128e+01
    endloop
  endfacet
  facet normal  1.000000e+00  0.000000e+00  0.000000e+00
    outer loop
      vertex  5.000000e+01  6.169957e+00  3.952128e+01
      vertex  5.000000e+01 -4.415760e+00  3.975552e+01
      vertex  5.000000e+01 -6.169957e+00  3.952128e+01
    endloop
  endfacet
  facet normal  1.000000e+00  -0.000000e+00  0.000000e+00
    outer loop
      vertex  5.000000e+01  6.169957e+00  3.952128e+01
      vertex  5.000000e+01 -6.169957e+00  3.952128e+01
      vertex  5.000000e+01  7.912077e+00  3.920968e+01
    endloop
  endfacet
  facet normal  1.000000e+00  0.000000e+00  0.000000e+00
    outer loop
      vertex  5.000000e+01  7.912077e+00  3.920968e+01
      vertex  5.000000e+01 -6.169957e+00  3.952128e+01
      vertex  5.000000e+01 -7.912077e+00  3.920968e+01
    endloop
  endfacet
  facet normal  1.000000e+00  -0.000000e+00  0.000000e+00
    outer loop
      vertex  5.000000e+01  7.912077e+00  3.920968e+01
      vertex  5.000000e+01 -7.912077e+00  3.920968e+01
      vertex  5.000000e+01  9.638708e+00  3.882133e+01
    endloop
  endfacet
  facet normal  9.999999e-01  0.000000e+00  0.000000e+00
    outer loop
      vertex  5.000000e+01  9.638708e+00  3.882133e+01
      vertex  5.000000e+01 -7.912077e+00  3.920968e+01
      vertex  5.000000e+01 -9.638708e+00  3.882133e+01
    endloop
  endfacet
  facet normal  1.000000e+00  -0.000000e+00  0.000000e+00
    outer loop
      vertex  5.000000e+01  9.638708e+00  3.882133e+01
      vertex  5.000000e+01 -9.638708e+00  3.882133e+01
      vertex  5.000000e+01  1.134647e+01  3.835698e+01
    endloop
  endfacet
  facet normal  1.000000e+00  0.000000e+00  0.000000e+00
    outer loop
      vertex  5.000000e+01  1.134647e+01  3.835698e+01
      vertex  5.000000e+01 -9.638708e+00  3.882133e+01
      vertex  5.000000e+01 -1.134647e+01  3.835698e+01
    endloop
  endfacet
  facet normal  9.999999e-01  -0.000000e+00  0.000000e+00
    outer loop
      vertex  5.000000e+01  1.134647e+01  3.835698e+01
      vertex  5.000000e+01 -1.134647e+01  3.835698e+01
      vertex  5.000000e+01  1.303202e+01  3.781754e+01
    endloop
  endfacet
  facet normal  1.000000e+00  0.000000e+00  0.000000e+00
    outer loop
      vertex  5.000000e+01  1.303202e+01  3.781754e+01
      vertex  5.000000e+01 -1.134647e+01  3.835698e+01
      vertex  5.000000e+01 -1.303202e+01  3.781754e+01
    endloop
  endfacet
  facet normal  1.000000e+00  -0.000000e+00  0.000000e+00
    outer loop
      vertex  5.000000e+01  1.303202e+01  3.781754e+01
      vertex  5.000000e+01 -1.303202e+01  3.781754e+01
      vertex  5.000000e+01  1.469206e+01  3.720407e+01
    endloop
  endfacet
  facet normal  9.999999e-01  0.000000e+00  0.000000e+00
    outer loop
      vertex  5.000000e+01  1.469206e+01  3.720407e+01
      vertex  5.000000e+01 -1.303202e+01  3.781754e+01
      vertex  5.000000e+01 -1.469206e+01  3.720407e+01
    endloop
  endfacet
  facet normal  1.000000e+00  -0.000000e+00  0.000000e+00
    outer loop
      vertex  5.000000e+01  1.469206e+01  3.720407e+01
      vertex  5.000000e+01 -1.469206e+01  3.720407e+01
      vertex  5.000000e+01  1.632335e+01  3.651778e+01
    endloop
  endfacet
  facet normal  1.000000e+00  0.000000e+00  0.000000e+00
    outer loop
      vertex  5.000000e+01  1.632335e+01  3.651778e+01
      vertex  5.000000e+01 -1.469206e+01  3.720407e+01
      vertex  5.000000e+01 -1.632335e+01  3.651778e+01
    endloop
  endfacet
  facet normal  1.000000e+00  -0.000000e+00  0.000000e+00
    outer loop
      vertex  5.000000e+01  1.632335e+01  3.651778e+01
      vertex  5.000000e+01 -1.632335e+01  3.651778e+01
      vertex  5.000000e+01  1.792267e+01  3.576000e+01
    endloop
  endfacet
  facet normal  9.999999e-01  0.000000e+00  0.000000e+00
    outer loop
      vertex  5.000000e+01  1.792267e+01  3.576000e+01
      vertex  5.000000e+01 -1.632335e+01  3.651778e+01
      vertex  5.000000e+01 -1.792267e+01  3.576000e+01
    endloop
  endfacet
  facet normal  9.999999e-01  -0.000000e+00  0.000000e+00
    outer loop
      vertex  5.000000e+01  1.792267e+01  3.576000e+01
      vertex  5.000000e+01 -1.792267e+01  3.576000e+01
      vertex  5.000000e+01  1.948691e+01  3.493222e+01
    endloop
  endfacet
  facet normal  1.000000e+00  0.000000e+00  0.000000e+00
    outer loop
      vertex  5.000000e+01  1.948691e+01  3.493222e+01
      vertex  5.000000e+01 -1.792267e+01  3.576000e+01
      vertex  5.000000e+01 -1.948691e+01  3.493222e+01
    endloop
  endfacet
  facet normal  1.000000e+00  -0.000000e+00  0.000000e+00
    outer loop
      vertex  5.000000e+01  1.948691e+01  3.493222e+01
      vertex  5.000000e+01 -1.948691e+01  3.493222e+01
      vertex  5.000000e+01  2.101301e+01  3.403606e+01
    endloop
  endfacet
  facet normal  1.000000e+00  0.000000e+00  0.000000e+00
    outer loop
      vertex  5.000000e+01  2.101301e+01  3.403606e+01
      vertex  5.000000e+01 -1.948691e+01  3.493222e+01
      vertex  5.000000e+01 -2.101301e+01  3.403606e+01
    endloop
  endfacet
  facet normal  1.000000e+00  -0.000000e+00  0.000000e+00
    outer loop
      vertex  5.000000e+01  2.101301e+01  3.403606e+01
      vertex  5.000000e+01 -2.101301e+01  3.403606e+01
      vertex  5.000000e+01  2.249797e+01  3.307327e+01
    endloop
  endfacet
  facet normal  1.000000e+00  0.000000e+00  0.000000e+00
    outer loop
      vertex  5.000000e+01  2.249797e+01  3.307327e+01
      vertex  5.000000e+01 -2.101301e+01  3.403606e+01
      vertex  5.000000e+01 -2.249797e+01  3.307327e+01
    endloop
  endfacet
  facet normal  1.000000e+00  -0.000000e+00  0.000000e+00
    outer loop
      vertex  5.000000e+01  2.249797e+01  3.307327e+01
      vertex  5.000000e+01 -2.249797e+01  3.307327e+01
      vertex  5.000000e+01  2.393889e+01  3.204574e+01
    endloop
  endfacet
  facet normal  1.000000e+00  0.000000e+00  0.000000e+00
    outer loop
      vertex  5.000000e+01  2.393889e+01  3.204574e+01
      vertex  5.000000e+01 -2.249797e+01  3.307327e+01
      vertex  5.000000e+01 -2.393889e+01  3.204574e+01
    endloop
  endfacet
  facet normal  1.000000e+00  -0.000000e+00  0.000000e+00
    outer loop
      vertex  5.000000e+01  2.393889e+01  3.204574e+01
      vertex  5.000000e+01 -2.393889e+01  3.204574e+01
      vertex  5.000000e+01  2.533295e+01  3.095548e+01
    endloop
  endfacet
  facet normal  1.000000e+00  0.000000e+00  0.000000e+00
    outer loop
      vertex  5.000000e+01  2.533295e+01  3.095548e+01
      vertex  5.000000e+01 -2.393889e+01  3.204574e+01
      vertex  5.000000e+01 -2.533295e+01  3.095548e+01
    endloop
  endfacet
  facet normal  1.000000e+00  0.000000e+00  0.000000e+00
    outer loop
      vertex  5.000000e+01  1.398076e+01  2.654314e+01
      vertex  5.000000e+01  3.038748e+01  2.601155e+01
      vertex  5.000000e+01  1.260863e+01  2.722173e+01
    endloop
  endfacet
  facet normal  1.000000e+00  -0.000000e+00  0.000000e+00
    outer loop
      vertex  5.000000e+01  1.260863e+01  2.722173e+01
      vertex  5.000000e+01  3.038748e+01  2.601155e+01
      vertex  5.000000e+01  2.920716e+01  2.733023e+01
    endloop
  endfacet
  facet normal  1.000000e+00  0.000000e+00  0.000000e+00
    outer loop
      vertex  5.000000e+01  1.260863e+01  2.722173e+01
      vertex  5.000000e+01  2.920716e+01  2.733023e+01
      vertex  5.000000e+01  1.120367e+01  2.782944e+01
    endloop
  endfacet
  facet normal  1.000000e+00  -0.000000e+00  0.000000e+00
    outer loop
      vertex  5.000000e+01  3.038748e+01  2.601155e+01
      vertex  5.000000e+01  1.531649e+01  2.579545e+01
      vertex  5.000000e+01  3.150832e+01  2.464195e+01
    endloop
  endfacet
  facet normal  1.000000e+00  0.000000e+00  0.000000e+00
    outer loop
      vertex  5.000000e+01  3.150832e+01  2.464195e+01
      vertex  5.000000e+01  1.531649e+01  2.579545e+01
      vertex  5.000000e+01  1.661234e+01  2.498059e+01
    endloop
  endfacet
  facet normal  9.999999e-01  0.000000e+00  0.000000e+00
    outer loop
      vertex  5.000000e+01  3.150832e+01  2.464195e+01
      vertex  5.000000e+01  1.661234e+01  2.498059e+01
      vertex  5.000000e+01  3.256747e+01  2.322412e+01
    endloop
  endfacet
  facet normal  1.000000e+00  0.000000e+00  0.000000e+00
    outer loop
      vertex  5.000000e+01  3.256747e+01  2.322412e+01
      vertex  5.000000e+01  1.661234e+01  2.498059e+01
      vertex  5.000000e+01  1.786494e+01  2.410070e+01
    endloop
  endfacet
  facet normal  1.000000e+00  0.000000e+00  0.000000e+00
    outer loop
      vertex  5.000000e+01  3.256747e+01  2.322412e+01
      vertex  5.000000e+01  1.786494e+01  2.410070e+01
      vertex  5.000000e+01  1.907103e+01  2.315806e+01
    endloop
  endfacet
  facet normal  9.999999e-01  -0.000000e+00  0.000000e+00
    outer loop
      vertex  5.000000e+01  3.256747e+01  2.322412e+01
      vertex  5.000000e+01  1.907103e+01  2.315806e+01
      vertex  5.000000e+01  3.356288e+01  2.176082e+01
    endloop
  endfacet
  facet normal  1.000000e+00  0.000000e+00  0.000000e+00
    outer loop
      vertex  5.000000e+01  3.356288e+01  2.176082e+01
      vertex  5.000000e+01  1.907103e+01  2.315806e+01
      vertex  5.000000e+01  2.022747e+01  2.215512e+01
    endloop
  endfacet
  facet normal  1.000000e+00  0.000000e+00  0.000000e+00
    outer loop
      vertex  5.000000e+01  3.356288e+01  2.176082e+01
      vertex  5.000000e+01  2.022747e+01  2.215512e+01
      vertex  5.000000e+01  3.449258e+01  2.025492e+01
    endloop
  endfacet
  facet normal  1.000000e+00  0.000000e+00  0.000000e+00
    outer loop
      vertex  5.000000e+01  3.449258e+01  2.025492e+01
      vertex  5.000000e+01  2.022747e+01  2.215512e+01
      vertex  5.000000e+01  2.133124e+01  2.109451e+01
    endloop
  endfacet
  facet normal  1.000000e+00  0.000000e+00  0.000000e+00
    outer loop
      vertex  5.000000e+01  3.449258e+01  2.025492e+01
      vertex  5.000000e+01  2.133124e+01  2.109451e+01
      vertex  5.000000e+01  2.237947e+01  1.997897e+01
    endloop
  endfacet
  facet normal  9.999999e-01  -0.000000e+00  0.000000e+00
    outer loop
      vertex  5.000000e+01  3.449258e+01  2.025492e+01
      vertex  5.000000e+01  2.237947e+01  1.997897e+01
      vertex  5.000000e+01  3.535477e+01  1.870937e+01
    endloop
  endfacet
  facet normal  1.000000e+00  0.000000e+00  0.000000e+00
    outer loop
      vertex  5.000000e+01  3.535477e+01  1.870937e+01
      vertex  5.000000e+01  2.237947e+01  1.997897e+01
      vertex  5.000000e+01  2.336944e+01  1.881141e+01
    endloop
  endfacet
  facet normal  1.000000e+00  0.000000e+00  0.000000e+00
    outer loop
      vertex  5.000000e+01  3.535477e+01  1.870937e+01
      vertex  5.000000e+01  2.336944e+01  1.881141e+01
      vertex  5.000000e+01  3.614774e+01  1.712720e+01
    endloop
  endfacet
  facet normal  1.000000e+00  0.000000e+00  0.000000e+00
    outer loop
      vertex  5.000000e+01  3.614774e+01  1.712720e+01
      vertex  5.000000e+01  2.336944e+01  1.881141e+01
      vertex  5.000000e+01  2.429857e+01  1.759488e+01
    endloop
  endfacet
  facet normal  9.999999e-01  0.000000e+00  0.000000e+00
    outer loop
      vertex  5.000000e+01  3.614774e+01  1.712720e+01
      vertex  5.000000e+01  2.429857e+01  1.759488e+01
      vertex  5.000000e+01  3.686995e+01  1.551150e+01
    endloop
  endfacet
  facet normal  1.000000e+00  0.000000e+00  0.000000e+00
    outer loop
      vertex  5.000000e+01  3.686995e+01  1.551150e+01
      vertex  5.000000e+01  2.429857e+01  1.759488e+01
      vertex  5.000000e+01  2.516443e+01  1.633253e+01
    endloop
  endfacet
  facet normal  1.000000e+00  0.000000e+00  0.000000e+00
    outer loop
      vertex  5.000000e+01  3.686995e+01  1.551150e+01
      vertex  5.000000e+01  2.516443e+01  1.633253e+01
      vertex  5.000000e+01  2.596477e+01  1.502767e+01
    endloop
  endfacet
  facet normal  1.000000e+00  -0.000000e+00  0.000000e+00
    outer loop
      vertex  5.000000e+01  3.686995e+01  1.551150e+01
      vertex  5.000000e+01  2.596477e+01  1.502767e+01
      vertex  5.000000e+01  3.751999e+01  1.386544e+01
    endloop
  endfacet
  facet normal  9.999999e-01  0.000000e+00  0.000000e+00
    outer loop
      vertex  5.000000e+01  3.751999e+01  1.386544e+01
      vertex  5.000000e+01  2.596477e+01  1.502767e+01
      vertex  5.000000e+01  2.669751e+01  1.368367e+01
    endloop
  endfacet
  facet normal  1.000000e+00  -0.000000e+00  0.000000e+00
    outer loop
      vertex  5.000000e+01  3.751999e+01  1.386544e+01
      vertex  5.000000e+01  2.669751e+01  1.368367e+01
      vertex  5.000000e+01  3.809658e+01  1.219223e+01
    endloop
  endfacet
  facet normal  1.000000e+00  0.000000e+00  0.000000e+00
    outer loop
      vertex  5.000000e+01  3.809658e+01  1.219223e+01
      vertex  5.000000e+01  2.669751e+01  1.368367e+01
      vertex  5.000000e+01  2.736074e+01  1.230406e+01
    endloop
  endfacet
  facet normal  1.000000e+00  0.000000e+00  0.000000e+00
    outer loop
      vertex  5.000000e+01  3.809658e+01  1.219223e+01
      vertex  5.000000e+01  2.736074e+01  1.230406e+01
      vertex  5.000000e+01  3.859860e+01  1.049516e+01
    endloop
  endfacet
  facet normal  1.000000e+00  0.000000e+00  0.000000e+00
    outer loop
      vertex  5.000000e+01  3.859860e+01  1.049516e+01
      vertex  5.000000e+01  2.736074e+01  1.230406e+01
      vertex  5.000000e+01  2.795274e+01  1.089240e+01
    endloop
  endfacet
  facet normal  1.000000e+00  0.000000e+00  0.000000e+00
    outer loop
      vertex  5.000000e+01  3.859860e+01  1.049516e+01
      vertex  5.000000e+01  2.795274e+01  1.089240e+01
      vertex  5.000000e+01  3.902505e+01  8.777540e+00
    endloop
  endfacet
  facet normal  9.999999e-01  0.000000e+00  0.000000e+00
    outer loop
      vertex  5.000000e+01  3.902505e+01  8.777540e+00
      vertex  5.000000e+01  2.795274e+01  1.089240e+01
      vertex  5.000000e+01  2.847196e+01  9.452391e+00
    endloop
  endfacet
  facet normal  1.000000e+00  0.000000e+00  0.000000e+00
    outer loop
      vertex  5.000000e+01  3.902505e+01  8.777540e+00
      vertex  5.000000e+01  2.847196e+01  9.452391e+00
      vertex  5.000000e+01  3.937512e+01  7.042741e+00
    endloop
  endfacet
  facet normal  1.000000e+00  0.000000e+00  0.000000e+00
    outer loop
      vertex  5.000000e+01  3.937512e+01  7.042741e+00
      vertex  5.000000e+01  2.847196e+01  9.452391e+00
      vertex  5.000000e+01  2.891705e+01  7.987768e+00
    endloop
  endfacet
  facet normal  1.000000e+00  0.000000e+00  0.000000e+00
    outer loop
      vertex  5.000000e+01  3.937512e+01  7.042741e+00
      vertex  5.000000e+01  2.891705e+01  7.987768e+00
      vertex  5.000000e+01  2.928685e+01  6.502349e+00
    endloop
  endfacet
  facet normal  1.000000e+00  -0.000000e+00  0.000000e+00
    outer loop
      vertex  5.000000e+01  3.937512e+01  7.042741e+00
      vertex  5.000000e+01  2.928685e+01  6.502349e+00
      vertex  5.000000e+01  3.964810e+01  5.294154e+00
    endloop
  endfacet
  facet normal  1.000000e+00  0.000000e+00  0.000000e+00
    outer loop
      vertex  5.000000e+01  3.964810e+01  5.294154e+00
      vertex  5.000000e+01  2.928685e+01  6.502349e+00
      vertex  5.000000e+01  2.958040e+01  5.000000e+00
    endloop
  endfacet
  facet normal  1.000000e+00  0.000000e+00  0.000000e+00
    outer loop
      vertex  5.000000e+01  3.964810e+01  5.294154e+00
      vertex  5.000000e+01  2.958040e+01  5.000000e+00
      vertex  5.000000e+01  3.500000e+01  5.000000e+00
    endloop
  endfacet
  facet normal  1.000000e+00  -0.000000e+00  0.000000e+00
    outer loop
      vertex  5.000000e+01  3.964810e+01  5.294154e+00
      vertex  5.000000e+01  3.500000e+01  5.000000e+00
      vertex  5.000000e+01  3.984347e+01  3.535204e+00
    endloop
  endfacet
  facet normal  1.000000e+00  0.000000e+00  0.000000e+00
    outer loop
      vertex  5.000000e+01  3.984347e+01  3.535204e+00
      vertex  5.000000e+01  3.500000e+01  5.000000e+00
      vertex  5.000000e+01  3.500000e+01  0.000000e+00
    endloop
  endfacet
  facet normal  1.000000e+00  0.000000e+00  0.000000e+00
    outer loop
      vertex  5.000000e+01  3.984347e+01  3.535204e+00
      vertex  5.000000e+01  3.500000e+01  0.000000e+00
      vertex  5.000000e+01  3.996085e+01  1.769334e+00
    endloop
  endfacet
  facet normal  1.000000e+00  0.000000e+00  0.000000e+00
    outer loop
      vertex  5.000000e+01  3.996085e+01  1.769334e+00
      vertex  5.000000e+01  3.500000e+01  0.000000e+00
      vertex  5.000000e+01  4.000000e+01  0.000000e+00
    endloop
  endfacet
  facet normal -1.000000e+00  0.000000e+00  0.000000e+00
    outer loop
      vertex -5.000000e+01 -1.120367e+01  2.782944e+01
      vertex -5.000000e+01 -2.920716e+01  2.733023e+01
      vertex -5.000000e+01 -9.769539e+00  2.836470e+01
    endloop
  endfacet
  facet normal -9.999999e-01  0.000000e+00  0.000000e+00
    outer loop
      vertex -5.000000e+01 -1.531649e+01  2.579545e+01
      vertex -5.000000e+01 -3.038748e+01  2.601155e+01
      vertex -5.000000e+01 -1.398076e+01  2.654314e+01
    endloop
  endfacet
  facet normal -9.999999e-01  0.000000e+00  0.000000e+00
    outer loop
      vertex -5.000000e+01  2.667742e+01  2.980462e+01
      vertex -5.000000e+01  3.816940e+00  2.975619e+01
      vertex -5.000000e+01  2.294146e+00  2.991215e+01
    endloop
  endfacet
  facet normal -1.000000e+00  0.000000e+00  0.000000e+00
    outer loop
      vertex -5.000000e+01  1.120367e+01  2.782944e+01
      vertex -5.000000e+01  9.769539e+00  2.836470e+01
      vertex -5.000000e+01  2.920716e+01  2.733023e+01
    endloop
  endfacet
  facet normal -9.999999e-01  0.000000e+00  0.000000e+00
    outer loop
      vertex -5.000000e+01  3.038748e+01  2.601155e+01
      vertex -5.000000e+01  1.531649e+01  2.579545e+01
      vertex -5.000000e+01  1.398076e+01  2.654314e+01
    endloop
  endfacet
  facet normal -1.000000e+00  0.000000e+00  0.000000e+00
    outer loop
      vertex -5.000000e+01 -3.500000e+01  0.000000e+00
      vertex -5.000000e+01 -4.000000e+01  4.898587e-15
      vertex -5.000000e+01 -3.996085e+01  1.769334e+00
    endloop
  endfacet
  facet normal -1.000000e+00  0.000000e+00  0.000000e+00
    outer loop
      vertex -5.000000e+01 -3.500000e+01  0.000000e+00
      vertex -5.000000e+01 -3.996085e+01  1.769334e+00
      vertex -5.000000e+01 -3.984347e+01  3.535204e+00
    endloop
  endfacet
  facet normal -1.000000e+00  0.000000e+00  0.000000e+00
    outer loop
      vertex -5.000000e+01 -3.500000e+01  0.000000e+00
      vertex -5.000000e+01 -3.984347e+01  3.535204e+00
      vertex -5.000000e+01 -3.964810e+01  5.294154e+00
    endloop
  endfacet
  facet normal -1.000000e+00  0.000000e+00  0.000000e+00
    outer loop
      vertex -5.000000e+01 -3.500000e+01  0.000000e+00
      vertex -5.000000e+01 -3.964810e+01  5.294154e+00
      vertex -5.000000e+01 -3.500000e+01  5.000000e+00
    endloop
  endfacet
  facet normal -1.000000e+00  0.000000e+00  -0.000000e+00
    outer loop
      vertex -5.000000e+01 -2.796967e+01  2.859541e+01
      vertex -5.000000e+01 -2.667742e+01  2.980462e+01
      vertex -5.000000e+01 -3.816940e+00  2.975619e+01
    endloop
  endfacet
  facet normal -1.000000e+00  0.000000e+00  0.000000e+00
    outer loop
      vertex -5.000000e+01 -2.796967e+01  2.859541e+01
      vertex -5.000000e+01 -3.816940e+00  2.975619e+01
      vertex -5.000000e+01 -5.329795e+00  2.952276e+01
    endloop
  endfacet
  facet normal -1.000000e+00  0.000000e+00  0.000000e+00
    outer loop
      vertex -5.000000e+01 -2.796967e+01  2.859541e+01
      vertex -5.000000e+01 -5.329795e+00  2.952276e+01
      vertex -5.000000e+01 -6.828775e+00  2.921246e+01
    endloop
  endfacet
  facet normal -1.000000e+00  0.000000e+00  0.000000e+00
    outer loop
      vertex -5.000000e+01 -2.796967e+01  2.859541e+01
      vertex -5.000000e+01 -6.828775e+00  2.921246e+01
      vertex -5.000000e+01 -8.309975e+00  2.882611e+01
    endloop
  endfacet
  facet normal -1.000000e+00  0.000000e+00  0.000000e+00
    outer loop
      vertex -5.000000e+01 -2.796967e+01  2.859541e+01
      vertex -5.000000e+01 -8.309975e+00  2.882611e+01
      vertex -5.000000e+01 -9.769539e+00  2.836470e+01
    endloop
  endfacet
  facet normal -1.000000e+00  -0.000000e+00  0.000000e+00
    outer loop
      vertex -5.000000e+01 -2.796967e+01  2.859541e+01
      vertex -5.000000e+01 -9.769539e+00  2.836470e+01
      vertex -5.000000e+01 -2.920716e+01  2.733023e+01
    endloop
  endfacet
  facet normal -1.000000e+00  0.000000e+00  0.000000e+00
    outer loop
      vertex -5.000000e+01  2.796967e+01  2.859541e+01
      vertex -5.000000e+01  2.920716e+01  2.733023e+01
      vertex -5.000000e+01  9.769539e+00  2.836470e+01
    endloop
  endfacet
  facet normal -1.000000e+00  0.000000e+00  0.000000e+00
    outer loop
      vertex -5.000000e+01  2.796967e+01  2.859541e+01
      vertex -5.000000e+01  9.769539e+00  2.836470e+01
      vertex -5.000000e+01  8.309975e+00  2.882611e+01
    endloop
  endfacet
  facet normal -1.000000e+00  0.000000e+00  0.000000e+00
    outer loop
      vertex -5.000000e+01  2.796967e+01  2.859541e+01
      vertex -5.000000e+01  8.309975e+00  2.882611e+01
      vertex -5.000000e+01  6.828775e+00  2.921246e+01
    endloop
  endfacet
  facet normal -1.000000e+00  0.000000e+00  0.000000e+00
    outer loop
      vertex -5.000000e+01  2.796967e+01  2.859541e+01
      vertex -5.000000e+01  6.828775e+00  2.921246e+01
      vertex -5.000000e+01  5.329795e+00  2.952276e+01
    endloop
  endfacet
  facet normal -1.000000e+00  0.000000e+00  0.000000e+00
    outer loop
      vertex -5.000000e+01  2.796967e+01  2.859541e+01
      vertex -5.000000e+01  5.329795e+00  2.952276e+01
      vertex -5.000000e+01  3.816940e+00  2.975619e+01
    endloop
  endfacet
  facet normal -1.000000e+00  0.000000e+00  0.000000e+00
    outer loop
      vertex -5.000000e+01  2.796967e+01  2.859541e+01
      vertex -5.000000e+01  3.816940e+00  2.975619e+01
      vertex -5.000000e+01  2.667742e+01  2.980462e+01
    endloop
  endfacet
  facet normal -1.000000e+00  0.000000e+00  0.000000e+00
    outer loop
      vertex -5.000000e+01 -3.816940e+00  2.975619e+01
      vertex -5.000000e+01 -2.667742e+01  2.980462e+01
      vertex -5.000000e+01 -2.294146e+00  2.991215e+01
    endloop
  endfacet
  facet normal -9.999999e-01  -0.000000e+00  0.000000e+00
    outer loop
      vertex -5.000000e+01 -2.294146e+00  2.991215e+01
      vertex -5.000000e+01 -2.667742e+01  2.980462e+01
      vertex -5.000000e+01 -2.533295e+01  3.095548e+01
    endloop
  endfacet
  facet normal -9.999999e-01  0.000000e+00  0.000000e+00
    outer loop
      vertex -5.000000e+01 -2.294146e+00  2.991215e+01
      vertex -5.000000e+01 -2.533295e+01  3.095548e+01
      vertex -5.000000e+01 -7.653796e-01  2.999023e+01
    endloop
  endfacet
  facet normal -9.999999e-01  0.000000e+00  0.000000e+00
    outer loop
      vertex -5.000000e+01 -7.653796e-01  2.999023e+01
      vertex -5.000000e+01 -2.533295e+01  3.095548e+01
      vertex -5.000000e+01  2.533295e+01  3.095548e+01
    endloop
  endfacet
  facet normal -1.000000e+00  0.000000e+00  0.000000e+00
    outer loop
      vertex -5.000000e+01 -7.653796e-01  2.999023e+01
      vertex -5.000000e+01  2.533295e+01  3.095548e+01
      vertex -5.000000e+01  7.653796e-01  2.999023e+01
    endloop
  endfacet
  facet normal -1.000000e+00  0.000000e+00  0.000000e+00
    outer loop
      vertex -5.000000e+01  7.653796e-01  2.999023e+01
      vertex -5.000000e+01  2.533295e+01  3.095548e+01
      vertex -5.000000e+01  2.667742e+01  2.980462e+01
    endloop
  endfacet
  facet normal -1.000000e+00  0.000000e+00  0.000000e+00
    outer loop
      vertex -5.000000e+01  7.653796e-01  2.999023e+01
      vertex -5.000000e+01  2.667742e+01  2.980462e+01
      vertex -5.000000e+01  2.294146e+00  2.991215e+01
    endloop
  endfacet
  facet normal -1.000000e+00  0.000000e+00  0.000000e+00
    outer loop
      vertex -5.000000e+01 -1.120367e+01  2.782944e+01
      vertex -5.000000e+01 -1.260863e+01  2.722173e+01
      vertex -5.000000e+01 -2.920716e+01  2.733023e+01
    endloop
  endfacet
  facet normal -1.000000e+00  0.000000e+00  0.000000e+00
    outer loop
      vertex -5.000000e+01 -2.920716e+01  2.733023e+01
      vertex -5.000000e+01 -1.260863e+01  2.722173e+01
      vertex -5.000000e+01 -1.398076e+01  2.654314e+01
    endloop
  endfacet
  facet normal -9.999999e-01  -0.000000e+00  0.000000e+00
    outer loop
      vertex -5.000000e+01 -2.920716e+01  2.733023e+01
      vertex -5.000000e+01 -1.398076e+01  2.654314e+01
      vertex -5.000000e+01 -3.038748e+01  2.601155e+01
    endloop
  endfacet
  facet normal -1.000000e+00  0.000000e+00  0.000000e+00
    outer loop
      vertex -5.000000e+01 -1.907103e+01  2.315806e+01
      vertex -5.000000e+01 -3.256747e+01  2.322412e+01
      vertex -5.000000e+01 -1.786494e+01  2.410070e+01
    endloop
  endfacet
  facet normal -1.000000e+00  -0.000000e+00  0.000000e+00
    outer loop
      vertex -5.000000e+01 -1.786494e+01  2.410070e+01
      vertex -5.000000e+01 -3.256747e+01  2.322412e+01
      vertex -5.000000e+01 -3.150832e+01  2.464195e+01
    endloop
  endfacet
  facet normal -1.000000e+00  0.000000e+00  0.000000e+00
    outer loop
      vertex -5.000000e+01 -1.786494e+01  2.410070e+01
      vertex -5.000000e+01 -3.150832e+01  2.464195e+01
      vertex -5.000000e+01 -1.661234e+01  2.498059e+01
    endloop
  endfacet
  facet normal -1.000000e+00  -0.000000e+00  0.000000e+00
    outer loop
      vertex -5.000000e+01 -1.661234e+01  2.498059e+01
      vertex -5.000000e+01 -3.150832e+01  2.464195e+01
      vertex -5.000000e+01 -3.038748e+01  2.601155e+01
    endloop
  endfacet
  facet normal -1.000000e+00  0.000000e+00  0.000000e+00
    outer loop
      vertex -5.000000e+01 -1.661234e+01  2.498059e+01
      vertex -5.000000e+01 -3.038748e+01  2.601155e+01
      vertex -5.000000e+01 -1.531649e+01  2.579545e+01
    endloop
  endfacet
  facet normal -1.000000e+00  0.000000e+00  0.000000e+00
    outer loop
      vertex -5.000000e+01 -2.237947e+01  1.997897e+01
      vertex -5.000000e+01 -3.449258e+01  2.025492e+01
      vertex -5.000000e+01 -2.133124e+01  2.109451e+01
    endloop
  endfacet
  facet normal -1.000000e+00  -0.000000e+00  0.000000e+00
    outer loop
      vertex -5.000000e+01 -2.133124e+01  2.109451e+01
      vertex -5.000000e+01 -3.449258e+01  2.025492e+01
      vertex -5.000000e+01 -3.356288e+01  2.176082e+01
    endloop
  endfacet
  facet normal -1.000000e+00  0.000000e+00  0.000000e+00
    outer loop
      vertex -5.000000e+01 -2.133124e+01  2.109451e+01
      vertex -5.000000e+01 -3.356288e+01  2.176082e+01
      vertex -5.000000e+01 -2.022747e+01  2.215512e+01
    endloop
  endfacet
  facet normal -1.000000e+00  -0.000000e+00  0.000000e+00
    outer loop
      vertex -5.000000e+01 -2.022747e+01  2.215512e+01
      vertex -5.000000e+01 -3.356288e+01  2.176082e+01
      vertex -5.000000e+01 -3.256747e+01  2.322412e+01
    endloop
  endfacet
  facet normal -9.999999e-01  0.000000e+00  0.000000e+00
    outer loop
      vertex -5.000000e+01 -2.022747e+01  2.215512e+01
      vertex -5.000000e+01 -3.256747e+01  2.322412e+01
      vertex -5.000000e+01 -1.907103e+01  2.315806e+01
    endloop
  endfacet
  facet normal -1.000000e+00  0.000000e+00  0.000000e+00
    outer loop
      vertex -5.000000e+01 -2.596477e+01  1.502767e+01
      vertex -5.000000e+01 -3.686995e+01  1.551150e+01
      vertex -5.000000e+01 -2.516443e+01  1.633253e+01
    endloop
  endfacet
  facet normal -1.000000e+00  -0.000000e+00  0.000000e+00
    outer loop
      vertex -5.000000e+01 -2.516443e+01  1.633253e+01
      vertex -5.000000e+01 -3.686995e+01  1.551150e+01
      vertex -5.000000e+01 -3.614774e+01  1.712720e+01
    endloop
  endfacet
  facet normal -1.000000e+00  0.000000e+00  0.000000e+00
    outer loop
      vertex -5.000000e+01 -2.516443e+01  1.633253e+01
      vertex -5.000000e+01 -3.614774e+01  1.712720e+01
      vertex -5.000000e+01 -2.429857e+01  1.759488e+01
    endloop
  endfacet
  facet normal -1.000000e+00  -0.000000e+00  0.000000e+00
    outer loop
      vertex -5.000000e+01 -2.429857e+01  1.759488e+01
      vertex -5.000000e+01 -3.614774e+01  1.712720e+01
      vertex -5.000000e+01 -3.535477e+01  1.870937e+01
    endloop
  endfacet
  facet normal -1.000000e+00  0.000000e+00  0.000000e+00
    outer loop
      vertex -5.000000e+01 -2.429857e+01  1.759488e+01
      vertex -5.000000e+01 -3.535477e+01  1.870937e+01
      vertex -5.000000e+01 -2.336944e+01  1.881141e+01
    endloop
  endfacet
  facet normal -1.000000e+00  -0.000000e+00  0.000000e+00
    outer loop
      vertex -5.000000e+01 -2.336944e+01  1.881141e+01
      vertex -5.000000e+01 -3.535477e+01  1.870937e+01
      vertex -5.000000e+01 -3.449258e+01  2.025492e+01
    endloop
  endfacet
  facet normal -9.999999e-01  0.000000e+00  0.000000e+00
    outer loop
      vertex -5.000000e+01 -2.336944e+01  1.881141e+01
      vertex -5.000000e+01 -3.449258e+01  2.025492e+01
      vertex -5.000000e+01 -2.237947e+01  1.997897e+01
    endloop
  endfacet
  facet normal -9.999999e-01  0.000000e+00  0.000000e+00
    outer loop
      vertex -5.000000e+01 -2.928685e+01  6.502349e+00
      vertex -5.000000e+01 -3.937512e+01  7.042741e+00
      vertex -5.000000e+01 -2.891705e+01  7.987768e+00
    endloop
  endfacet
  facet normal -1.000000e+00  -0.000000e+00  0.000000e+00
    outer loop
      vertex -5.000000e+01 -2.891705e+01  7.987768e+00
      vertex -5.000000e+01 -3.937512e+01  7.042741e+00
      vertex -5.000000e+01 -3.902505e+01  8.777540e+00
    endloop
  endfacet
  facet normal -9.999999e-01  0.000000e+00  0.000000e+00
    outer loop
      vertex -5.000000e+01 -2.891705e+01  7.987768e+00
      vertex -5.000000e+01 -3.902505e+01  8.777540e+00
      vertex -5.000000e+01 -2.847196e+01  9.452391e+00
    endloop
  endfacet
  facet normal -1.000000e+00  -0.000000e+00  0.000000e+00
    outer loop
      vertex -5.000000e+01 -2.847196e+01  9.452391e+00
      vertex -5.000000e+01 -3.902505e+01  8.777540e+00
      vertex -5.000000e+01 -3.859860e+01  1.049516e+01
    endloop
  endfacet
  facet normal -9.999999e-01  0.000000e+00  0.000000e+00
    outer loop
      vertex -5.000000e+01 -2.847196e+01  9.452391e+00
      vertex -5.000000e+01 -3.859860e+01  1.049516e+01
      vertex -5.000000e+01 -2.795274e+01  1.089240e+01
    endloop
  endfacet
  facet normal -1.000000e+00  -0.000000e+00  0.000000e+00
    outer loop
      vertex -5.000000e+01 -2.795274e+01  1.089240e+01
      vertex -5.000000e+01 -3.859860e+01  1.049516e+01
      vertex -5.000000e+01 -3.809658e+01  1.219223e+01
    endloop
  endfacet
  facet normal -1.000000e+00  0.000000e+00  0.000000e+00
    outer loop
      vertex -5.000000e+01 -2.795274e+01  1.089240e+01
      vertex -5.000000e+01 -3.809658e+01  1.219223e+01
      vertex -5.000000e+01 -2.736074e+01  1.230406e+01
    endloop
  endfacet
  facet normal -9.999999e-01  -0.000000e+00  0.000000e+00
    outer loop
      vertex -5.000000e+01 -2.736074e+01  1.230406e+01
      vertex -5.000000e+01 -3.809658e+01  1.219223e+01
      vertex -5.000000e+01 -3.751999e+01  1.386544e+01
    endloop
  endfacet
  facet normal -1.000000e+00  0.000000e+00  0.000000e+00
    outer loop
      vertex -5.000000e+01 -2.736074e+01  1.230406e+01
      vertex -5.000000e+01 -3.751999e+01  1.386544e+01
      vertex -5.000000e+01 -2.669751e+01  1.368367e+01
    endloop
  endfacet
  facet normal -1.000000e+00  0.000000e+00  0.000000e+00
    outer loop
      vertex -5.000000e+01 -2.669751e+01  1.368367e+01
      vertex -5.000000e+01 -3.751999e+01  1.386544e+01
      vertex -5.000000e+01 -3.686995e+01  1.551150e+01
    endloop
  endfacet
  facet normal -1.000000e+00  0.000000e+00  0.000000e+00
    outer loop
      vertex -5.000000e+01 -2.669751e+01  1.368367e+01
      vertex -5.000000e+01 -3.686995e+01  1.551150e+01
      vertex -5.000000e+01 -2.596477e+01  1.502767e+01
    endloop
  endfacet
  facet normal -1.000000e+00  0.000000e+00  0.000000e+00
    outer loop
      vertex -5.000000e+01 -3.500000e+01  5.000000e+00
      vertex -5.000000e+01 -3.964810e+01  5.294154e+00
      vertex -5.000000e+01 -2.958040e+01  5.000000e+00
    endloop
  endfacet
  facet normal -9.999999e-01  0.000000e+00  0.000000e+00
    outer loop
      vertex -5.000000e+01 -2.958040e+01  5.000000e+00
      vertex -5.000000e+01 -3.964810e+01  5.294154e+00
      vertex -5.000000e+01 -3.937512e+01  7.042741e+00
    endloop
  endfacet
  facet normal -1.000000e+00  0.000000e+00  0.000000e+00
    outer loop
      vertex -5.000000e+01 -2.958040e+01  5.000000e+00
      vertex -5.000000e+01 -3.937512e+01  7.042741e+00
      vertex -5.000000e+01 -2.928685e+01  6.502349e+00
    endloop
  endfacet
  facet normal -9.999999e-01  0.000000e+00  0.000000e+00
    outer loop
      vertex -5.000000e+01  1.303202e+01  3.781754e+01
      vertex -5.000000e+01 -1.134647e+01  3.835698e+01
      vertex -5.000000e+01  1.134647e+01  3.835698e+01
    endloop
  endfacet
  facet normal -1.000000e+00  0.000000e+00  0.000000e+00
    outer loop
      vertex -5.000000e+01  1.134647e+01  3.835698e+01
      vertex -5.000000e+01 -1.134647e+01  3.835698e+01
      vertex -5.000000e+01 -9.638708e+00  3.882133e+01
    endloop
  endfacet
  facet normal -1.000000e+00  0.000000e+00  0.000000e+00
    outer loop
      vertex -5.000000e+01  1.134647e+01  3.835698e+01
      vertex -5.000000e+01 -9.638708e+00  3.882133e+01
      vertex -5.000000e+01  9.638708e+00  3.882133e+01
    endloop
  endfacet
  facet normal -9.999999e-01  0.000000e+00  0.000000e+00
    outer loop
      vertex -5.000000e+01  9.638708e+00  3.882133e+01
      vertex -5.000000e+01 -9.638708e+00  3.882133e+01
      vertex -5.000000e+01 -7.912077e+00  3.920968e+01
    endloop
  endfacet
  facet normal -1.000000e+00  0.000000e+00  0.000000e+00
    outer loop
      vertex -5.000000e+01  9.638708e+00  3.882133e+01
      vertex -5.000000e+01 -7.912077e+00  3.920968e+01
      vertex -5.000000e+01  7.912077e+00  3.920968e+01
    endloop
  endfacet
  facet normal -1.000000e+00  0.000000e+00  0.000000e+00
    outer loop
      vertex -5.000000e+01  7.912077e+00  3.920968e+01
      vertex -5.000000e+01 -7.912077e+00  3.920968e+01
      vertex -5.000000e+01 -6.169957e+00  3.952128e+01
    endloop
  endfacet
  facet normal -1.000000e+00  0.000000e+00  0.000000e+00
    outer loop
      vertex -5.000000e+01  7.912077e+00  3.920968e+01
      vertex -5.000000e+01 -6.169957e+00  3.952128e+01
      vertex -5.000000e+01  6.169957e+00  3.952128e+01
    endloop
  endfacet
  facet normal -1.000000e+00  0.000000e+00  0.000000e+00
    outer loop
      vertex -5.000000e+01  6.169957e+00  3.952128e+01
      vertex -5.000000e+01 -6.169957e+00  3.952128e+01
      vertex -5.000000e+01 -4.415760e+00  3.975552e+01
    endloop
  endfacet
  facet normal -1.000000e+00  0.000000e+00  0.000000e+00
    outer loop
      vertex -5.000000e+01  6.169957e+00  3.952128e+01
      vertex -5.000000e+01 -4.415760e+00  3.975552e+01
      vertex -5.000000e+01  4.415760e+00  3.975552e+01
    endloop
  endfacet
  facet normal -1.000000e+00  0.000000e+00  0.000000e+00
    outer loop
      vertex -5.000000e+01  4.415760e+00  3.975552e+01
      vertex -5.000000e+01 -4.415760e+00  3.975552e+01
      vertex -5.000000e+01 -2.652918e+00  3.991193e+01
    endloop
  endfacet
  facet normal -1.000000e+00  0.000000e+00  0.000000e+00
    outer loop
      vertex -5.000000e+01  4.415760e+00  3.975552e+01
      vertex -5.000000e+01 -2.652918e+00  3.991193e+01
      vertex -5.000000e+01  2.652918e+00  3.991193e+01
    endloop
  endfacet
  facet normal -1.000000e+00  0.000000e+00  0.000000e+00
    outer loop
      vertex -5.000000e+01  2.652918e+00  3.991193e+01
      vertex -5.000000e+01 -2.652918e+00  3.991193e+01
      vertex -5.000000e+01 -8.848835e-01  3.999021e+01
    endloop
  endfacet
  facet normal -1.000000e+00  0.000000e+00  0.000000e+00
    outer loop
      vertex -5.000000e+01  2.652918e+00  3.991193e+01
      vertex -5.000000e+01 -8.848835e-01  3.999021e+01
      vertex -5.000000e+01  8.848835e-01  3.999021e+01
    endloop
  endfacet
  facet normal -1.000000e+00  0.000000e+00  0.000000e+00
    outer loop
      vertex -5.000000e+01 -1.134647e+01  3.835698e+01
      vertex -5.000000e+01  1.303202e+01  3.781754e+01
      vertex -5.000000e+01 -1.303202e+01  3.781754e+01
    endloop
  endfacet
  facet normal -1.000000e+00  0.000000e+00  0.000000e+00
    outer loop
      vertex -5.000000e+01 -1.303202e+01  3.781754e+01
      vertex -5.000000e+01  1.303202e+01  3.781754e+01
      vertex -5.000000e+01  1.469206e+01  3.720407e+01
    endloop
  endfacet
  facet normal -9.999999e-01  0.000000e+00  0.000000e+00
    outer loop
      vertex -5.000000e+01 -1.303202e+01  3.781754e+01
      vertex -5.000000e+01  1.469206e+01  3.720407e+01
      vertex -5.000000e+01 -1.469206e+01  3.720407e+01
    endloop
  endfacet
  facet normal -1.000000e+00  0.000000e+00  0.000000e+00
    outer loop
      vertex -5.000000e+01 -1.469206e+01  3.720407e+01
      vertex -5.000000e+01  1.469206e+01  3.720407e+01
      vertex -5.000000e+01  1.632335e+01  3.651778e+01
    endloop
  endfacet
  facet normal -1.000000e+00  0.000000e+00  0.000000e+00
    outer loop
      vertex -5.000000e+01 -1.469206e+01  3.720407e+01
      vertex -5.000000e+01  1.632335e+01  3.651778e+01
      vertex -5.000000e+01 -1.632335e+01  3.651778e+01
    endloop
  endfacet
  facet normal -1.000000e+00  0.000000e+00  0.000000e+00
    outer loop
      vertex -5.000000e+01 -1.632335e+01  3.651778e+01
      vertex -5.000000e+01  1.632335e+01  3.651778e+01
      vertex -5.000000e+01  1.792267e+01  3.576000e+01
    endloop
  endfacet
  facet normal -9.999999e-01  0.000000e+00  0.000000e+00
    outer loop
      vertex -5.000000e+01 -1.632335e+01  3.651778e+01
      vertex -5.000000e+01  1.792267e+01  3.576000e+01
      vertex -5.000000e+01 -1.792267e+01  3.576000e+01
    endloop
  endfacet
  facet normal -9.999999e-01  0.000000e+00  0.000000e+00
    outer loop
      vertex -5.000000e+01 -1.792267e+01  3.576000e+01
      vertex -5.000000e+01  1.792267e+01  3.576000e+01
      vertex -5.000000e+01  1.948691e+01  3.493222e+01
    endloop
  endfacet
  facet normal -1.000000e+00  0.000000e+00  0.000000e+00
    outer loop
      vertex -5.000000e+01 -1.792267e+01  3.576000e+01
      vertex -5.000000e+01  1.948691e+01  3.493222e+01
      vertex -5.000000e+01 -1.948691e+01  3.493222e+01
    endloop
  endfacet
  facet normal -1.000000e+00  0.000000e+00  0.000000e+00
    outer loop
      vertex -5.000000e+01 -1.948691e+01  3.493222e+01
      vertex -5.000000e+01  1.948691e+01  3.493222e+01
      vertex -5.000000e+01  2.101301e+01  3.403606e+01
    endloop
  endfacet
  facet normal -1.000000e+00  0.000000e+00  0.000000e+00
    outer loop
      vertex -5.000000e+01 -1.948691e+01  3.493222e+01
      vertex -5.000000e+01  2.101301e+01  3.403606e+01
      vertex -5.000000e+01 -2.101301e+01  3.403606e+01
    endloop
  endfacet
  facet normal -1.000000e+00  0.000000e+00  0.000000e+00
    outer loop
      vertex -5.000000e+01 -2.101301e+01  3.403606e+01
      vertex -5.000000e+01  2.101301e+01  3.403606e+01
      vertex -5.000000e+01  2.249797e+01  3.307327e+01
    endloop
  endfacet
  facet normal -1.000000e+00  0.000000e+00  0.000000e+00
    outer loop
      vertex -5.000000e+01 -2.101301e+01  3.403606e+01
      vertex -5.000000e+01  2.249797e+01  3.307327e+01
      vertex -5.000000e+01 -2.249797e+01  3.307327e+01
    endloop
  endfacet
  facet normal -1.000000e+00  0.000000e+00  0.000000e+00
    outer loop
      vertex -5.000000e+01 -2.249797e+01  3.307327e+01
      vertex -5.000000e+01  2.249797e+01  3.307327e+01
      vertex -5.000000e+01  2.393889e+01  3.204574e+01
    endloop
  endfacet
  facet normal -1.000000e+00  0.000000e+00  0.000000e+00
    outer loop
      vertex -5.000000e+01 -2.249797e+01  3.307327e+01
      vertex -5.000000e+01  2.393889e+01  3.204574e+01
      vertex -5.000000e+01 -2.393889e+01  3.204574e+01
    endloop
  endfacet
  facet normal -1.000000e+00  0.000000e+00  0.000000e+00
    outer loop
      vertex -5.000000e+01 -2.393889e+01  3.204574e+01
      vertex -5.000000e+01  2.393889e+01  3.204574e+01
      vertex -5.000000e+01  2.533295e+01  3.095548e+01
    endloop
  endfacet
  facet normal -1.000000e+00  0.000000e+00  0.000000e+00
    outer loop
      vertex -5.000000e+01 -2.393889e+01  3.204574e+01
      vertex -5.000000e+01  2.533295e+01  3.095548e+01
      vertex -5.000000e+01 -2.533295e+01  3.095548e+01
    endloop
  endfacet
  facet normal -1.000000e+00  -0.000000e+00  0.000000e+00
    outer loop
      vertex -5.000000e+01  1.120367e+01  2.782944e+01
      vertex -5.000000e+01  2.920716e+01  2.733023e+01
      vertex -5.000000e+01  1.260863e+01  2.722173e+01
    endloop
  endfacet
  facet normal -1.000000e+00  0.000000e+00  0.000000e+00
    outer loop
      vertex -5.000000e+01  1.260863e+01  2.722173e+01
      vertex -5.000000e+01  2.920716e+01  2.733023e+01
      vertex -5.000000e+01  3.038748e+01  2.601155e+01
    endloop
  endfacet
  facet normal -1.000000e+00  0.000000e+00  0.000000e+00
    outer loop
      vertex -5.000000e+01  1.260863e+01  2.722173e+01
      vertex -5.000000e+01  3.038748e+01  2.601155e+01
      vertex -5.000000e+01  1.398076e+01  2.654314e+01
    endloop
  endfacet
  facet normal -1.000000e+00  0.000000e+00  0.000000e+00
    outer loop
      vertex -5.000000e+01  1.907103e+01  2.315806e+01
      vertex -5.000000e+01  1.786494e+01  2.410070e+01
      vertex -5.000000e+01  3.256747e+01  2.322412e+01
    endloop
  endfacet
  facet normal -1.000000e+00  0.000000e+00  0.000000e+00
    outer loop
      vertex -5.000000e+01  3.256747e+01  2.322412e+01
      vertex -5.000000e+01  1.786494e+01  2.410070e+01
      vertex -5.000000e+01  1.661234e+01  2.498059e+01
    endloop
  endfacet
  facet normal -9.999999e-01  0.000000e+00  0.000000e+00
    outer loop
      vertex -5.000000e+01  3.256747e+01  2.322412e+01
      vertex -5.000000e+01  1.661234e+01  2.498059e+01
      vertex -5.000000e+01  3.150832e+01  2.464195e+01
    endloop
  endfacet
  facet normal -1.000000e+00  0.000000e+00  0.000000e+00
    outer loop
      vertex -5.000000e+01  3.150832e+01  2.464195e+01
      vertex -5.000000e+01  1.661234e+01  2.498059e+01
      vertex -5.000000e+01  1.531649e+01  2.579545e+01
    endloop
  endfacet
  facet normal -1.000000e+00  0.000000e+00  0.000000e+00
    outer loop
      vertex -5.000000e+01  3.150832e+01  2.464195e+01
      vertex -5.000000e+01  1.531649e+01  2.579545e+01
      vertex -5.000000e+01  3.038748e+01  2.601155e+01
    endloop
  endfacet
  facet normal -1.000000e+00  0.000000e+00  0.000000e+00
    outer loop
      vertex -5.000000e+01  2.237947e+01  1.997897e+01
      vertex -5.000000e+01  2.133124e+01  2.109451e+01
      vertex -5.000000e+01  3.449258e+01  2.025492e+01
    endloop
  endfacet
  facet normal -1.000000e+00  0.000000e+00  0.000000e+00
    outer loop
      vertex -5.000000e+01  3.449258e+01  2.025492e+01
      vertex -5.000000e+01  2.133124e+01  2.109451e+01
      vertex -5.000000e+01  2.022747e+01  2.215512e+01
    endloop
  endfacet
  facet normal -1.000000e+00  0.000000e+00  0.000000e+00
    outer loop
      vertex -5.000000e+01  3.449258e+01  2.025492e+01
      vertex -5.000000e+01  2.022747e+01  2.215512e+01
      vertex -5.000000e+01  3.356288e+01  2.176082e+01
    endloop
  endfacet
  facet normal -1.000000e+00  0.000000e+00  0.000000e+00
    outer loop
      vertex -5.000000e+01  3.356288e+01  2.176082e+01
      vertex -5.000000e+01  2.022747e+01  2.215512e+01
      vertex -5.000000e+01  1.907103e+01  2.315806e+01
    endloop
  endfacet
  facet normal -9.999999e-01  0.000000e+00  0.000000e+00
    outer loop
      vertex -5.000000e+01  3.356288e+01  2.176082e+01
      vertex -5.000000e+01  1.907103e+01  2.315806e+01
      vertex -5.000000e+01  3.256747e+01  2.322412e+01
    endloop
  endfacet
  facet normal -1.000000e+00  0.000000e+00  0.000000e+00
    outer loop
      vertex -5.000000e+01  2.596477e+01  1.502767e+01
      vertex -5.000000e+01  2.516443e+01  1.633253e+01
      vertex -5.000000e+01  3.686995e+01  1.551150e+01
    endloop
  endfacet
  facet normal -1.000000e+00  0.000000e+00  0.000000e+00
    outer loop
      vertex -5.000000e+01  3.686995e+01  1.551150e+01
      vertex -5.000000e+01  2.516443e+01  1.633253e+01
      vertex -5.000000e+01  2.429857e+01  1.759488e+01
    endloop
  endfacet
  facet normal -9.999999e-01  0.000000e+00  0.000000e+00
    outer loop
      vertex -5.000000e+01  3.686995e+01  1.551150e+01
      vertex -5.000000e+01  2.429857e+01  1.759488e+01
      vertex -5.000000e+01  3.614774e+01  1.712720e+01
    endloop
  endfacet
  facet normal -1.000000e+00  0.000000e+00  0.000000e+00
    outer loop
      vertex -5.000000e+01  3.614774e+01  1.712720e+01
      vertex -5.000000e+01  2.429857e+01  1.759488e+01
      vertex -5.000000e+01  2.336944e+01  1.881141e+01
    endloop
  endfacet
  facet normal -1.000000e+00  0.000000e+00  0.000000e+00
    outer loop
      vertex -5.000000e+01  3.614774e+01  1.712720e+01
      vertex -5.000000e+01  2.336944e+01  1.881141e+01
      vertex -5.000000e+01  3.535477e+01  1.870937e+01
    endloop
  endfacet
  facet normal -1.000000e+00  0.000000e+00  0.000000e+00
    outer loop
      vertex -5.000000e+01  3.535477e+01  1.870937e+01
      vertex -5.000000e+01  2.336944e+01  1.881141e+01
      vertex -5.000000e+01  2.237947e+01  1.997897e+01
    endloop
  endfacet
  facet normal -9.999999e-01  0.000000e+00  0.000000e+00
    outer loop
      vertex -5.000000e+01  3.535477e+01  1.870937e+01
      vertex -5.000000e+01  2.237947e+01  1.997897e+01
      vertex -5.000000e+01  3.449258e+01  2.025492e+01
    endloop
  endfacet
  facet normal -1.000000e+00  0.000000e+00  0.000000e+00
    outer loop
      vertex -5.000000e+01  2.928685e+01  6.502349e+00
      vertex -5.000000e+01  2.891705e+01  7.987768e+00
      vertex -5.000000e+01  3.937512e+01  7.042741e+00
    endloop
  endfacet
  facet normal -1.000000e+00  0.000000e+00  0.000000e+00
    outer loop
      vertex -5.000000e+01  3.937512e+01  7.042741e+00
      vertex -5.000000e+01  2.891705e+01  7.987768e+00
      vertex -5.000000e+01  2.847196e+01  9.452391e+00
    endloop
  endfacet
  facet normal -1.000000e+00  0.000000e+00  0.000000e+00
    outer loop
      vertex -5.000000e+01  3.937512e+01  7.042741e+00
      vertex -5.000000e+01  2.847196e+01  9.452391e+00
      vertex -5.000000e+01  3.902505e+01  8.777540e+00
    endloop
  endfacet
  facet normal -9.999999e-01  0.000000e+00  0.000000e+00
    outer loop
      vertex -5.000000e+01  3.902505e+01  8.777540e+00
      vertex -5.000000e+01  2.847196e+01  9.452391e+00
      vertex -5.000000e+01  2.795274e+01  1.089240e+01
    endloop
  endfacet
  facet normal -1.000000e+00  0.000000e+00  0.000000e+00
    outer loop
      vertex -5.000000e+01  3.902505e+01  8.777540e+00
      vertex -5.000000e+01  2.795274e+01  1.089240e+01
      vertex -5.000000e+01  3.859860e+01  1.049516e+01
    endloop
  endfacet
  facet normal -1.000000e+00  0.000000e+00  0.000000e+00
    outer loop
      vertex -5.000000e+01  3.859860e+01  1.049516e+01
      vertex -5.000000e+01  2.795274e+01  1.089240e+01
      vertex -5.000000e+01  2.736074e+01  1.230406e+01
    endloop
  endfacet
  facet normal -1.000000e+00  0.000000e+00  0.000000e+00
    outer loop
      vertex -5.000000e+01  3.859860e+01  1.049516e+01
      vertex -5.000000e+01  2.736074e+01  1.230406e+01
      vertex -5.000000e+01  3.809658e+01  1.219223e+01
    endloop
  endfacet
  facet normal -1.000000e+00  0.000000e+00  0.000000e+00
    outer loop
      vertex -5.000000e+01  3.809658e+01  1.219223e+01
      vertex -5.000000e+01  2.736074e+01  1.230406e+01
      vertex -5.000000e+01  2.669751e+01  1.368367e+01
    endloop
  endfacet
  facet normal -1.000000e+00  0.000000e+00  0.000000e+00
    outer loop
      vertex -5.000000e+01  3.809658e+01  1.219223e+01
      vertex -5.000000e+01  2.669751e+01  1.368367e+01
      vertex -5.000000e+01  3.751999e+01  1.386544e+01
    endloop
  endfacet
  facet normal -9.999999e-01  -0.000000e+00  0.000000e+00
    outer loop
      vertex -5.000000e+01  3.751999e+01  1.386544e+01
      vertex -5.000000e+01  2.669751e+01  1.368367e+01
      vertex -5.000000e+01  2.596477e+01  1.502767e+01
    endloop
  endfacet
  facet normal -1.000000e+00  0.000000e+00  0.000000e+00
    outer loop
      vertex -5.000000e+01  3.751999e+01  1.386544e+01
      vertex -5.000000e+01  2.596477e+01  1.502767e+01
      vertex -5.000000e+01  3.686995e+01  1.551150e+01
    endloop
  endfacet
  facet normal -1.000000e+00  0.000000e+00  0.000000e+00
    outer loop
      vertex -5.000000e+01  3.500000e+01  5.000000e+00
      vertex -5.000000e+01  2.958040e+01  5.000000e+00
      vertex -5.000000e+01  3.964810e+01  5.294154e+00
    endloop
  endfacet
  facet normal -1.000000e+00  -0.000000e+00  0.000000e+00
    outer loop
      vertex -5.000000e+01  3.964810e+01  5.294154e+00
      vertex -5.000000e+01  2.958040e+01  5.000000e+00
      vertex -5.000000e+01  2.928685e+01  6.502349e+00
    endloop
  endfacet
  facet normal -1.000000e+00  0.000000e+00  0.000000e+00
    outer loop
      vertex -5.000000e+01  3.964810e+01  5.294154e+00
      vertex -5.000000e+01  2.928685e+01  6.502349e+00
      vertex -5.000000e+01  3.937512e+01  7.042741e+00
    endloop
  endfacet
  facet normal -1.000000e+00  0.000000e+00  0.000000e+00
    outer loop
      vertex -5.000000e+01  3.964810e+01  5.294154e+00
      vertex -5.000000e+01  3.984347e+01  3.535204e+00
      vertex -5.000000e+01  3.500000e+01  5.000000e+00
    endloop
  endfacet
  facet normal -1.000000e+00  0.000000e+00  0.000000e+00
    outer loop
      vertex -5.000000e+01  3.500000e+01  5.000000e+00
      vertex -5.000000e+01  3.984347e+01  3.535204e+00
      vertex -5.000000e+01  3.500000e+01  0.000000e+00
    endloop
  endfacet
  facet normal -1.000000e+00  -0.000000e+00  0.000000e+00
    outer loop
      vertex -5.000000e+01  3.984347e+01  3.535204e+00
      vertex -5.000000e+01  3.996085e+01  1.769334e+00
      vertex -5.000000e+01  3.500000e+01  0.000000e+00
    endloop
  endfacet
  facet normal -1.000000e+00  0.000000e+00  0.000000e+00
    outer loop
      vertex -5.000000e+01  3.500000e+01  0.000000e+00
      vertex -5.000000e+01  3.996085e+01  1.769334e+00
      vertex -5.000000e+01  4.000000e+01  0.000000e+00
    endloop
  endfacet
  facet normal  0.000000e+00 -1.000000e+00  0.000000e+00
    outer loop
      vertex -5.000000e+01  3.500000e+01  0.000000e+00
      vertex  5.000000e+01  3.500000e+01  0.000000e+00
      vertex -5.000000e+01  3.500000e+01  5.000000e+00
    endloop
  endfacet
  facet normal  0.000000e+00 -1.000000e+00  0.000000e+00
    outer loop
      vertex -5.000000e+01  3.500000e+01  5.000000e+00
      vertex  5.000000e+01  3.500000e+01  0.000000e+00
      vertex  5.000000e+01  3.500000e+01  5.000000e+00
    endloop
  endfacet
  facet normal  0.000000e+00  0.000000e+00 -1.000000e+00
    outer loop
      vertex -5.000000e+01  2.958040e+01  5.000000e+00
      vertex -5.000000e+01  3.500000e+01  5.000000e+00
      vertex  5.000000e+01  2.958040e+01  5.000000e+00
    endloop
  endfacet
  facet normal  0.000000e+00  0.000000e+00 -1.000000e+00
    outer loop
      vertex  5.000000e+01  2.958040e+01  5.000000e+00
      vertex -5.000000e+01  3.500000e+01  5.000000e+00
      vertex  5.000000e+01  3.500000e+01  5.000000e+00
    endloop
  endfacet
  facet normal  0.000000e+00  0.000000e+00 -1.000000e+00
    outer loop
      vertex -5.000000e+01 -3.500000e+01  5.000000e+00
      vertex -5.000000e+01 -2.958040e+01  5.000000e+00
      vertex  5.000000e+01 -3.500000e+01  5.000000e+00
    endloop
  endfacet
  facet normal  0.000000e+00  0.000000e+00 -1.000000e+00
    outer loop
      vertex  5.000000e+01 -3.500000e+01  5.000000e+00
      vertex -5.000000e+01 -2.958040e+01  5.000000e+00
      vertex  5.000000e+01 -2.958040e+01  5.000000e+00
    endloop
  endfacet
  facet normal  0.000000e+00  1.000000e+00  0.000000e+00
    outer loop
      vertex -5.000000e+01 -3.500000e+01  0.000000e+00
      vertex -5.000000e+01 -3.500000e+01  5.000000e+00
      vertex  5.000000e+01 -3.500000e+01  0.000000e+00
    endloop
  endfacet
  facet normal  0.000000e+00  1.000000e+00  -0.000000e+00
    outer loop
      vertex  5.000000e+01 -3.500000e+01  0.000000e+00
      vertex -5.000000e+01 -3.500000e+01  5.000000e+00
      vertex  5.000000e+01 -3.500000e+01  5.000000e+00
    endloop
  endfacet
endsolid CATIA STL
