solid CATIA STL
  facet normal  0.000000e+00  -0.000000e+00  1.000000e+00
    outer loop
      vertex -7.148331e+00  2.807919e+01  0.000000e+00
      vertex -7.037256e+00  2.754467e+01  0.000000e+00
      vertex  7.331155e+00  2.859361e+01  0.000000e+00
    endloop
  endfacet
  facet normal  0.000000e+00  -0.000000e+00  1.000000e+00
    outer loop
      vertex -7.331155e+00  2.859361e+01  0.000000e+00
      vertex -7.148331e+00  2.807919e+01  0.000000e+00
      vertex  7.331155e+00  2.859361e+01  0.000000e+00
    endloop
  endfacet
  facet normal  0.000000e+00  0.000000e+00  1.000000e+00
    outer loop
      vertex -9.660481e+00  3.076904e+01  0.000000e+00
      vertex  7.331155e+00  2.859361e+01  0.000000e+00
      vertex -1.018618e+01  3.091634e+01  0.000000e+00
    endloop
  endfacet
  facet normal  0.000000e+00  0.000000e+00  1.000000e+00
    outer loop
      vertex -9.159739e+00  3.055154e+01  0.000000e+00
      vertex  7.331155e+00  2.859361e+01  0.000000e+00
      vertex -9.660481e+00  3.076904e+01  0.000000e+00
    endloop
  endfacet
  facet normal  0.000000e+00  0.000000e+00  1.000000e+00
    outer loop
      vertex -8.693278e+00  3.026788e+01  0.000000e+00
      vertex  7.331155e+00  2.859361e+01  0.000000e+00
      vertex -9.159739e+00  3.055154e+01  0.000000e+00
    endloop
  endfacet
  facet normal  0.000000e+00  0.000000e+00  1.000000e+00
    outer loop
      vertex -8.269788e+00  2.992334e+01  0.000000e+00
      vertex  7.331155e+00  2.859361e+01  0.000000e+00
      vertex -8.693278e+00  3.026788e+01  0.000000e+00
    endloop
  endfacet
  facet normal  0.000000e+00  0.000000e+00  1.000000e+00
    outer loop
      vertex -7.897155e+00  2.952435e+01  0.000000e+00
      vertex  7.331155e+00  2.859361e+01  0.000000e+00
      vertex -8.269788e+00  2.992334e+01  0.000000e+00
    endloop
  endfacet
  facet normal  0.000000e+00  0.000000e+00  1.000000e+00
    outer loop
      vertex -7.582323e+00  2.907834e+01  0.000000e+00
      vertex  7.331155e+00  2.859361e+01  0.000000e+00
      vertex -7.897155e+00  2.952435e+01  0.000000e+00
    endloop
  endfacet
  facet normal  0.000000e+00  0.000000e+00  1.000000e+00
    outer loop
      vertex -7.331155e+00  2.859361e+01  0.000000e+00
      vertex  7.331155e+00  2.859361e+01  0.000000e+00
      vertex -7.582323e+00  2.907834e+01  0.000000e+00
    endloop
  endfacet
  facet normal  0.000000e+00  -0.000000e+00  1.000000e+00
    outer loop
      vertex -7.000000e+00  2.700000e+01  0.000000e+00
      vertex -2.729697e-01  1.399067e+01  0.000000e+00
      vertex  2.729697e-01  1.399067e+01  0.000000e+00
    endloop
  endfacet
  facet normal  0.000000e+00  -0.000000e+00  1.000000e+00
    outer loop
      vertex -7.000000e+00  2.700000e+01  0.000000e+00
      vertex  2.729697e-01  1.399067e+01  0.000000e+00
      vertex  7.000000e+00  2.700000e+01  0.000000e+00
    endloop
  endfacet
  facet normal  0.000000e+00  -0.000000e+00  1.000000e+00
    outer loop
      vertex -7.000000e+00  2.700000e+01  0.000000e+00
      vertex  7.000000e+00  2.700000e+01  0.000000e+00
      vertex  7.037256e+00  2.754467e+01  0.000000e+00
    endloop
  endfacet
  facet normal  0.000000e+00  -0.000000e+00  1.000000e+00
    outer loop
      vertex -7.000000e+00  2.700000e+01  0.000000e+00
      vertex  7.037256e+00  2.754467e+01  0.000000e+00
      vertex  7.148331e+00  2.807919e+01  0.000000e+00
    endloop
  endfacet
  facet normal  0.000000e+00  -0.000000e+00  1.000000e+00
    outer loop
      vertex -7.000000e+00  2.700000e+01  0.000000e+00
      vertex  7.148331e+00  2.807919e+01  0.000000e+00
      vertex  7.331155e+00  2.859361e+01  0.000000e+00
    endloop
  endfacet
  facet normal  0.000000e+00  0.000000e+00  9.999999e-01
    outer loop
      vertex -7.000000e+00  2.700000e+01  0.000000e+00
      vertex  7.331155e+00  2.859361e+01  0.000000e+00
      vertex -7.037256e+00  2.754467e+01  0.000000e+00
    endloop
  endfacet
  facet normal  0.000000e+00  0.000000e+00  1.000000e+00
    outer loop
      vertex -1.800000e+01  3.300000e+01  0.000000e+00
      vertex -1.800000e+01 -2.700000e+01  0.000000e+00
      vertex -1.500000e+01 -2.700000e+01  0.000000e+00
    endloop
  endfacet
  facet normal -1.184238e-14 -5.921190e-16  1.000000e+00
    outer loop
      vertex -1.800000e+01  3.300000e+01  0.000000e+00
      vertex -1.500000e+01 -2.700000e+01  0.000000e+00
      vertex -1.500000e+01 -9.000000e+00  1.065814e-14
    endloop
  endfacet
  facet normal  5.921190e-16  2.960595e-16  1.000000e+00
    outer loop
      vertex -1.800000e+01  3.300000e+01  0.000000e+00
      vertex -1.500000e+01 -9.000000e+00  1.065814e-14
      vertex -1.500000e+01  2.700000e+01  0.000000e+00
    endloop
  endfacet
  facet normal  0.000000e+00  -0.000000e+00  1.000000e+00
    outer loop
      vertex -1.800000e+01  3.300000e+01  0.000000e+00
      vertex -1.500000e+01  2.700000e+01  0.000000e+00
      vertex -1.496274e+01  2.754467e+01  0.000000e+00
    endloop
  endfacet
  facet normal  0.000000e+00  -0.000000e+00  1.000000e+00
    outer loop
      vertex -1.800000e+01  3.300000e+01  0.000000e+00
      vertex -1.496274e+01  2.754467e+01  0.000000e+00
      vertex -1.485167e+01  2.807919e+01  0.000000e+00
    endloop
  endfacet
  facet normal  0.000000e+00  -0.000000e+00  9.999999e-01
    outer loop
      vertex -1.800000e+01  3.300000e+01  0.000000e+00
      vertex -1.485167e+01  2.807919e+01  0.000000e+00
      vertex -1.466885e+01  2.859361e+01  0.000000e+00
    endloop
  endfacet
  facet normal  0.000000e+00  -0.000000e+00  1.000000e+00
    outer loop
      vertex -1.800000e+01  3.300000e+01  0.000000e+00
      vertex -1.466885e+01  2.859361e+01  0.000000e+00
      vertex -1.441768e+01  2.907834e+01  0.000000e+00
    endloop
  endfacet
  facet normal  0.000000e+00  -0.000000e+00  1.000000e+00
    outer loop
      vertex -1.800000e+01  3.300000e+01  0.000000e+00
      vertex -1.441768e+01  2.907834e+01  0.000000e+00
      vertex -1.410285e+01  2.952435e+01  0.000000e+00
    endloop
  endfacet
  facet normal  0.000000e+00  -0.000000e+00  1.000000e+00
    outer loop
      vertex -1.800000e+01  3.300000e+01  0.000000e+00
      vertex -1.410285e+01  2.952435e+01  0.000000e+00
      vertex -1.373021e+01  2.992334e+01  0.000000e+00
    endloop
  endfacet
  facet normal  0.000000e+00  -0.000000e+00  9.999999e-01
    outer loop
      vertex -1.800000e+01  3.300000e+01  0.000000e+00
      vertex -1.373021e+01  2.992334e+01  0.000000e+00
      vertex -1.330672e+01  3.026788e+01  0.000000e+00
    endloop
  endfacet
  facet normal  0.000000e+00  -0.000000e+00  1.000000e+00
    outer loop
      vertex -1.800000e+01  3.300000e+01  0.000000e+00
      vertex -1.330672e+01  3.026788e+01  0.000000e+00
      vertex -1.284026e+01  3.055154e+01  0.000000e+00
    endloop
  endfacet
  facet normal  0.000000e+00  -0.000000e+00  1.000000e+00
    outer loop
      vertex -1.800000e+01  3.300000e+01  0.000000e+00
      vertex -1.284026e+01  3.055154e+01  0.000000e+00
      vertex -1.233952e+01  3.076904e+01  0.000000e+00
    endloop
  endfacet
  facet normal  0.000000e+00  -0.000000e+00  1.000000e+00
    outer loop
      vertex -1.800000e+01  3.300000e+01  0.000000e+00
      vertex -1.233952e+01  3.076904e+01  0.000000e+00
      vertex -1.181382e+01  3.091634e+01  0.000000e+00
    endloop
  endfacet
  facet normal  0.000000e+00  -0.000000e+00  9.999999e-01
    outer loop
      vertex -1.800000e+01  3.300000e+01  0.000000e+00
      vertex -1.181382e+01  3.091634e+01  0.000000e+00
      vertex -1.127297e+01  3.099067e+01  0.000000e+00
    endloop
  endfacet
  facet normal  0.000000e+00  -0.000000e+00  1.000000e+00
    outer loop
      vertex -1.800000e+01  3.300000e+01  0.000000e+00
      vertex -1.127297e+01  3.099067e+01  0.000000e+00
      vertex -1.072703e+01  3.099067e+01  0.000000e+00
    endloop
  endfacet
  facet normal  -0.000000e+00  -0.000000e+00  1.000000e+00
    outer loop
      vertex -1.800000e+01  3.300000e+01  0.000000e+00
      vertex -1.072703e+01  3.099067e+01  0.000000e+00
      vertex -1.018618e+01  3.091634e+01  0.000000e+00
    endloop
  endfacet
  facet normal  -0.000000e+00  -0.000000e+00  1.000000e+00
    outer loop
      vertex -1.800000e+01  3.300000e+01  0.000000e+00
      vertex -1.018618e+01  3.091634e+01  0.000000e+00
      vertex  7.331155e+00  2.859361e+01  0.000000e+00
    endloop
  endfacet
  facet normal  0.000000e+00  -0.000000e+00  1.000000e+00
    outer loop
      vertex -1.800000e+01  3.300000e+01  0.000000e+00
      vertex  7.331155e+00  2.859361e+01  0.000000e+00
      vertex  7.582323e+00  2.907834e+01  0.000000e+00
    endloop
  endfacet
  facet normal  0.000000e+00  -0.000000e+00  1.000000e+00
    outer loop
      vertex -1.800000e+01  3.300000e+01  0.000000e+00
      vertex  7.582323e+00  2.907834e+01  0.000000e+00
      vertex  7.897155e+00  2.952435e+01  0.000000e+00
    endloop
  endfacet
  facet normal  0.000000e+00  -0.000000e+00  1.000000e+00
    outer loop
      vertex -1.800000e+01  3.300000e+01  0.000000e+00
      vertex  7.897155e+00  2.952435e+01  0.000000e+00
      vertex  8.269788e+00  2.992334e+01  0.000000e+00
    endloop
  endfacet
  facet normal  0.000000e+00  -0.000000e+00  1.000000e+00
    outer loop
      vertex -1.800000e+01  3.300000e+01  0.000000e+00
      vertex  8.269788e+00  2.992334e+01  0.000000e+00
      vertex  8.693278e+00  3.026788e+01  0.000000e+00
    endloop
  endfacet
  facet normal  0.000000e+00  -0.000000e+00  1.000000e+00
    outer loop
      vertex -1.800000e+01  3.300000e+01  0.000000e+00
      vertex  8.693278e+00  3.026788e+01  0.000000e+00
      vertex  9.159739e+00  3.055154e+01  0.000000e+00
    endloop
  endfacet
  facet normal  0.000000e+00  -0.000000e+00  1.000000e+00
    outer loop
      vertex -1.800000e+01  3.300000e+01  0.000000e+00
      vertex  9.159739e+00  3.055154e+01  0.000000e+00
      vertex  9.660481e+00  3.076904e+01  0.000000e+00
    endloop
  endfacet
  facet normal  0.000000e+00  -0.000000e+00  1.000000e+00
    outer loop
      vertex -1.800000e+01  3.300000e+01  0.000000e+00
      vertex  9.660481e+00  3.076904e+01  0.000000e+00
      vertex  1.018618e+01  3.091634e+01  0.000000e+00
    endloop
  endfacet
  facet normal  0.000000e+00  -0.000000e+00  1.000000e+00
    outer loop
      vertex -1.800000e+01  3.300000e+01  0.000000e+00
      vertex  1.018618e+01  3.091634e+01  0.000000e+00
      vertex  1.072703e+01  3.099067e+01  0.000000e+00
    endloop
  endfacet
  facet normal  0.000000e+00  -0.000000e+00  1.000000e+00
    outer loop
      vertex -1.800000e+01  3.300000e+01  0.000000e+00
      vertex  1.072703e+01  3.099067e+01  0.000000e+00
      vertex  1.127297e+01  3.099067e+01  0.000000e+00
    endloop
  endfacet
  facet normal  0.000000e+00  0.000000e+00  1.000000e+00
    outer loop
      vertex -2.729697e-01  1.399067e+01  0.000000e+00
      vertex -7.000000e+00  2.700000e+01  0.000000e+00
      vertex -7.037256e+00  2.645533e+01  0.000000e+00
    endloop
  endfacet
  facet normal  0.000000e+00  0.000000e+00  1.000000e+00
    outer loop
      vertex -2.729697e-01  1.399067e+01  0.000000e+00
      vertex -7.037256e+00  2.645533e+01  0.000000e+00
      vertex -7.148331e+00  2.592081e+01  0.000000e+00
    endloop
  endfacet
  facet normal  0.000000e+00  0.000000e+00  1.000000e+00
    outer loop
      vertex -2.729697e-01  1.399067e+01  0.000000e+00
      vertex -7.148331e+00  2.592081e+01  0.000000e+00
      vertex -7.331155e+00  2.540639e+01  0.000000e+00
    endloop
  endfacet
  facet normal  0.000000e+00  0.000000e+00  1.000000e+00
    outer loop
      vertex -2.729697e-01  1.399067e+01  0.000000e+00
      vertex -7.331155e+00  2.540639e+01  0.000000e+00
      vertex -7.582323e+00  2.492166e+01  0.000000e+00
    endloop
  endfacet
  facet normal  0.000000e+00  0.000000e+00  1.000000e+00
    outer loop
      vertex -2.729697e-01  1.399067e+01  0.000000e+00
      vertex -7.582323e+00  2.492166e+01  0.000000e+00
      vertex -7.897155e+00  2.447565e+01  0.000000e+00
    endloop
  endfacet
  facet normal  0.000000e+00  0.000000e+00  1.000000e+00
    outer loop
      vertex -2.729697e-01  1.399067e+01  0.000000e+00
      vertex -7.897155e+00  2.447565e+01  0.000000e+00
      vertex -8.269788e+00  2.407666e+01  0.000000e+00
    endloop
  endfacet
  facet normal  0.000000e+00  0.000000e+00  1.000000e+00
    outer loop
      vertex -2.729697e-01  1.399067e+01  0.000000e+00
      vertex -8.269788e+00  2.407666e+01  0.000000e+00
      vertex -8.693278e+00  2.373212e+01  0.000000e+00
    endloop
  endfacet
  facet normal  0.000000e+00  0.000000e+00  1.000000e+00
    outer loop
      vertex -2.729697e-01  1.399067e+01  0.000000e+00
      vertex -8.693278e+00  2.373212e+01  0.000000e+00
      vertex -9.159739e+00  2.344846e+01  0.000000e+00
    endloop
  endfacet
  facet normal  0.000000e+00  0.000000e+00  1.000000e+00
    outer loop
      vertex -2.729697e-01  1.399067e+01  0.000000e+00
      vertex -9.159739e+00  2.344846e+01  0.000000e+00
      vertex -9.660481e+00  2.323096e+01  0.000000e+00
    endloop
  endfacet
  facet normal  0.000000e+00  0.000000e+00  9.999999e-01
    outer loop
      vertex -2.729697e-01  1.399067e+01  0.000000e+00
      vertex -9.660481e+00  2.323096e+01  0.000000e+00
      vertex -1.018618e+01  2.308366e+01  0.000000e+00
    endloop
  endfacet
  facet normal  0.000000e+00  0.000000e+00  1.000000e+00
    outer loop
      vertex -2.729697e-01  1.399067e+01  0.000000e+00
      vertex -1.018618e+01  2.308366e+01  0.000000e+00
      vertex -1.072703e+01  2.300933e+01  0.000000e+00
    endloop
  endfacet
  facet normal  0.000000e+00  0.000000e+00  1.000000e+00
    outer loop
      vertex  2.729697e-01  1.399067e+01  0.000000e+00
      vertex  1.072703e+01  2.300933e+01  0.000000e+00
      vertex  1.018618e+01  2.308366e+01  0.000000e+00
    endloop
  endfacet
  facet normal  0.000000e+00  0.000000e+00  9.999999e-01
    outer loop
      vertex  2.729697e-01  1.399067e+01  0.000000e+00
      vertex  1.018618e+01  2.308366e+01  0.000000e+00
      vertex  9.660481e+00  2.323096e+01  0.000000e+00
    endloop
  endfacet
  facet normal  0.000000e+00  0.000000e+00  1.000000e+00
    outer loop
      vertex  2.729697e-01  1.399067e+01  0.000000e+00
      vertex  9.660481e+00  2.323096e+01  0.000000e+00
      vertex  9.159739e+00  2.344846e+01  0.000000e+00
    endloop
  endfacet
  facet normal  0.000000e+00  0.000000e+00  1.000000e+00
    outer loop
      vertex  2.729697e-01  1.399067e+01  0.000000e+00
      vertex  9.159739e+00  2.344846e+01  0.000000e+00
      vertex  8.693278e+00  2.373212e+01  0.000000e+00
    endloop
  endfacet
  facet normal  0.000000e+00  0.000000e+00  1.000000e+00
    outer loop
      vertex  2.729697e-01  1.399067e+01  0.000000e+00
      vertex  8.693278e+00  2.373212e+01  0.000000e+00
      vertex  8.269788e+00  2.407666e+01  0.000000e+00
    endloop
  endfacet
  facet normal  0.000000e+00  0.000000e+00  1.000000e+00
    outer loop
      vertex  2.729697e-01  1.399067e+01  0.000000e+00
      vertex  8.269788e+00  2.407666e+01  0.000000e+00
      vertex  7.897155e+00  2.447565e+01  0.000000e+00
    endloop
  endfacet
  facet normal  0.000000e+00  0.000000e+00  1.000000e+00
    outer loop
      vertex  2.729697e-01  1.399067e+01  0.000000e+00
      vertex  7.897155e+00  2.447565e+01  0.000000e+00
      vertex  7.582323e+00  2.492166e+01  0.000000e+00
    endloop
  endfacet
  facet normal  0.000000e+00  0.000000e+00  1.000000e+00
    outer loop
      vertex  2.729697e-01  1.399067e+01  0.000000e+00
      vertex  7.582323e+00  2.492166e+01  0.000000e+00
      vertex  7.331155e+00  2.540639e+01  0.000000e+00
    endloop
  endfacet
  facet normal  0.000000e+00  0.000000e+00  1.000000e+00
    outer loop
      vertex  2.729697e-01  1.399067e+01  0.000000e+00
      vertex  7.331155e+00  2.540639e+01  0.000000e+00
      vertex  7.148331e+00  2.592081e+01  0.000000e+00
    endloop
  endfacet
  facet normal  0.000000e+00  0.000000e+00  1.000000e+00
    outer loop
      vertex  2.729697e-01  1.399067e+01  0.000000e+00
      vertex  7.148331e+00  2.592081e+01  0.000000e+00
      vertex  7.037256e+00  2.645533e+01  0.000000e+00
    endloop
  endfacet
  facet normal  0.000000e+00  0.000000e+00  1.000000e+00
    outer loop
      vertex  2.729697e-01  1.399067e+01  0.000000e+00
      vertex  7.037256e+00  2.645533e+01  0.000000e+00
      vertex  7.000000e+00  2.700000e+01  0.000000e+00
    endloop
  endfacet
  facet normal  -0.000000e+00  0.000000e+00  1.000000e+00
    outer loop
      vertex  1.072703e+01  2.300933e+01  0.000000e+00
      vertex  2.729697e-01  1.399067e+01  0.000000e+00
      vertex  8.138241e-01  1.391634e+01  0.000000e+00
    endloop
  endfacet
  facet normal  -0.000000e+00  0.000000e+00  1.000000e+00
    outer loop
      vertex  1.072703e+01  2.300933e+01  0.000000e+00
      vertex  8.138241e-01  1.391634e+01  0.000000e+00
      vertex  1.339518e+00  1.376904e+01  0.000000e+00
    endloop
  endfacet
  facet normal  -0.000000e+00  0.000000e+00  1.000000e+00
    outer loop
      vertex  1.072703e+01  2.300933e+01  0.000000e+00
      vertex  1.339518e+00  1.376904e+01  0.000000e+00
      vertex  1.840260e+00  1.355154e+01  0.000000e+00
    endloop
  endfacet
  facet normal  -0.000000e+00  0.000000e+00  1.000000e+00
    outer loop
      vertex  1.072703e+01  2.300933e+01  0.000000e+00
      vertex  1.840260e+00  1.355154e+01  0.000000e+00
      vertex  2.306721e+00  1.326788e+01  0.000000e+00
    endloop
  endfacet
  facet normal  -0.000000e+00  0.000000e+00  1.000000e+00
    outer loop
      vertex  1.072703e+01  2.300933e+01  0.000000e+00
      vertex  2.306721e+00  1.326788e+01  0.000000e+00
      vertex  2.730213e+00  1.292334e+01  0.000000e+00
    endloop
  endfacet
  facet normal  -0.000000e+00  0.000000e+00  1.000000e+00
    outer loop
      vertex  1.072703e+01  2.300933e+01  0.000000e+00
      vertex  2.730213e+00  1.292334e+01  0.000000e+00
      vertex  3.102845e+00  1.252435e+01  0.000000e+00
    endloop
  endfacet
  facet normal  -0.000000e+00  0.000000e+00  1.000000e+00
    outer loop
      vertex  1.072703e+01  2.300933e+01  0.000000e+00
      vertex  3.102845e+00  1.252435e+01  0.000000e+00
      vertex  3.417678e+00  1.207834e+01  0.000000e+00
    endloop
  endfacet
  facet normal  -0.000000e+00  0.000000e+00  1.000000e+00
    outer loop
      vertex  1.072703e+01  2.300933e+01  0.000000e+00
      vertex  3.417678e+00  1.207834e+01  0.000000e+00
      vertex  3.668845e+00  1.159360e+01  0.000000e+00
    endloop
  endfacet
  facet normal  -0.000000e+00  0.000000e+00  1.000000e+00
    outer loop
      vertex  1.072703e+01  2.300933e+01  0.000000e+00
      vertex  3.668845e+00  1.159360e+01  0.000000e+00
      vertex  3.851669e+00  1.107919e+01  0.000000e+00
    endloop
  endfacet
  facet normal  -0.000000e+00  0.000000e+00  9.999999e-01
    outer loop
      vertex  1.072703e+01  2.300933e+01  0.000000e+00
      vertex  3.851669e+00  1.107919e+01  0.000000e+00
      vertex  1.100000e+01 -9.000000e+00  0.000000e+00
    endloop
  endfacet
  facet normal -2.664535e-15 -2.272263e-17  1.000000e+00
    outer loop
      vertex  1.072703e+01  2.300933e+01  0.000000e+00
      vertex  1.100000e+01 -9.000000e+00  0.000000e+00
      vertex  1.500000e+01 -9.000000e+00  1.065814e-14
    endloop
  endfacet
  facet normal  0.000000e+00  3.329698e-16  1.000000e+00
    outer loop
      vertex  1.072703e+01  2.300933e+01  0.000000e+00
      vertex  1.500000e+01 -9.000000e+00  1.065814e-14
      vertex  1.127297e+01  2.300933e+01  0.000000e+00
    endloop
  endfacet
  facet normal  -0.000000e+00  0.000000e+00  1.000000e+00
    outer loop
      vertex  1.800000e+01  3.300000e+01  0.000000e+00
      vertex -1.800000e+01  3.300000e+01  0.000000e+00
      vertex  1.127297e+01  3.099067e+01  0.000000e+00
    endloop
  endfacet
  facet normal  -0.000000e+00  0.000000e+00  9.999999e-01
    outer loop
      vertex  1.800000e+01  3.300000e+01  0.000000e+00
      vertex  1.127297e+01  3.099067e+01  0.000000e+00
      vertex  1.181382e+01  3.091634e+01  0.000000e+00
    endloop
  endfacet
  facet normal  -0.000000e+00  0.000000e+00  1.000000e+00
    outer loop
      vertex  1.800000e+01  3.300000e+01  0.000000e+00
      vertex  1.181382e+01  3.091634e+01  0.000000e+00
      vertex  1.233952e+01  3.076904e+01  0.000000e+00
    endloop
  endfacet
  facet normal  -0.000000e+00  0.000000e+00  1.000000e+00
    outer loop
      vertex  1.800000e+01  3.300000e+01  0.000000e+00
      vertex  1.233952e+01  3.076904e+01  0.000000e+00
      vertex  1.284026e+01  3.055154e+01  0.000000e+00
    endloop
  endfacet
  facet normal  -0.000000e+00  0.000000e+00  1.000000e+00
    outer loop
      vertex  1.800000e+01  3.300000e+01  0.000000e+00
      vertex  1.284026e+01  3.055154e+01  0.000000e+00
      vertex  1.330672e+01  3.026788e+01  0.000000e+00
    endloop
  endfacet
  facet normal  -0.000000e+00  0.000000e+00  9.999999e-01
    outer loop
      vertex  1.800000e+01  3.300000e+01  0.000000e+00
      vertex  1.330672e+01  3.026788e+01  0.000000e+00
      vertex  1.373021e+01  2.992334e+01  0.000000e+00
    endloop
  endfacet
  facet normal  -0.000000e+00  0.000000e+00  1.000000e+00
    outer loop
      vertex  1.800000e+01  3.300000e+01  0.000000e+00
      vertex  1.373021e+01  2.992334e+01  0.000000e+00
      vertex  1.410285e+01  2.952435e+01  0.000000e+00
    endloop
  endfacet
  facet normal  -0.000000e+00  0.000000e+00  1.000000e+00
    outer loop
      vertex  1.800000e+01  3.300000e+01  0.000000e+00
      vertex  1.410285e+01  2.952435e+01  0.000000e+00
      vertex  1.441768e+01  2.907834e+01  0.000000e+00
    endloop
  endfacet
  facet normal  -0.000000e+00  0.000000e+00  1.000000e+00
    outer loop
      vertex  1.800000e+01  3.300000e+01  0.000000e+00
      vertex  1.441768e+01  2.907834e+01  0.000000e+00
      vertex  1.466885e+01  2.859361e+01  0.000000e+00
    endloop
  endfacet
  facet normal  -0.000000e+00  0.000000e+00  1.000000e+00
    outer loop
      vertex  1.800000e+01  3.300000e+01  0.000000e+00
      vertex  1.466885e+01  2.859361e+01  0.000000e+00
      vertex  1.485167e+01  2.807919e+01  0.000000e+00
    endloop
  endfacet
  facet normal  -0.000000e+00  0.000000e+00  1.000000e+00
    outer loop
      vertex  1.800000e+01  3.300000e+01  0.000000e+00
      vertex  1.485167e+01  2.807919e+01  0.000000e+00
      vertex  1.496274e+01  2.754467e+01  0.000000e+00
    endloop
  endfacet
  facet normal  -0.000000e+00  0.000000e+00  1.000000e+00
    outer loop
      vertex  1.800000e+01  3.300000e+01  0.000000e+00
      vertex  1.496274e+01  2.754467e+01  0.000000e+00
      vertex  1.500000e+01  2.700000e+01  0.000000e+00
    endloop
  endfacet
  facet normal -5.921190e-16  2.960595e-16  1.000000e+00
    outer loop
      vertex  1.800000e+01  3.300000e+01  0.000000e+00
      vertex  1.500000e+01  2.700000e+01  0.000000e+00
      vertex  1.500000e+01 -9.000000e+00  1.065814e-14
    endloop
  endfacet
  facet normal  1.184238e-14 -5.921190e-16  1.000000e+00
    outer loop
      vertex  1.800000e+01  3.300000e+01  0.000000e+00
      vertex  1.500000e+01 -9.000000e+00  1.065814e-14
      vertex  1.500000e+01 -2.700000e+01  0.000000e+00
    endloop
  endfacet
  facet normal  0.000000e+00  0.000000e+00  1.000000e+00
    outer loop
      vertex  1.800000e+01  3.300000e+01  0.000000e+00
      vertex  1.500000e+01 -2.700000e+01  0.000000e+00
      vertex  1.800000e+01 -2.700000e+01  0.000000e+00
    endloop
  endfacet
  facet normal  -0.000000e+00  0.000000e+00  1.000000e+00
    outer loop
      vertex -1.072703e+01  2.300933e+01  0.000000e+00
      vertex -1.127297e+01  2.300933e+01  0.000000e+00
      vertex -1.100000e+01 -9.000000e+00  0.000000e+00
    endloop
  endfacet
  facet normal  0.000000e+00  0.000000e+00  1.000000e+00
    outer loop
      vertex -1.072703e+01  2.300933e+01  0.000000e+00
      vertex -1.100000e+01 -9.000000e+00  0.000000e+00
      vertex -3.851669e+00  1.107919e+01  0.000000e+00
    endloop
  endfacet
  facet normal  0.000000e+00  -0.000000e+00  1.000000e+00
    outer loop
      vertex -1.072703e+01  2.300933e+01  0.000000e+00
      vertex -3.851669e+00  1.107919e+01  0.000000e+00
      vertex -3.668845e+00  1.159360e+01  0.000000e+00
    endloop
  endfacet
  facet normal  0.000000e+00  -0.000000e+00  1.000000e+00
    outer loop
      vertex -1.072703e+01  2.300933e+01  0.000000e+00
      vertex -3.668845e+00  1.159360e+01  0.000000e+00
      vertex -3.417678e+00  1.207834e+01  0.000000e+00
    endloop
  endfacet
  facet normal  0.000000e+00  -0.000000e+00  1.000000e+00
    outer loop
      vertex -1.072703e+01  2.300933e+01  0.000000e+00
      vertex -3.417678e+00  1.207834e+01  0.000000e+00
      vertex -3.102845e+00  1.252435e+01  0.000000e+00
    endloop
  endfacet
  facet normal  0.000000e+00  -0.000000e+00  1.000000e+00
    outer loop
      vertex -1.072703e+01  2.300933e+01  0.000000e+00
      vertex -3.102845e+00  1.252435e+01  0.000000e+00
      vertex -2.730213e+00  1.292334e+01  0.000000e+00
    endloop
  endfacet
  facet normal  0.000000e+00  -0.000000e+00  1.000000e+00
    outer loop
      vertex -1.072703e+01  2.300933e+01  0.000000e+00
      vertex -2.730213e+00  1.292334e+01  0.000000e+00
      vertex -2.306721e+00  1.326788e+01  0.000000e+00
    endloop
  endfacet
  facet normal  0.000000e+00  -0.000000e+00  1.000000e+00
    outer loop
      vertex -1.072703e+01  2.300933e+01  0.000000e+00
      vertex -2.306721e+00  1.326788e+01  0.000000e+00
      vertex -1.840260e+00  1.355154e+01  0.000000e+00
    endloop
  endfacet
  facet normal  0.000000e+00  -0.000000e+00  1.000000e+00
    outer loop
      vertex -1.072703e+01  2.300933e+01  0.000000e+00
      vertex -1.840260e+00  1.355154e+01  0.000000e+00
      vertex -1.339518e+00  1.376904e+01  0.000000e+00
    endloop
  endfacet
  facet normal  0.000000e+00  -0.000000e+00  1.000000e+00
    outer loop
      vertex -1.072703e+01  2.300933e+01  0.000000e+00
      vertex -1.339518e+00  1.376904e+01  0.000000e+00
      vertex -8.138241e-01  1.391634e+01  0.000000e+00
    endloop
  endfacet
  facet normal  0.000000e+00  -0.000000e+00  1.000000e+00
    outer loop
      vertex -1.072703e+01  2.300933e+01  0.000000e+00
      vertex -8.138241e-01  1.391634e+01  0.000000e+00
      vertex -2.729697e-01  1.399067e+01  0.000000e+00
    endloop
  endfacet
  facet normal  2.664535e-15  2.272263e-17  1.000000e+00
    outer loop
      vertex -1.500000e+01 -9.000000e+00  1.065814e-14
      vertex -1.100000e+01 -9.000000e+00  0.000000e+00
      vertex -1.127297e+01  2.300933e+01  0.000000e+00
    endloop
  endfacet
  facet normal  4.504488e-17  3.277251e-16  1.000000e+00
    outer loop
      vertex -1.500000e+01 -9.000000e+00  1.065814e-14
      vertex -1.127297e+01  2.300933e+01  0.000000e+00
      vertex -1.181382e+01  2.308366e+01  0.000000e+00
    endloop
  endfacet
  facet normal  9.055804e-17  3.232052e-16  1.000000e+00
    outer loop
      vertex -1.500000e+01 -9.000000e+00  1.065814e-14
      vertex -1.181382e+01  2.308366e+01  0.000000e+00
      vertex -1.233952e+01  2.323096e+01  0.000000e+00
    endloop
  endfacet
  facet normal  1.386629e-16  3.192344e-16  1.000000e+00
    outer loop
      vertex -1.500000e+01 -9.000000e+00  1.065814e-14
      vertex -1.233952e+01  2.323096e+01  0.000000e+00
      vertex -1.284026e+01  2.344846e+01  0.000000e+00
    endloop
  endfacet
  facet normal  1.919727e-16  3.156861e-16  9.999999e-01
    outer loop
      vertex -1.500000e+01 -9.000000e+00  1.065814e-14
      vertex -1.284026e+01  2.344846e+01  0.000000e+00
      vertex -1.330672e+01  2.373212e+01  0.000000e+00
    endloop
  endfacet
  facet normal  2.542109e-16  3.124665e-16  9.999999e-01
    outer loop
      vertex -1.500000e+01 -9.000000e+00  1.065814e-14
      vertex -1.330672e+01  2.373212e+01  0.000000e+00
      vertex -1.373021e+01  2.407666e+01  0.000000e+00
    endloop
  endfacet
  facet normal  3.313972e-16  3.095034e-16  1.000000e+00
    outer loop
      vertex -1.500000e+01 -9.000000e+00  1.065814e-14
      vertex -1.373021e+01  2.407666e+01  0.000000e+00
      vertex -1.410285e+01  2.447565e+01  0.000000e+00
    endloop
  endfacet
  facet normal  4.345482e-16  3.067390e-16  1.000000e+00
    outer loop
      vertex -1.500000e+01 -9.000000e+00  1.065814e-14
      vertex -1.410285e+01  2.447565e+01  0.000000e+00
      vertex -1.441768e+01  2.492166e+01  0.000000e+00
    endloop
  endfacet
  facet normal  5.869317e-16  3.041230e-16  1.000000e+00
    outer loop
      vertex -1.500000e+01 -9.000000e+00  1.065814e-14
      vertex -1.441768e+01  2.492166e+01  0.000000e+00
      vertex -1.466885e+01  2.540639e+01  0.000000e+00
    endloop
  endfacet
  facet normal  8.486325e-16  3.016042e-16  9.999999e-01
    outer loop
      vertex -1.500000e+01 -9.000000e+00  1.065814e-14
      vertex -1.466885e+01  2.540639e+01  0.000000e+00
      vertex -1.485167e+01  2.592081e+01  0.000000e+00
    endloop
  endfacet
  facet normal  1.439329e-15  2.990951e-16  9.999999e-01
    outer loop
      vertex -1.500000e+01 -9.000000e+00  1.065814e-14
      vertex -1.485167e+01  2.592081e+01  0.000000e+00
      vertex -1.496274e+01  2.645533e+01  0.000000e+00
    endloop
  endfacet
  facet normal  4.328231e-15  2.960595e-16  1.000000e+00
    outer loop
      vertex -1.500000e+01 -9.000000e+00  1.065814e-14
      vertex -1.496274e+01  2.645533e+01  0.000000e+00
      vertex -1.500000e+01  2.700000e+01  0.000000e+00
    endloop
  endfacet
  facet normal  0.000000e+00  0.000000e+00  1.000000e+00
    outer loop
      vertex -1.100000e+01 -9.000000e+00  0.000000e+00
      vertex -1.100000e+01 -2.700000e+01  0.000000e+00
      vertex -2.729697e-01 -1.990675e+00  0.000000e+00
    endloop
  endfacet
  facet normal  0.000000e+00  0.000000e+00  1.000000e+00
    outer loop
      vertex -1.100000e+01 -9.000000e+00  0.000000e+00
      vertex -2.729697e-01 -1.990675e+00  0.000000e+00
      vertex -8.138241e-01 -1.916336e+00  0.000000e+00
    endloop
  endfacet
  facet normal  0.000000e+00  0.000000e+00  1.000000e+00
    outer loop
      vertex -1.100000e+01 -9.000000e+00  0.000000e+00
      vertex -8.138241e-01 -1.916336e+00  0.000000e+00
      vertex -1.339518e+00 -1.769044e+00  0.000000e+00
    endloop
  endfacet
  facet normal  0.000000e+00  0.000000e+00  1.000000e+00
    outer loop
      vertex -1.100000e+01 -9.000000e+00  0.000000e+00
      vertex -1.339518e+00 -1.769044e+00  0.000000e+00
      vertex -1.840260e+00 -1.551541e+00  0.000000e+00
    endloop
  endfacet
  facet normal  0.000000e+00  0.000000e+00  1.000000e+00
    outer loop
      vertex -1.100000e+01 -9.000000e+00  0.000000e+00
      vertex -1.840260e+00 -1.551541e+00  0.000000e+00
      vertex -2.306721e+00 -1.267880e+00  0.000000e+00
    endloop
  endfacet
  facet normal  0.000000e+00  0.000000e+00  1.000000e+00
    outer loop
      vertex -1.100000e+01 -9.000000e+00  0.000000e+00
      vertex -2.306721e+00 -1.267880e+00  0.000000e+00
      vertex -2.730213e+00 -9.233438e-01  0.000000e+00
    endloop
  endfacet
  facet normal  0.000000e+00  0.000000e+00  1.000000e+00
    outer loop
      vertex -1.100000e+01 -9.000000e+00  0.000000e+00
      vertex -2.730213e+00 -9.233438e-01  0.000000e+00
      vertex -3.102845e+00 -5.243518e-01  0.000000e+00
    endloop
  endfacet
  facet normal  0.000000e+00  0.000000e+00  1.000000e+00
    outer loop
      vertex -1.100000e+01 -9.000000e+00  0.000000e+00
      vertex -3.102845e+00 -5.243518e-01  0.000000e+00
      vertex -3.417678e+00 -7.833580e-02  0.000000e+00
    endloop
  endfacet
  facet normal  0.000000e+00  0.000000e+00  1.000000e+00
    outer loop
      vertex -1.100000e+01 -9.000000e+00  0.000000e+00
      vertex -3.417678e+00 -7.833580e-02  0.000000e+00
      vertex -3.668845e+00  4.063956e-01  0.000000e+00
    endloop
  endfacet
  facet normal  0.000000e+00  0.000000e+00  1.000000e+00
    outer loop
      vertex -1.100000e+01 -9.000000e+00  0.000000e+00
      vertex -3.668845e+00  4.063956e-01  0.000000e+00
      vertex -3.851669e+00  9.208129e-01  0.000000e+00
    endloop
  endfacet
  facet normal  0.000000e+00  0.000000e+00  1.000000e+00
    outer loop
      vertex -1.100000e+01 -9.000000e+00  0.000000e+00
      vertex -3.851669e+00  9.208129e-01  0.000000e+00
      vertex -3.962744e+00  1.455333e+00  0.000000e+00
    endloop
  endfacet
  facet normal  0.000000e+00  0.000000e+00  1.000000e+00
    outer loop
      vertex -1.100000e+01 -9.000000e+00  0.000000e+00
      vertex -3.962744e+00  1.455333e+00  0.000000e+00
      vertex -4.000000e+00  2.000000e+00  0.000000e+00
    endloop
  endfacet
  facet normal  0.000000e+00  -0.000000e+00  1.000000e+00
    outer loop
      vertex -1.100000e+01 -9.000000e+00  0.000000e+00
      vertex -4.000000e+00  2.000000e+00  0.000000e+00
      vertex -4.000000e+00  1.000000e+01  0.000000e+00
    endloop
  endfacet
  facet normal  0.000000e+00  -0.000000e+00  1.000000e+00
    outer loop
      vertex -1.100000e+01 -9.000000e+00  0.000000e+00
      vertex -4.000000e+00  1.000000e+01  0.000000e+00
      vertex -3.962744e+00  1.054467e+01  0.000000e+00
    endloop
  endfacet
  facet normal  0.000000e+00  -0.000000e+00  9.999999e-01
    outer loop
      vertex -1.100000e+01 -9.000000e+00  0.000000e+00
      vertex -3.962744e+00  1.054467e+01  0.000000e+00
      vertex -3.851669e+00  1.107919e+01  0.000000e+00
    endloop
  endfacet
  facet normal  0.000000e+00  0.000000e+00  9.999999e-01
    outer loop
      vertex  1.100000e+01 -9.000000e+00  0.000000e+00
      vertex  3.851669e+00  1.107919e+01  0.000000e+00
      vertex  3.962744e+00  1.054467e+01  0.000000e+00
    endloop
  endfacet
  facet normal  0.000000e+00  0.000000e+00  1.000000e+00
    outer loop
      vertex  1.100000e+01 -9.000000e+00  0.000000e+00
      vertex  3.962744e+00  1.054467e+01  0.000000e+00
      vertex  4.000000e+00  1.000000e+01  0.000000e+00
    endloop
  endfacet
  facet normal  0.000000e+00  0.000000e+00  1.000000e+00
    outer loop
      vertex  1.100000e+01 -9.000000e+00  0.000000e+00
      vertex  4.000000e+00  1.000000e+01  0.000000e+00
      vertex  4.000000e+00  2.000000e+00  0.000000e+00
    endloop
  endfacet
  facet normal  0.000000e+00  0.000000e+00  1.000000e+00
    outer loop
      vertex  1.100000e+01 -9.000000e+00  0.000000e+00
      vertex  4.000000e+00  2.000000e+00  0.000000e+00
      vertex  3.962744e+00  1.455333e+00  0.000000e+00
    endloop
  endfacet
  facet normal  0.000000e+00  0.000000e+00  1.000000e+00
    outer loop
      vertex  1.100000e+01 -9.000000e+00  0.000000e+00
      vertex  3.962744e+00  1.455333e+00  0.000000e+00
      vertex  3.851669e+00  9.208129e-01  0.000000e+00
    endloop
  endfacet
  facet normal  0.000000e+00  0.000000e+00  1.000000e+00
    outer loop
      vertex  1.100000e+01 -9.000000e+00  0.000000e+00
      vertex  3.851669e+00  9.208129e-01  0.000000e+00
      vertex  3.668845e+00  4.063956e-01  0.000000e+00
    endloop
  endfacet
  facet normal  0.000000e+00  0.000000e+00  1.000000e+00
    outer loop
      vertex  1.100000e+01 -9.000000e+00  0.000000e+00
      vertex  3.668845e+00  4.063956e-01  0.000000e+00
      vertex  3.417678e+00 -7.833580e-02  0.000000e+00
    endloop
  endfacet
  facet normal  0.000000e+00  0.000000e+00  1.000000e+00
    outer loop
      vertex  1.100000e+01 -9.000000e+00  0.000000e+00
      vertex  3.417678e+00 -7.833580e-02  0.000000e+00
      vertex  3.102845e+00 -5.243518e-01  0.000000e+00
    endloop
  endfacet
  facet normal  0.000000e+00  0.000000e+00  1.000000e+00
    outer loop
      vertex  1.100000e+01 -9.000000e+00  0.000000e+00
      vertex  3.102845e+00 -5.243518e-01  0.000000e+00
      vertex  2.730213e+00 -9.233438e-01  0.000000e+00
    endloop
  endfacet
  facet normal  0.000000e+00  0.000000e+00  1.000000e+00
    outer loop
      vertex  1.100000e+01 -9.000000e+00  0.000000e+00
      vertex  2.730213e+00 -9.233438e-01  0.000000e+00
      vertex  2.306721e+00 -1.267880e+00  0.000000e+00
    endloop
  endfacet
  facet normal  0.000000e+00  0.000000e+00  1.000000e+00
    outer loop
      vertex  1.100000e+01 -9.000000e+00  0.000000e+00
      vertex  2.306721e+00 -1.267880e+00  0.000000e+00
      vertex  1.840260e+00 -1.551541e+00  0.000000e+00
    endloop
  endfacet
  facet normal  0.000000e+00  0.000000e+00  1.000000e+00
    outer loop
      vertex  1.100000e+01 -9.000000e+00  0.000000e+00
      vertex  1.840260e+00 -1.551541e+00  0.000000e+00
      vertex  1.339518e+00 -1.769044e+00  0.000000e+00
    endloop
  endfacet
  facet normal  0.000000e+00  0.000000e+00  1.000000e+00
    outer loop
      vertex  1.100000e+01 -9.000000e+00  0.000000e+00
      vertex  1.339518e+00 -1.769044e+00  0.000000e+00
      vertex  8.138241e-01 -1.916336e+00  0.000000e+00
    endloop
  endfacet
  facet normal  0.000000e+00  0.000000e+00  1.000000e+00
    outer loop
      vertex  1.100000e+01 -9.000000e+00  0.000000e+00
      vertex  8.138241e-01 -1.916336e+00  0.000000e+00
      vertex  2.729697e-01 -1.990675e+00  0.000000e+00
    endloop
  endfacet
  facet normal  0.000000e+00  0.000000e+00  1.000000e+00
    outer loop
      vertex  1.100000e+01 -9.000000e+00  0.000000e+00
      vertex  2.729697e-01 -1.990675e+00  0.000000e+00
      vertex -2.729697e-01 -1.990675e+00  0.000000e+00
    endloop
  endfacet
  facet normal  0.000000e+00  0.000000e+00  1.000000e+00
    outer loop
      vertex  1.100000e+01 -9.000000e+00  0.000000e+00
      vertex -2.729697e-01 -1.990675e+00  0.000000e+00
      vertex -1.100000e+01 -2.700000e+01  0.000000e+00
    endloop
  endfacet
  facet normal  0.000000e+00  0.000000e+00  1.000000e+00
    outer loop
      vertex  1.100000e+01 -9.000000e+00  0.000000e+00
      vertex -1.100000e+01 -2.700000e+01  0.000000e+00
      vertex  1.100000e+01 -2.700000e+01  0.000000e+00
    endloop
  endfacet
  facet normal -4.328231e-15  2.960595e-16  1.000000e+00
    outer loop
      vertex  1.500000e+01 -9.000000e+00  1.065814e-14
      vertex  1.500000e+01  2.700000e+01  0.000000e+00
      vertex  1.496274e+01  2.645533e+01  0.000000e+00
    endloop
  endfacet
  facet normal -1.439329e-15  2.990951e-16  1.000000e+00
    outer loop
      vertex  1.500000e+01 -9.000000e+00  1.065814e-14
      vertex  1.496274e+01  2.645533e+01  0.000000e+00
      vertex  1.485167e+01  2.592081e+01  0.000000e+00
    endloop
  endfacet
  facet normal -8.486325e-16  3.016042e-16  9.999999e-01
    outer loop
      vertex  1.500000e+01 -9.000000e+00  1.065814e-14
      vertex  1.485167e+01  2.592081e+01  0.000000e+00
      vertex  1.466885e+01  2.540639e+01  0.000000e+00
    endloop
  endfacet
  facet normal -5.869317e-16  3.041230e-16  1.000000e+00
    outer loop
      vertex  1.500000e+01 -9.000000e+00  1.065814e-14
      vertex  1.466885e+01  2.540639e+01  0.000000e+00
      vertex  1.441768e+01  2.492166e+01  0.000000e+00
    endloop
  endfacet
  facet normal -4.345482e-16  3.067390e-16  1.000000e+00
    outer loop
      vertex  1.500000e+01 -9.000000e+00  1.065814e-14
      vertex  1.441768e+01  2.492166e+01  0.000000e+00
      vertex  1.410285e+01  2.447565e+01  0.000000e+00
    endloop
  endfacet
  facet normal -3.313973e-16  3.095034e-16  1.000000e+00
    outer loop
      vertex  1.500000e+01 -9.000000e+00  1.065814e-14
      vertex  1.410285e+01  2.447565e+01  0.000000e+00
      vertex  1.373021e+01  2.407666e+01  0.000000e+00
    endloop
  endfacet
  facet normal -2.542109e-16  3.124665e-16  9.999999e-01
    outer loop
      vertex  1.500000e+01 -9.000000e+00  1.065814e-14
      vertex  1.373021e+01  2.407666e+01  0.000000e+00
      vertex  1.330672e+01  2.373212e+01  0.000000e+00
    endloop
  endfacet
  facet normal -1.919727e-16  3.156861e-16  9.999999e-01
    outer loop
      vertex  1.500000e+01 -9.000000e+00  1.065814e-14
      vertex  1.330672e+01  2.373212e+01  0.000000e+00
      vertex  1.284026e+01  2.344846e+01  0.000000e+00
    endloop
  endfacet
  facet normal -1.386629e-16  3.192344e-16  1.000000e+00
    outer loop
      vertex  1.500000e+01 -9.000000e+00  1.065814e-14
      vertex  1.284026e+01  2.344846e+01  0.000000e+00
      vertex  1.233952e+01  2.323096e+01  0.000000e+00
    endloop
  endfacet
  facet normal -9.055804e-17  3.232052e-16  1.000000e+00
    outer loop
      vertex  1.500000e+01 -9.000000e+00  1.065814e-14
      vertex  1.233952e+01  2.323096e+01  0.000000e+00
      vertex  1.181382e+01  2.308366e+01  0.000000e+00
    endloop
  endfacet
  facet normal -4.504488e-17  3.277251e-16  1.000000e+00
    outer loop
      vertex  1.500000e+01 -9.000000e+00  1.065814e-14
      vertex  1.181382e+01  2.308366e+01  0.000000e+00
      vertex  1.127297e+01  2.300933e+01  0.000000e+00
    endloop
  endfacet
  facet normal  0.000000e+00  1.000000e+00  0.000000e+00
    outer loop
      vertex  1.353312e+01 -2.700000e+01  3.586823e+01
      vertex  1.428036e+01 -2.700000e+01  3.495771e+01
      vertex  1.300000e+01 -2.700000e+01  2.400000e+01
    endloop
  endfacet
  facet normal  -0.000000e+00  1.000000e+00  -0.000000e+00
    outer loop
      vertex  1.063308e+01 -2.700000e+01  3.147914e+01
      vertex  1.002936e+01 -2.700000e+01  3.227115e+01
      vertex  1.000026e+01 -2.700000e+01  3.896645e+01
    endloop
  endfacet
  facet normal  0.000000e+00  1.000000e+00  0.000000e+00
    outer loop
      vertex -1.296186e+01 -2.700000e+01  2.499514e+01
      vertex -1.353312e+01 -2.700000e+01  3.586823e+01
      vertex -1.284765e+01 -2.700000e+01  2.598444e+01
    endloop
  endfacet
  facet normal  0.000000e+00  1.000000e+00  0.000000e+00
    outer loop
      vertex -1.558846e+01 -2.700000e+01  3.300000e+01
      vertex -1.496645e+01 -2.700000e+01  3.400026e+01
      vertex -1.500000e+01 -2.700000e+01  1.900000e+01
    endloop
  endfacet
  facet normal  0.000000e+00  1.000000e+00  0.000000e+00
    outer loop
      vertex  1.500000e+01 -2.700000e+01  1.900000e+01
      vertex  1.200000e+01 -2.700000e+01  1.900000e+01
      vertex  1.230279e+01 -2.700000e+01  1.979983e+01
    endloop
  endfacet
  facet normal  -0.000000e+00  9.999999e-01  0.000000e+00
    outer loop
      vertex  1.500000e+01 -2.700000e+01  1.900000e+01
      vertex  1.230279e+01 -2.700000e+01  1.979983e+01
      vertex  1.255233e+01 -2.700000e+01  2.061784e+01
    endloop
  endfacet
  facet normal  -0.000000e+00  1.000000e+00  0.000000e+00
    outer loop
      vertex  1.500000e+01 -2.700000e+01  1.900000e+01
      vertex  1.255233e+01 -2.700000e+01  2.061784e+01
      vertex  1.274755e+01 -2.700000e+01  2.145049e+01
    endloop
  endfacet
  facet normal  -0.000000e+00  1.000000e+00  0.000000e+00
    outer loop
      vertex  1.500000e+01 -2.700000e+01  1.900000e+01
      vertex  1.274755e+01 -2.700000e+01  2.145049e+01
      vertex  1.288760e+01 -2.700000e+01  2.229417e+01
    endloop
  endfacet
  facet normal  -0.000000e+00  1.000000e+00  0.000000e+00
    outer loop
      vertex  1.500000e+01 -2.700000e+01  1.900000e+01
      vertex  1.288760e+01 -2.700000e+01  2.229417e+01
      vertex  1.297187e+01 -2.700000e+01  2.314524e+01
    endloop
  endfacet
  facet normal  -0.000000e+00  1.000000e+00  0.000000e+00
    outer loop
      vertex  1.500000e+01 -2.700000e+01  1.900000e+01
      vertex  1.297187e+01 -2.700000e+01  2.314524e+01
      vertex  1.300000e+01 -2.700000e+01  2.400000e+01
    endloop
  endfacet
  facet normal  -0.000000e+00  9.999999e-01  0.000000e+00
    outer loop
      vertex  1.500000e+01 -2.700000e+01  1.900000e+01
      vertex  1.300000e+01 -2.700000e+01  2.400000e+01
      vertex  1.428036e+01 -2.700000e+01  3.495771e+01
    endloop
  endfacet
  facet normal  0.000000e+00  1.000000e+00  0.000000e+00
    outer loop
      vertex  1.500000e+01 -2.700000e+01  1.900000e+01
      vertex  1.428036e+01 -2.700000e+01  3.495771e+01
      vertex  1.496645e+01 -2.700000e+01  3.400026e+01
    endloop
  endfacet
  facet normal  0.000000e+00  1.000000e+00  0.000000e+00
    outer loop
      vertex  1.500000e+01 -2.700000e+01  1.900000e+01
      vertex  1.496645e+01 -2.700000e+01  3.400026e+01
      vertex  1.558846e+01 -2.700000e+01  3.300000e+01
    endloop
  endfacet
  facet normal  0.000000e+00  1.000000e+00  0.000000e+00
    outer loop
      vertex  1.500000e+01 -2.700000e+01  1.900000e+01
      vertex  1.558846e+01 -2.700000e+01  3.300000e+01
      vertex  1.500000e+01 -2.700000e+01  0.000000e+00
    endloop
  endfacet
  facet normal  0.000000e+00  1.000000e+00  0.000000e+00
    outer loop
      vertex -1.500000e+01 -2.700000e+01  1.900000e+01
      vertex -1.300000e+01 -2.700000e+01  2.400000e+01
      vertex -1.297187e+01 -2.700000e+01  2.314524e+01
    endloop
  endfacet
  facet normal  0.000000e+00  1.000000e+00  0.000000e+00
    outer loop
      vertex -1.500000e+01 -2.700000e+01  1.900000e+01
      vertex -1.297187e+01 -2.700000e+01  2.314524e+01
      vertex -1.288760e+01 -2.700000e+01  2.229417e+01
    endloop
  endfacet
  facet normal  0.000000e+00  9.999999e-01  0.000000e+00
    outer loop
      vertex -1.500000e+01 -2.700000e+01  1.900000e+01
      vertex -1.288760e+01 -2.700000e+01  2.229417e+01
      vertex -1.274755e+01 -2.700000e+01  2.145049e+01
    endloop
  endfacet
  facet normal  0.000000e+00  1.000000e+00  0.000000e+00
    outer loop
      vertex -1.500000e+01 -2.700000e+01  1.900000e+01
      vertex -1.274755e+01 -2.700000e+01  2.145049e+01
      vertex -1.255233e+01 -2.700000e+01  2.061784e+01
    endloop
  endfacet
  facet normal  0.000000e+00  1.000000e+00  0.000000e+00
    outer loop
      vertex -1.500000e+01 -2.700000e+01  1.900000e+01
      vertex -1.255233e+01 -2.700000e+01  2.061784e+01
      vertex -1.230279e+01 -2.700000e+01  1.979983e+01
    endloop
  endfacet
  facet normal  0.000000e+00  1.000000e+00  0.000000e+00
    outer loop
      vertex -1.500000e+01 -2.700000e+01  1.900000e+01
      vertex -1.230279e+01 -2.700000e+01  1.979983e+01
      vertex -1.200000e+01 -2.700000e+01  1.900000e+01
    endloop
  endfacet
  facet normal  0.000000e+00  1.000000e+00  0.000000e+00
    outer loop
      vertex  1.500000e+01 -2.700000e+01  0.000000e+00
      vertex  1.558846e+01 -2.700000e+01  3.300000e+01
      vertex  1.614371e+01 -2.700000e+01  3.196120e+01
    endloop
  endfacet
  facet normal  0.000000e+00  1.000000e+00  0.000000e+00
    outer loop
      vertex  1.500000e+01 -2.700000e+01  0.000000e+00
      vertex  1.614371e+01 -2.700000e+01  3.196120e+01
      vertex  1.662983e+01 -2.700000e+01  3.088830e+01
    endloop
  endfacet
  facet normal  0.000000e+00  1.000000e+00  0.000000e+00
    outer loop
      vertex  1.500000e+01 -2.700000e+01  0.000000e+00
      vertex  1.662983e+01 -2.700000e+01  3.088830e+01
      vertex  1.704474e+01 -2.700000e+01  2.978591e+01
    endloop
  endfacet
  facet normal  0.000000e+00  9.999999e-01  0.000000e+00
    outer loop
      vertex  1.500000e+01 -2.700000e+01  0.000000e+00
      vertex  1.704474e+01 -2.700000e+01  2.978591e+01
      vertex  1.738667e+01 -2.700000e+01  2.865874e+01
    endloop
  endfacet
  facet normal  0.000000e+00  1.000000e+00  0.000000e+00
    outer loop
      vertex  1.500000e+01 -2.700000e+01  0.000000e+00
      vertex  1.738667e+01 -2.700000e+01  2.865874e+01
      vertex  1.765413e+01 -2.700000e+01  2.751163e+01
    endloop
  endfacet
  facet normal  0.000000e+00  1.000000e+00  0.000000e+00
    outer loop
      vertex  1.500000e+01 -2.700000e+01  0.000000e+00
      vertex  1.765413e+01 -2.700000e+01  2.751163e+01
      vertex  1.784601e+01 -2.700000e+01  2.634947e+01
    endloop
  endfacet
  facet normal  0.000000e+00  9.999999e-01  0.000000e+00
    outer loop
      vertex  1.500000e+01 -2.700000e+01  0.000000e+00
      vertex  1.784601e+01 -2.700000e+01  2.634947e+01
      vertex  1.796146e+01 -2.700000e+01  2.517726e+01
    endloop
  endfacet
  facet normal  0.000000e+00  1.000000e+00  0.000000e+00
    outer loop
      vertex  1.500000e+01 -2.700000e+01  0.000000e+00
      vertex  1.796146e+01 -2.700000e+01  2.517726e+01
      vertex  1.800000e+01 -2.700000e+01  2.400000e+01
    endloop
  endfacet
  facet normal  0.000000e+00  1.000000e+00  0.000000e+00
    outer loop
      vertex  1.500000e+01 -2.700000e+01  0.000000e+00
      vertex  1.800000e+01 -2.700000e+01  2.400000e+01
      vertex  1.800000e+01 -2.700000e+01  0.000000e+00
    endloop
  endfacet
  facet normal  0.000000e+00  1.000000e+00  0.000000e+00
    outer loop
      vertex  1.272792e+01 -2.700000e+01  3.672792e+01
      vertex  1.353312e+01 -2.700000e+01  3.586823e+01
      vertex  1.300000e+01 -2.700000e+01  2.400000e+01
    endloop
  endfacet
  facet normal  0.000000e+00  1.000000e+00  0.000000e+00
    outer loop
      vertex  1.272792e+01 -2.700000e+01  3.672792e+01
      vertex  1.300000e+01 -2.700000e+01  2.400000e+01
      vertex  1.296186e+01 -2.700000e+01  2.499514e+01
    endloop
  endfacet
  facet normal  0.000000e+00  1.000000e+00  0.000000e+00
    outer loop
      vertex  1.272792e+01 -2.700000e+01  3.672792e+01
      vertex  1.296186e+01 -2.700000e+01  2.499514e+01
      vertex  1.284765e+01 -2.700000e+01  2.598444e+01
    endloop
  endfacet
  facet normal  0.000000e+00  1.000000e+00  0.000000e+00
    outer loop
      vertex  1.272792e+01 -2.700000e+01  3.672792e+01
      vertex  1.284765e+01 -2.700000e+01  2.598444e+01
      vertex  1.265804e+01 -2.700000e+01  2.696210e+01
    endloop
  endfacet
  facet normal  0.000000e+00  1.000000e+00  0.000000e+00
    outer loop
      vertex  1.186823e+01 -2.700000e+01  3.753312e+01
      vertex  1.272792e+01 -2.700000e+01  3.672792e+01
      vertex  1.265804e+01 -2.700000e+01  2.696210e+01
    endloop
  endfacet
  facet normal  0.000000e+00  1.000000e+00  0.000000e+00
    outer loop
      vertex  1.186823e+01 -2.700000e+01  3.753312e+01
      vertex  1.265804e+01 -2.700000e+01  2.696210e+01
      vertex  1.239415e+01 -2.700000e+01  2.792237e+01
    endloop
  endfacet
  facet normal  0.000000e+00  9.999999e-01  0.000000e+00
    outer loop
      vertex  1.186823e+01 -2.700000e+01  3.753312e+01
      vertex  1.239415e+01 -2.700000e+01  2.792237e+01
      vertex  1.205753e+01 -2.700000e+01  2.885962e+01
    endloop
  endfacet
  facet normal  0.000000e+00  1.000000e+00  0.000000e+00
    outer loop
      vertex  1.186823e+01 -2.700000e+01  3.753312e+01
      vertex  1.205753e+01 -2.700000e+01  2.885962e+01
      vertex  1.165015e+01 -2.700000e+01  2.976836e+01
    endloop
  endfacet
  facet normal  0.000000e+00  1.000000e+00  -0.000000e+00
    outer loop
      vertex  1.186823e+01 -2.700000e+01  3.753312e+01
      vertex  1.165015e+01 -2.700000e+01  2.976836e+01
      vertex  1.095771e+01 -2.700000e+01  3.828036e+01
    endloop
  endfacet
  facet normal  0.000000e+00  1.000000e+00  0.000000e+00
    outer loop
      vertex -1.272792e+01 -2.700000e+01  3.672792e+01
      vertex -1.186823e+01 -2.700000e+01  3.753312e+01
      vertex -1.205753e+01 -2.700000e+01  2.885962e+01
    endloop
  endfacet
  facet normal  0.000000e+00  1.000000e+00  0.000000e+00
    outer loop
      vertex -1.272792e+01 -2.700000e+01  3.672792e+01
      vertex -1.205753e+01 -2.700000e+01  2.885962e+01
      vertex -1.239415e+01 -2.700000e+01  2.792237e+01
    endloop
  endfacet
  facet normal  0.000000e+00  1.000000e+00  0.000000e+00
    outer loop
      vertex -1.272792e+01 -2.700000e+01  3.672792e+01
      vertex -1.239415e+01 -2.700000e+01  2.792237e+01
      vertex -1.265804e+01 -2.700000e+01  2.696210e+01
    endloop
  endfacet
  facet normal  0.000000e+00  1.000000e+00  0.000000e+00
    outer loop
      vertex -1.272792e+01 -2.700000e+01  3.672792e+01
      vertex -1.265804e+01 -2.700000e+01  2.696210e+01
      vertex -1.284765e+01 -2.700000e+01  2.598444e+01
    endloop
  endfacet
  facet normal  0.000000e+00  1.000000e+00  -0.000000e+00
    outer loop
      vertex -1.272792e+01 -2.700000e+01  3.672792e+01
      vertex -1.284765e+01 -2.700000e+01  2.598444e+01
      vertex -1.353312e+01 -2.700000e+01  3.586823e+01
    endloop
  endfacet
  facet normal  -0.000000e+00  9.999999e-01  0.000000e+00
    outer loop
      vertex -1.800000e+01 -2.700000e+01  0.000000e+00
      vertex -1.800000e+01 -2.700000e+01  2.400000e+01
      vertex -1.796146e+01 -2.700000e+01  2.517726e+01
    endloop
  endfacet
  facet normal  -0.000000e+00  1.000000e+00  0.000000e+00
    outer loop
      vertex -1.800000e+01 -2.700000e+01  0.000000e+00
      vertex -1.796146e+01 -2.700000e+01  2.517726e+01
      vertex -1.784601e+01 -2.700000e+01  2.634947e+01
    endloop
  endfacet
  facet normal  -0.000000e+00  1.000000e+00  0.000000e+00
    outer loop
      vertex -1.800000e+01 -2.700000e+01  0.000000e+00
      vertex -1.784601e+01 -2.700000e+01  2.634947e+01
      vertex -1.765413e+01 -2.700000e+01  2.751163e+01
    endloop
  endfacet
  facet normal  -0.000000e+00  1.000000e+00  0.000000e+00
    outer loop
      vertex -1.800000e+01 -2.700000e+01  0.000000e+00
      vertex -1.765413e+01 -2.700000e+01  2.751163e+01
      vertex -1.738667e+01 -2.700000e+01  2.865874e+01
    endloop
  endfacet
  facet normal  -0.000000e+00  1.000000e+00  0.000000e+00
    outer loop
      vertex -1.800000e+01 -2.700000e+01  0.000000e+00
      vertex -1.738667e+01 -2.700000e+01  2.865874e+01
      vertex -1.704474e+01 -2.700000e+01  2.978591e+01
    endloop
  endfacet
  facet normal  -0.000000e+00  1.000000e+00  0.000000e+00
    outer loop
      vertex -1.800000e+01 -2.700000e+01  0.000000e+00
      vertex -1.704474e+01 -2.700000e+01  2.978591e+01
      vertex -1.662983e+01 -2.700000e+01  3.088830e+01
    endloop
  endfacet
  facet normal  -0.000000e+00  1.000000e+00  0.000000e+00
    outer loop
      vertex -1.800000e+01 -2.700000e+01  0.000000e+00
      vertex -1.662983e+01 -2.700000e+01  3.088830e+01
      vertex -1.614371e+01 -2.700000e+01  3.196120e+01
    endloop
  endfacet
  facet normal  -0.000000e+00  1.000000e+00  0.000000e+00
    outer loop
      vertex -1.800000e+01 -2.700000e+01  0.000000e+00
      vertex -1.614371e+01 -2.700000e+01  3.196120e+01
      vertex -1.558846e+01 -2.700000e+01  3.300000e+01
    endloop
  endfacet
  facet normal  0.000000e+00  9.999999e-01  0.000000e+00
    outer loop
      vertex -1.800000e+01 -2.700000e+01  0.000000e+00
      vertex -1.558846e+01 -2.700000e+01  3.300000e+01
      vertex -1.500000e+01 -2.700000e+01  1.900000e+01
    endloop
  endfacet
  facet normal  0.000000e+00  1.000000e+00  0.000000e+00
    outer loop
      vertex -1.800000e+01 -2.700000e+01  0.000000e+00
      vertex -1.500000e+01 -2.700000e+01  1.900000e+01
      vertex -1.500000e+01 -2.700000e+01  0.000000e+00
    endloop
  endfacet
  facet normal  -0.000000e+00  1.000000e+00  -0.000000e+00
    outer loop
      vertex  1.165015e+01 -2.700000e+01  2.976836e+01
      vertex  1.117441e+01 -2.700000e+01  3.064324e+01
      vertex  1.095771e+01 -2.700000e+01  3.828036e+01
    endloop
  endfacet
  facet normal  0.000000e+00  1.000000e+00  0.000000e+00
    outer loop
      vertex  1.095771e+01 -2.700000e+01  3.828036e+01
      vertex  1.117441e+01 -2.700000e+01  3.064324e+01
      vertex  1.063308e+01 -2.700000e+01  3.147914e+01
    endloop
  endfacet
  facet normal  0.000000e+00  1.000000e+00  -0.000000e+00
    outer loop
      vertex  1.095771e+01 -2.700000e+01  3.828036e+01
      vertex  1.063308e+01 -2.700000e+01  3.147914e+01
      vertex  1.000026e+01 -2.700000e+01  3.896645e+01
    endloop
  endfacet
  facet normal  0.000000e+00  1.000000e+00  0.000000e+00
    outer loop
      vertex  8.649234e+00 -2.700000e+01  3.370519e+01
      vertex  9.000000e+00 -2.700000e+01  3.958846e+01
      vertex  9.366780e+00 -2.700000e+01  3.301462e+01
    endloop
  endfacet
  facet normal  0.000000e+00  1.000000e+00  -0.000000e+00
    outer loop
      vertex  9.366780e+00 -2.700000e+01  3.301462e+01
      vertex  9.000000e+00 -2.700000e+01  3.958846e+01
      vertex  1.000026e+01 -2.700000e+01  3.896645e+01
    endloop
  endfacet
  facet normal  0.000000e+00  9.999999e-01  0.000000e+00
    outer loop
      vertex  9.366780e+00 -2.700000e+01  3.301462e+01
      vertex  1.000026e+01 -2.700000e+01  3.896645e+01
      vertex  1.002936e+01 -2.700000e+01  3.227115e+01
    endloop
  endfacet
  facet normal  0.000000e+00  1.000000e+00  0.000000e+00
    outer loop
      vertex  4.394219e+00 -2.700000e+01  3.623482e+01
      vertex  4.658743e+00 -2.700000e+01  4.138667e+01
      vertex  5.317892e+00 -2.700000e+01  3.586255e+01
    endloop
  endfacet
  facet normal  0.000000e+00  1.000000e+00  -0.000000e+00
    outer loop
      vertex  5.317892e+00 -2.700000e+01  3.586255e+01
      vertex  4.658743e+00 -2.700000e+01  4.138667e+01
      vertex  5.785911e+00 -2.700000e+01  4.104474e+01
    endloop
  endfacet
  facet normal  0.000000e+00  1.000000e+00  0.000000e+00
    outer loop
      vertex  5.317892e+00 -2.700000e+01  3.586255e+01
      vertex  5.785911e+00 -2.700000e+01  4.104474e+01
      vertex  6.210358e+00 -2.700000e+01  3.542066e+01
    endloop
  endfacet
  facet normal  0.000000e+00  1.000000e+00  -0.000000e+00
    outer loop
      vertex  6.210358e+00 -2.700000e+01  3.542066e+01
      vertex  5.785911e+00 -2.700000e+01  4.104474e+01
      vertex  6.888302e+00 -2.700000e+01  4.062983e+01
    endloop
  endfacet
  facet normal  0.000000e+00  1.000000e+00  0.000000e+00
    outer loop
      vertex  6.210358e+00 -2.700000e+01  3.542066e+01
      vertex  6.888302e+00 -2.700000e+01  4.062983e+01
      vertex  7.066378e+00 -2.700000e+01  3.491175e+01
    endloop
  endfacet
  facet normal  0.000000e+00  1.000000e+00  -0.000000e+00
    outer loop
      vertex  7.066378e+00 -2.700000e+01  3.491175e+01
      vertex  6.888302e+00 -2.700000e+01  4.062983e+01
      vertex  7.961196e+00 -2.700000e+01  4.014371e+01
    endloop
  endfacet
  facet normal  0.000000e+00  1.000000e+00  0.000000e+00
    outer loop
      vertex  7.066378e+00 -2.700000e+01  3.491175e+01
      vertex  7.961196e+00 -2.700000e+01  4.014371e+01
      vertex  7.880930e+00 -2.700000e+01  3.433881e+01
    endloop
  endfacet
  facet normal  0.000000e+00  1.000000e+00  0.000000e+00
    outer loop
      vertex  7.880930e+00 -2.700000e+01  3.433881e+01
      vertex  7.961196e+00 -2.700000e+01  4.014371e+01
      vertex  9.000000e+00 -2.700000e+01  3.958846e+01
    endloop
  endfacet
  facet normal  0.000000e+00  1.000000e+00  0.000000e+00
    outer loop
      vertex  7.880930e+00 -2.700000e+01  3.433881e+01
      vertex  9.000000e+00 -2.700000e+01  3.958846e+01
      vertex  8.649234e+00 -2.700000e+01  3.370519e+01
    endloop
  endfacet
  facet normal  0.000000e+00  1.000000e+00  0.000000e+00
    outer loop
      vertex -1.490885e+00 -2.700000e+01  3.691423e+01
      vertex -1.177256e+00 -2.700000e+01  4.196146e+01
      vertex -4.979355e-01 -2.700000e+01  3.699046e+01
    endloop
  endfacet
  facet normal  0.000000e+00  1.000000e+00  -0.000000e+00
    outer loop
      vertex -4.979355e-01 -2.700000e+01  3.699046e+01
      vertex -1.177256e+00 -2.700000e+01  4.196146e+01
      vertex  2.894621e-15 -2.700000e+01  4.200000e+01
    endloop
  endfacet
  facet normal  0.000000e+00  1.000000e+00  0.000000e+00
    outer loop
      vertex -4.979355e-01 -2.700000e+01  3.699046e+01
      vertex  2.894621e-15 -2.700000e+01  4.200000e+01
      vertex  4.979355e-01 -2.700000e+01  3.699046e+01
    endloop
  endfacet
  facet normal  0.000000e+00  1.000000e+00  -0.000000e+00
    outer loop
      vertex  4.979355e-01 -2.700000e+01  3.699046e+01
      vertex  2.894621e-15 -2.700000e+01  4.200000e+01
      vertex  1.177256e+00 -2.700000e+01  4.196146e+01
    endloop
  endfacet
  facet normal  0.000000e+00  1.000000e+00  0.000000e+00
    outer loop
      vertex  4.979355e-01 -2.700000e+01  3.699046e+01
      vertex  1.177256e+00 -2.700000e+01  4.196146e+01
      vertex  1.490885e+00 -2.700000e+01  3.691423e+01
    endloop
  endfacet
  facet normal  0.000000e+00  1.000000e+00  -0.000000e+00
    outer loop
      vertex  1.490885e+00 -2.700000e+01  3.691423e+01
      vertex  1.177256e+00 -2.700000e+01  4.196146e+01
      vertex  2.349472e+00 -2.700000e+01  4.184601e+01
    endloop
  endfacet
  facet normal  0.000000e+00  1.000000e+00  0.000000e+00
    outer loop
      vertex  1.490885e+00 -2.700000e+01  3.691423e+01
      vertex  2.349472e+00 -2.700000e+01  4.184601e+01
      vertex  2.475084e+00 -2.700000e+01  3.676221e+01
    endloop
  endfacet
  facet normal  0.000000e+00  1.000000e+00  -0.000000e+00
    outer loop
      vertex  2.475084e+00 -2.700000e+01  3.676221e+01
      vertex  2.349472e+00 -2.700000e+01  4.184601e+01
      vertex  3.511626e+00 -2.700000e+01  4.165414e+01
    endloop
  endfacet
  facet normal  0.000000e+00  1.000000e+00  0.000000e+00
    outer loop
      vertex  2.475084e+00 -2.700000e+01  3.676221e+01
      vertex  3.511626e+00 -2.700000e+01  4.165414e+01
      vertex  3.444760e+00 -2.700000e+01  3.653529e+01
    endloop
  endfacet
  facet normal  0.000000e+00  9.999999e-01  0.000000e+00
    outer loop
      vertex  3.444760e+00 -2.700000e+01  3.653529e+01
      vertex  3.511626e+00 -2.700000e+01  4.165414e+01
      vertex  4.658743e+00 -2.700000e+01  4.138667e+01
    endloop
  endfacet
  facet normal  0.000000e+00  1.000000e+00  0.000000e+00
    outer loop
      vertex  3.444760e+00 -2.700000e+01  3.653529e+01
      vertex  4.658743e+00 -2.700000e+01  4.138667e+01
      vertex  4.394219e+00 -2.700000e+01  3.623482e+01
    endloop
  endfacet
  facet normal  0.000000e+00  1.000000e+00  0.000000e+00
    outer loop
      vertex -6.210358e+00 -2.700000e+01  3.542066e+01
      vertex -5.785911e+00 -2.700000e+01  4.104474e+01
      vertex -5.317892e+00 -2.700000e+01  3.586255e+01
    endloop
  endfacet
  facet normal  0.000000e+00  1.000000e+00  -0.000000e+00
    outer loop
      vertex -5.317892e+00 -2.700000e+01  3.586255e+01
      vertex -5.785911e+00 -2.700000e+01  4.104474e+01
      vertex -4.658743e+00 -2.700000e+01  4.138667e+01
    endloop
  endfacet
  facet normal  0.000000e+00  1.000000e+00  0.000000e+00
    outer loop
      vertex -5.317892e+00 -2.700000e+01  3.586255e+01
      vertex -4.658743e+00 -2.700000e+01  4.138667e+01
      vertex -4.394219e+00 -2.700000e+01  3.623482e+01
    endloop
  endfacet
  facet normal  0.000000e+00  1.000000e+00  -0.000000e+00
    outer loop
      vertex -4.394219e+00 -2.700000e+01  3.623482e+01
      vertex -4.658743e+00 -2.700000e+01  4.138667e+01
      vertex -3.511626e+00 -2.700000e+01  4.165414e+01
    endloop
  endfacet
  facet normal  0.000000e+00  9.999999e-01  0.000000e+00
    outer loop
      vertex -4.394219e+00 -2.700000e+01  3.623482e+01
      vertex -3.511626e+00 -2.700000e+01  4.165414e+01
      vertex -3.444760e+00 -2.700000e+01  3.653529e+01
    endloop
  endfacet
  facet normal  0.000000e+00  1.000000e+00  -0.000000e+00
    outer loop
      vertex -3.444760e+00 -2.700000e+01  3.653529e+01
      vertex -3.511626e+00 -2.700000e+01  4.165414e+01
      vertex -2.349472e+00 -2.700000e+01  4.184601e+01
    endloop
  endfacet
  facet normal  0.000000e+00  1.000000e+00  0.000000e+00
    outer loop
      vertex -3.444760e+00 -2.700000e+01  3.653529e+01
      vertex -2.349472e+00 -2.700000e+01  4.184601e+01
      vertex -2.475084e+00 -2.700000e+01  3.676221e+01
    endloop
  endfacet
  facet normal  0.000000e+00  1.000000e+00  0.000000e+00
    outer loop
      vertex -2.475084e+00 -2.700000e+01  3.676221e+01
      vertex -2.349472e+00 -2.700000e+01  4.184601e+01
      vertex -1.177256e+00 -2.700000e+01  4.196146e+01
    endloop
  endfacet
  facet normal  0.000000e+00  1.000000e+00  0.000000e+00
    outer loop
      vertex -2.475084e+00 -2.700000e+01  3.676221e+01
      vertex -1.177256e+00 -2.700000e+01  4.196146e+01
      vertex -1.490885e+00 -2.700000e+01  3.691423e+01
    endloop
  endfacet
  facet normal  0.000000e+00  9.999999e-01  0.000000e+00
    outer loop
      vertex -1.002936e+01 -2.700000e+01  3.227115e+01
      vertex -1.000026e+01 -2.700000e+01  3.896645e+01
      vertex -9.366780e+00 -2.700000e+01  3.301462e+01
    endloop
  endfacet
  facet normal  0.000000e+00  1.000000e+00  -0.000000e+00
    outer loop
      vertex -9.366780e+00 -2.700000e+01  3.301462e+01
      vertex -1.000026e+01 -2.700000e+01  3.896645e+01
      vertex -9.000000e+00 -2.700000e+01  3.958846e+01
    endloop
  endfacet
  facet normal  0.000000e+00  1.000000e+00  0.000000e+00
    outer loop
      vertex -9.366780e+00 -2.700000e+01  3.301462e+01
      vertex -9.000000e+00 -2.700000e+01  3.958846e+01
      vertex -8.649234e+00 -2.700000e+01  3.370519e+01
    endloop
  endfacet
  facet normal  0.000000e+00  1.000000e+00  -0.000000e+00
    outer loop
      vertex -8.649234e+00 -2.700000e+01  3.370519e+01
      vertex -9.000000e+00 -2.700000e+01  3.958846e+01
      vertex -7.961196e+00 -2.700000e+01  4.014371e+01
    endloop
  endfacet
  facet normal  0.000000e+00  1.000000e+00  0.000000e+00
    outer loop
      vertex -8.649234e+00 -2.700000e+01  3.370519e+01
      vertex -7.961196e+00 -2.700000e+01  4.014371e+01
      vertex -7.880930e+00 -2.700000e+01  3.433881e+01
    endloop
  endfacet
  facet normal  0.000000e+00  1.000000e+00  -0.000000e+00
    outer loop
      vertex -7.880930e+00 -2.700000e+01  3.433881e+01
      vertex -7.961196e+00 -2.700000e+01  4.014371e+01
      vertex -6.888302e+00 -2.700000e+01  4.062983e+01
    endloop
  endfacet
  facet normal  0.000000e+00  1.000000e+00  0.000000e+00
    outer loop
      vertex -7.880930e+00 -2.700000e+01  3.433881e+01
      vertex -6.888302e+00 -2.700000e+01  4.062983e+01
      vertex -7.066378e+00 -2.700000e+01  3.491175e+01
    endloop
  endfacet
  facet normal  0.000000e+00  1.000000e+00  0.000000e+00
    outer loop
      vertex -7.066378e+00 -2.700000e+01  3.491175e+01
      vertex -6.888302e+00 -2.700000e+01  4.062983e+01
      vertex -5.785911e+00 -2.700000e+01  4.104474e+01
    endloop
  endfacet
  facet normal  0.000000e+00  1.000000e+00  0.000000e+00
    outer loop
      vertex -7.066378e+00 -2.700000e+01  3.491175e+01
      vertex -5.785911e+00 -2.700000e+01  4.104474e+01
      vertex -6.210358e+00 -2.700000e+01  3.542066e+01
    endloop
  endfacet
  facet normal  0.000000e+00  1.000000e+00  0.000000e+00
    outer loop
      vertex -1.117441e+01 -2.700000e+01  3.064324e+01
      vertex -1.095771e+01 -2.700000e+01  3.828036e+01
      vertex -1.063308e+01 -2.700000e+01  3.147914e+01
    endloop
  endfacet
  facet normal  0.000000e+00  1.000000e+00  -0.000000e+00
    outer loop
      vertex -1.063308e+01 -2.700000e+01  3.147914e+01
      vertex -1.095771e+01 -2.700000e+01  3.828036e+01
      vertex -1.000026e+01 -2.700000e+01  3.896645e+01
    endloop
  endfacet
  facet normal  0.000000e+00  1.000000e+00  0.000000e+00
    outer loop
      vertex -1.063308e+01 -2.700000e+01  3.147914e+01
      vertex -1.000026e+01 -2.700000e+01  3.896645e+01
      vertex -1.002936e+01 -2.700000e+01  3.227115e+01
    endloop
  endfacet
  facet normal  0.000000e+00  1.000000e+00  0.000000e+00
    outer loop
      vertex -1.205753e+01 -2.700000e+01  2.885962e+01
      vertex -1.186823e+01 -2.700000e+01  3.753312e+01
      vertex -1.165015e+01 -2.700000e+01  2.976836e+01
    endloop
  endfacet
  facet normal  0.000000e+00  1.000000e+00  -0.000000e+00
    outer loop
      vertex -1.165015e+01 -2.700000e+01  2.976836e+01
      vertex -1.186823e+01 -2.700000e+01  3.753312e+01
      vertex -1.095771e+01 -2.700000e+01  3.828036e+01
    endloop
  endfacet
  facet normal  0.000000e+00  1.000000e+00  0.000000e+00
    outer loop
      vertex -1.165015e+01 -2.700000e+01  2.976836e+01
      vertex -1.095771e+01 -2.700000e+01  3.828036e+01
      vertex -1.117441e+01 -2.700000e+01  3.064324e+01
    endloop
  endfacet
  facet normal  0.000000e+00  1.000000e+00  0.000000e+00
    outer loop
      vertex -1.300000e+01 -2.700000e+01  2.400000e+01
      vertex -1.500000e+01 -2.700000e+01  1.900000e+01
      vertex -1.296186e+01 -2.700000e+01  2.499514e+01
    endloop
  endfacet
  facet normal  0.000000e+00  1.000000e+00  0.000000e+00
    outer loop
      vertex -1.296186e+01 -2.700000e+01  2.499514e+01
      vertex -1.500000e+01 -2.700000e+01  1.900000e+01
      vertex -1.353312e+01 -2.700000e+01  3.586823e+01
    endloop
  endfacet
  facet normal  -0.000000e+00  1.000000e+00  0.000000e+00
    outer loop
      vertex -1.500000e+01 -2.700000e+01  1.900000e+01
      vertex -1.496645e+01 -2.700000e+01  3.400026e+01
      vertex -1.353312e+01 -2.700000e+01  3.586823e+01
    endloop
  endfacet
  facet normal  0.000000e+00  9.999999e-01  0.000000e+00
    outer loop
      vertex -1.353312e+01 -2.700000e+01  3.586823e+01
      vertex -1.496645e+01 -2.700000e+01  3.400026e+01
      vertex -1.428036e+01 -2.700000e+01  3.495771e+01
    endloop
  endfacet
  facet normal  0.000000e+00  1.000000e+00  0.000000e+00
    outer loop
      vertex -1.100000e+01 -2.700000e+01  0.000000e+00
      vertex -1.100000e+01 -2.700000e+01  1.707180e+01
      vertex -1.042985e+01 -2.700000e+01  1.623996e+01
    endloop
  endfacet
  facet normal  0.000000e+00  1.000000e+00  0.000000e+00
    outer loop
      vertex -1.100000e+01 -2.700000e+01  0.000000e+00
      vertex -1.042985e+01 -2.700000e+01  1.623996e+01
      vertex -9.796938e+00 -2.700000e+01  1.545483e+01
    endloop
  endfacet
  facet normal  0.000000e+00  1.000000e+00  0.000000e+00
    outer loop
      vertex -1.100000e+01 -2.700000e+01  0.000000e+00
      vertex -9.796938e+00 -2.700000e+01  1.545483e+01
      vertex -9.105067e+00 -2.700000e+01  1.472111e+01
    endloop
  endfacet
  facet normal  0.000000e+00  1.000000e+00  0.000000e+00
    outer loop
      vertex -1.100000e+01 -2.700000e+01  0.000000e+00
      vertex -9.105067e+00 -2.700000e+01  1.472111e+01
      vertex -8.358404e+00 -2.700000e+01  1.404324e+01
    endloop
  endfacet
  facet normal  0.000000e+00  1.000000e+00  0.000000e+00
    outer loop
      vertex -1.100000e+01 -2.700000e+01  0.000000e+00
      vertex -8.358404e+00 -2.700000e+01  1.404324e+01
      vertex -7.561441e+00 -2.700000e+01  1.342528e+01
    endloop
  endfacet
  facet normal  0.000000e+00  1.000000e+00  0.000000e+00
    outer loop
      vertex -1.100000e+01 -2.700000e+01  0.000000e+00
      vertex -7.561441e+00 -2.700000e+01  1.342528e+01
      vertex -6.718974e+00 -2.700000e+01  1.287097e+01
    endloop
  endfacet
  facet normal  0.000000e+00  1.000000e+00  0.000000e+00
    outer loop
      vertex -1.100000e+01 -2.700000e+01  0.000000e+00
      vertex -6.718974e+00 -2.700000e+01  1.287097e+01
      vertex -5.836073e+00 -2.700000e+01  1.238362e+01
    endloop
  endfacet
  facet normal  0.000000e+00  1.000000e+00  0.000000e+00
    outer loop
      vertex -1.100000e+01 -2.700000e+01  0.000000e+00
      vertex -5.836073e+00 -2.700000e+01  1.238362e+01
      vertex -4.918052e+00 -2.700000e+01  1.196618e+01
    endloop
  endfacet
  facet normal  0.000000e+00  1.000000e+00  0.000000e+00
    outer loop
      vertex -1.100000e+01 -2.700000e+01  0.000000e+00
      vertex -4.918052e+00 -2.700000e+01  1.196618e+01
      vertex -3.970434e+00 -2.700000e+01  1.162116e+01
    endloop
  endfacet
  facet normal  0.000000e+00  1.000000e+00  0.000000e+00
    outer loop
      vertex -1.100000e+01 -2.700000e+01  0.000000e+00
      vertex -3.970434e+00 -2.700000e+01  1.162116e+01
      vertex -2.998923e+00 -2.700000e+01  1.135063e+01
    endloop
  endfacet
  facet normal  0.000000e+00  1.000000e+00  0.000000e+00
    outer loop
      vertex -1.100000e+01 -2.700000e+01  0.000000e+00
      vertex -2.998923e+00 -2.700000e+01  1.135063e+01
      vertex -2.009365e+00 -2.700000e+01  1.115623e+01
    endloop
  endfacet
  facet normal  0.000000e+00  1.000000e+00  0.000000e+00
    outer loop
      vertex -1.100000e+01 -2.700000e+01  0.000000e+00
      vertex -2.009365e+00 -2.700000e+01  1.115623e+01
      vertex -1.007715e+00 -2.700000e+01  1.103912e+01
    endloop
  endfacet
  facet normal  0.000000e+00  1.000000e+00  0.000000e+00
    outer loop
      vertex -1.100000e+01 -2.700000e+01  0.000000e+00
      vertex -1.007715e+00 -2.700000e+01  1.103912e+01
      vertex  6.808696e-15 -2.700000e+01  1.100000e+01
    endloop
  endfacet
  facet normal  -0.000000e+00  1.000000e+00  0.000000e+00
    outer loop
      vertex -1.100000e+01 -2.700000e+01  0.000000e+00
      vertex  6.808696e-15 -2.700000e+01  1.100000e+01
      vertex  1.007715e+00 -2.700000e+01  1.103912e+01
    endloop
  endfacet
  facet normal  -0.000000e+00  1.000000e+00  0.000000e+00
    outer loop
      vertex -1.100000e+01 -2.700000e+01  0.000000e+00
      vertex  1.007715e+00 -2.700000e+01  1.103912e+01
      vertex  2.009365e+00 -2.700000e+01  1.115623e+01
    endloop
  endfacet
  facet normal  -0.000000e+00  1.000000e+00  0.000000e+00
    outer loop
      vertex -1.100000e+01 -2.700000e+01  0.000000e+00
      vertex  2.009365e+00 -2.700000e+01  1.115623e+01
      vertex  2.998923e+00 -2.700000e+01  1.135063e+01
    endloop
  endfacet
  facet normal  -0.000000e+00  1.000000e+00  0.000000e+00
    outer loop
      vertex -1.100000e+01 -2.700000e+01  0.000000e+00
      vertex  2.998923e+00 -2.700000e+01  1.135063e+01
      vertex  3.970434e+00 -2.700000e+01  1.162116e+01
    endloop
  endfacet
  facet normal  -0.000000e+00  9.999999e-01  0.000000e+00
    outer loop
      vertex -1.100000e+01 -2.700000e+01  0.000000e+00
      vertex  3.970434e+00 -2.700000e+01  1.162116e+01
      vertex  4.918052e+00 -2.700000e+01  1.196618e+01
    endloop
  endfacet
  facet normal  -0.000000e+00  1.000000e+00  0.000000e+00
    outer loop
      vertex -1.100000e+01 -2.700000e+01  0.000000e+00
      vertex  4.918052e+00 -2.700000e+01  1.196618e+01
      vertex  5.836073e+00 -2.700000e+01  1.238362e+01
    endloop
  endfacet
  facet normal  -0.000000e+00  1.000000e+00  0.000000e+00
    outer loop
      vertex -1.100000e+01 -2.700000e+01  0.000000e+00
      vertex  5.836073e+00 -2.700000e+01  1.238362e+01
      vertex  6.718974e+00 -2.700000e+01  1.287097e+01
    endloop
  endfacet
  facet normal  -0.000000e+00  1.000000e+00  0.000000e+00
    outer loop
      vertex -1.100000e+01 -2.700000e+01  0.000000e+00
      vertex  6.718974e+00 -2.700000e+01  1.287097e+01
      vertex  7.561441e+00 -2.700000e+01  1.342528e+01
    endloop
  endfacet
  facet normal  0.000000e+00  1.000000e+00  0.000000e+00
    outer loop
      vertex  1.100000e+01 -2.700000e+01  0.000000e+00
      vertex -1.100000e+01 -2.700000e+01  0.000000e+00
      vertex  7.561441e+00 -2.700000e+01  1.342528e+01
    endloop
  endfacet
  facet normal  -0.000000e+00  1.000000e+00  0.000000e+00
    outer loop
      vertex  1.100000e+01 -2.700000e+01  0.000000e+00
      vertex  7.561441e+00 -2.700000e+01  1.342528e+01
      vertex  8.358404e+00 -2.700000e+01  1.404324e+01
    endloop
  endfacet
  facet normal  -0.000000e+00  1.000000e+00  0.000000e+00
    outer loop
      vertex  1.100000e+01 -2.700000e+01  0.000000e+00
      vertex  8.358404e+00 -2.700000e+01  1.404324e+01
      vertex  9.105067e+00 -2.700000e+01  1.472111e+01
    endloop
  endfacet
  facet normal  -0.000000e+00  1.000000e+00  0.000000e+00
    outer loop
      vertex  1.100000e+01 -2.700000e+01  0.000000e+00
      vertex  9.105067e+00 -2.700000e+01  1.472111e+01
      vertex  9.796938e+00 -2.700000e+01  1.545483e+01
    endloop
  endfacet
  facet normal  -0.000000e+00  1.000000e+00  0.000000e+00
    outer loop
      vertex  1.100000e+01 -2.700000e+01  0.000000e+00
      vertex  9.796938e+00 -2.700000e+01  1.545483e+01
      vertex  1.042985e+01 -2.700000e+01  1.623996e+01
    endloop
  endfacet
  facet normal  -0.000000e+00  1.000000e+00  0.000000e+00
    outer loop
      vertex  1.100000e+01 -2.700000e+01  0.000000e+00
      vertex  1.042985e+01 -2.700000e+01  1.623996e+01
      vertex  1.100000e+01 -2.700000e+01  1.707180e+01
    endloop
  endfacet
  facet normal  0.000000e+00 -1.000000e+00  0.000000e+00
    outer loop
      vertex -1.200000e+01 -2.700000e+01  1.900000e+01
      vertex -1.170270e+01 -2.700000e+01  1.833900e+01
      vertex -1.136902e+01 -2.700000e+01  1.769560e+01
    endloop
  endfacet
  facet normal  0.000000e+00 -1.000000e+00  0.000000e+00
    outer loop
      vertex -1.200000e+01 -2.700000e+01  1.900000e+01
      vertex -1.136902e+01 -2.700000e+01  1.769560e+01
      vertex -1.100000e+01 -2.700000e+01  1.707180e+01
    endloop
  endfacet
  facet normal  0.000000e+00 -1.000000e+00  0.000000e+00
    outer loop
      vertex -1.200000e+01 -2.700000e+01  1.900000e+01
      vertex -1.100000e+01 -2.700000e+01  1.707180e+01
      vertex -1.100000e+01 -2.700000e+01  1.900000e+01
    endloop
  endfacet
  facet normal -1.000000e+00  0.000000e+00  0.000000e+00
    outer loop
      vertex -1.500000e+01 -9.000000e+00  1.065814e-14
      vertex -1.500000e+01 -2.700000e+01  0.000000e+00
      vertex -1.500000e+01 -2.700000e+01  1.900000e+01
    endloop
  endfacet
  facet normal  1.000000e+00  0.000000e+00  0.000000e+00
    outer loop
      vertex -1.100000e+01 -2.700000e+01  1.707180e+01
      vertex -1.100000e+01 -9.000000e+00  0.000000e+00
      vertex -1.100000e+01 -2.700000e+01  1.900000e+01
    endloop
  endfacet
  facet normal  1.000000e+00  0.000000e+00  0.000000e+00
    outer loop
      vertex -1.100000e+01 -2.700000e+01  1.707180e+01
      vertex -1.100000e+01 -2.700000e+01  0.000000e+00
      vertex -1.100000e+01 -9.000000e+00  0.000000e+00
    endloop
  endfacet
  facet normal  0.000000e+00  7.259526e-01  6.877446e-01
    outer loop
      vertex -1.500000e+01 -2.700000e+01  1.900000e+01
      vertex -1.200000e+01 -2.700000e+01  1.900000e+01
      vertex -1.500000e+01 -9.000000e+00  1.065814e-14
    endloop
  endfacet
  facet normal  0.000000e+00  7.259527e-01  6.877447e-01
    outer loop
      vertex -1.500000e+01 -9.000000e+00  1.065814e-14
      vertex -1.200000e+01 -2.700000e+01  1.900000e+01
      vertex -1.100000e+01 -2.700000e+01  1.900000e+01
    endloop
  endfacet
  facet normal  0.000000e+00  7.259527e-01  6.877447e-01
    outer loop
      vertex -1.500000e+01 -9.000000e+00  1.065814e-14
      vertex -1.100000e+01 -2.700000e+01  1.900000e+01
      vertex -1.100000e+01 -9.000000e+00  0.000000e+00
    endloop
  endfacet
  facet normal  7.069153e-01  7.069153e-01  2.326560e-02
    outer loop
      vertex -1.200000e+01 -2.800000e+01  2.400000e+01
      vertex -1.297187e+01 -2.700000e+01  2.314524e+01
      vertex -1.300000e+01 -2.700000e+01  2.400000e+01
    endloop
  endfacet
  facet normal  7.045935e-01  7.090428e-01  2.839448e-02
    outer loop
      vertex -1.200000e+01 -2.800000e+01  2.400000e+01
      vertex -1.196109e+01 -2.800000e+01  2.303440e+01
      vertex -1.297187e+01 -2.700000e+01  2.314524e+01
    endloop
  endfacet
  facet normal -7.045935e-01  7.090428e-01  2.839448e-02
    outer loop
      vertex  1.200000e+01 -2.800000e+01  2.400000e+01
      vertex  1.297187e+01 -2.700000e+01  2.314524e+01
      vertex  1.196109e+01 -2.800000e+01  2.303440e+01
    endloop
  endfacet
  facet normal -7.069153e-01  7.069153e-01  2.326560e-02
    outer loop
      vertex  1.200000e+01 -2.800000e+01  2.400000e+01
      vertex  1.300000e+01 -2.700000e+01  2.400000e+01
      vertex  1.297187e+01 -2.700000e+01  2.314524e+01
    endloop
  endfacet
  facet normal -6.085222e-01  7.071902e-01  3.599763e-01
    outer loop
      vertex  1.100000e+01 -2.700000e+01  1.707180e+01
      vertex  1.014228e+01 -2.800000e+01  1.758641e+01
      vertex  1.136902e+01 -2.700000e+01  1.769560e+01
    endloop
  endfacet
  facet normal -5.837128e-01  7.065501e-01  4.000830e-01
    outer loop
      vertex  1.100000e+01 -2.700000e+01  1.707180e+01
      vertex  1.042985e+01 -2.700000e+01  1.623996e+01
      vertex  1.014228e+01 -2.800000e+01  1.758641e+01
    endloop
  endfacet
  facet normal  7.054478e-01  7.053112e-01  6.985262e-02
    outer loop
      vertex -1.196109e+01 -2.800000e+01  2.303440e+01
      vertex -1.288760e+01 -2.700000e+01  2.229417e+01
      vertex -1.297187e+01 -2.700000e+01  2.314524e+01
    endloop
  endfacet
  facet normal  6.999954e-01  7.046310e-01  1.161967e-01
    outer loop
      vertex -1.184460e+01 -2.800000e+01  2.207506e+01
      vertex -1.274755e+01 -2.700000e+01  2.145049e+01
      vertex -1.288760e+01 -2.700000e+01  2.229417e+01
    endloop
  endfacet
  facet normal  6.988071e-01  7.102600e-01  8.484986e-02
    outer loop
      vertex -1.184460e+01 -2.800000e+01  2.207506e+01
      vertex -1.288760e+01 -2.700000e+01  2.229417e+01
      vertex -1.196109e+01 -2.800000e+01  2.303440e+01
    endloop
  endfacet
  facet normal  6.905964e-01  7.048835e-01  1.619132e-01
    outer loop
      vertex -1.165130e+01 -2.800000e+01  2.112821e+01
      vertex -1.255233e+01 -2.700000e+01  2.061784e+01
      vertex -1.274755e+01 -2.700000e+01  2.145049e+01
    endloop
  endfacet
  facet normal  6.894891e-01  7.104866e-01  1.407609e-01
    outer loop
      vertex -1.165130e+01 -2.800000e+01  2.112821e+01
      vertex -1.274755e+01 -2.700000e+01  2.145049e+01
      vertex -1.184460e+01 -2.800000e+01  2.207506e+01
    endloop
  endfacet
  facet normal  6.773315e-01  7.060646e-01  2.066275e-01
    outer loop
      vertex -1.138244e+01 -2.800000e+01  2.019998e+01
      vertex -1.230279e+01 -2.700000e+01  1.979983e+01
      vertex -1.255233e+01 -2.700000e+01  2.061784e+01
    endloop
  endfacet
  facet normal  6.766641e-01  7.097257e-01  1.959975e-01
    outer loop
      vertex -1.138244e+01 -2.800000e+01  2.019998e+01
      vertex -1.255233e+01 -2.700000e+01  2.061784e+01
      vertex -1.165130e+01 -2.800000e+01  2.112821e+01
    endloop
  endfacet
  facet normal  6.358510e-01  7.103952e-01  3.017155e-01
    outer loop
      vertex -1.062547e+01 -2.800000e+01  1.842332e+01
      vertex -1.170270e+01 -2.700000e+01  1.833900e+01
      vertex -1.103975e+01 -2.800000e+01  1.929640e+01
    endloop
  endfacet
  facet normal  5.814914e-01  7.076489e-01  4.013735e-01
    outer loop
      vertex -1.014228e+01 -2.800000e+01  1.758641e+01
      vertex -9.593313e+00 -2.800000e+01  1.679109e+01
      vertex -1.042985e+01 -2.700000e+01  1.623996e+01
    endloop
  endfacet
  facet normal  5.837128e-01  7.065501e-01  4.000830e-01
    outer loop
      vertex -1.100000e+01 -2.700000e+01  1.707180e+01
      vertex -1.014228e+01 -2.800000e+01  1.758641e+01
      vertex -1.042985e+01 -2.700000e+01  1.623996e+01
    endloop
  endfacet
  facet normal  5.469496e-01  7.081105e-01  4.465711e-01
    outer loop
      vertex -9.593313e+00 -2.800000e+01  1.679109e+01
      vertex -8.982129e+00 -2.800000e+01  1.604253e+01
      vertex -9.796938e+00 -2.700000e+01  1.545483e+01
    endloop
  endfacet
  facet normal  5.512913e-01  7.061023e-01  4.444067e-01
    outer loop
      vertex -9.796938e+00 -2.700000e+01  1.545483e+01
      vertex -1.042985e+01 -2.700000e+01  1.623996e+01
      vertex -9.593313e+00 -2.800000e+01  1.679109e+01
    endloop
  endfacet
  facet normal  5.089383e-01  7.085305e-01  4.888416e-01
    outer loop
      vertex -8.982129e+00 -2.800000e+01  1.604253e+01
      vertex -8.312693e+00 -2.800000e+01  1.534557e+01
      vertex -9.105067e+00 -2.700000e+01  1.472111e+01
    endloop
  endfacet
  facet normal  5.154811e-01  7.056918e-01  4.860846e-01
    outer loop
      vertex -9.105067e+00 -2.700000e+01  1.472111e+01
      vertex -9.796938e+00 -2.700000e+01  1.545483e+01
      vertex -8.982129e+00 -2.800000e+01  1.604253e+01
    endloop
  endfacet
  facet normal  4.676992e-01  7.089106e-01  5.279236e-01
    outer loop
      vertex -8.312693e+00 -2.800000e+01  1.534557e+01
      vertex -7.589345e+00 -2.800000e+01  1.470474e+01
      vertex -8.358404e+00 -2.700000e+01  1.404324e+01
    endloop
  endfacet
  facet normal  4.765013e-01  7.053176e-01  5.248559e-01
    outer loop
      vertex -8.358404e+00 -2.700000e+01  1.404324e+01
      vertex -9.105067e+00 -2.700000e+01  1.472111e+01
      vertex -8.312693e+00 -2.800000e+01  1.534557e+01
    endloop
  endfacet
  facet normal  4.234978e-01  7.092497e-01  5.635729e-01
    outer loop
      vertex -7.589345e+00 -2.800000e+01  1.470474e+01
      vertex -6.816777e+00 -2.800000e+01  1.412419e+01
      vertex -7.561441e+00 -2.700000e+01  1.342528e+01
    endloop
  endfacet
  facet normal  4.345877e-01  7.049807e-01  5.604782e-01
    outer loop
      vertex -7.561441e+00 -2.700000e+01  1.342528e+01
      vertex -8.358404e+00 -2.700000e+01  1.404324e+01
      vertex -7.589345e+00 -2.800000e+01  1.470474e+01
    endloop
  endfacet
  facet normal  3.766142e-01  7.095490e-01  5.955686e-01
    outer loop
      vertex -6.816777e+00 -2.800000e+01  1.412419e+01
      vertex -6.000000e+00 -2.800000e+01  1.360770e+01
      vertex -6.718974e+00 -2.700000e+01  1.287097e+01
    endloop
  endfacet
  facet normal  3.899979e-01  7.046806e-01  5.927284e-01
    outer loop
      vertex -6.718974e+00 -2.700000e+01  1.287097e+01
      vertex -7.561441e+00 -2.700000e+01  1.342528e+01
      vertex -6.816777e+00 -2.800000e+01  1.412419e+01
    endloop
  endfacet
  facet normal  3.273491e-01  7.098077e-01  6.237112e-01
    outer loop
      vertex -6.000000e+00 -2.800000e+01  1.360770e+01
      vertex -5.144311e+00 -2.800000e+01  1.315860e+01
      vertex -5.836073e+00 -2.700000e+01  1.238362e+01
    endloop
  endfacet
  facet normal  3.430038e-01  7.044181e-01  6.214046e-01
    outer loop
      vertex -5.836073e+00 -2.700000e+01  1.238362e+01
      vertex -6.718974e+00 -2.700000e+01  1.287097e+01
      vertex -6.000000e+00 -2.800000e+01  1.360770e+01
    endloop
  endfacet
  facet normal  2.760133e-01  7.100261e-01  6.478267e-01
    outer loop
      vertex -5.144311e+00 -2.800000e+01  1.315860e+01
      vertex -4.255259e+00 -2.800000e+01  1.277981e+01
      vertex -4.918052e+00 -2.700000e+01  1.196618e+01
    endloop
  endfacet
  facet normal  2.938949e-01  7.041923e-01  6.463274e-01
    outer loop
      vertex -4.918052e+00 -2.700000e+01  1.196618e+01
      vertex -5.836073e+00 -2.700000e+01  1.238362e+01
      vertex -5.144311e+00 -2.800000e+01  1.315860e+01
    endloop
  endfacet
  facet normal  2.229328e-01  7.102049e-01  6.677649e-01
    outer loop
      vertex -4.255259e+00 -2.800000e+01  1.277981e+01
      vertex -3.338609e+00 -2.800000e+01  1.247378e+01
      vertex -3.970434e+00 -2.700000e+01  1.162116e+01
    endloop
  endfacet
  facet normal  2.429739e-01  7.040040e-01  6.673396e-01
    outer loop
      vertex -3.970434e+00 -2.700000e+01  1.162116e+01
      vertex -4.918052e+00 -2.700000e+01  1.196618e+01
      vertex -4.255259e+00 -2.800000e+01  1.277981e+01
    endloop
  endfacet
  facet normal  1.684437e-01  7.103440e-01  6.834018e-01
    outer loop
      vertex -3.338609e+00 -2.800000e+01  1.247378e+01
      vertex -2.400308e+00 -2.800000e+01  1.224251e+01
      vertex -2.998923e+00 -2.700000e+01  1.135063e+01
    endloop
  endfacet
  facet normal  1.905535e-01  7.038534e-01  6.843097e-01
    outer loop
      vertex -2.998923e+00 -2.700000e+01  1.135063e+01
      vertex -3.970434e+00 -2.700000e+01  1.162116e+01
      vertex -3.338609e+00 -2.800000e+01  1.247378e+01
    endloop
  endfacet
  facet normal  1.128896e-01  7.104433e-01  6.946412e-01
    outer loop
      vertex -2.400308e+00 -2.800000e+01  1.224251e+01
      vertex -1.446440e+00 -2.800000e+01  1.208749e+01
      vertex -2.009365e+00 -2.700000e+01  1.115623e+01
    endloop
  endfacet
  facet normal  1.369557e-01  7.037403e-01  6.971318e-01
    outer loop
      vertex -2.009365e+00 -2.700000e+01  1.115623e+01
      vertex -2.998923e+00 -2.700000e+01  1.135063e+01
      vertex -2.400308e+00 -2.800000e+01  1.224251e+01
    endloop
  endfacet
  facet normal  5.662397e-02  7.105029e-01  7.014124e-01
    outer loop
      vertex -1.446440e+00 -2.800000e+01  1.208749e+01
      vertex -4.831913e-01 -2.800000e+01  1.200973e+01
      vertex -1.007715e+00 -2.700000e+01  1.103912e+01
    endloop
  endfacet
  facet normal  8.251341e-02  7.036651e-01  7.057244e-01
    outer loop
      vertex -1.007715e+00 -2.700000e+01  1.103912e+01
      vertex -2.009365e+00 -2.700000e+01  1.115623e+01
      vertex -1.446440e+00 -2.800000e+01  1.208749e+01
    endloop
  endfacet
  facet normal  2.756102e-02  7.036275e-01  7.100344e-01
    outer loop
      vertex -1.007715e+00 -2.700000e+01  1.103912e+01
      vertex -4.831913e-01 -2.800000e+01  1.200973e+01
      vertex  6.808696e-15 -2.700000e+01  1.100000e+01
    endloop
  endfacet
  facet normal -2.756102e-02  7.036275e-01  7.100344e-01
    outer loop
      vertex  4.831913e-01 -2.800000e+01  1.200973e+01
      vertex  1.007715e+00 -2.700000e+01  1.103912e+01
      vertex  6.808696e-15 -2.700000e+01  1.100000e+01
    endloop
  endfacet
  facet normal  0.000000e+00  7.105227e-01  7.036744e-01
    outer loop
      vertex  4.831913e-01 -2.800000e+01  1.200973e+01
      vertex  6.808696e-15 -2.700000e+01  1.100000e+01
      vertex -4.831913e-01 -2.800000e+01  1.200973e+01
    endloop
  endfacet
  facet normal -8.251341e-02  7.036651e-01  7.057244e-01
    outer loop
      vertex  1.446440e+00 -2.800000e+01  1.208749e+01
      vertex  2.009365e+00 -2.700000e+01  1.115623e+01
      vertex  1.007715e+00 -2.700000e+01  1.103912e+01
    endloop
  endfacet
  facet normal -5.662397e-02  7.105029e-01  7.014124e-01
    outer loop
      vertex  1.446440e+00 -2.800000e+01  1.208749e+01
      vertex  1.007715e+00 -2.700000e+01  1.103912e+01
      vertex  4.831913e-01 -2.800000e+01  1.200973e+01
    endloop
  endfacet
  facet normal -1.369557e-01  7.037403e-01  6.971318e-01
    outer loop
      vertex  2.400308e+00 -2.800000e+01  1.224251e+01
      vertex  2.998923e+00 -2.700000e+01  1.135063e+01
      vertex  2.009365e+00 -2.700000e+01  1.115623e+01
    endloop
  endfacet
  facet normal -1.128896e-01  7.104433e-01  6.946412e-01
    outer loop
      vertex  2.400308e+00 -2.800000e+01  1.224251e+01
      vertex  2.009365e+00 -2.700000e+01  1.115623e+01
      vertex  1.446440e+00 -2.800000e+01  1.208749e+01
    endloop
  endfacet
  facet normal -1.905535e-01  7.038534e-01  6.843097e-01
    outer loop
      vertex  3.338609e+00 -2.800000e+01  1.247378e+01
      vertex  3.970434e+00 -2.700000e+01  1.162116e+01
      vertex  2.998923e+00 -2.700000e+01  1.135063e+01
    endloop
  endfacet
  facet normal -1.684437e-01  7.103440e-01  6.834018e-01
    outer loop
      vertex  3.338609e+00 -2.800000e+01  1.247378e+01
      vertex  2.998923e+00 -2.700000e+01  1.135063e+01
      vertex  2.400308e+00 -2.800000e+01  1.224251e+01
    endloop
  endfacet
  facet normal -2.429739e-01  7.040040e-01  6.673396e-01
    outer loop
      vertex  4.255259e+00 -2.800000e+01  1.277981e+01
      vertex  4.918052e+00 -2.700000e+01  1.196618e+01
      vertex  3.970434e+00 -2.700000e+01  1.162116e+01
    endloop
  endfacet
  facet normal -2.229328e-01  7.102049e-01  6.677649e-01
    outer loop
      vertex  4.255259e+00 -2.800000e+01  1.277981e+01
      vertex  3.970434e+00 -2.700000e+01  1.162116e+01
      vertex  3.338609e+00 -2.800000e+01  1.247378e+01
    endloop
  endfacet
  facet normal -2.938949e-01  7.041923e-01  6.463274e-01
    outer loop
      vertex  5.144311e+00 -2.800000e+01  1.315860e+01
      vertex  5.836073e+00 -2.700000e+01  1.238362e+01
      vertex  4.918052e+00 -2.700000e+01  1.196618e+01
    endloop
  endfacet
  facet normal -2.760133e-01  7.100261e-01  6.478267e-01
    outer loop
      vertex  5.144311e+00 -2.800000e+01  1.315860e+01
      vertex  4.918052e+00 -2.700000e+01  1.196618e+01
      vertex  4.255259e+00 -2.800000e+01  1.277981e+01
    endloop
  endfacet
  facet normal -3.430038e-01  7.044181e-01  6.214046e-01
    outer loop
      vertex  6.000000e+00 -2.800000e+01  1.360770e+01
      vertex  6.718974e+00 -2.700000e+01  1.287097e+01
      vertex  5.836073e+00 -2.700000e+01  1.238362e+01
    endloop
  endfacet
  facet normal -3.273491e-01  7.098077e-01  6.237112e-01
    outer loop
      vertex  6.000000e+00 -2.800000e+01  1.360770e+01
      vertex  5.836073e+00 -2.700000e+01  1.238362e+01
      vertex  5.144311e+00 -2.800000e+01  1.315860e+01
    endloop
  endfacet
  facet normal -3.899979e-01  7.046806e-01  5.927284e-01
    outer loop
      vertex  6.816777e+00 -2.800000e+01  1.412419e+01
      vertex  7.561441e+00 -2.700000e+01  1.342528e+01
      vertex  6.718974e+00 -2.700000e+01  1.287097e+01
    endloop
  endfacet
  facet normal -3.766143e-01  7.095490e-01  5.955687e-01
    outer loop
      vertex  6.816777e+00 -2.800000e+01  1.412419e+01
      vertex  6.718974e+00 -2.700000e+01  1.287097e+01
      vertex  6.000000e+00 -2.800000e+01  1.360770e+01
    endloop
  endfacet
  facet normal -4.345877e-01  7.049807e-01  5.604782e-01
    outer loop
      vertex  7.589345e+00 -2.800000e+01  1.470474e+01
      vertex  8.358404e+00 -2.700000e+01  1.404324e+01
      vertex  7.561441e+00 -2.700000e+01  1.342528e+01
    endloop
  endfacet
  facet normal -4.234978e-01  7.092497e-01  5.635729e-01
    outer loop
      vertex  7.589345e+00 -2.800000e+01  1.470474e+01
      vertex  7.561441e+00 -2.700000e+01  1.342528e+01
      vertex  6.816777e+00 -2.800000e+01  1.412419e+01
    endloop
  endfacet
  facet normal -4.765013e-01  7.053176e-01  5.248559e-01
    outer loop
      vertex  8.312693e+00 -2.800000e+01  1.534557e+01
      vertex  9.105067e+00 -2.700000e+01  1.472111e+01
      vertex  8.358404e+00 -2.700000e+01  1.404324e+01
    endloop
  endfacet
  facet normal -4.676992e-01  7.089106e-01  5.279236e-01
    outer loop
      vertex  8.312693e+00 -2.800000e+01  1.534557e+01
      vertex  8.358404e+00 -2.700000e+01  1.404324e+01
      vertex  7.589345e+00 -2.800000e+01  1.470474e+01
    endloop
  endfacet
  facet normal -5.154811e-01  7.056918e-01  4.860846e-01
    outer loop
      vertex  8.982129e+00 -2.800000e+01  1.604253e+01
      vertex  9.796938e+00 -2.700000e+01  1.545483e+01
      vertex  9.105067e+00 -2.700000e+01  1.472111e+01
    endloop
  endfacet
  facet normal -5.089384e-01  7.085305e-01  4.888417e-01
    outer loop
      vertex  8.982129e+00 -2.800000e+01  1.604253e+01
      vertex  9.105067e+00 -2.700000e+01  1.472111e+01
      vertex  8.312693e+00 -2.800000e+01  1.534557e+01
    endloop
  endfacet
  facet normal -5.512913e-01  7.061023e-01  4.444067e-01
    outer loop
      vertex  9.593313e+00 -2.800000e+01  1.679109e+01
      vertex  1.042985e+01 -2.700000e+01  1.623996e+01
      vertex  9.796938e+00 -2.700000e+01  1.545483e+01
    endloop
  endfacet
  facet normal -5.469496e-01  7.081105e-01  4.465711e-01
    outer loop
      vertex  9.593313e+00 -2.800000e+01  1.679109e+01
      vertex  9.796938e+00 -2.700000e+01  1.545483e+01
      vertex  8.982129e+00 -2.800000e+01  1.604253e+01
    endloop
  endfacet
  facet normal -5.814914e-01  7.076489e-01  4.013735e-01
    outer loop
      vertex  1.014228e+01 -2.800000e+01  1.758641e+01
      vertex  1.042985e+01 -2.700000e+01  1.623996e+01
      vertex  9.593313e+00 -2.800000e+01  1.679109e+01
    endloop
  endfacet
  facet normal -6.099921e-01  7.098447e-01  3.521791e-01
    outer loop
      vertex  1.014228e+01 -2.800000e+01  1.758641e+01
      vertex  1.062547e+01 -2.800000e+01  1.842332e+01
      vertex  1.136902e+01 -2.700000e+01  1.769560e+01
    endloop
  endfacet
  facet normal -6.358510e-01  7.103952e-01  3.017155e-01
    outer loop
      vertex  1.103975e+01 -2.800000e+01  1.929640e+01
      vertex  1.170270e+01 -2.700000e+01  1.833900e+01
      vertex  1.062547e+01 -2.800000e+01  1.842332e+01
    endloop
  endfacet
  facet normal -6.292540e-01  7.053652e-01  3.263427e-01
    outer loop
      vertex  1.170270e+01 -2.700000e+01  1.833900e+01
      vertex  1.136902e+01 -2.700000e+01  1.769560e+01
      vertex  1.062547e+01 -2.800000e+01  1.842332e+01
    endloop
  endfacet
  facet normal -6.766642e-01  7.097257e-01  1.959975e-01
    outer loop
      vertex  1.138244e+01 -2.800000e+01  2.019998e+01
      vertex  1.165130e+01 -2.800000e+01  2.112821e+01
      vertex  1.255233e+01 -2.700000e+01  2.061784e+01
    endloop
  endfacet
  facet normal -6.773315e-01  7.060646e-01  2.066275e-01
    outer loop
      vertex  1.255233e+01 -2.700000e+01  2.061784e+01
      vertex  1.230279e+01 -2.700000e+01  1.979983e+01
      vertex  1.138244e+01 -2.800000e+01  2.019998e+01
    endloop
  endfacet
  facet normal -6.894891e-01  7.104866e-01  1.407609e-01
    outer loop
      vertex  1.165130e+01 -2.800000e+01  2.112821e+01
      vertex  1.184460e+01 -2.800000e+01  2.207506e+01
      vertex  1.274755e+01 -2.700000e+01  2.145049e+01
    endloop
  endfacet
  facet normal -6.905964e-01  7.048835e-01  1.619132e-01
    outer loop
      vertex  1.274755e+01 -2.700000e+01  2.145049e+01
      vertex  1.255233e+01 -2.700000e+01  2.061784e+01
      vertex  1.165130e+01 -2.800000e+01  2.112821e+01
    endloop
  endfacet
  facet normal -6.988071e-01  7.102600e-01  8.484986e-02
    outer loop
      vertex  1.184460e+01 -2.800000e+01  2.207506e+01
      vertex  1.196109e+01 -2.800000e+01  2.303440e+01
      vertex  1.288760e+01 -2.700000e+01  2.229417e+01
    endloop
  endfacet
  facet normal -6.999954e-01  7.046310e-01  1.161967e-01
    outer loop
      vertex  1.288760e+01 -2.700000e+01  2.229417e+01
      vertex  1.274755e+01 -2.700000e+01  2.145049e+01
      vertex  1.184460e+01 -2.800000e+01  2.207506e+01
    endloop
  endfacet
  facet normal -7.054478e-01  7.053112e-01  6.985262e-02
    outer loop
      vertex  1.297187e+01 -2.700000e+01  2.314524e+01
      vertex  1.288760e+01 -2.700000e+01  2.229417e+01
      vertex  1.196109e+01 -2.800000e+01  2.303440e+01
    endloop
  endfacet
  facet normal  6.605103e-01  7.079571e-01  2.500457e-01
    outer loop
      vertex -1.230279e+01 -2.700000e+01  1.979983e+01
      vertex -1.138244e+01 -2.800000e+01  2.019998e+01
      vertex -1.200000e+01 -2.700000e+01  1.900000e+01
    endloop
  endfacet
  facet normal  6.601812e-01  7.081480e-01  2.503742e-01
    outer loop
      vertex -1.200000e+01 -2.700000e+01  1.900000e+01
      vertex -1.138244e+01 -2.800000e+01  2.019998e+01
      vertex -1.103975e+01 -2.800000e+01  1.929640e+01
    endloop
  endfacet
  facet normal  6.457422e-01  7.061590e-01  2.904417e-01
    outer loop
      vertex -1.200000e+01 -2.700000e+01  1.900000e+01
      vertex -1.103975e+01 -2.800000e+01  1.929640e+01
      vertex -1.170270e+01 -2.700000e+01  1.833900e+01
    endloop
  endfacet
  facet normal  6.123375e-01  7.071471e-01  3.535333e-01
    outer loop
      vertex -1.014228e+01 -2.800000e+01  1.758641e+01
      vertex -1.100000e+01 -2.700000e+01  1.707180e+01
      vertex -1.062547e+01 -2.800000e+01  1.842332e+01
    endloop
  endfacet
  facet normal  6.054162e-01  7.107795e-01  3.581390e-01
    outer loop
      vertex -1.062547e+01 -2.800000e+01  1.842332e+01
      vertex -1.100000e+01 -2.700000e+01  1.707180e+01
      vertex -1.136902e+01 -2.700000e+01  1.769560e+01
    endloop
  endfacet
  facet normal  6.292540e-01  7.053652e-01  3.263427e-01
    outer loop
      vertex -1.062547e+01 -2.800000e+01  1.842332e+01
      vertex -1.136902e+01 -2.700000e+01  1.769560e+01
      vertex -1.170270e+01 -2.700000e+01  1.833900e+01
    endloop
  endfacet
  facet normal -6.603507e-01  7.079672e-01  2.504385e-01
    outer loop
      vertex  1.138244e+01 -2.800000e+01  2.019998e+01
      vertex  1.230279e+01 -2.700000e+01  1.979983e+01
      vertex  1.103975e+01 -2.800000e+01  1.929640e+01
    endloop
  endfacet
  facet normal -6.603189e-01  7.081613e-01  2.499733e-01
    outer loop
      vertex  1.103975e+01 -2.800000e+01  1.929640e+01
      vertex  1.230279e+01 -2.700000e+01  1.979983e+01
      vertex  1.200000e+01 -2.700000e+01  1.900000e+01
    endloop
  endfacet
  facet normal -6.457422e-01  7.061590e-01  2.904417e-01
    outer loop
      vertex  1.103975e+01 -2.800000e+01  1.929640e+01
      vertex  1.200000e+01 -2.700000e+01  1.900000e+01
      vertex  1.170270e+01 -2.700000e+01  1.833900e+01
    endloop
  endfacet
  facet normal  0.000000e+00 -1.000000e+00  0.000000e+00
    outer loop
      vertex  1.170270e+01 -2.700000e+01  1.833900e+01
      vertex  1.200000e+01 -2.700000e+01  1.900000e+01
      vertex  1.136902e+01 -2.700000e+01  1.769560e+01
    endloop
  endfacet
  facet normal  0.000000e+00 -1.000000e+00  0.000000e+00
    outer loop
      vertex  1.136902e+01 -2.700000e+01  1.769560e+01
      vertex  1.200000e+01 -2.700000e+01  1.900000e+01
      vertex  1.100000e+01 -2.700000e+01  1.900000e+01
    endloop
  endfacet
  facet normal  0.000000e+00 -1.000000e+00  0.000000e+00
    outer loop
      vertex  1.136902e+01 -2.700000e+01  1.769560e+01
      vertex  1.100000e+01 -2.700000e+01  1.900000e+01
      vertex  1.100000e+01 -2.700000e+01  1.707180e+01
    endloop
  endfacet
  facet normal  1.000000e+00  0.000000e+00  0.000000e+00
    outer loop
      vertex  1.500000e+01 -2.700000e+01  1.900000e+01
      vertex  1.500000e+01 -2.700000e+01  0.000000e+00
      vertex  1.500000e+01 -9.000000e+00  1.065814e-14
    endloop
  endfacet
  facet normal -1.000000e+00  0.000000e+00  0.000000e+00
    outer loop
      vertex  1.100000e+01 -2.700000e+01  1.900000e+01
      vertex  1.100000e+01 -9.000000e+00  0.000000e+00
      vertex  1.100000e+01 -2.700000e+01  1.707180e+01
    endloop
  endfacet
  facet normal -1.000000e+00  0.000000e+00  0.000000e+00
    outer loop
      vertex  1.100000e+01 -9.000000e+00  0.000000e+00
      vertex  1.100000e+01 -2.700000e+01  0.000000e+00
      vertex  1.100000e+01 -2.700000e+01  1.707180e+01
    endloop
  endfacet
  facet normal  0.000000e+00  7.259527e-01  6.877447e-01
    outer loop
      vertex  1.100000e+01 -2.700000e+01  1.900000e+01
      vertex  1.200000e+01 -2.700000e+01  1.900000e+01
      vertex  1.100000e+01 -9.000000e+00  0.000000e+00
    endloop
  endfacet
  facet normal  0.000000e+00  7.259526e-01  6.877446e-01
    outer loop
      vertex  1.100000e+01 -9.000000e+00  0.000000e+00
      vertex  1.200000e+01 -2.700000e+01  1.900000e+01
      vertex  1.500000e+01 -2.700000e+01  1.900000e+01
    endloop
  endfacet
  facet normal  0.000000e+00  7.259527e-01  6.877447e-01
    outer loop
      vertex  1.100000e+01 -9.000000e+00  0.000000e+00
      vertex  1.500000e+01 -2.700000e+01  1.900000e+01
      vertex  1.500000e+01 -9.000000e+00  1.065814e-14
    endloop
  endfacet
  facet normal  0.000000e+00  0.000000e+00 -1.000000e+00
    outer loop
      vertex  1.127297e+01  2.300933e+01 -6.000000e+00
      vertex  1.181382e+01  2.308366e+01 -6.000000e+00
      vertex  3.851669e+00  9.208129e-01 -6.000000e+00
    endloop
  endfacet
  facet normal  0.000000e+00  0.000000e+00 -1.000000e+00
    outer loop
      vertex  1.181382e+01  2.308366e+01 -6.000000e+00
      vertex  1.233952e+01  2.323096e+01 -6.000000e+00
      vertex  3.851669e+00  9.208129e-01 -6.000000e+00
    endloop
  endfacet
  facet normal  0.000000e+00  0.000000e+00 -1.000000e+00
    outer loop
      vertex  7.000000e+00  2.700000e+01 -6.000000e+00
      vertex  2.729697e-01  1.399067e+01 -6.000000e+00
      vertex -2.729697e-01  1.399067e+01 -6.000000e+00
    endloop
  endfacet
  facet normal  0.000000e+00  0.000000e+00 -1.000000e+00
    outer loop
      vertex  7.000000e+00  2.700000e+01 -6.000000e+00
      vertex -2.729697e-01  1.399067e+01 -6.000000e+00
      vertex -7.000000e+00  2.700000e+01 -6.000000e+00
    endloop
  endfacet
  facet normal  0.000000e+00  0.000000e+00 -1.000000e+00
    outer loop
      vertex  7.000000e+00  2.700000e+01 -6.000000e+00
      vertex -7.000000e+00  2.700000e+01 -6.000000e+00
      vertex -7.037256e+00  2.754467e+01 -6.000000e+00
    endloop
  endfacet
  facet normal  0.000000e+00  0.000000e+00 -1.000000e+00
    outer loop
      vertex  7.000000e+00  2.700000e+01 -6.000000e+00
      vertex -7.037256e+00  2.754467e+01 -6.000000e+00
      vertex -7.148331e+00  2.807919e+01 -6.000000e+00
    endloop
  endfacet
  facet normal  0.000000e+00  0.000000e+00 -1.000000e+00
    outer loop
      vertex  7.000000e+00  2.700000e+01 -6.000000e+00
      vertex -7.148331e+00  2.807919e+01 -6.000000e+00
      vertex -7.331155e+00  2.859361e+01 -6.000000e+00
    endloop
  endfacet
  facet normal  0.000000e+00  0.000000e+00 -9.999999e-01
    outer loop
      vertex  7.000000e+00  2.700000e+01 -6.000000e+00
      vertex -7.331155e+00  2.859361e+01 -6.000000e+00
      vertex -7.582323e+00  2.907834e+01 -6.000000e+00
    endloop
  endfacet
  facet normal  0.000000e+00  0.000000e+00 -1.000000e+00
    outer loop
      vertex  7.000000e+00  2.700000e+01 -6.000000e+00
      vertex -7.582323e+00  2.907834e+01 -6.000000e+00
      vertex -7.897155e+00  2.952435e+01 -6.000000e+00
    endloop
  endfacet
  facet normal  0.000000e+00  0.000000e+00 -1.000000e+00
    outer loop
      vertex  7.000000e+00  2.700000e+01 -6.000000e+00
      vertex -7.897155e+00  2.952435e+01 -6.000000e+00
      vertex -8.269788e+00  2.992334e+01 -6.000000e+00
    endloop
  endfacet
  facet normal  0.000000e+00  0.000000e+00 -1.000000e+00
    outer loop
      vertex  7.000000e+00  2.700000e+01 -6.000000e+00
      vertex -8.269788e+00  2.992334e+01 -6.000000e+00
      vertex -8.693278e+00  3.026788e+01 -6.000000e+00
    endloop
  endfacet
  facet normal  0.000000e+00  0.000000e+00 -1.000000e+00
    outer loop
      vertex  7.000000e+00  2.700000e+01 -6.000000e+00
      vertex -8.693278e+00  3.026788e+01 -6.000000e+00
      vertex -9.159739e+00  3.055154e+01 -6.000000e+00
    endloop
  endfacet
  facet normal  0.000000e+00  0.000000e+00 -1.000000e+00
    outer loop
      vertex  7.000000e+00  2.700000e+01 -6.000000e+00
      vertex -9.159739e+00  3.055154e+01 -6.000000e+00
      vertex -9.660481e+00  3.076904e+01 -6.000000e+00
    endloop
  endfacet
  facet normal  0.000000e+00  0.000000e+00 -9.999999e-01
    outer loop
      vertex  7.000000e+00  2.700000e+01 -6.000000e+00
      vertex -9.660481e+00  3.076904e+01 -6.000000e+00
      vertex -1.018618e+01  3.091634e+01 -6.000000e+00
    endloop
  endfacet
  facet normal  -0.000000e+00  0.000000e+00 -1.000000e+00
    outer loop
      vertex -1.800000e+01  3.300000e+01 -6.000000e+00
      vertex  1.800000e+01  3.300000e+01 -6.000000e+00
      vertex  1.127297e+01  3.099067e+01 -6.000000e+00
    endloop
  endfacet
  facet normal  0.000000e+00  0.000000e+00 -1.000000e+00
    outer loop
      vertex -1.800000e+01  3.300000e+01 -6.000000e+00
      vertex  1.127297e+01  3.099067e+01 -6.000000e+00
      vertex  1.072703e+01  3.099067e+01 -6.000000e+00
    endloop
  endfacet
  facet normal  -0.000000e+00  0.000000e+00 -1.000000e+00
    outer loop
      vertex -1.800000e+01  3.300000e+01 -6.000000e+00
      vertex  1.072703e+01  3.099067e+01 -6.000000e+00
      vertex  1.018618e+01  3.091634e+01 -6.000000e+00
    endloop
  endfacet
  facet normal  -0.000000e+00  0.000000e+00 -1.000000e+00
    outer loop
      vertex -1.800000e+01  3.300000e+01 -6.000000e+00
      vertex  1.018618e+01  3.091634e+01 -6.000000e+00
      vertex  9.660481e+00  3.076904e+01 -6.000000e+00
    endloop
  endfacet
  facet normal  -0.000000e+00  0.000000e+00 -1.000000e+00
    outer loop
      vertex -1.800000e+01  3.300000e+01 -6.000000e+00
      vertex  9.660481e+00  3.076904e+01 -6.000000e+00
      vertex  9.159739e+00  3.055154e+01 -6.000000e+00
    endloop
  endfacet
  facet normal  -0.000000e+00  0.000000e+00 -1.000000e+00
    outer loop
      vertex -1.800000e+01  3.300000e+01 -6.000000e+00
      vertex  9.159739e+00  3.055154e+01 -6.000000e+00
      vertex  8.693278e+00  3.026788e+01 -6.000000e+00
    endloop
  endfacet
  facet normal  -0.000000e+00  0.000000e+00 -1.000000e+00
    outer loop
      vertex -1.800000e+01  3.300000e+01 -6.000000e+00
      vertex  8.693278e+00  3.026788e+01 -6.000000e+00
      vertex  8.269788e+00  2.992334e+01 -6.000000e+00
    endloop
  endfacet
  facet normal  -0.000000e+00  0.000000e+00 -1.000000e+00
    outer loop
      vertex -1.800000e+01  3.300000e+01 -6.000000e+00
      vertex  8.269788e+00  2.992334e+01 -6.000000e+00
      vertex  7.897155e+00  2.952435e+01 -6.000000e+00
    endloop
  endfacet
  facet normal  -0.000000e+00  0.000000e+00 -1.000000e+00
    outer loop
      vertex -1.800000e+01  3.300000e+01 -6.000000e+00
      vertex  7.897155e+00  2.952435e+01 -6.000000e+00
      vertex  7.582323e+00  2.907834e+01 -6.000000e+00
    endloop
  endfacet
  facet normal  -0.000000e+00  0.000000e+00 -1.000000e+00
    outer loop
      vertex -1.800000e+01  3.300000e+01 -6.000000e+00
      vertex  7.582323e+00  2.907834e+01 -6.000000e+00
      vertex  7.331155e+00  2.859361e+01 -6.000000e+00
    endloop
  endfacet
  facet normal  -0.000000e+00  0.000000e+00 -1.000000e+00
    outer loop
      vertex -1.800000e+01  3.300000e+01 -6.000000e+00
      vertex  7.331155e+00  2.859361e+01 -6.000000e+00
      vertex  7.148331e+00  2.807919e+01 -6.000000e+00
    endloop
  endfacet
  facet normal  -0.000000e+00  0.000000e+00 -1.000000e+00
    outer loop
      vertex -1.800000e+01  3.300000e+01 -6.000000e+00
      vertex  7.148331e+00  2.807919e+01 -6.000000e+00
      vertex  7.037256e+00  2.754467e+01 -6.000000e+00
    endloop
  endfacet
  facet normal  -0.000000e+00  0.000000e+00 -9.999999e-01
    outer loop
      vertex -1.800000e+01  3.300000e+01 -6.000000e+00
      vertex  7.037256e+00  2.754467e+01 -6.000000e+00
      vertex  7.000000e+00  2.700000e+01 -6.000000e+00
    endloop
  endfacet
  facet normal  0.000000e+00  0.000000e+00 -1.000000e+00
    outer loop
      vertex -1.800000e+01  3.300000e+01 -6.000000e+00
      vertex  7.000000e+00  2.700000e+01 -6.000000e+00
      vertex -1.018618e+01  3.091634e+01 -6.000000e+00
    endloop
  endfacet
  facet normal  0.000000e+00  0.000000e+00 -1.000000e+00
    outer loop
      vertex -1.800000e+01  3.300000e+01 -6.000000e+00
      vertex -1.018618e+01  3.091634e+01 -6.000000e+00
      vertex -1.072703e+01  3.099067e+01 -6.000000e+00
    endloop
  endfacet
  facet normal  0.000000e+00  0.000000e+00 -1.000000e+00
    outer loop
      vertex -1.800000e+01  3.300000e+01 -6.000000e+00
      vertex -1.072703e+01  3.099067e+01 -6.000000e+00
      vertex -1.127297e+01  3.099067e+01 -6.000000e+00
    endloop
  endfacet
  facet normal  -0.000000e+00  0.000000e+00 -9.999999e-01
    outer loop
      vertex -1.800000e+01  3.300000e+01 -6.000000e+00
      vertex -1.127297e+01  3.099067e+01 -6.000000e+00
      vertex -1.181382e+01  3.091634e+01 -6.000000e+00
    endloop
  endfacet
  facet normal  -0.000000e+00  0.000000e+00 -1.000000e+00
    outer loop
      vertex -1.800000e+01  3.300000e+01 -6.000000e+00
      vertex -1.181382e+01  3.091634e+01 -6.000000e+00
      vertex -1.233952e+01  3.076904e+01 -6.000000e+00
    endloop
  endfacet
  facet normal  -0.000000e+00  0.000000e+00 -1.000000e+00
    outer loop
      vertex -1.800000e+01  3.300000e+01 -6.000000e+00
      vertex -1.233952e+01  3.076904e+01 -6.000000e+00
      vertex -1.284026e+01  3.055154e+01 -6.000000e+00
    endloop
  endfacet
  facet normal  -0.000000e+00  0.000000e+00 -1.000000e+00
    outer loop
      vertex -1.800000e+01  3.300000e+01 -6.000000e+00
      vertex -1.284026e+01  3.055154e+01 -6.000000e+00
      vertex -1.330672e+01  3.026788e+01 -6.000000e+00
    endloop
  endfacet
  facet normal  -0.000000e+00  0.000000e+00 -9.999999e-01
    outer loop
      vertex -1.800000e+01  3.300000e+01 -6.000000e+00
      vertex -1.330672e+01  3.026788e+01 -6.000000e+00
      vertex -1.373021e+01  2.992334e+01 -6.000000e+00
    endloop
  endfacet
  facet normal  -0.000000e+00  0.000000e+00 -1.000000e+00
    outer loop
      vertex -1.800000e+01  3.300000e+01 -6.000000e+00
      vertex -1.373021e+01  2.992334e+01 -6.000000e+00
      vertex -1.410285e+01  2.952435e+01 -6.000000e+00
    endloop
  endfacet
  facet normal  -0.000000e+00  0.000000e+00 -1.000000e+00
    outer loop
      vertex -1.800000e+01  3.300000e+01 -6.000000e+00
      vertex -1.410285e+01  2.952435e+01 -6.000000e+00
      vertex -1.441768e+01  2.907834e+01 -6.000000e+00
    endloop
  endfacet
  facet normal  -0.000000e+00  0.000000e+00 -1.000000e+00
    outer loop
      vertex -1.800000e+01  3.300000e+01 -6.000000e+00
      vertex -1.441768e+01  2.907834e+01 -6.000000e+00
      vertex -1.466885e+01  2.859361e+01 -6.000000e+00
    endloop
  endfacet
  facet normal  -0.000000e+00  0.000000e+00 -1.000000e+00
    outer loop
      vertex -1.800000e+01  3.300000e+01 -6.000000e+00
      vertex -1.466885e+01  2.859361e+01 -6.000000e+00
      vertex -1.485167e+01  2.807919e+01 -6.000000e+00
    endloop
  endfacet
  facet normal  -0.000000e+00  0.000000e+00 -1.000000e+00
    outer loop
      vertex -1.800000e+01  3.300000e+01 -6.000000e+00
      vertex -1.485167e+01  2.807919e+01 -6.000000e+00
      vertex -1.496274e+01  2.754467e+01 -6.000000e+00
    endloop
  endfacet
  facet normal  -0.000000e+00  0.000000e+00 -1.000000e+00
    outer loop
      vertex -1.800000e+01  3.300000e+01 -6.000000e+00
      vertex -1.496274e+01  2.754467e+01 -6.000000e+00
      vertex -1.500000e+01  2.700000e+01 -6.000000e+00
    endloop
  endfacet
  facet normal  -0.000000e+00  -0.000000e+00 -1.000000e+00
    outer loop
      vertex -1.800000e+01  3.300000e+01 -6.000000e+00
      vertex -1.500000e+01  2.700000e+01 -6.000000e+00
      vertex -1.496274e+01  2.645533e+01 -6.000000e+00
    endloop
  endfacet
  facet normal  -0.000000e+00  -0.000000e+00 -9.999999e-01
    outer loop
      vertex -1.800000e+01  3.300000e+01 -6.000000e+00
      vertex -1.496274e+01  2.645533e+01 -6.000000e+00
      vertex -1.485167e+01  2.592081e+01 -6.000000e+00
    endloop
  endfacet
  facet normal  -0.000000e+00  -0.000000e+00 -1.000000e+00
    outer loop
      vertex -1.800000e+01  3.300000e+01 -6.000000e+00
      vertex -1.485167e+01  2.592081e+01 -6.000000e+00
      vertex -1.466885e+01  2.540639e+01 -6.000000e+00
    endloop
  endfacet
  facet normal  0.000000e+00  0.000000e+00 -1.000000e+00
    outer loop
      vertex -1.800000e+01 -3.300000e+01 -6.000000e+00
      vertex -1.800000e+01  3.300000e+01 -6.000000e+00
      vertex -1.466885e+01  2.540639e+01 -6.000000e+00
    endloop
  endfacet
  facet normal  0.000000e+00  -0.000000e+00 -1.000000e+00
    outer loop
      vertex -1.800000e+01 -3.300000e+01 -6.000000e+00
      vertex -1.466885e+01  2.540639e+01 -6.000000e+00
      vertex -1.441768e+01  2.492166e+01 -6.000000e+00
    endloop
  endfacet
  facet normal  0.000000e+00  -0.000000e+00 -1.000000e+00
    outer loop
      vertex -1.800000e+01 -3.300000e+01 -6.000000e+00
      vertex -1.441768e+01  2.492166e+01 -6.000000e+00
      vertex -1.410285e+01  2.447565e+01 -6.000000e+00
    endloop
  endfacet
  facet normal  0.000000e+00  -0.000000e+00 -9.999999e-01
    outer loop
      vertex -1.800000e+01 -3.300000e+01 -6.000000e+00
      vertex -1.410285e+01  2.447565e+01 -6.000000e+00
      vertex -1.373021e+01  2.407666e+01 -6.000000e+00
    endloop
  endfacet
  facet normal  0.000000e+00  -0.000000e+00 -1.000000e+00
    outer loop
      vertex -1.800000e+01 -3.300000e+01 -6.000000e+00
      vertex -1.373021e+01  2.407666e+01 -6.000000e+00
      vertex -1.330672e+01  2.373212e+01 -6.000000e+00
    endloop
  endfacet
  facet normal  0.000000e+00  -0.000000e+00 -1.000000e+00
    outer loop
      vertex -1.800000e+01 -3.300000e+01 -6.000000e+00
      vertex -1.330672e+01  2.373212e+01 -6.000000e+00
      vertex -1.284026e+01  2.344846e+01 -6.000000e+00
    endloop
  endfacet
  facet normal  0.000000e+00  -0.000000e+00 -9.999999e-01
    outer loop
      vertex -1.800000e+01 -3.300000e+01 -6.000000e+00
      vertex -1.284026e+01  2.344846e+01 -6.000000e+00
      vertex -1.233952e+01  2.323096e+01 -6.000000e+00
    endloop
  endfacet
  facet normal  0.000000e+00  -0.000000e+00 -9.999999e-01
    outer loop
      vertex -1.800000e+01 -3.300000e+01 -6.000000e+00
      vertex -1.233952e+01  2.323096e+01 -6.000000e+00
      vertex -1.181382e+01  2.308366e+01 -6.000000e+00
    endloop
  endfacet
  facet normal  0.000000e+00  -0.000000e+00 -1.000000e+00
    outer loop
      vertex -1.800000e+01 -3.300000e+01 -6.000000e+00
      vertex -1.181382e+01  2.308366e+01 -6.000000e+00
      vertex -1.127297e+01  2.300933e+01 -6.000000e+00
    endloop
  endfacet
  facet normal  0.000000e+00  -0.000000e+00 -1.000000e+00
    outer loop
      vertex -1.800000e+01 -3.300000e+01 -6.000000e+00
      vertex -1.127297e+01  2.300933e+01 -6.000000e+00
      vertex -1.072703e+01  2.300933e+01 -6.000000e+00
    endloop
  endfacet
  facet normal  0.000000e+00  -0.000000e+00 -1.000000e+00
    outer loop
      vertex -1.800000e+01 -3.300000e+01 -6.000000e+00
      vertex -1.072703e+01  2.300933e+01 -6.000000e+00
      vertex -4.000000e+00  1.000000e+01 -6.000000e+00
    endloop
  endfacet
  facet normal  0.000000e+00  -0.000000e+00 -1.000000e+00
    outer loop
      vertex -1.800000e+01 -3.300000e+01 -6.000000e+00
      vertex -4.000000e+00  1.000000e+01 -6.000000e+00
      vertex -4.000000e+00  2.000000e+00 -6.000000e+00
    endloop
  endfacet
  facet normal  0.000000e+00  -0.000000e+00 -1.000000e+00
    outer loop
      vertex -1.800000e+01 -3.300000e+01 -6.000000e+00
      vertex -4.000000e+00  2.000000e+00 -6.000000e+00
      vertex -3.962744e+00  1.455333e+00 -6.000000e+00
    endloop
  endfacet
  facet normal  0.000000e+00  -0.000000e+00 -1.000000e+00
    outer loop
      vertex -1.800000e+01 -3.300000e+01 -6.000000e+00
      vertex -3.962744e+00  1.455333e+00 -6.000000e+00
      vertex -3.851669e+00  9.208129e-01 -6.000000e+00
    endloop
  endfacet
  facet normal  0.000000e+00  -0.000000e+00 -9.999999e-01
    outer loop
      vertex -1.800000e+01 -3.300000e+01 -6.000000e+00
      vertex -3.851669e+00  9.208129e-01 -6.000000e+00
      vertex -3.668845e+00  4.063956e-01 -6.000000e+00
    endloop
  endfacet
  facet normal  0.000000e+00  -0.000000e+00 -1.000000e+00
    outer loop
      vertex -1.800000e+01 -3.300000e+01 -6.000000e+00
      vertex -3.668845e+00  4.063956e-01 -6.000000e+00
      vertex -3.417678e+00 -7.833580e-02 -6.000000e+00
    endloop
  endfacet
  facet normal  0.000000e+00  -0.000000e+00 -1.000000e+00
    outer loop
      vertex -1.800000e+01 -3.300000e+01 -6.000000e+00
      vertex -3.417678e+00 -7.833580e-02 -6.000000e+00
      vertex -3.102845e+00 -5.243518e-01 -6.000000e+00
    endloop
  endfacet
  facet normal  0.000000e+00  -0.000000e+00 -1.000000e+00
    outer loop
      vertex -1.800000e+01 -3.300000e+01 -6.000000e+00
      vertex -3.102845e+00 -5.243518e-01 -6.000000e+00
      vertex -2.730213e+00 -9.233438e-01 -6.000000e+00
    endloop
  endfacet
  facet normal  0.000000e+00  -0.000000e+00 -1.000000e+00
    outer loop
      vertex -1.800000e+01 -3.300000e+01 -6.000000e+00
      vertex -2.730213e+00 -9.233438e-01 -6.000000e+00
      vertex -2.306721e+00 -1.267880e+00 -6.000000e+00
    endloop
  endfacet
  facet normal  0.000000e+00  -0.000000e+00 -1.000000e+00
    outer loop
      vertex -1.800000e+01 -3.300000e+01 -6.000000e+00
      vertex -2.306721e+00 -1.267880e+00 -6.000000e+00
      vertex -1.840260e+00 -1.551541e+00 -6.000000e+00
    endloop
  endfacet
  facet normal  0.000000e+00  -0.000000e+00 -9.999999e-01
    outer loop
      vertex -1.800000e+01 -3.300000e+01 -6.000000e+00
      vertex -1.840260e+00 -1.551541e+00 -6.000000e+00
      vertex -1.339518e+00 -1.769044e+00 -6.000000e+00
    endloop
  endfacet
  facet normal  0.000000e+00  -0.000000e+00 -1.000000e+00
    outer loop
      vertex -1.800000e+01 -3.300000e+01 -6.000000e+00
      vertex -1.339518e+00 -1.769044e+00 -6.000000e+00
      vertex -8.138241e-01 -1.916336e+00 -6.000000e+00
    endloop
  endfacet
  facet normal  0.000000e+00  -0.000000e+00 -1.000000e+00
    outer loop
      vertex -1.800000e+01 -3.300000e+01 -6.000000e+00
      vertex -8.138241e-01 -1.916336e+00 -6.000000e+00
      vertex -2.729697e-01 -1.990675e+00 -6.000000e+00
    endloop
  endfacet
  facet normal  0.000000e+00  -0.000000e+00 -1.000000e+00
    outer loop
      vertex -1.800000e+01 -3.300000e+01 -6.000000e+00
      vertex -2.729697e-01 -1.990675e+00 -6.000000e+00
      vertex  2.729697e-01 -1.990675e+00 -6.000000e+00
    endloop
  endfacet
  facet normal  0.000000e+00  -0.000000e+00 -1.000000e+00
    outer loop
      vertex -1.800000e+01 -3.300000e+01 -6.000000e+00
      vertex  2.729697e-01 -1.990675e+00 -6.000000e+00
      vertex  8.138241e-01 -1.916336e+00 -6.000000e+00
    endloop
  endfacet
  facet normal  0.000000e+00  -0.000000e+00 -9.999999e-01
    outer loop
      vertex -1.800000e+01 -3.300000e+01 -6.000000e+00
      vertex  8.138241e-01 -1.916336e+00 -6.000000e+00
      vertex  1.339518e+00 -1.769044e+00 -6.000000e+00
    endloop
  endfacet
  facet normal  0.000000e+00  -0.000000e+00 -1.000000e+00
    outer loop
      vertex -1.800000e+01 -3.300000e+01 -6.000000e+00
      vertex  1.339518e+00 -1.769044e+00 -6.000000e+00
      vertex  1.840260e+00 -1.551541e+00 -6.000000e+00
    endloop
  endfacet
  facet normal  0.000000e+00  -0.000000e+00 -1.000000e+00
    outer loop
      vertex -1.800000e+01 -3.300000e+01 -6.000000e+00
      vertex  1.840260e+00 -1.551541e+00 -6.000000e+00
      vertex  2.306721e+00 -1.267880e+00 -6.000000e+00
    endloop
  endfacet
  facet normal  0.000000e+00  -0.000000e+00 -1.000000e+00
    outer loop
      vertex -1.800000e+01 -3.300000e+01 -6.000000e+00
      vertex  2.306721e+00 -1.267880e+00 -6.000000e+00
      vertex  2.730213e+00 -9.233438e-01 -6.000000e+00
    endloop
  endfacet
  facet normal  0.000000e+00  -0.000000e+00 -1.000000e+00
    outer loop
      vertex -1.800000e+01 -3.300000e+01 -6.000000e+00
      vertex  2.730213e+00 -9.233438e-01 -6.000000e+00
      vertex  3.102845e+00 -5.243518e-01 -6.000000e+00
    endloop
  endfacet
  facet normal  0.000000e+00  -0.000000e+00 -1.000000e+00
    outer loop
      vertex -1.800000e+01 -3.300000e+01 -6.000000e+00
      vertex  3.102845e+00 -5.243518e-01 -6.000000e+00
      vertex  3.417678e+00 -7.833580e-02 -6.000000e+00
    endloop
  endfacet
  facet normal  0.000000e+00  0.000000e+00 -1.000000e+00
    outer loop
      vertex -2.729697e-01  1.399067e+01 -6.000000e+00
      vertex -1.072703e+01  2.300933e+01 -6.000000e+00
      vertex -1.018618e+01  2.308366e+01 -6.000000e+00
    endloop
  endfacet
  facet normal  0.000000e+00  0.000000e+00 -9.999999e-01
    outer loop
      vertex -2.729697e-01  1.399067e+01 -6.000000e+00
      vertex -1.018618e+01  2.308366e+01 -6.000000e+00
      vertex -9.660481e+00  2.323096e+01 -6.000000e+00
    endloop
  endfacet
  facet normal  0.000000e+00  0.000000e+00 -1.000000e+00
    outer loop
      vertex -2.729697e-01  1.399067e+01 -6.000000e+00
      vertex -9.660481e+00  2.323096e+01 -6.000000e+00
      vertex -9.159739e+00  2.344846e+01 -6.000000e+00
    endloop
  endfacet
  facet normal  0.000000e+00  0.000000e+00 -1.000000e+00
    outer loop
      vertex -2.729697e-01  1.399067e+01 -6.000000e+00
      vertex -9.159739e+00  2.344846e+01 -6.000000e+00
      vertex -8.693278e+00  2.373212e+01 -6.000000e+00
    endloop
  endfacet
  facet normal  0.000000e+00  0.000000e+00 -1.000000e+00
    outer loop
      vertex -2.729697e-01  1.399067e+01 -6.000000e+00
      vertex -8.693278e+00  2.373212e+01 -6.000000e+00
      vertex -8.269788e+00  2.407666e+01 -6.000000e+00
    endloop
  endfacet
  facet normal  0.000000e+00  0.000000e+00 -1.000000e+00
    outer loop
      vertex -2.729697e-01  1.399067e+01 -6.000000e+00
      vertex -8.269788e+00  2.407666e+01 -6.000000e+00
      vertex -7.897155e+00  2.447565e+01 -6.000000e+00
    endloop
  endfacet
  facet normal  0.000000e+00  0.000000e+00 -1.000000e+00
    outer loop
      vertex -2.729697e-01  1.399067e+01 -6.000000e+00
      vertex -7.897155e+00  2.447565e+01 -6.000000e+00
      vertex -7.582323e+00  2.492166e+01 -6.000000e+00
    endloop
  endfacet
  facet normal  0.000000e+00  0.000000e+00 -1.000000e+00
    outer loop
      vertex -2.729697e-01  1.399067e+01 -6.000000e+00
      vertex -7.582323e+00  2.492166e+01 -6.000000e+00
      vertex -7.331155e+00  2.540639e+01 -6.000000e+00
    endloop
  endfacet
  facet normal  0.000000e+00  0.000000e+00 -1.000000e+00
    outer loop
      vertex -2.729697e-01  1.399067e+01 -6.000000e+00
      vertex -7.331155e+00  2.540639e+01 -6.000000e+00
      vertex -7.148331e+00  2.592081e+01 -6.000000e+00
    endloop
  endfacet
  facet normal  0.000000e+00  0.000000e+00 -1.000000e+00
    outer loop
      vertex -2.729697e-01  1.399067e+01 -6.000000e+00
      vertex -7.148331e+00  2.592081e+01 -6.000000e+00
      vertex -7.037256e+00  2.645533e+01 -6.000000e+00
    endloop
  endfacet
  facet normal  0.000000e+00  0.000000e+00 -1.000000e+00
    outer loop
      vertex -2.729697e-01  1.399067e+01 -6.000000e+00
      vertex -7.037256e+00  2.645533e+01 -6.000000e+00
      vertex -7.000000e+00  2.700000e+01 -6.000000e+00
    endloop
  endfacet
  facet normal  0.000000e+00  -0.000000e+00 -1.000000e+00
    outer loop
      vertex  2.729697e-01  1.399067e+01 -6.000000e+00
      vertex  7.000000e+00  2.700000e+01 -6.000000e+00
      vertex  7.037256e+00  2.645533e+01 -6.000000e+00
    endloop
  endfacet
  facet normal  0.000000e+00  -0.000000e+00 -1.000000e+00
    outer loop
      vertex  2.729697e-01  1.399067e+01 -6.000000e+00
      vertex  7.037256e+00  2.645533e+01 -6.000000e+00
      vertex  7.148331e+00  2.592081e+01 -6.000000e+00
    endloop
  endfacet
  facet normal  0.000000e+00  -0.000000e+00 -1.000000e+00
    outer loop
      vertex  2.729697e-01  1.399067e+01 -6.000000e+00
      vertex  7.148331e+00  2.592081e+01 -6.000000e+00
      vertex  7.331155e+00  2.540639e+01 -6.000000e+00
    endloop
  endfacet
  facet normal  0.000000e+00  -0.000000e+00 -1.000000e+00
    outer loop
      vertex  2.729697e-01  1.399067e+01 -6.000000e+00
      vertex  7.331155e+00  2.540639e+01 -6.000000e+00
      vertex  7.582323e+00  2.492166e+01 -6.000000e+00
    endloop
  endfacet
  facet normal  0.000000e+00  -0.000000e+00 -1.000000e+00
    outer loop
      vertex  2.729697e-01  1.399067e+01 -6.000000e+00
      vertex  7.582323e+00  2.492166e+01 -6.000000e+00
      vertex  7.897155e+00  2.447565e+01 -6.000000e+00
    endloop
  endfacet
  facet normal  0.000000e+00  -0.000000e+00 -1.000000e+00
    outer loop
      vertex  2.729697e-01  1.399067e+01 -6.000000e+00
      vertex  7.897155e+00  2.447565e+01 -6.000000e+00
      vertex  8.269788e+00  2.407666e+01 -6.000000e+00
    endloop
  endfacet
  facet normal  0.000000e+00  -0.000000e+00 -1.000000e+00
    outer loop
      vertex  2.729697e-01  1.399067e+01 -6.000000e+00
      vertex  8.269788e+00  2.407666e+01 -6.000000e+00
      vertex  8.693278e+00  2.373212e+01 -6.000000e+00
    endloop
  endfacet
  facet normal  0.000000e+00  -0.000000e+00 -1.000000e+00
    outer loop
      vertex  2.729697e-01  1.399067e+01 -6.000000e+00
      vertex  8.693278e+00  2.373212e+01 -6.000000e+00
      vertex  9.159739e+00  2.344846e+01 -6.000000e+00
    endloop
  endfacet
  facet normal  0.000000e+00  -0.000000e+00 -1.000000e+00
    outer loop
      vertex  2.729697e-01  1.399067e+01 -6.000000e+00
      vertex  9.159739e+00  2.344846e+01 -6.000000e+00
      vertex  9.660481e+00  2.323096e+01 -6.000000e+00
    endloop
  endfacet
  facet normal  0.000000e+00  -0.000000e+00 -9.999999e-01
    outer loop
      vertex  2.729697e-01  1.399067e+01 -6.000000e+00
      vertex  9.660481e+00  2.323096e+01 -6.000000e+00
      vertex  1.018618e+01  2.308366e+01 -6.000000e+00
    endloop
  endfacet
  facet normal  0.000000e+00  -0.000000e+00 -1.000000e+00
    outer loop
      vertex  2.729697e-01  1.399067e+01 -6.000000e+00
      vertex  1.018618e+01  2.308366e+01 -6.000000e+00
      vertex  1.072703e+01  2.300933e+01 -6.000000e+00
    endloop
  endfacet
  facet normal  -0.000000e+00  0.000000e+00 -1.000000e+00
    outer loop
      vertex  1.072703e+01  2.300933e+01 -6.000000e+00
      vertex  1.127297e+01  2.300933e+01 -6.000000e+00
      vertex  3.851669e+00  9.208129e-01 -6.000000e+00
    endloop
  endfacet
  facet normal  0.000000e+00  0.000000e+00 -1.000000e+00
    outer loop
      vertex  1.072703e+01  2.300933e+01 -6.000000e+00
      vertex  3.851669e+00  9.208129e-01 -6.000000e+00
      vertex  3.962744e+00  1.455333e+00 -6.000000e+00
    endloop
  endfacet
  facet normal  0.000000e+00  0.000000e+00 -1.000000e+00
    outer loop
      vertex  1.072703e+01  2.300933e+01 -6.000000e+00
      vertex  3.962744e+00  1.455333e+00 -6.000000e+00
      vertex  4.000000e+00  2.000000e+00 -6.000000e+00
    endloop
  endfacet
  facet normal  0.000000e+00  0.000000e+00 -1.000000e+00
    outer loop
      vertex  1.072703e+01  2.300933e+01 -6.000000e+00
      vertex  4.000000e+00  2.000000e+00 -6.000000e+00
      vertex  4.000000e+00  1.000000e+01 -6.000000e+00
    endloop
  endfacet
  facet normal  0.000000e+00  0.000000e+00 -1.000000e+00
    outer loop
      vertex  1.072703e+01  2.300933e+01 -6.000000e+00
      vertex  4.000000e+00  1.000000e+01 -6.000000e+00
      vertex  3.962744e+00  1.054467e+01 -6.000000e+00
    endloop
  endfacet
  facet normal  0.000000e+00  0.000000e+00 -1.000000e+00
    outer loop
      vertex  1.072703e+01  2.300933e+01 -6.000000e+00
      vertex  3.962744e+00  1.054467e+01 -6.000000e+00
      vertex  3.851669e+00  1.107919e+01 -6.000000e+00
    endloop
  endfacet
  facet normal  0.000000e+00  0.000000e+00 -1.000000e+00
    outer loop
      vertex  1.072703e+01  2.300933e+01 -6.000000e+00
      vertex  3.851669e+00  1.107919e+01 -6.000000e+00
      vertex  3.668845e+00  1.159360e+01 -6.000000e+00
    endloop
  endfacet
  facet normal  0.000000e+00  0.000000e+00 -1.000000e+00
    outer loop
      vertex  1.072703e+01  2.300933e+01 -6.000000e+00
      vertex  3.668845e+00  1.159360e+01 -6.000000e+00
      vertex  3.417678e+00  1.207834e+01 -6.000000e+00
    endloop
  endfacet
  facet normal  0.000000e+00  0.000000e+00 -1.000000e+00
    outer loop
      vertex  1.072703e+01  2.300933e+01 -6.000000e+00
      vertex  3.417678e+00  1.207834e+01 -6.000000e+00
      vertex  3.102845e+00  1.252435e+01 -6.000000e+00
    endloop
  endfacet
  facet normal  0.000000e+00  0.000000e+00 -1.000000e+00
    outer loop
      vertex  1.072703e+01  2.300933e+01 -6.000000e+00
      vertex  3.102845e+00  1.252435e+01 -6.000000e+00
      vertex  2.730213e+00  1.292334e+01 -6.000000e+00
    endloop
  endfacet
  facet normal  0.000000e+00  0.000000e+00 -1.000000e+00
    outer loop
      vertex  1.072703e+01  2.300933e+01 -6.000000e+00
      vertex  2.730213e+00  1.292334e+01 -6.000000e+00
      vertex  2.306721e+00  1.326788e+01 -6.000000e+00
    endloop
  endfacet
  facet normal  0.000000e+00  0.000000e+00 -1.000000e+00
    outer loop
      vertex  1.072703e+01  2.300933e+01 -6.000000e+00
      vertex  2.306721e+00  1.326788e+01 -6.000000e+00
      vertex  1.840260e+00  1.355154e+01 -6.000000e+00
    endloop
  endfacet
  facet normal  0.000000e+00  0.000000e+00 -1.000000e+00
    outer loop
      vertex  1.072703e+01  2.300933e+01 -6.000000e+00
      vertex  1.840260e+00  1.355154e+01 -6.000000e+00
      vertex  1.339518e+00  1.376904e+01 -6.000000e+00
    endloop
  endfacet
  facet normal  0.000000e+00  0.000000e+00 -1.000000e+00
    outer loop
      vertex  1.072703e+01  2.300933e+01 -6.000000e+00
      vertex  1.339518e+00  1.376904e+01 -6.000000e+00
      vertex  8.138241e-01  1.391634e+01 -6.000000e+00
    endloop
  endfacet
  facet normal  0.000000e+00  0.000000e+00 -1.000000e+00
    outer loop
      vertex  1.072703e+01  2.300933e+01 -6.000000e+00
      vertex  8.138241e-01  1.391634e+01 -6.000000e+00
      vertex  2.729697e-01  1.399067e+01 -6.000000e+00
    endloop
  endfacet
  facet normal  0.000000e+00  -0.000000e+00 -1.000000e+00
    outer loop
      vertex  3.668845e+00  4.063956e-01 -6.000000e+00
      vertex  3.851669e+00  9.208129e-01 -6.000000e+00
      vertex  1.233952e+01  2.323096e+01 -6.000000e+00
    endloop
  endfacet
  facet normal  0.000000e+00  -0.000000e+00 -1.000000e+00
    outer loop
      vertex  3.668845e+00  4.063956e-01 -6.000000e+00
      vertex  1.233952e+01  2.323096e+01 -6.000000e+00
      vertex  1.284026e+01  2.344846e+01 -6.000000e+00
    endloop
  endfacet
  facet normal  0.000000e+00  -0.000000e+00 -1.000000e+00
    outer loop
      vertex  3.668845e+00  4.063956e-01 -6.000000e+00
      vertex  1.284026e+01  2.344846e+01 -6.000000e+00
      vertex  1.330672e+01  2.373212e+01 -6.000000e+00
    endloop
  endfacet
  facet normal  0.000000e+00  -0.000000e+00 -1.000000e+00
    outer loop
      vertex  3.668845e+00  4.063956e-01 -6.000000e+00
      vertex  1.330672e+01  2.373212e+01 -6.000000e+00
      vertex  1.373021e+01  2.407666e+01 -6.000000e+00
    endloop
  endfacet
  facet normal  0.000000e+00  -0.000000e+00 -9.999999e-01
    outer loop
      vertex  3.668845e+00  4.063956e-01 -6.000000e+00
      vertex  1.373021e+01  2.407666e+01 -6.000000e+00
      vertex  1.410285e+01  2.447565e+01 -6.000000e+00
    endloop
  endfacet
  facet normal  0.000000e+00  -0.000000e+00 -1.000000e+00
    outer loop
      vertex  3.668845e+00  4.063956e-01 -6.000000e+00
      vertex  1.410285e+01  2.447565e+01 -6.000000e+00
      vertex  1.441768e+01  2.492166e+01 -6.000000e+00
    endloop
  endfacet
  facet normal  0.000000e+00  -0.000000e+00 -1.000000e+00
    outer loop
      vertex  3.668845e+00  4.063956e-01 -6.000000e+00
      vertex  1.441768e+01  2.492166e+01 -6.000000e+00
      vertex  1.466885e+01  2.540639e+01 -6.000000e+00
    endloop
  endfacet
  facet normal  0.000000e+00  0.000000e+00 -1.000000e+00
    outer loop
      vertex  1.800000e+01 -3.300000e+01 -6.000000e+00
      vertex -1.800000e+01 -3.300000e+01 -6.000000e+00
      vertex  3.417678e+00 -7.833580e-02 -6.000000e+00
    endloop
  endfacet
  facet normal  0.000000e+00  0.000000e+00 -1.000000e+00
    outer loop
      vertex  1.800000e+01 -3.300000e+01 -6.000000e+00
      vertex  3.417678e+00 -7.833580e-02 -6.000000e+00
      vertex  3.668845e+00  4.063956e-01 -6.000000e+00
    endloop
  endfacet
  facet normal  0.000000e+00  0.000000e+00 -1.000000e+00
    outer loop
      vertex  1.800000e+01 -3.300000e+01 -6.000000e+00
      vertex  3.668845e+00  4.063956e-01 -6.000000e+00
      vertex  1.466885e+01  2.540639e+01 -6.000000e+00
    endloop
  endfacet
  facet normal  0.000000e+00  0.000000e+00 -1.000000e+00
    outer loop
      vertex  1.800000e+01 -3.300000e+01 -6.000000e+00
      vertex  1.466885e+01  2.540639e+01 -6.000000e+00
      vertex  1.800000e+01  3.300000e+01 -6.000000e+00
    endloop
  endfacet
  facet normal  -0.000000e+00  0.000000e+00 -1.000000e+00
    outer loop
      vertex -1.072703e+01  2.300933e+01 -6.000000e+00
      vertex -2.729697e-01  1.399067e+01 -6.000000e+00
      vertex -8.138241e-01  1.391634e+01 -6.000000e+00
    endloop
  endfacet
  facet normal  -0.000000e+00  0.000000e+00 -1.000000e+00
    outer loop
      vertex -1.072703e+01  2.300933e+01 -6.000000e+00
      vertex -8.138241e-01  1.391634e+01 -6.000000e+00
      vertex -1.339518e+00  1.376904e+01 -6.000000e+00
    endloop
  endfacet
  facet normal  -0.000000e+00  0.000000e+00 -1.000000e+00
    outer loop
      vertex -1.072703e+01  2.300933e+01 -6.000000e+00
      vertex -1.339518e+00  1.376904e+01 -6.000000e+00
      vertex -1.840260e+00  1.355154e+01 -6.000000e+00
    endloop
  endfacet
  facet normal  -0.000000e+00  0.000000e+00 -1.000000e+00
    outer loop
      vertex -1.072703e+01  2.300933e+01 -6.000000e+00
      vertex -1.840260e+00  1.355154e+01 -6.000000e+00
      vertex -2.306721e+00  1.326788e+01 -6.000000e+00
    endloop
  endfacet
  facet normal  -0.000000e+00  0.000000e+00 -1.000000e+00
    outer loop
      vertex -1.072703e+01  2.300933e+01 -6.000000e+00
      vertex -2.306721e+00  1.326788e+01 -6.000000e+00
      vertex -2.730213e+00  1.292334e+01 -6.000000e+00
    endloop
  endfacet
  facet normal  -0.000000e+00  0.000000e+00 -1.000000e+00
    outer loop
      vertex -1.072703e+01  2.300933e+01 -6.000000e+00
      vertex -2.730213e+00  1.292334e+01 -6.000000e+00
      vertex -3.102845e+00  1.252435e+01 -6.000000e+00
    endloop
  endfacet
  facet normal  -0.000000e+00  0.000000e+00 -1.000000e+00
    outer loop
      vertex -1.072703e+01  2.300933e+01 -6.000000e+00
      vertex -3.102845e+00  1.252435e+01 -6.000000e+00
      vertex -3.417678e+00  1.207834e+01 -6.000000e+00
    endloop
  endfacet
  facet normal  -0.000000e+00  0.000000e+00 -1.000000e+00
    outer loop
      vertex -1.072703e+01  2.300933e+01 -6.000000e+00
      vertex -3.417678e+00  1.207834e+01 -6.000000e+00
      vertex -3.668845e+00  1.159360e+01 -6.000000e+00
    endloop
  endfacet
  facet normal  -0.000000e+00  0.000000e+00 -1.000000e+00
    outer loop
      vertex -1.072703e+01  2.300933e+01 -6.000000e+00
      vertex -3.668845e+00  1.159360e+01 -6.000000e+00
      vertex -3.851669e+00  1.107919e+01 -6.000000e+00
    endloop
  endfacet
  facet normal  -0.000000e+00  0.000000e+00 -1.000000e+00
    outer loop
      vertex -1.072703e+01  2.300933e+01 -6.000000e+00
      vertex -3.851669e+00  1.107919e+01 -6.000000e+00
      vertex -3.962744e+00  1.054467e+01 -6.000000e+00
    endloop
  endfacet
  facet normal  -0.000000e+00  0.000000e+00 -1.000000e+00
    outer loop
      vertex -1.072703e+01  2.300933e+01 -6.000000e+00
      vertex -3.962744e+00  1.054467e+01 -6.000000e+00
      vertex -4.000000e+00  1.000000e+01 -6.000000e+00
    endloop
  endfacet
  facet normal  0.000000e+00  0.000000e+00 -1.000000e+00
    outer loop
      vertex  1.800000e+01  3.300000e+01 -6.000000e+00
      vertex  1.466885e+01  2.540639e+01 -6.000000e+00
      vertex  1.485167e+01  2.592081e+01 -6.000000e+00
    endloop
  endfacet
  facet normal  0.000000e+00  0.000000e+00 -9.999999e-01
    outer loop
      vertex  1.800000e+01  3.300000e+01 -6.000000e+00
      vertex  1.485167e+01  2.592081e+01 -6.000000e+00
      vertex  1.496274e+01  2.645533e+01 -6.000000e+00
    endloop
  endfacet
  facet normal  0.000000e+00  0.000000e+00 -1.000000e+00
    outer loop
      vertex  1.800000e+01  3.300000e+01 -6.000000e+00
      vertex  1.496274e+01  2.645533e+01 -6.000000e+00
      vertex  1.500000e+01  2.700000e+01 -6.000000e+00
    endloop
  endfacet
  facet normal  0.000000e+00  0.000000e+00 -1.000000e+00
    outer loop
      vertex  1.800000e+01  3.300000e+01 -6.000000e+00
      vertex  1.500000e+01  2.700000e+01 -6.000000e+00
      vertex  1.496274e+01  2.754467e+01 -6.000000e+00
    endloop
  endfacet
  facet normal  0.000000e+00  0.000000e+00 -1.000000e+00
    outer loop
      vertex  1.800000e+01  3.300000e+01 -6.000000e+00
      vertex  1.496274e+01  2.754467e+01 -6.000000e+00
      vertex  1.485167e+01  2.807919e+01 -6.000000e+00
    endloop
  endfacet
  facet normal  0.000000e+00  0.000000e+00 -9.999999e-01
    outer loop
      vertex  1.800000e+01  3.300000e+01 -6.000000e+00
      vertex  1.485167e+01  2.807919e+01 -6.000000e+00
      vertex  1.466885e+01  2.859361e+01 -6.000000e+00
    endloop
  endfacet
  facet normal  0.000000e+00  0.000000e+00 -1.000000e+00
    outer loop
      vertex  1.800000e+01  3.300000e+01 -6.000000e+00
      vertex  1.466885e+01  2.859361e+01 -6.000000e+00
      vertex  1.441768e+01  2.907834e+01 -6.000000e+00
    endloop
  endfacet
  facet normal  0.000000e+00  0.000000e+00 -1.000000e+00
    outer loop
      vertex  1.800000e+01  3.300000e+01 -6.000000e+00
      vertex  1.441768e+01  2.907834e+01 -6.000000e+00
      vertex  1.410285e+01  2.952435e+01 -6.000000e+00
    endloop
  endfacet
  facet normal  0.000000e+00  0.000000e+00 -1.000000e+00
    outer loop
      vertex  1.800000e+01  3.300000e+01 -6.000000e+00
      vertex  1.410285e+01  2.952435e+01 -6.000000e+00
      vertex  1.373021e+01  2.992334e+01 -6.000000e+00
    endloop
  endfacet
  facet normal  0.000000e+00  0.000000e+00 -9.999999e-01
    outer loop
      vertex  1.800000e+01  3.300000e+01 -6.000000e+00
      vertex  1.373021e+01  2.992334e+01 -6.000000e+00
      vertex  1.330672e+01  3.026788e+01 -6.000000e+00
    endloop
  endfacet
  facet normal  0.000000e+00  0.000000e+00 -1.000000e+00
    outer loop
      vertex  1.800000e+01  3.300000e+01 -6.000000e+00
      vertex  1.330672e+01  3.026788e+01 -6.000000e+00
      vertex  1.284026e+01  3.055154e+01 -6.000000e+00
    endloop
  endfacet
  facet normal  0.000000e+00  0.000000e+00 -1.000000e+00
    outer loop
      vertex  1.800000e+01  3.300000e+01 -6.000000e+00
      vertex  1.284026e+01  3.055154e+01 -6.000000e+00
      vertex  1.233952e+01  3.076904e+01 -6.000000e+00
    endloop
  endfacet
  facet normal  0.000000e+00  0.000000e+00 -1.000000e+00
    outer loop
      vertex  1.800000e+01  3.300000e+01 -6.000000e+00
      vertex  1.233952e+01  3.076904e+01 -6.000000e+00
      vertex  1.181382e+01  3.091634e+01 -6.000000e+00
    endloop
  endfacet
  facet normal  0.000000e+00  0.000000e+00 -9.999999e-01
    outer loop
      vertex  1.800000e+01  3.300000e+01 -6.000000e+00
      vertex  1.181382e+01  3.091634e+01 -6.000000e+00
      vertex  1.127297e+01  3.099067e+01 -6.000000e+00
    endloop
  endfacet
  facet normal  1.361670e-01 -9.906859e-01  0.000000e+00
    outer loop
      vertex -2.729697e-01  1.399067e+01 -6.000000e+00
      vertex -8.138241e-01  1.391634e+01  0.000000e+00
      vertex -8.138241e-01  1.391634e+01 -6.000000e+00
    endloop
  endfacet
  facet normal  2.697959e-01 -9.629175e-01  0.000000e+00
    outer loop
      vertex -8.138241e-01  1.391634e+01 -6.000000e+00
      vertex -8.138241e-01  1.391634e+01  0.000000e+00
      vertex -1.339518e+00  1.376904e+01  0.000000e+00
    endloop
  endfacet
  facet normal  2.697959e-01 -9.629175e-01  0.000000e+00
    outer loop
      vertex -8.138241e-01  1.391634e+01 -6.000000e+00
      vertex -1.339518e+00  1.376904e+01  0.000000e+00
      vertex -1.339518e+00  1.376904e+01 -6.000000e+00
    endloop
  endfacet
  facet normal  3.984007e-01 -9.172114e-01  0.000000e+00
    outer loop
      vertex -1.339518e+00  1.376904e+01 -6.000000e+00
      vertex -1.339518e+00  1.376904e+01  0.000000e+00
      vertex -1.840260e+00  1.355154e+01  0.000000e+00
    endloop
  endfacet
  facet normal  3.984007e-01 -9.172114e-01  0.000000e+00
    outer loop
      vertex -1.339518e+00  1.376904e+01 -6.000000e+00
      vertex -1.840260e+00  1.355154e+01  0.000000e+00
      vertex -1.840260e+00  1.355154e+01 -6.000000e+00
    endloop
  endfacet
  facet normal  5.195847e-01 -8.544189e-01  0.000000e+00
    outer loop
      vertex -1.840260e+00  1.355154e+01 -6.000000e+00
      vertex -1.840260e+00  1.355154e+01  0.000000e+00
      vertex -2.306721e+00  1.326788e+01  0.000000e+00
    endloop
  endfacet
  facet normal  5.195847e-01 -8.544189e-01  0.000000e+00
    outer loop
      vertex -1.840260e+00  1.355154e+01 -6.000000e+00
      vertex -2.306721e+00  1.326788e+01  0.000000e+00
      vertex -2.306721e+00  1.326788e+01 -6.000000e+00
    endloop
  endfacet
  facet normal  6.310879e-01 -7.757113e-01  0.000000e+00
    outer loop
      vertex -2.306721e+00  1.326788e+01 -6.000000e+00
      vertex -2.306721e+00  1.326788e+01  0.000000e+00
      vertex -2.730213e+00  1.292334e+01  0.000000e+00
    endloop
  endfacet
  facet normal  6.310879e-01 -7.757113e-01  0.000000e+00
    outer loop
      vertex -2.306721e+00  1.326788e+01 -6.000000e+00
      vertex -2.730213e+00  1.292334e+01  0.000000e+00
      vertex -2.730213e+00  1.292334e+01 -6.000000e+00
    endloop
  endfacet
  facet normal  7.308356e-01 -6.825535e-01  0.000000e+00
    outer loop
      vertex -2.730213e+00  1.292334e+01 -6.000000e+00
      vertex -2.730213e+00  1.292334e+01  0.000000e+00
      vertex -3.102845e+00  1.252435e+01  0.000000e+00
    endloop
  endfacet
  facet normal  7.308356e-01 -6.825535e-01  0.000000e+00
    outer loop
      vertex -2.730213e+00  1.292334e+01 -6.000000e+00
      vertex -3.102845e+00  1.252435e+01  0.000000e+00
      vertex -3.102845e+00  1.252435e+01 -6.000000e+00
    endloop
  endfacet
  facet normal  8.169701e-01 -5.766800e-01  0.000000e+00
    outer loop
      vertex -3.102845e+00  1.252435e+01 -6.000000e+00
      vertex -3.102845e+00  1.252435e+01  0.000000e+00
      vertex -3.417678e+00  1.207834e+01  0.000000e+00
    endloop
  endfacet
  facet normal  8.169701e-01 -5.766800e-01  0.000000e+00
    outer loop
      vertex -3.102845e+00  1.252435e+01 -6.000000e+00
      vertex -3.417678e+00  1.207834e+01  0.000000e+00
      vertex -3.417678e+00  1.207834e+01 -6.000000e+00
    endloop
  endfacet
  facet normal  8.878853e-01 -4.600648e-01  0.000000e+00
    outer loop
      vertex -3.417678e+00  1.207834e+01 -6.000000e+00
      vertex -3.417678e+00  1.207834e+01  0.000000e+00
      vertex -3.668845e+00  1.159360e+01  0.000000e+00
    endloop
  endfacet
  facet normal  8.878853e-01 -4.600648e-01  0.000000e+00
    outer loop
      vertex -3.417678e+00  1.207834e+01 -6.000000e+00
      vertex -3.668845e+00  1.159360e+01  0.000000e+00
      vertex -3.668845e+00  1.159360e+01 -6.000000e+00
    endloop
  endfacet
  facet normal  9.422607e-01 -3.348798e-01  0.000000e+00
    outer loop
      vertex -3.668845e+00  1.159360e+01 -6.000000e+00
      vertex -3.668845e+00  1.159360e+01  0.000000e+00
      vertex -3.851669e+00  1.107919e+01  0.000000e+00
    endloop
  endfacet
  facet normal  9.422607e-01 -3.348798e-01  0.000000e+00
    outer loop
      vertex -3.668845e+00  1.159360e+01 -6.000000e+00
      vertex -3.851669e+00  1.107919e+01  0.000000e+00
      vertex -3.851669e+00  1.107919e+01 -6.000000e+00
    endloop
  endfacet
  facet normal  9.790841e-01 -2.034559e-01  0.000000e+00
    outer loop
      vertex -3.851669e+00  1.107919e+01 -6.000000e+00
      vertex -3.851669e+00  1.107919e+01  0.000000e+00
      vertex -3.962744e+00  1.054467e+01  0.000000e+00
    endloop
  endfacet
  facet normal  9.790841e-01 -2.034559e-01  0.000000e+00
    outer loop
      vertex -3.851669e+00  1.107919e+01 -6.000000e+00
      vertex -3.962744e+00  1.054467e+01  0.000000e+00
      vertex -3.962744e+00  1.054467e+01 -6.000000e+00
    endloop
  endfacet
  facet normal  9.976687e-01 -6.824250e-02  0.000000e+00
    outer loop
      vertex -3.962744e+00  1.054467e+01 -6.000000e+00
      vertex -3.962744e+00  1.054467e+01  0.000000e+00
      vertex -4.000000e+00  1.000000e+01  0.000000e+00
    endloop
  endfacet
  facet normal  9.976687e-01 -6.824250e-02  0.000000e+00
    outer loop
      vertex -3.962744e+00  1.054467e+01 -6.000000e+00
      vertex -4.000000e+00  1.000000e+01  0.000000e+00
      vertex -4.000000e+00  1.000000e+01 -6.000000e+00
    endloop
  endfacet
  facet normal  1.361670e-01 -9.906859e-01  0.000000e+00
    outer loop
      vertex -8.138241e-01  1.391634e+01  0.000000e+00
      vertex -2.729697e-01  1.399067e+01 -6.000000e+00
      vertex -2.729697e-01  1.399067e+01  0.000000e+00
    endloop
  endfacet
  facet normal  0.000000e+00 -1.000000e+00  0.000000e+00
    outer loop
      vertex -2.729697e-01  1.399067e+01  0.000000e+00
      vertex -2.729697e-01  1.399067e+01 -6.000000e+00
      vertex  2.729697e-01  1.399067e+01 -6.000000e+00
    endloop
  endfacet
  facet normal  0.000000e+00 -1.000000e+00  0.000000e+00
    outer loop
      vertex -2.729697e-01  1.399067e+01  0.000000e+00
      vertex  2.729697e-01  1.399067e+01 -6.000000e+00
      vertex  2.729697e-01  1.399067e+01  0.000000e+00
    endloop
  endfacet
  facet normal -1.361670e-01 -9.906859e-01  -0.000000e+00
    outer loop
      vertex  2.729697e-01  1.399067e+01  0.000000e+00
      vertex  2.729697e-01  1.399067e+01 -6.000000e+00
      vertex  8.138241e-01  1.391634e+01 -6.000000e+00
    endloop
  endfacet
  facet normal -1.361670e-01 -9.906859e-01  0.000000e+00
    outer loop
      vertex  2.729697e-01  1.399067e+01  0.000000e+00
      vertex  8.138241e-01  1.391634e+01 -6.000000e+00
      vertex  8.138241e-01  1.391634e+01  0.000000e+00
    endloop
  endfacet
  facet normal -2.697959e-01 -9.629175e-01  -0.000000e+00
    outer loop
      vertex  8.138241e-01  1.391634e+01  0.000000e+00
      vertex  8.138241e-01  1.391634e+01 -6.000000e+00
      vertex  1.339518e+00  1.376904e+01 -6.000000e+00
    endloop
  endfacet
  facet normal -2.697959e-01 -9.629175e-01  0.000000e+00
    outer loop
      vertex  8.138241e-01  1.391634e+01  0.000000e+00
      vertex  1.339518e+00  1.376904e+01 -6.000000e+00
      vertex  1.339518e+00  1.376904e+01  0.000000e+00
    endloop
  endfacet
  facet normal -3.984007e-01 -9.172114e-01  -0.000000e+00
    outer loop
      vertex  1.339518e+00  1.376904e+01  0.000000e+00
      vertex  1.339518e+00  1.376904e+01 -6.000000e+00
      vertex  1.840260e+00  1.355154e+01 -6.000000e+00
    endloop
  endfacet
  facet normal -3.984007e-01 -9.172114e-01  0.000000e+00
    outer loop
      vertex  1.339518e+00  1.376904e+01  0.000000e+00
      vertex  1.840260e+00  1.355154e+01 -6.000000e+00
      vertex  1.840260e+00  1.355154e+01  0.000000e+00
    endloop
  endfacet
  facet normal -5.195847e-01 -8.544189e-01  -0.000000e+00
    outer loop
      vertex  1.840260e+00  1.355154e+01  0.000000e+00
      vertex  1.840260e+00  1.355154e+01 -6.000000e+00
      vertex  2.306721e+00  1.326788e+01 -6.000000e+00
    endloop
  endfacet
  facet normal -5.195847e-01 -8.544189e-01  0.000000e+00
    outer loop
      vertex  1.840260e+00  1.355154e+01  0.000000e+00
      vertex  2.306721e+00  1.326788e+01 -6.000000e+00
      vertex  2.306721e+00  1.326788e+01  0.000000e+00
    endloop
  endfacet
  facet normal -6.310879e-01 -7.757113e-01  -0.000000e+00
    outer loop
      vertex  2.306721e+00  1.326788e+01  0.000000e+00
      vertex  2.306721e+00  1.326788e+01 -6.000000e+00
      vertex  2.730213e+00  1.292334e+01 -6.000000e+00
    endloop
  endfacet
  facet normal -6.310879e-01 -7.757113e-01  0.000000e+00
    outer loop
      vertex  2.306721e+00  1.326788e+01  0.000000e+00
      vertex  2.730213e+00  1.292334e+01 -6.000000e+00
      vertex  2.730213e+00  1.292334e+01  0.000000e+00
    endloop
  endfacet
  facet normal -7.308356e-01 -6.825535e-01  -0.000000e+00
    outer loop
      vertex  2.730213e+00  1.292334e+01  0.000000e+00
      vertex  2.730213e+00  1.292334e+01 -6.000000e+00
      vertex  3.102845e+00  1.252435e+01 -6.000000e+00
    endloop
  endfacet
  facet normal -7.308356e-01 -6.825535e-01  0.000000e+00
    outer loop
      vertex  2.730213e+00  1.292334e+01  0.000000e+00
      vertex  3.102845e+00  1.252435e+01 -6.000000e+00
      vertex  3.102845e+00  1.252435e+01  0.000000e+00
    endloop
  endfacet
  facet normal -8.169701e-01 -5.766800e-01  -0.000000e+00
    outer loop
      vertex  3.102845e+00  1.252435e+01  0.000000e+00
      vertex  3.102845e+00  1.252435e+01 -6.000000e+00
      vertex  3.417678e+00  1.207834e+01 -6.000000e+00
    endloop
  endfacet
  facet normal -8.169701e-01 -5.766800e-01  0.000000e+00
    outer loop
      vertex  3.102845e+00  1.252435e+01  0.000000e+00
      vertex  3.417678e+00  1.207834e+01 -6.000000e+00
      vertex  3.417678e+00  1.207834e+01  0.000000e+00
    endloop
  endfacet
  facet normal -8.878853e-01 -4.600648e-01  -0.000000e+00
    outer loop
      vertex  3.417678e+00  1.207834e+01  0.000000e+00
      vertex  3.417678e+00  1.207834e+01 -6.000000e+00
      vertex  3.668845e+00  1.159360e+01 -6.000000e+00
    endloop
  endfacet
  facet normal -8.878853e-01 -4.600648e-01  0.000000e+00
    outer loop
      vertex  3.417678e+00  1.207834e+01  0.000000e+00
      vertex  3.668845e+00  1.159360e+01 -6.000000e+00
      vertex  3.668845e+00  1.159360e+01  0.000000e+00
    endloop
  endfacet
  facet normal -9.422607e-01 -3.348798e-01  -0.000000e+00
    outer loop
      vertex  3.668845e+00  1.159360e+01  0.000000e+00
      vertex  3.668845e+00  1.159360e+01 -6.000000e+00
      vertex  3.851669e+00  1.107919e+01 -6.000000e+00
    endloop
  endfacet
  facet normal -9.422607e-01 -3.348798e-01  0.000000e+00
    outer loop
      vertex  3.668845e+00  1.159360e+01  0.000000e+00
      vertex  3.851669e+00  1.107919e+01 -6.000000e+00
      vertex  3.851669e+00  1.107919e+01  0.000000e+00
    endloop
  endfacet
  facet normal -9.790841e-01 -2.034559e-01  -0.000000e+00
    outer loop
      vertex  3.851669e+00  1.107919e+01  0.000000e+00
      vertex  3.851669e+00  1.107919e+01 -6.000000e+00
      vertex  3.962744e+00  1.054467e+01 -6.000000e+00
    endloop
  endfacet
  facet normal -9.790841e-01 -2.034559e-01  0.000000e+00
    outer loop
      vertex  3.851669e+00  1.107919e+01  0.000000e+00
      vertex  3.962744e+00  1.054467e+01 -6.000000e+00
      vertex  3.962744e+00  1.054467e+01  0.000000e+00
    endloop
  endfacet
  facet normal -9.976687e-01 -6.824250e-02  -0.000000e+00
    outer loop
      vertex  3.962744e+00  1.054467e+01  0.000000e+00
      vertex  3.962744e+00  1.054467e+01 -6.000000e+00
      vertex  4.000000e+00  1.000000e+01 -6.000000e+00
    endloop
  endfacet
  facet normal -9.976687e-01 -6.824250e-02  0.000000e+00
    outer loop
      vertex  3.962744e+00  1.054467e+01  0.000000e+00
      vertex  4.000000e+00  1.000000e+01 -6.000000e+00
      vertex  4.000000e+00  1.000000e+01  0.000000e+00
    endloop
  endfacet
  facet normal  1.000000e+00  0.000000e+00  0.000000e+00
    outer loop
      vertex -4.000000e+00  2.000000e+00 -6.000000e+00
      vertex -4.000000e+00  1.000000e+01 -6.000000e+00
      vertex -4.000000e+00  2.000000e+00  0.000000e+00
    endloop
  endfacet
  facet normal  1.000000e+00  -0.000000e+00  0.000000e+00
    outer loop
      vertex -4.000000e+00  2.000000e+00  0.000000e+00
      vertex -4.000000e+00  1.000000e+01 -6.000000e+00
      vertex -4.000000e+00  1.000000e+01  0.000000e+00
    endloop
  endfacet
  facet normal -1.361668e-01  9.906860e-01  0.000000e+00
    outer loop
      vertex  2.729697e-01 -1.990675e+00 -6.000000e+00
      vertex  8.138241e-01 -1.916336e+00  0.000000e+00
      vertex  8.138241e-01 -1.916336e+00 -6.000000e+00
    endloop
  endfacet
  facet normal -2.697967e-01  9.629173e-01  0.000000e+00
    outer loop
      vertex  8.138241e-01 -1.916336e+00 -6.000000e+00
      vertex  8.138241e-01 -1.916336e+00  0.000000e+00
      vertex  1.339518e+00 -1.769044e+00  0.000000e+00
    endloop
  endfacet
  facet normal -2.697967e-01  9.629173e-01  0.000000e+00
    outer loop
      vertex  8.138241e-01 -1.916336e+00 -6.000000e+00
      vertex  1.339518e+00 -1.769044e+00  0.000000e+00
      vertex  1.339518e+00 -1.769044e+00 -6.000000e+00
    endloop
  endfacet
  facet normal -3.984011e-01  9.172113e-01  0.000000e+00
    outer loop
      vertex  1.339518e+00 -1.769044e+00 -6.000000e+00
      vertex  1.339518e+00 -1.769044e+00  0.000000e+00
      vertex  1.840260e+00 -1.551541e+00  0.000000e+00
    endloop
  endfacet
  facet normal -3.984011e-01  9.172113e-01  0.000000e+00
    outer loop
      vertex  1.339518e+00 -1.769044e+00 -6.000000e+00
      vertex  1.840260e+00 -1.551541e+00  0.000000e+00
      vertex  1.840260e+00 -1.551541e+00 -6.000000e+00
    endloop
  endfacet
  facet normal -5.195839e-01  8.544194e-01  0.000000e+00
    outer loop
      vertex  1.840260e+00 -1.551541e+00 -6.000000e+00
      vertex  1.840260e+00 -1.551541e+00  0.000000e+00
      vertex  2.306721e+00 -1.267880e+00  0.000000e+00
    endloop
  endfacet
  facet normal -5.195839e-01  8.544194e-01  0.000000e+00
    outer loop
      vertex  1.840260e+00 -1.551541e+00 -6.000000e+00
      vertex  2.306721e+00 -1.267880e+00  0.000000e+00
      vertex  2.306721e+00 -1.267880e+00 -6.000000e+00
    endloop
  endfacet
  facet normal -6.310878e-01  7.757114e-01  0.000000e+00
    outer loop
      vertex  2.306721e+00 -1.267880e+00 -6.000000e+00
      vertex  2.306721e+00 -1.267880e+00  0.000000e+00
      vertex  2.730213e+00 -9.233438e-01  0.000000e+00
    endloop
  endfacet
  facet normal -6.310878e-01  7.757114e-01  0.000000e+00
    outer loop
      vertex  2.306721e+00 -1.267880e+00 -6.000000e+00
      vertex  2.730213e+00 -9.233438e-01  0.000000e+00
      vertex  2.730213e+00 -9.233438e-01 -6.000000e+00
    endloop
  endfacet
  facet normal -7.308360e-01  6.825531e-01  0.000000e+00
    outer loop
      vertex  2.730213e+00 -9.233438e-01 -6.000000e+00
      vertex  2.730213e+00 -9.233438e-01  0.000000e+00
      vertex  3.102845e+00 -5.243518e-01  0.000000e+00
    endloop
  endfacet
  facet normal -7.308360e-01  6.825531e-01  0.000000e+00
    outer loop
      vertex  2.730213e+00 -9.233438e-01 -6.000000e+00
      vertex  3.102845e+00 -5.243518e-01  0.000000e+00
      vertex  3.102845e+00 -5.243518e-01 -6.000000e+00
    endloop
  endfacet
  facet normal -8.169699e-01  5.766803e-01  0.000000e+00
    outer loop
      vertex  3.102845e+00 -5.243518e-01 -6.000000e+00
      vertex  3.102845e+00 -5.243518e-01  0.000000e+00
      vertex  3.417678e+00 -7.833580e-02  0.000000e+00
    endloop
  endfacet
  facet normal -8.169699e-01  5.766803e-01  0.000000e+00
    outer loop
      vertex  3.102845e+00 -5.243518e-01 -6.000000e+00
      vertex  3.417678e+00 -7.833580e-02  0.000000e+00
      vertex  3.417678e+00 -7.833580e-02 -6.000000e+00
    endloop
  endfacet
  facet normal -8.878853e-01  4.600650e-01  0.000000e+00
    outer loop
      vertex  3.417678e+00 -7.833580e-02 -6.000000e+00
      vertex  3.417678e+00 -7.833580e-02  0.000000e+00
      vertex  3.668845e+00  4.063956e-01  0.000000e+00
    endloop
  endfacet
  facet normal -8.878853e-01  4.600650e-01  0.000000e+00
    outer loop
      vertex  3.417678e+00 -7.833580e-02 -6.000000e+00
      vertex  3.668845e+00  4.063956e-01  0.000000e+00
      vertex  3.668845e+00  4.063956e-01 -6.000000e+00
    endloop
  endfacet
  facet normal -9.422610e-01  3.348795e-01  0.000000e+00
    outer loop
      vertex  3.668845e+00  4.063956e-01 -6.000000e+00
      vertex  3.668845e+00  4.063956e-01  0.000000e+00
      vertex  3.851669e+00  9.208129e-01  0.000000e+00
    endloop
  endfacet
  facet normal -9.422610e-01  3.348795e-01  0.000000e+00
    outer loop
      vertex  3.668845e+00  4.063956e-01 -6.000000e+00
      vertex  3.851669e+00  9.208129e-01  0.000000e+00
      vertex  3.851669e+00  9.208129e-01 -6.000000e+00
    endloop
  endfacet
  facet normal -9.790841e-01  2.034561e-01  0.000000e+00
    outer loop
      vertex  3.851669e+00  9.208129e-01 -6.000000e+00
      vertex  3.851669e+00  9.208129e-01  0.000000e+00
      vertex  3.962744e+00  1.455333e+00  0.000000e+00
    endloop
  endfacet
  facet normal -9.790841e-01  2.034561e-01  0.000000e+00
    outer loop
      vertex  3.851669e+00  9.208129e-01 -6.000000e+00
      vertex  3.962744e+00  1.455333e+00  0.000000e+00
      vertex  3.962744e+00  1.455333e+00 -6.000000e+00
    endloop
  endfacet
  facet normal -9.976689e-01  6.824246e-02  0.000000e+00
    outer loop
      vertex  3.962744e+00  1.455333e+00 -6.000000e+00
      vertex  3.962744e+00  1.455333e+00  0.000000e+00
      vertex  4.000000e+00  2.000000e+00  0.000000e+00
    endloop
  endfacet
  facet normal -9.976689e-01  6.824246e-02  0.000000e+00
    outer loop
      vertex  3.962744e+00  1.455333e+00 -6.000000e+00
      vertex  4.000000e+00  2.000000e+00  0.000000e+00
      vertex  4.000000e+00  2.000000e+00 -6.000000e+00
    endloop
  endfacet
  facet normal -1.361668e-01  9.906860e-01  0.000000e+00
    outer loop
      vertex  8.138241e-01 -1.916336e+00  0.000000e+00
      vertex  2.729697e-01 -1.990675e+00 -6.000000e+00
      vertex  2.729697e-01 -1.990675e+00  0.000000e+00
    endloop
  endfacet
  facet normal  0.000000e+00  1.000000e+00  0.000000e+00
    outer loop
      vertex  2.729697e-01 -1.990675e+00  0.000000e+00
      vertex  2.729697e-01 -1.990675e+00 -6.000000e+00
      vertex -2.729697e-01 -1.990675e+00 -6.000000e+00
    endloop
  endfacet
  facet normal  0.000000e+00  1.000000e+00  0.000000e+00
    outer loop
      vertex  2.729697e-01 -1.990675e+00  0.000000e+00
      vertex -2.729697e-01 -1.990675e+00 -6.000000e+00
      vertex -2.729697e-01 -1.990675e+00  0.000000e+00
    endloop
  endfacet
  facet normal  1.361668e-01  9.906860e-01  0.000000e+00
    outer loop
      vertex -2.729697e-01 -1.990675e+00  0.000000e+00
      vertex -2.729697e-01 -1.990675e+00 -6.000000e+00
      vertex -8.138241e-01 -1.916336e+00 -6.000000e+00
    endloop
  endfacet
  facet normal  1.361668e-01  9.906860e-01  -0.000000e+00
    outer loop
      vertex -2.729697e-01 -1.990675e+00  0.000000e+00
      vertex -8.138241e-01 -1.916336e+00 -6.000000e+00
      vertex -8.138241e-01 -1.916336e+00  0.000000e+00
    endloop
  endfacet
  facet normal  2.697967e-01  9.629173e-01  0.000000e+00
    outer loop
      vertex -8.138241e-01 -1.916336e+00  0.000000e+00
      vertex -8.138241e-01 -1.916336e+00 -6.000000e+00
      vertex -1.339518e+00 -1.769044e+00 -6.000000e+00
    endloop
  endfacet
  facet normal  2.697967e-01  9.629173e-01  -0.000000e+00
    outer loop
      vertex -8.138241e-01 -1.916336e+00  0.000000e+00
      vertex -1.339518e+00 -1.769044e+00 -6.000000e+00
      vertex -1.339518e+00 -1.769044e+00  0.000000e+00
    endloop
  endfacet
  facet normal  3.984011e-01  9.172113e-01  0.000000e+00
    outer loop
      vertex -1.339518e+00 -1.769044e+00  0.000000e+00
      vertex -1.339518e+00 -1.769044e+00 -6.000000e+00
      vertex -1.840260e+00 -1.551541e+00 -6.000000e+00
    endloop
  endfacet
  facet normal  3.984011e-01  9.172113e-01  -0.000000e+00
    outer loop
      vertex -1.339518e+00 -1.769044e+00  0.000000e+00
      vertex -1.840260e+00 -1.551541e+00 -6.000000e+00
      vertex -1.840260e+00 -1.551541e+00  0.000000e+00
    endloop
  endfacet
  facet normal  5.195839e-01  8.544194e-01  0.000000e+00
    outer loop
      vertex -1.840260e+00 -1.551541e+00  0.000000e+00
      vertex -1.840260e+00 -1.551541e+00 -6.000000e+00
      vertex -2.306721e+00 -1.267880e+00 -6.000000e+00
    endloop
  endfacet
  facet normal  5.195839e-01  8.544194e-01  -0.000000e+00
    outer loop
      vertex -1.840260e+00 -1.551541e+00  0.000000e+00
      vertex -2.306721e+00 -1.267880e+00 -6.000000e+00
      vertex -2.306721e+00 -1.267880e+00  0.000000e+00
    endloop
  endfacet
  facet normal  6.310878e-01  7.757114e-01  0.000000e+00
    outer loop
      vertex -2.306721e+00 -1.267880e+00  0.000000e+00
      vertex -2.306721e+00 -1.267880e+00 -6.000000e+00
      vertex -2.730213e+00 -9.233438e-01 -6.000000e+00
    endloop
  endfacet
  facet normal  6.310878e-01  7.757114e-01  -0.000000e+00
    outer loop
      vertex -2.306721e+00 -1.267880e+00  0.000000e+00
      vertex -2.730213e+00 -9.233438e-01 -6.000000e+00
      vertex -2.730213e+00 -9.233438e-01  0.000000e+00
    endloop
  endfacet
  facet normal  7.308360e-01  6.825531e-01  0.000000e+00
    outer loop
      vertex -2.730213e+00 -9.233438e-01  0.000000e+00
      vertex -2.730213e+00 -9.233438e-01 -6.000000e+00
      vertex -3.102845e+00 -5.243518e-01 -6.000000e+00
    endloop
  endfacet
  facet normal  7.308360e-01  6.825531e-01  -0.000000e+00
    outer loop
      vertex -2.730213e+00 -9.233438e-01  0.000000e+00
      vertex -3.102845e+00 -5.243518e-01 -6.000000e+00
      vertex -3.102845e+00 -5.243518e-01  0.000000e+00
    endloop
  endfacet
  facet normal  8.169699e-01  5.766803e-01  0.000000e+00
    outer loop
      vertex -3.102845e+00 -5.243518e-01  0.000000e+00
      vertex -3.102845e+00 -5.243518e-01 -6.000000e+00
      vertex -3.417678e+00 -7.833580e-02 -6.000000e+00
    endloop
  endfacet
  facet normal  8.169699e-01  5.766803e-01  -0.000000e+00
    outer loop
      vertex -3.102845e+00 -5.243518e-01  0.000000e+00
      vertex -3.417678e+00 -7.833580e-02 -6.000000e+00
      vertex -3.417678e+00 -7.833580e-02  0.000000e+00
    endloop
  endfacet
  facet normal  8.878853e-01  4.600650e-01  0.000000e+00
    outer loop
      vertex -3.417678e+00 -7.833580e-02  0.000000e+00
      vertex -3.417678e+00 -7.833580e-02 -6.000000e+00
      vertex -3.668845e+00  4.063956e-01 -6.000000e+00
    endloop
  endfacet
  facet normal  8.878853e-01  4.600650e-01  -0.000000e+00
    outer loop
      vertex -3.417678e+00 -7.833580e-02  0.000000e+00
      vertex -3.668845e+00  4.063956e-01 -6.000000e+00
      vertex -3.668845e+00  4.063956e-01  0.000000e+00
    endloop
  endfacet
  facet normal  9.422610e-01  3.348795e-01  0.000000e+00
    outer loop
      vertex -3.668845e+00  4.063956e-01  0.000000e+00
      vertex -3.668845e+00  4.063956e-01 -6.000000e+00
      vertex -3.851669e+00  9.208129e-01 -6.000000e+00
    endloop
  endfacet
  facet normal  9.422610e-01  3.348795e-01  -0.000000e+00
    outer loop
      vertex -3.668845e+00  4.063956e-01  0.000000e+00
      vertex -3.851669e+00  9.208129e-01 -6.000000e+00
      vertex -3.851669e+00  9.208129e-01  0.000000e+00
    endloop
  endfacet
  facet normal  9.790841e-01  2.034561e-01  0.000000e+00
    outer loop
      vertex -3.851669e+00  9.208129e-01  0.000000e+00
      vertex -3.851669e+00  9.208129e-01 -6.000000e+00
      vertex -3.962744e+00  1.455333e+00 -6.000000e+00
    endloop
  endfacet
  facet normal  9.790841e-01  2.034561e-01  -0.000000e+00
    outer loop
      vertex -3.851669e+00  9.208129e-01  0.000000e+00
      vertex -3.962744e+00  1.455333e+00 -6.000000e+00
      vertex -3.962744e+00  1.455333e+00  0.000000e+00
    endloop
  endfacet
  facet normal  9.976689e-01  6.824246e-02  0.000000e+00
    outer loop
      vertex -3.962744e+00  1.455333e+00  0.000000e+00
      vertex -3.962744e+00  1.455333e+00 -6.000000e+00
      vertex -4.000000e+00  2.000000e+00 -6.000000e+00
    endloop
  endfacet
  facet normal  9.976689e-01  6.824246e-02  -0.000000e+00
    outer loop
      vertex -3.962744e+00  1.455333e+00  0.000000e+00
      vertex -4.000000e+00  2.000000e+00 -6.000000e+00
      vertex -4.000000e+00  2.000000e+00  0.000000e+00
    endloop
  endfacet
  facet normal -1.000000e+00  0.000000e+00  0.000000e+00
    outer loop
      vertex  4.000000e+00  1.000000e+01 -6.000000e+00
      vertex  4.000000e+00  2.000000e+00 -6.000000e+00
      vertex  4.000000e+00  1.000000e+01  0.000000e+00
    endloop
  endfacet
  facet normal -1.000000e+00  -0.000000e+00  0.000000e+00
    outer loop
      vertex  4.000000e+00  1.000000e+01  0.000000e+00
      vertex  4.000000e+00  2.000000e+00 -6.000000e+00
      vertex  4.000000e+00  2.000000e+00  0.000000e+00
    endloop
  endfacet
  facet normal -1.361670e-01  9.906858e-01  0.000000e+00
    outer loop
      vertex  1.127297e+01  2.300933e+01 -6.000000e+00
      vertex  1.181382e+01  2.308366e+01  0.000000e+00
      vertex  1.181382e+01  2.308366e+01 -6.000000e+00
    endloop
  endfacet
  facet normal -2.697973e-01  9.629171e-01  0.000000e+00
    outer loop
      vertex  1.181382e+01  2.308366e+01 -6.000000e+00
      vertex  1.181382e+01  2.308366e+01  0.000000e+00
      vertex  1.233952e+01  2.323096e+01  0.000000e+00
    endloop
  endfacet
  facet normal -2.697973e-01  9.629171e-01  0.000000e+00
    outer loop
      vertex  1.181382e+01  2.308366e+01 -6.000000e+00
      vertex  1.233952e+01  2.323096e+01  0.000000e+00
      vertex  1.233952e+01  2.323096e+01 -6.000000e+00
    endloop
  endfacet
  facet normal -3.984005e-01  9.172115e-01  0.000000e+00
    outer loop
      vertex  1.233952e+01  2.323096e+01 -6.000000e+00
      vertex  1.233952e+01  2.323096e+01  0.000000e+00
      vertex  1.284026e+01  2.344846e+01  0.000000e+00
    endloop
  endfacet
  facet normal -3.984005e-01  9.172115e-01  0.000000e+00
    outer loop
      vertex  1.233952e+01  2.323096e+01 -6.000000e+00
      vertex  1.284026e+01  2.344846e+01  0.000000e+00
      vertex  1.284026e+01  2.344846e+01 -6.000000e+00
    endloop
  endfacet
  facet normal -5.195833e-01  8.544197e-01  0.000000e+00
    outer loop
      vertex  1.284026e+01  2.344846e+01 -6.000000e+00
      vertex  1.284026e+01  2.344846e+01  0.000000e+00
      vertex  1.330672e+01  2.373212e+01  0.000000e+00
    endloop
  endfacet
  facet normal -5.195833e-01  8.544197e-01  0.000000e+00
    outer loop
      vertex  1.284026e+01  2.344846e+01 -6.000000e+00
      vertex  1.330672e+01  2.373212e+01  0.000000e+00
      vertex  1.330672e+01  2.373212e+01 -6.000000e+00
    endloop
  endfacet
  facet normal -6.310887e-01  7.757106e-01  0.000000e+00
    outer loop
      vertex  1.330672e+01  2.373212e+01 -6.000000e+00
      vertex  1.330672e+01  2.373212e+01  0.000000e+00
      vertex  1.373021e+01  2.407666e+01  0.000000e+00
    endloop
  endfacet
  facet normal -6.310887e-01  7.757106e-01  0.000000e+00
    outer loop
      vertex  1.330672e+01  2.373212e+01 -6.000000e+00
      vertex  1.373021e+01  2.407666e+01  0.000000e+00
      vertex  1.373021e+01  2.407666e+01 -6.000000e+00
    endloop
  endfacet
  facet normal -7.308360e-01  6.825531e-01  0.000000e+00
    outer loop
      vertex  1.373021e+01  2.407666e+01 -6.000000e+00
      vertex  1.373021e+01  2.407666e+01  0.000000e+00
      vertex  1.410285e+01  2.447565e+01  0.000000e+00
    endloop
  endfacet
  facet normal -7.308360e-01  6.825531e-01  0.000000e+00
    outer loop
      vertex  1.373021e+01  2.407666e+01 -6.000000e+00
      vertex  1.410285e+01  2.447565e+01  0.000000e+00
      vertex  1.410285e+01  2.447565e+01 -6.000000e+00
    endloop
  endfacet
  facet normal -8.169687e-01  5.766820e-01  0.000000e+00
    outer loop
      vertex  1.410285e+01  2.447565e+01 -6.000000e+00
      vertex  1.410285e+01  2.447565e+01  0.000000e+00
      vertex  1.441768e+01  2.492166e+01  0.000000e+00
    endloop
  endfacet
  facet normal -8.169687e-01  5.766820e-01  0.000000e+00
    outer loop
      vertex  1.410285e+01  2.447565e+01 -6.000000e+00
      vertex  1.441768e+01  2.492166e+01  0.000000e+00
      vertex  1.441768e+01  2.492166e+01 -6.000000e+00
    endloop
  endfacet
  facet normal -8.878855e-01  4.600644e-01  0.000000e+00
    outer loop
      vertex  1.441768e+01  2.492166e+01 -6.000000e+00
      vertex  1.441768e+01  2.492166e+01  0.000000e+00
      vertex  1.466885e+01  2.540639e+01  0.000000e+00
    endloop
  endfacet
  facet normal -8.878855e-01  4.600644e-01  0.000000e+00
    outer loop
      vertex  1.441768e+01  2.492166e+01 -6.000000e+00
      vertex  1.466885e+01  2.540639e+01  0.000000e+00
      vertex  1.466885e+01  2.540639e+01 -6.000000e+00
    endloop
  endfacet
  facet normal -9.422609e-01  3.348797e-01  0.000000e+00
    outer loop
      vertex  1.466885e+01  2.540639e+01 -6.000000e+00
      vertex  1.466885e+01  2.540639e+01  0.000000e+00
      vertex  1.485167e+01  2.592081e+01  0.000000e+00
    endloop
  endfacet
  facet normal -9.422609e-01  3.348797e-01  0.000000e+00
    outer loop
      vertex  1.466885e+01  2.540639e+01 -6.000000e+00
      vertex  1.485167e+01  2.592081e+01  0.000000e+00
      vertex  1.485167e+01  2.592081e+01 -6.000000e+00
    endloop
  endfacet
  facet normal -9.790843e-01  2.034555e-01  0.000000e+00
    outer loop
      vertex  1.485167e+01  2.592081e+01 -6.000000e+00
      vertex  1.485167e+01  2.592081e+01  0.000000e+00
      vertex  1.496274e+01  2.645533e+01  0.000000e+00
    endloop
  endfacet
  facet normal -9.790843e-01  2.034555e-01  0.000000e+00
    outer loop
      vertex  1.485167e+01  2.592081e+01 -6.000000e+00
      vertex  1.496274e+01  2.645533e+01  0.000000e+00
      vertex  1.496274e+01  2.645533e+01 -6.000000e+00
    endloop
  endfacet
  facet normal -9.976687e-01  6.824250e-02  0.000000e+00
    outer loop
      vertex  1.496274e+01  2.645533e+01 -6.000000e+00
      vertex  1.496274e+01  2.645533e+01  0.000000e+00
      vertex  1.500000e+01  2.700000e+01  0.000000e+00
    endloop
  endfacet
  facet normal -9.976687e-01  6.824250e-02  0.000000e+00
    outer loop
      vertex  1.496274e+01  2.645533e+01 -6.000000e+00
      vertex  1.500000e+01  2.700000e+01  0.000000e+00
      vertex  1.500000e+01  2.700000e+01 -6.000000e+00
    endloop
  endfacet
  facet normal -1.361670e-01  9.906858e-01  0.000000e+00
    outer loop
      vertex  1.181382e+01  2.308366e+01  0.000000e+00
      vertex  1.127297e+01  2.300933e+01 -6.000000e+00
      vertex  1.127297e+01  2.300933e+01  0.000000e+00
    endloop
  endfacet
  facet normal  0.000000e+00  1.000000e+00  0.000000e+00
    outer loop
      vertex  1.127297e+01  2.300933e+01  0.000000e+00
      vertex  1.127297e+01  2.300933e+01 -6.000000e+00
      vertex  1.072703e+01  2.300933e+01 -6.000000e+00
    endloop
  endfacet
  facet normal  0.000000e+00  1.000000e+00  0.000000e+00
    outer loop
      vertex  1.127297e+01  2.300933e+01  0.000000e+00
      vertex  1.072703e+01  2.300933e+01 -6.000000e+00
      vertex  1.072703e+01  2.300933e+01  0.000000e+00
    endloop
  endfacet
  facet normal  1.361670e-01  9.906858e-01  0.000000e+00
    outer loop
      vertex  1.072703e+01  2.300933e+01  0.000000e+00
      vertex  1.072703e+01  2.300933e+01 -6.000000e+00
      vertex  1.018618e+01  2.308366e+01 -6.000000e+00
    endloop
  endfacet
  facet normal  1.361670e-01  9.906858e-01  -0.000000e+00
    outer loop
      vertex  1.072703e+01  2.300933e+01  0.000000e+00
      vertex  1.018618e+01  2.308366e+01 -6.000000e+00
      vertex  1.018618e+01  2.308366e+01  0.000000e+00
    endloop
  endfacet
  facet normal  2.697973e-01  9.629171e-01  0.000000e+00
    outer loop
      vertex  1.018618e+01  2.308366e+01  0.000000e+00
      vertex  1.018618e+01  2.308366e+01 -6.000000e+00
      vertex  9.660481e+00  2.323096e+01 -6.000000e+00
    endloop
  endfacet
  facet normal  2.697973e-01  9.629171e-01  -0.000000e+00
    outer loop
      vertex  1.018618e+01  2.308366e+01  0.000000e+00
      vertex  9.660481e+00  2.323096e+01 -6.000000e+00
      vertex  9.660481e+00  2.323096e+01  0.000000e+00
    endloop
  endfacet
  facet normal  3.984005e-01  9.172115e-01  0.000000e+00
    outer loop
      vertex  9.660481e+00  2.323096e+01  0.000000e+00
      vertex  9.660481e+00  2.323096e+01 -6.000000e+00
      vertex  9.159739e+00  2.344846e+01 -6.000000e+00
    endloop
  endfacet
  facet normal  3.984005e-01  9.172115e-01  -0.000000e+00
    outer loop
      vertex  9.660481e+00  2.323096e+01  0.000000e+00
      vertex  9.159739e+00  2.344846e+01 -6.000000e+00
      vertex  9.159739e+00  2.344846e+01  0.000000e+00
    endloop
  endfacet
  facet normal  5.195833e-01  8.544197e-01  0.000000e+00
    outer loop
      vertex  9.159739e+00  2.344846e+01  0.000000e+00
      vertex  9.159739e+00  2.344846e+01 -6.000000e+00
      vertex  8.693278e+00  2.373212e+01 -6.000000e+00
    endloop
  endfacet
  facet normal  5.195833e-01  8.544197e-01  -0.000000e+00
    outer loop
      vertex  9.159739e+00  2.344846e+01  0.000000e+00
      vertex  8.693278e+00  2.373212e+01 -6.000000e+00
      vertex  8.693278e+00  2.373212e+01  0.000000e+00
    endloop
  endfacet
  facet normal  6.310887e-01  7.757106e-01  0.000000e+00
    outer loop
      vertex  8.693278e+00  2.373212e+01  0.000000e+00
      vertex  8.693278e+00  2.373212e+01 -6.000000e+00
      vertex  8.269788e+00  2.407666e+01 -6.000000e+00
    endloop
  endfacet
  facet normal  6.310887e-01  7.757106e-01  -0.000000e+00
    outer loop
      vertex  8.693278e+00  2.373212e+01  0.000000e+00
      vertex  8.269788e+00  2.407666e+01 -6.000000e+00
      vertex  8.269788e+00  2.407666e+01  0.000000e+00
    endloop
  endfacet
  facet normal  7.308360e-01  6.825531e-01  0.000000e+00
    outer loop
      vertex  8.269788e+00  2.407666e+01  0.000000e+00
      vertex  8.269788e+00  2.407666e+01 -6.000000e+00
      vertex  7.897155e+00  2.447565e+01 -6.000000e+00
    endloop
  endfacet
  facet normal  7.308360e-01  6.825531e-01  -0.000000e+00
    outer loop
      vertex  8.269788e+00  2.407666e+01  0.000000e+00
      vertex  7.897155e+00  2.447565e+01 -6.000000e+00
      vertex  7.897155e+00  2.447565e+01  0.000000e+00
    endloop
  endfacet
  facet normal  8.169692e-01  5.766814e-01  0.000000e+00
    outer loop
      vertex  7.897155e+00  2.447565e+01  0.000000e+00
      vertex  7.897155e+00  2.447565e+01 -6.000000e+00
      vertex  7.582323e+00  2.492166e+01 -6.000000e+00
    endloop
  endfacet
  facet normal  8.169692e-01  5.766814e-01  -0.000000e+00
    outer loop
      vertex  7.897155e+00  2.447565e+01  0.000000e+00
      vertex  7.582323e+00  2.492166e+01 -6.000000e+00
      vertex  7.582323e+00  2.492166e+01  0.000000e+00
    endloop
  endfacet
  facet normal  8.878852e-01  4.600652e-01  0.000000e+00
    outer loop
      vertex  7.582323e+00  2.492166e+01  0.000000e+00
      vertex  7.582323e+00  2.492166e+01 -6.000000e+00
      vertex  7.331155e+00  2.540639e+01 -6.000000e+00
    endloop
  endfacet
  facet normal  8.878852e-01  4.600652e-01  -0.000000e+00
    outer loop
      vertex  7.582323e+00  2.492166e+01  0.000000e+00
      vertex  7.331155e+00  2.540639e+01 -6.000000e+00
      vertex  7.331155e+00  2.540639e+01  0.000000e+00
    endloop
  endfacet
  facet normal  9.422609e-01  3.348797e-01  0.000000e+00
    outer loop
      vertex  7.331155e+00  2.540639e+01  0.000000e+00
      vertex  7.331155e+00  2.540639e+01 -6.000000e+00
      vertex  7.148331e+00  2.592081e+01 -6.000000e+00
    endloop
  endfacet
  facet normal  9.422609e-01  3.348797e-01  -0.000000e+00
    outer loop
      vertex  7.331155e+00  2.540639e+01  0.000000e+00
      vertex  7.148331e+00  2.592081e+01 -6.000000e+00
      vertex  7.148331e+00  2.592081e+01  0.000000e+00
    endloop
  endfacet
  facet normal  9.790843e-01  2.034555e-01  0.000000e+00
    outer loop
      vertex  7.148331e+00  2.592081e+01  0.000000e+00
      vertex  7.148331e+00  2.592081e+01 -6.000000e+00
      vertex  7.037256e+00  2.645533e+01 -6.000000e+00
    endloop
  endfacet
  facet normal  9.790843e-01  2.034555e-01  -0.000000e+00
    outer loop
      vertex  7.148331e+00  2.592081e+01  0.000000e+00
      vertex  7.037256e+00  2.645533e+01 -6.000000e+00
      vertex  7.037256e+00  2.645533e+01  0.000000e+00
    endloop
  endfacet
  facet normal  9.976687e-01  6.824250e-02  0.000000e+00
    outer loop
      vertex  7.037256e+00  2.645533e+01  0.000000e+00
      vertex  7.037256e+00  2.645533e+01 -6.000000e+00
      vertex  7.000000e+00  2.700000e+01 -6.000000e+00
    endloop
  endfacet
  facet normal  9.976687e-01  6.824250e-02  -0.000000e+00
    outer loop
      vertex  7.037256e+00  2.645533e+01  0.000000e+00
      vertex  7.000000e+00  2.700000e+01 -6.000000e+00
      vertex  7.000000e+00  2.700000e+01  0.000000e+00
    endloop
  endfacet
  facet normal  1.361670e-01 -9.906858e-01  0.000000e+00
    outer loop
      vertex  1.072703e+01  3.099067e+01 -6.000000e+00
      vertex  1.018618e+01  3.091634e+01  0.000000e+00
      vertex  1.018618e+01  3.091634e+01 -6.000000e+00
    endloop
  endfacet
  facet normal  2.697973e-01 -9.629171e-01  0.000000e+00
    outer loop
      vertex  1.018618e+01  3.091634e+01 -6.000000e+00
      vertex  1.018618e+01  3.091634e+01  0.000000e+00
      vertex  9.660481e+00  3.076904e+01  0.000000e+00
    endloop
  endfacet
  facet normal  2.697973e-01 -9.629171e-01  0.000000e+00
    outer loop
      vertex  1.018618e+01  3.091634e+01 -6.000000e+00
      vertex  9.660481e+00  3.076904e+01  0.000000e+00
      vertex  9.660481e+00  3.076904e+01 -6.000000e+00
    endloop
  endfacet
  facet normal  3.984005e-01 -9.172115e-01  0.000000e+00
    outer loop
      vertex  9.660481e+00  3.076904e+01 -6.000000e+00
      vertex  9.660481e+00  3.076904e+01  0.000000e+00
      vertex  9.159739e+00  3.055154e+01  0.000000e+00
    endloop
  endfacet
  facet normal  3.984005e-01 -9.172115e-01  0.000000e+00
    outer loop
      vertex  9.660481e+00  3.076904e+01 -6.000000e+00
      vertex  9.159739e+00  3.055154e+01  0.000000e+00
      vertex  9.159739e+00  3.055154e+01 -6.000000e+00
    endloop
  endfacet
  facet normal  5.195833e-01 -8.544197e-01  0.000000e+00
    outer loop
      vertex  9.159739e+00  3.055154e+01 -6.000000e+00
      vertex  9.159739e+00  3.055154e+01  0.000000e+00
      vertex  8.693278e+00  3.026788e+01  0.000000e+00
    endloop
  endfacet
  facet normal  5.195833e-01 -8.544197e-01  0.000000e+00
    outer loop
      vertex  9.159739e+00  3.055154e+01 -6.000000e+00
      vertex  8.693278e+00  3.026788e+01  0.000000e+00
      vertex  8.693278e+00  3.026788e+01 -6.000000e+00
    endloop
  endfacet
  facet normal  6.310887e-01 -7.757106e-01  0.000000e+00
    outer loop
      vertex  8.693278e+00  3.026788e+01 -6.000000e+00
      vertex  8.693278e+00  3.026788e+01  0.000000e+00
      vertex  8.269788e+00  2.992334e+01  0.000000e+00
    endloop
  endfacet
  facet normal  6.310887e-01 -7.757106e-01  0.000000e+00
    outer loop
      vertex  8.693278e+00  3.026788e+01 -6.000000e+00
      vertex  8.269788e+00  2.992334e+01  0.000000e+00
      vertex  8.269788e+00  2.992334e+01 -6.000000e+00
    endloop
  endfacet
  facet normal  7.308360e-01 -6.825531e-01  0.000000e+00
    outer loop
      vertex  8.269788e+00  2.992334e+01 -6.000000e+00
      vertex  8.269788e+00  2.992334e+01  0.000000e+00
      vertex  7.897155e+00  2.952435e+01  0.000000e+00
    endloop
  endfacet
  facet normal  7.308360e-01 -6.825531e-01  0.000000e+00
    outer loop
      vertex  8.269788e+00  2.992334e+01 -6.000000e+00
      vertex  7.897155e+00  2.952435e+01  0.000000e+00
      vertex  7.897155e+00  2.952435e+01 -6.000000e+00
    endloop
  endfacet
  facet normal  8.169692e-01 -5.766814e-01  0.000000e+00
    outer loop
      vertex  7.897155e+00  2.952435e+01 -6.000000e+00
      vertex  7.897155e+00  2.952435e+01  0.000000e+00
      vertex  7.582323e+00  2.907834e+01  0.000000e+00
    endloop
  endfacet
  facet normal  8.169692e-01 -5.766814e-01  0.000000e+00
    outer loop
      vertex  7.897155e+00  2.952435e+01 -6.000000e+00
      vertex  7.582323e+00  2.907834e+01  0.000000e+00
      vertex  7.582323e+00  2.907834e+01 -6.000000e+00
    endloop
  endfacet
  facet normal  8.878852e-01 -4.600652e-01  0.000000e+00
    outer loop
      vertex  7.582323e+00  2.907834e+01 -6.000000e+00
      vertex  7.582323e+00  2.907834e+01  0.000000e+00
      vertex  7.331155e+00  2.859361e+01  0.000000e+00
    endloop
  endfacet
  facet normal  8.878852e-01 -4.600652e-01  0.000000e+00
    outer loop
      vertex  7.582323e+00  2.907834e+01 -6.000000e+00
      vertex  7.331155e+00  2.859361e+01  0.000000e+00
      vertex  7.331155e+00  2.859361e+01 -6.000000e+00
    endloop
  endfacet
  facet normal  9.422609e-01 -3.348797e-01  0.000000e+00
    outer loop
      vertex  7.331155e+00  2.859361e+01 -6.000000e+00
      vertex  7.331155e+00  2.859361e+01  0.000000e+00
      vertex  7.148331e+00  2.807919e+01  0.000000e+00
    endloop
  endfacet
  facet normal  9.422609e-01 -3.348797e-01  0.000000e+00
    outer loop
      vertex  7.331155e+00  2.859361e+01 -6.000000e+00
      vertex  7.148331e+00  2.807919e+01  0.000000e+00
      vertex  7.148331e+00  2.807919e+01 -6.000000e+00
    endloop
  endfacet
  facet normal  9.790843e-01 -2.034555e-01  0.000000e+00
    outer loop
      vertex  7.148331e+00  2.807919e+01 -6.000000e+00
      vertex  7.148331e+00  2.807919e+01  0.000000e+00
      vertex  7.037256e+00  2.754467e+01  0.000000e+00
    endloop
  endfacet
  facet normal  9.790843e-01 -2.034555e-01  0.000000e+00
    outer loop
      vertex  7.148331e+00  2.807919e+01 -6.000000e+00
      vertex  7.037256e+00  2.754467e+01  0.000000e+00
      vertex  7.037256e+00  2.754467e+01 -6.000000e+00
    endloop
  endfacet
  facet normal  9.976687e-01 -6.824250e-02  0.000000e+00
    outer loop
      vertex  7.037256e+00  2.754467e+01 -6.000000e+00
      vertex  7.037256e+00  2.754467e+01  0.000000e+00
      vertex  7.000000e+00  2.700000e+01  0.000000e+00
    endloop
  endfacet
  facet normal  9.976687e-01 -6.824250e-02  0.000000e+00
    outer loop
      vertex  7.037256e+00  2.754467e+01 -6.000000e+00
      vertex  7.000000e+00  2.700000e+01  0.000000e+00
      vertex  7.000000e+00  2.700000e+01 -6.000000e+00
    endloop
  endfacet
  facet normal  1.361670e-01 -9.906858e-01  0.000000e+00
    outer loop
      vertex  1.018618e+01  3.091634e+01  0.000000e+00
      vertex  1.072703e+01  3.099067e+01 -6.000000e+00
      vertex  1.072703e+01  3.099067e+01  0.000000e+00
    endloop
  endfacet
  facet normal  0.000000e+00 -1.000000e+00  0.000000e+00
    outer loop
      vertex  1.072703e+01  3.099067e+01  0.000000e+00
      vertex  1.072703e+01  3.099067e+01 -6.000000e+00
      vertex  1.127297e+01  3.099067e+01 -6.000000e+00
    endloop
  endfacet
  facet normal  0.000000e+00 -1.000000e+00  0.000000e+00
    outer loop
      vertex  1.072703e+01  3.099067e+01  0.000000e+00
      vertex  1.127297e+01  3.099067e+01 -6.000000e+00
      vertex  1.127297e+01  3.099067e+01  0.000000e+00
    endloop
  endfacet
  facet normal -1.361670e-01 -9.906858e-01  -0.000000e+00
    outer loop
      vertex  1.127297e+01  3.099067e+01  0.000000e+00
      vertex  1.127297e+01  3.099067e+01 -6.000000e+00
      vertex  1.181382e+01  3.091634e+01 -6.000000e+00
    endloop
  endfacet
  facet normal -1.361670e-01 -9.906858e-01  0.000000e+00
    outer loop
      vertex  1.127297e+01  3.099067e+01  0.000000e+00
      vertex  1.181382e+01  3.091634e+01 -6.000000e+00
      vertex  1.181382e+01  3.091634e+01  0.000000e+00
    endloop
  endfacet
  facet normal -2.697973e-01 -9.629171e-01  -0.000000e+00
    outer loop
      vertex  1.181382e+01  3.091634e+01  0.000000e+00
      vertex  1.181382e+01  3.091634e+01 -6.000000e+00
      vertex  1.233952e+01  3.076904e+01 -6.000000e+00
    endloop
  endfacet
  facet normal -2.697973e-01 -9.629171e-01  0.000000e+00
    outer loop
      vertex  1.181382e+01  3.091634e+01  0.000000e+00
      vertex  1.233952e+01  3.076904e+01 -6.000000e+00
      vertex  1.233952e+01  3.076904e+01  0.000000e+00
    endloop
  endfacet
  facet normal -3.984005e-01 -9.172115e-01  -0.000000e+00
    outer loop
      vertex  1.233952e+01  3.076904e+01  0.000000e+00
      vertex  1.233952e+01  3.076904e+01 -6.000000e+00
      vertex  1.284026e+01  3.055154e+01 -6.000000e+00
    endloop
  endfacet
  facet normal -3.984005e-01 -9.172115e-01  0.000000e+00
    outer loop
      vertex  1.233952e+01  3.076904e+01  0.000000e+00
      vertex  1.284026e+01  3.055154e+01 -6.000000e+00
      vertex  1.284026e+01  3.055154e+01  0.000000e+00
    endloop
  endfacet
  facet normal -5.195833e-01 -8.544197e-01  -0.000000e+00
    outer loop
      vertex  1.284026e+01  3.055154e+01  0.000000e+00
      vertex  1.284026e+01  3.055154e+01 -6.000000e+00
      vertex  1.330672e+01  3.026788e+01 -6.000000e+00
    endloop
  endfacet
  facet normal -5.195833e-01 -8.544197e-01  0.000000e+00
    outer loop
      vertex  1.284026e+01  3.055154e+01  0.000000e+00
      vertex  1.330672e+01  3.026788e+01 -6.000000e+00
      vertex  1.330672e+01  3.026788e+01  0.000000e+00
    endloop
  endfacet
  facet normal -6.310887e-01 -7.757106e-01  -0.000000e+00
    outer loop
      vertex  1.330672e+01  3.026788e+01  0.000000e+00
      vertex  1.330672e+01  3.026788e+01 -6.000000e+00
      vertex  1.373021e+01  2.992334e+01 -6.000000e+00
    endloop
  endfacet
  facet normal -6.310887e-01 -7.757106e-01  0.000000e+00
    outer loop
      vertex  1.330672e+01  3.026788e+01  0.000000e+00
      vertex  1.373021e+01  2.992334e+01 -6.000000e+00
      vertex  1.373021e+01  2.992334e+01  0.000000e+00
    endloop
  endfacet
  facet normal -7.308360e-01 -6.825531e-01  -0.000000e+00
    outer loop
      vertex  1.373021e+01  2.992334e+01  0.000000e+00
      vertex  1.373021e+01  2.992334e+01 -6.000000e+00
      vertex  1.410285e+01  2.952435e+01 -6.000000e+00
    endloop
  endfacet
  facet normal -7.308360e-01 -6.825531e-01  0.000000e+00
    outer loop
      vertex  1.373021e+01  2.992334e+01  0.000000e+00
      vertex  1.410285e+01  2.952435e+01 -6.000000e+00
      vertex  1.410285e+01  2.952435e+01  0.000000e+00
    endloop
  endfacet
  facet normal -8.169687e-01 -5.766820e-01  -0.000000e+00
    outer loop
      vertex  1.410285e+01  2.952435e+01  0.000000e+00
      vertex  1.410285e+01  2.952435e+01 -6.000000e+00
      vertex  1.441768e+01  2.907834e+01 -6.000000e+00
    endloop
  endfacet
  facet normal -8.169687e-01 -5.766820e-01  0.000000e+00
    outer loop
      vertex  1.410285e+01  2.952435e+01  0.000000e+00
      vertex  1.441768e+01  2.907834e+01 -6.000000e+00
      vertex  1.441768e+01  2.907834e+01  0.000000e+00
    endloop
  endfacet
  facet normal -8.878855e-01 -4.600644e-01  -0.000000e+00
    outer loop
      vertex  1.441768e+01  2.907834e+01  0.000000e+00
      vertex  1.441768e+01  2.907834e+01 -6.000000e+00
      vertex  1.466885e+01  2.859361e+01 -6.000000e+00
    endloop
  endfacet
  facet normal -8.878855e-01 -4.600644e-01  0.000000e+00
    outer loop
      vertex  1.441768e+01  2.907834e+01  0.000000e+00
      vertex  1.466885e+01  2.859361e+01 -6.000000e+00
      vertex  1.466885e+01  2.859361e+01  0.000000e+00
    endloop
  endfacet
  facet normal -9.422609e-01 -3.348797e-01  -0.000000e+00
    outer loop
      vertex  1.466885e+01  2.859361e+01  0.000000e+00
      vertex  1.466885e+01  2.859361e+01 -6.000000e+00
      vertex  1.485167e+01  2.807919e+01 -6.000000e+00
    endloop
  endfacet
  facet normal -9.422609e-01 -3.348797e-01  0.000000e+00
    outer loop
      vertex  1.466885e+01  2.859361e+01  0.000000e+00
      vertex  1.485167e+01  2.807919e+01 -6.000000e+00
      vertex  1.485167e+01  2.807919e+01  0.000000e+00
    endloop
  endfacet
  facet normal -9.790843e-01 -2.034555e-01  -0.000000e+00
    outer loop
      vertex  1.485167e+01  2.807919e+01  0.000000e+00
      vertex  1.485167e+01  2.807919e+01 -6.000000e+00
      vertex  1.496274e+01  2.754467e+01 -6.000000e+00
    endloop
  endfacet
  facet normal -9.790843e-01 -2.034555e-01  0.000000e+00
    outer loop
      vertex  1.485167e+01  2.807919e+01  0.000000e+00
      vertex  1.496274e+01  2.754467e+01 -6.000000e+00
      vertex  1.496274e+01  2.754467e+01  0.000000e+00
    endloop
  endfacet
  facet normal -9.976687e-01 -6.824250e-02  -0.000000e+00
    outer loop
      vertex  1.496274e+01  2.754467e+01  0.000000e+00
      vertex  1.496274e+01  2.754467e+01 -6.000000e+00
      vertex  1.500000e+01  2.700000e+01 -6.000000e+00
    endloop
  endfacet
  facet normal -9.976687e-01 -6.824250e-02  0.000000e+00
    outer loop
      vertex  1.496274e+01  2.754467e+01  0.000000e+00
      vertex  1.500000e+01  2.700000e+01 -6.000000e+00
      vertex  1.500000e+01  2.700000e+01  0.000000e+00
    endloop
  endfacet
  facet normal  1.361670e-01 -9.906858e-01  0.000000e+00
    outer loop
      vertex -1.127297e+01  3.099067e+01 -6.000000e+00
      vertex -1.181382e+01  3.091634e+01  0.000000e+00
      vertex -1.181382e+01  3.091634e+01 -6.000000e+00
    endloop
  endfacet
  facet normal  2.697973e-01 -9.629171e-01  0.000000e+00
    outer loop
      vertex -1.181382e+01  3.091634e+01 -6.000000e+00
      vertex -1.181382e+01  3.091634e+01  0.000000e+00
      vertex -1.233952e+01  3.076904e+01  0.000000e+00
    endloop
  endfacet
  facet normal  2.697973e-01 -9.629171e-01  0.000000e+00
    outer loop
      vertex -1.181382e+01  3.091634e+01 -6.000000e+00
      vertex -1.233952e+01  3.076904e+01  0.000000e+00
      vertex -1.233952e+01  3.076904e+01 -6.000000e+00
    endloop
  endfacet
  facet normal  3.984005e-01 -9.172115e-01  0.000000e+00
    outer loop
      vertex -1.233952e+01  3.076904e+01 -6.000000e+00
      vertex -1.233952e+01  3.076904e+01  0.000000e+00
      vertex -1.284026e+01  3.055154e+01  0.000000e+00
    endloop
  endfacet
  facet normal  3.984005e-01 -9.172115e-01  0.000000e+00
    outer loop
      vertex -1.233952e+01  3.076904e+01 -6.000000e+00
      vertex -1.284026e+01  3.055154e+01  0.000000e+00
      vertex -1.284026e+01  3.055154e+01 -6.000000e+00
    endloop
  endfacet
  facet normal  5.195833e-01 -8.544197e-01  0.000000e+00
    outer loop
      vertex -1.284026e+01  3.055154e+01 -6.000000e+00
      vertex -1.284026e+01  3.055154e+01  0.000000e+00
      vertex -1.330672e+01  3.026788e+01  0.000000e+00
    endloop
  endfacet
  facet normal  5.195833e-01 -8.544197e-01  0.000000e+00
    outer loop
      vertex -1.284026e+01  3.055154e+01 -6.000000e+00
      vertex -1.330672e+01  3.026788e+01  0.000000e+00
      vertex -1.330672e+01  3.026788e+01 -6.000000e+00
    endloop
  endfacet
  facet normal  6.310887e-01 -7.757106e-01  0.000000e+00
    outer loop
      vertex -1.330672e+01  3.026788e+01 -6.000000e+00
      vertex -1.330672e+01  3.026788e+01  0.000000e+00
      vertex -1.373021e+01  2.992334e+01  0.000000e+00
    endloop
  endfacet
  facet normal  6.310887e-01 -7.757106e-01  0.000000e+00
    outer loop
      vertex -1.330672e+01  3.026788e+01 -6.000000e+00
      vertex -1.373021e+01  2.992334e+01  0.000000e+00
      vertex -1.373021e+01  2.992334e+01 -6.000000e+00
    endloop
  endfacet
  facet normal  7.308360e-01 -6.825531e-01  0.000000e+00
    outer loop
      vertex -1.373021e+01  2.992334e+01 -6.000000e+00
      vertex -1.373021e+01  2.992334e+01  0.000000e+00
      vertex -1.410285e+01  2.952435e+01  0.000000e+00
    endloop
  endfacet
  facet normal  7.308360e-01 -6.825531e-01  0.000000e+00
    outer loop
      vertex -1.373021e+01  2.992334e+01 -6.000000e+00
      vertex -1.410285e+01  2.952435e+01  0.000000e+00
      vertex -1.410285e+01  2.952435e+01 -6.000000e+00
    endloop
  endfacet
  facet normal  8.169687e-01 -5.766820e-01  0.000000e+00
    outer loop
      vertex -1.410285e+01  2.952435e+01 -6.000000e+00
      vertex -1.410285e+01  2.952435e+01  0.000000e+00
      vertex -1.441768e+01  2.907834e+01  0.000000e+00
    endloop
  endfacet
  facet normal  8.169687e-01 -5.766820e-01  0.000000e+00
    outer loop
      vertex -1.410285e+01  2.952435e+01 -6.000000e+00
      vertex -1.441768e+01  2.907834e+01  0.000000e+00
      vertex -1.441768e+01  2.907834e+01 -6.000000e+00
    endloop
  endfacet
  facet normal  8.878855e-01 -4.600644e-01  0.000000e+00
    outer loop
      vertex -1.441768e+01  2.907834e+01 -6.000000e+00
      vertex -1.441768e+01  2.907834e+01  0.000000e+00
      vertex -1.466885e+01  2.859361e+01  0.000000e+00
    endloop
  endfacet
  facet normal  8.878855e-01 -4.600644e-01  0.000000e+00
    outer loop
      vertex -1.441768e+01  2.907834e+01 -6.000000e+00
      vertex -1.466885e+01  2.859361e+01  0.000000e+00
      vertex -1.466885e+01  2.859361e+01 -6.000000e+00
    endloop
  endfacet
  facet normal  9.422609e-01 -3.348797e-01  0.000000e+00
    outer loop
      vertex -1.466885e+01  2.859361e+01 -6.000000e+00
      vertex -1.466885e+01  2.859361e+01  0.000000e+00
      vertex -1.485167e+01  2.807919e+01  0.000000e+00
    endloop
  endfacet
  facet normal  9.422609e-01 -3.348797e-01  0.000000e+00
    outer loop
      vertex -1.466885e+01  2.859361e+01 -6.000000e+00
      vertex -1.485167e+01  2.807919e+01  0.000000e+00
      vertex -1.485167e+01  2.807919e+01 -6.000000e+00
    endloop
  endfacet
  facet normal  9.790843e-01 -2.034555e-01  0.000000e+00
    outer loop
      vertex -1.485167e+01  2.807919e+01 -6.000000e+00
      vertex -1.485167e+01  2.807919e+01  0.000000e+00
      vertex -1.496274e+01  2.754467e+01  0.000000e+00
    endloop
  endfacet
  facet normal  9.790843e-01 -2.034555e-01  0.000000e+00
    outer loop
      vertex -1.485167e+01  2.807919e+01 -6.000000e+00
      vertex -1.496274e+01  2.754467e+01  0.000000e+00
      vertex -1.496274e+01  2.754467e+01 -6.000000e+00
    endloop
  endfacet
  facet normal  9.976687e-01 -6.824250e-02  0.000000e+00
    outer loop
      vertex -1.496274e+01  2.754467e+01 -6.000000e+00
      vertex -1.496274e+01  2.754467e+01  0.000000e+00
      vertex -1.500000e+01  2.700000e+01  0.000000e+00
    endloop
  endfacet
  facet normal  9.976687e-01 -6.824250e-02  0.000000e+00
    outer loop
      vertex -1.496274e+01  2.754467e+01 -6.000000e+00
      vertex -1.500000e+01  2.700000e+01  0.000000e+00
      vertex -1.500000e+01  2.700000e+01 -6.000000e+00
    endloop
  endfacet
  facet normal  1.361670e-01 -9.906858e-01  0.000000e+00
    outer loop
      vertex -1.181382e+01  3.091634e+01  0.000000e+00
      vertex -1.127297e+01  3.099067e+01 -6.000000e+00
      vertex -1.127297e+01  3.099067e+01  0.000000e+00
    endloop
  endfacet
  facet normal  0.000000e+00 -1.000000e+00  0.000000e+00
    outer loop
      vertex -1.127297e+01  3.099067e+01  0.000000e+00
      vertex -1.127297e+01  3.099067e+01 -6.000000e+00
      vertex -1.072703e+01  3.099067e+01 -6.000000e+00
    endloop
  endfacet
  facet normal  0.000000e+00 -1.000000e+00  0.000000e+00
    outer loop
      vertex -1.127297e+01  3.099067e+01  0.000000e+00
      vertex -1.072703e+01  3.099067e+01 -6.000000e+00
      vertex -1.072703e+01  3.099067e+01  0.000000e+00
    endloop
  endfacet
  facet normal -1.361670e-01 -9.906858e-01  -0.000000e+00
    outer loop
      vertex -1.072703e+01  3.099067e+01  0.000000e+00
      vertex -1.072703e+01  3.099067e+01 -6.000000e+00
      vertex -1.018618e+01  3.091634e+01 -6.000000e+00
    endloop
  endfacet
  facet normal -1.361670e-01 -9.906858e-01  0.000000e+00
    outer loop
      vertex -1.072703e+01  3.099067e+01  0.000000e+00
      vertex -1.018618e+01  3.091634e+01 -6.000000e+00
      vertex -1.018618e+01  3.091634e+01  0.000000e+00
    endloop
  endfacet
  facet normal -2.697973e-01 -9.629171e-01  -0.000000e+00
    outer loop
      vertex -1.018618e+01  3.091634e+01  0.000000e+00
      vertex -1.018618e+01  3.091634e+01 -6.000000e+00
      vertex -9.660481e+00  3.076904e+01 -6.000000e+00
    endloop
  endfacet
  facet normal -2.697973e-01 -9.629171e-01  0.000000e+00
    outer loop
      vertex -1.018618e+01  3.091634e+01  0.000000e+00
      vertex -9.660481e+00  3.076904e+01 -6.000000e+00
      vertex -9.660481e+00  3.076904e+01  0.000000e+00
    endloop
  endfacet
  facet normal -3.984005e-01 -9.172115e-01  -0.000000e+00
    outer loop
      vertex -9.660481e+00  3.076904e+01  0.000000e+00
      vertex -9.660481e+00  3.076904e+01 -6.000000e+00
      vertex -9.159739e+00  3.055154e+01 -6.000000e+00
    endloop
  endfacet
  facet normal -3.984005e-01 -9.172115e-01  0.000000e+00
    outer loop
      vertex -9.660481e+00  3.076904e+01  0.000000e+00
      vertex -9.159739e+00  3.055154e+01 -6.000000e+00
      vertex -9.159739e+00  3.055154e+01  0.000000e+00
    endloop
  endfacet
  facet normal -5.195833e-01 -8.544197e-01  -0.000000e+00
    outer loop
      vertex -9.159739e+00  3.055154e+01  0.000000e+00
      vertex -9.159739e+00  3.055154e+01 -6.000000e+00
      vertex -8.693278e+00  3.026788e+01 -6.000000e+00
    endloop
  endfacet
  facet normal -5.195833e-01 -8.544197e-01  0.000000e+00
    outer loop
      vertex -9.159739e+00  3.055154e+01  0.000000e+00
      vertex -8.693278e+00  3.026788e+01 -6.000000e+00
      vertex -8.693278e+00  3.026788e+01  0.000000e+00
    endloop
  endfacet
  facet normal -6.310887e-01 -7.757106e-01  -0.000000e+00
    outer loop
      vertex -8.693278e+00  3.026788e+01  0.000000e+00
      vertex -8.693278e+00  3.026788e+01 -6.000000e+00
      vertex -8.269788e+00  2.992334e+01 -6.000000e+00
    endloop
  endfacet
  facet normal -6.310887e-01 -7.757106e-01  0.000000e+00
    outer loop
      vertex -8.693278e+00  3.026788e+01  0.000000e+00
      vertex -8.269788e+00  2.992334e+01 -6.000000e+00
      vertex -8.269788e+00  2.992334e+01  0.000000e+00
    endloop
  endfacet
  facet normal -7.308360e-01 -6.825531e-01  -0.000000e+00
    outer loop
      vertex -8.269788e+00  2.992334e+01  0.000000e+00
      vertex -8.269788e+00  2.992334e+01 -6.000000e+00
      vertex -7.897155e+00  2.952435e+01 -6.000000e+00
    endloop
  endfacet
  facet normal -7.308360e-01 -6.825531e-01  0.000000e+00
    outer loop
      vertex -8.269788e+00  2.992334e+01  0.000000e+00
      vertex -7.897155e+00  2.952435e+01 -6.000000e+00
      vertex -7.897155e+00  2.952435e+01  0.000000e+00
    endloop
  endfacet
  facet normal -8.169692e-01 -5.766814e-01  -0.000000e+00
    outer loop
      vertex -7.897155e+00  2.952435e+01  0.000000e+00
      vertex -7.897155e+00  2.952435e+01 -6.000000e+00
      vertex -7.582323e+00  2.907834e+01 -6.000000e+00
    endloop
  endfacet
  facet normal -8.169692e-01 -5.766814e-01  0.000000e+00
    outer loop
      vertex -7.897155e+00  2.952435e+01  0.000000e+00
      vertex -7.582323e+00  2.907834e+01 -6.000000e+00
      vertex -7.582323e+00  2.907834e+01  0.000000e+00
    endloop
  endfacet
  facet normal -8.878852e-01 -4.600652e-01  -0.000000e+00
    outer loop
      vertex -7.582323e+00  2.907834e+01  0.000000e+00
      vertex -7.582323e+00  2.907834e+01 -6.000000e+00
      vertex -7.331155e+00  2.859361e+01 -6.000000e+00
    endloop
  endfacet
  facet normal -8.878852e-01 -4.600652e-01  0.000000e+00
    outer loop
      vertex -7.582323e+00  2.907834e+01  0.000000e+00
      vertex -7.331155e+00  2.859361e+01 -6.000000e+00
      vertex -7.331155e+00  2.859361e+01  0.000000e+00
    endloop
  endfacet
  facet normal -9.422609e-01 -3.348797e-01  -0.000000e+00
    outer loop
      vertex -7.331155e+00  2.859361e+01  0.000000e+00
      vertex -7.331155e+00  2.859361e+01 -6.000000e+00
      vertex -7.148331e+00  2.807919e+01 -6.000000e+00
    endloop
  endfacet
  facet normal -9.422609e-01 -3.348797e-01  0.000000e+00
    outer loop
      vertex -7.331155e+00  2.859361e+01  0.000000e+00
      vertex -7.148331e+00  2.807919e+01 -6.000000e+00
      vertex -7.148331e+00  2.807919e+01  0.000000e+00
    endloop
  endfacet
  facet normal -9.790843e-01 -2.034555e-01  -0.000000e+00
    outer loop
      vertex -7.148331e+00  2.807919e+01  0.000000e+00
      vertex -7.148331e+00  2.807919e+01 -6.000000e+00
      vertex -7.037256e+00  2.754467e+01 -6.000000e+00
    endloop
  endfacet
  facet normal -9.790843e-01 -2.034555e-01  0.000000e+00
    outer loop
      vertex -7.148331e+00  2.807919e+01  0.000000e+00
      vertex -7.037256e+00  2.754467e+01 -6.000000e+00
      vertex -7.037256e+00  2.754467e+01  0.000000e+00
    endloop
  endfacet
  facet normal -9.976687e-01 -6.824250e-02  -0.000000e+00
    outer loop
      vertex -7.037256e+00  2.754467e+01  0.000000e+00
      vertex -7.037256e+00  2.754467e+01 -6.000000e+00
      vertex -7.000000e+00  2.700000e+01 -6.000000e+00
    endloop
  endfacet
  facet normal -9.976687e-01 -6.824250e-02  0.000000e+00
    outer loop
      vertex -7.037256e+00  2.754467e+01  0.000000e+00
      vertex -7.000000e+00  2.700000e+01 -6.000000e+00
      vertex -7.000000e+00  2.700000e+01  0.000000e+00
    endloop
  endfacet
  facet normal -1.361670e-01  9.906858e-01  0.000000e+00
    outer loop
      vertex -1.072703e+01  2.300933e+01 -6.000000e+00
      vertex -1.018618e+01  2.308366e+01  0.000000e+00
      vertex -1.018618e+01  2.308366e+01 -6.000000e+00
    endloop
  endfacet
  facet normal -2.697973e-01  9.629171e-01  0.000000e+00
    outer loop
      vertex -1.018618e+01  2.308366e+01 -6.000000e+00
      vertex -1.018618e+01  2.308366e+01  0.000000e+00
      vertex -9.660481e+00  2.323096e+01  0.000000e+00
    endloop
  endfacet
  facet normal -2.697973e-01  9.629171e-01  0.000000e+00
    outer loop
      vertex -1.018618e+01  2.308366e+01 -6.000000e+00
      vertex -9.660481e+00  2.323096e+01  0.000000e+00
      vertex -9.660481e+00  2.323096e+01 -6.000000e+00
    endloop
  endfacet
  facet normal -3.984005e-01  9.172115e-01  0.000000e+00
    outer loop
      vertex -9.660481e+00  2.323096e+01 -6.000000e+00
      vertex -9.660481e+00  2.323096e+01  0.000000e+00
      vertex -9.159739e+00  2.344846e+01  0.000000e+00
    endloop
  endfacet
  facet normal -3.984005e-01  9.172115e-01  0.000000e+00
    outer loop
      vertex -9.660481e+00  2.323096e+01 -6.000000e+00
      vertex -9.159739e+00  2.344846e+01  0.000000e+00
      vertex -9.159739e+00  2.344846e+01 -6.000000e+00
    endloop
  endfacet
  facet normal -5.195833e-01  8.544197e-01  0.000000e+00
    outer loop
      vertex -9.159739e+00  2.344846e+01 -6.000000e+00
      vertex -9.159739e+00  2.344846e+01  0.000000e+00
      vertex -8.693278e+00  2.373212e+01  0.000000e+00
    endloop
  endfacet
  facet normal -5.195833e-01  8.544197e-01  0.000000e+00
    outer loop
      vertex -9.159739e+00  2.344846e+01 -6.000000e+00
      vertex -8.693278e+00  2.373212e+01  0.000000e+00
      vertex -8.693278e+00  2.373212e+01 -6.000000e+00
    endloop
  endfacet
  facet normal -6.310887e-01  7.757106e-01  0.000000e+00
    outer loop
      vertex -8.693278e+00  2.373212e+01 -6.000000e+00
      vertex -8.693278e+00  2.373212e+01  0.000000e+00
      vertex -8.269788e+00  2.407666e+01  0.000000e+00
    endloop
  endfacet
  facet normal -6.310887e-01  7.757106e-01  0.000000e+00
    outer loop
      vertex -8.693278e+00  2.373212e+01 -6.000000e+00
      vertex -8.269788e+00  2.407666e+01  0.000000e+00
      vertex -8.269788e+00  2.407666e+01 -6.000000e+00
    endloop
  endfacet
  facet normal -7.308360e-01  6.825531e-01  0.000000e+00
    outer loop
      vertex -8.269788e+00  2.407666e+01 -6.000000e+00
      vertex -8.269788e+00  2.407666e+01  0.000000e+00
      vertex -7.897155e+00  2.447565e+01  0.000000e+00
    endloop
  endfacet
  facet normal -7.308360e-01  6.825531e-01  0.000000e+00
    outer loop
      vertex -8.269788e+00  2.407666e+01 -6.000000e+00
      vertex -7.897155e+00  2.447565e+01  0.000000e+00
      vertex -7.897155e+00  2.447565e+01 -6.000000e+00
    endloop
  endfacet
  facet normal -8.169692e-01  5.766814e-01  0.000000e+00
    outer loop
      vertex -7.897155e+00  2.447565e+01 -6.000000e+00
      vertex -7.897155e+00  2.447565e+01  0.000000e+00
      vertex -7.582323e+00  2.492166e+01  0.000000e+00
    endloop
  endfacet
  facet normal -8.169692e-01  5.766814e-01  0.000000e+00
    outer loop
      vertex -7.897155e+00  2.447565e+01 -6.000000e+00
      vertex -7.582323e+00  2.492166e+01  0.000000e+00
      vertex -7.582323e+00  2.492166e+01 -6.000000e+00
    endloop
  endfacet
  facet normal -8.878852e-01  4.600652e-01  0.000000e+00
    outer loop
      vertex -7.582323e+00  2.492166e+01 -6.000000e+00
      vertex -7.582323e+00  2.492166e+01  0.000000e+00
      vertex -7.331155e+00  2.540639e+01  0.000000e+00
    endloop
  endfacet
  facet normal -8.878852e-01  4.600652e-01  0.000000e+00
    outer loop
      vertex -7.582323e+00  2.492166e+01 -6.000000e+00
      vertex -7.331155e+00  2.540639e+01  0.000000e+00
      vertex -7.331155e+00  2.540639e+01 -6.000000e+00
    endloop
  endfacet
  facet normal -9.422609e-01  3.348797e-01  0.000000e+00
    outer loop
      vertex -7.331155e+00  2.540639e+01 -6.000000e+00
      vertex -7.331155e+00  2.540639e+01  0.000000e+00
      vertex -7.148331e+00  2.592081e+01  0.000000e+00
    endloop
  endfacet
  facet normal -9.422609e-01  3.348797e-01  0.000000e+00
    outer loop
      vertex -7.331155e+00  2.540639e+01 -6.000000e+00
      vertex -7.148331e+00  2.592081e+01  0.000000e+00
      vertex -7.148331e+00  2.592081e+01 -6.000000e+00
    endloop
  endfacet
  facet normal -9.790843e-01  2.034555e-01  0.000000e+00
    outer loop
      vertex -7.148331e+00  2.592081e+01 -6.000000e+00
      vertex -7.148331e+00  2.592081e+01  0.000000e+00
      vertex -7.037256e+00  2.645533e+01  0.000000e+00
    endloop
  endfacet
  facet normal -9.790843e-01  2.034555e-01  0.000000e+00
    outer loop
      vertex -7.148331e+00  2.592081e+01 -6.000000e+00
      vertex -7.037256e+00  2.645533e+01  0.000000e+00
      vertex -7.037256e+00  2.645533e+01 -6.000000e+00
    endloop
  endfacet
  facet normal -9.976687e-01  6.824250e-02  0.000000e+00
    outer loop
      vertex -7.037256e+00  2.645533e+01 -6.000000e+00
      vertex -7.037256e+00  2.645533e+01  0.000000e+00
      vertex -7.000000e+00  2.700000e+01  0.000000e+00
    endloop
  endfacet
  facet normal -9.976687e-01  6.824250e-02  0.000000e+00
    outer loop
      vertex -7.037256e+00  2.645533e+01 -6.000000e+00
      vertex -7.000000e+00  2.700000e+01  0.000000e+00
      vertex -7.000000e+00  2.700000e+01 -6.000000e+00
    endloop
  endfacet
  facet normal -1.361670e-01  9.906858e-01  0.000000e+00
    outer loop
      vertex -1.018618e+01  2.308366e+01  0.000000e+00
      vertex -1.072703e+01  2.300933e+01 -6.000000e+00
      vertex -1.072703e+01  2.300933e+01  0.000000e+00
    endloop
  endfacet
  facet normal  0.000000e+00  1.000000e+00  0.000000e+00
    outer loop
      vertex -1.072703e+01  2.300933e+01  0.000000e+00
      vertex -1.072703e+01  2.300933e+01 -6.000000e+00
      vertex -1.127297e+01  2.300933e+01 -6.000000e+00
    endloop
  endfacet
  facet normal  0.000000e+00  1.000000e+00  0.000000e+00
    outer loop
      vertex -1.072703e+01  2.300933e+01  0.000000e+00
      vertex -1.127297e+01  2.300933e+01 -6.000000e+00
      vertex -1.127297e+01  2.300933e+01  0.000000e+00
    endloop
  endfacet
  facet normal  1.361670e-01  9.906858e-01  0.000000e+00
    outer loop
      vertex -1.127297e+01  2.300933e+01  0.000000e+00
      vertex -1.127297e+01  2.300933e+01 -6.000000e+00
      vertex -1.181382e+01  2.308366e+01 -6.000000e+00
    endloop
  endfacet
  facet normal  1.361670e-01  9.906858e-01  -0.000000e+00
    outer loop
      vertex -1.127297e+01  2.300933e+01  0.000000e+00
      vertex -1.181382e+01  2.308366e+01 -6.000000e+00
      vertex -1.181382e+01  2.308366e+01  0.000000e+00
    endloop
  endfacet
  facet normal  2.697973e-01  9.629171e-01  0.000000e+00
    outer loop
      vertex -1.181382e+01  2.308366e+01  0.000000e+00
      vertex -1.181382e+01  2.308366e+01 -6.000000e+00
      vertex -1.233952e+01  2.323096e+01 -6.000000e+00
    endloop
  endfacet
  facet normal  2.697973e-01  9.629171e-01  -0.000000e+00
    outer loop
      vertex -1.181382e+01  2.308366e+01  0.000000e+00
      vertex -1.233952e+01  2.323096e+01 -6.000000e+00
      vertex -1.233952e+01  2.323096e+01  0.000000e+00
    endloop
  endfacet
  facet normal  3.984005e-01  9.172115e-01  0.000000e+00
    outer loop
      vertex -1.233952e+01  2.323096e+01  0.000000e+00
      vertex -1.233952e+01  2.323096e+01 -6.000000e+00
      vertex -1.284026e+01  2.344846e+01 -6.000000e+00
    endloop
  endfacet
  facet normal  3.984005e-01  9.172115e-01  -0.000000e+00
    outer loop
      vertex -1.233952e+01  2.323096e+01  0.000000e+00
      vertex -1.284026e+01  2.344846e+01 -6.000000e+00
      vertex -1.284026e+01  2.344846e+01  0.000000e+00
    endloop
  endfacet
  facet normal  5.195833e-01  8.544197e-01  0.000000e+00
    outer loop
      vertex -1.284026e+01  2.344846e+01  0.000000e+00
      vertex -1.284026e+01  2.344846e+01 -6.000000e+00
      vertex -1.330672e+01  2.373212e+01 -6.000000e+00
    endloop
  endfacet
  facet normal  5.195833e-01  8.544197e-01  -0.000000e+00
    outer loop
      vertex -1.284026e+01  2.344846e+01  0.000000e+00
      vertex -1.330672e+01  2.373212e+01 -6.000000e+00
      vertex -1.330672e+01  2.373212e+01  0.000000e+00
    endloop
  endfacet
  facet normal  6.310887e-01  7.757106e-01  0.000000e+00
    outer loop
      vertex -1.330672e+01  2.373212e+01  0.000000e+00
      vertex -1.330672e+01  2.373212e+01 -6.000000e+00
      vertex -1.373021e+01  2.407666e+01 -6.000000e+00
    endloop
  endfacet
  facet normal  6.310887e-01  7.757106e-01  -0.000000e+00
    outer loop
      vertex -1.330672e+01  2.373212e+01  0.000000e+00
      vertex -1.373021e+01  2.407666e+01 -6.000000e+00
      vertex -1.373021e+01  2.407666e+01  0.000000e+00
    endloop
  endfacet
  facet normal  7.308360e-01  6.825531e-01  0.000000e+00
    outer loop
      vertex -1.373021e+01  2.407666e+01  0.000000e+00
      vertex -1.373021e+01  2.407666e+01 -6.000000e+00
      vertex -1.410285e+01  2.447565e+01 -6.000000e+00
    endloop
  endfacet
  facet normal  7.308360e-01  6.825531e-01  -0.000000e+00
    outer loop
      vertex -1.373021e+01  2.407666e+01  0.000000e+00
      vertex -1.410285e+01  2.447565e+01 -6.000000e+00
      vertex -1.410285e+01  2.447565e+01  0.000000e+00
    endloop
  endfacet
  facet normal  8.169687e-01  5.766820e-01  0.000000e+00
    outer loop
      vertex -1.410285e+01  2.447565e+01  0.000000e+00
      vertex -1.410285e+01  2.447565e+01 -6.000000e+00
      vertex -1.441768e+01  2.492166e+01 -6.000000e+00
    endloop
  endfacet
  facet normal  8.169687e-01  5.766820e-01  -0.000000e+00
    outer loop
      vertex -1.410285e+01  2.447565e+01  0.000000e+00
      vertex -1.441768e+01  2.492166e+01 -6.000000e+00
      vertex -1.441768e+01  2.492166e+01  0.000000e+00
    endloop
  endfacet
  facet normal  8.878855e-01  4.600644e-01  0.000000e+00
    outer loop
      vertex -1.441768e+01  2.492166e+01  0.000000e+00
      vertex -1.441768e+01  2.492166e+01 -6.000000e+00
      vertex -1.466885e+01  2.540639e+01 -6.000000e+00
    endloop
  endfacet
  facet normal  8.878855e-01  4.600644e-01  -0.000000e+00
    outer loop
      vertex -1.441768e+01  2.492166e+01  0.000000e+00
      vertex -1.466885e+01  2.540639e+01 -6.000000e+00
      vertex -1.466885e+01  2.540639e+01  0.000000e+00
    endloop
  endfacet
  facet normal  9.422609e-01  3.348797e-01  0.000000e+00
    outer loop
      vertex -1.466885e+01  2.540639e+01  0.000000e+00
      vertex -1.466885e+01  2.540639e+01 -6.000000e+00
      vertex -1.485167e+01  2.592081e+01 -6.000000e+00
    endloop
  endfacet
  facet normal  9.422609e-01  3.348797e-01  -0.000000e+00
    outer loop
      vertex -1.466885e+01  2.540639e+01  0.000000e+00
      vertex -1.485167e+01  2.592081e+01 -6.000000e+00
      vertex -1.485167e+01  2.592081e+01  0.000000e+00
    endloop
  endfacet
  facet normal  9.790843e-01  2.034555e-01  0.000000e+00
    outer loop
      vertex -1.485167e+01  2.592081e+01  0.000000e+00
      vertex -1.485167e+01  2.592081e+01 -6.000000e+00
      vertex -1.496274e+01  2.645533e+01 -6.000000e+00
    endloop
  endfacet
  facet normal  9.790843e-01  2.034555e-01  -0.000000e+00
    outer loop
      vertex -1.485167e+01  2.592081e+01  0.000000e+00
      vertex -1.496274e+01  2.645533e+01 -6.000000e+00
      vertex -1.496274e+01  2.645533e+01  0.000000e+00
    endloop
  endfacet
  facet normal  9.976687e-01  6.824250e-02  0.000000e+00
    outer loop
      vertex -1.496274e+01  2.645533e+01  0.000000e+00
      vertex -1.496274e+01  2.645533e+01 -6.000000e+00
      vertex -1.500000e+01  2.700000e+01 -6.000000e+00
    endloop
  endfacet
  facet normal  9.976687e-01  6.824250e-02  -0.000000e+00
    outer loop
      vertex -1.496274e+01  2.645533e+01  0.000000e+00
      vertex -1.500000e+01  2.700000e+01 -6.000000e+00
      vertex -1.500000e+01  2.700000e+01  0.000000e+00
    endloop
  endfacet
  facet normal  0.000000e+00 -1.000000e+00  0.000000e+00
    outer loop
      vertex  5.317892e+00 -4.700000e+01  3.586255e+01
      vertex  6.210358e+00 -4.700000e+01  3.542066e+01
      vertex  1.205879e+01 -4.700000e+01  3.526213e+01
    endloop
  endfacet
  facet normal  0.000000e+00 -1.000000e+00  0.000000e+00
    outer loop
      vertex  4.979355e-01 -4.700000e+01  1.100954e+01
      vertex  9.515225e+00 -4.700000e+01  1.052000e+01
      vertex  1.490885e+00 -4.700000e+01  1.108577e+01
    endloop
  endfacet
  facet normal  0.000000e+00 -1.000000e+00  0.000000e+00
    outer loop
      vertex -1.041295e+01 -4.700000e+01  3.679924e+01
      vertex -2.475084e+00 -4.700000e+01  3.676221e+01
      vertex -1.490885e+00 -4.700000e+01  3.691423e+01
    endloop
  endfacet
  facet normal  -0.000000e+00 -1.000000e+00  -0.000000e+00
    outer loop
      vertex  9.515225e+00 -4.700000e+01  3.748000e+01
      vertex  8.573135e+00 -4.700000e+01  3.809792e+01
      vertex  7.591073e+00 -4.700000e+01  3.865010e+01
    endloop
  endfacet
  facet normal  -0.000000e+00 -1.000000e+00  -0.000000e+00
    outer loop
      vertex  9.515225e+00 -4.700000e+01  3.748000e+01
      vertex  7.591073e+00 -4.700000e+01  3.865010e+01
      vertex  6.573618e+00 -4.700000e+01  3.913399e+01
    endloop
  endfacet
  facet normal  -0.000000e+00 -1.000000e+00  -0.000000e+00
    outer loop
      vertex  9.515225e+00 -4.700000e+01  3.748000e+01
      vertex  6.573618e+00 -4.700000e+01  3.913399e+01
      vertex  5.525514e+00 -4.700000e+01  3.954731e+01
    endloop
  endfacet
  facet normal  -0.000000e+00 -1.000000e+00  -0.000000e+00
    outer loop
      vertex  9.515225e+00 -4.700000e+01  3.748000e+01
      vertex  5.525514e+00 -4.700000e+01  3.954731e+01
      vertex  4.451647e+00 -4.700000e+01  3.988813e+01
    endloop
  endfacet
  facet normal  -0.000000e+00 -1.000000e+00  -0.000000e+00
    outer loop
      vertex  9.515225e+00 -4.700000e+01  3.748000e+01
      vertex  4.451647e+00 -4.700000e+01  3.988813e+01
      vertex  3.357024e+00 -4.700000e+01  4.015489e+01
    endloop
  endfacet
  facet normal  -0.000000e+00 -1.000000e+00  -0.000000e+00
    outer loop
      vertex  9.515225e+00 -4.700000e+01  3.748000e+01
      vertex  3.357024e+00 -4.700000e+01  4.015489e+01
      vertex  2.246750e+00 -4.700000e+01  4.034632e+01
    endloop
  endfacet
  facet normal  -0.000000e+00 -1.000000e+00  -0.000000e+00
    outer loop
      vertex  9.515225e+00 -4.700000e+01  3.748000e+01
      vertex  2.246750e+00 -4.700000e+01  4.034632e+01
      vertex  1.126000e+00 -4.700000e+01  4.046154e+01
    endloop
  endfacet
  facet normal  0.000000e+00 -9.999999e-01  -0.000000e+00
    outer loop
      vertex -4.979355e-01 -4.700000e+01  3.699046e+01
      vertex -1.126000e+00 -4.700000e+01  4.046154e+01
      vertex -2.246750e+00 -4.700000e+01  4.034632e+01
    endloop
  endfacet
  facet normal  0.000000e+00 -1.000000e+00  -0.000000e+00
    outer loop
      vertex -4.979355e-01 -4.700000e+01  3.699046e+01
      vertex -2.246750e+00 -4.700000e+01  4.034632e+01
      vertex -3.357024e+00 -4.700000e+01  4.015489e+01
    endloop
  endfacet
  facet normal  0.000000e+00 -1.000000e+00  -0.000000e+00
    outer loop
      vertex -4.979355e-01 -4.700000e+01  3.699046e+01
      vertex -3.357024e+00 -4.700000e+01  4.015489e+01
      vertex -4.451647e+00 -4.700000e+01  3.988813e+01
    endloop
  endfacet
  facet normal  0.000000e+00 -1.000000e+00  -0.000000e+00
    outer loop
      vertex -4.979355e-01 -4.700000e+01  3.699046e+01
      vertex -4.451647e+00 -4.700000e+01  3.988813e+01
      vertex -5.525514e+00 -4.700000e+01  3.954731e+01
    endloop
  endfacet
  facet normal  0.000000e+00 -1.000000e+00  -0.000000e+00
    outer loop
      vertex -4.979355e-01 -4.700000e+01  3.699046e+01
      vertex -5.525514e+00 -4.700000e+01  3.954731e+01
      vertex -6.573618e+00 -4.700000e+01  3.913399e+01
    endloop
  endfacet
  facet normal  0.000000e+00 -9.999999e-01  -0.000000e+00
    outer loop
      vertex -4.979355e-01 -4.700000e+01  3.699046e+01
      vertex -6.573618e+00 -4.700000e+01  3.913399e+01
      vertex -7.591073e+00 -4.700000e+01  3.865010e+01
    endloop
  endfacet
  facet normal  0.000000e+00 -1.000000e+00  -0.000000e+00
    outer loop
      vertex -4.979355e-01 -4.700000e+01  3.699046e+01
      vertex -7.591073e+00 -4.700000e+01  3.865010e+01
      vertex -8.573135e+00 -4.700000e+01  3.809792e+01
    endloop
  endfacet
  facet normal  0.000000e+00 -1.000000e+00  -0.000000e+00
    outer loop
      vertex -4.979355e-01 -4.700000e+01  3.699046e+01
      vertex -8.573135e+00 -4.700000e+01  3.809792e+01
      vertex -9.515225e+00 -4.700000e+01  3.748000e+01
    endloop
  endfacet
  facet normal  0.000000e+00 -1.000000e+00  -0.000000e+00
    outer loop
      vertex -4.979355e-01 -4.700000e+01  3.699046e+01
      vertex -9.515225e+00 -4.700000e+01  3.748000e+01
      vertex -1.041295e+01 -4.700000e+01  3.679924e+01
    endloop
  endfacet
  facet normal  0.000000e+00 -1.000000e+00  0.000000e+00
    outer loop
      vertex -4.979355e-01 -4.700000e+01  3.699046e+01
      vertex -1.041295e+01 -4.700000e+01  3.679924e+01
      vertex -1.490885e+00 -4.700000e+01  3.691423e+01
    endloop
  endfacet
  facet normal  0.000000e+00 -1.000000e+00  -0.000000e+00
    outer loop
      vertex  1.126213e+01 -4.700000e+01  3.605879e+01
      vertex  1.041295e+01 -4.700000e+01  3.679924e+01
      vertex  2.475084e+00 -4.700000e+01  3.676221e+01
    endloop
  endfacet
  facet normal  0.000000e+00 -1.000000e+00  0.000000e+00
    outer loop
      vertex  1.126213e+01 -4.700000e+01  3.605879e+01
      vertex  2.475084e+00 -4.700000e+01  3.676221e+01
      vertex  3.444760e+00 -4.700000e+01  3.653529e+01
    endloop
  endfacet
  facet normal  0.000000e+00 -1.000000e+00  0.000000e+00
    outer loop
      vertex  1.126213e+01 -4.700000e+01  3.605879e+01
      vertex  3.444760e+00 -4.700000e+01  3.653529e+01
      vertex  4.394219e+00 -4.700000e+01  3.623482e+01
    endloop
  endfacet
  facet normal  0.000000e+00 -1.000000e+00  0.000000e+00
    outer loop
      vertex  1.126213e+01 -4.700000e+01  3.605879e+01
      vertex  4.394219e+00 -4.700000e+01  3.623482e+01
      vertex  5.317892e+00 -4.700000e+01  3.586255e+01
    endloop
  endfacet
  facet normal  0.000000e+00 -1.000000e+00  0.000000e+00
    outer loop
      vertex  1.126213e+01 -4.700000e+01  3.605879e+01
      vertex  5.317892e+00 -4.700000e+01  3.586255e+01
      vertex  1.205879e+01 -4.700000e+01  3.526213e+01
    endloop
  endfacet
  facet normal  0.000000e+00 -1.000000e+00  0.000000e+00
    outer loop
      vertex  1.041295e+01 -4.700000e+01  1.120076e+01
      vertex  1.126213e+01 -4.700000e+01  1.194121e+01
      vertex  4.394219e+00 -4.700000e+01  1.176518e+01
    endloop
  endfacet
  facet normal  0.000000e+00 -1.000000e+00  -0.000000e+00
    outer loop
      vertex  1.041295e+01 -4.700000e+01  1.120076e+01
      vertex  4.394219e+00 -4.700000e+01  1.176518e+01
      vertex  3.444760e+00 -4.700000e+01  1.146470e+01
    endloop
  endfacet
  facet normal  0.000000e+00 -9.999999e-01  -0.000000e+00
    outer loop
      vertex  1.041295e+01 -4.700000e+01  1.120076e+01
      vertex  3.444760e+00 -4.700000e+01  1.146470e+01
      vertex  2.475084e+00 -4.700000e+01  1.123779e+01
    endloop
  endfacet
  facet normal  0.000000e+00 -1.000000e+00  -0.000000e+00
    outer loop
      vertex  1.041295e+01 -4.700000e+01  1.120076e+01
      vertex  2.475084e+00 -4.700000e+01  1.123779e+01
      vertex  1.490885e+00 -4.700000e+01  1.108577e+01
    endloop
  endfacet
  facet normal  0.000000e+00 -1.000000e+00  0.000000e+00
    outer loop
      vertex  1.041295e+01 -4.700000e+01  1.120076e+01
      vertex  1.490885e+00 -4.700000e+01  1.108577e+01
      vertex  9.515225e+00 -4.700000e+01  1.052000e+01
    endloop
  endfacet
  facet normal  -0.000000e+00 -1.000000e+00  0.000000e+00
    outer loop
      vertex -1.226685e-14 -4.700000e+01  7.500000e+00
      vertex  1.126000e+00 -4.700000e+01  7.538465e+00
      vertex  2.246750e+00 -4.700000e+01  7.653682e+00
    endloop
  endfacet
  facet normal  -0.000000e+00 -1.000000e+00  0.000000e+00
    outer loop
      vertex -1.226685e-14 -4.700000e+01  7.500000e+00
      vertex  2.246750e+00 -4.700000e+01  7.653682e+00
      vertex  3.357024e+00 -4.700000e+01  7.845112e+00
    endloop
  endfacet
  facet normal  -0.000000e+00 -1.000000e+00  0.000000e+00
    outer loop
      vertex -1.226685e-14 -4.700000e+01  7.500000e+00
      vertex  3.357024e+00 -4.700000e+01  7.845112e+00
      vertex  4.451647e+00 -4.700000e+01  8.111865e+00
    endloop
  endfacet
  facet normal  -0.000000e+00 -1.000000e+00  0.000000e+00
    outer loop
      vertex -1.226685e-14 -4.700000e+01  7.500000e+00
      vertex  4.451647e+00 -4.700000e+01  8.111865e+00
      vertex  5.525514e+00 -4.700000e+01  8.452695e+00
    endloop
  endfacet
  facet normal  -0.000000e+00 -1.000000e+00  0.000000e+00
    outer loop
      vertex -1.226685e-14 -4.700000e+01  7.500000e+00
      vertex  5.525514e+00 -4.700000e+01  8.452695e+00
      vertex  6.573618e+00 -4.700000e+01  8.866014e+00
    endloop
  endfacet
  facet normal  -0.000000e+00 -9.999999e-01  0.000000e+00
    outer loop
      vertex -1.226685e-14 -4.700000e+01  7.500000e+00
      vertex  6.573618e+00 -4.700000e+01  8.866014e+00
      vertex  7.591073e+00 -4.700000e+01  9.349894e+00
    endloop
  endfacet
  facet normal  -0.000000e+00 -1.000000e+00  0.000000e+00
    outer loop
      vertex -1.226685e-14 -4.700000e+01  7.500000e+00
      vertex  7.591073e+00 -4.700000e+01  9.349894e+00
      vertex  8.573135e+00 -4.700000e+01  9.902080e+00
    endloop
  endfacet
  facet normal  -0.000000e+00 -1.000000e+00  0.000000e+00
    outer loop
      vertex -1.226685e-14 -4.700000e+01  7.500000e+00
      vertex  8.573135e+00 -4.700000e+01  9.902080e+00
      vertex  9.515225e+00 -4.700000e+01  1.052000e+01
    endloop
  endfacet
  facet normal  -0.000000e+00 -1.000000e+00  0.000000e+00
    outer loop
      vertex -1.226685e-14 -4.700000e+01  7.500000e+00
      vertex  9.515225e+00 -4.700000e+01  1.052000e+01
      vertex  4.979355e-01 -4.700000e+01  1.100954e+01
    endloop
  endfacet
  facet normal  -0.000000e+00 -1.000000e+00  0.000000e+00
    outer loop
      vertex -1.226685e-14 -4.700000e+01  7.500000e+00
      vertex  4.979355e-01 -4.700000e+01  1.100954e+01
      vertex -4.979355e-01 -4.700000e+01  1.100954e+01
    endloop
  endfacet
  facet normal  0.000000e+00 -1.000000e+00  -0.000000e+00
    outer loop
      vertex -1.226685e-14 -4.700000e+01  7.500000e+00
      vertex -4.979355e-01 -4.700000e+01  1.100954e+01
      vertex -9.515225e+00 -4.700000e+01  1.052000e+01
    endloop
  endfacet
  facet normal  0.000000e+00 -9.999999e-01  0.000000e+00
    outer loop
      vertex -1.226685e-14 -4.700000e+01  7.500000e+00
      vertex -9.515225e+00 -4.700000e+01  1.052000e+01
      vertex -8.573135e+00 -4.700000e+01  9.902080e+00
    endloop
  endfacet
  facet normal  0.000000e+00 -1.000000e+00  0.000000e+00
    outer loop
      vertex -1.226685e-14 -4.700000e+01  7.500000e+00
      vertex -8.573135e+00 -4.700000e+01  9.902080e+00
      vertex -7.591073e+00 -4.700000e+01  9.349894e+00
    endloop
  endfacet
  facet normal  0.000000e+00 -1.000000e+00  0.000000e+00
    outer loop
      vertex -1.226685e-14 -4.700000e+01  7.500000e+00
      vertex -7.591073e+00 -4.700000e+01  9.349894e+00
      vertex -6.573618e+00 -4.700000e+01  8.866014e+00
    endloop
  endfacet
  facet normal  0.000000e+00 -1.000000e+00  0.000000e+00
    outer loop
      vertex -1.226685e-14 -4.700000e+01  7.500000e+00
      vertex -6.573618e+00 -4.700000e+01  8.866014e+00
      vertex -5.525514e+00 -4.700000e+01  8.452695e+00
    endloop
  endfacet
  facet normal  0.000000e+00 -1.000000e+00  0.000000e+00
    outer loop
      vertex -1.226685e-14 -4.700000e+01  7.500000e+00
      vertex -5.525514e+00 -4.700000e+01  8.452695e+00
      vertex -4.451647e+00 -4.700000e+01  8.111865e+00
    endloop
  endfacet
  facet normal  0.000000e+00 -1.000000e+00  0.000000e+00
    outer loop
      vertex -1.226685e-14 -4.700000e+01  7.500000e+00
      vertex -4.451647e+00 -4.700000e+01  8.111865e+00
      vertex -3.357024e+00 -4.700000e+01  7.845112e+00
    endloop
  endfacet
  facet normal  0.000000e+00 -1.000000e+00  0.000000e+00
    outer loop
      vertex -1.226685e-14 -4.700000e+01  7.500000e+00
      vertex -3.357024e+00 -4.700000e+01  7.845112e+00
      vertex -2.246750e+00 -4.700000e+01  7.653682e+00
    endloop
  endfacet
  facet normal  0.000000e+00 -1.000000e+00  0.000000e+00
    outer loop
      vertex -1.226685e-14 -4.700000e+01  7.500000e+00
      vertex -2.246750e+00 -4.700000e+01  7.653682e+00
      vertex -1.126000e+00 -4.700000e+01  7.538465e+00
    endloop
  endfacet
  facet normal  0.000000e+00 -1.000000e+00  0.000000e+00
    outer loop
      vertex -4.979355e-01 -4.700000e+01  3.699046e+01
      vertex  4.979355e-01 -4.700000e+01  3.699046e+01
      vertex -1.126000e+00 -4.700000e+01  4.046154e+01
    endloop
  endfacet
  facet normal  0.000000e+00 -9.999999e-01  0.000000e+00
    outer loop
      vertex -1.126000e+00 -4.700000e+01  4.046154e+01
      vertex  4.979355e-01 -4.700000e+01  3.699046e+01
      vertex -1.653244e-15 -4.700000e+01  4.050000e+01
    endloop
  endfacet
  facet normal  -0.000000e+00 -9.999999e-01  0.000000e+00
    outer loop
      vertex  4.979355e-01 -4.700000e+01  3.699046e+01
      vertex  9.515225e+00 -4.700000e+01  3.748000e+01
      vertex -1.653244e-15 -4.700000e+01  4.050000e+01
    endloop
  endfacet
  facet normal  0.000000e+00 -9.999999e-01  0.000000e+00
    outer loop
      vertex -1.653244e-15 -4.700000e+01  4.050000e+01
      vertex  9.515225e+00 -4.700000e+01  3.748000e+01
      vertex  1.126000e+00 -4.700000e+01  4.046154e+01
    endloop
  endfacet
  facet normal  -0.000000e+00 -1.000000e+00  0.000000e+00
    outer loop
      vertex  2.475084e+00 -4.700000e+01  3.676221e+01
      vertex  1.041295e+01 -4.700000e+01  3.679924e+01
      vertex  1.490885e+00 -4.700000e+01  3.691423e+01
    endloop
  endfacet
  facet normal  0.000000e+00 -1.000000e+00  0.000000e+00
    outer loop
      vertex  1.490885e+00 -4.700000e+01  3.691423e+01
      vertex  1.041295e+01 -4.700000e+01  3.679924e+01
      vertex  9.515225e+00 -4.700000e+01  3.748000e+01
    endloop
  endfacet
  facet normal  0.000000e+00 -1.000000e+00  0.000000e+00
    outer loop
      vertex  1.490885e+00 -4.700000e+01  3.691423e+01
      vertex  9.515225e+00 -4.700000e+01  3.748000e+01
      vertex  4.979355e-01 -4.700000e+01  3.699046e+01
    endloop
  endfacet
  facet normal  -0.000000e+00 -1.000000e+00  0.000000e+00
    outer loop
      vertex  7.880930e+00 -4.700000e+01  3.433881e+01
      vertex  1.279924e+01 -4.700000e+01  3.441295e+01
      vertex  7.066378e+00 -4.700000e+01  3.491175e+01
    endloop
  endfacet
  facet normal  0.000000e+00 -1.000000e+00  0.000000e+00
    outer loop
      vertex  7.066378e+00 -4.700000e+01  3.491175e+01
      vertex  1.279924e+01 -4.700000e+01  3.441295e+01
      vertex  1.205879e+01 -4.700000e+01  3.526213e+01
    endloop
  endfacet
  facet normal  -0.000000e+00 -9.999999e-01  0.000000e+00
    outer loop
      vertex  7.066378e+00 -4.700000e+01  3.491175e+01
      vertex  1.205879e+01 -4.700000e+01  3.526213e+01
      vertex  6.210358e+00 -4.700000e+01  3.542066e+01
    endloop
  endfacet
  facet normal  -0.000000e+00 -9.999999e-01  0.000000e+00
    outer loop
      vertex  1.002936e+01 -4.700000e+01  3.227115e+01
      vertex  1.409792e+01 -4.700000e+01  3.257314e+01
      vertex  9.366780e+00 -4.700000e+01  3.301462e+01
    endloop
  endfacet
  facet normal  0.000000e+00 -1.000000e+00  0.000000e+00
    outer loop
      vertex  9.366780e+00 -4.700000e+01  3.301462e+01
      vertex  1.409792e+01 -4.700000e+01  3.257314e+01
      vertex  1.348000e+01 -4.700000e+01  3.351522e+01
    endloop
  endfacet
  facet normal  -0.000000e+00 -1.000000e+00  0.000000e+00
    outer loop
      vertex  9.366780e+00 -4.700000e+01  3.301462e+01
      vertex  1.348000e+01 -4.700000e+01  3.351522e+01
      vertex  8.649234e+00 -4.700000e+01  3.370519e+01
    endloop
  endfacet
  facet normal  0.000000e+00 -1.000000e+00  0.000000e+00
    outer loop
      vertex  8.649234e+00 -4.700000e+01  3.370519e+01
      vertex  1.348000e+01 -4.700000e+01  3.351522e+01
      vertex  1.279924e+01 -4.700000e+01  3.441295e+01
    endloop
  endfacet
  facet normal  0.000000e+00 -1.000000e+00  0.000000e+00
    outer loop
      vertex  8.649234e+00 -4.700000e+01  3.370519e+01
      vertex  1.279924e+01 -4.700000e+01  3.441295e+01
      vertex  7.880930e+00 -4.700000e+01  3.433881e+01
    endloop
  endfacet
  facet normal  -0.000000e+00 -9.999999e-01  0.000000e+00
    outer loop
      vertex  1.265804e+01 -4.700000e+01  2.696210e+01
      vertex  1.615489e+01 -4.700000e+01  2.735703e+01
      vertex  1.239415e+01 -4.700000e+01  2.792237e+01
    endloop
  endfacet
  facet normal  0.000000e+00 -9.999999e-01  0.000000e+00
    outer loop
      vertex  1.239415e+01 -4.700000e+01  2.792237e+01
      vertex  1.615489e+01 -4.700000e+01  2.735703e+01
      vertex  1.588813e+01 -4.700000e+01  2.845165e+01
    endloop
  endfacet
  facet normal  -0.000000e+00 -1.000000e+00  0.000000e+00
    outer loop
      vertex  1.239415e+01 -4.700000e+01  2.792237e+01
      vertex  1.588813e+01 -4.700000e+01  2.845165e+01
      vertex  1.205753e+01 -4.700000e+01  2.885962e+01
    endloop
  endfacet
  facet normal  0.000000e+00 -1.000000e+00  0.000000e+00
    outer loop
      vertex  1.205753e+01 -4.700000e+01  2.885962e+01
      vertex  1.588813e+01 -4.700000e+01  2.845165e+01
      vertex  1.554731e+01 -4.700000e+01  2.952551e+01
    endloop
  endfacet
  facet normal  -0.000000e+00 -9.999999e-01  0.000000e+00
    outer loop
      vertex  1.205753e+01 -4.700000e+01  2.885962e+01
      vertex  1.554731e+01 -4.700000e+01  2.952551e+01
      vertex  1.165015e+01 -4.700000e+01  2.976836e+01
    endloop
  endfacet
  facet normal  0.000000e+00 -1.000000e+00  0.000000e+00
    outer loop
      vertex  1.165015e+01 -4.700000e+01  2.976836e+01
      vertex  1.554731e+01 -4.700000e+01  2.952551e+01
      vertex  1.513399e+01 -4.700000e+01  3.057362e+01
    endloop
  endfacet
  facet normal  -0.000000e+00 -1.000000e+00  0.000000e+00
    outer loop
      vertex  1.165015e+01 -4.700000e+01  2.976836e+01
      vertex  1.513399e+01 -4.700000e+01  3.057362e+01
      vertex  1.117441e+01 -4.700000e+01  3.064324e+01
    endloop
  endfacet
  facet normal  0.000000e+00 -1.000000e+00  0.000000e+00
    outer loop
      vertex  1.117441e+01 -4.700000e+01  3.064324e+01
      vertex  1.513399e+01 -4.700000e+01  3.057362e+01
      vertex  1.465011e+01 -4.700000e+01  3.159107e+01
    endloop
  endfacet
  facet normal  0.000000e+00 -1.000000e+00  0.000000e+00
    outer loop
      vertex  1.117441e+01 -4.700000e+01  3.064324e+01
      vertex  1.465011e+01 -4.700000e+01  3.159107e+01
      vertex  1.063308e+01 -4.700000e+01  3.147914e+01
    endloop
  endfacet
  facet normal  0.000000e+00 -1.000000e+00  0.000000e+00
    outer loop
      vertex  1.063308e+01 -4.700000e+01  3.147914e+01
      vertex  1.465011e+01 -4.700000e+01  3.159107e+01
      vertex  1.409792e+01 -4.700000e+01  3.257314e+01
    endloop
  endfacet
  facet normal  0.000000e+00 -1.000000e+00  0.000000e+00
    outer loop
      vertex  1.063308e+01 -4.700000e+01  3.147914e+01
      vertex  1.409792e+01 -4.700000e+01  3.257314e+01
      vertex  1.002936e+01 -4.700000e+01  3.227115e+01
    endloop
  endfacet
  facet normal  -0.000000e+00 -1.000000e+00  0.000000e+00
    outer loop
      vertex  1.205753e+01 -4.700000e+01  1.914038e+01
      vertex  1.588813e+01 -4.700000e+01  1.954835e+01
      vertex  1.239415e+01 -4.700000e+01  2.007763e+01
    endloop
  endfacet
  facet normal  0.000000e+00 -9.999999e-01  0.000000e+00
    outer loop
      vertex  1.239415e+01 -4.700000e+01  2.007763e+01
      vertex  1.588813e+01 -4.700000e+01  1.954835e+01
      vertex  1.615489e+01 -4.700000e+01  2.064297e+01
    endloop
  endfacet
  facet normal  -0.000000e+00 -9.999999e-01  0.000000e+00
    outer loop
      vertex  1.239415e+01 -4.700000e+01  2.007763e+01
      vertex  1.615489e+01 -4.700000e+01  2.064297e+01
      vertex  1.265804e+01 -4.700000e+01  2.103790e+01
    endloop
  endfacet
  facet normal  0.000000e+00 -1.000000e+00  0.000000e+00
    outer loop
      vertex  1.265804e+01 -4.700000e+01  2.103790e+01
      vertex  1.615489e+01 -4.700000e+01  2.064297e+01
      vertex  1.634632e+01 -4.700000e+01  2.175325e+01
    endloop
  endfacet
  facet normal  -0.000000e+00 -1.000000e+00  0.000000e+00
    outer loop
      vertex  1.265804e+01 -4.700000e+01  2.103790e+01
      vertex  1.634632e+01 -4.700000e+01  2.175325e+01
      vertex  1.284765e+01 -4.700000e+01  2.201556e+01
    endloop
  endfacet
  facet normal  0.000000e+00 -1.000000e+00  0.000000e+00
    outer loop
      vertex  1.284765e+01 -4.700000e+01  2.201556e+01
      vertex  1.634632e+01 -4.700000e+01  2.175325e+01
      vertex  1.646153e+01 -4.700000e+01  2.287400e+01
    endloop
  endfacet
  facet normal  -0.000000e+00 -1.000000e+00  0.000000e+00
    outer loop
      vertex  1.284765e+01 -4.700000e+01  2.201556e+01
      vertex  1.646153e+01 -4.700000e+01  2.287400e+01
      vertex  1.296186e+01 -4.700000e+01  2.300486e+01
    endloop
  endfacet
  facet normal  0.000000e+00 -9.999999e-01  0.000000e+00
    outer loop
      vertex  1.296186e+01 -4.700000e+01  2.300486e+01
      vertex  1.646153e+01 -4.700000e+01  2.287400e+01
      vertex  1.650000e+01 -4.700000e+01  2.400000e+01
    endloop
  endfacet
  facet normal  -0.000000e+00 -1.000000e+00  0.000000e+00
    outer loop
      vertex  1.296186e+01 -4.700000e+01  2.300486e+01
      vertex  1.650000e+01 -4.700000e+01  2.400000e+01
      vertex  1.300000e+01 -4.700000e+01  2.400000e+01
    endloop
  endfacet
  facet normal  0.000000e+00 -9.999999e-01  0.000000e+00
    outer loop
      vertex  1.300000e+01 -4.700000e+01  2.400000e+01
      vertex  1.650000e+01 -4.700000e+01  2.400000e+01
      vertex  1.646153e+01 -4.700000e+01  2.512600e+01
    endloop
  endfacet
  facet normal  0.000000e+00 -1.000000e+00  0.000000e+00
    outer loop
      vertex  1.300000e+01 -4.700000e+01  2.400000e+01
      vertex  1.646153e+01 -4.700000e+01  2.512600e+01
      vertex  1.296186e+01 -4.700000e+01  2.499514e+01
    endloop
  endfacet
  facet normal  0.000000e+00 -1.000000e+00  0.000000e+00
    outer loop
      vertex  1.296186e+01 -4.700000e+01  2.499514e+01
      vertex  1.646153e+01 -4.700000e+01  2.512600e+01
      vertex  1.634632e+01 -4.700000e+01  2.624675e+01
    endloop
  endfacet
  facet normal  0.000000e+00 -1.000000e+00  0.000000e+00
    outer loop
      vertex  1.296186e+01 -4.700000e+01  2.499514e+01
      vertex  1.634632e+01 -4.700000e+01  2.624675e+01
      vertex  1.284765e+01 -4.700000e+01  2.598444e+01
    endloop
  endfacet
  facet normal  0.000000e+00 -1.000000e+00  0.000000e+00
    outer loop
      vertex  1.284765e+01 -4.700000e+01  2.598444e+01
      vertex  1.634632e+01 -4.700000e+01  2.624675e+01
      vertex  1.615489e+01 -4.700000e+01  2.735703e+01
    endloop
  endfacet
  facet normal  0.000000e+00 -1.000000e+00  0.000000e+00
    outer loop
      vertex  1.284765e+01 -4.700000e+01  2.598444e+01
      vertex  1.615489e+01 -4.700000e+01  2.735703e+01
      vertex  1.265804e+01 -4.700000e+01  2.696210e+01
    endloop
  endfacet
  facet normal  -0.000000e+00 -1.000000e+00  0.000000e+00
    outer loop
      vertex  8.649234e+00 -4.700000e+01  1.429481e+01
      vertex  1.348000e+01 -4.700000e+01  1.448477e+01
      vertex  9.366780e+00 -4.700000e+01  1.498538e+01
    endloop
  endfacet
  facet normal  0.000000e+00 -1.000000e+00  0.000000e+00
    outer loop
      vertex  9.366780e+00 -4.700000e+01  1.498538e+01
      vertex  1.348000e+01 -4.700000e+01  1.448477e+01
      vertex  1.409792e+01 -4.700000e+01  1.542686e+01
    endloop
  endfacet
  facet normal  -0.000000e+00 -1.000000e+00  0.000000e+00
    outer loop
      vertex  9.366780e+00 -4.700000e+01  1.498538e+01
      vertex  1.409792e+01 -4.700000e+01  1.542686e+01
      vertex  1.002936e+01 -4.700000e+01  1.572885e+01
    endloop
  endfacet
  facet normal  0.000000e+00 -1.000000e+00  0.000000e+00
    outer loop
      vertex  1.002936e+01 -4.700000e+01  1.572885e+01
      vertex  1.409792e+01 -4.700000e+01  1.542686e+01
      vertex  1.465011e+01 -4.700000e+01  1.640893e+01
    endloop
  endfacet
  facet normal  -0.000000e+00 -1.000000e+00  0.000000e+00
    outer loop
      vertex  1.002936e+01 -4.700000e+01  1.572885e+01
      vertex  1.465011e+01 -4.700000e+01  1.640893e+01
      vertex  1.063308e+01 -4.700000e+01  1.652086e+01
    endloop
  endfacet
  facet normal  0.000000e+00 -1.000000e+00  0.000000e+00
    outer loop
      vertex  1.063308e+01 -4.700000e+01  1.652086e+01
      vertex  1.465011e+01 -4.700000e+01  1.640893e+01
      vertex  1.513399e+01 -4.700000e+01  1.742638e+01
    endloop
  endfacet
  facet normal  0.000000e+00 -1.000000e+00  0.000000e+00
    outer loop
      vertex  1.063308e+01 -4.700000e+01  1.652086e+01
      vertex  1.513399e+01 -4.700000e+01  1.742638e+01
      vertex  1.117441e+01 -4.700000e+01  1.735676e+01
    endloop
  endfacet
  facet normal  0.000000e+00 -1.000000e+00  0.000000e+00
    outer loop
      vertex  1.117441e+01 -4.700000e+01  1.735676e+01
      vertex  1.513399e+01 -4.700000e+01  1.742638e+01
      vertex  1.554731e+01 -4.700000e+01  1.847449e+01
    endloop
  endfacet
  facet normal  0.000000e+00 -9.999999e-01  0.000000e+00
    outer loop
      vertex  1.117441e+01 -4.700000e+01  1.735676e+01
      vertex  1.554731e+01 -4.700000e+01  1.847449e+01
      vertex  1.165015e+01 -4.700000e+01  1.823164e+01
    endloop
  endfacet
  facet normal  0.000000e+00 -1.000000e+00  0.000000e+00
    outer loop
      vertex  1.165015e+01 -4.700000e+01  1.823164e+01
      vertex  1.554731e+01 -4.700000e+01  1.847449e+01
      vertex  1.588813e+01 -4.700000e+01  1.954835e+01
    endloop
  endfacet
  facet normal  0.000000e+00 -9.999999e-01  0.000000e+00
    outer loop
      vertex  1.165015e+01 -4.700000e+01  1.823164e+01
      vertex  1.588813e+01 -4.700000e+01  1.954835e+01
      vertex  1.205753e+01 -4.700000e+01  1.914038e+01
    endloop
  endfacet
  facet normal  -0.000000e+00 -1.000000e+00  0.000000e+00
    outer loop
      vertex  6.210358e+00 -4.700000e+01  1.257934e+01
      vertex  1.205879e+01 -4.700000e+01  1.273787e+01
      vertex  7.066378e+00 -4.700000e+01  1.308825e+01
    endloop
  endfacet
  facet normal  0.000000e+00 -1.000000e+00  0.000000e+00
    outer loop
      vertex  7.066378e+00 -4.700000e+01  1.308825e+01
      vertex  1.205879e+01 -4.700000e+01  1.273787e+01
      vertex  1.279924e+01 -4.700000e+01  1.358705e+01
    endloop
  endfacet
  facet normal  -0.000000e+00 -1.000000e+00  0.000000e+00
    outer loop
      vertex  7.066378e+00 -4.700000e+01  1.308825e+01
      vertex  1.279924e+01 -4.700000e+01  1.358705e+01
      vertex  7.880930e+00 -4.700000e+01  1.366119e+01
    endloop
  endfacet
  facet normal  0.000000e+00 -1.000000e+00  0.000000e+00
    outer loop
      vertex  7.880930e+00 -4.700000e+01  1.366119e+01
      vertex  1.279924e+01 -4.700000e+01  1.358705e+01
      vertex  1.348000e+01 -4.700000e+01  1.448477e+01
    endloop
  endfacet
  facet normal  0.000000e+00 -1.000000e+00  0.000000e+00
    outer loop
      vertex  7.880930e+00 -4.700000e+01  1.366119e+01
      vertex  1.348000e+01 -4.700000e+01  1.448477e+01
      vertex  8.649234e+00 -4.700000e+01  1.429481e+01
    endloop
  endfacet
  facet normal  -0.000000e+00 -1.000000e+00  0.000000e+00
    outer loop
      vertex  4.394219e+00 -4.700000e+01  1.176518e+01
      vertex  1.126213e+01 -4.700000e+01  1.194121e+01
      vertex  5.317892e+00 -4.700000e+01  1.213745e+01
    endloop
  endfacet
  facet normal  0.000000e+00 -1.000000e+00  0.000000e+00
    outer loop
      vertex  5.317892e+00 -4.700000e+01  1.213745e+01
      vertex  1.126213e+01 -4.700000e+01  1.194121e+01
      vertex  1.205879e+01 -4.700000e+01  1.273787e+01
    endloop
  endfacet
  facet normal  0.000000e+00 -1.000000e+00  0.000000e+00
    outer loop
      vertex  5.317892e+00 -4.700000e+01  1.213745e+01
      vertex  1.205879e+01 -4.700000e+01  1.273787e+01
      vertex  6.210358e+00 -4.700000e+01  1.257934e+01
    endloop
  endfacet
  facet normal  0.000000e+00 -1.000000e+00  0.000000e+00
    outer loop
      vertex -4.394219e+00 -4.700000e+01  3.623482e+01
      vertex -3.444760e+00 -4.700000e+01  3.653529e+01
      vertex -1.126213e+01 -4.700000e+01  3.605879e+01
    endloop
  endfacet
  facet normal  0.000000e+00 -1.000000e+00  0.000000e+00
    outer loop
      vertex -1.126213e+01 -4.700000e+01  3.605879e+01
      vertex -3.444760e+00 -4.700000e+01  3.653529e+01
      vertex -2.475084e+00 -4.700000e+01  3.676221e+01
    endloop
  endfacet
  facet normal  -0.000000e+00 -1.000000e+00  0.000000e+00
    outer loop
      vertex -1.126213e+01 -4.700000e+01  3.605879e+01
      vertex -2.475084e+00 -4.700000e+01  3.676221e+01
      vertex -1.041295e+01 -4.700000e+01  3.679924e+01
    endloop
  endfacet
  facet normal  0.000000e+00 -1.000000e+00  0.000000e+00
    outer loop
      vertex -6.210358e+00 -4.700000e+01  3.542066e+01
      vertex -5.317892e+00 -4.700000e+01  3.586255e+01
      vertex -1.205879e+01 -4.700000e+01  3.526213e+01
    endloop
  endfacet
  facet normal  0.000000e+00 -1.000000e+00  0.000000e+00
    outer loop
      vertex -1.205879e+01 -4.700000e+01  3.526213e+01
      vertex -5.317892e+00 -4.700000e+01  3.586255e+01
      vertex -4.394219e+00 -4.700000e+01  3.623482e+01
    endloop
  endfacet
  facet normal  0.000000e+00 -1.000000e+00  0.000000e+00
    outer loop
      vertex -1.205879e+01 -4.700000e+01  3.526213e+01
      vertex -4.394219e+00 -4.700000e+01  3.623482e+01
      vertex -1.126213e+01 -4.700000e+01  3.605879e+01
    endloop
  endfacet
  facet normal  0.000000e+00 -1.000000e+00  0.000000e+00
    outer loop
      vertex -7.880930e+00 -4.700000e+01  3.433881e+01
      vertex -7.066378e+00 -4.700000e+01  3.491175e+01
      vertex -1.279924e+01 -4.700000e+01  3.441295e+01
    endloop
  endfacet
  facet normal  0.000000e+00 -1.000000e+00  0.000000e+00
    outer loop
      vertex -1.279924e+01 -4.700000e+01  3.441295e+01
      vertex -7.066378e+00 -4.700000e+01  3.491175e+01
      vertex -6.210358e+00 -4.700000e+01  3.542066e+01
    endloop
  endfacet
  facet normal  0.000000e+00 -1.000000e+00  0.000000e+00
    outer loop
      vertex -1.279924e+01 -4.700000e+01  3.441295e+01
      vertex -6.210358e+00 -4.700000e+01  3.542066e+01
      vertex -1.205879e+01 -4.700000e+01  3.526213e+01
    endloop
  endfacet
  facet normal  0.000000e+00 -9.999999e-01  0.000000e+00
    outer loop
      vertex -1.002936e+01 -4.700000e+01  3.227115e+01
      vertex -9.366780e+00 -4.700000e+01  3.301462e+01
      vertex -1.409792e+01 -4.700000e+01  3.257314e+01
    endloop
  endfacet
  facet normal  0.000000e+00 -1.000000e+00  0.000000e+00
    outer loop
      vertex -1.409792e+01 -4.700000e+01  3.257314e+01
      vertex -9.366780e+00 -4.700000e+01  3.301462e+01
      vertex -8.649234e+00 -4.700000e+01  3.370519e+01
    endloop
  endfacet
  facet normal  0.000000e+00 -1.000000e+00  0.000000e+00
    outer loop
      vertex -1.409792e+01 -4.700000e+01  3.257314e+01
      vertex -8.649234e+00 -4.700000e+01  3.370519e+01
      vertex -1.348000e+01 -4.700000e+01  3.351522e+01
    endloop
  endfacet
  facet normal  0.000000e+00 -1.000000e+00  0.000000e+00
    outer loop
      vertex -1.348000e+01 -4.700000e+01  3.351522e+01
      vertex -8.649234e+00 -4.700000e+01  3.370519e+01
      vertex -7.880930e+00 -4.700000e+01  3.433881e+01
    endloop
  endfacet
  facet normal  -0.000000e+00 -1.000000e+00  0.000000e+00
    outer loop
      vertex -1.348000e+01 -4.700000e+01  3.351522e+01
      vertex -7.880930e+00 -4.700000e+01  3.433881e+01
      vertex -1.279924e+01 -4.700000e+01  3.441295e+01
    endloop
  endfacet
  facet normal  0.000000e+00 -9.999999e-01  0.000000e+00
    outer loop
      vertex -1.265804e+01 -4.700000e+01  2.696210e+01
      vertex -1.239415e+01 -4.700000e+01  2.792237e+01
      vertex -1.615489e+01 -4.700000e+01  2.735703e+01
    endloop
  endfacet
  facet normal  0.000000e+00 -9.999999e-01  0.000000e+00
    outer loop
      vertex -1.615489e+01 -4.700000e+01  2.735703e+01
      vertex -1.239415e+01 -4.700000e+01  2.792237e+01
      vertex -1.205753e+01 -4.700000e+01  2.885962e+01
    endloop
  endfacet
  facet normal  0.000000e+00 -1.000000e+00  0.000000e+00
    outer loop
      vertex -1.615489e+01 -4.700000e+01  2.735703e+01
      vertex -1.205753e+01 -4.700000e+01  2.885962e+01
      vertex -1.588813e+01 -4.700000e+01  2.845165e+01
    endloop
  endfacet
  facet normal  0.000000e+00 -9.999999e-01  0.000000e+00
    outer loop
      vertex -1.588813e+01 -4.700000e+01  2.845165e+01
      vertex -1.205753e+01 -4.700000e+01  2.885962e+01
      vertex -1.165015e+01 -4.700000e+01  2.976836e+01
    endloop
  endfacet
  facet normal  0.000000e+00 -1.000000e+00  0.000000e+00
    outer loop
      vertex -1.588813e+01 -4.700000e+01  2.845165e+01
      vertex -1.165015e+01 -4.700000e+01  2.976836e+01
      vertex -1.554731e+01 -4.700000e+01  2.952551e+01
    endloop
  endfacet
  facet normal  0.000000e+00 -9.999999e-01  0.000000e+00
    outer loop
      vertex -1.554731e+01 -4.700000e+01  2.952551e+01
      vertex -1.165015e+01 -4.700000e+01  2.976836e+01
      vertex -1.117441e+01 -4.700000e+01  3.064324e+01
    endloop
  endfacet
  facet normal  0.000000e+00 -1.000000e+00  0.000000e+00
    outer loop
      vertex -1.554731e+01 -4.700000e+01  2.952551e+01
      vertex -1.117441e+01 -4.700000e+01  3.064324e+01
      vertex -1.513399e+01 -4.700000e+01  3.057362e+01
    endloop
  endfacet
  facet normal  0.000000e+00 -1.000000e+00  0.000000e+00
    outer loop
      vertex -1.513399e+01 -4.700000e+01  3.057362e+01
      vertex -1.117441e+01 -4.700000e+01  3.064324e+01
      vertex -1.063308e+01 -4.700000e+01  3.147914e+01
    endloop
  endfacet
  facet normal  -0.000000e+00 -1.000000e+00  0.000000e+00
    outer loop
      vertex -1.513399e+01 -4.700000e+01  3.057362e+01
      vertex -1.063308e+01 -4.700000e+01  3.147914e+01
      vertex -1.465011e+01 -4.700000e+01  3.159107e+01
    endloop
  endfacet
  facet normal  0.000000e+00 -1.000000e+00  0.000000e+00
    outer loop
      vertex -1.465011e+01 -4.700000e+01  3.159107e+01
      vertex -1.063308e+01 -4.700000e+01  3.147914e+01
      vertex -1.002936e+01 -4.700000e+01  3.227115e+01
    endloop
  endfacet
  facet normal  -0.000000e+00 -1.000000e+00  0.000000e+00
    outer loop
      vertex -1.465011e+01 -4.700000e+01  3.159107e+01
      vertex -1.002936e+01 -4.700000e+01  3.227115e+01
      vertex -1.409792e+01 -4.700000e+01  3.257314e+01
    endloop
  endfacet
  facet normal  0.000000e+00 -1.000000e+00  -0.000000e+00
    outer loop
      vertex -1.205753e+01 -4.700000e+01  1.914038e+01
      vertex -1.239415e+01 -4.700000e+01  2.007763e+01
      vertex -1.588813e+01 -4.700000e+01  1.954835e+01
    endloop
  endfacet
  facet normal  0.000000e+00 -1.000000e+00  0.000000e+00
    outer loop
      vertex -1.588813e+01 -4.700000e+01  1.954835e+01
      vertex -1.239415e+01 -4.700000e+01  2.007763e+01
      vertex -1.265804e+01 -4.700000e+01  2.103790e+01
    endloop
  endfacet
  facet normal  0.000000e+00 -9.999999e-01  0.000000e+00
    outer loop
      vertex -1.588813e+01 -4.700000e+01  1.954835e+01
      vertex -1.265804e+01 -4.700000e+01  2.103790e+01
      vertex -1.615489e+01 -4.700000e+01  2.064297e+01
    endloop
  endfacet
  facet normal  0.000000e+00 -1.000000e+00  0.000000e+00
    outer loop
      vertex -1.615489e+01 -4.700000e+01  2.064297e+01
      vertex -1.265804e+01 -4.700000e+01  2.103790e+01
      vertex -1.284765e+01 -4.700000e+01  2.201556e+01
    endloop
  endfacet
  facet normal  0.000000e+00 -1.000000e+00  0.000000e+00
    outer loop
      vertex -1.615489e+01 -4.700000e+01  2.064297e+01
      vertex -1.284765e+01 -4.700000e+01  2.201556e+01
      vertex -1.634632e+01 -4.700000e+01  2.175325e+01
    endloop
  endfacet
  facet normal  0.000000e+00 -1.000000e+00  0.000000e+00
    outer loop
      vertex -1.634632e+01 -4.700000e+01  2.175325e+01
      vertex -1.284765e+01 -4.700000e+01  2.201556e+01
      vertex -1.296186e+01 -4.700000e+01  2.300486e+01
    endloop
  endfacet
  facet normal  0.000000e+00 -1.000000e+00  0.000000e+00
    outer loop
      vertex -1.634632e+01 -4.700000e+01  2.175325e+01
      vertex -1.296186e+01 -4.700000e+01  2.300486e+01
      vertex -1.646153e+01 -4.700000e+01  2.287400e+01
    endloop
  endfacet
  facet normal  0.000000e+00 -1.000000e+00  0.000000e+00
    outer loop
      vertex -1.646153e+01 -4.700000e+01  2.287400e+01
      vertex -1.296186e+01 -4.700000e+01  2.300486e+01
      vertex -1.300000e+01 -4.700000e+01  2.400000e+01
    endloop
  endfacet
  facet normal  -0.000000e+00 -9.999999e-01  0.000000e+00
    outer loop
      vertex -1.646153e+01 -4.700000e+01  2.287400e+01
      vertex -1.300000e+01 -4.700000e+01  2.400000e+01
      vertex -1.650000e+01 -4.700000e+01  2.400000e+01
    endloop
  endfacet
  facet normal  0.000000e+00 -1.000000e+00  0.000000e+00
    outer loop
      vertex -1.650000e+01 -4.700000e+01  2.400000e+01
      vertex -1.300000e+01 -4.700000e+01  2.400000e+01
      vertex -1.296186e+01 -4.700000e+01  2.499514e+01
    endloop
  endfacet
  facet normal  -0.000000e+00 -9.999999e-01  0.000000e+00
    outer loop
      vertex -1.650000e+01 -4.700000e+01  2.400000e+01
      vertex -1.296186e+01 -4.700000e+01  2.499514e+01
      vertex -1.646153e+01 -4.700000e+01  2.512600e+01
    endloop
  endfacet
  facet normal  0.000000e+00 -1.000000e+00  0.000000e+00
    outer loop
      vertex -1.646153e+01 -4.700000e+01  2.512600e+01
      vertex -1.296186e+01 -4.700000e+01  2.499514e+01
      vertex -1.284765e+01 -4.700000e+01  2.598444e+01
    endloop
  endfacet
  facet normal  -0.000000e+00 -1.000000e+00  0.000000e+00
    outer loop
      vertex -1.646153e+01 -4.700000e+01  2.512600e+01
      vertex -1.284765e+01 -4.700000e+01  2.598444e+01
      vertex -1.634632e+01 -4.700000e+01  2.624675e+01
    endloop
  endfacet
  facet normal  0.000000e+00 -1.000000e+00  0.000000e+00
    outer loop
      vertex -1.634632e+01 -4.700000e+01  2.624675e+01
      vertex -1.284765e+01 -4.700000e+01  2.598444e+01
      vertex -1.265804e+01 -4.700000e+01  2.696210e+01
    endloop
  endfacet
  facet normal  -0.000000e+00 -1.000000e+00  0.000000e+00
    outer loop
      vertex -1.634632e+01 -4.700000e+01  2.624675e+01
      vertex -1.265804e+01 -4.700000e+01  2.696210e+01
      vertex -1.615489e+01 -4.700000e+01  2.735703e+01
    endloop
  endfacet
  facet normal  0.000000e+00 -1.000000e+00  -0.000000e+00
    outer loop
      vertex -8.649234e+00 -4.700000e+01  1.429481e+01
      vertex -9.366780e+00 -4.700000e+01  1.498538e+01
      vertex -1.348000e+01 -4.700000e+01  1.448477e+01
    endloop
  endfacet
  facet normal  0.000000e+00 -1.000000e+00  0.000000e+00
    outer loop
      vertex -1.348000e+01 -4.700000e+01  1.448477e+01
      vertex -9.366780e+00 -4.700000e+01  1.498538e+01
      vertex -1.002936e+01 -4.700000e+01  1.572885e+01
    endloop
  endfacet
  facet normal  0.000000e+00 -1.000000e+00  0.000000e+00
    outer loop
      vertex -1.348000e+01 -4.700000e+01  1.448477e+01
      vertex -1.002936e+01 -4.700000e+01  1.572885e+01
      vertex -1.409792e+01 -4.700000e+01  1.542686e+01
    endloop
  endfacet
  facet normal  0.000000e+00 -1.000000e+00  0.000000e+00
    outer loop
      vertex -1.409792e+01 -4.700000e+01  1.542686e+01
      vertex -1.002936e+01 -4.700000e+01  1.572885e+01
      vertex -1.063308e+01 -4.700000e+01  1.652086e+01
    endloop
  endfacet
  facet normal  0.000000e+00 -1.000000e+00  0.000000e+00
    outer loop
      vertex -1.409792e+01 -4.700000e+01  1.542686e+01
      vertex -1.063308e+01 -4.700000e+01  1.652086e+01
      vertex -1.465011e+01 -4.700000e+01  1.640893e+01
    endloop
  endfacet
  facet normal  0.000000e+00 -1.000000e+00  0.000000e+00
    outer loop
      vertex -1.465011e+01 -4.700000e+01  1.640893e+01
      vertex -1.063308e+01 -4.700000e+01  1.652086e+01
      vertex -1.117441e+01 -4.700000e+01  1.735676e+01
    endloop
  endfacet
  facet normal  -0.000000e+00 -1.000000e+00  0.000000e+00
    outer loop
      vertex -1.465011e+01 -4.700000e+01  1.640893e+01
      vertex -1.117441e+01 -4.700000e+01  1.735676e+01
      vertex -1.513399e+01 -4.700000e+01  1.742638e+01
    endloop
  endfacet
  facet normal  0.000000e+00 -1.000000e+00  0.000000e+00
    outer loop
      vertex -1.513399e+01 -4.700000e+01  1.742638e+01
      vertex -1.117441e+01 -4.700000e+01  1.735676e+01
      vertex -1.165015e+01 -4.700000e+01  1.823164e+01
    endloop
  endfacet
  facet normal  -0.000000e+00 -1.000000e+00  0.000000e+00
    outer loop
      vertex -1.513399e+01 -4.700000e+01  1.742638e+01
      vertex -1.165015e+01 -4.700000e+01  1.823164e+01
      vertex -1.554731e+01 -4.700000e+01  1.847449e+01
    endloop
  endfacet
  facet normal  0.000000e+00 -9.999999e-01  0.000000e+00
    outer loop
      vertex -1.554731e+01 -4.700000e+01  1.847449e+01
      vertex -1.165015e+01 -4.700000e+01  1.823164e+01
      vertex -1.205753e+01 -4.700000e+01  1.914038e+01
    endloop
  endfacet
  facet normal  -0.000000e+00 -1.000000e+00  0.000000e+00
    outer loop
      vertex -1.554731e+01 -4.700000e+01  1.847449e+01
      vertex -1.205753e+01 -4.700000e+01  1.914038e+01
      vertex -1.588813e+01 -4.700000e+01  1.954835e+01
    endloop
  endfacet
  facet normal  0.000000e+00 -1.000000e+00  -0.000000e+00
    outer loop
      vertex -6.210358e+00 -4.700000e+01  1.257934e+01
      vertex -7.066378e+00 -4.700000e+01  1.308825e+01
      vertex -1.205879e+01 -4.700000e+01  1.273787e+01
    endloop
  endfacet
  facet normal  0.000000e+00 -1.000000e+00  0.000000e+00
    outer loop
      vertex -1.205879e+01 -4.700000e+01  1.273787e+01
      vertex -7.066378e+00 -4.700000e+01  1.308825e+01
      vertex -7.880930e+00 -4.700000e+01  1.366119e+01
    endloop
  endfacet
  facet normal  0.000000e+00 -1.000000e+00  0.000000e+00
    outer loop
      vertex -1.205879e+01 -4.700000e+01  1.273787e+01
      vertex -7.880930e+00 -4.700000e+01  1.366119e+01
      vertex -1.279924e+01 -4.700000e+01  1.358705e+01
    endloop
  endfacet
  facet normal  0.000000e+00 -1.000000e+00  0.000000e+00
    outer loop
      vertex -1.279924e+01 -4.700000e+01  1.358705e+01
      vertex -7.880930e+00 -4.700000e+01  1.366119e+01
      vertex -8.649234e+00 -4.700000e+01  1.429481e+01
    endloop
  endfacet
  facet normal  -0.000000e+00 -1.000000e+00  0.000000e+00
    outer loop
      vertex -1.279924e+01 -4.700000e+01  1.358705e+01
      vertex -8.649234e+00 -4.700000e+01  1.429481e+01
      vertex -1.348000e+01 -4.700000e+01  1.448477e+01
    endloop
  endfacet
  facet normal  0.000000e+00 -1.000000e+00  -0.000000e+00
    outer loop
      vertex -4.394219e+00 -4.700000e+01  1.176518e+01
      vertex -5.317892e+00 -4.700000e+01  1.213745e+01
      vertex -1.126213e+01 -4.700000e+01  1.194121e+01
    endloop
  endfacet
  facet normal  0.000000e+00 -1.000000e+00  0.000000e+00
    outer loop
      vertex -1.126213e+01 -4.700000e+01  1.194121e+01
      vertex -5.317892e+00 -4.700000e+01  1.213745e+01
      vertex -6.210358e+00 -4.700000e+01  1.257934e+01
    endloop
  endfacet
  facet normal  -0.000000e+00 -1.000000e+00  0.000000e+00
    outer loop
      vertex -1.126213e+01 -4.700000e+01  1.194121e+01
      vertex -6.210358e+00 -4.700000e+01  1.257934e+01
      vertex -1.205879e+01 -4.700000e+01  1.273787e+01
    endloop
  endfacet
  facet normal  0.000000e+00 -9.999999e-01  -0.000000e+00
    outer loop
      vertex -2.475084e+00 -4.700000e+01  1.123779e+01
      vertex -3.444760e+00 -4.700000e+01  1.146470e+01
      vertex -1.041295e+01 -4.700000e+01  1.120076e+01
    endloop
  endfacet
  facet normal  0.000000e+00 -1.000000e+00  0.000000e+00
    outer loop
      vertex -1.041295e+01 -4.700000e+01  1.120076e+01
      vertex -3.444760e+00 -4.700000e+01  1.146470e+01
      vertex -4.394219e+00 -4.700000e+01  1.176518e+01
    endloop
  endfacet
  facet normal  -0.000000e+00 -1.000000e+00  0.000000e+00
    outer loop
      vertex -1.041295e+01 -4.700000e+01  1.120076e+01
      vertex -4.394219e+00 -4.700000e+01  1.176518e+01
      vertex -1.126213e+01 -4.700000e+01  1.194121e+01
    endloop
  endfacet
  facet normal  0.000000e+00 -1.000000e+00  -0.000000e+00
    outer loop
      vertex -4.979355e-01 -4.700000e+01  1.100954e+01
      vertex -1.490885e+00 -4.700000e+01  1.108577e+01
      vertex -9.515225e+00 -4.700000e+01  1.052000e+01
    endloop
  endfacet
  facet normal  0.000000e+00 -1.000000e+00  0.000000e+00
    outer loop
      vertex -9.515225e+00 -4.700000e+01  1.052000e+01
      vertex -1.490885e+00 -4.700000e+01  1.108577e+01
      vertex -2.475084e+00 -4.700000e+01  1.123779e+01
    endloop
  endfacet
  facet normal  0.000000e+00 -1.000000e+00  0.000000e+00
    outer loop
      vertex -9.515225e+00 -4.700000e+01  1.052000e+01
      vertex -2.475084e+00 -4.700000e+01  1.123779e+01
      vertex -1.041295e+01 -4.700000e+01  1.120076e+01
    endloop
  endfacet
  facet normal -9.994646e-01  -0.000000e+00 -3.271953e-02
    outer loop
      vertex -1.800000e+01 -4.550000e+01  2.400000e+01
      vertex -1.800000e+01 -3.300000e+01  2.400000e+01
      vertex -1.796146e+01 -4.550000e+01  2.282274e+01
    endloop
  endfacet
  facet normal -9.994646e-01  0.000000e+00 -3.271953e-02
    outer loop
      vertex -1.796146e+01 -4.550000e+01  2.282274e+01
      vertex -1.800000e+01 -3.300000e+01  2.400000e+01
      vertex -1.796146e+01 -3.300000e+01  2.282274e+01
    endloop
  endfacet
  facet normal -9.951849e-01  -0.000000e+00 -9.801594e-02
    outer loop
      vertex -1.796146e+01 -4.550000e+01  2.282274e+01
      vertex -1.796146e+01 -3.300000e+01  2.282274e+01
      vertex -1.784601e+01 -4.550000e+01  2.165053e+01
    endloop
  endfacet
  facet normal -9.951849e-01  0.000000e+00 -9.801594e-02
    outer loop
      vertex -1.784601e+01 -4.550000e+01  2.165053e+01
      vertex -1.796146e+01 -3.300000e+01  2.282274e+01
      vertex -1.784601e+01 -3.300000e+01  2.165053e+01
    endloop
  endfacet
  facet normal -9.866432e-01  -0.000000e+00 -1.628965e-01
    outer loop
      vertex -1.784601e+01 -4.550000e+01  2.165053e+01
      vertex -1.784601e+01 -3.300000e+01  2.165053e+01
      vertex -1.765413e+01 -4.550000e+01  2.048837e+01
    endloop
  endfacet
  facet normal -9.866432e-01  0.000000e+00 -1.628965e-01
    outer loop
      vertex -1.765413e+01 -4.550000e+01  2.048837e+01
      vertex -1.784601e+01 -3.300000e+01  2.165053e+01
      vertex -1.765413e+01 -3.300000e+01  2.048837e+01
    endloop
  endfacet
  facet normal -9.738772e-01  -0.000000e+00 -2.270755e-01
    outer loop
      vertex -1.765413e+01 -4.550000e+01  2.048837e+01
      vertex -1.765413e+01 -3.300000e+01  2.048837e+01
      vertex -1.738667e+01 -4.550000e+01  1.934126e+01
    endloop
  endfacet
  facet normal -9.738772e-01  0.000000e+00 -2.270755e-01
    outer loop
      vertex -1.738667e+01 -4.550000e+01  1.934126e+01
      vertex -1.765413e+01 -3.300000e+01  2.048837e+01
      vertex -1.738667e+01 -3.300000e+01  1.934126e+01
    endloop
  endfacet
  facet normal -9.569402e-01  -0.000000e+00 -2.902850e-01
    outer loop
      vertex -1.738667e+01 -4.550000e+01  1.934126e+01
      vertex -1.738667e+01 -3.300000e+01  1.934126e+01
      vertex -1.704474e+01 -4.550000e+01  1.821409e+01
    endloop
  endfacet
  facet normal -9.569402e-01  0.000000e+00 -2.902850e-01
    outer loop
      vertex -1.704474e+01 -4.550000e+01  1.821409e+01
      vertex -1.738667e+01 -3.300000e+01  1.934126e+01
      vertex -1.704474e+01 -3.300000e+01  1.821409e+01
    endloop
  endfacet
  facet normal -9.359059e-01  -0.000000e+00 -3.522502e-01
    outer loop
      vertex -1.704474e+01 -4.550000e+01  1.821409e+01
      vertex -1.704474e+01 -3.300000e+01  1.821409e+01
      vertex -1.662983e+01 -4.550000e+01  1.711170e+01
    endloop
  endfacet
  facet normal -9.359059e-01  0.000000e+00 -3.522502e-01
    outer loop
      vertex -1.662983e+01 -4.550000e+01  1.711170e+01
      vertex -1.704474e+01 -3.300000e+01  1.821409e+01
      vertex -1.662983e+01 -3.300000e+01  1.711170e+01
    endloop
  endfacet
  facet normal -9.108639e-01  -0.000000e+00 -4.127068e-01
    outer loop
      vertex -1.662983e+01 -4.550000e+01  1.711170e+01
      vertex -1.662983e+01 -3.300000e+01  1.711170e+01
      vertex -1.614371e+01 -4.550000e+01  1.603880e+01
    endloop
  endfacet
  facet normal -9.108639e-01  0.000000e+00 -4.127068e-01
    outer loop
      vertex -1.614371e+01 -4.550000e+01  1.603880e+01
      vertex -1.662983e+01 -3.300000e+01  1.711170e+01
      vertex -1.614371e+01 -3.300000e+01  1.603880e+01
    endloop
  endfacet
  facet normal -8.819212e-01  -0.000000e+00 -4.713969e-01
    outer loop
      vertex -1.614371e+01 -4.550000e+01  1.603880e+01
      vertex -1.614371e+01 -3.300000e+01  1.603880e+01
      vertex -1.558846e+01 -4.550000e+01  1.500000e+01
    endloop
  endfacet
  facet normal -8.819212e-01  0.000000e+00 -4.713969e-01
    outer loop
      vertex -1.558846e+01 -4.550000e+01  1.500000e+01
      vertex -1.614371e+01 -3.300000e+01  1.603880e+01
      vertex -1.558846e+01 -3.300000e+01  1.500000e+01
    endloop
  endfacet
  facet normal -8.492021e-01  -0.000000e+00 -5.280681e-01
    outer loop
      vertex -1.558846e+01 -4.550000e+01  1.500000e+01
      vertex -1.558846e+01 -3.300000e+01  1.500000e+01
      vertex -1.496645e+01 -4.550000e+01  1.399974e+01
    endloop
  endfacet
  facet normal -8.492021e-01  0.000000e+00 -5.280681e-01
    outer loop
      vertex -1.496645e+01 -4.550000e+01  1.399974e+01
      vertex -1.558846e+01 -3.300000e+01  1.500000e+01
      vertex -1.496645e+01 -3.300000e+01  1.399974e+01
    endloop
  endfacet
  facet normal -8.128468e-01  -0.000000e+00 -5.824775e-01
    outer loop
      vertex -1.496645e+01 -4.550000e+01  1.399974e+01
      vertex -1.496645e+01 -3.300000e+01  1.399974e+01
      vertex -1.428036e+01 -4.550000e+01  1.304229e+01
    endloop
  endfacet
  facet normal -8.128468e-01  0.000000e+00 -5.824775e-01
    outer loop
      vertex -1.428036e+01 -4.550000e+01  1.304229e+01
      vertex -1.496645e+01 -3.300000e+01  1.399974e+01
      vertex -1.428036e+01 -3.300000e+01  1.304229e+01
    endloop
  endfacet
  facet normal -7.730105e-01  -0.000000e+00 -6.343932e-01
    outer loop
      vertex -1.428036e+01 -4.550000e+01  1.304229e+01
      vertex -1.428036e+01 -3.300000e+01  1.304229e+01
      vertex -1.353312e+01 -4.550000e+01  1.213177e+01
    endloop
  endfacet
  facet normal -7.730105e-01  0.000000e+00 -6.343932e-01
    outer loop
      vertex -1.353312e+01 -4.550000e+01  1.213177e+01
      vertex -1.428036e+01 -3.300000e+01  1.304229e+01
      vertex -1.353312e+01 -3.300000e+01  1.213177e+01
    endloop
  endfacet
  facet normal -7.298643e-01  -0.000000e+00 -6.835921e-01
    outer loop
      vertex -1.353312e+01 -4.550000e+01  1.213177e+01
      vertex -1.353312e+01 -3.300000e+01  1.213177e+01
      vertex -1.272792e+01 -4.550000e+01  1.127208e+01
    endloop
  endfacet
  facet normal -7.298643e-01  0.000000e+00 -6.835921e-01
    outer loop
      vertex -1.272792e+01 -4.550000e+01  1.127208e+01
      vertex -1.353312e+01 -3.300000e+01  1.213177e+01
      vertex -1.272792e+01 -3.300000e+01  1.127208e+01
    endloop
  endfacet
  facet normal -6.835921e-01  -0.000000e+00 -7.298643e-01
    outer loop
      vertex -1.272792e+01 -4.550000e+01  1.127208e+01
      vertex -1.272792e+01 -3.300000e+01  1.127208e+01
      vertex -1.186823e+01 -4.550000e+01  1.046688e+01
    endloop
  endfacet
  facet normal -6.835921e-01  0.000000e+00 -7.298643e-01
    outer loop
      vertex -1.186823e+01 -4.550000e+01  1.046688e+01
      vertex -1.272792e+01 -3.300000e+01  1.127208e+01
      vertex -1.186823e+01 -3.300000e+01  1.046688e+01
    endloop
  endfacet
  facet normal -6.343932e-01  -0.000000e+00 -7.730105e-01
    outer loop
      vertex -1.186823e+01 -4.550000e+01  1.046688e+01
      vertex -1.186823e+01 -3.300000e+01  1.046688e+01
      vertex -1.095771e+01 -4.550000e+01  9.719640e+00
    endloop
  endfacet
  facet normal -6.343932e-01  0.000000e+00 -7.730105e-01
    outer loop
      vertex -1.095771e+01 -4.550000e+01  9.719640e+00
      vertex -1.186823e+01 -3.300000e+01  1.046688e+01
      vertex -1.095771e+01 -3.300000e+01  9.719640e+00
    endloop
  endfacet
  facet normal -5.824775e-01  -0.000000e+00 -8.128468e-01
    outer loop
      vertex -1.095771e+01 -4.550000e+01  9.719640e+00
      vertex -1.095771e+01 -3.300000e+01  9.719640e+00
      vertex -1.000026e+01 -4.550000e+01  9.033547e+00
    endloop
  endfacet
  facet normal -5.824775e-01  0.000000e+00 -8.128468e-01
    outer loop
      vertex -1.000026e+01 -4.550000e+01  9.033547e+00
      vertex -1.095771e+01 -3.300000e+01  9.719640e+00
      vertex -1.000026e+01 -3.300000e+01  9.033547e+00
    endloop
  endfacet
  facet normal -5.280681e-01  -0.000000e+00 -8.492021e-01
    outer loop
      vertex -1.000026e+01 -4.550000e+01  9.033547e+00
      vertex -1.000026e+01 -3.300000e+01  9.033547e+00
      vertex -9.000000e+00 -4.550000e+01  8.411543e+00
    endloop
  endfacet
  facet normal -5.280681e-01  0.000000e+00 -8.492021e-01
    outer loop
      vertex -9.000000e+00 -4.550000e+01  8.411543e+00
      vertex -1.000026e+01 -3.300000e+01  9.033547e+00
      vertex -9.000000e+00 -3.300000e+01  8.411543e+00
    endloop
  endfacet
  facet normal -4.713967e-01  -0.000000e+00 -8.819213e-01
    outer loop
      vertex -9.000000e+00 -4.550000e+01  8.411543e+00
      vertex -9.000000e+00 -3.300000e+01  8.411543e+00
      vertex -7.961196e+00 -4.550000e+01  7.856291e+00
    endloop
  endfacet
  facet normal -4.713967e-01  0.000000e+00 -8.819213e-01
    outer loop
      vertex -7.961196e+00 -4.550000e+01  7.856291e+00
      vertex -9.000000e+00 -3.300000e+01  8.411543e+00
      vertex -7.961196e+00 -3.300000e+01  7.856291e+00
    endloop
  endfacet
  facet normal -4.127073e-01  -0.000000e+00 -9.108637e-01
    outer loop
      vertex -7.961196e+00 -4.550000e+01  7.856291e+00
      vertex -7.961196e+00 -3.300000e+01  7.856291e+00
      vertex -6.888302e+00 -4.550000e+01  7.370168e+00
    endloop
  endfacet
  facet normal -4.127073e-01  0.000000e+00 -9.108637e-01
    outer loop
      vertex -6.888302e+00 -4.550000e+01  7.370168e+00
      vertex -7.961196e+00 -3.300000e+01  7.856291e+00
      vertex -6.888302e+00 -3.300000e+01  7.370168e+00
    endloop
  endfacet
  facet normal -3.522498e-01  -0.000000e+00 -9.359060e-01
    outer loop
      vertex -6.888302e+00 -4.550000e+01  7.370168e+00
      vertex -6.888302e+00 -3.300000e+01  7.370168e+00
      vertex -5.785911e+00 -4.550000e+01  6.955258e+00
    endloop
  endfacet
  facet normal -3.522498e-01  0.000000e+00 -9.359060e-01
    outer loop
      vertex -5.785911e+00 -4.550000e+01  6.955258e+00
      vertex -6.888302e+00 -3.300000e+01  7.370168e+00
      vertex -5.785911e+00 -3.300000e+01  6.955258e+00
    endloop
  endfacet
  facet normal -2.902848e-01  -0.000000e+00 -9.569404e-01
    outer loop
      vertex -5.785911e+00 -4.550000e+01  6.955258e+00
      vertex -5.785911e+00 -3.300000e+01  6.955258e+00
      vertex -4.658743e+00 -4.550000e+01  6.613335e+00
    endloop
  endfacet
  facet normal -2.902848e-01  0.000000e+00 -9.569404e-01
    outer loop
      vertex -4.658743e+00 -4.550000e+01  6.613335e+00
      vertex -5.785911e+00 -3.300000e+01  6.955258e+00
      vertex -4.658743e+00 -3.300000e+01  6.613335e+00
    endloop
  endfacet
  facet normal -2.270764e-01  -0.000000e+00 -9.738770e-01
    outer loop
      vertex -4.658743e+00 -4.550000e+01  6.613335e+00
      vertex -4.658743e+00 -3.300000e+01  6.613335e+00
      vertex -3.511626e+00 -4.550000e+01  6.345865e+00
    endloop
  endfacet
  facet normal -2.270764e-01  0.000000e+00 -9.738770e-01
    outer loop
      vertex -3.511626e+00 -4.550000e+01  6.345865e+00
      vertex -4.658743e+00 -3.300000e+01  6.613335e+00
      vertex -3.511626e+00 -3.300000e+01  6.345865e+00
    endloop
  endfacet
  facet normal -1.628952e-01  -0.000000e+00 -9.866434e-01
    outer loop
      vertex -3.511626e+00 -4.550000e+01  6.345865e+00
      vertex -3.511626e+00 -3.300000e+01  6.345865e+00
      vertex -2.349472e+00 -4.550000e+01  6.153993e+00
    endloop
  endfacet
  facet normal -1.628952e-01  0.000000e+00 -9.866434e-01
    outer loop
      vertex -2.349472e+00 -4.550000e+01  6.153993e+00
      vertex -3.511626e+00 -3.300000e+01  6.345865e+00
      vertex -2.349472e+00 -3.300000e+01  6.153993e+00
    endloop
  endfacet
  facet normal -9.801725e-02  -0.000000e+00 -9.951847e-01
    outer loop
      vertex -2.349472e+00 -4.550000e+01  6.153993e+00
      vertex -2.349472e+00 -3.300000e+01  6.153993e+00
      vertex -1.177256e+00 -4.550000e+01  6.038539e+00
    endloop
  endfacet
  facet normal -9.801725e-02  0.000000e+00 -9.951847e-01
    outer loop
      vertex -1.177256e+00 -4.550000e+01  6.038539e+00
      vertex -2.349472e+00 -3.300000e+01  6.153993e+00
      vertex -1.177256e+00 -3.300000e+01  6.038539e+00
    endloop
  endfacet
  facet normal -3.271911e-02  -0.000000e+00 -9.994646e-01
    outer loop
      vertex -1.177256e+00 -4.550000e+01  6.038539e+00
      vertex -1.177256e+00 -3.300000e+01  6.038539e+00
      vertex  3.306546e-15 -4.550000e+01  6.000000e+00
    endloop
  endfacet
  facet normal -3.271911e-02  1.803850e-17 -9.994646e-01
    outer loop
      vertex  3.306546e-15 -4.550000e+01  6.000000e+00
      vertex -1.177256e+00 -3.300000e+01  6.038539e+00
      vertex  1.019797e-14 -3.300000e+01  6.000000e+00
    endloop
  endfacet
  facet normal  3.271911e-02 -1.803850e-17 -9.994646e-01
    outer loop
      vertex  3.306546e-15 -4.550000e+01  6.000000e+00
      vertex  1.019797e-14 -3.300000e+01  6.000000e+00
      vertex  1.177256e+00 -4.550000e+01  6.038539e+00
    endloop
  endfacet
  facet normal  3.271911e-02  0.000000e+00 -9.994646e-01
    outer loop
      vertex  1.177256e+00 -4.550000e+01  6.038539e+00
      vertex  1.019797e-14 -3.300000e+01  6.000000e+00
      vertex  1.177256e+00 -3.300000e+01  6.038539e+00
    endloop
  endfacet
  facet normal  9.801725e-02  0.000000e+00 -9.951847e-01
    outer loop
      vertex  1.177256e+00 -4.550000e+01  6.038539e+00
      vertex  1.177256e+00 -3.300000e+01  6.038539e+00
      vertex  2.349472e+00 -4.550000e+01  6.153993e+00
    endloop
  endfacet
  facet normal  9.801725e-02  0.000000e+00 -9.951847e-01
    outer loop
      vertex  2.349472e+00 -4.550000e+01  6.153993e+00
      vertex  1.177256e+00 -3.300000e+01  6.038539e+00
      vertex  2.349472e+00 -3.300000e+01  6.153993e+00
    endloop
  endfacet
  facet normal  1.628952e-01  0.000000e+00 -9.866434e-01
    outer loop
      vertex  2.349472e+00 -4.550000e+01  6.153993e+00
      vertex  2.349472e+00 -3.300000e+01  6.153993e+00
      vertex  3.511626e+00 -4.550000e+01  6.345865e+00
    endloop
  endfacet
  facet normal  1.628952e-01  0.000000e+00 -9.866434e-01
    outer loop
      vertex  3.511626e+00 -4.550000e+01  6.345865e+00
      vertex  2.349472e+00 -3.300000e+01  6.153993e+00
      vertex  3.511626e+00 -3.300000e+01  6.345865e+00
    endloop
  endfacet
  facet normal  2.270764e-01  0.000000e+00 -9.738770e-01
    outer loop
      vertex  3.511626e+00 -4.550000e+01  6.345865e+00
      vertex  3.511626e+00 -3.300000e+01  6.345865e+00
      vertex  4.658743e+00 -4.550000e+01  6.613335e+00
    endloop
  endfacet
  facet normal  2.270764e-01  0.000000e+00 -9.738770e-01
    outer loop
      vertex  4.658743e+00 -4.550000e+01  6.613335e+00
      vertex  3.511626e+00 -3.300000e+01  6.345865e+00
      vertex  4.658743e+00 -3.300000e+01  6.613335e+00
    endloop
  endfacet
  facet normal  2.902848e-01  0.000000e+00 -9.569404e-01
    outer loop
      vertex  4.658743e+00 -4.550000e+01  6.613335e+00
      vertex  4.658743e+00 -3.300000e+01  6.613335e+00
      vertex  5.785911e+00 -4.550000e+01  6.955258e+00
    endloop
  endfacet
  facet normal  2.902848e-01  0.000000e+00 -9.569404e-01
    outer loop
      vertex  5.785911e+00 -4.550000e+01  6.955258e+00
      vertex  4.658743e+00 -3.300000e+01  6.613335e+00
      vertex  5.785911e+00 -3.300000e+01  6.955258e+00
    endloop
  endfacet
  facet normal  3.522498e-01  0.000000e+00 -9.359060e-01
    outer loop
      vertex  5.785911e+00 -4.550000e+01  6.955258e+00
      vertex  5.785911e+00 -3.300000e+01  6.955258e+00
      vertex  6.888302e+00 -4.550000e+01  7.370168e+00
    endloop
  endfacet
  facet normal  3.522498e-01  0.000000e+00 -9.359060e-01
    outer loop
      vertex  6.888302e+00 -4.550000e+01  7.370168e+00
      vertex  5.785911e+00 -3.300000e+01  6.955258e+00
      vertex  6.888302e+00 -3.300000e+01  7.370168e+00
    endloop
  endfacet
  facet normal  4.127073e-01  0.000000e+00 -9.108637e-01
    outer loop
      vertex  6.888302e+00 -4.550000e+01  7.370168e+00
      vertex  6.888302e+00 -3.300000e+01  7.370168e+00
      vertex  7.961196e+00 -4.550000e+01  7.856291e+00
    endloop
  endfacet
  facet normal  4.127073e-01  0.000000e+00 -9.108637e-01
    outer loop
      vertex  7.961196e+00 -4.550000e+01  7.856291e+00
      vertex  6.888302e+00 -3.300000e+01  7.370168e+00
      vertex  7.961196e+00 -3.300000e+01  7.856291e+00
    endloop
  endfacet
  facet normal  4.713967e-01  0.000000e+00 -8.819213e-01
    outer loop
      vertex  7.961196e+00 -4.550000e+01  7.856291e+00
      vertex  7.961196e+00 -3.300000e+01  7.856291e+00
      vertex  9.000000e+00 -4.550000e+01  8.411543e+00
    endloop
  endfacet
  facet normal  4.713967e-01  0.000000e+00 -8.819213e-01
    outer loop
      vertex  9.000000e+00 -4.550000e+01  8.411543e+00
      vertex  7.961196e+00 -3.300000e+01  7.856291e+00
      vertex  9.000000e+00 -3.300000e+01  8.411543e+00
    endloop
  endfacet
  facet normal  5.280681e-01  0.000000e+00 -8.492021e-01
    outer loop
      vertex  9.000000e+00 -4.550000e+01  8.411543e+00
      vertex  9.000000e+00 -3.300000e+01  8.411543e+00
      vertex  1.000026e+01 -4.550000e+01  9.033547e+00
    endloop
  endfacet
  facet normal  5.280681e-01  0.000000e+00 -8.492021e-01
    outer loop
      vertex  1.000026e+01 -4.550000e+01  9.033547e+00
      vertex  9.000000e+00 -3.300000e+01  8.411543e+00
      vertex  1.000026e+01 -3.300000e+01  9.033547e+00
    endloop
  endfacet
  facet normal  5.824775e-01  0.000000e+00 -8.128468e-01
    outer loop
      vertex  1.000026e+01 -4.550000e+01  9.033547e+00
      vertex  1.000026e+01 -3.300000e+01  9.033547e+00
      vertex  1.095771e+01 -4.550000e+01  9.719640e+00
    endloop
  endfacet
  facet normal  5.824775e-01  0.000000e+00 -8.128468e-01
    outer loop
      vertex  1.095771e+01 -4.550000e+01  9.719640e+00
      vertex  1.000026e+01 -3.300000e+01  9.033547e+00
      vertex  1.095771e+01 -3.300000e+01  9.719640e+00
    endloop
  endfacet
  facet normal  6.343932e-01  0.000000e+00 -7.730105e-01
    outer loop
      vertex  1.095771e+01 -4.550000e+01  9.719640e+00
      vertex  1.095771e+01 -3.300000e+01  9.719640e+00
      vertex  1.186823e+01 -4.550000e+01  1.046688e+01
    endloop
  endfacet
  facet normal  6.343932e-01  0.000000e+00 -7.730105e-01
    outer loop
      vertex  1.186823e+01 -4.550000e+01  1.046688e+01
      vertex  1.095771e+01 -3.300000e+01  9.719640e+00
      vertex  1.186823e+01 -3.300000e+01  1.046688e+01
    endloop
  endfacet
  facet normal  6.835921e-01  0.000000e+00 -7.298643e-01
    outer loop
      vertex  1.186823e+01 -4.550000e+01  1.046688e+01
      vertex  1.186823e+01 -3.300000e+01  1.046688e+01
      vertex  1.272792e+01 -4.550000e+01  1.127208e+01
    endloop
  endfacet
  facet normal  6.835921e-01  0.000000e+00 -7.298643e-01
    outer loop
      vertex  1.272792e+01 -4.550000e+01  1.127208e+01
      vertex  1.186823e+01 -3.300000e+01  1.046688e+01
      vertex  1.272792e+01 -3.300000e+01  1.127208e+01
    endloop
  endfacet
  facet normal  7.298643e-01  0.000000e+00 -6.835921e-01
    outer loop
      vertex  1.272792e+01 -4.550000e+01  1.127208e+01
      vertex  1.272792e+01 -3.300000e+01  1.127208e+01
      vertex  1.353312e+01 -4.550000e+01  1.213177e+01
    endloop
  endfacet
  facet normal  7.298643e-01  0.000000e+00 -6.835921e-01
    outer loop
      vertex  1.353312e+01 -4.550000e+01  1.213177e+01
      vertex  1.272792e+01 -3.300000e+01  1.127208e+01
      vertex  1.353312e+01 -3.300000e+01  1.213177e+01
    endloop
  endfacet
  facet normal  7.730105e-01  0.000000e+00 -6.343932e-01
    outer loop
      vertex  1.353312e+01 -4.550000e+01  1.213177e+01
      vertex  1.353312e+01 -3.300000e+01  1.213177e+01
      vertex  1.428036e+01 -4.550000e+01  1.304229e+01
    endloop
  endfacet
  facet normal  7.730105e-01  0.000000e+00 -6.343932e-01
    outer loop
      vertex  1.428036e+01 -4.550000e+01  1.304229e+01
      vertex  1.353312e+01 -3.300000e+01  1.213177e+01
      vertex  1.428036e+01 -3.300000e+01  1.304229e+01
    endloop
  endfacet
  facet normal  8.128468e-01  0.000000e+00 -5.824775e-01
    outer loop
      vertex  1.428036e+01 -4.550000e+01  1.304229e+01
      vertex  1.428036e+01 -3.300000e+01  1.304229e+01
      vertex  1.496645e+01 -4.550000e+01  1.399974e+01
    endloop
  endfacet
  facet normal  8.128468e-01  0.000000e+00 -5.824775e-01
    outer loop
      vertex  1.496645e+01 -4.550000e+01  1.399974e+01
      vertex  1.428036e+01 -3.300000e+01  1.304229e+01
      vertex  1.496645e+01 -3.300000e+01  1.399974e+01
    endloop
  endfacet
  facet normal  8.492021e-01  0.000000e+00 -5.280681e-01
    outer loop
      vertex  1.496645e+01 -4.550000e+01  1.399974e+01
      vertex  1.496645e+01 -3.300000e+01  1.399974e+01
      vertex  1.558846e+01 -4.550000e+01  1.500000e+01
    endloop
  endfacet
  facet normal  8.492021e-01  0.000000e+00 -5.280681e-01
    outer loop
      vertex  1.558846e+01 -4.550000e+01  1.500000e+01
      vertex  1.496645e+01 -3.300000e+01  1.399974e+01
      vertex  1.558846e+01 -3.300000e+01  1.500000e+01
    endloop
  endfacet
  facet normal  8.819212e-01  0.000000e+00 -4.713969e-01
    outer loop
      vertex  1.558846e+01 -4.550000e+01  1.500000e+01
      vertex  1.558846e+01 -3.300000e+01  1.500000e+01
      vertex  1.614371e+01 -4.550000e+01  1.603880e+01
    endloop
  endfacet
  facet normal  8.819212e-01  0.000000e+00 -4.713969e-01
    outer loop
      vertex  1.614371e+01 -4.550000e+01  1.603880e+01
      vertex  1.558846e+01 -3.300000e+01  1.500000e+01
      vertex  1.614371e+01 -3.300000e+01  1.603880e+01
    endloop
  endfacet
  facet normal  9.108639e-01  0.000000e+00 -4.127068e-01
    outer loop
      vertex  1.614371e+01 -4.550000e+01  1.603880e+01
      vertex  1.614371e+01 -3.300000e+01  1.603880e+01
      vertex  1.662983e+01 -4.550000e+01  1.711170e+01
    endloop
  endfacet
  facet normal  9.108639e-01  0.000000e+00 -4.127068e-01
    outer loop
      vertex  1.662983e+01 -4.550000e+01  1.711170e+01
      vertex  1.614371e+01 -3.300000e+01  1.603880e+01
      vertex  1.662983e+01 -3.300000e+01  1.711170e+01
    endloop
  endfacet
  facet normal  9.359059e-01  0.000000e+00 -3.522502e-01
    outer loop
      vertex  1.662983e+01 -4.550000e+01  1.711170e+01
      vertex  1.662983e+01 -3.300000e+01  1.711170e+01
      vertex  1.704474e+01 -4.550000e+01  1.821409e+01
    endloop
  endfacet
  facet normal  9.359059e-01  0.000000e+00 -3.522502e-01
    outer loop
      vertex  1.704474e+01 -4.550000e+01  1.821409e+01
      vertex  1.662983e+01 -3.300000e+01  1.711170e+01
      vertex  1.704474e+01 -3.300000e+01  1.821409e+01
    endloop
  endfacet
  facet normal  9.569402e-01  0.000000e+00 -2.902850e-01
    outer loop
      vertex  1.704474e+01 -4.550000e+01  1.821409e+01
      vertex  1.704474e+01 -3.300000e+01  1.821409e+01
      vertex  1.738667e+01 -4.550000e+01  1.934126e+01
    endloop
  endfacet
  facet normal  9.569402e-01  0.000000e+00 -2.902850e-01
    outer loop
      vertex  1.738667e+01 -4.550000e+01  1.934126e+01
      vertex  1.704474e+01 -3.300000e+01  1.821409e+01
      vertex  1.738667e+01 -3.300000e+01  1.934126e+01
    endloop
  endfacet
  facet normal  9.738772e-01  0.000000e+00 -2.270755e-01
    outer loop
      vertex  1.738667e+01 -4.550000e+01  1.934126e+01
      vertex  1.738667e+01 -3.300000e+01  1.934126e+01
      vertex  1.765413e+01 -4.550000e+01  2.048837e+01
    endloop
  endfacet
  facet normal  9.738772e-01  0.000000e+00 -2.270755e-01
    outer loop
      vertex  1.765413e+01 -4.550000e+01  2.048837e+01
      vertex  1.738667e+01 -3.300000e+01  1.934126e+01
      vertex  1.765413e+01 -3.300000e+01  2.048837e+01
    endloop
  endfacet
  facet normal  9.866432e-01  0.000000e+00 -1.628965e-01
    outer loop
      vertex  1.765413e+01 -4.550000e+01  2.048837e+01
      vertex  1.765413e+01 -3.300000e+01  2.048837e+01
      vertex  1.784601e+01 -4.550000e+01  2.165053e+01
    endloop
  endfacet
  facet normal  9.866432e-01  0.000000e+00 -1.628965e-01
    outer loop
      vertex  1.784601e+01 -4.550000e+01  2.165053e+01
      vertex  1.765413e+01 -3.300000e+01  2.048837e+01
      vertex  1.784601e+01 -3.300000e+01  2.165053e+01
    endloop
  endfacet
  facet normal  9.951849e-01  0.000000e+00 -9.801594e-02
    outer loop
      vertex  1.784601e+01 -4.550000e+01  2.165053e+01
      vertex  1.784601e+01 -3.300000e+01  2.165053e+01
      vertex  1.796146e+01 -4.550000e+01  2.282274e+01
    endloop
  endfacet
  facet normal  9.951849e-01  0.000000e+00 -9.801594e-02
    outer loop
      vertex  1.796146e+01 -4.550000e+01  2.282274e+01
      vertex  1.784601e+01 -3.300000e+01  2.165053e+01
      vertex  1.796146e+01 -3.300000e+01  2.282274e+01
    endloop
  endfacet
  facet normal  9.994646e-01  0.000000e+00 -3.271953e-02
    outer loop
      vertex  1.796146e+01 -4.550000e+01  2.282274e+01
      vertex  1.796146e+01 -3.300000e+01  2.282274e+01
      vertex  1.800000e+01 -4.550000e+01  2.400000e+01
    endloop
  endfacet
  facet normal  9.994646e-01  0.000000e+00 -3.271953e-02
    outer loop
      vertex  1.800000e+01 -4.550000e+01  2.400000e+01
      vertex  1.796146e+01 -3.300000e+01  2.282274e+01
      vertex  1.800000e+01 -3.300000e+01  2.400000e+01
    endloop
  endfacet
  facet normal  9.994646e-01  0.000000e+00  3.271953e-02
    outer loop
      vertex  1.800000e+01 -2.700000e+01  2.400000e+01
      vertex  1.796146e+01 -2.700000e+01  2.517726e+01
      vertex  1.800000e+01 -3.300000e+01  2.400000e+01
    endloop
  endfacet
  facet normal -9.994646e-01  0.000000e+00  3.271953e-02
    outer loop
      vertex -1.800000e+01 -4.550000e+01  2.400000e+01
      vertex -1.796146e+01 -4.550000e+01  2.517726e+01
      vertex -1.800000e+01 -3.300000e+01  2.400000e+01
    endloop
  endfacet
  facet normal  9.994646e-01  0.000000e+00  3.271953e-02
    outer loop
      vertex  1.800000e+01 -4.550000e+01  2.400000e+01
      vertex  1.800000e+01 -3.300000e+01  2.400000e+01
      vertex  1.796146e+01 -4.550000e+01  2.517726e+01
    endloop
  endfacet
  facet normal  9.994646e-01  -0.000000e+00  3.271953e-02
    outer loop
      vertex  1.796146e+01 -4.550000e+01  2.517726e+01
      vertex  1.800000e+01 -3.300000e+01  2.400000e+01
      vertex  1.796146e+01 -2.700000e+01  2.517726e+01
    endloop
  endfacet
  facet normal  9.951848e-01  0.000000e+00  9.801593e-02
    outer loop
      vertex  1.796146e+01 -4.550000e+01  2.517726e+01
      vertex  1.796146e+01 -2.700000e+01  2.517726e+01
      vertex  1.784601e+01 -4.550000e+01  2.634947e+01
    endloop
  endfacet
  facet normal  9.951848e-01  -0.000000e+00  9.801593e-02
    outer loop
      vertex  1.784601e+01 -4.550000e+01  2.634947e+01
      vertex  1.796146e+01 -2.700000e+01  2.517726e+01
      vertex  1.784601e+01 -2.700000e+01  2.634947e+01
    endloop
  endfacet
  facet normal  9.866431e-01  0.000000e+00  1.628965e-01
    outer loop
      vertex  1.784601e+01 -4.550000e+01  2.634947e+01
      vertex  1.784601e+01 -2.700000e+01  2.634947e+01
      vertex  1.765413e+01 -4.550000e+01  2.751163e+01
    endloop
  endfacet
  facet normal  9.866431e-01  -0.000000e+00  1.628965e-01
    outer loop
      vertex  1.765413e+01 -4.550000e+01  2.751163e+01
      vertex  1.784601e+01 -2.700000e+01  2.634947e+01
      vertex  1.765413e+01 -2.700000e+01  2.751163e+01
    endloop
  endfacet
  facet normal  9.738772e-01  0.000000e+00  2.270755e-01
    outer loop
      vertex  1.765413e+01 -4.550000e+01  2.751163e+01
      vertex  1.765413e+01 -2.700000e+01  2.751163e+01
      vertex  1.738667e+01 -4.550000e+01  2.865874e+01
    endloop
  endfacet
  facet normal  9.738772e-01  -0.000000e+00  2.270755e-01
    outer loop
      vertex  1.738667e+01 -4.550000e+01  2.865874e+01
      vertex  1.765413e+01 -2.700000e+01  2.751163e+01
      vertex  1.738667e+01 -2.700000e+01  2.865874e+01
    endloop
  endfacet
  facet normal  9.569402e-01  0.000000e+00  2.902851e-01
    outer loop
      vertex  1.738667e+01 -4.550000e+01  2.865874e+01
      vertex  1.738667e+01 -2.700000e+01  2.865874e+01
      vertex  1.704474e+01 -4.550000e+01  2.978591e+01
    endloop
  endfacet
  facet normal  9.569402e-01  -0.000000e+00  2.902851e-01
    outer loop
      vertex  1.704474e+01 -4.550000e+01  2.978591e+01
      vertex  1.738667e+01 -2.700000e+01  2.865874e+01
      vertex  1.704474e+01 -2.700000e+01  2.978591e+01
    endloop
  endfacet
  facet normal  9.359059e-01  0.000000e+00  3.522502e-01
    outer loop
      vertex  1.704474e+01 -4.550000e+01  2.978591e+01
      vertex  1.704474e+01 -2.700000e+01  2.978591e+01
      vertex  1.662983e+01 -4.550000e+01  3.088830e+01
    endloop
  endfacet
  facet normal  9.359059e-01  -0.000000e+00  3.522502e-01
    outer loop
      vertex  1.662983e+01 -4.550000e+01  3.088830e+01
      vertex  1.704474e+01 -2.700000e+01  2.978591e+01
      vertex  1.662983e+01 -2.700000e+01  3.088830e+01
    endloop
  endfacet
  facet normal  9.108639e-01  0.000000e+00  4.127069e-01
    outer loop
      vertex  1.662983e+01 -4.550000e+01  3.088830e+01
      vertex  1.662983e+01 -2.700000e+01  3.088830e+01
      vertex  1.614371e+01 -4.550000e+01  3.196120e+01
    endloop
  endfacet
  facet normal  9.108639e-01  -0.000000e+00  4.127069e-01
    outer loop
      vertex  1.614371e+01 -4.550000e+01  3.196120e+01
      vertex  1.662983e+01 -2.700000e+01  3.088830e+01
      vertex  1.614371e+01 -2.700000e+01  3.196120e+01
    endloop
  endfacet
  facet normal  8.819212e-01  0.000000e+00  4.713969e-01
    outer loop
      vertex  1.614371e+01 -4.550000e+01  3.196120e+01
      vertex  1.614371e+01 -2.700000e+01  3.196120e+01
      vertex  1.558846e+01 -4.550000e+01  3.300000e+01
    endloop
  endfacet
  facet normal  8.819212e-01  -0.000000e+00  4.713969e-01
    outer loop
      vertex  1.558846e+01 -4.550000e+01  3.300000e+01
      vertex  1.614371e+01 -2.700000e+01  3.196120e+01
      vertex  1.558846e+01 -2.700000e+01  3.300000e+01
    endloop
  endfacet
  facet normal  8.492018e-01  0.000000e+00  5.280684e-01
    outer loop
      vertex  1.558846e+01 -4.550000e+01  3.300000e+01
      vertex  1.558846e+01 -2.700000e+01  3.300000e+01
      vertex  1.496645e+01 -4.550000e+01  3.400026e+01
    endloop
  endfacet
  facet normal  8.492018e-01  -0.000000e+00  5.280684e-01
    outer loop
      vertex  1.496645e+01 -4.550000e+01  3.400026e+01
      vertex  1.558846e+01 -2.700000e+01  3.300000e+01
      vertex  1.496645e+01 -2.700000e+01  3.400026e+01
    endloop
  endfacet
  facet normal  8.128473e-01  0.000000e+00  5.824767e-01
    outer loop
      vertex  1.496645e+01 -4.550000e+01  3.400026e+01
      vertex  1.496645e+01 -2.700000e+01  3.400026e+01
      vertex  1.428036e+01 -4.550000e+01  3.495771e+01
    endloop
  endfacet
  facet normal  8.128473e-01  -0.000000e+00  5.824767e-01
    outer loop
      vertex  1.428036e+01 -4.550000e+01  3.495771e+01
      vertex  1.496645e+01 -2.700000e+01  3.400026e+01
      vertex  1.428036e+01 -2.700000e+01  3.495771e+01
    endloop
  endfacet
  facet normal  7.730102e-01  0.000000e+00  6.343935e-01
    outer loop
      vertex  1.428036e+01 -4.550000e+01  3.495771e+01
      vertex  1.428036e+01 -2.700000e+01  3.495771e+01
      vertex  1.353312e+01 -4.550000e+01  3.586823e+01
    endloop
  endfacet
  facet normal  7.730102e-01  -0.000000e+00  6.343935e-01
    outer loop
      vertex  1.353312e+01 -4.550000e+01  3.586823e+01
      vertex  1.428036e+01 -2.700000e+01  3.495771e+01
      vertex  1.353312e+01 -2.700000e+01  3.586823e+01
    endloop
  endfacet
  facet normal  7.298635e-01  0.000000e+00  6.835929e-01
    outer loop
      vertex  1.353312e+01 -4.550000e+01  3.586823e+01
      vertex  1.353312e+01 -2.700000e+01  3.586823e+01
      vertex  1.272792e+01 -4.550000e+01  3.672792e+01
    endloop
  endfacet
  facet normal  7.298635e-01  -0.000000e+00  6.835929e-01
    outer loop
      vertex  1.272792e+01 -4.550000e+01  3.672792e+01
      vertex  1.353312e+01 -2.700000e+01  3.586823e+01
      vertex  1.272792e+01 -2.700000e+01  3.672792e+01
    endloop
  endfacet
  facet normal  6.835925e-01  0.000000e+00  7.298639e-01
    outer loop
      vertex  1.272792e+01 -4.550000e+01  3.672792e+01
      vertex  1.272792e+01 -2.700000e+01  3.672792e+01
      vertex  1.186823e+01 -4.550000e+01  3.753312e+01
    endloop
  endfacet
  facet normal  6.835925e-01  -0.000000e+00  7.298639e-01
    outer loop
      vertex  1.186823e+01 -4.550000e+01  3.753312e+01
      vertex  1.272792e+01 -2.700000e+01  3.672792e+01
      vertex  1.186823e+01 -2.700000e+01  3.753312e+01
    endloop
  endfacet
  facet normal  6.343941e-01  0.000000e+00  7.730097e-01
    outer loop
      vertex  1.186823e+01 -4.550000e+01  3.753312e+01
      vertex  1.186823e+01 -2.700000e+01  3.753312e+01
      vertex  1.095771e+01 -4.550000e+01  3.828036e+01
    endloop
  endfacet
  facet normal  6.343941e-01  -0.000000e+00  7.730097e-01
    outer loop
      vertex  1.095771e+01 -4.550000e+01  3.828036e+01
      vertex  1.186823e+01 -2.700000e+01  3.753312e+01
      vertex  1.095771e+01 -2.700000e+01  3.828036e+01
    endloop
  endfacet
  facet normal  5.824775e-01  0.000000e+00  8.128469e-01
    outer loop
      vertex  1.095771e+01 -4.550000e+01  3.828036e+01
      vertex  1.095771e+01 -2.700000e+01  3.828036e+01
      vertex  1.000026e+01 -4.550000e+01  3.896645e+01
    endloop
  endfacet
  facet normal  5.824775e-01  -0.000000e+00  8.128469e-01
    outer loop
      vertex  1.000026e+01 -4.550000e+01  3.896645e+01
      vertex  1.095771e+01 -2.700000e+01  3.828036e+01
      vertex  1.000026e+01 -2.700000e+01  3.896645e+01
    endloop
  endfacet
  facet normal  5.280686e-01  0.000000e+00  8.492017e-01
    outer loop
      vertex  1.000026e+01 -4.550000e+01  3.896645e+01
      vertex  1.000026e+01 -2.700000e+01  3.896645e+01
      vertex  9.000000e+00 -4.550000e+01  3.958846e+01
    endloop
  endfacet
  facet normal  5.280686e-01  -0.000000e+00  8.492017e-01
    outer loop
      vertex  9.000000e+00 -4.550000e+01  3.958846e+01
      vertex  1.000026e+01 -2.700000e+01  3.896645e+01
      vertex  9.000000e+00 -2.700000e+01  3.958846e+01
    endloop
  endfacet
  facet normal  4.713967e-01  0.000000e+00  8.819212e-01
    outer loop
      vertex  9.000000e+00 -4.550000e+01  3.958846e+01
      vertex  9.000000e+00 -2.700000e+01  3.958846e+01
      vertex  7.961196e+00 -4.550000e+01  4.014371e+01
    endloop
  endfacet
  facet normal  4.713967e-01  -0.000000e+00  8.819212e-01
    outer loop
      vertex  7.961196e+00 -4.550000e+01  4.014371e+01
      vertex  9.000000e+00 -2.700000e+01  3.958846e+01
      vertex  7.961196e+00 -2.700000e+01  4.014371e+01
    endloop
  endfacet
  facet normal  4.127070e-01  0.000000e+00  9.108638e-01
    outer loop
      vertex  7.961196e+00 -4.550000e+01  4.014371e+01
      vertex  7.961196e+00 -2.700000e+01  4.014371e+01
      vertex  6.888302e+00 -4.550000e+01  4.062983e+01
    endloop
  endfacet
  facet normal  4.127070e-01  -0.000000e+00  9.108638e-01
    outer loop
      vertex  6.888302e+00 -4.550000e+01  4.062983e+01
      vertex  7.961196e+00 -2.700000e+01  4.014371e+01
      vertex  6.888302e+00 -2.700000e+01  4.062983e+01
    endloop
  endfacet
  facet normal  3.522491e-01  0.000000e+00  9.359063e-01
    outer loop
      vertex  6.888302e+00 -4.550000e+01  4.062983e+01
      vertex  6.888302e+00 -2.700000e+01  4.062983e+01
      vertex  5.785911e+00 -4.550000e+01  4.104474e+01
    endloop
  endfacet
  facet normal  3.522491e-01  -0.000000e+00  9.359063e-01
    outer loop
      vertex  5.785911e+00 -4.550000e+01  4.104474e+01
      vertex  6.888302e+00 -2.700000e+01  4.062983e+01
      vertex  5.785911e+00 -2.700000e+01  4.104474e+01
    endloop
  endfacet
  facet normal  2.902848e-01  0.000000e+00  9.569403e-01
    outer loop
      vertex  5.785911e+00 -4.550000e+01  4.104474e+01
      vertex  5.785911e+00 -2.700000e+01  4.104474e+01
      vertex  4.658743e+00 -4.550000e+01  4.138667e+01
    endloop
  endfacet
  facet normal  2.902848e-01  -0.000000e+00  9.569403e-01
    outer loop
      vertex  4.658743e+00 -4.550000e+01  4.138667e+01
      vertex  5.785911e+00 -2.700000e+01  4.104474e+01
      vertex  4.658743e+00 -2.700000e+01  4.138667e+01
    endloop
  endfacet
  facet normal  2.270772e-01  0.000000e+00  9.738768e-01
    outer loop
      vertex  4.658743e+00 -4.550000e+01  4.138667e+01
      vertex  4.658743e+00 -2.700000e+01  4.138667e+01
      vertex  3.511626e+00 -4.550000e+01  4.165414e+01
    endloop
  endfacet
  facet normal  2.270772e-01  -0.000000e+00  9.738768e-01
    outer loop
      vertex  3.511626e+00 -4.550000e+01  4.165414e+01
      vertex  4.658743e+00 -2.700000e+01  4.138667e+01
      vertex  3.511626e+00 -2.700000e+01  4.165414e+01
    endloop
  endfacet
  facet normal  1.628948e-01  0.000000e+00  9.866434e-01
    outer loop
      vertex  3.511626e+00 -4.550000e+01  4.165414e+01
      vertex  3.511626e+00 -2.700000e+01  4.165414e+01
      vertex  2.349472e+00 -4.550000e+01  4.184601e+01
    endloop
  endfacet
  facet normal  1.628948e-01  -0.000000e+00  9.866434e-01
    outer loop
      vertex  2.349472e+00 -4.550000e+01  4.184601e+01
      vertex  3.511626e+00 -2.700000e+01  4.165414e+01
      vertex  2.349472e+00 -2.700000e+01  4.184601e+01
    endloop
  endfacet
  facet normal  9.801604e-02  0.000000e+00  9.951848e-01
    outer loop
      vertex  2.349472e+00 -4.550000e+01  4.184601e+01
      vertex  2.349472e+00 -2.700000e+01  4.184601e+01
      vertex  1.177256e+00 -4.550000e+01  4.196146e+01
    endloop
  endfacet
  facet normal  9.801604e-02  -0.000000e+00  9.951848e-01
    outer loop
      vertex  1.177256e+00 -4.550000e+01  4.196146e+01
      vertex  2.349472e+00 -2.700000e+01  4.184601e+01
      vertex  1.177256e+00 -2.700000e+01  4.196146e+01
    endloop
  endfacet
  facet normal  3.271951e-02  0.000000e+00  9.994646e-01
    outer loop
      vertex  1.177256e+00 -4.550000e+01  4.196146e+01
      vertex  1.177256e+00 -2.700000e+01  4.196146e+01
      vertex -1.102182e-15 -4.550000e+01  4.200000e+01
    endloop
  endfacet
  facet normal  3.271951e-02 -7.068834e-18  9.994646e-01
    outer loop
      vertex -1.102182e-15 -4.550000e+01  4.200000e+01
      vertex  1.177256e+00 -2.700000e+01  4.196146e+01
      vertex  2.894621e-15 -2.700000e+01  4.200000e+01
    endloop
  endfacet
  facet normal -3.271951e-02  7.068834e-18  9.994646e-01
    outer loop
      vertex -1.102182e-15 -4.550000e+01  4.200000e+01
      vertex  2.894621e-15 -2.700000e+01  4.200000e+01
      vertex -1.177256e+00 -4.550000e+01  4.196146e+01
    endloop
  endfacet
  facet normal -3.271951e-02  0.000000e+00  9.994646e-01
    outer loop
      vertex -1.177256e+00 -4.550000e+01  4.196146e+01
      vertex  2.894621e-15 -2.700000e+01  4.200000e+01
      vertex -1.177256e+00 -2.700000e+01  4.196146e+01
    endloop
  endfacet
  facet normal -9.801604e-02  0.000000e+00  9.951848e-01
    outer loop
      vertex -1.177256e+00 -4.550000e+01  4.196146e+01
      vertex -1.177256e+00 -2.700000e+01  4.196146e+01
      vertex -2.349472e+00 -4.550000e+01  4.184601e+01
    endloop
  endfacet
  facet normal -9.801604e-02  0.000000e+00  9.951848e-01
    outer loop
      vertex -2.349472e+00 -4.550000e+01  4.184601e+01
      vertex -1.177256e+00 -2.700000e+01  4.196146e+01
      vertex -2.349472e+00 -2.700000e+01  4.184601e+01
    endloop
  endfacet
  facet normal -1.628948e-01  0.000000e+00  9.866434e-01
    outer loop
      vertex -2.349472e+00 -4.550000e+01  4.184601e+01
      vertex -2.349472e+00 -2.700000e+01  4.184601e+01
      vertex -3.511626e+00 -4.550000e+01  4.165414e+01
    endloop
  endfacet
  facet normal -1.628948e-01  0.000000e+00  9.866434e-01
    outer loop
      vertex -3.511626e+00 -4.550000e+01  4.165414e+01
      vertex -2.349472e+00 -2.700000e+01  4.184601e+01
      vertex -3.511626e+00 -2.700000e+01  4.165414e+01
    endloop
  endfacet
  facet normal -2.270772e-01  0.000000e+00  9.738768e-01
    outer loop
      vertex -3.511626e+00 -4.550000e+01  4.165414e+01
      vertex -3.511626e+00 -2.700000e+01  4.165414e+01
      vertex -4.658743e+00 -4.550000e+01  4.138667e+01
    endloop
  endfacet
  facet normal -2.270772e-01  0.000000e+00  9.738768e-01
    outer loop
      vertex -4.658743e+00 -4.550000e+01  4.138667e+01
      vertex -3.511626e+00 -2.700000e+01  4.165414e+01
      vertex -4.658743e+00 -2.700000e+01  4.138667e+01
    endloop
  endfacet
  facet normal -2.902848e-01  0.000000e+00  9.569403e-01
    outer loop
      vertex -4.658743e+00 -4.550000e+01  4.138667e+01
      vertex -4.658743e+00 -2.700000e+01  4.138667e+01
      vertex -5.785911e+00 -4.550000e+01  4.104474e+01
    endloop
  endfacet
  facet normal -2.902848e-01  0.000000e+00  9.569403e-01
    outer loop
      vertex -5.785911e+00 -4.550000e+01  4.104474e+01
      vertex -4.658743e+00 -2.700000e+01  4.138667e+01
      vertex -5.785911e+00 -2.700000e+01  4.104474e+01
    endloop
  endfacet
  facet normal -3.522491e-01  0.000000e+00  9.359063e-01
    outer loop
      vertex -5.785911e+00 -4.550000e+01  4.104474e+01
      vertex -5.785911e+00 -2.700000e+01  4.104474e+01
      vertex -6.888302e+00 -4.550000e+01  4.062983e+01
    endloop
  endfacet
  facet normal -3.522491e-01  0.000000e+00  9.359063e-01
    outer loop
      vertex -6.888302e+00 -4.550000e+01  4.062983e+01
      vertex -5.785911e+00 -2.700000e+01  4.104474e+01
      vertex -6.888302e+00 -2.700000e+01  4.062983e+01
    endloop
  endfacet
  facet normal -4.127070e-01  0.000000e+00  9.108638e-01
    outer loop
      vertex -6.888302e+00 -4.550000e+01  4.062983e+01
      vertex -6.888302e+00 -2.700000e+01  4.062983e+01
      vertex -7.961196e+00 -4.550000e+01  4.014371e+01
    endloop
  endfacet
  facet normal -4.127070e-01  0.000000e+00  9.108638e-01
    outer loop
      vertex -7.961196e+00 -4.550000e+01  4.014371e+01
      vertex -6.888302e+00 -2.700000e+01  4.062983e+01
      vertex -7.961196e+00 -2.700000e+01  4.014371e+01
    endloop
  endfacet
  facet normal -4.713967e-01  0.000000e+00  8.819212e-01
    outer loop
      vertex -7.961196e+00 -4.550000e+01  4.014371e+01
      vertex -7.961196e+00 -2.700000e+01  4.014371e+01
      vertex -9.000000e+00 -4.550000e+01  3.958846e+01
    endloop
  endfacet
  facet normal -4.713967e-01  0.000000e+00  8.819212e-01
    outer loop
      vertex -9.000000e+00 -4.550000e+01  3.958846e+01
      vertex -7.961196e+00 -2.700000e+01  4.014371e+01
      vertex -9.000000e+00 -2.700000e+01  3.958846e+01
    endloop
  endfacet
  facet normal -5.280686e-01  0.000000e+00  8.492017e-01
    outer loop
      vertex -9.000000e+00 -4.550000e+01  3.958846e+01
      vertex -9.000000e+00 -2.700000e+01  3.958846e+01
      vertex -1.000026e+01 -4.550000e+01  3.896645e+01
    endloop
  endfacet
  facet normal -5.280686e-01  0.000000e+00  8.492017e-01
    outer loop
      vertex -1.000026e+01 -4.550000e+01  3.896645e+01
      vertex -9.000000e+00 -2.700000e+01  3.958846e+01
      vertex -1.000026e+01 -2.700000e+01  3.896645e+01
    endloop
  endfacet
  facet normal -5.824775e-01  0.000000e+00  8.128469e-01
    outer loop
      vertex -1.000026e+01 -4.550000e+01  3.896645e+01
      vertex -1.000026e+01 -2.700000e+01  3.896645e+01
      vertex -1.095771e+01 -4.550000e+01  3.828036e+01
    endloop
  endfacet
  facet normal -5.824775e-01  0.000000e+00  8.128469e-01
    outer loop
      vertex -1.095771e+01 -4.550000e+01  3.828036e+01
      vertex -1.000026e+01 -2.700000e+01  3.896645e+01
      vertex -1.095771e+01 -2.700000e+01  3.828036e+01
    endloop
  endfacet
  facet normal -6.343941e-01  0.000000e+00  7.730097e-01
    outer loop
      vertex -1.095771e+01 -4.550000e+01  3.828036e+01
      vertex -1.095771e+01 -2.700000e+01  3.828036e+01
      vertex -1.186823e+01 -4.550000e+01  3.753312e+01
    endloop
  endfacet
  facet normal -6.343941e-01  0.000000e+00  7.730097e-01
    outer loop
      vertex -1.186823e+01 -4.550000e+01  3.753312e+01
      vertex -1.095771e+01 -2.700000e+01  3.828036e+01
      vertex -1.186823e+01 -2.700000e+01  3.753312e+01
    endloop
  endfacet
  facet normal -6.835925e-01  0.000000e+00  7.298639e-01
    outer loop
      vertex -1.186823e+01 -4.550000e+01  3.753312e+01
      vertex -1.186823e+01 -2.700000e+01  3.753312e+01
      vertex -1.272792e+01 -4.550000e+01  3.672792e+01
    endloop
  endfacet
  facet normal -6.835925e-01  0.000000e+00  7.298639e-01
    outer loop
      vertex -1.272792e+01 -4.550000e+01  3.672792e+01
      vertex -1.186823e+01 -2.700000e+01  3.753312e+01
      vertex -1.272792e+01 -2.700000e+01  3.672792e+01
    endloop
  endfacet
  facet normal -7.298635e-01  0.000000e+00  6.835929e-01
    outer loop
      vertex -1.272792e+01 -4.550000e+01  3.672792e+01
      vertex -1.272792e+01 -2.700000e+01  3.672792e+01
      vertex -1.353312e+01 -4.550000e+01  3.586823e+01
    endloop
  endfacet
  facet normal -7.298635e-01  0.000000e+00  6.835929e-01
    outer loop
      vertex -1.353312e+01 -4.550000e+01  3.586823e+01
      vertex -1.272792e+01 -2.700000e+01  3.672792e+01
      vertex -1.353312e+01 -2.700000e+01  3.586823e+01
    endloop
  endfacet
  facet normal -7.730102e-01  0.000000e+00  6.343935e-01
    outer loop
      vertex -1.353312e+01 -4.550000e+01  3.586823e+01
      vertex -1.353312e+01 -2.700000e+01  3.586823e+01
      vertex -1.428036e+01 -4.550000e+01  3.495771e+01
    endloop
  endfacet
  facet normal -7.730102e-01  0.000000e+00  6.343935e-01
    outer loop
      vertex -1.428036e+01 -4.550000e+01  3.495771e+01
      vertex -1.353312e+01 -2.700000e+01  3.586823e+01
      vertex -1.428036e+01 -2.700000e+01  3.495771e+01
    endloop
  endfacet
  facet normal -8.128473e-01  0.000000e+00  5.824767e-01
    outer loop
      vertex -1.428036e+01 -4.550000e+01  3.495771e+01
      vertex -1.428036e+01 -2.700000e+01  3.495771e+01
      vertex -1.496645e+01 -4.550000e+01  3.400026e+01
    endloop
  endfacet
  facet normal -8.128473e-01  0.000000e+00  5.824767e-01
    outer loop
      vertex -1.496645e+01 -4.550000e+01  3.400026e+01
      vertex -1.428036e+01 -2.700000e+01  3.495771e+01
      vertex -1.496645e+01 -2.700000e+01  3.400026e+01
    endloop
  endfacet
  facet normal -8.492018e-01  0.000000e+00  5.280684e-01
    outer loop
      vertex -1.496645e+01 -4.550000e+01  3.400026e+01
      vertex -1.496645e+01 -2.700000e+01  3.400026e+01
      vertex -1.558846e+01 -4.550000e+01  3.300000e+01
    endloop
  endfacet
  facet normal -8.492018e-01  0.000000e+00  5.280684e-01
    outer loop
      vertex -1.558846e+01 -4.550000e+01  3.300000e+01
      vertex -1.496645e+01 -2.700000e+01  3.400026e+01
      vertex -1.558846e+01 -2.700000e+01  3.300000e+01
    endloop
  endfacet
  facet normal -8.819212e-01  0.000000e+00  4.713969e-01
    outer loop
      vertex -1.558846e+01 -4.550000e+01  3.300000e+01
      vertex -1.558846e+01 -2.700000e+01  3.300000e+01
      vertex -1.614371e+01 -4.550000e+01  3.196120e+01
    endloop
  endfacet
  facet normal -8.819212e-01  0.000000e+00  4.713969e-01
    outer loop
      vertex -1.614371e+01 -4.550000e+01  3.196120e+01
      vertex -1.558846e+01 -2.700000e+01  3.300000e+01
      vertex -1.614371e+01 -2.700000e+01  3.196120e+01
    endloop
  endfacet
  facet normal -9.108639e-01  0.000000e+00  4.127069e-01
    outer loop
      vertex -1.614371e+01 -4.550000e+01  3.196120e+01
      vertex -1.614371e+01 -2.700000e+01  3.196120e+01
      vertex -1.662983e+01 -4.550000e+01  3.088830e+01
    endloop
  endfacet
  facet normal -9.108639e-01  0.000000e+00  4.127069e-01
    outer loop
      vertex -1.662983e+01 -4.550000e+01  3.088830e+01
      vertex -1.614371e+01 -2.700000e+01  3.196120e+01
      vertex -1.662983e+01 -2.700000e+01  3.088830e+01
    endloop
  endfacet
  facet normal -9.359059e-01  0.000000e+00  3.522502e-01
    outer loop
      vertex -1.662983e+01 -4.550000e+01  3.088830e+01
      vertex -1.662983e+01 -2.700000e+01  3.088830e+01
      vertex -1.704474e+01 -4.550000e+01  2.978591e+01
    endloop
  endfacet
  facet normal -9.359059e-01  0.000000e+00  3.522502e-01
    outer loop
      vertex -1.704474e+01 -4.550000e+01  2.978591e+01
      vertex -1.662983e+01 -2.700000e+01  3.088830e+01
      vertex -1.704474e+01 -2.700000e+01  2.978591e+01
    endloop
  endfacet
  facet normal -9.569402e-01  0.000000e+00  2.902851e-01
    outer loop
      vertex -1.704474e+01 -4.550000e+01  2.978591e+01
      vertex -1.704474e+01 -2.700000e+01  2.978591e+01
      vertex -1.738667e+01 -4.550000e+01  2.865874e+01
    endloop
  endfacet
  facet normal -9.569402e-01  0.000000e+00  2.902851e-01
    outer loop
      vertex -1.738667e+01 -4.550000e+01  2.865874e+01
      vertex -1.704474e+01 -2.700000e+01  2.978591e+01
      vertex -1.738667e+01 -2.700000e+01  2.865874e+01
    endloop
  endfacet
  facet normal -9.738772e-01  0.000000e+00  2.270755e-01
    outer loop
      vertex -1.738667e+01 -4.550000e+01  2.865874e+01
      vertex -1.738667e+01 -2.700000e+01  2.865874e+01
      vertex -1.765413e+01 -4.550000e+01  2.751163e+01
    endloop
  endfacet
  facet normal -9.738772e-01  0.000000e+00  2.270755e-01
    outer loop
      vertex -1.765413e+01 -4.550000e+01  2.751163e+01
      vertex -1.738667e+01 -2.700000e+01  2.865874e+01
      vertex -1.765413e+01 -2.700000e+01  2.751163e+01
    endloop
  endfacet
  facet normal -9.866431e-01  0.000000e+00  1.628965e-01
    outer loop
      vertex -1.765413e+01 -4.550000e+01  2.751163e+01
      vertex -1.765413e+01 -2.700000e+01  2.751163e+01
      vertex -1.784601e+01 -4.550000e+01  2.634947e+01
    endloop
  endfacet
  facet normal -9.866431e-01  0.000000e+00  1.628965e-01
    outer loop
      vertex -1.784601e+01 -4.550000e+01  2.634947e+01
      vertex -1.765413e+01 -2.700000e+01  2.751163e+01
      vertex -1.784601e+01 -2.700000e+01  2.634947e+01
    endloop
  endfacet
  facet normal -9.951848e-01  0.000000e+00  9.801593e-02
    outer loop
      vertex -1.784601e+01 -4.550000e+01  2.634947e+01
      vertex -1.784601e+01 -2.700000e+01  2.634947e+01
      vertex -1.796146e+01 -4.550000e+01  2.517726e+01
    endloop
  endfacet
  facet normal -9.951848e-01  0.000000e+00  9.801593e-02
    outer loop
      vertex -1.796146e+01 -4.550000e+01  2.517726e+01
      vertex -1.784601e+01 -2.700000e+01  2.634947e+01
      vertex -1.796146e+01 -2.700000e+01  2.517726e+01
    endloop
  endfacet
  facet normal -9.994646e-01  0.000000e+00  3.271953e-02
    outer loop
      vertex -1.796146e+01 -4.550000e+01  2.517726e+01
      vertex -1.796146e+01 -2.700000e+01  2.517726e+01
      vertex -1.800000e+01 -3.300000e+01  2.400000e+01
    endloop
  endfacet
  facet normal -9.994646e-01  0.000000e+00  3.271953e-02
    outer loop
      vertex -1.800000e+01 -3.300000e+01  2.400000e+01
      vertex -1.796146e+01 -2.700000e+01  2.517726e+01
      vertex -1.800000e+01 -2.700000e+01  2.400000e+01
    endloop
  endfacet
  facet normal -7.069174e-01 -7.069174e-01  2.314240e-02
    outer loop
      vertex -1.650000e+01 -4.700000e+01  2.400000e+01
      vertex -1.796146e+01 -4.550000e+01  2.517726e+01
      vertex -1.800000e+01 -4.550000e+01  2.400000e+01
    endloop
  endfacet
  facet normal -7.065058e-01 -7.072955e-01  2.413509e-02
    outer loop
      vertex -1.650000e+01 -4.700000e+01  2.400000e+01
      vertex -1.646153e+01 -4.700000e+01  2.512600e+01
      vertex -1.796146e+01 -4.550000e+01  2.517726e+01
    endloop
  endfacet
  facet normal  7.065058e-01 -7.072955e-01  2.413509e-02
    outer loop
      vertex  1.650000e+01 -4.700000e+01  2.400000e+01
      vertex  1.796146e+01 -4.550000e+01  2.517726e+01
      vertex  1.646153e+01 -4.700000e+01  2.512600e+01
    endloop
  endfacet
  facet normal  7.069174e-01 -7.069174e-01  2.314240e-02
    outer loop
      vertex  1.650000e+01 -4.700000e+01  2.400000e+01
      vertex  1.800000e+01 -4.550000e+01  2.400000e+01
      vertex  1.796146e+01 -4.550000e+01  2.517726e+01
    endloop
  endfacet
  facet normal -7.042353e-01 -7.065704e-01  6.936026e-02
    outer loop
      vertex -1.646153e+01 -4.700000e+01  2.512600e+01
      vertex -1.784601e+01 -4.550000e+01  2.634947e+01
      vertex -1.796146e+01 -4.550000e+01  2.517726e+01
    endloop
  endfacet
  facet normal -6.985014e-01 -7.062551e-01  1.153238e-01
    outer loop
      vertex -1.634632e+01 -4.700000e+01  2.624675e+01
      vertex -1.765413e+01 -4.550000e+01  2.751163e+01
      vertex -1.784601e+01 -4.550000e+01  2.634947e+01
    endloop
  endfacet
  facet normal -7.028527e-01 -7.076561e-01  7.225581e-02
    outer loop
      vertex -1.634632e+01 -4.700000e+01  2.624675e+01
      vertex -1.784601e+01 -4.550000e+01  2.634947e+01
      vertex -1.646153e+01 -4.700000e+01  2.512600e+01
    endloop
  endfacet
  facet normal -6.897406e-01 -7.059698e-01  1.608244e-01
    outer loop
      vertex -1.615489e+01 -4.700000e+01  2.735703e+01
      vertex -1.738667e+01 -4.550000e+01  2.865874e+01
      vertex -1.765413e+01 -4.550000e+01  2.751163e+01
    endloop
  endfacet
  facet normal -6.959629e-01 -7.079809e-01  1.199951e-01
    outer loop
      vertex -1.615489e+01 -4.700000e+01  2.735703e+01
      vertex -1.765413e+01 -4.550000e+01  2.751163e+01
      vertex -1.634632e+01 -4.700000e+01  2.624675e+01
    endloop
  endfacet
  facet normal -6.779863e-01 -7.057170e-01  2.056652e-01
    outer loop
      vertex -1.588813e+01 -4.700000e+01  2.845165e+01
      vertex -1.704474e+01 -4.550000e+01  2.978591e+01
      vertex -1.738667e+01 -4.550000e+01  2.865874e+01
    endloop
  endfacet
  facet normal -6.858676e-01 -7.082719e-01  1.671421e-01
    outer loop
      vertex -1.588813e+01 -4.700000e+01  2.845165e+01
      vertex -1.738667e+01 -4.550000e+01  2.865874e+01
      vertex -1.615489e+01 -4.700000e+01  2.735703e+01
    endloop
  endfacet
  facet normal -6.632904e-01 -7.054951e-01  2.496450e-01
    outer loop
      vertex -1.554731e+01 -4.700000e+01  2.952551e+01
      vertex -1.662983e+01 -4.550000e+01  3.088830e+01
      vertex -1.704474e+01 -4.550000e+01  2.978591e+01
    endloop
  endfacet
  facet normal -6.726176e-01 -7.085281e-01  2.134793e-01
    outer loop
      vertex -1.554731e+01 -4.700000e+01  2.952551e+01
      vertex -1.704474e+01 -4.550000e+01  2.978591e+01
      vertex -1.588813e+01 -4.700000e+01  2.845165e+01
    endloop
  endfacet
  facet normal -6.457154e-01 -7.053046e-01  2.925696e-01
    outer loop
      vertex -1.513399e+01 -4.700000e+01  3.057362e+01
      vertex -1.614371e+01 -4.550000e+01  3.196120e+01
      vertex -1.662983e+01 -4.550000e+01  3.088830e+01
    endloop
  endfacet
  facet normal -6.562742e-01 -7.087498e-01  2.588007e-01
    outer loop
      vertex -1.513399e+01 -4.700000e+01  3.057362e+01
      vertex -1.662983e+01 -4.550000e+01  3.088830e+01
      vertex -1.554731e+01 -4.700000e+01  2.952551e+01
    endloop
  endfacet
  facet normal -6.253371e-01 -7.051458e-01  3.342498e-01
    outer loop
      vertex -1.465011e+01 -4.700000e+01  3.159107e+01
      vertex -1.558846e+01 -4.550000e+01  3.300000e+01
      vertex -1.614371e+01 -4.550000e+01  3.196120e+01
    endloop
  endfacet
  facet normal -6.369130e-01 -7.089373e-01  3.029020e-01
    outer loop
      vertex -1.465011e+01 -4.700000e+01  3.159107e+01
      vertex -1.614371e+01 -4.550000e+01  3.196120e+01
      vertex -1.513399e+01 -4.700000e+01  3.057362e+01
    endloop
  endfacet
  facet normal -6.022444e-01 -7.050188e-01  3.745001e-01
    outer loop
      vertex -1.409792e+01 -4.700000e+01  3.257314e+01
      vertex -1.496645e+01 -4.550000e+01  3.400026e+01
      vertex -1.558846e+01 -4.550000e+01  3.300000e+01
    endloop
  endfacet
  facet normal -6.146228e-01 -7.090908e-01  3.455855e-01
    outer loop
      vertex -1.409792e+01 -4.700000e+01  3.257314e+01
      vertex -1.558846e+01 -4.550000e+01  3.300000e+01
      vertex -1.465011e+01 -4.700000e+01  3.159107e+01
    endloop
  endfacet
  facet normal -5.765390e-01 -7.049236e-01  4.131410e-01
    outer loop
      vertex -1.348000e+01 -4.700000e+01  3.351522e+01
      vertex -1.428036e+01 -4.550000e+01  3.495771e+01
      vertex -1.496645e+01 -4.550000e+01  3.400026e+01
    endloop
  endfacet
  facet normal -5.895061e-01 -7.092099e-01  3.866576e-01
    outer loop
      vertex -1.348000e+01 -4.700000e+01  3.351522e+01
      vertex -1.496645e+01 -4.550000e+01  3.400026e+01
      vertex -1.409792e+01 -4.700000e+01  3.257314e+01
    endloop
  endfacet
  facet normal -5.483322e-01 -7.048599e-01  4.500049e-01
    outer loop
      vertex -1.279924e+01 -4.700000e+01  3.441295e+01
      vertex -1.353312e+01 -4.550000e+01  3.586823e+01
      vertex -1.428036e+01 -4.550000e+01  3.495771e+01
    endloop
  endfacet
  facet normal -5.616776e-01 -7.092952e-01  4.259326e-01
    outer loop
      vertex -1.279924e+01 -4.700000e+01  3.441295e+01
      vertex -1.428036e+01 -4.550000e+01  3.495771e+01
      vertex -1.348000e+01 -4.700000e+01  3.351522e+01
    endloop
  endfacet
  facet normal -5.177492e-01 -7.048282e-01  4.849258e-01
    outer loop
      vertex -1.205879e+01 -4.700000e+01  3.526213e+01
      vertex -1.272792e+01 -4.550000e+01  3.672792e+01
      vertex -1.353312e+01 -4.550000e+01  3.586823e+01
    endloop
  endfacet
  facet normal -5.312620e-01 -7.093461e-01  4.632373e-01
    outer loop
      vertex -1.205879e+01 -4.700000e+01  3.526213e+01
      vertex -1.353312e+01 -4.550000e+01  3.586823e+01
      vertex -1.279924e+01 -4.700000e+01  3.441295e+01
    endloop
  endfacet
  facet normal -4.849254e-01 -7.048282e-01  5.177494e-01
    outer loop
      vertex -1.126213e+01 -4.700000e+01  3.605879e+01
      vertex -1.186823e+01 -4.550000e+01  3.753312e+01
      vertex -1.272792e+01 -4.550000e+01  3.672792e+01
    endloop
  endfacet
  facet normal -4.983992e-01 -7.093630e-01  4.983998e-01
    outer loop
      vertex -1.126213e+01 -4.700000e+01  3.605879e+01
      vertex -1.272792e+01 -4.550000e+01  3.672792e+01
      vertex -1.205879e+01 -4.700000e+01  3.526213e+01
    endloop
  endfacet
  facet normal -4.500052e-01 -7.048599e-01  5.483317e-01
    outer loop
      vertex -1.041295e+01 -4.700000e+01  3.679924e+01
      vertex -1.095771e+01 -4.550000e+01  3.828036e+01
      vertex -1.186823e+01 -4.550000e+01  3.753312e+01
    endloop
  endfacet
  facet normal -4.632374e-01 -7.093461e-01  5.312619e-01
    outer loop
      vertex -1.041295e+01 -4.700000e+01  3.679924e+01
      vertex -1.186823e+01 -4.550000e+01  3.753312e+01
      vertex -1.126213e+01 -4.700000e+01  3.605879e+01
    endloop
  endfacet
  facet normal -4.131415e-01 -7.049237e-01  5.765386e-01
    outer loop
      vertex -9.515225e+00 -4.700000e+01  3.748000e+01
      vertex -1.000026e+01 -4.550000e+01  3.896645e+01
      vertex -1.095771e+01 -4.550000e+01  3.828036e+01
    endloop
  endfacet
  facet normal -4.259332e-01 -7.092952e-01  5.616772e-01
    outer loop
      vertex -9.515225e+00 -4.700000e+01  3.748000e+01
      vertex -1.095771e+01 -4.550000e+01  3.828036e+01
      vertex -1.041295e+01 -4.700000e+01  3.679924e+01
    endloop
  endfacet
  facet normal -3.745000e-01 -7.050193e-01  6.022438e-01
    outer loop
      vertex -8.573135e+00 -4.700000e+01  3.809792e+01
      vertex -9.000000e+00 -4.550000e+01  3.958846e+01
      vertex -1.000026e+01 -4.550000e+01  3.896645e+01
    endloop
  endfacet
  facet normal -3.866567e-01 -7.092101e-01  5.895063e-01
    outer loop
      vertex -8.573135e+00 -4.700000e+01  3.809792e+01
      vertex -1.000026e+01 -4.550000e+01  3.896645e+01
      vertex -9.515225e+00 -4.700000e+01  3.748000e+01
    endloop
  endfacet
  facet normal -3.342493e-01 -7.051467e-01  6.253364e-01
    outer loop
      vertex -7.591073e+00 -4.700000e+01  3.865010e+01
      vertex -7.961196e+00 -4.550000e+01  4.014371e+01
      vertex -9.000000e+00 -4.550000e+01  3.958846e+01
    endloop
  endfacet
  facet normal -3.455844e-01 -7.090913e-01  6.146225e-01
    outer loop
      vertex -7.591073e+00 -4.700000e+01  3.865010e+01
      vertex -9.000000e+00 -4.550000e+01  3.958846e+01
      vertex -8.573135e+00 -4.700000e+01  3.809792e+01
    endloop
  endfacet
  facet normal -2.925697e-01 -7.053049e-01  6.457151e-01
    outer loop
      vertex -6.573618e+00 -4.700000e+01  3.913399e+01
      vertex -6.888302e+00 -4.550000e+01  4.062983e+01
      vertex -7.961196e+00 -4.550000e+01  4.014371e+01
    endloop
  endfacet
  facet normal -3.029034e-01 -7.089380e-01  6.369116e-01
    outer loop
      vertex -6.573618e+00 -4.700000e+01  3.913399e+01
      vertex -7.961196e+00 -4.550000e+01  4.014371e+01
      vertex -7.591073e+00 -4.700000e+01  3.865010e+01
    endloop
  endfacet
  facet normal -2.496442e-01 -7.054949e-01  6.632907e-01
    outer loop
      vertex -5.525514e+00 -4.700000e+01  3.954731e+01
      vertex -5.785911e+00 -4.550000e+01  4.104474e+01
      vertex -6.888302e+00 -4.550000e+01  4.062983e+01
    endloop
  endfacet
  facet normal -2.588008e-01 -7.087501e-01  6.562740e-01
    outer loop
      vertex -5.525514e+00 -4.700000e+01  3.954731e+01
      vertex -6.888302e+00 -4.550000e+01  4.062983e+01
      vertex -6.573618e+00 -4.700000e+01  3.913399e+01
    endloop
  endfacet
  facet normal -2.056649e-01 -7.057173e-01  6.779861e-01
    outer loop
      vertex -4.451647e+00 -4.700000e+01  3.988813e+01
      vertex -4.658743e+00 -4.550000e+01  4.138667e+01
      vertex -5.785911e+00 -4.550000e+01  4.104474e+01
    endloop
  endfacet
  facet normal -2.134781e-01 -7.085280e-01  6.726181e-01
    outer loop
      vertex -4.451647e+00 -4.700000e+01  3.988813e+01
      vertex -5.785911e+00 -4.550000e+01  4.104474e+01
      vertex -5.525514e+00 -4.700000e+01  3.954731e+01
    endloop
  endfacet
  facet normal -1.608255e-01 -7.059703e-01  6.897399e-01
    outer loop
      vertex -3.357024e+00 -4.700000e+01  4.015489e+01
      vertex -3.511626e+00 -4.550000e+01  4.165414e+01
      vertex -4.658743e+00 -4.550000e+01  4.138667e+01
    endloop
  endfacet
  facet normal -1.671425e-01 -7.082722e-01  6.858674e-01
    outer loop
      vertex -3.357024e+00 -4.700000e+01  4.015489e+01
      vertex -4.658743e+00 -4.550000e+01  4.138667e+01
      vertex -4.451647e+00 -4.700000e+01  3.988813e+01
    endloop
  endfacet
  facet normal -1.153226e-01 -7.062551e-01  6.985016e-01
    outer loop
      vertex -2.246750e+00 -4.700000e+01  4.034632e+01
      vertex -2.349472e+00 -4.550000e+01  4.184601e+01
      vertex -3.511626e+00 -4.550000e+01  4.165414e+01
    endloop
  endfacet
  facet normal -1.199951e-01 -7.079813e-01  6.959624e-01
    outer loop
      vertex -2.246750e+00 -4.700000e+01  4.034632e+01
      vertex -3.511626e+00 -4.550000e+01  4.165414e+01
      vertex -3.357024e+00 -4.700000e+01  4.015489e+01
    endloop
  endfacet
  facet normal -6.936038e-02 -7.065701e-01  7.042357e-01
    outer loop
      vertex -1.126000e+00 -4.700000e+01  4.046154e+01
      vertex -1.177256e+00 -4.550000e+01  4.196146e+01
      vertex -2.349472e+00 -4.550000e+01  4.184601e+01
    endloop
  endfacet
  facet normal -7.225703e-02 -7.076561e-01  7.028526e-01
    outer loop
      vertex -1.126000e+00 -4.700000e+01  4.046154e+01
      vertex -2.349472e+00 -4.550000e+01  4.184601e+01
      vertex -2.246750e+00 -4.700000e+01  4.034632e+01
    endloop
  endfacet
  facet normal -2.314238e-02 -7.069174e-01  7.069174e-01
    outer loop
      vertex -1.653244e-15 -4.700000e+01  4.050000e+01
      vertex -1.102182e-15 -4.550000e+01  4.200000e+01
      vertex -1.177256e+00 -4.550000e+01  4.196146e+01
    endloop
  endfacet
  facet normal -2.413390e-02 -7.072951e-01  7.065063e-01
    outer loop
      vertex -1.653244e-15 -4.700000e+01  4.050000e+01
      vertex -1.177256e+00 -4.550000e+01  4.196146e+01
      vertex -1.126000e+00 -4.700000e+01  4.046154e+01
    endloop
  endfacet
  facet normal  6.936038e-02 -7.065701e-01  7.042357e-01
    outer loop
      vertex  1.126000e+00 -4.700000e+01  4.046154e+01
      vertex  2.349472e+00 -4.550000e+01  4.184601e+01
      vertex  1.177256e+00 -4.550000e+01  4.196146e+01
    endloop
  endfacet
  facet normal  2.413390e-02 -7.072951e-01  7.065063e-01
    outer loop
      vertex  1.126000e+00 -4.700000e+01  4.046154e+01
      vertex  1.177256e+00 -4.550000e+01  4.196146e+01
      vertex -1.653244e-15 -4.700000e+01  4.050000e+01
    endloop
  endfacet
  facet normal  1.153226e-01 -7.062551e-01  6.985016e-01
    outer loop
      vertex  2.246750e+00 -4.700000e+01  4.034632e+01
      vertex  3.511626e+00 -4.550000e+01  4.165414e+01
      vertex  2.349472e+00 -4.550000e+01  4.184601e+01
    endloop
  endfacet
  facet normal  7.225703e-02 -7.076561e-01  7.028526e-01
    outer loop
      vertex  2.246750e+00 -4.700000e+01  4.034632e+01
      vertex  2.349472e+00 -4.550000e+01  4.184601e+01
      vertex  1.126000e+00 -4.700000e+01  4.046154e+01
    endloop
  endfacet
  facet normal  1.608255e-01 -7.059703e-01  6.897399e-01
    outer loop
      vertex  3.357024e+00 -4.700000e+01  4.015489e+01
      vertex  4.658743e+00 -4.550000e+01  4.138667e+01
      vertex  3.511626e+00 -4.550000e+01  4.165414e+01
    endloop
  endfacet
  facet normal  1.199951e-01 -7.079813e-01  6.959624e-01
    outer loop
      vertex  3.357024e+00 -4.700000e+01  4.015489e+01
      vertex  3.511626e+00 -4.550000e+01  4.165414e+01
      vertex  2.246750e+00 -4.700000e+01  4.034632e+01
    endloop
  endfacet
  facet normal  2.056649e-01 -7.057173e-01  6.779861e-01
    outer loop
      vertex  4.451647e+00 -4.700000e+01  3.988813e+01
      vertex  5.785911e+00 -4.550000e+01  4.104474e+01
      vertex  4.658743e+00 -4.550000e+01  4.138667e+01
    endloop
  endfacet
  facet normal  1.671425e-01 -7.082722e-01  6.858674e-01
    outer loop
      vertex  4.451647e+00 -4.700000e+01  3.988813e+01
      vertex  4.658743e+00 -4.550000e+01  4.138667e+01
      vertex  3.357024e+00 -4.700000e+01  4.015489e+01
    endloop
  endfacet
  facet normal  2.496442e-01 -7.054949e-01  6.632908e-01
    outer loop
      vertex  5.525514e+00 -4.700000e+01  3.954731e+01
      vertex  6.888302e+00 -4.550000e+01  4.062983e+01
      vertex  5.785911e+00 -4.550000e+01  4.104474e+01
    endloop
  endfacet
  facet normal  2.134781e-01 -7.085280e-01  6.726181e-01
    outer loop
      vertex  5.525514e+00 -4.700000e+01  3.954731e+01
      vertex  5.785911e+00 -4.550000e+01  4.104474e+01
      vertex  4.451647e+00 -4.700000e+01  3.988813e+01
    endloop
  endfacet
  facet normal  2.925697e-01 -7.053049e-01  6.457151e-01
    outer loop
      vertex  6.573618e+00 -4.700000e+01  3.913399e+01
      vertex  7.961196e+00 -4.550000e+01  4.014371e+01
      vertex  6.888302e+00 -4.550000e+01  4.062983e+01
    endloop
  endfacet
  facet normal  2.588008e-01 -7.087501e-01  6.562740e-01
    outer loop
      vertex  6.573618e+00 -4.700000e+01  3.913399e+01
      vertex  6.888302e+00 -4.550000e+01  4.062983e+01
      vertex  5.525514e+00 -4.700000e+01  3.954731e+01
    endloop
  endfacet
  facet normal  3.342493e-01 -7.051467e-01  6.253364e-01
    outer loop
      vertex  7.591073e+00 -4.700000e+01  3.865010e+01
      vertex  9.000000e+00 -4.550000e+01  3.958846e+01
      vertex  7.961196e+00 -4.550000e+01  4.014371e+01
    endloop
  endfacet
  facet normal  3.029034e-01 -7.089380e-01  6.369116e-01
    outer loop
      vertex  7.591073e+00 -4.700000e+01  3.865010e+01
      vertex  7.961196e+00 -4.550000e+01  4.014371e+01
      vertex  6.573618e+00 -4.700000e+01  3.913399e+01
    endloop
  endfacet
  facet normal  3.745000e-01 -7.050193e-01  6.022438e-01
    outer loop
      vertex  8.573135e+00 -4.700000e+01  3.809792e+01
      vertex  1.000026e+01 -4.550000e+01  3.896645e+01
      vertex  9.000000e+00 -4.550000e+01  3.958846e+01
    endloop
  endfacet
  facet normal  3.455844e-01 -7.090913e-01  6.146225e-01
    outer loop
      vertex  8.573135e+00 -4.700000e+01  3.809792e+01
      vertex  9.000000e+00 -4.550000e+01  3.958846e+01
      vertex  7.591073e+00 -4.700000e+01  3.865010e+01
    endloop
  endfacet
  facet normal  4.131415e-01 -7.049237e-01  5.765386e-01
    outer loop
      vertex  9.515225e+00 -4.700000e+01  3.748000e+01
      vertex  1.095771e+01 -4.550000e+01  3.828036e+01
      vertex  1.000026e+01 -4.550000e+01  3.896645e+01
    endloop
  endfacet
  facet normal  3.866567e-01 -7.092101e-01  5.895063e-01
    outer loop
      vertex  9.515225e+00 -4.700000e+01  3.748000e+01
      vertex  1.000026e+01 -4.550000e+01  3.896645e+01
      vertex  8.573135e+00 -4.700000e+01  3.809792e+01
    endloop
  endfacet
  facet normal  4.500052e-01 -7.048599e-01  5.483317e-01
    outer loop
      vertex  1.041295e+01 -4.700000e+01  3.679924e+01
      vertex  1.186823e+01 -4.550000e+01  3.753312e+01
      vertex  1.095771e+01 -4.550000e+01  3.828036e+01
    endloop
  endfacet
  facet normal  4.259332e-01 -7.092952e-01  5.616772e-01
    outer loop
      vertex  1.041295e+01 -4.700000e+01  3.679924e+01
      vertex  1.095771e+01 -4.550000e+01  3.828036e+01
      vertex  9.515225e+00 -4.700000e+01  3.748000e+01
    endloop
  endfacet
  facet normal  4.849254e-01 -7.048282e-01  5.177494e-01
    outer loop
      vertex  1.126213e+01 -4.700000e+01  3.605879e+01
      vertex  1.272792e+01 -4.550000e+01  3.672792e+01
      vertex  1.186823e+01 -4.550000e+01  3.753312e+01
    endloop
  endfacet
  facet normal  4.632374e-01 -7.093461e-01  5.312619e-01
    outer loop
      vertex  1.126213e+01 -4.700000e+01  3.605879e+01
      vertex  1.186823e+01 -4.550000e+01  3.753312e+01
      vertex  1.041295e+01 -4.700000e+01  3.679924e+01
    endloop
  endfacet
  facet normal  5.177492e-01 -7.048282e-01  4.849258e-01
    outer loop
      vertex  1.205879e+01 -4.700000e+01  3.526213e+01
      vertex  1.353312e+01 -4.550000e+01  3.586823e+01
      vertex  1.272792e+01 -4.550000e+01  3.672792e+01
    endloop
  endfacet
  facet normal  4.983992e-01 -7.093630e-01  4.983998e-01
    outer loop
      vertex  1.205879e+01 -4.700000e+01  3.526213e+01
      vertex  1.272792e+01 -4.550000e+01  3.672792e+01
      vertex  1.126213e+01 -4.700000e+01  3.605879e+01
    endloop
  endfacet
  facet normal  5.483322e-01 -7.048599e-01  4.500049e-01
    outer loop
      vertex  1.279924e+01 -4.700000e+01  3.441295e+01
      vertex  1.428036e+01 -4.550000e+01  3.495771e+01
      vertex  1.353312e+01 -4.550000e+01  3.586823e+01
    endloop
  endfacet
  facet normal  5.312620e-01 -7.093461e-01  4.632373e-01
    outer loop
      vertex  1.279924e+01 -4.700000e+01  3.441295e+01
      vertex  1.353312e+01 -4.550000e+01  3.586823e+01
      vertex  1.205879e+01 -4.700000e+01  3.526213e+01
    endloop
  endfacet
  facet normal  5.765390e-01 -7.049236e-01  4.131410e-01
    outer loop
      vertex  1.348000e+01 -4.700000e+01  3.351522e+01
      vertex  1.496645e+01 -4.550000e+01  3.400026e+01
      vertex  1.428036e+01 -4.550000e+01  3.495771e+01
    endloop
  endfacet
  facet normal  5.616776e-01 -7.092952e-01  4.259326e-01
    outer loop
      vertex  1.348000e+01 -4.700000e+01  3.351522e+01
      vertex  1.428036e+01 -4.550000e+01  3.495771e+01
      vertex  1.279924e+01 -4.700000e+01  3.441295e+01
    endloop
  endfacet
  facet normal  6.022444e-01 -7.050188e-01  3.745001e-01
    outer loop
      vertex  1.409792e+01 -4.700000e+01  3.257314e+01
      vertex  1.558846e+01 -4.550000e+01  3.300000e+01
      vertex  1.496645e+01 -4.550000e+01  3.400026e+01
    endloop
  endfacet
  facet normal  5.895061e-01 -7.092099e-01  3.866576e-01
    outer loop
      vertex  1.409792e+01 -4.700000e+01  3.257314e+01
      vertex  1.496645e+01 -4.550000e+01  3.400026e+01
      vertex  1.348000e+01 -4.700000e+01  3.351522e+01
    endloop
  endfacet
  facet normal  6.253371e-01 -7.051458e-01  3.342498e-01
    outer loop
      vertex  1.465011e+01 -4.700000e+01  3.159107e+01
      vertex  1.614371e+01 -4.550000e+01  3.196120e+01
      vertex  1.558846e+01 -4.550000e+01  3.300000e+01
    endloop
  endfacet
  facet normal  6.146228e-01 -7.090908e-01  3.455855e-01
    outer loop
      vertex  1.465011e+01 -4.700000e+01  3.159107e+01
      vertex  1.558846e+01 -4.550000e+01  3.300000e+01
      vertex  1.409792e+01 -4.700000e+01  3.257314e+01
    endloop
  endfacet
  facet normal  6.457154e-01 -7.053046e-01  2.925696e-01
    outer loop
      vertex  1.513399e+01 -4.700000e+01  3.057362e+01
      vertex  1.662983e+01 -4.550000e+01  3.088830e+01
      vertex  1.614371e+01 -4.550000e+01  3.196120e+01
    endloop
  endfacet
  facet normal  6.369130e-01 -7.089373e-01  3.029020e-01
    outer loop
      vertex  1.513399e+01 -4.700000e+01  3.057362e+01
      vertex  1.614371e+01 -4.550000e+01  3.196120e+01
      vertex  1.465011e+01 -4.700000e+01  3.159107e+01
    endloop
  endfacet
  facet normal  6.632904e-01 -7.054951e-01  2.496450e-01
    outer loop
      vertex  1.554731e+01 -4.700000e+01  2.952551e+01
      vertex  1.704474e+01 -4.550000e+01  2.978591e+01
      vertex  1.662983e+01 -4.550000e+01  3.088830e+01
    endloop
  endfacet
  facet normal  6.562742e-01 -7.087498e-01  2.588007e-01
    outer loop
      vertex  1.554731e+01 -4.700000e+01  2.952551e+01
      vertex  1.662983e+01 -4.550000e+01  3.088830e+01
      vertex  1.513399e+01 -4.700000e+01  3.057362e+01
    endloop
  endfacet
  facet normal  6.779863e-01 -7.057170e-01  2.056652e-01
    outer loop
      vertex  1.588813e+01 -4.700000e+01  2.845165e+01
      vertex  1.738667e+01 -4.550000e+01  2.865874e+01
      vertex  1.704474e+01 -4.550000e+01  2.978591e+01
    endloop
  endfacet
  facet normal  6.726176e-01 -7.085281e-01  2.134793e-01
    outer loop
      vertex  1.588813e+01 -4.700000e+01  2.845165e+01
      vertex  1.704474e+01 -4.550000e+01  2.978591e+01
      vertex  1.554731e+01 -4.700000e+01  2.952551e+01
    endloop
  endfacet
  facet normal  6.897406e-01 -7.059698e-01  1.608244e-01
    outer loop
      vertex  1.615489e+01 -4.700000e+01  2.735703e+01
      vertex  1.765413e+01 -4.550000e+01  2.751163e+01
      vertex  1.738667e+01 -4.550000e+01  2.865874e+01
    endloop
  endfacet
  facet normal  6.858676e-01 -7.082719e-01  1.671421e-01
    outer loop
      vertex  1.615489e+01 -4.700000e+01  2.735703e+01
      vertex  1.738667e+01 -4.550000e+01  2.865874e+01
      vertex  1.588813e+01 -4.700000e+01  2.845165e+01
    endloop
  endfacet
  facet normal  6.985014e-01 -7.062551e-01  1.153238e-01
    outer loop
      vertex  1.634632e+01 -4.700000e+01  2.624675e+01
      vertex  1.784601e+01 -4.550000e+01  2.634947e+01
      vertex  1.765413e+01 -4.550000e+01  2.751163e+01
    endloop
  endfacet
  facet normal  6.959629e-01 -7.079809e-01  1.199951e-01
    outer loop
      vertex  1.634632e+01 -4.700000e+01  2.624675e+01
      vertex  1.765413e+01 -4.550000e+01  2.751163e+01
      vertex  1.615489e+01 -4.700000e+01  2.735703e+01
    endloop
  endfacet
  facet normal  7.042353e-01 -7.065705e-01  6.936026e-02
    outer loop
      vertex  1.646153e+01 -4.700000e+01  2.512600e+01
      vertex  1.796146e+01 -4.550000e+01  2.517726e+01
      vertex  1.784601e+01 -4.550000e+01  2.634947e+01
    endloop
  endfacet
  facet normal  7.028527e-01 -7.076561e-01  7.225581e-02
    outer loop
      vertex  1.646153e+01 -4.700000e+01  2.512600e+01
      vertex  1.784601e+01 -4.550000e+01  2.634947e+01
      vertex  1.634632e+01 -4.700000e+01  2.624675e+01
    endloop
  endfacet
  facet normal  2.314238e-02 -7.069174e-01  7.069174e-01
    outer loop
      vertex -1.653244e-15 -4.700000e+01  4.050000e+01
      vertex  1.177256e+00 -4.550000e+01  4.196146e+01
      vertex -1.102182e-15 -4.550000e+01  4.200000e+01
    endloop
  endfacet
  facet normal  7.069174e-01 -7.069174e-01 -2.314240e-02
    outer loop
      vertex  1.650000e+01 -4.700000e+01  2.400000e+01
      vertex  1.796146e+01 -4.550000e+01  2.282274e+01
      vertex  1.800000e+01 -4.550000e+01  2.400000e+01
    endloop
  endfacet
  facet normal  7.065058e-01 -7.072955e-01 -2.413509e-02
    outer loop
      vertex  1.650000e+01 -4.700000e+01  2.400000e+01
      vertex  1.646153e+01 -4.700000e+01  2.287400e+01
      vertex  1.796146e+01 -4.550000e+01  2.282274e+01
    endloop
  endfacet
  facet normal -7.065058e-01 -7.072955e-01 -2.413509e-02
    outer loop
      vertex -1.650000e+01 -4.700000e+01  2.400000e+01
      vertex -1.796146e+01 -4.550000e+01  2.282274e+01
      vertex -1.646153e+01 -4.700000e+01  2.287400e+01
    endloop
  endfacet
  facet normal -7.069174e-01 -7.069174e-01 -2.314240e-02
    outer loop
      vertex -1.650000e+01 -4.700000e+01  2.400000e+01
      vertex -1.800000e+01 -4.550000e+01  2.400000e+01
      vertex -1.796146e+01 -4.550000e+01  2.282274e+01
    endloop
  endfacet
  facet normal  7.042353e-01 -7.065704e-01 -6.936026e-02
    outer loop
      vertex  1.646153e+01 -4.700000e+01  2.287400e+01
      vertex  1.784601e+01 -4.550000e+01  2.165053e+01
      vertex  1.796146e+01 -4.550000e+01  2.282274e+01
    endloop
  endfacet
  facet normal  6.985014e-01 -7.062551e-01 -1.153238e-01
    outer loop
      vertex  1.634632e+01 -4.700000e+01  2.175325e+01
      vertex  1.765413e+01 -4.550000e+01  2.048837e+01
      vertex  1.784601e+01 -4.550000e+01  2.165053e+01
    endloop
  endfacet
  facet normal  7.028527e-01 -7.076561e-01 -7.225581e-02
    outer loop
      vertex  1.634632e+01 -4.700000e+01  2.175325e+01
      vertex  1.784601e+01 -4.550000e+01  2.165053e+01
      vertex  1.646153e+01 -4.700000e+01  2.287400e+01
    endloop
  endfacet
  facet normal  6.897406e-01 -7.059698e-01 -1.608244e-01
    outer loop
      vertex  1.615489e+01 -4.700000e+01  2.064297e+01
      vertex  1.738667e+01 -4.550000e+01  1.934126e+01
      vertex  1.765413e+01 -4.550000e+01  2.048837e+01
    endloop
  endfacet
  facet normal  6.959629e-01 -7.079809e-01 -1.199951e-01
    outer loop
      vertex  1.615489e+01 -4.700000e+01  2.064297e+01
      vertex  1.765413e+01 -4.550000e+01  2.048837e+01
      vertex  1.634632e+01 -4.700000e+01  2.175325e+01
    endloop
  endfacet
  facet normal  6.779863e-01 -7.057170e-01 -2.056652e-01
    outer loop
      vertex  1.588813e+01 -4.700000e+01  1.954835e+01
      vertex  1.704474e+01 -4.550000e+01  1.821409e+01
      vertex  1.738667e+01 -4.550000e+01  1.934126e+01
    endloop
  endfacet
  facet normal  6.858676e-01 -7.082719e-01 -1.671421e-01
    outer loop
      vertex  1.588813e+01 -4.700000e+01  1.954835e+01
      vertex  1.738667e+01 -4.550000e+01  1.934126e+01
      vertex  1.615489e+01 -4.700000e+01  2.064297e+01
    endloop
  endfacet
  facet normal  6.632904e-01 -7.054951e-01 -2.496450e-01
    outer loop
      vertex  1.554731e+01 -4.700000e+01  1.847449e+01
      vertex  1.662983e+01 -4.550000e+01  1.711170e+01
      vertex  1.704474e+01 -4.550000e+01  1.821409e+01
    endloop
  endfacet
  facet normal  6.726176e-01 -7.085281e-01 -2.134793e-01
    outer loop
      vertex  1.554731e+01 -4.700000e+01  1.847449e+01
      vertex  1.704474e+01 -4.550000e+01  1.821409e+01
      vertex  1.588813e+01 -4.700000e+01  1.954835e+01
    endloop
  endfacet
  facet normal  6.457154e-01 -7.053046e-01 -2.925696e-01
    outer loop
      vertex  1.513399e+01 -4.700000e+01  1.742638e+01
      vertex  1.614371e+01 -4.550000e+01  1.603880e+01
      vertex  1.662983e+01 -4.550000e+01  1.711170e+01
    endloop
  endfacet
  facet normal  6.562742e-01 -7.087498e-01 -2.588007e-01
    outer loop
      vertex  1.513399e+01 -4.700000e+01  1.742638e+01
      vertex  1.662983e+01 -4.550000e+01  1.711170e+01
      vertex  1.554731e+01 -4.700000e+01  1.847449e+01
    endloop
  endfacet
  facet normal  6.253371e-01 -7.051458e-01 -3.342498e-01
    outer loop
      vertex  1.465011e+01 -4.700000e+01  1.640893e+01
      vertex  1.558846e+01 -4.550000e+01  1.500000e+01
      vertex  1.614371e+01 -4.550000e+01  1.603880e+01
    endloop
  endfacet
  facet normal  6.369130e-01 -7.089373e-01 -3.029020e-01
    outer loop
      vertex  1.465011e+01 -4.700000e+01  1.640893e+01
      vertex  1.614371e+01 -4.550000e+01  1.603880e+01
      vertex  1.513399e+01 -4.700000e+01  1.742638e+01
    endloop
  endfacet
  facet normal  6.022445e-01 -7.050188e-01 -3.744999e-01
    outer loop
      vertex  1.409792e+01 -4.700000e+01  1.542686e+01
      vertex  1.496645e+01 -4.550000e+01  1.399974e+01
      vertex  1.558846e+01 -4.550000e+01  1.500000e+01
    endloop
  endfacet
  facet normal  6.146228e-01 -7.090908e-01 -3.455855e-01
    outer loop
      vertex  1.409792e+01 -4.700000e+01  1.542686e+01
      vertex  1.558846e+01 -4.550000e+01  1.500000e+01
      vertex  1.465011e+01 -4.700000e+01  1.640893e+01
    endloop
  endfacet
  facet normal  5.765387e-01 -7.049235e-01 -4.131416e-01
    outer loop
      vertex  1.348000e+01 -4.700000e+01  1.448477e+01
      vertex  1.428036e+01 -4.550000e+01  1.304229e+01
      vertex  1.496645e+01 -4.550000e+01  1.399974e+01
    endloop
  endfacet
  facet normal  5.895062e-01 -7.092099e-01 -3.866572e-01
    outer loop
      vertex  1.348000e+01 -4.700000e+01  1.448477e+01
      vertex  1.496645e+01 -4.550000e+01  1.399974e+01
      vertex  1.409792e+01 -4.700000e+01  1.542686e+01
    endloop
  endfacet
  facet normal  5.483323e-01 -7.048600e-01 -4.500046e-01
    outer loop
      vertex  1.279924e+01 -4.700000e+01  1.358705e+01
      vertex  1.353312e+01 -4.550000e+01  1.213177e+01
      vertex  1.428036e+01 -4.550000e+01  1.304229e+01
    endloop
  endfacet
  facet normal  5.616773e-01 -7.092950e-01 -4.259333e-01
    outer loop
      vertex  1.279924e+01 -4.700000e+01  1.358705e+01
      vertex  1.428036e+01 -4.550000e+01  1.304229e+01
      vertex  1.348000e+01 -4.700000e+01  1.448477e+01
    endloop
  endfacet
  facet normal  5.177496e-01 -7.048284e-01 -4.849251e-01
    outer loop
      vertex  1.205879e+01 -4.700000e+01  1.273787e+01
      vertex  1.272792e+01 -4.550000e+01  1.127208e+01
      vertex  1.353312e+01 -4.550000e+01  1.213177e+01
    endloop
  endfacet
  facet normal  5.312622e-01 -7.093462e-01 -4.632370e-01
    outer loop
      vertex  1.205879e+01 -4.700000e+01  1.273787e+01
      vertex  1.353312e+01 -4.550000e+01  1.213177e+01
      vertex  1.279924e+01 -4.700000e+01  1.358705e+01
    endloop
  endfacet
  facet normal  4.849251e-01 -7.048283e-01 -5.177495e-01
    outer loop
      vertex  1.126213e+01 -4.700000e+01  1.194121e+01
      vertex  1.186823e+01 -4.550000e+01  1.046688e+01
      vertex  1.272792e+01 -4.550000e+01  1.127208e+01
    endloop
  endfacet
  facet normal  4.983993e-01 -7.093633e-01 -4.983993e-01
    outer loop
      vertex  1.126213e+01 -4.700000e+01  1.194121e+01
      vertex  1.272792e+01 -4.550000e+01  1.127208e+01
      vertex  1.205879e+01 -4.700000e+01  1.273787e+01
    endloop
  endfacet
  facet normal  4.500046e-01 -7.048600e-01 -5.483323e-01
    outer loop
      vertex  1.041295e+01 -4.700000e+01  1.120076e+01
      vertex  1.095771e+01 -4.550000e+01  9.719640e+00
      vertex  1.186823e+01 -4.550000e+01  1.046688e+01
    endloop
  endfacet
  facet normal  4.632370e-01 -7.093462e-01 -5.312622e-01
    outer loop
      vertex  1.041295e+01 -4.700000e+01  1.120076e+01
      vertex  1.186823e+01 -4.550000e+01  1.046688e+01
      vertex  1.126213e+01 -4.700000e+01  1.194121e+01
    endloop
  endfacet
  facet normal  4.131415e-01 -7.049235e-01 -5.765387e-01
    outer loop
      vertex  9.515225e+00 -4.700000e+01  1.052000e+01
      vertex  1.000026e+01 -4.550000e+01  9.033547e+00
      vertex  1.095771e+01 -4.550000e+01  9.719640e+00
    endloop
  endfacet
  facet normal  4.259333e-01 -7.092950e-01 -5.616773e-01
    outer loop
      vertex  9.515225e+00 -4.700000e+01  1.052000e+01
      vertex  1.095771e+01 -4.550000e+01  9.719640e+00
      vertex  1.041295e+01 -4.700000e+01  1.120076e+01
    endloop
  endfacet
  facet normal  3.744999e-01 -7.050188e-01 -6.022445e-01
    outer loop
      vertex  8.573135e+00 -4.700000e+01  9.902080e+00
      vertex  9.000000e+00 -4.550000e+01  8.411543e+00
      vertex  1.000026e+01 -4.550000e+01  9.033547e+00
    endloop
  endfacet
  facet normal  3.866572e-01 -7.092099e-01 -5.895062e-01
    outer loop
      vertex  8.573135e+00 -4.700000e+01  9.902080e+00
      vertex  1.000026e+01 -4.550000e+01  9.033547e+00
      vertex  9.515225e+00 -4.700000e+01  1.052000e+01
    endloop
  endfacet
  facet normal  3.342496e-01 -7.051458e-01 -6.253371e-01
    outer loop
      vertex  7.591073e+00 -4.700000e+01  9.349894e+00
      vertex  7.961196e+00 -4.550000e+01  7.856291e+00
      vertex  9.000000e+00 -4.550000e+01  8.411543e+00
    endloop
  endfacet
  facet normal  3.455851e-01 -7.090907e-01 -6.146228e-01
    outer loop
      vertex  7.591073e+00 -4.700000e+01  9.349894e+00
      vertex  9.000000e+00 -4.550000e+01  8.411543e+00
      vertex  8.573135e+00 -4.700000e+01  9.902080e+00
    endloop
  endfacet
  facet normal  2.925700e-01 -7.053047e-01 -6.457152e-01
    outer loop
      vertex  6.573618e+00 -4.700000e+01  8.866014e+00
      vertex  6.888302e+00 -4.550000e+01  7.370168e+00
      vertex  7.961196e+00 -4.550000e+01  7.856291e+00
    endloop
  endfacet
  facet normal  3.029023e-01 -7.089373e-01 -6.369129e-01
    outer loop
      vertex  6.573618e+00 -4.700000e+01  8.866014e+00
      vertex  7.961196e+00 -4.550000e+01  7.856291e+00
      vertex  7.591073e+00 -4.700000e+01  9.349894e+00
    endloop
  endfacet
  facet normal  2.496447e-01 -7.054950e-01 -6.632905e-01
    outer loop
      vertex  5.525514e+00 -4.700000e+01  8.452695e+00
      vertex  5.785911e+00 -4.550000e+01  6.955258e+00
      vertex  6.888302e+00 -4.550000e+01  7.370168e+00
    endloop
  endfacet
  facet normal  2.588009e-01 -7.087499e-01 -6.562740e-01
    outer loop
      vertex  5.525514e+00 -4.700000e+01  8.452695e+00
      vertex  6.888302e+00 -4.550000e+01  7.370168e+00
      vertex  6.573618e+00 -4.700000e+01  8.866014e+00
    endloop
  endfacet
  facet normal  2.056650e-01 -7.057169e-01 -6.779864e-01
    outer loop
      vertex  4.451647e+00 -4.700000e+01  8.111865e+00
      vertex  4.658743e+00 -4.550000e+01  6.613335e+00
      vertex  5.785911e+00 -4.550000e+01  6.955258e+00
    endloop
  endfacet
  facet normal  2.134792e-01 -7.085280e-01 -6.726178e-01
    outer loop
      vertex  4.451647e+00 -4.700000e+01  8.111865e+00
      vertex  5.785911e+00 -4.550000e+01  6.955258e+00
      vertex  5.525514e+00 -4.700000e+01  8.452695e+00
    endloop
  endfacet
  facet normal  1.608250e-01 -7.059700e-01 -6.897402e-01
    outer loop
      vertex  3.357024e+00 -4.700000e+01  7.845112e+00
      vertex  3.511626e+00 -4.550000e+01  6.345865e+00
      vertex  4.658743e+00 -4.550000e+01  6.613335e+00
    endloop
  endfacet
  facet normal  1.671417e-01 -7.082719e-01 -6.858678e-01
    outer loop
      vertex  3.357024e+00 -4.700000e+01  7.845112e+00
      vertex  4.658743e+00 -4.550000e+01  6.613335e+00
      vertex  4.451647e+00 -4.700000e+01  8.111865e+00
    endloop
  endfacet
  facet normal  1.153230e-01 -7.062547e-01 -6.985020e-01
    outer loop
      vertex  2.246750e+00 -4.700000e+01  7.653682e+00
      vertex  2.349472e+00 -4.550000e+01  6.153993e+00
      vertex  3.511626e+00 -4.550000e+01  6.345865e+00
    endloop
  endfacet
  facet normal  1.199960e-01 -7.079811e-01 -6.959624e-01
    outer loop
      vertex  2.246750e+00 -4.700000e+01  7.653682e+00
      vertex  3.511626e+00 -4.550000e+01  6.345865e+00
      vertex  3.357024e+00 -4.700000e+01  7.845112e+00
    endloop
  endfacet
  facet normal  6.936117e-02 -7.065705e-01 -7.042351e-01
    outer loop
      vertex  1.126000e+00 -4.700000e+01  7.538465e+00
      vertex  1.177256e+00 -4.550000e+01  6.038539e+00
      vertex  2.349472e+00 -4.550000e+01  6.153993e+00
    endloop
  endfacet
  facet normal  7.225530e-02 -7.076557e-01 -7.028532e-01
    outer loop
      vertex  1.126000e+00 -4.700000e+01  7.538465e+00
      vertex  2.349472e+00 -4.550000e+01  6.153993e+00
      vertex  2.246750e+00 -4.700000e+01  7.653682e+00
    endloop
  endfacet
  facet normal  2.314210e-02 -7.069174e-01 -7.069174e-01
    outer loop
      vertex -1.226685e-14 -4.700000e+01  7.500000e+00
      vertex  3.306546e-15 -4.550000e+01  6.000000e+00
      vertex  1.177256e+00 -4.550000e+01  6.038539e+00
    endloop
  endfacet
  facet normal  2.413508e-02 -7.072956e-01 -7.065057e-01
    outer loop
      vertex -1.226685e-14 -4.700000e+01  7.500000e+00
      vertex  1.177256e+00 -4.550000e+01  6.038539e+00
      vertex  1.126000e+00 -4.700000e+01  7.538465e+00
    endloop
  endfacet
  facet normal -6.936117e-02 -7.065705e-01 -7.042351e-01
    outer loop
      vertex -1.126000e+00 -4.700000e+01  7.538465e+00
      vertex -2.349472e+00 -4.550000e+01  6.153993e+00
      vertex -1.177256e+00 -4.550000e+01  6.038539e+00
    endloop
  endfacet
  facet normal -2.413508e-02 -7.072956e-01 -7.065057e-01
    outer loop
      vertex -1.126000e+00 -4.700000e+01  7.538465e+00
      vertex -1.177256e+00 -4.550000e+01  6.038539e+00
      vertex -1.226685e-14 -4.700000e+01  7.500000e+00
    endloop
  endfacet
  facet normal -1.153230e-01 -7.062547e-01 -6.985020e-01
    outer loop
      vertex -2.246750e+00 -4.700000e+01  7.653682e+00
      vertex -3.511626e+00 -4.550000e+01  6.345865e+00
      vertex -2.349472e+00 -4.550000e+01  6.153993e+00
    endloop
  endfacet
  facet normal -7.225530e-02 -7.076557e-01 -7.028532e-01
    outer loop
      vertex -2.246750e+00 -4.700000e+01  7.653682e+00
      vertex -2.349472e+00 -4.550000e+01  6.153993e+00
      vertex -1.126000e+00 -4.700000e+01  7.538465e+00
    endloop
  endfacet
  facet normal -1.608250e-01 -7.059701e-01 -6.897402e-01
    outer loop
      vertex -3.357024e+00 -4.700000e+01  7.845112e+00
      vertex -4.658743e+00 -4.550000e+01  6.613335e+00
      vertex -3.511626e+00 -4.550000e+01  6.345865e+00
    endloop
  endfacet
  facet normal -1.199960e-01 -7.079811e-01 -6.959624e-01
    outer loop
      vertex -3.357024e+00 -4.700000e+01  7.845112e+00
      vertex -3.511626e+00 -4.550000e+01  6.345865e+00
      vertex -2.246750e+00 -4.700000e+01  7.653682e+00
    endloop
  endfacet
  facet normal -2.056650e-01 -7.057168e-01 -6.779864e-01
    outer loop
      vertex -4.451647e+00 -4.700000e+01  8.111865e+00
      vertex -5.785911e+00 -4.550000e+01  6.955258e+00
      vertex -4.658743e+00 -4.550000e+01  6.613335e+00
    endloop
  endfacet
  facet normal -1.671417e-01 -7.082719e-01 -6.858678e-01
    outer loop
      vertex -4.451647e+00 -4.700000e+01  8.111865e+00
      vertex -4.658743e+00 -4.550000e+01  6.613335e+00
      vertex -3.357024e+00 -4.700000e+01  7.845112e+00
    endloop
  endfacet
  facet normal -2.496447e-01 -7.054950e-01 -6.632905e-01
    outer loop
      vertex -5.525514e+00 -4.700000e+01  8.452695e+00
      vertex -6.888302e+00 -4.550000e+01  7.370168e+00
      vertex -5.785911e+00 -4.550000e+01  6.955258e+00
    endloop
  endfacet
  facet normal -2.134792e-01 -7.085280e-01 -6.726178e-01
    outer loop
      vertex -5.525514e+00 -4.700000e+01  8.452695e+00
      vertex -5.785911e+00 -4.550000e+01  6.955258e+00
      vertex -4.451647e+00 -4.700000e+01  8.111865e+00
    endloop
  endfacet
  facet normal -2.925700e-01 -7.053047e-01 -6.457152e-01
    outer loop
      vertex -6.573618e+00 -4.700000e+01  8.866014e+00
      vertex -7.961196e+00 -4.550000e+01  7.856291e+00
      vertex -6.888302e+00 -4.550000e+01  7.370168e+00
    endloop
  endfacet
  facet normal -2.588009e-01 -7.087499e-01 -6.562740e-01
    outer loop
      vertex -6.573618e+00 -4.700000e+01  8.866014e+00
      vertex -6.888302e+00 -4.550000e+01  7.370168e+00
      vertex -5.525514e+00 -4.700000e+01  8.452695e+00
    endloop
  endfacet
  facet normal -3.342496e-01 -7.051458e-01 -6.253371e-01
    outer loop
      vertex -7.591073e+00 -4.700000e+01  9.349894e+00
      vertex -9.000000e+00 -4.550000e+01  8.411543e+00
      vertex -7.961196e+00 -4.550000e+01  7.856291e+00
    endloop
  endfacet
  facet normal -3.029023e-01 -7.089373e-01 -6.369129e-01
    outer loop
      vertex -7.591073e+00 -4.700000e+01  9.349894e+00
      vertex -7.961196e+00 -4.550000e+01  7.856291e+00
      vertex -6.573618e+00 -4.700000e+01  8.866014e+00
    endloop
  endfacet
  facet normal -3.744999e-01 -7.050188e-01 -6.022445e-01
    outer loop
      vertex -8.573135e+00 -4.700000e+01  9.902080e+00
      vertex -1.000026e+01 -4.550000e+01  9.033547e+00
      vertex -9.000000e+00 -4.550000e+01  8.411543e+00
    endloop
  endfacet
  facet normal -3.455851e-01 -7.090907e-01 -6.146228e-01
    outer loop
      vertex -8.573135e+00 -4.700000e+01  9.902080e+00
      vertex -9.000000e+00 -4.550000e+01  8.411543e+00
      vertex -7.591073e+00 -4.700000e+01  9.349894e+00
    endloop
  endfacet
  facet normal -4.131416e-01 -7.049235e-01 -5.765387e-01
    outer loop
      vertex -9.515225e+00 -4.700000e+01  1.052000e+01
      vertex -1.095771e+01 -4.550000e+01  9.719640e+00
      vertex -1.000026e+01 -4.550000e+01  9.033547e+00
    endloop
  endfacet
  facet normal -3.866572e-01 -7.092099e-01 -5.895062e-01
    outer loop
      vertex -9.515225e+00 -4.700000e+01  1.052000e+01
      vertex -1.000026e+01 -4.550000e+01  9.033547e+00
      vertex -8.573135e+00 -4.700000e+01  9.902080e+00
    endloop
  endfacet
  facet normal -4.500046e-01 -7.048600e-01 -5.483323e-01
    outer loop
      vertex -1.041295e+01 -4.700000e+01  1.120076e+01
      vertex -1.186823e+01 -4.550000e+01  1.046688e+01
      vertex -1.095771e+01 -4.550000e+01  9.719640e+00
    endloop
  endfacet
  facet normal -4.259333e-01 -7.092950e-01 -5.616773e-01
    outer loop
      vertex -1.041295e+01 -4.700000e+01  1.120076e+01
      vertex -1.095771e+01 -4.550000e+01  9.719640e+00
      vertex -9.515225e+00 -4.700000e+01  1.052000e+01
    endloop
  endfacet
  facet normal -4.849251e-01 -7.048284e-01 -5.177496e-01
    outer loop
      vertex -1.126213e+01 -4.700000e+01  1.194121e+01
      vertex -1.272792e+01 -4.550000e+01  1.127208e+01
      vertex -1.186823e+01 -4.550000e+01  1.046688e+01
    endloop
  endfacet
  facet normal -4.632370e-01 -7.093462e-01 -5.312622e-01
    outer loop
      vertex -1.126213e+01 -4.700000e+01  1.194121e+01
      vertex -1.186823e+01 -4.550000e+01  1.046688e+01
      vertex -1.041295e+01 -4.700000e+01  1.120076e+01
    endloop
  endfacet
  facet normal -5.177495e-01 -7.048283e-01 -4.849251e-01
    outer loop
      vertex -1.205879e+01 -4.700000e+01  1.273787e+01
      vertex -1.353312e+01 -4.550000e+01  1.213177e+01
      vertex -1.272792e+01 -4.550000e+01  1.127208e+01
    endloop
  endfacet
  facet normal -4.983993e-01 -7.093633e-01 -4.983993e-01
    outer loop
      vertex -1.205879e+01 -4.700000e+01  1.273787e+01
      vertex -1.272792e+01 -4.550000e+01  1.127208e+01
      vertex -1.126213e+01 -4.700000e+01  1.194121e+01
    endloop
  endfacet
  facet normal -5.483323e-01 -7.048600e-01 -4.500046e-01
    outer loop
      vertex -1.279924e+01 -4.700000e+01  1.358705e+01
      vertex -1.428036e+01 -4.550000e+01  1.304229e+01
      vertex -1.353312e+01 -4.550000e+01  1.213177e+01
    endloop
  endfacet
  facet normal -5.312622e-01 -7.093462e-01 -4.632370e-01
    outer loop
      vertex -1.279924e+01 -4.700000e+01  1.358705e+01
      vertex -1.353312e+01 -4.550000e+01  1.213177e+01
      vertex -1.205879e+01 -4.700000e+01  1.273787e+01
    endloop
  endfacet
  facet normal -5.765387e-01 -7.049235e-01 -4.131415e-01
    outer loop
      vertex -1.348000e+01 -4.700000e+01  1.448477e+01
      vertex -1.496645e+01 -4.550000e+01  1.399974e+01
      vertex -1.428036e+01 -4.550000e+01  1.304229e+01
    endloop
  endfacet
  facet normal -5.616773e-01 -7.092950e-01 -4.259333e-01
    outer loop
      vertex -1.348000e+01 -4.700000e+01  1.448477e+01
      vertex -1.428036e+01 -4.550000e+01  1.304229e+01
      vertex -1.279924e+01 -4.700000e+01  1.358705e+01
    endloop
  endfacet
  facet normal -6.022445e-01 -7.050188e-01 -3.744999e-01
    outer loop
      vertex -1.409792e+01 -4.700000e+01  1.542686e+01
      vertex -1.558846e+01 -4.550000e+01  1.500000e+01
      vertex -1.496645e+01 -4.550000e+01  1.399974e+01
    endloop
  endfacet
  facet normal -5.895062e-01 -7.092099e-01 -3.866572e-01
    outer loop
      vertex -1.409792e+01 -4.700000e+01  1.542686e+01
      vertex -1.496645e+01 -4.550000e+01  1.399974e+01
      vertex -1.348000e+01 -4.700000e+01  1.448477e+01
    endloop
  endfacet
  facet normal -6.253371e-01 -7.051458e-01 -3.342498e-01
    outer loop
      vertex -1.465011e+01 -4.700000e+01  1.640893e+01
      vertex -1.614371e+01 -4.550000e+01  1.603880e+01
      vertex -1.558846e+01 -4.550000e+01  1.500000e+01
    endloop
  endfacet
  facet normal -6.146228e-01 -7.090908e-01 -3.455855e-01
    outer loop
      vertex -1.465011e+01 -4.700000e+01  1.640893e+01
      vertex -1.558846e+01 -4.550000e+01  1.500000e+01
      vertex -1.409792e+01 -4.700000e+01  1.542686e+01
    endloop
  endfacet
  facet normal -6.457154e-01 -7.053046e-01 -2.925696e-01
    outer loop
      vertex -1.513399e+01 -4.700000e+01  1.742638e+01
      vertex -1.662983e+01 -4.550000e+01  1.711170e+01
      vertex -1.614371e+01 -4.550000e+01  1.603880e+01
    endloop
  endfacet
  facet normal -6.369130e-01 -7.089373e-01 -3.029020e-01
    outer loop
      vertex -1.513399e+01 -4.700000e+01  1.742638e+01
      vertex -1.614371e+01 -4.550000e+01  1.603880e+01
      vertex -1.465011e+01 -4.700000e+01  1.640893e+01
    endloop
  endfacet
  facet normal -6.632904e-01 -7.054951e-01 -2.496450e-01
    outer loop
      vertex -1.554731e+01 -4.700000e+01  1.847449e+01
      vertex -1.704474e+01 -4.550000e+01  1.821409e+01
      vertex -1.662983e+01 -4.550000e+01  1.711170e+01
    endloop
  endfacet
  facet normal -6.562742e-01 -7.087498e-01 -2.588007e-01
    outer loop
      vertex -1.554731e+01 -4.700000e+01  1.847449e+01
      vertex -1.662983e+01 -4.550000e+01  1.711170e+01
      vertex -1.513399e+01 -4.700000e+01  1.742638e+01
    endloop
  endfacet
  facet normal -6.779863e-01 -7.057170e-01 -2.056652e-01
    outer loop
      vertex -1.588813e+01 -4.700000e+01  1.954835e+01
      vertex -1.738667e+01 -4.550000e+01  1.934126e+01
      vertex -1.704474e+01 -4.550000e+01  1.821409e+01
    endloop
  endfacet
  facet normal -6.726176e-01 -7.085281e-01 -2.134793e-01
    outer loop
      vertex -1.588813e+01 -4.700000e+01  1.954835e+01
      vertex -1.704474e+01 -4.550000e+01  1.821409e+01
      vertex -1.554731e+01 -4.700000e+01  1.847449e+01
    endloop
  endfacet
  facet normal -6.897406e-01 -7.059698e-01 -1.608244e-01
    outer loop
      vertex -1.615489e+01 -4.700000e+01  2.064297e+01
      vertex -1.765413e+01 -4.550000e+01  2.048837e+01
      vertex -1.738667e+01 -4.550000e+01  1.934126e+01
    endloop
  endfacet
  facet normal -6.858676e-01 -7.082719e-01 -1.671421e-01
    outer loop
      vertex -1.615489e+01 -4.700000e+01  2.064297e+01
      vertex -1.738667e+01 -4.550000e+01  1.934126e+01
      vertex -1.588813e+01 -4.700000e+01  1.954835e+01
    endloop
  endfacet
  facet normal -6.985014e-01 -7.062551e-01 -1.153238e-01
    outer loop
      vertex -1.634632e+01 -4.700000e+01  2.175325e+01
      vertex -1.784601e+01 -4.550000e+01  2.165053e+01
      vertex -1.765413e+01 -4.550000e+01  2.048837e+01
    endloop
  endfacet
  facet normal -6.959629e-01 -7.079809e-01 -1.199951e-01
    outer loop
      vertex -1.634632e+01 -4.700000e+01  2.175325e+01
      vertex -1.765413e+01 -4.550000e+01  2.048837e+01
      vertex -1.615489e+01 -4.700000e+01  2.064297e+01
    endloop
  endfacet
  facet normal -7.042353e-01 -7.065705e-01 -6.936026e-02
    outer loop
      vertex -1.646153e+01 -4.700000e+01  2.287400e+01
      vertex -1.796146e+01 -4.550000e+01  2.282274e+01
      vertex -1.784601e+01 -4.550000e+01  2.165053e+01
    endloop
  endfacet
  facet normal -7.028527e-01 -7.076561e-01 -7.225581e-02
    outer loop
      vertex -1.646153e+01 -4.700000e+01  2.287400e+01
      vertex -1.784601e+01 -4.550000e+01  2.165053e+01
      vertex -1.634632e+01 -4.700000e+01  2.175325e+01
    endloop
  endfacet
  facet normal -2.314210e-02 -7.069174e-01 -7.069174e-01
    outer loop
      vertex -1.226685e-14 -4.700000e+01  7.500000e+00
      vertex -1.177256e+00 -4.550000e+01  6.038539e+00
      vertex  3.306546e-15 -4.550000e+01  6.000000e+00
    endloop
  endfacet
  facet normal  8.046770e-02  0.000000e+00 -9.967572e-01
    outer loop
      vertex -4.831913e-01 -2.800000e+01  3.599027e+01
      vertex -1.446440e+00 -4.600000e+01  3.591251e+01
      vertex -1.446440e+00 -2.800000e+01  3.591251e+01
    endloop
  endfacet
  facet normal  1.604105e-01  0.000000e+00 -9.870505e-01
    outer loop
      vertex -1.446440e+00 -2.800000e+01  3.591251e+01
      vertex -1.446440e+00 -4.600000e+01  3.591251e+01
      vertex -2.400308e+00 -4.600000e+01  3.575749e+01
    endloop
  endfacet
  facet normal  1.604105e-01  0.000000e+00 -9.870505e-01
    outer loop
      vertex -1.446440e+00 -2.800000e+01  3.591251e+01
      vertex -2.400308e+00 -4.600000e+01  3.575749e+01
      vertex -2.400308e+00 -2.800000e+01  3.575749e+01
    endloop
  endfacet
  facet normal  2.393151e-01  0.000000e+00 -9.709420e-01
    outer loop
      vertex -2.400308e+00 -2.800000e+01  3.575749e+01
      vertex -2.400308e+00 -4.600000e+01  3.575749e+01
      vertex -3.338609e+00 -4.600000e+01  3.552622e+01
    endloop
  endfacet
  facet normal  2.393151e-01  0.000000e+00 -9.709420e-01
    outer loop
      vertex -2.400308e+00 -2.800000e+01  3.575749e+01
      vertex -3.338609e+00 -4.600000e+01  3.552622e+01
      vertex -3.338609e+00 -2.800000e+01  3.552622e+01
    endloop
  endfacet
  facet normal  3.166682e-01  0.000000e+00 -9.485363e-01
    outer loop
      vertex -3.338609e+00 -2.800000e+01  3.552622e+01
      vertex -3.338609e+00 -4.600000e+01  3.552622e+01
      vertex -4.255259e+00 -4.600000e+01  3.522020e+01
    endloop
  endfacet
  facet normal  3.166682e-01  0.000000e+00 -9.485363e-01
    outer loop
      vertex -3.338609e+00 -2.800000e+01  3.552622e+01
      vertex -4.255259e+00 -4.600000e+01  3.522020e+01
      vertex -4.255259e+00 -2.800000e+01  3.522020e+01
    endloop
  endfacet
  facet normal  3.919684e-01  0.000000e+00 -9.199788e-01
    outer loop
      vertex -4.255259e+00 -2.800000e+01  3.522020e+01
      vertex -4.255259e+00 -4.600000e+01  3.522020e+01
      vertex -5.144311e+00 -4.600000e+01  3.484140e+01
    endloop
  endfacet
  facet normal  3.919684e-01  0.000000e+00 -9.199788e-01
    outer loop
      vertex -4.255259e+00 -2.800000e+01  3.522020e+01
      vertex -5.144311e+00 -4.600000e+01  3.484140e+01
      vertex -5.144311e+00 -2.800000e+01  3.484140e+01
    endloop
  endfacet
  facet normal  4.647233e-01  0.000000e+00 -8.854559e-01
    outer loop
      vertex -5.144311e+00 -2.800000e+01  3.484140e+01
      vertex -5.144311e+00 -4.600000e+01  3.484140e+01
      vertex -6.000000e+00 -4.600000e+01  3.439230e+01
    endloop
  endfacet
  facet normal  4.647233e-01  0.000000e+00 -8.854559e-01
    outer loop
      vertex -5.144311e+00 -2.800000e+01  3.484140e+01
      vertex -6.000000e+00 -4.600000e+01  3.439230e+01
      vertex -6.000000e+00 -2.800000e+01  3.439230e+01
    endloop
  endfacet
  facet normal  5.344660e-01  0.000000e+00 -8.451899e-01
    outer loop
      vertex -6.000000e+00 -2.800000e+01  3.439230e+01
      vertex -6.000000e+00 -4.600000e+01  3.439230e+01
      vertex -6.816777e+00 -4.600000e+01  3.387580e+01
    endloop
  endfacet
  facet normal  5.344660e-01  0.000000e+00 -8.451899e-01
    outer loop
      vertex -6.000000e+00 -2.800000e+01  3.439230e+01
      vertex -6.816777e+00 -4.600000e+01  3.387580e+01
      vertex -6.816777e+00 -2.800000e+01  3.387580e+01
    endloop
  endfacet
  facet normal  6.007400e-01  0.000000e+00 -7.994444e-01
    outer loop
      vertex -6.816777e+00 -2.800000e+01  3.387580e+01
      vertex -6.816777e+00 -4.600000e+01  3.387580e+01
      vertex -7.589345e+00 -4.600000e+01  3.329526e+01
    endloop
  endfacet
  facet normal  6.007400e-01  0.000000e+00 -7.994444e-01
    outer loop
      vertex -6.816777e+00 -2.800000e+01  3.387580e+01
      vertex -7.589345e+00 -4.600000e+01  3.329526e+01
      vertex -7.589345e+00 -2.800000e+01  3.329526e+01
    endloop
  endfacet
  facet normal  6.631230e-01  0.000000e+00 -7.485105e-01
    outer loop
      vertex -7.589345e+00 -2.800000e+01  3.329526e+01
      vertex -7.589345e+00 -4.600000e+01  3.329526e+01
      vertex -8.312693e+00 -4.600000e+01  3.265443e+01
    endloop
  endfacet
  facet normal  6.631230e-01  0.000000e+00 -7.485105e-01
    outer loop
      vertex -7.589345e+00 -2.800000e+01  3.329526e+01
      vertex -8.312693e+00 -4.600000e+01  3.265443e+01
      vertex -8.312693e+00 -2.800000e+01  3.265443e+01
    endloop
  endfacet
  facet normal  7.212031e-01  0.000000e+00 -6.927236e-01
    outer loop
      vertex -8.312693e+00 -2.800000e+01  3.265443e+01
      vertex -8.312693e+00 -4.600000e+01  3.265443e+01
      vertex -8.982129e+00 -4.600000e+01  3.195747e+01
    endloop
  endfacet
  facet normal  7.212031e-01  0.000000e+00 -6.927236e-01
    outer loop
      vertex -8.312693e+00 -2.800000e+01  3.265443e+01
      vertex -8.982129e+00 -4.600000e+01  3.195747e+01
      vertex -8.982129e+00 -2.800000e+01  3.195747e+01
    endloop
  endfacet
  facet normal  7.746046e-01  0.000000e+00 -6.324458e-01
    outer loop
      vertex -8.982129e+00 -2.800000e+01  3.195747e+01
      vertex -8.982129e+00 -4.600000e+01  3.195747e+01
      vertex -9.593313e+00 -4.600000e+01  3.120891e+01
    endloop
  endfacet
  facet normal  7.746046e-01  0.000000e+00 -6.324458e-01
    outer loop
      vertex -8.982129e+00 -2.800000e+01  3.195747e+01
      vertex -9.593313e+00 -4.600000e+01  3.120891e+01
      vertex -9.593313e+00 -2.800000e+01  3.120891e+01
    endloop
  endfacet
  facet normal  8.229845e-01  0.000000e+00 -5.680637e-01
    outer loop
      vertex -9.593313e+00 -2.800000e+01  3.120891e+01
      vertex -9.593313e+00 -4.600000e+01  3.120891e+01
      vertex -1.014228e+01 -4.600000e+01  3.041359e+01
    endloop
  endfacet
  facet normal  8.229845e-01  0.000000e+00 -5.680637e-01
    outer loop
      vertex -9.593313e+00 -2.800000e+01  3.120891e+01
      vertex -1.014228e+01 -4.600000e+01  3.041359e+01
      vertex -1.014228e+01 -2.800000e+01  3.041359e+01
    endloop
  endfacet
  facet normal  8.660254e-01  0.000000e+00 -5.000001e-01
    outer loop
      vertex -1.014228e+01 -2.800000e+01  3.041359e+01
      vertex -1.014228e+01 -4.600000e+01  3.041359e+01
      vertex -1.062547e+01 -4.600000e+01  2.957668e+01
    endloop
  endfacet
  facet normal  8.660254e-01  0.000000e+00 -5.000001e-01
    outer loop
      vertex -1.014228e+01 -2.800000e+01  3.041359e+01
      vertex -1.062547e+01 -4.600000e+01  2.957668e+01
      vertex -1.062547e+01 -2.800000e+01  2.957668e+01
    endloop
  endfacet
  facet normal  9.034503e-01  0.000000e+00 -4.286930e-01
    outer loop
      vertex -1.062547e+01 -2.800000e+01  2.957668e+01
      vertex -1.062547e+01 -4.600000e+01  2.957668e+01
      vertex -1.103975e+01 -4.600000e+01  2.870360e+01
    endloop
  endfacet
  facet normal  9.034503e-01  0.000000e+00 -4.286930e-01
    outer loop
      vertex -1.062547e+01 -2.800000e+01  2.957668e+01
      vertex -1.103975e+01 -4.600000e+01  2.870360e+01
      vertex -1.103975e+01 -2.800000e+01  2.870360e+01
    endloop
  endfacet
  facet normal  9.350160e-01  0.000000e+00 -3.546055e-01
    outer loop
      vertex -1.103975e+01 -2.800000e+01  2.870360e+01
      vertex -1.103975e+01 -4.600000e+01  2.870360e+01
      vertex -1.138244e+01 -4.600000e+01  2.780002e+01
    endloop
  endfacet
  facet normal  9.350160e-01  0.000000e+00 -3.546055e-01
    outer loop
      vertex -1.103975e+01 -2.800000e+01  2.870360e+01
      vertex -1.138244e+01 -4.600000e+01  2.780002e+01
      vertex -1.138244e+01 -2.800000e+01  2.780002e+01
    endloop
  endfacet
  facet normal  9.605184e-01  0.000000e+00 -2.782165e-01
    outer loop
      vertex -1.138244e+01 -2.800000e+01  2.780002e+01
      vertex -1.138244e+01 -4.600000e+01  2.780002e+01
      vertex -1.165130e+01 -4.600000e+01  2.687179e+01
    endloop
  endfacet
  facet normal  9.605184e-01  0.000000e+00 -2.782165e-01
    outer loop
      vertex -1.138244e+01 -2.800000e+01  2.780002e+01
      vertex -1.165130e+01 -4.600000e+01  2.687179e+01
      vertex -1.165130e+01 -2.800000e+01  2.687179e+01
    endloop
  endfacet
  facet normal  9.797904e-01  0.000000e+00 -2.000267e-01
    outer loop
      vertex -1.165130e+01 -2.800000e+01  2.687179e+01
      vertex -1.165130e+01 -4.600000e+01  2.687179e+01
      vertex -1.184460e+01 -4.600000e+01  2.592494e+01
    endloop
  endfacet
  facet normal  9.797904e-01  0.000000e+00 -2.000267e-01
    outer loop
      vertex -1.165130e+01 -2.800000e+01  2.687179e+01
      vertex -1.184460e+01 -4.600000e+01  2.592494e+01
      vertex -1.184460e+01 -2.800000e+01  2.592494e+01
    endloop
  endfacet
  facet normal  9.927089e-01  0.000000e+00 -1.205357e-01
    outer loop
      vertex -1.184460e+01 -2.800000e+01  2.592494e+01
      vertex -1.184460e+01 -4.600000e+01  2.592494e+01
      vertex -1.196109e+01 -4.600000e+01  2.496560e+01
    endloop
  endfacet
  facet normal  9.927089e-01  0.000000e+00 -1.205357e-01
    outer loop
      vertex -1.184460e+01 -2.800000e+01  2.592494e+01
      vertex -1.196109e+01 -4.600000e+01  2.496560e+01
      vertex -1.196109e+01 -2.800000e+01  2.496560e+01
    endloop
  endfacet
  facet normal  9.991890e-01  0.000000e+00 -4.026642e-02
    outer loop
      vertex -1.196109e+01 -2.800000e+01  2.496560e+01
      vertex -1.196109e+01 -4.600000e+01  2.496560e+01
      vertex -1.200000e+01 -4.600000e+01  2.400000e+01
    endloop
  endfacet
  facet normal  9.991890e-01  0.000000e+00 -4.026642e-02
    outer loop
      vertex -1.196109e+01 -2.800000e+01  2.496560e+01
      vertex -1.200000e+01 -4.600000e+01  2.400000e+01
      vertex -1.200000e+01 -2.800000e+01  2.400000e+01
    endloop
  endfacet
  facet normal  8.046770e-02  0.000000e+00 -9.967572e-01
    outer loop
      vertex -1.446440e+00 -4.600000e+01  3.591251e+01
      vertex -4.831913e-01 -2.800000e+01  3.599027e+01
      vertex -4.831913e-01 -4.600000e+01  3.599027e+01
    endloop
  endfacet
  facet normal  0.000000e+00  0.000000e+00 -1.000000e+00
    outer loop
      vertex -4.831913e-01 -4.600000e+01  3.599027e+01
      vertex -4.831913e-01 -2.800000e+01  3.599027e+01
      vertex  4.831913e-01 -2.800000e+01  3.599027e+01
    endloop
  endfacet
  facet normal  0.000000e+00  -0.000000e+00 -1.000000e+00
    outer loop
      vertex -4.831913e-01 -4.600000e+01  3.599027e+01
      vertex  4.831913e-01 -2.800000e+01  3.599027e+01
      vertex  4.831913e-01 -4.600000e+01  3.599027e+01
    endloop
  endfacet
  facet normal -8.046770e-02  0.000000e+00 -9.967572e-01
    outer loop
      vertex  4.831913e-01 -4.600000e+01  3.599027e+01
      vertex  4.831913e-01 -2.800000e+01  3.599027e+01
      vertex  1.446440e+00 -2.800000e+01  3.591251e+01
    endloop
  endfacet
  facet normal -8.046770e-02  -0.000000e+00 -9.967572e-01
    outer loop
      vertex  4.831913e-01 -4.600000e+01  3.599027e+01
      vertex  1.446440e+00 -2.800000e+01  3.591251e+01
      vertex  1.446440e+00 -4.600000e+01  3.591251e+01
    endloop
  endfacet
  facet normal -1.604105e-01  0.000000e+00 -9.870505e-01
    outer loop
      vertex  1.446440e+00 -4.600000e+01  3.591251e+01
      vertex  1.446440e+00 -2.800000e+01  3.591251e+01
      vertex  2.400308e+00 -2.800000e+01  3.575749e+01
    endloop
  endfacet
  facet normal -1.604105e-01  -0.000000e+00 -9.870505e-01
    outer loop
      vertex  1.446440e+00 -4.600000e+01  3.591251e+01
      vertex  2.400308e+00 -2.800000e+01  3.575749e+01
      vertex  2.400308e+00 -4.600000e+01  3.575749e+01
    endloop
  endfacet
  facet normal -2.393151e-01  0.000000e+00 -9.709420e-01
    outer loop
      vertex  2.400308e+00 -4.600000e+01  3.575749e+01
      vertex  2.400308e+00 -2.800000e+01  3.575749e+01
      vertex  3.338609e+00 -2.800000e+01  3.552622e+01
    endloop
  endfacet
  facet normal -2.393151e-01  -0.000000e+00 -9.709420e-01
    outer loop
      vertex  2.400308e+00 -4.600000e+01  3.575749e+01
      vertex  3.338609e+00 -2.800000e+01  3.552622e+01
      vertex  3.338609e+00 -4.600000e+01  3.552622e+01
    endloop
  endfacet
  facet normal -3.166682e-01  0.000000e+00 -9.485363e-01
    outer loop
      vertex  3.338609e+00 -4.600000e+01  3.552622e+01
      vertex  3.338609e+00 -2.800000e+01  3.552622e+01
      vertex  4.255259e+00 -2.800000e+01  3.522020e+01
    endloop
  endfacet
  facet normal -3.166682e-01  -0.000000e+00 -9.485363e-01
    outer loop
      vertex  3.338609e+00 -4.600000e+01  3.552622e+01
      vertex  4.255259e+00 -2.800000e+01  3.522020e+01
      vertex  4.255259e+00 -4.600000e+01  3.522020e+01
    endloop
  endfacet
  facet normal -3.919684e-01  0.000000e+00 -9.199788e-01
    outer loop
      vertex  4.255259e+00 -4.600000e+01  3.522020e+01
      vertex  4.255259e+00 -2.800000e+01  3.522020e+01
      vertex  5.144311e+00 -2.800000e+01  3.484140e+01
    endloop
  endfacet
  facet normal -3.919684e-01  -0.000000e+00 -9.199788e-01
    outer loop
      vertex  4.255259e+00 -4.600000e+01  3.522020e+01
      vertex  5.144311e+00 -2.800000e+01  3.484140e+01
      vertex  5.144311e+00 -4.600000e+01  3.484140e+01
    endloop
  endfacet
  facet normal -4.647233e-01  0.000000e+00 -8.854559e-01
    outer loop
      vertex  5.144311e+00 -4.600000e+01  3.484140e+01
      vertex  5.144311e+00 -2.800000e+01  3.484140e+01
      vertex  6.000000e+00 -2.800000e+01  3.439230e+01
    endloop
  endfacet
  facet normal -4.647233e-01  -0.000000e+00 -8.854559e-01
    outer loop
      vertex  5.144311e+00 -4.600000e+01  3.484140e+01
      vertex  6.000000e+00 -2.800000e+01  3.439230e+01
      vertex  6.000000e+00 -4.600000e+01  3.439230e+01
    endloop
  endfacet
  facet normal -5.344660e-01  0.000000e+00 -8.451899e-01
    outer loop
      vertex  6.000000e+00 -4.600000e+01  3.439230e+01
      vertex  6.000000e+00 -2.800000e+01  3.439230e+01
      vertex  6.816777e+00 -2.800000e+01  3.387580e+01
    endloop
  endfacet
  facet normal -5.344660e-01  -0.000000e+00 -8.451899e-01
    outer loop
      vertex  6.000000e+00 -4.600000e+01  3.439230e+01
      vertex  6.816777e+00 -2.800000e+01  3.387580e+01
      vertex  6.816777e+00 -4.600000e+01  3.387580e+01
    endloop
  endfacet
  facet normal -6.007400e-01  0.000000e+00 -7.994444e-01
    outer loop
      vertex  6.816777e+00 -4.600000e+01  3.387580e+01
      vertex  6.816777e+00 -2.800000e+01  3.387580e+01
      vertex  7.589345e+00 -2.800000e+01  3.329526e+01
    endloop
  endfacet
  facet normal -6.007400e-01  -0.000000e+00 -7.994444e-01
    outer loop
      vertex  6.816777e+00 -4.600000e+01  3.387580e+01
      vertex  7.589345e+00 -2.800000e+01  3.329526e+01
      vertex  7.589345e+00 -4.600000e+01  3.329526e+01
    endloop
  endfacet
  facet normal -6.631230e-01  0.000000e+00 -7.485105e-01
    outer loop
      vertex  7.589345e+00 -4.600000e+01  3.329526e+01
      vertex  7.589345e+00 -2.800000e+01  3.329526e+01
      vertex  8.312693e+00 -2.800000e+01  3.265443e+01
    endloop
  endfacet
  facet normal -6.631230e-01  -0.000000e+00 -7.485105e-01
    outer loop
      vertex  7.589345e+00 -4.600000e+01  3.329526e+01
      vertex  8.312693e+00 -2.800000e+01  3.265443e+01
      vertex  8.312693e+00 -4.600000e+01  3.265443e+01
    endloop
  endfacet
  facet normal -7.212031e-01  0.000000e+00 -6.927236e-01
    outer loop
      vertex  8.312693e+00 -4.600000e+01  3.265443e+01
      vertex  8.312693e+00 -2.800000e+01  3.265443e+01
      vertex  8.982129e+00 -2.800000e+01  3.195747e+01
    endloop
  endfacet
  facet normal -7.212031e-01  -0.000000e+00 -6.927236e-01
    outer loop
      vertex  8.312693e+00 -4.600000e+01  3.265443e+01
      vertex  8.982129e+00 -2.800000e+01  3.195747e+01
      vertex  8.982129e+00 -4.600000e+01  3.195747e+01
    endloop
  endfacet
  facet normal -7.746046e-01  0.000000e+00 -6.324458e-01
    outer loop
      vertex  8.982129e+00 -4.600000e+01  3.195747e+01
      vertex  8.982129e+00 -2.800000e+01  3.195747e+01
      vertex  9.593313e+00 -2.800000e+01  3.120891e+01
    endloop
  endfacet
  facet normal -7.746046e-01  -0.000000e+00 -6.324458e-01
    outer loop
      vertex  8.982129e+00 -4.600000e+01  3.195747e+01
      vertex  9.593313e+00 -2.800000e+01  3.120891e+01
      vertex  9.593313e+00 -4.600000e+01  3.120891e+01
    endloop
  endfacet
  facet normal -8.229845e-01  0.000000e+00 -5.680637e-01
    outer loop
      vertex  9.593313e+00 -4.600000e+01  3.120891e+01
      vertex  9.593313e+00 -2.800000e+01  3.120891e+01
      vertex  1.014228e+01 -2.800000e+01  3.041359e+01
    endloop
  endfacet
  facet normal -8.229845e-01  -0.000000e+00 -5.680637e-01
    outer loop
      vertex  9.593313e+00 -4.600000e+01  3.120891e+01
      vertex  1.014228e+01 -2.800000e+01  3.041359e+01
      vertex  1.014228e+01 -4.600000e+01  3.041359e+01
    endloop
  endfacet
  facet normal -8.660254e-01  0.000000e+00 -5.000001e-01
    outer loop
      vertex  1.014228e+01 -4.600000e+01  3.041359e+01
      vertex  1.014228e+01 -2.800000e+01  3.041359e+01
      vertex  1.062547e+01 -2.800000e+01  2.957668e+01
    endloop
  endfacet
  facet normal -8.660254e-01  -0.000000e+00 -5.000001e-01
    outer loop
      vertex  1.014228e+01 -4.600000e+01  3.041359e+01
      vertex  1.062547e+01 -2.800000e+01  2.957668e+01
      vertex  1.062547e+01 -4.600000e+01  2.957668e+01
    endloop
  endfacet
  facet normal -9.034503e-01  0.000000e+00 -4.286930e-01
    outer loop
      vertex  1.062547e+01 -4.600000e+01  2.957668e+01
      vertex  1.062547e+01 -2.800000e+01  2.957668e+01
      vertex  1.103975e+01 -2.800000e+01  2.870360e+01
    endloop
  endfacet
  facet normal -9.034503e-01  -0.000000e+00 -4.286930e-01
    outer loop
      vertex  1.062547e+01 -4.600000e+01  2.957668e+01
      vertex  1.103975e+01 -2.800000e+01  2.870360e+01
      vertex  1.103975e+01 -4.600000e+01  2.870360e+01
    endloop
  endfacet
  facet normal -9.350160e-01  0.000000e+00 -3.546055e-01
    outer loop
      vertex  1.103975e+01 -4.600000e+01  2.870360e+01
      vertex  1.103975e+01 -2.800000e+01  2.870360e+01
      vertex  1.138244e+01 -2.800000e+01  2.780002e+01
    endloop
  endfacet
  facet normal -9.350160e-01  -0.000000e+00 -3.546055e-01
    outer loop
      vertex  1.103975e+01 -4.600000e+01  2.870360e+01
      vertex  1.138244e+01 -2.800000e+01  2.780002e+01
      vertex  1.138244e+01 -4.600000e+01  2.780002e+01
    endloop
  endfacet
  facet normal -9.605184e-01  0.000000e+00 -2.782165e-01
    outer loop
      vertex  1.138244e+01 -4.600000e+01  2.780002e+01
      vertex  1.138244e+01 -2.800000e+01  2.780002e+01
      vertex  1.165130e+01 -2.800000e+01  2.687179e+01
    endloop
  endfacet
  facet normal -9.605184e-01  -0.000000e+00 -2.782165e-01
    outer loop
      vertex  1.138244e+01 -4.600000e+01  2.780002e+01
      vertex  1.165130e+01 -2.800000e+01  2.687179e+01
      vertex  1.165130e+01 -4.600000e+01  2.687179e+01
    endloop
  endfacet
  facet normal -9.797904e-01  0.000000e+00 -2.000267e-01
    outer loop
      vertex  1.165130e+01 -4.600000e+01  2.687179e+01
      vertex  1.165130e+01 -2.800000e+01  2.687179e+01
      vertex  1.184460e+01 -2.800000e+01  2.592494e+01
    endloop
  endfacet
  facet normal -9.797904e-01  -0.000000e+00 -2.000267e-01
    outer loop
      vertex  1.165130e+01 -4.600000e+01  2.687179e+01
      vertex  1.184460e+01 -2.800000e+01  2.592494e+01
      vertex  1.184460e+01 -4.600000e+01  2.592494e+01
    endloop
  endfacet
  facet normal -9.927089e-01  0.000000e+00 -1.205357e-01
    outer loop
      vertex  1.184460e+01 -4.600000e+01  2.592494e+01
      vertex  1.184460e+01 -2.800000e+01  2.592494e+01
      vertex  1.196109e+01 -2.800000e+01  2.496560e+01
    endloop
  endfacet
  facet normal -9.927089e-01  -0.000000e+00 -1.205357e-01
    outer loop
      vertex  1.184460e+01 -4.600000e+01  2.592494e+01
      vertex  1.196109e+01 -2.800000e+01  2.496560e+01
      vertex  1.196109e+01 -4.600000e+01  2.496560e+01
    endloop
  endfacet
  facet normal -9.991890e-01  0.000000e+00 -4.026642e-02
    outer loop
      vertex  1.196109e+01 -4.600000e+01  2.496560e+01
      vertex  1.196109e+01 -2.800000e+01  2.496560e+01
      vertex  1.200000e+01 -2.800000e+01  2.400000e+01
    endloop
  endfacet
  facet normal -9.991890e-01  -0.000000e+00 -4.026642e-02
    outer loop
      vertex  1.196109e+01 -4.600000e+01  2.496560e+01
      vertex  1.200000e+01 -2.800000e+01  2.400000e+01
      vertex  1.200000e+01 -4.600000e+01  2.400000e+01
    endloop
  endfacet
  facet normal -8.046672e-02  0.000000e+00  9.967573e-01
    outer loop
      vertex  4.831913e-01 -2.800000e+01  1.200973e+01
      vertex  1.446440e+00 -4.600000e+01  1.208749e+01
      vertex  1.446440e+00 -2.800000e+01  1.208749e+01
    endloop
  endfacet
  facet normal -1.604105e-01  0.000000e+00  9.870505e-01
    outer loop
      vertex  1.446440e+00 -2.800000e+01  1.208749e+01
      vertex  1.446440e+00 -4.600000e+01  1.208749e+01
      vertex  2.400308e+00 -4.600000e+01  1.224251e+01
    endloop
  endfacet
  facet normal -1.604105e-01  0.000000e+00  9.870505e-01
    outer loop
      vertex  1.446440e+00 -2.800000e+01  1.208749e+01
      vertex  2.400308e+00 -4.600000e+01  1.224251e+01
      vertex  2.400308e+00 -2.800000e+01  1.224251e+01
    endloop
  endfacet
  facet normal -2.393160e-01  0.000000e+00  9.709417e-01
    outer loop
      vertex  2.400308e+00 -2.800000e+01  1.224251e+01
      vertex  2.400308e+00 -4.600000e+01  1.224251e+01
      vertex  3.338609e+00 -4.600000e+01  1.247378e+01
    endloop
  endfacet
  facet normal -2.393160e-01  0.000000e+00  9.709417e-01
    outer loop
      vertex  2.400308e+00 -2.800000e+01  1.224251e+01
      vertex  3.338609e+00 -4.600000e+01  1.247378e+01
      vertex  3.338609e+00 -2.800000e+01  1.247378e+01
    endloop
  endfacet
  facet normal -3.166682e-01  0.000000e+00  9.485363e-01
    outer loop
      vertex  3.338609e+00 -2.800000e+01  1.247378e+01
      vertex  3.338609e+00 -4.600000e+01  1.247378e+01
      vertex  4.255259e+00 -4.600000e+01  1.277981e+01
    endloop
  endfacet
  facet normal -3.166682e-01  0.000000e+00  9.485363e-01
    outer loop
      vertex  3.338609e+00 -2.800000e+01  1.247378e+01
      vertex  4.255259e+00 -4.600000e+01  1.277981e+01
      vertex  4.255259e+00 -2.800000e+01  1.277981e+01
    endloop
  endfacet
  facet normal -3.919667e-01  0.000000e+00  9.199795e-01
    outer loop
      vertex  4.255259e+00 -2.800000e+01  1.277981e+01
      vertex  4.255259e+00 -4.600000e+01  1.277981e+01
      vertex  5.144311e+00 -4.600000e+01  1.315860e+01
    endloop
  endfacet
  facet normal -3.919667e-01  0.000000e+00  9.199795e-01
    outer loop
      vertex  4.255259e+00 -2.800000e+01  1.277981e+01
      vertex  5.144311e+00 -4.600000e+01  1.315860e+01
      vertex  5.144311e+00 -2.800000e+01  1.315860e+01
    endloop
  endfacet
  facet normal -4.647233e-01  0.000000e+00  8.854559e-01
    outer loop
      vertex  5.144311e+00 -2.800000e+01  1.315860e+01
      vertex  5.144311e+00 -4.600000e+01  1.315860e+01
      vertex  6.000000e+00 -4.600000e+01  1.360770e+01
    endloop
  endfacet
  facet normal -4.647233e-01  0.000000e+00  8.854559e-01
    outer loop
      vertex  5.144311e+00 -2.800000e+01  1.315860e+01
      vertex  6.000000e+00 -4.600000e+01  1.360770e+01
      vertex  6.000000e+00 -2.800000e+01  1.360770e+01
    endloop
  endfacet
  facet normal -5.344653e-01  0.000000e+00  8.451905e-01
    outer loop
      vertex  6.000000e+00 -2.800000e+01  1.360770e+01
      vertex  6.000000e+00 -4.600000e+01  1.360770e+01
      vertex  6.816777e+00 -4.600000e+01  1.412419e+01
    endloop
  endfacet
  facet normal -5.344653e-01  0.000000e+00  8.451905e-01
    outer loop
      vertex  6.000000e+00 -2.800000e+01  1.360770e+01
      vertex  6.816777e+00 -4.600000e+01  1.412419e+01
      vertex  6.816777e+00 -2.800000e+01  1.412419e+01
    endloop
  endfacet
  facet normal -6.007425e-01  0.000000e+00  7.994426e-01
    outer loop
      vertex  6.816777e+00 -2.800000e+01  1.412419e+01
      vertex  6.816777e+00 -4.600000e+01  1.412419e+01
      vertex  7.589345e+00 -4.600000e+01  1.470474e+01
    endloop
  endfacet
  facet normal -6.007425e-01  0.000000e+00  7.994426e-01
    outer loop
      vertex  6.816777e+00 -2.800000e+01  1.412419e+01
      vertex  7.589345e+00 -4.600000e+01  1.470474e+01
      vertex  7.589345e+00 -2.800000e+01  1.470474e+01
    endloop
  endfacet
  facet normal -6.631224e-01  0.000000e+00  7.485110e-01
    outer loop
      vertex  7.589345e+00 -2.800000e+01  1.470474e+01
      vertex  7.589345e+00 -4.600000e+01  1.470474e+01
      vertex  8.312693e+00 -4.600000e+01  1.534557e+01
    endloop
  endfacet
  facet normal -6.631224e-01  0.000000e+00  7.485110e-01
    outer loop
      vertex  7.589345e+00 -2.800000e+01  1.470474e+01
      vertex  8.312693e+00 -4.600000e+01  1.534557e+01
      vertex  8.312693e+00 -2.800000e+01  1.534557e+01
    endloop
  endfacet
  facet normal -7.212026e-01  0.000000e+00  6.927241e-01
    outer loop
      vertex  8.312693e+00 -2.800000e+01  1.534557e+01
      vertex  8.312693e+00 -4.600000e+01  1.534557e+01
      vertex  8.982129e+00 -4.600000e+01  1.604253e+01
    endloop
  endfacet
  facet normal -7.212026e-01  0.000000e+00  6.927241e-01
    outer loop
      vertex  8.312693e+00 -2.800000e+01  1.534557e+01
      vertex  8.982129e+00 -4.600000e+01  1.604253e+01
      vertex  8.982129e+00 -2.800000e+01  1.604253e+01
    endloop
  endfacet
  facet normal -7.746046e-01  0.000000e+00  6.324458e-01
    outer loop
      vertex  8.982129e+00 -2.800000e+01  1.604253e+01
      vertex  8.982129e+00 -4.600000e+01  1.604253e+01
      vertex  9.593313e+00 -4.600000e+01  1.679109e+01
    endloop
  endfacet
  facet normal -7.746046e-01  0.000000e+00  6.324458e-01
    outer loop
      vertex  8.982129e+00 -2.800000e+01  1.604253e+01
      vertex  9.593313e+00 -4.600000e+01  1.679109e+01
      vertex  9.593313e+00 -2.800000e+01  1.679109e+01
    endloop
  endfacet
  facet normal -8.229845e-01  0.000000e+00  5.680637e-01
    outer loop
      vertex  9.593313e+00 -2.800000e+01  1.679109e+01
      vertex  9.593313e+00 -4.600000e+01  1.679109e+01
      vertex  1.014228e+01 -4.600000e+01  1.758641e+01
    endloop
  endfacet
  facet normal -8.229845e-01  0.000000e+00  5.680637e-01
    outer loop
      vertex  9.593313e+00 -2.800000e+01  1.679109e+01
      vertex  1.014228e+01 -4.600000e+01  1.758641e+01
      vertex  1.014228e+01 -2.800000e+01  1.758641e+01
    endloop
  endfacet
  facet normal -8.660254e-01  0.000000e+00  5.000001e-01
    outer loop
      vertex  1.014228e+01 -2.800000e+01  1.758641e+01
      vertex  1.014228e+01 -4.600000e+01  1.758641e+01
      vertex  1.062547e+01 -4.600000e+01  1.842332e+01
    endloop
  endfacet
  facet normal -8.660254e-01  0.000000e+00  5.000001e-01
    outer loop
      vertex  1.014228e+01 -2.800000e+01  1.758641e+01
      vertex  1.062547e+01 -4.600000e+01  1.842332e+01
      vertex  1.062547e+01 -2.800000e+01  1.842332e+01
    endloop
  endfacet
  facet normal -9.034503e-01  0.000000e+00  4.286930e-01
    outer loop
      vertex  1.062547e+01 -2.800000e+01  1.842332e+01
      vertex  1.062547e+01 -4.600000e+01  1.842332e+01
      vertex  1.103975e+01 -4.600000e+01  1.929640e+01
    endloop
  endfacet
  facet normal -9.034503e-01  0.000000e+00  4.286930e-01
    outer loop
      vertex  1.062547e+01 -2.800000e+01  1.842332e+01
      vertex  1.103975e+01 -4.600000e+01  1.929640e+01
      vertex  1.103975e+01 -2.800000e+01  1.929640e+01
    endloop
  endfacet
  facet normal -9.350160e-01  0.000000e+00  3.546055e-01
    outer loop
      vertex  1.103975e+01 -2.800000e+01  1.929640e+01
      vertex  1.103975e+01 -4.600000e+01  1.929640e+01
      vertex  1.138244e+01 -4.600000e+01  2.019998e+01
    endloop
  endfacet
  facet normal -9.350160e-01  0.000000e+00  3.546055e-01
    outer loop
      vertex  1.103975e+01 -2.800000e+01  1.929640e+01
      vertex  1.138244e+01 -4.600000e+01  2.019998e+01
      vertex  1.138244e+01 -2.800000e+01  2.019998e+01
    endloop
  endfacet
  facet normal -9.605184e-01  0.000000e+00  2.782165e-01
    outer loop
      vertex  1.138244e+01 -2.800000e+01  2.019998e+01
      vertex  1.138244e+01 -4.600000e+01  2.019998e+01
      vertex  1.165130e+01 -4.600000e+01  2.112821e+01
    endloop
  endfacet
  facet normal -9.605184e-01  0.000000e+00  2.782165e-01
    outer loop
      vertex  1.138244e+01 -2.800000e+01  2.019998e+01
      vertex  1.165130e+01 -4.600000e+01  2.112821e+01
      vertex  1.165130e+01 -2.800000e+01  2.112821e+01
    endloop
  endfacet
  facet normal -9.797904e-01  0.000000e+00  2.000267e-01
    outer loop
      vertex  1.165130e+01 -2.800000e+01  2.112821e+01
      vertex  1.165130e+01 -4.600000e+01  2.112821e+01
      vertex  1.184460e+01 -4.600000e+01  2.207506e+01
    endloop
  endfacet
  facet normal -9.797904e-01  0.000000e+00  2.000267e-01
    outer loop
      vertex  1.165130e+01 -2.800000e+01  2.112821e+01
      vertex  1.184460e+01 -4.600000e+01  2.207506e+01
      vertex  1.184460e+01 -2.800000e+01  2.207506e+01
    endloop
  endfacet
  facet normal -9.927089e-01  0.000000e+00  1.205357e-01
    outer loop
      vertex  1.184460e+01 -2.800000e+01  2.207506e+01
      vertex  1.184460e+01 -4.600000e+01  2.207506e+01
      vertex  1.196109e+01 -4.600000e+01  2.303440e+01
    endloop
  endfacet
  facet normal -9.927089e-01  0.000000e+00  1.205357e-01
    outer loop
      vertex  1.184460e+01 -2.800000e+01  2.207506e+01
      vertex  1.196109e+01 -4.600000e+01  2.303440e+01
      vertex  1.196109e+01 -2.800000e+01  2.303440e+01
    endloop
  endfacet
  facet normal -9.991890e-01  0.000000e+00  4.026642e-02
    outer loop
      vertex  1.196109e+01 -2.800000e+01  2.303440e+01
      vertex  1.196109e+01 -4.600000e+01  2.303440e+01
      vertex  1.200000e+01 -4.600000e+01  2.400000e+01
    endloop
  endfacet
  facet normal -9.991890e-01  0.000000e+00  4.026642e-02
    outer loop
      vertex  1.196109e+01 -2.800000e+01  2.303440e+01
      vertex  1.200000e+01 -4.600000e+01  2.400000e+01
      vertex  1.200000e+01 -2.800000e+01  2.400000e+01
    endloop
  endfacet
  facet normal -8.046672e-02  0.000000e+00  9.967573e-01
    outer loop
      vertex  1.446440e+00 -4.600000e+01  1.208749e+01
      vertex  4.831913e-01 -2.800000e+01  1.200973e+01
      vertex  4.831913e-01 -4.600000e+01  1.200973e+01
    endloop
  endfacet
  facet normal  0.000000e+00  -0.000000e+00  1.000000e+00
    outer loop
      vertex  4.831913e-01 -4.600000e+01  1.200973e+01
      vertex  4.831913e-01 -2.800000e+01  1.200973e+01
      vertex -4.831913e-01 -2.800000e+01  1.200973e+01
    endloop
  endfacet
  facet normal  0.000000e+00  0.000000e+00  1.000000e+00
    outer loop
      vertex  4.831913e-01 -4.600000e+01  1.200973e+01
      vertex -4.831913e-01 -2.800000e+01  1.200973e+01
      vertex -4.831913e-01 -4.600000e+01  1.200973e+01
    endloop
  endfacet
  facet normal  8.046672e-02  -0.000000e+00  9.967573e-01
    outer loop
      vertex -4.831913e-01 -4.600000e+01  1.200973e+01
      vertex -4.831913e-01 -2.800000e+01  1.200973e+01
      vertex -1.446440e+00 -2.800000e+01  1.208749e+01
    endloop
  endfacet
  facet normal  8.046672e-02  0.000000e+00  9.967573e-01
    outer loop
      vertex -4.831913e-01 -4.600000e+01  1.200973e+01
      vertex -1.446440e+00 -2.800000e+01  1.208749e+01
      vertex -1.446440e+00 -4.600000e+01  1.208749e+01
    endloop
  endfacet
  facet normal  1.604105e-01  -0.000000e+00  9.870505e-01
    outer loop
      vertex -1.446440e+00 -4.600000e+01  1.208749e+01
      vertex -1.446440e+00 -2.800000e+01  1.208749e+01
      vertex -2.400308e+00 -2.800000e+01  1.224251e+01
    endloop
  endfacet
  facet normal  1.604105e-01  0.000000e+00  9.870505e-01
    outer loop
      vertex -1.446440e+00 -4.600000e+01  1.208749e+01
      vertex -2.400308e+00 -2.800000e+01  1.224251e+01
      vertex -2.400308e+00 -4.600000e+01  1.224251e+01
    endloop
  endfacet
  facet normal  2.393160e-01  -0.000000e+00  9.709417e-01
    outer loop
      vertex -2.400308e+00 -4.600000e+01  1.224251e+01
      vertex -2.400308e+00 -2.800000e+01  1.224251e+01
      vertex -3.338609e+00 -2.800000e+01  1.247378e+01
    endloop
  endfacet
  facet normal  2.393160e-01  0.000000e+00  9.709417e-01
    outer loop
      vertex -2.400308e+00 -4.600000e+01  1.224251e+01
      vertex -3.338609e+00 -2.800000e+01  1.247378e+01
      vertex -3.338609e+00 -4.600000e+01  1.247378e+01
    endloop
  endfacet
  facet normal  3.166682e-01  -0.000000e+00  9.485363e-01
    outer loop
      vertex -3.338609e+00 -4.600000e+01  1.247378e+01
      vertex -3.338609e+00 -2.800000e+01  1.247378e+01
      vertex -4.255259e+00 -2.800000e+01  1.277981e+01
    endloop
  endfacet
  facet normal  3.166682e-01  0.000000e+00  9.485363e-01
    outer loop
      vertex -3.338609e+00 -4.600000e+01  1.247378e+01
      vertex -4.255259e+00 -2.800000e+01  1.277981e+01
      vertex -4.255259e+00 -4.600000e+01  1.277981e+01
    endloop
  endfacet
  facet normal  3.919667e-01  -0.000000e+00  9.199795e-01
    outer loop
      vertex -4.255259e+00 -4.600000e+01  1.277981e+01
      vertex -4.255259e+00 -2.800000e+01  1.277981e+01
      vertex -5.144311e+00 -2.800000e+01  1.315860e+01
    endloop
  endfacet
  facet normal  3.919667e-01  0.000000e+00  9.199795e-01
    outer loop
      vertex -4.255259e+00 -4.600000e+01  1.277981e+01
      vertex -5.144311e+00 -2.800000e+01  1.315860e+01
      vertex -5.144311e+00 -4.600000e+01  1.315860e+01
    endloop
  endfacet
  facet normal  4.647233e-01  -0.000000e+00  8.854559e-01
    outer loop
      vertex -5.144311e+00 -4.600000e+01  1.315860e+01
      vertex -5.144311e+00 -2.800000e+01  1.315860e+01
      vertex -6.000000e+00 -2.800000e+01  1.360770e+01
    endloop
  endfacet
  facet normal  4.647233e-01  0.000000e+00  8.854559e-01
    outer loop
      vertex -5.144311e+00 -4.600000e+01  1.315860e+01
      vertex -6.000000e+00 -2.800000e+01  1.360770e+01
      vertex -6.000000e+00 -4.600000e+01  1.360770e+01
    endloop
  endfacet
  facet normal  5.344653e-01  -0.000000e+00  8.451905e-01
    outer loop
      vertex -6.000000e+00 -4.600000e+01  1.360770e+01
      vertex -6.000000e+00 -2.800000e+01  1.360770e+01
      vertex -6.816777e+00 -2.800000e+01  1.412419e+01
    endloop
  endfacet
  facet normal  5.344653e-01  0.000000e+00  8.451905e-01
    outer loop
      vertex -6.000000e+00 -4.600000e+01  1.360770e+01
      vertex -6.816777e+00 -2.800000e+01  1.412419e+01
      vertex -6.816777e+00 -4.600000e+01  1.412419e+01
    endloop
  endfacet
  facet normal  6.007425e-01  -0.000000e+00  7.994426e-01
    outer loop
      vertex -6.816777e+00 -4.600000e+01  1.412419e+01
      vertex -6.816777e+00 -2.800000e+01  1.412419e+01
      vertex -7.589345e+00 -2.800000e+01  1.470474e+01
    endloop
  endfacet
  facet normal  6.007425e-01  0.000000e+00  7.994426e-01
    outer loop
      vertex -6.816777e+00 -4.600000e+01  1.412419e+01
      vertex -7.589345e+00 -2.800000e+01  1.470474e+01
      vertex -7.589345e+00 -4.600000e+01  1.470474e+01
    endloop
  endfacet
  facet normal  6.631224e-01  -0.000000e+00  7.485110e-01
    outer loop
      vertex -7.589345e+00 -4.600000e+01  1.470474e+01
      vertex -7.589345e+00 -2.800000e+01  1.470474e+01
      vertex -8.312693e+00 -2.800000e+01  1.534557e+01
    endloop
  endfacet
  facet normal  6.631224e-01  0.000000e+00  7.485110e-01
    outer loop
      vertex -7.589345e+00 -4.600000e+01  1.470474e+01
      vertex -8.312693e+00 -2.800000e+01  1.534557e+01
      vertex -8.312693e+00 -4.600000e+01  1.534557e+01
    endloop
  endfacet
  facet normal  7.212026e-01  -0.000000e+00  6.927241e-01
    outer loop
      vertex -8.312693e+00 -4.600000e+01  1.534557e+01
      vertex -8.312693e+00 -2.800000e+01  1.534557e+01
      vertex -8.982129e+00 -2.800000e+01  1.604253e+01
    endloop
  endfacet
  facet normal  7.212026e-01  0.000000e+00  6.927241e-01
    outer loop
      vertex -8.312693e+00 -4.600000e+01  1.534557e+01
      vertex -8.982129e+00 -2.800000e+01  1.604253e+01
      vertex -8.982129e+00 -4.600000e+01  1.604253e+01
    endloop
  endfacet
  facet normal  7.746046e-01  -0.000000e+00  6.324458e-01
    outer loop
      vertex -8.982129e+00 -4.600000e+01  1.604253e+01
      vertex -8.982129e+00 -2.800000e+01  1.604253e+01
      vertex -9.593313e+00 -2.800000e+01  1.679109e+01
    endloop
  endfacet
  facet normal  7.746046e-01  0.000000e+00  6.324458e-01
    outer loop
      vertex -8.982129e+00 -4.600000e+01  1.604253e+01
      vertex -9.593313e+00 -2.800000e+01  1.679109e+01
      vertex -9.593313e+00 -4.600000e+01  1.679109e+01
    endloop
  endfacet
  facet normal  8.229845e-01  -0.000000e+00  5.680637e-01
    outer loop
      vertex -9.593313e+00 -4.600000e+01  1.679109e+01
      vertex -9.593313e+00 -2.800000e+01  1.679109e+01
      vertex -1.014228e+01 -2.800000e+01  1.758641e+01
    endloop
  endfacet
  facet normal  8.229845e-01  0.000000e+00  5.680637e-01
    outer loop
      vertex -9.593313e+00 -4.600000e+01  1.679109e+01
      vertex -1.014228e+01 -2.800000e+01  1.758641e+01
      vertex -1.014228e+01 -4.600000e+01  1.758641e+01
    endloop
  endfacet
  facet normal  8.660254e-01  -0.000000e+00  5.000001e-01
    outer loop
      vertex -1.014228e+01 -4.600000e+01  1.758641e+01
      vertex -1.014228e+01 -2.800000e+01  1.758641e+01
      vertex -1.062547e+01 -2.800000e+01  1.842332e+01
    endloop
  endfacet
  facet normal  8.660254e-01  0.000000e+00  5.000001e-01
    outer loop
      vertex -1.014228e+01 -4.600000e+01  1.758641e+01
      vertex -1.062547e+01 -2.800000e+01  1.842332e+01
      vertex -1.062547e+01 -4.600000e+01  1.842332e+01
    endloop
  endfacet
  facet normal  9.034503e-01  -0.000000e+00  4.286930e-01
    outer loop
      vertex -1.062547e+01 -4.600000e+01  1.842332e+01
      vertex -1.062547e+01 -2.800000e+01  1.842332e+01
      vertex -1.103975e+01 -2.800000e+01  1.929640e+01
    endloop
  endfacet
  facet normal  9.034503e-01  0.000000e+00  4.286930e-01
    outer loop
      vertex -1.062547e+01 -4.600000e+01  1.842332e+01
      vertex -1.103975e+01 -2.800000e+01  1.929640e+01
      vertex -1.103975e+01 -4.600000e+01  1.929640e+01
    endloop
  endfacet
  facet normal  9.350160e-01  -0.000000e+00  3.546055e-01
    outer loop
      vertex -1.103975e+01 -4.600000e+01  1.929640e+01
      vertex -1.103975e+01 -2.800000e+01  1.929640e+01
      vertex -1.138244e+01 -2.800000e+01  2.019998e+01
    endloop
  endfacet
  facet normal  9.350160e-01  0.000000e+00  3.546055e-01
    outer loop
      vertex -1.103975e+01 -4.600000e+01  1.929640e+01
      vertex -1.138244e+01 -2.800000e+01  2.019998e+01
      vertex -1.138244e+01 -4.600000e+01  2.019998e+01
    endloop
  endfacet
  facet normal  9.605184e-01  -0.000000e+00  2.782165e-01
    outer loop
      vertex -1.138244e+01 -4.600000e+01  2.019998e+01
      vertex -1.138244e+01 -2.800000e+01  2.019998e+01
      vertex -1.165130e+01 -2.800000e+01  2.112821e+01
    endloop
  endfacet
  facet normal  9.605184e-01  0.000000e+00  2.782165e-01
    outer loop
      vertex -1.138244e+01 -4.600000e+01  2.019998e+01
      vertex -1.165130e+01 -2.800000e+01  2.112821e+01
      vertex -1.165130e+01 -4.600000e+01  2.112821e+01
    endloop
  endfacet
  facet normal  9.797904e-01  -0.000000e+00  2.000267e-01
    outer loop
      vertex -1.165130e+01 -4.600000e+01  2.112821e+01
      vertex -1.165130e+01 -2.800000e+01  2.112821e+01
      vertex -1.184460e+01 -2.800000e+01  2.207506e+01
    endloop
  endfacet
  facet normal  9.797904e-01  0.000000e+00  2.000267e-01
    outer loop
      vertex -1.165130e+01 -4.600000e+01  2.112821e+01
      vertex -1.184460e+01 -2.800000e+01  2.207506e+01
      vertex -1.184460e+01 -4.600000e+01  2.207506e+01
    endloop
  endfacet
  facet normal  9.927089e-01  -0.000000e+00  1.205357e-01
    outer loop
      vertex -1.184460e+01 -4.600000e+01  2.207506e+01
      vertex -1.184460e+01 -2.800000e+01  2.207506e+01
      vertex -1.196109e+01 -2.800000e+01  2.303440e+01
    endloop
  endfacet
  facet normal  9.927089e-01  0.000000e+00  1.205357e-01
    outer loop
      vertex -1.184460e+01 -4.600000e+01  2.207506e+01
      vertex -1.196109e+01 -2.800000e+01  2.303440e+01
      vertex -1.196109e+01 -4.600000e+01  2.303440e+01
    endloop
  endfacet
  facet normal  9.991890e-01  -0.000000e+00  4.026642e-02
    outer loop
      vertex -1.196109e+01 -4.600000e+01  2.303440e+01
      vertex -1.196109e+01 -2.800000e+01  2.303440e+01
      vertex -1.200000e+01 -2.800000e+01  2.400000e+01
    endloop
  endfacet
  facet normal  9.991890e-01  0.000000e+00  4.026642e-02
    outer loop
      vertex -1.196109e+01 -4.600000e+01  2.303440e+01
      vertex -1.200000e+01 -2.800000e+01  2.400000e+01
      vertex -1.200000e+01 -4.600000e+01  2.400000e+01
    endloop
  endfacet
  facet normal -7.068472e-01 -7.068472e-01  2.709373e-02
    outer loop
      vertex  1.200000e+01 -4.600000e+01  2.400000e+01
      vertex  1.296186e+01 -4.700000e+01  2.300486e+01
      vertex  1.300000e+01 -4.700000e+01  2.400000e+01
    endloop
  endfacet
  facet normal -7.061284e-01 -7.075118e-01  2.845634e-02
    outer loop
      vertex  1.200000e+01 -4.600000e+01  2.400000e+01
      vertex  1.196109e+01 -4.600000e+01  2.303440e+01
      vertex  1.296186e+01 -4.700000e+01  2.300486e+01
    endloop
  endfacet
  facet normal  7.061284e-01 -7.075118e-01  2.845634e-02
    outer loop
      vertex -1.200000e+01 -4.600000e+01  2.400000e+01
      vertex -1.296186e+01 -4.700000e+01  2.300486e+01
      vertex -1.196109e+01 -4.600000e+01  2.303440e+01
    endloop
  endfacet
  facet normal  7.068472e-01 -7.068472e-01  2.709373e-02
    outer loop
      vertex -1.200000e+01 -4.600000e+01  2.400000e+01
      vertex -1.300000e+01 -4.700000e+01  2.400000e+01
      vertex -1.296186e+01 -4.700000e+01  2.300486e+01
    endloop
  endfacet
  facet normal -7.033011e-01 -7.062402e-01  8.119289e-02
    outer loop
      vertex  1.196109e+01 -4.600000e+01  2.303440e+01
      vertex  1.284765e+01 -4.700000e+01  2.201556e+01
      vertex  1.296186e+01 -4.700000e+01  2.300486e+01
    endloop
  endfacet
  facet normal -6.955540e-01 -7.056968e-01  1.348952e-01
    outer loop
      vertex  1.184460e+01 -4.600000e+01  2.207506e+01
      vertex  1.265804e+01 -4.700000e+01  2.103790e+01
      vertex  1.284765e+01 -4.700000e+01  2.201556e+01
    endloop
  endfacet
  facet normal -7.009337e-01 -7.081304e-01  8.510807e-02
    outer loop
      vertex  1.184460e+01 -4.600000e+01  2.207506e+01
      vertex  1.284765e+01 -4.700000e+01  2.201556e+01
      vertex  1.196109e+01 -4.600000e+01  2.303440e+01
    endloop
  endfacet
  facet normal -6.836459e-01 -7.052187e-01  1.878693e-01
    outer loop
      vertex  1.165130e+01 -4.600000e+01  2.112821e+01
      vertex  1.239415e+01 -4.700000e+01  2.007763e+01
      vertex  1.265804e+01 -4.700000e+01  2.103790e+01
    endloop
  endfacet
  facet normal -6.912743e-01 -7.086772e-01  1.411254e-01
    outer loop
      vertex  1.165130e+01 -4.600000e+01  2.112821e+01
      vertex  1.265804e+01 -4.700000e+01  2.103790e+01
      vertex  1.184460e+01 -4.600000e+01  2.207506e+01
    endloop
  endfacet
  facet normal -6.676456e-01 -7.048054e-01  2.397889e-01
    outer loop
      vertex  1.138244e+01 -4.600000e+01  2.019998e+01
      vertex  1.205753e+01 -4.700000e+01  1.914038e+01
      vertex  1.239415e+01 -4.700000e+01  2.007763e+01
    endloop
  endfacet
  facet normal -6.772186e-01 -7.091523e-01  1.961581e-01
    outer loop
      vertex  1.138244e+01 -4.600000e+01  2.019998e+01
      vertex  1.239415e+01 -4.700000e+01  2.007763e+01
      vertex  1.165130e+01 -4.600000e+01  2.112821e+01
    endloop
  endfacet
  facet normal -6.476452e-01 -7.044583e-01  2.903345e-01
    outer loop
      vertex  1.103975e+01 -4.600000e+01  1.929640e+01
      vertex  1.165015e+01 -4.700000e+01  1.823164e+01
      vertex  1.205753e+01 -4.700000e+01  1.914038e+01
    endloop
  endfacet
  facet normal -6.588574e-01 -7.095568e-01  2.498722e-01
    outer loop
      vertex  1.103975e+01 -4.600000e+01  1.929640e+01
      vertex  1.205753e+01 -4.700000e+01  1.914038e+01
      vertex  1.138244e+01 -4.600000e+01  2.019998e+01
    endloop
  endfacet
  facet normal -6.237653e-01 -7.041768e-01  3.391931e-01
    outer loop
      vertex  1.062547e+01 -4.600000e+01  1.842332e+01
      vertex  1.117441e+01 -4.700000e+01  1.735676e+01
      vertex  1.165015e+01 -4.700000e+01  1.823164e+01
    endloop
  endfacet
  facet normal -6.363111e-01 -7.098903e-01  3.019338e-01
    outer loop
      vertex  1.062547e+01 -4.600000e+01  1.842332e+01
      vertex  1.165015e+01 -4.700000e+01  1.823164e+01
      vertex  1.103975e+01 -4.600000e+01  1.929640e+01
    endloop
  endfacet
  facet normal -5.961499e-01 -7.039611e-01  3.860624e-01
    outer loop
      vertex  1.014228e+01 -4.600000e+01  1.758641e+01
      vertex  1.063308e+01 -4.700000e+01  1.652086e+01
      vertex  1.117441e+01 -4.700000e+01  1.735676e+01
    endloop
  endfacet
  facet normal -6.097229e-01 -7.101530e-01  3.520237e-01
    outer loop
      vertex  1.014228e+01 -4.600000e+01  1.758641e+01
      vertex  1.117441e+01 -4.700000e+01  1.735676e+01
      vertex  1.062547e+01 -4.600000e+01  1.842332e+01
    endloop
  endfacet
  facet normal -5.649654e-01 -7.038112e-01  4.306550e-01
    outer loop
      vertex  9.593313e+00 -4.600000e+01  1.679109e+01
      vertex  1.002936e+01 -4.700000e+01  1.572885e+01
      vertex  1.063308e+01 -4.700000e+01  1.652086e+01
    endloop
  endfacet
  facet normal -5.792603e-01 -7.103455e-01  3.998335e-01
    outer loop
      vertex  9.593313e+00 -4.600000e+01  1.679109e+01
      vertex  1.063308e+01 -4.700000e+01  1.652086e+01
      vertex  1.014228e+01 -4.600000e+01  1.758641e+01
    endloop
  endfacet
  facet normal -5.304032e-01 -7.037283e-01  4.726932e-01
    outer loop
      vertex  8.982129e+00 -4.600000e+01  1.604253e+01
      vertex  9.366780e+00 -4.700000e+01  1.498538e+01
      vertex  1.002936e+01 -4.700000e+01  1.572885e+01
    endloop
  endfacet
  facet normal -5.451124e-01 -7.104676e-01  4.450710e-01
    outer loop
      vertex  8.982129e+00 -4.600000e+01  1.604253e+01
      vertex  1.002936e+01 -4.700000e+01  1.572885e+01
      vertex  9.593313e+00 -4.600000e+01  1.679109e+01
    endloop
  endfacet
  facet normal -4.926738e-01 -7.037116e-01  5.119204e-01
    outer loop
      vertex  8.312693e+00 -4.600000e+01  1.534557e+01
      vertex  8.649234e+00 -4.700000e+01  1.429481e+01
      vertex  9.366780e+00 -4.700000e+01  1.498538e+01
    endloop
  endfacet
  facet normal -5.074936e-01 -7.105203e-01  4.874539e-01
    outer loop
      vertex  8.312693e+00 -4.600000e+01  1.534557e+01
      vertex  9.366780e+00 -4.700000e+01  1.498538e+01
      vertex  8.982129e+00 -4.600000e+01  1.604253e+01
    endloop
  endfacet
  facet normal -4.520098e-01 -7.037616e-01  5.480937e-01
    outer loop
      vertex  7.589345e+00 -4.600000e+01  1.470474e+01
      vertex  7.880930e+00 -4.700000e+01  1.366119e+01
      vertex  8.649234e+00 -4.700000e+01  1.429481e+01
    endloop
  endfacet
  facet normal -4.666356e-01 -7.105027e-01  5.267231e-01
    outer loop
      vertex  7.589345e+00 -4.600000e+01  1.470474e+01
      vertex  8.649234e+00 -4.700000e+01  1.429481e+01
      vertex  8.312693e+00 -4.600000e+01  1.534557e+01
    endloop
  endfacet
  facet normal -4.086612e-01 -7.038779e-01  5.809923e-01
    outer loop
      vertex  6.816777e+00 -4.600000e+01  1.412419e+01
      vertex  7.066378e+00 -4.700000e+01  1.308825e+01
      vertex  7.880930e+00 -4.700000e+01  1.366119e+01
    endloop
  endfacet
  facet normal -4.227921e-01 -7.104154e-01  5.626338e-01
    outer loop
      vertex  6.816777e+00 -4.600000e+01  1.412419e+01
      vertex  7.880930e+00 -4.700000e+01  1.366119e+01
      vertex  7.589345e+00 -4.600000e+01  1.470474e+01
    endloop
  endfacet
  facet normal -3.628945e-01 -7.040606e-01  6.104148e-01
    outer loop
      vertex  6.000000e+00 -4.600000e+01  1.360770e+01
      vertex  6.210358e+00 -4.700000e+01  1.257934e+01
      vertex  7.066378e+00 -4.700000e+01  1.308825e+01
    endloop
  endfacet
  facet normal -3.762322e-01 -7.102579e-01  5.949645e-01
    outer loop
      vertex  6.000000e+00 -4.600000e+01  1.360770e+01
      vertex  7.066378e+00 -4.700000e+01  1.308825e+01
      vertex  6.816777e+00 -4.600000e+01  1.412419e+01
    endloop
  endfacet
  facet normal -3.149938e-01 -7.043091e-01  6.361820e-01
    outer loop
      vertex  5.144311e+00 -4.600000e+01  1.315860e+01
      vertex  5.317892e+00 -4.700000e+01  1.213745e+01
      vertex  6.210358e+00 -4.700000e+01  1.257934e+01
    endloop
  endfacet
  facet normal -3.272448e-01 -7.100304e-01  6.235124e-01
    outer loop
      vertex  5.144311e+00 -4.600000e+01  1.315860e+01
      vertex  6.210358e+00 -4.700000e+01  1.257934e+01
      vertex  6.000000e+00 -4.600000e+01  1.360770e+01
    endloop
  endfacet
  facet normal -2.652535e-01 -7.046238e-01  6.581383e-01
    outer loop
      vertex  4.255259e+00 -4.600000e+01  1.277981e+01
      vertex  4.394219e+00 -4.700000e+01  1.176518e+01
      vertex  5.317892e+00 -4.700000e+01  1.213745e+01
    endloop
  endfacet
  facet normal -2.761294e-01 -7.097322e-01  6.480993e-01
    outer loop
      vertex  4.255259e+00 -4.600000e+01  1.277981e+01
      vertex  5.317892e+00 -4.700000e+01  1.213745e+01
      vertex  5.144311e+00 -4.600000e+01  1.315860e+01
    endloop
  endfacet
  facet normal -2.139814e-01 -7.050040e-01  6.761518e-01
    outer loop
      vertex  3.338609e+00 -4.600000e+01  1.247378e+01
      vertex  3.444760e+00 -4.700000e+01  1.146470e+01
      vertex  4.394219e+00 -4.700000e+01  1.176518e+01
    endloop
  endfacet
  facet normal -2.232013e-01 -7.093635e-01  6.685691e-01
    outer loop
      vertex  3.338609e+00 -4.600000e+01  1.247378e+01
      vertex  4.394219e+00 -4.700000e+01  1.176518e+01
      vertex  4.255259e+00 -4.600000e+01  1.277981e+01
    endloop
  endfacet
  facet normal -1.614933e-01 -7.054495e-01  6.901165e-01
    outer loop
      vertex  2.400308e+00 -4.600000e+01  1.224251e+01
      vertex  2.475084e+00 -4.700000e+01  1.123779e+01
      vertex  3.444760e+00 -4.700000e+01  1.146470e+01
    endloop
  endfacet
  facet normal -1.687860e-01 -7.089239e-01  6.847907e-01
    outer loop
      vertex  2.400308e+00 -4.600000e+01  1.224251e+01
      vertex  3.444760e+00 -4.700000e+01  1.146470e+01
      vertex  3.338609e+00 -4.600000e+01  1.247378e+01
    endloop
  endfacet
  facet normal -1.081144e-01 -7.059606e-01  6.999506e-01
    outer loop
      vertex  1.446440e+00 -4.600000e+01  1.208749e+01
      vertex  1.490885e+00 -4.700000e+01  1.108577e+01
      vertex  2.475084e+00 -4.700000e+01  1.123779e+01
    endloop
  endfacet
  facet normal -1.132175e-01 -7.084127e-01  6.966587e-01
    outer loop
      vertex  1.446440e+00 -4.600000e+01  1.208749e+01
      vertex  2.475084e+00 -4.700000e+01  1.123779e+01
      vertex  2.400308e+00 -4.600000e+01  1.224251e+01
    endloop
  endfacet
  facet normal -5.417198e-02 -7.065356e-01  7.056010e-01
    outer loop
      vertex  4.831913e-01 -4.600000e+01  1.200973e+01
      vertex  4.979355e-01 -4.700000e+01  1.100954e+01
      vertex  1.490885e+00 -4.700000e+01  1.108577e+01
    endloop
  endfacet
  facet normal -5.684030e-02 -7.078303e-01  7.040920e-01
    outer loop
      vertex  4.831913e-01 -4.600000e+01  1.200973e+01
      vertex  1.490885e+00 -4.700000e+01  1.108577e+01
      vertex  1.446440e+00 -4.600000e+01  1.208749e+01
    endloop
  endfacet
  facet normal  5.417198e-02 -7.065356e-01  7.056010e-01
    outer loop
      vertex -4.831913e-01 -4.600000e+01  1.200973e+01
      vertex -1.490885e+00 -4.700000e+01  1.108577e+01
      vertex -4.979355e-01 -4.700000e+01  1.100954e+01
    endloop
  endfacet
  facet normal  0.000000e+00 -7.071749e-01  7.070386e-01
    outer loop
      vertex -4.831913e-01 -4.600000e+01  1.200973e+01
      vertex -4.979355e-01 -4.700000e+01  1.100954e+01
      vertex  4.831913e-01 -4.600000e+01  1.200973e+01
    endloop
  endfacet
  facet normal  0.000000e+00 -7.071748e-01  7.070386e-01
    outer loop
      vertex  4.831913e-01 -4.600000e+01  1.200973e+01
      vertex -4.979355e-01 -4.700000e+01  1.100954e+01
      vertex  4.979355e-01 -4.700000e+01  1.100954e+01
    endloop
  endfacet
  facet normal  1.081144e-01 -7.059606e-01  6.999506e-01
    outer loop
      vertex -1.446440e+00 -4.600000e+01  1.208749e+01
      vertex -2.475084e+00 -4.700000e+01  1.123779e+01
      vertex -1.490885e+00 -4.700000e+01  1.108577e+01
    endloop
  endfacet
  facet normal  5.684030e-02 -7.078303e-01  7.040920e-01
    outer loop
      vertex -1.446440e+00 -4.600000e+01  1.208749e+01
      vertex -1.490885e+00 -4.700000e+01  1.108577e+01
      vertex -4.831913e-01 -4.600000e+01  1.200973e+01
    endloop
  endfacet
  facet normal  1.614933e-01 -7.054495e-01  6.901165e-01
    outer loop
      vertex -2.400308e+00 -4.600000e+01  1.224251e+01
      vertex -3.444760e+00 -4.700000e+01  1.146470e+01
      vertex -2.475084e+00 -4.700000e+01  1.123779e+01
    endloop
  endfacet
  facet normal  1.132175e-01 -7.084127e-01  6.966587e-01
    outer loop
      vertex -2.400308e+00 -4.600000e+01  1.224251e+01
      vertex -2.475084e+00 -4.700000e+01  1.123779e+01
      vertex -1.446440e+00 -4.600000e+01  1.208749e+01
    endloop
  endfacet
  facet normal  2.139814e-01 -7.050040e-01  6.761518e-01
    outer loop
      vertex -3.338609e+00 -4.600000e+01  1.247378e+01
      vertex -4.394219e+00 -4.700000e+01  1.176518e+01
      vertex -3.444760e+00 -4.700000e+01  1.146470e+01
    endloop
  endfacet
  facet normal  1.687860e-01 -7.089239e-01  6.847907e-01
    outer loop
      vertex -3.338609e+00 -4.600000e+01  1.247378e+01
      vertex -3.444760e+00 -4.700000e+01  1.146470e+01
      vertex -2.400308e+00 -4.600000e+01  1.224251e+01
    endloop
  endfacet
  facet normal  2.652535e-01 -7.046238e-01  6.581382e-01
    outer loop
      vertex -4.255259e+00 -4.600000e+01  1.277981e+01
      vertex -5.317892e+00 -4.700000e+01  1.213745e+01
      vertex -4.394219e+00 -4.700000e+01  1.176518e+01
    endloop
  endfacet
  facet normal  2.232013e-01 -7.093635e-01  6.685691e-01
    outer loop
      vertex -4.255259e+00 -4.600000e+01  1.277981e+01
      vertex -4.394219e+00 -4.700000e+01  1.176518e+01
      vertex -3.338609e+00 -4.600000e+01  1.247378e+01
    endloop
  endfacet
  facet normal  3.149938e-01 -7.043091e-01  6.361820e-01
    outer loop
      vertex -5.144311e+00 -4.600000e+01  1.315860e+01
      vertex -6.210358e+00 -4.700000e+01  1.257934e+01
      vertex -5.317892e+00 -4.700000e+01  1.213745e+01
    endloop
  endfacet
  facet normal  2.761294e-01 -7.097322e-01  6.480993e-01
    outer loop
      vertex -5.144311e+00 -4.600000e+01  1.315860e+01
      vertex -5.317892e+00 -4.700000e+01  1.213745e+01
      vertex -4.255259e+00 -4.600000e+01  1.277981e+01
    endloop
  endfacet
  facet normal  3.628945e-01 -7.040606e-01  6.104148e-01
    outer loop
      vertex -6.000000e+00 -4.600000e+01  1.360770e+01
      vertex -7.066378e+00 -4.700000e+01  1.308825e+01
      vertex -6.210358e+00 -4.700000e+01  1.257934e+01
    endloop
  endfacet
  facet normal  3.272448e-01 -7.100304e-01  6.235124e-01
    outer loop
      vertex -6.000000e+00 -4.600000e+01  1.360770e+01
      vertex -6.210358e+00 -4.700000e+01  1.257934e+01
      vertex -5.144311e+00 -4.600000e+01  1.315860e+01
    endloop
  endfacet
  facet normal  4.086612e-01 -7.038779e-01  5.809923e-01
    outer loop
      vertex -6.816777e+00 -4.600000e+01  1.412419e+01
      vertex -7.880930e+00 -4.700000e+01  1.366119e+01
      vertex -7.066378e+00 -4.700000e+01  1.308825e+01
    endloop
  endfacet
  facet normal  3.762322e-01 -7.102579e-01  5.949645e-01
    outer loop
      vertex -6.816777e+00 -4.600000e+01  1.412419e+01
      vertex -7.066378e+00 -4.700000e+01  1.308825e+01
      vertex -6.000000e+00 -4.600000e+01  1.360770e+01
    endloop
  endfacet
  facet normal  4.520098e-01 -7.037616e-01  5.480937e-01
    outer loop
      vertex -7.589345e+00 -4.600000e+01  1.470474e+01
      vertex -8.649234e+00 -4.700000e+01  1.429481e+01
      vertex -7.880930e+00 -4.700000e+01  1.366119e+01
    endloop
  endfacet
  facet normal  4.227921e-01 -7.104154e-01  5.626338e-01
    outer loop
      vertex -7.589345e+00 -4.600000e+01  1.470474e+01
      vertex -7.880930e+00 -4.700000e+01  1.366119e+01
      vertex -6.816777e+00 -4.600000e+01  1.412419e+01
    endloop
  endfacet
  facet normal  4.926738e-01 -7.037116e-01  5.119204e-01
    outer loop
      vertex -8.312693e+00 -4.600000e+01  1.534557e+01
      vertex -9.366780e+00 -4.700000e+01  1.498538e+01
      vertex -8.649234e+00 -4.700000e+01  1.429481e+01
    endloop
  endfacet
  facet normal  4.666356e-01 -7.105027e-01  5.267231e-01
    outer loop
      vertex -8.312693e+00 -4.600000e+01  1.534557e+01
      vertex -8.649234e+00 -4.700000e+01  1.429481e+01
      vertex -7.589345e+00 -4.600000e+01  1.470474e+01
    endloop
  endfacet
  facet normal  5.304032e-01 -7.037283e-01  4.726932e-01
    outer loop
      vertex -8.982129e+00 -4.600000e+01  1.604253e+01
      vertex -1.002936e+01 -4.700000e+01  1.572885e+01
      vertex -9.366780e+00 -4.700000e+01  1.498538e+01
    endloop
  endfacet
  facet normal  5.074936e-01 -7.105203e-01  4.874539e-01
    outer loop
      vertex -8.982129e+00 -4.600000e+01  1.604253e+01
      vertex -9.366780e+00 -4.700000e+01  1.498538e+01
      vertex -8.312693e+00 -4.600000e+01  1.534557e+01
    endloop
  endfacet
  facet normal  5.649654e-01 -7.038112e-01  4.306550e-01
    outer loop
      vertex -9.593313e+00 -4.600000e+01  1.679109e+01
      vertex -1.063308e+01 -4.700000e+01  1.652086e+01
      vertex -1.002936e+01 -4.700000e+01  1.572885e+01
    endloop
  endfacet
  facet normal  5.451124e-01 -7.104676e-01  4.450710e-01
    outer loop
      vertex -9.593313e+00 -4.600000e+01  1.679109e+01
      vertex -1.002936e+01 -4.700000e+01  1.572885e+01
      vertex -8.982129e+00 -4.600000e+01  1.604253e+01
    endloop
  endfacet
  facet normal  5.961499e-01 -7.039611e-01  3.860624e-01
    outer loop
      vertex -1.014228e+01 -4.600000e+01  1.758641e+01
      vertex -1.117441e+01 -4.700000e+01  1.735676e+01
      vertex -1.063308e+01 -4.700000e+01  1.652086e+01
    endloop
  endfacet
  facet normal  5.792603e-01 -7.103455e-01  3.998335e-01
    outer loop
      vertex -1.014228e+01 -4.600000e+01  1.758641e+01
      vertex -1.063308e+01 -4.700000e+01  1.652086e+01
      vertex -9.593313e+00 -4.600000e+01  1.679109e+01
    endloop
  endfacet
  facet normal  6.237653e-01 -7.041768e-01  3.391931e-01
    outer loop
      vertex -1.062547e+01 -4.600000e+01  1.842332e+01
      vertex -1.165015e+01 -4.700000e+01  1.823164e+01
      vertex -1.117441e+01 -4.700000e+01  1.735676e+01
    endloop
  endfacet
  facet normal  6.097229e-01 -7.101530e-01  3.520237e-01
    outer loop
      vertex -1.062547e+01 -4.600000e+01  1.842332e+01
      vertex -1.117441e+01 -4.700000e+01  1.735676e+01
      vertex -1.014228e+01 -4.600000e+01  1.758641e+01
    endloop
  endfacet
  facet normal  6.476452e-01 -7.044582e-01  2.903345e-01
    outer loop
      vertex -1.103975e+01 -4.600000e+01  1.929640e+01
      vertex -1.205753e+01 -4.700000e+01  1.914038e+01
      vertex -1.165015e+01 -4.700000e+01  1.823164e+01
    endloop
  endfacet
  facet normal  6.363111e-01 -7.098903e-01  3.019338e-01
    outer loop
      vertex -1.103975e+01 -4.600000e+01  1.929640e+01
      vertex -1.165015e+01 -4.700000e+01  1.823164e+01
      vertex -1.062547e+01 -4.600000e+01  1.842332e+01
    endloop
  endfacet
  facet normal  6.676456e-01 -7.048054e-01  2.397889e-01
    outer loop
      vertex -1.138244e+01 -4.600000e+01  2.019998e+01
      vertex -1.239415e+01 -4.700000e+01  2.007763e+01
      vertex -1.205753e+01 -4.700000e+01  1.914038e+01
    endloop
  endfacet
  facet normal  6.588574e-01 -7.095568e-01  2.498722e-01
    outer loop
      vertex -1.138244e+01 -4.600000e+01  2.019998e+01
      vertex -1.205753e+01 -4.700000e+01  1.914038e+01
      vertex -1.103975e+01 -4.600000e+01  1.929640e+01
    endloop
  endfacet
  facet normal  6.836460e-01 -7.052187e-01  1.878693e-01
    outer loop
      vertex -1.165130e+01 -4.600000e+01  2.112821e+01
      vertex -1.265804e+01 -4.700000e+01  2.103790e+01
      vertex -1.239415e+01 -4.700000e+01  2.007763e+01
    endloop
  endfacet
  facet normal  6.772186e-01 -7.091523e-01  1.961581e-01
    outer loop
      vertex -1.165130e+01 -4.600000e+01  2.112821e+01
      vertex -1.239415e+01 -4.700000e+01  2.007763e+01
      vertex -1.138244e+01 -4.600000e+01  2.019998e+01
    endloop
  endfacet
  facet normal  6.955540e-01 -7.056968e-01  1.348952e-01
    outer loop
      vertex -1.184460e+01 -4.600000e+01  2.207506e+01
      vertex -1.284765e+01 -4.700000e+01  2.201556e+01
      vertex -1.265804e+01 -4.700000e+01  2.103790e+01
    endloop
  endfacet
  facet normal  6.912743e-01 -7.086772e-01  1.411254e-01
    outer loop
      vertex -1.184460e+01 -4.600000e+01  2.207506e+01
      vertex -1.265804e+01 -4.700000e+01  2.103790e+01
      vertex -1.165130e+01 -4.600000e+01  2.112821e+01
    endloop
  endfacet
  facet normal  7.033011e-01 -7.062402e-01  8.119289e-02
    outer loop
      vertex -1.196109e+01 -4.600000e+01  2.303440e+01
      vertex -1.296186e+01 -4.700000e+01  2.300486e+01
      vertex -1.284765e+01 -4.700000e+01  2.201556e+01
    endloop
  endfacet
  facet normal  7.009337e-01 -7.081304e-01  8.510807e-02
    outer loop
      vertex -1.196109e+01 -4.600000e+01  2.303440e+01
      vertex -1.284765e+01 -4.700000e+01  2.201556e+01
      vertex -1.184460e+01 -4.600000e+01  2.207506e+01
    endloop
  endfacet
  facet normal  7.068472e-01 -7.068472e-01 -2.709373e-02
    outer loop
      vertex -1.200000e+01 -4.600000e+01  2.400000e+01
      vertex -1.296186e+01 -4.700000e+01  2.499514e+01
      vertex -1.300000e+01 -4.700000e+01  2.400000e+01
    endloop
  endfacet
  facet normal  7.061284e-01 -7.075118e-01 -2.845634e-02
    outer loop
      vertex -1.200000e+01 -4.600000e+01  2.400000e+01
      vertex -1.196109e+01 -4.600000e+01  2.496560e+01
      vertex -1.296186e+01 -4.700000e+01  2.499514e+01
    endloop
  endfacet
  facet normal -7.061284e-01 -7.075118e-01 -2.845634e-02
    outer loop
      vertex  1.200000e+01 -4.600000e+01  2.400000e+01
      vertex  1.296186e+01 -4.700000e+01  2.499514e+01
      vertex  1.196109e+01 -4.600000e+01  2.496560e+01
    endloop
  endfacet
  facet normal -7.068472e-01 -7.068472e-01 -2.709373e-02
    outer loop
      vertex  1.200000e+01 -4.600000e+01  2.400000e+01
      vertex  1.300000e+01 -4.700000e+01  2.400000e+01
      vertex  1.296186e+01 -4.700000e+01  2.499514e+01
    endloop
  endfacet
  facet normal  7.033011e-01 -7.062402e-01 -8.119289e-02
    outer loop
      vertex -1.196109e+01 -4.600000e+01  2.496560e+01
      vertex -1.284765e+01 -4.700000e+01  2.598444e+01
      vertex -1.296186e+01 -4.700000e+01  2.499514e+01
    endloop
  endfacet
  facet normal  6.955540e-01 -7.056968e-01 -1.348952e-01
    outer loop
      vertex -1.184460e+01 -4.600000e+01  2.592494e+01
      vertex -1.265804e+01 -4.700000e+01  2.696210e+01
      vertex -1.284765e+01 -4.700000e+01  2.598444e+01
    endloop
  endfacet
  facet normal  7.009337e-01 -7.081304e-01 -8.510807e-02
    outer loop
      vertex -1.184460e+01 -4.600000e+01  2.592494e+01
      vertex -1.284765e+01 -4.700000e+01  2.598444e+01
      vertex -1.196109e+01 -4.600000e+01  2.496560e+01
    endloop
  endfacet
  facet normal  6.836459e-01 -7.052187e-01 -1.878693e-01
    outer loop
      vertex -1.165130e+01 -4.600000e+01  2.687179e+01
      vertex -1.239415e+01 -4.700000e+01  2.792237e+01
      vertex -1.265804e+01 -4.700000e+01  2.696210e+01
    endloop
  endfacet
  facet normal  6.912743e-01 -7.086772e-01 -1.411254e-01
    outer loop
      vertex -1.165130e+01 -4.600000e+01  2.687179e+01
      vertex -1.265804e+01 -4.700000e+01  2.696210e+01
      vertex -1.184460e+01 -4.600000e+01  2.592494e+01
    endloop
  endfacet
  facet normal  6.676456e-01 -7.048054e-01 -2.397889e-01
    outer loop
      vertex -1.138244e+01 -4.600000e+01  2.780002e+01
      vertex -1.205753e+01 -4.700000e+01  2.885962e+01
      vertex -1.239415e+01 -4.700000e+01  2.792237e+01
    endloop
  endfacet
  facet normal  6.772186e-01 -7.091523e-01 -1.961581e-01
    outer loop
      vertex -1.138244e+01 -4.600000e+01  2.780002e+01
      vertex -1.239415e+01 -4.700000e+01  2.792237e+01
      vertex -1.165130e+01 -4.600000e+01  2.687179e+01
    endloop
  endfacet
  facet normal  6.476452e-01 -7.044583e-01 -2.903345e-01
    outer loop
      vertex -1.103975e+01 -4.600000e+01  2.870360e+01
      vertex -1.165015e+01 -4.700000e+01  2.976836e+01
      vertex -1.205753e+01 -4.700000e+01  2.885962e+01
    endloop
  endfacet
  facet normal  6.588574e-01 -7.095568e-01 -2.498722e-01
    outer loop
      vertex -1.103975e+01 -4.600000e+01  2.870360e+01
      vertex -1.205753e+01 -4.700000e+01  2.885962e+01
      vertex -1.138244e+01 -4.600000e+01  2.780002e+01
    endloop
  endfacet
  facet normal  6.237653e-01 -7.041768e-01 -3.391931e-01
    outer loop
      vertex -1.062547e+01 -4.600000e+01  2.957668e+01
      vertex -1.117441e+01 -4.700000e+01  3.064324e+01
      vertex -1.165015e+01 -4.700000e+01  2.976836e+01
    endloop
  endfacet
  facet normal  6.363111e-01 -7.098903e-01 -3.019338e-01
    outer loop
      vertex -1.062547e+01 -4.600000e+01  2.957668e+01
      vertex -1.165015e+01 -4.700000e+01  2.976836e+01
      vertex -1.103975e+01 -4.600000e+01  2.870360e+01
    endloop
  endfacet
  facet normal  5.961499e-01 -7.039611e-01 -3.860624e-01
    outer loop
      vertex -1.014228e+01 -4.600000e+01  3.041359e+01
      vertex -1.063308e+01 -4.700000e+01  3.147914e+01
      vertex -1.117441e+01 -4.700000e+01  3.064324e+01
    endloop
  endfacet
  facet normal  6.097229e-01 -7.101530e-01 -3.520237e-01
    outer loop
      vertex -1.014228e+01 -4.600000e+01  3.041359e+01
      vertex -1.117441e+01 -4.700000e+01  3.064324e+01
      vertex -1.062547e+01 -4.600000e+01  2.957668e+01
    endloop
  endfacet
  facet normal  5.649657e-01 -7.038113e-01 -4.306547e-01
    outer loop
      vertex -9.593313e+00 -4.600000e+01  3.120891e+01
      vertex -1.002936e+01 -4.700000e+01  3.227115e+01
      vertex -1.063308e+01 -4.700000e+01  3.147914e+01
    endloop
  endfacet
  facet normal  5.792603e-01 -7.103455e-01 -3.998335e-01
    outer loop
      vertex -9.593313e+00 -4.600000e+01  3.120891e+01
      vertex -1.063308e+01 -4.700000e+01  3.147914e+01
      vertex -1.014228e+01 -4.600000e+01  3.041359e+01
    endloop
  endfacet
  facet normal  5.304025e-01 -7.037283e-01 -4.726939e-01
    outer loop
      vertex -8.982129e+00 -4.600000e+01  3.195747e+01
      vertex -9.366780e+00 -4.700000e+01  3.301462e+01
      vertex -1.002936e+01 -4.700000e+01  3.227115e+01
    endloop
  endfacet
  facet normal  5.451122e-01 -7.104678e-01 -4.450708e-01
    outer loop
      vertex -8.982129e+00 -4.600000e+01  3.195747e+01
      vertex -1.002936e+01 -4.700000e+01  3.227115e+01
      vertex -9.593313e+00 -4.600000e+01  3.120891e+01
    endloop
  endfacet
  facet normal  4.926747e-01 -7.037114e-01 -5.119199e-01
    outer loop
      vertex -8.312693e+00 -4.600000e+01  3.265443e+01
      vertex -8.649234e+00 -4.700000e+01  3.370519e+01
      vertex -9.366780e+00 -4.700000e+01  3.301462e+01
    endloop
  endfacet
  facet normal  5.074941e-01 -7.105199e-01 -4.874538e-01
    outer loop
      vertex -8.312693e+00 -4.600000e+01  3.265443e+01
      vertex -9.366780e+00 -4.700000e+01  3.301462e+01
      vertex -8.982129e+00 -4.600000e+01  3.195747e+01
    endloop
  endfacet
  facet normal  4.520094e-01 -7.037611e-01 -5.480948e-01
    outer loop
      vertex -7.589345e+00 -4.600000e+01  3.329526e+01
      vertex -7.880930e+00 -4.700000e+01  3.433881e+01
      vertex -8.649234e+00 -4.700000e+01  3.370519e+01
    endloop
  endfacet
  facet normal  4.666360e-01 -7.105026e-01 -5.267228e-01
    outer loop
      vertex -7.589345e+00 -4.600000e+01  3.329526e+01
      vertex -8.649234e+00 -4.700000e+01  3.370519e+01
      vertex -8.312693e+00 -4.600000e+01  3.265443e+01
    endloop
  endfacet
  facet normal  4.086613e-01 -7.038782e-01 -5.809916e-01
    outer loop
      vertex -6.816777e+00 -4.600000e+01  3.387580e+01
      vertex -7.066378e+00 -4.700000e+01  3.491175e+01
      vertex -7.880930e+00 -4.700000e+01  3.433881e+01
    endloop
  endfacet
  facet normal  4.227906e-01 -7.104150e-01 -5.626354e-01
    outer loop
      vertex -6.816777e+00 -4.600000e+01  3.387580e+01
      vertex -7.880930e+00 -4.700000e+01  3.433881e+01
      vertex -7.589345e+00 -4.600000e+01  3.329526e+01
    endloop
  endfacet
  facet normal  3.628940e-01 -7.040607e-01 -6.104150e-01
    outer loop
      vertex -6.000000e+00 -4.600000e+01  3.439230e+01
      vertex -6.210358e+00 -4.700000e+01  3.542066e+01
      vertex -7.066378e+00 -4.700000e+01  3.491175e+01
    endloop
  endfacet
  facet normal  3.762325e-01 -7.102585e-01 -5.949639e-01
    outer loop
      vertex -6.000000e+00 -4.600000e+01  3.439230e+01
      vertex -7.066378e+00 -4.700000e+01  3.491175e+01
      vertex -6.816777e+00 -4.600000e+01  3.387580e+01
    endloop
  endfacet
  facet normal  3.149951e-01 -7.043098e-01 -6.361806e-01
    outer loop
      vertex -5.144311e+00 -4.600000e+01  3.484140e+01
      vertex -5.317892e+00 -4.700000e+01  3.586255e+01
      vertex -6.210358e+00 -4.700000e+01  3.542066e+01
    endloop
  endfacet
  facet normal  3.272448e-01 -7.100304e-01 -6.235124e-01
    outer loop
      vertex -5.144311e+00 -4.600000e+01  3.484140e+01
      vertex -6.210358e+00 -4.700000e+01  3.542066e+01
      vertex -6.000000e+00 -4.600000e+01  3.439230e+01
    endloop
  endfacet
  facet normal  2.652529e-01 -7.046238e-01 -6.581384e-01
    outer loop
      vertex -4.255259e+00 -4.600000e+01  3.522020e+01
      vertex -4.394219e+00 -4.700000e+01  3.623482e+01
      vertex -5.317892e+00 -4.700000e+01  3.586255e+01
    endloop
  endfacet
  facet normal  2.761302e-01 -7.097330e-01 -6.480981e-01
    outer loop
      vertex -4.255259e+00 -4.600000e+01  3.522020e+01
      vertex -5.317892e+00 -4.700000e+01  3.586255e+01
      vertex -5.144311e+00 -4.600000e+01  3.484140e+01
    endloop
  endfacet
  facet normal  2.139798e-01 -7.050033e-01 -6.761531e-01
    outer loop
      vertex -3.338609e+00 -4.600000e+01  3.552622e+01
      vertex -3.444760e+00 -4.700000e+01  3.653529e+01
      vertex -4.394219e+00 -4.700000e+01  3.623482e+01
    endloop
  endfacet
  facet normal  2.232013e-01 -7.093635e-01 -6.685691e-01
    outer loop
      vertex -3.338609e+00 -4.600000e+01  3.552622e+01
      vertex -4.394219e+00 -4.700000e+01  3.623482e+01
      vertex -4.255259e+00 -4.600000e+01  3.522020e+01
    endloop
  endfacet
  facet normal  1.614940e-01 -7.054492e-01 -6.901168e-01
    outer loop
      vertex -2.400308e+00 -4.600000e+01  3.575749e+01
      vertex -2.475084e+00 -4.700000e+01  3.676221e+01
      vertex -3.444760e+00 -4.700000e+01  3.653529e+01
    endloop
  endfacet
  facet normal  1.687856e-01 -7.089229e-01 -6.847917e-01
    outer loop
      vertex -2.400308e+00 -4.600000e+01  3.575749e+01
      vertex -3.444760e+00 -4.700000e+01  3.653529e+01
      vertex -3.338609e+00 -4.600000e+01  3.552622e+01
    endloop
  endfacet
  facet normal  1.081144e-01 -7.059603e-01 -6.999509e-01
    outer loop
      vertex -1.446440e+00 -4.600000e+01  3.591251e+01
      vertex -1.490885e+00 -4.700000e+01  3.691423e+01
      vertex -2.475084e+00 -4.700000e+01  3.676221e+01
    endloop
  endfacet
  facet normal  1.132175e-01 -7.084123e-01 -6.966590e-01
    outer loop
      vertex -1.446440e+00 -4.600000e+01  3.591251e+01
      vertex -2.475084e+00 -4.700000e+01  3.676221e+01
      vertex -2.400308e+00 -4.600000e+01  3.575749e+01
    endloop
  endfacet
  facet normal  5.417204e-02 -7.065350e-01 -7.056017e-01
    outer loop
      vertex -4.831913e-01 -4.600000e+01  3.599027e+01
      vertex -4.979355e-01 -4.700000e+01  3.699046e+01
      vertex -1.490885e+00 -4.700000e+01  3.691423e+01
    endloop
  endfacet
  facet normal  5.684102e-02 -7.078299e-01 -7.040923e-01
    outer loop
      vertex -4.831913e-01 -4.600000e+01  3.599027e+01
      vertex -1.490885e+00 -4.700000e+01  3.691423e+01
      vertex -1.446440e+00 -4.600000e+01  3.591251e+01
    endloop
  endfacet
  facet normal -5.417204e-02 -7.065350e-01 -7.056017e-01
    outer loop
      vertex  4.831913e-01 -4.600000e+01  3.599027e+01
      vertex  1.490885e+00 -4.700000e+01  3.691423e+01
      vertex  4.979355e-01 -4.700000e+01  3.699046e+01
    endloop
  endfacet
  facet normal  0.000000e+00 -7.071742e-01 -7.070394e-01
    outer loop
      vertex  4.831913e-01 -4.600000e+01  3.599027e+01
      vertex  4.979355e-01 -4.700000e+01  3.699046e+01
      vertex -4.831913e-01 -4.600000e+01  3.599027e+01
    endloop
  endfacet
  facet normal  -0.000000e+00 -7.071742e-01 -7.070394e-01
    outer loop
      vertex -4.831913e-01 -4.600000e+01  3.599027e+01
      vertex  4.979355e-01 -4.700000e+01  3.699046e+01
      vertex -4.979355e-01 -4.700000e+01  3.699046e+01
    endloop
  endfacet
  facet normal -1.081144e-01 -7.059603e-01 -6.999509e-01
    outer loop
      vertex  1.446440e+00 -4.600000e+01  3.591251e+01
      vertex  2.475084e+00 -4.700000e+01  3.676221e+01
      vertex  1.490885e+00 -4.700000e+01  3.691423e+01
    endloop
  endfacet
  facet normal -5.684102e-02 -7.078299e-01 -7.040923e-01
    outer loop
      vertex  1.446440e+00 -4.600000e+01  3.591251e+01
      vertex  1.490885e+00 -4.700000e+01  3.691423e+01
      vertex  4.831913e-01 -4.600000e+01  3.599027e+01
    endloop
  endfacet
  facet normal -1.614940e-01 -7.054491e-01 -6.901167e-01
    outer loop
      vertex  2.400308e+00 -4.600000e+01  3.575749e+01
      vertex  3.444760e+00 -4.700000e+01  3.653529e+01
      vertex  2.475084e+00 -4.700000e+01  3.676221e+01
    endloop
  endfacet
  facet normal -1.132175e-01 -7.084123e-01 -6.966590e-01
    outer loop
      vertex  2.400308e+00 -4.600000e+01  3.575749e+01
      vertex  2.475084e+00 -4.700000e+01  3.676221e+01
      vertex  1.446440e+00 -4.600000e+01  3.591251e+01
    endloop
  endfacet
  facet normal -2.139798e-01 -7.050033e-01 -6.761531e-01
    outer loop
      vertex  3.338609e+00 -4.600000e+01  3.552622e+01
      vertex  4.394219e+00 -4.700000e+01  3.623482e+01
      vertex  3.444760e+00 -4.700000e+01  3.653529e+01
    endloop
  endfacet
  facet normal -1.687856e-01 -7.089229e-01 -6.847917e-01
    outer loop
      vertex  3.338609e+00 -4.600000e+01  3.552622e+01
      vertex  3.444760e+00 -4.700000e+01  3.653529e+01
      vertex  2.400308e+00 -4.600000e+01  3.575749e+01
    endloop
  endfacet
  facet normal -2.652529e-01 -7.046238e-01 -6.581384e-01
    outer loop
      vertex  4.255259e+00 -4.600000e+01  3.522020e+01
      vertex  5.317892e+00 -4.700000e+01  3.586255e+01
      vertex  4.394219e+00 -4.700000e+01  3.623482e+01
    endloop
  endfacet
  facet normal -2.232013e-01 -7.093635e-01 -6.685691e-01
    outer loop
      vertex  4.255259e+00 -4.600000e+01  3.522020e+01
      vertex  4.394219e+00 -4.700000e+01  3.623482e+01
      vertex  3.338609e+00 -4.600000e+01  3.552622e+01
    endloop
  endfacet
  facet normal -3.149951e-01 -7.043098e-01 -6.361806e-01
    outer loop
      vertex  5.144311e+00 -4.600000e+01  3.484140e+01
      vertex  6.210358e+00 -4.700000e+01  3.542066e+01
      vertex  5.317892e+00 -4.700000e+01  3.586255e+01
    endloop
  endfacet
  facet normal -2.761302e-01 -7.097330e-01 -6.480981e-01
    outer loop
      vertex  5.144311e+00 -4.600000e+01  3.484140e+01
      vertex  5.317892e+00 -4.700000e+01  3.586255e+01
      vertex  4.255259e+00 -4.600000e+01  3.522020e+01
    endloop
  endfacet
  facet normal -3.628940e-01 -7.040607e-01 -6.104150e-01
    outer loop
      vertex  6.000000e+00 -4.600000e+01  3.439230e+01
      vertex  7.066378e+00 -4.700000e+01  3.491175e+01
      vertex  6.210358e+00 -4.700000e+01  3.542066e+01
    endloop
  endfacet
  facet normal -3.272448e-01 -7.100304e-01 -6.235124e-01
    outer loop
      vertex  6.000000e+00 -4.600000e+01  3.439230e+01
      vertex  6.210358e+00 -4.700000e+01  3.542066e+01
      vertex  5.144311e+00 -4.600000e+01  3.484140e+01
    endloop
  endfacet
  facet normal -4.086613e-01 -7.038782e-01 -5.809916e-01
    outer loop
      vertex  6.816777e+00 -4.600000e+01  3.387580e+01
      vertex  7.880930e+00 -4.700000e+01  3.433881e+01
      vertex  7.066378e+00 -4.700000e+01  3.491175e+01
    endloop
  endfacet
  facet normal -3.762325e-01 -7.102585e-01 -5.949639e-01
    outer loop
      vertex  6.816777e+00 -4.600000e+01  3.387580e+01
      vertex  7.066378e+00 -4.700000e+01  3.491175e+01
      vertex  6.000000e+00 -4.600000e+01  3.439230e+01
    endloop
  endfacet
  facet normal -4.520094e-01 -7.037611e-01 -5.480948e-01
    outer loop
      vertex  7.589345e+00 -4.600000e+01  3.329526e+01
      vertex  8.649234e+00 -4.700000e+01  3.370519e+01
      vertex  7.880930e+00 -4.700000e+01  3.433881e+01
    endloop
  endfacet
  facet normal -4.227906e-01 -7.104150e-01 -5.626354e-01
    outer loop
      vertex  7.589345e+00 -4.600000e+01  3.329526e+01
      vertex  7.880930e+00 -4.700000e+01  3.433881e+01
      vertex  6.816777e+00 -4.600000e+01  3.387580e+01
    endloop
  endfacet
  facet normal -4.926746e-01 -7.037114e-01 -5.119199e-01
    outer loop
      vertex  8.312693e+00 -4.600000e+01  3.265443e+01
      vertex  9.366780e+00 -4.700000e+01  3.301462e+01
      vertex  8.649234e+00 -4.700000e+01  3.370519e+01
    endloop
  endfacet
  facet normal -4.666360e-01 -7.105026e-01 -5.267228e-01
    outer loop
      vertex  8.312693e+00 -4.600000e+01  3.265443e+01
      vertex  8.649234e+00 -4.700000e+01  3.370519e+01
      vertex  7.589345e+00 -4.600000e+01  3.329526e+01
    endloop
  endfacet
  facet normal -5.304025e-01 -7.037283e-01 -4.726939e-01
    outer loop
      vertex  8.982129e+00 -4.600000e+01  3.195747e+01
      vertex  1.002936e+01 -4.700000e+01  3.227115e+01
      vertex  9.366780e+00 -4.700000e+01  3.301462e+01
    endloop
  endfacet
  facet normal -5.074941e-01 -7.105199e-01 -4.874538e-01
    outer loop
      vertex  8.982129e+00 -4.600000e+01  3.195747e+01
      vertex  9.366780e+00 -4.700000e+01  3.301462e+01
      vertex  8.312693e+00 -4.600000e+01  3.265443e+01
    endloop
  endfacet
  facet normal -5.649657e-01 -7.038113e-01 -4.306547e-01
    outer loop
      vertex  9.593313e+00 -4.600000e+01  3.120891e+01
      vertex  1.063308e+01 -4.700000e+01  3.147914e+01
      vertex  1.002936e+01 -4.700000e+01  3.227115e+01
    endloop
  endfacet
  facet normal -5.451122e-01 -7.104678e-01 -4.450708e-01
    outer loop
      vertex  9.593313e+00 -4.600000e+01  3.120891e+01
      vertex  1.002936e+01 -4.700000e+01  3.227115e+01
      vertex  8.982129e+00 -4.600000e+01  3.195747e+01
    endloop
  endfacet
  facet normal -5.961499e-01 -7.039611e-01 -3.860624e-01
    outer loop
      vertex  1.014228e+01 -4.600000e+01  3.041359e+01
      vertex  1.117441e+01 -4.700000e+01  3.064324e+01
      vertex  1.063308e+01 -4.700000e+01  3.147914e+01
    endloop
  endfacet
  facet normal -5.792603e-01 -7.103455e-01 -3.998335e-01
    outer loop
      vertex  1.014228e+01 -4.600000e+01  3.041359e+01
      vertex  1.063308e+01 -4.700000e+01  3.147914e+01
      vertex  9.593313e+00 -4.600000e+01  3.120891e+01
    endloop
  endfacet
  facet normal -6.237653e-01 -7.041768e-01 -3.391931e-01
    outer loop
      vertex  1.062547e+01 -4.600000e+01  2.957668e+01
      vertex  1.165015e+01 -4.700000e+01  2.976836e+01
      vertex  1.117441e+01 -4.700000e+01  3.064324e+01
    endloop
  endfacet
  facet normal -6.097229e-01 -7.101530e-01 -3.520237e-01
    outer loop
      vertex  1.062547e+01 -4.600000e+01  2.957668e+01
      vertex  1.117441e+01 -4.700000e+01  3.064324e+01
      vertex  1.014228e+01 -4.600000e+01  3.041359e+01
    endloop
  endfacet
  facet normal -6.476452e-01 -7.044582e-01 -2.903345e-01
    outer loop
      vertex  1.103975e+01 -4.600000e+01  2.870360e+01
      vertex  1.205753e+01 -4.700000e+01  2.885962e+01
      vertex  1.165015e+01 -4.700000e+01  2.976836e+01
    endloop
  endfacet
  facet normal -6.363111e-01 -7.098903e-01 -3.019338e-01
    outer loop
      vertex  1.103975e+01 -4.600000e+01  2.870360e+01
      vertex  1.165015e+01 -4.700000e+01  2.976836e+01
      vertex  1.062547e+01 -4.600000e+01  2.957668e+01
    endloop
  endfacet
  facet normal -6.676456e-01 -7.048054e-01 -2.397889e-01
    outer loop
      vertex  1.138244e+01 -4.600000e+01  2.780002e+01
      vertex  1.239415e+01 -4.700000e+01  2.792237e+01
      vertex  1.205753e+01 -4.700000e+01  2.885962e+01
    endloop
  endfacet
  facet normal -6.588574e-01 -7.095568e-01 -2.498722e-01
    outer loop
      vertex  1.138244e+01 -4.600000e+01  2.780002e+01
      vertex  1.205753e+01 -4.700000e+01  2.885962e+01
      vertex  1.103975e+01 -4.600000e+01  2.870360e+01
    endloop
  endfacet
  facet normal -6.836460e-01 -7.052187e-01 -1.878693e-01
    outer loop
      vertex  1.165130e+01 -4.600000e+01  2.687179e+01
      vertex  1.265804e+01 -4.700000e+01  2.696210e+01
      vertex  1.239415e+01 -4.700000e+01  2.792237e+01
    endloop
  endfacet
  facet normal -6.772186e-01 -7.091523e-01 -1.961581e-01
    outer loop
      vertex  1.165130e+01 -4.600000e+01  2.687179e+01
      vertex  1.239415e+01 -4.700000e+01  2.792237e+01
      vertex  1.138244e+01 -4.600000e+01  2.780002e+01
    endloop
  endfacet
  facet normal -6.955540e-01 -7.056968e-01 -1.348952e-01
    outer loop
      vertex  1.184460e+01 -4.600000e+01  2.592494e+01
      vertex  1.284765e+01 -4.700000e+01  2.598444e+01
      vertex  1.265804e+01 -4.700000e+01  2.696210e+01
    endloop
  endfacet
  facet normal -6.912743e-01 -7.086772e-01 -1.411254e-01
    outer loop
      vertex  1.184460e+01 -4.600000e+01  2.592494e+01
      vertex  1.265804e+01 -4.700000e+01  2.696210e+01
      vertex  1.165130e+01 -4.600000e+01  2.687179e+01
    endloop
  endfacet
  facet normal -7.033011e-01 -7.062402e-01 -8.119289e-02
    outer loop
      vertex  1.196109e+01 -4.600000e+01  2.496560e+01
      vertex  1.296186e+01 -4.700000e+01  2.499514e+01
      vertex  1.284765e+01 -4.700000e+01  2.598444e+01
    endloop
  endfacet
  facet normal -7.009337e-01 -7.081304e-01 -8.510807e-02
    outer loop
      vertex  1.196109e+01 -4.600000e+01  2.496560e+01
      vertex  1.284765e+01 -4.700000e+01  2.598444e+01
      vertex  1.184460e+01 -4.600000e+01  2.592494e+01
    endloop
  endfacet
  facet normal -7.068472e-01  7.068472e-01 -2.709373e-02
    outer loop
      vertex  1.200000e+01 -2.800000e+01  2.400000e+01
      vertex  1.296186e+01 -2.700000e+01  2.499514e+01
      vertex  1.300000e+01 -2.700000e+01  2.400000e+01
    endloop
  endfacet
  facet normal -7.061284e-01  7.075118e-01 -2.845634e-02
    outer loop
      vertex  1.200000e+01 -2.800000e+01  2.400000e+01
      vertex  1.196109e+01 -2.800000e+01  2.496560e+01
      vertex  1.296186e+01 -2.700000e+01  2.499514e+01
    endloop
  endfacet
  facet normal  7.061284e-01  7.075118e-01 -2.845634e-02
    outer loop
      vertex -1.200000e+01 -2.800000e+01  2.400000e+01
      vertex -1.296186e+01 -2.700000e+01  2.499514e+01
      vertex -1.196109e+01 -2.800000e+01  2.496560e+01
    endloop
  endfacet
  facet normal  7.068472e-01  7.068472e-01 -2.709373e-02
    outer loop
      vertex -1.200000e+01 -2.800000e+01  2.400000e+01
      vertex -1.300000e+01 -2.700000e+01  2.400000e+01
      vertex -1.296186e+01 -2.700000e+01  2.499514e+01
    endloop
  endfacet
  facet normal -7.033011e-01  7.062402e-01 -8.119289e-02
    outer loop
      vertex  1.196109e+01 -2.800000e+01  2.496560e+01
      vertex  1.284765e+01 -2.700000e+01  2.598444e+01
      vertex  1.296186e+01 -2.700000e+01  2.499514e+01
    endloop
  endfacet
  facet normal -6.955540e-01  7.056968e-01 -1.348952e-01
    outer loop
      vertex  1.184460e+01 -2.800000e+01  2.592494e+01
      vertex  1.265804e+01 -2.700000e+01  2.696210e+01
      vertex  1.284765e+01 -2.700000e+01  2.598444e+01
    endloop
  endfacet
  facet normal -7.009337e-01  7.081304e-01 -8.510807e-02
    outer loop
      vertex  1.184460e+01 -2.800000e+01  2.592494e+01
      vertex  1.284765e+01 -2.700000e+01  2.598444e+01
      vertex  1.196109e+01 -2.800000e+01  2.496560e+01
    endloop
  endfacet
  facet normal -6.836459e-01  7.052187e-01 -1.878693e-01
    outer loop
      vertex  1.165130e+01 -2.800000e+01  2.687179e+01
      vertex  1.239415e+01 -2.700000e+01  2.792237e+01
      vertex  1.265804e+01 -2.700000e+01  2.696210e+01
    endloop
  endfacet
  facet normal -6.912743e-01  7.086772e-01 -1.411254e-01
    outer loop
      vertex  1.165130e+01 -2.800000e+01  2.687179e+01
      vertex  1.265804e+01 -2.700000e+01  2.696210e+01
      vertex  1.184460e+01 -2.800000e+01  2.592494e+01
    endloop
  endfacet
  facet normal -6.676456e-01  7.048054e-01 -2.397889e-01
    outer loop
      vertex  1.138244e+01 -2.800000e+01  2.780002e+01
      vertex  1.205753e+01 -2.700000e+01  2.885962e+01
      vertex  1.239415e+01 -2.700000e+01  2.792237e+01
    endloop
  endfacet
  facet normal -6.772186e-01  7.091523e-01 -1.961581e-01
    outer loop
      vertex  1.138244e+01 -2.800000e+01  2.780002e+01
      vertex  1.239415e+01 -2.700000e+01  2.792237e+01
      vertex  1.165130e+01 -2.800000e+01  2.687179e+01
    endloop
  endfacet
  facet normal -6.476452e-01  7.044583e-01 -2.903345e-01
    outer loop
      vertex  1.103975e+01 -2.800000e+01  2.870360e+01
      vertex  1.165015e+01 -2.700000e+01  2.976836e+01
      vertex  1.205753e+01 -2.700000e+01  2.885962e+01
    endloop
  endfacet
  facet normal -6.588574e-01  7.095568e-01 -2.498722e-01
    outer loop
      vertex  1.103975e+01 -2.800000e+01  2.870360e+01
      vertex  1.205753e+01 -2.700000e+01  2.885962e+01
      vertex  1.138244e+01 -2.800000e+01  2.780002e+01
    endloop
  endfacet
  facet normal -6.237653e-01  7.041768e-01 -3.391931e-01
    outer loop
      vertex  1.062547e+01 -2.800000e+01  2.957668e+01
      vertex  1.117441e+01 -2.700000e+01  3.064324e+01
      vertex  1.165015e+01 -2.700000e+01  2.976836e+01
    endloop
  endfacet
  facet normal -6.363111e-01  7.098903e-01 -3.019338e-01
    outer loop
      vertex  1.062547e+01 -2.800000e+01  2.957668e+01
      vertex  1.165015e+01 -2.700000e+01  2.976836e+01
      vertex  1.103975e+01 -2.800000e+01  2.870360e+01
    endloop
  endfacet
  facet normal -5.961499e-01  7.039611e-01 -3.860624e-01
    outer loop
      vertex  1.014228e+01 -2.800000e+01  3.041359e+01
      vertex  1.063308e+01 -2.700000e+01  3.147914e+01
      vertex  1.117441e+01 -2.700000e+01  3.064324e+01
    endloop
  endfacet
  facet normal -6.097229e-01  7.101530e-01 -3.520237e-01
    outer loop
      vertex  1.014228e+01 -2.800000e+01  3.041359e+01
      vertex  1.117441e+01 -2.700000e+01  3.064324e+01
      vertex  1.062547e+01 -2.800000e+01  2.957668e+01
    endloop
  endfacet
  facet normal -5.649657e-01  7.038113e-01 -4.306547e-01
    outer loop
      vertex  9.593313e+00 -2.800000e+01  3.120891e+01
      vertex  1.002936e+01 -2.700000e+01  3.227115e+01
      vertex  1.063308e+01 -2.700000e+01  3.147914e+01
    endloop
  endfacet
  facet normal -5.792603e-01  7.103455e-01 -3.998335e-01
    outer loop
      vertex  9.593313e+00 -2.800000e+01  3.120891e+01
      vertex  1.063308e+01 -2.700000e+01  3.147914e+01
      vertex  1.014228e+01 -2.800000e+01  3.041359e+01
    endloop
  endfacet
  facet normal -5.304025e-01  7.037283e-01 -4.726939e-01
    outer loop
      vertex  8.982129e+00 -2.800000e+01  3.195747e+01
      vertex  9.366780e+00 -2.700000e+01  3.301462e+01
      vertex  1.002936e+01 -2.700000e+01  3.227115e+01
    endloop
  endfacet
  facet normal -5.451122e-01  7.104678e-01 -4.450708e-01
    outer loop
      vertex  8.982129e+00 -2.800000e+01  3.195747e+01
      vertex  1.002936e+01 -2.700000e+01  3.227115e+01
      vertex  9.593313e+00 -2.800000e+01  3.120891e+01
    endloop
  endfacet
  facet normal -4.926747e-01  7.037114e-01 -5.119199e-01
    outer loop
      vertex  8.312693e+00 -2.800000e+01  3.265443e+01
      vertex  8.649234e+00 -2.700000e+01  3.370519e+01
      vertex  9.366780e+00 -2.700000e+01  3.301462e+01
    endloop
  endfacet
  facet normal -5.074941e-01  7.105199e-01 -4.874538e-01
    outer loop
      vertex  8.312693e+00 -2.800000e+01  3.265443e+01
      vertex  9.366780e+00 -2.700000e+01  3.301462e+01
      vertex  8.982129e+00 -2.800000e+01  3.195747e+01
    endloop
  endfacet
  facet normal -4.520094e-01  7.037611e-01 -5.480948e-01
    outer loop
      vertex  7.589345e+00 -2.800000e+01  3.329526e+01
      vertex  7.880930e+00 -2.700000e+01  3.433881e+01
      vertex  8.649234e+00 -2.700000e+01  3.370519e+01
    endloop
  endfacet
  facet normal -4.666360e-01  7.105026e-01 -5.267228e-01
    outer loop
      vertex  7.589345e+00 -2.800000e+01  3.329526e+01
      vertex  8.649234e+00 -2.700000e+01  3.370519e+01
      vertex  8.312693e+00 -2.800000e+01  3.265443e+01
    endloop
  endfacet
  facet normal -4.086613e-01  7.038782e-01 -5.809916e-01
    outer loop
      vertex  6.816777e+00 -2.800000e+01  3.387580e+01
      vertex  7.066378e+00 -2.700000e+01  3.491175e+01
      vertex  7.880930e+00 -2.700000e+01  3.433881e+01
    endloop
  endfacet
  facet normal -4.227906e-01  7.104150e-01 -5.626354e-01
    outer loop
      vertex  6.816777e+00 -2.800000e+01  3.387580e+01
      vertex  7.880930e+00 -2.700000e+01  3.433881e+01
      vertex  7.589345e+00 -2.800000e+01  3.329526e+01
    endloop
  endfacet
  facet normal -3.628940e-01  7.040607e-01 -6.104150e-01
    outer loop
      vertex  6.000000e+00 -2.800000e+01  3.439230e+01
      vertex  6.210358e+00 -2.700000e+01  3.542066e+01
      vertex  7.066378e+00 -2.700000e+01  3.491175e+01
    endloop
  endfacet
  facet normal -3.762325e-01  7.102585e-01 -5.949639e-01
    outer loop
      vertex  6.000000e+00 -2.800000e+01  3.439230e+01
      vertex  7.066378e+00 -2.700000e+01  3.491175e+01
      vertex  6.816777e+00 -2.800000e+01  3.387580e+01
    endloop
  endfacet
  facet normal -3.149951e-01  7.043098e-01 -6.361806e-01
    outer loop
      vertex  5.144311e+00 -2.800000e+01  3.484140e+01
      vertex  5.317892e+00 -2.700000e+01  3.586255e+01
      vertex  6.210358e+00 -2.700000e+01  3.542066e+01
    endloop
  endfacet
  facet normal -3.272448e-01  7.100304e-01 -6.235124e-01
    outer loop
      vertex  5.144311e+00 -2.800000e+01  3.484140e+01
      vertex  6.210358e+00 -2.700000e+01  3.542066e+01
      vertex  6.000000e+00 -2.800000e+01  3.439230e+01
    endloop
  endfacet
  facet normal -2.652529e-01  7.046238e-01 -6.581384e-01
    outer loop
      vertex  4.255259e+00 -2.800000e+01  3.522020e+01
      vertex  4.394219e+00 -2.700000e+01  3.623482e+01
      vertex  5.317892e+00 -2.700000e+01  3.586255e+01
    endloop
  endfacet
  facet normal -2.761302e-01  7.097330e-01 -6.480981e-01
    outer loop
      vertex  4.255259e+00 -2.800000e+01  3.522020e+01
      vertex  5.317892e+00 -2.700000e+01  3.586255e+01
      vertex  5.144311e+00 -2.800000e+01  3.484140e+01
    endloop
  endfacet
  facet normal -2.139798e-01  7.050033e-01 -6.761531e-01
    outer loop
      vertex  3.338609e+00 -2.800000e+01  3.552622e+01
      vertex  3.444760e+00 -2.700000e+01  3.653529e+01
      vertex  4.394219e+00 -2.700000e+01  3.623482e+01
    endloop
  endfacet
  facet normal -2.232013e-01  7.093635e-01 -6.685691e-01
    outer loop
      vertex  3.338609e+00 -2.800000e+01  3.552622e+01
      vertex  4.394219e+00 -2.700000e+01  3.623482e+01
      vertex  4.255259e+00 -2.800000e+01  3.522020e+01
    endloop
  endfacet
  facet normal -1.614940e-01  7.054492e-01 -6.901168e-01
    outer loop
      vertex  2.400308e+00 -2.800000e+01  3.575749e+01
      vertex  2.475084e+00 -2.700000e+01  3.676221e+01
      vertex  3.444760e+00 -2.700000e+01  3.653529e+01
    endloop
  endfacet
  facet normal -1.687856e-01  7.089229e-01 -6.847917e-01
    outer loop
      vertex  2.400308e+00 -2.800000e+01  3.575749e+01
      vertex  3.444760e+00 -2.700000e+01  3.653529e+01
      vertex  3.338609e+00 -2.800000e+01  3.552622e+01
    endloop
  endfacet
  facet normal -1.081144e-01  7.059603e-01 -6.999509e-01
    outer loop
      vertex  1.446440e+00 -2.800000e+01  3.591251e+01
      vertex  1.490885e+00 -2.700000e+01  3.691423e+01
      vertex  2.475084e+00 -2.700000e+01  3.676221e+01
    endloop
  endfacet
  facet normal -1.132175e-01  7.084123e-01 -6.966590e-01
    outer loop
      vertex  1.446440e+00 -2.800000e+01  3.591251e+01
      vertex  2.475084e+00 -2.700000e+01  3.676221e+01
      vertex  2.400308e+00 -2.800000e+01  3.575749e+01
    endloop
  endfacet
  facet normal -5.417204e-02  7.065350e-01 -7.056017e-01
    outer loop
      vertex  4.831913e-01 -2.800000e+01  3.599027e+01
      vertex  4.979355e-01 -2.700000e+01  3.699046e+01
      vertex  1.490885e+00 -2.700000e+01  3.691423e+01
    endloop
  endfacet
  facet normal -5.684102e-02  7.078299e-01 -7.040923e-01
    outer loop
      vertex  4.831913e-01 -2.800000e+01  3.599027e+01
      vertex  1.490885e+00 -2.700000e+01  3.691423e+01
      vertex  1.446440e+00 -2.800000e+01  3.591251e+01
    endloop
  endfacet
  facet normal  5.417204e-02  7.065350e-01 -7.056017e-01
    outer loop
      vertex -4.831913e-01 -2.800000e+01  3.599027e+01
      vertex -1.490885e+00 -2.700000e+01  3.691423e+01
      vertex -4.979355e-01 -2.700000e+01  3.699046e+01
    endloop
  endfacet
  facet normal  0.000000e+00  7.071742e-01 -7.070394e-01
    outer loop
      vertex -4.831913e-01 -2.800000e+01  3.599027e+01
      vertex -4.979355e-01 -2.700000e+01  3.699046e+01
      vertex  4.831913e-01 -2.800000e+01  3.599027e+01
    endloop
  endfacet
  facet normal  0.000000e+00  7.071742e-01 -7.070394e-01
    outer loop
      vertex  4.831913e-01 -2.800000e+01  3.599027e+01
      vertex -4.979355e-01 -2.700000e+01  3.699046e+01
      vertex  4.979355e-01 -2.700000e+01  3.699046e+01
    endloop
  endfacet
  facet normal  1.081144e-01  7.059603e-01 -6.999509e-01
    outer loop
      vertex -1.446440e+00 -2.800000e+01  3.591251e+01
      vertex -2.475084e+00 -2.700000e+01  3.676221e+01
      vertex -1.490885e+00 -2.700000e+01  3.691423e+01
    endloop
  endfacet
  facet normal  5.684102e-02  7.078299e-01 -7.040923e-01
    outer loop
      vertex -1.446440e+00 -2.800000e+01  3.591251e+01
      vertex -1.490885e+00 -2.700000e+01  3.691423e+01
      vertex -4.831913e-01 -2.800000e+01  3.599027e+01
    endloop
  endfacet
  facet normal  1.614940e-01  7.054491e-01 -6.901167e-01
    outer loop
      vertex -2.400308e+00 -2.800000e+01  3.575749e+01
      vertex -3.444760e+00 -2.700000e+01  3.653529e+01
      vertex -2.475084e+00 -2.700000e+01  3.676221e+01
    endloop
  endfacet
  facet normal  1.132175e-01  7.084123e-01 -6.966590e-01
    outer loop
      vertex -2.400308e+00 -2.800000e+01  3.575749e+01
      vertex -2.475084e+00 -2.700000e+01  3.676221e+01
      vertex -1.446440e+00 -2.800000e+01  3.591251e+01
    endloop
  endfacet
  facet normal  2.139798e-01  7.050033e-01 -6.761531e-01
    outer loop
      vertex -3.338609e+00 -2.800000e+01  3.552622e+01
      vertex -4.394219e+00 -2.700000e+01  3.623482e+01
      vertex -3.444760e+00 -2.700000e+01  3.653529e+01
    endloop
  endfacet
  facet normal  1.687856e-01  7.089229e-01 -6.847917e-01
    outer loop
      vertex -3.338609e+00 -2.800000e+01  3.552622e+01
      vertex -3.444760e+00 -2.700000e+01  3.653529e+01
      vertex -2.400308e+00 -2.800000e+01  3.575749e+01
    endloop
  endfacet
  facet normal  2.652529e-01  7.046238e-01 -6.581384e-01
    outer loop
      vertex -4.255259e+00 -2.800000e+01  3.522020e+01
      vertex -5.317892e+00 -2.700000e+01  3.586255e+01
      vertex -4.394219e+00 -2.700000e+01  3.623482e+01
    endloop
  endfacet
  facet normal  2.232013e-01  7.093635e-01 -6.685691e-01
    outer loop
      vertex -4.255259e+00 -2.800000e+01  3.522020e+01
      vertex -4.394219e+00 -2.700000e+01  3.623482e+01
      vertex -3.338609e+00 -2.800000e+01  3.552622e+01
    endloop
  endfacet
  facet normal  3.149951e-01  7.043098e-01 -6.361806e-01
    outer loop
      vertex -5.144311e+00 -2.800000e+01  3.484140e+01
      vertex -6.210358e+00 -2.700000e+01  3.542066e+01
      vertex -5.317892e+00 -2.700000e+01  3.586255e+01
    endloop
  endfacet
  facet normal  2.761302e-01  7.097330e-01 -6.480981e-01
    outer loop
      vertex -5.144311e+00 -2.800000e+01  3.484140e+01
      vertex -5.317892e+00 -2.700000e+01  3.586255e+01
      vertex -4.255259e+00 -2.800000e+01  3.522020e+01
    endloop
  endfacet
  facet normal  3.628940e-01  7.040607e-01 -6.104150e-01
    outer loop
      vertex -6.000000e+00 -2.800000e+01  3.439230e+01
      vertex -7.066378e+00 -2.700000e+01  3.491175e+01
      vertex -6.210358e+00 -2.700000e+01  3.542066e+01
    endloop
  endfacet
  facet normal  3.272448e-01  7.100304e-01 -6.235124e-01
    outer loop
      vertex -6.000000e+00 -2.800000e+01  3.439230e+01
      vertex -6.210358e+00 -2.700000e+01  3.542066e+01
      vertex -5.144311e+00 -2.800000e+01  3.484140e+01
    endloop
  endfacet
  facet normal  4.086613e-01  7.038782e-01 -5.809916e-01
    outer loop
      vertex -6.816777e+00 -2.800000e+01  3.387580e+01
      vertex -7.880930e+00 -2.700000e+01  3.433881e+01
      vertex -7.066378e+00 -2.700000e+01  3.491175e+01
    endloop
  endfacet
  facet normal  3.762325e-01  7.102585e-01 -5.949639e-01
    outer loop
      vertex -6.816777e+00 -2.800000e+01  3.387580e+01
      vertex -7.066378e+00 -2.700000e+01  3.491175e+01
      vertex -6.000000e+00 -2.800000e+01  3.439230e+01
    endloop
  endfacet
  facet normal  4.520094e-01  7.037611e-01 -5.480948e-01
    outer loop
      vertex -7.589345e+00 -2.800000e+01  3.329526e+01
      vertex -8.649234e+00 -2.700000e+01  3.370519e+01
      vertex -7.880930e+00 -2.700000e+01  3.433881e+01
    endloop
  endfacet
  facet normal  4.227906e-01  7.104150e-01 -5.626354e-01
    outer loop
      vertex -7.589345e+00 -2.800000e+01  3.329526e+01
      vertex -7.880930e+00 -2.700000e+01  3.433881e+01
      vertex -6.816777e+00 -2.800000e+01  3.387580e+01
    endloop
  endfacet
  facet normal  4.926746e-01  7.037114e-01 -5.119199e-01
    outer loop
      vertex -8.312693e+00 -2.800000e+01  3.265443e+01
      vertex -9.366780e+00 -2.700000e+01  3.301462e+01
      vertex -8.649234e+00 -2.700000e+01  3.370519e+01
    endloop
  endfacet
  facet normal  4.666360e-01  7.105026e-01 -5.267228e-01
    outer loop
      vertex -8.312693e+00 -2.800000e+01  3.265443e+01
      vertex -8.649234e+00 -2.700000e+01  3.370519e+01
      vertex -7.589345e+00 -2.800000e+01  3.329526e+01
    endloop
  endfacet
  facet normal  5.304025e-01  7.037283e-01 -4.726939e-01
    outer loop
      vertex -8.982129e+00 -2.800000e+01  3.195747e+01
      vertex -1.002936e+01 -2.700000e+01  3.227115e+01
      vertex -9.366780e+00 -2.700000e+01  3.301462e+01
    endloop
  endfacet
  facet normal  5.074941e-01  7.105199e-01 -4.874538e-01
    outer loop
      vertex -8.982129e+00 -2.800000e+01  3.195747e+01
      vertex -9.366780e+00 -2.700000e+01  3.301462e+01
      vertex -8.312693e+00 -2.800000e+01  3.265443e+01
    endloop
  endfacet
  facet normal  5.649657e-01  7.038113e-01 -4.306547e-01
    outer loop
      vertex -9.593313e+00 -2.800000e+01  3.120891e+01
      vertex -1.063308e+01 -2.700000e+01  3.147914e+01
      vertex -1.002936e+01 -2.700000e+01  3.227115e+01
    endloop
  endfacet
  facet normal  5.451122e-01  7.104678e-01 -4.450708e-01
    outer loop
      vertex -9.593313e+00 -2.800000e+01  3.120891e+01
      vertex -1.002936e+01 -2.700000e+01  3.227115e+01
      vertex -8.982129e+00 -2.800000e+01  3.195747e+01
    endloop
  endfacet
  facet normal  5.961499e-01  7.039611e-01 -3.860624e-01
    outer loop
      vertex -1.014228e+01 -2.800000e+01  3.041359e+01
      vertex -1.117441e+01 -2.700000e+01  3.064324e+01
      vertex -1.063308e+01 -2.700000e+01  3.147914e+01
    endloop
  endfacet
  facet normal  5.792603e-01  7.103455e-01 -3.998335e-01
    outer loop
      vertex -1.014228e+01 -2.800000e+01  3.041359e+01
      vertex -1.063308e+01 -2.700000e+01  3.147914e+01
      vertex -9.593313e+00 -2.800000e+01  3.120891e+01
    endloop
  endfacet
  facet normal  6.237653e-01  7.041768e-01 -3.391931e-01
    outer loop
      vertex -1.062547e+01 -2.800000e+01  2.957668e+01
      vertex -1.165015e+01 -2.700000e+01  2.976836e+01
      vertex -1.117441e+01 -2.700000e+01  3.064324e+01
    endloop
  endfacet
  facet normal  6.097229e-01  7.101530e-01 -3.520237e-01
    outer loop
      vertex -1.062547e+01 -2.800000e+01  2.957668e+01
      vertex -1.117441e+01 -2.700000e+01  3.064324e+01
      vertex -1.014228e+01 -2.800000e+01  3.041359e+01
    endloop
  endfacet
  facet normal  6.476452e-01  7.044582e-01 -2.903345e-01
    outer loop
      vertex -1.103975e+01 -2.800000e+01  2.870360e+01
      vertex -1.205753e+01 -2.700000e+01  2.885962e+01
      vertex -1.165015e+01 -2.700000e+01  2.976836e+01
    endloop
  endfacet
  facet normal  6.363111e-01  7.098903e-01 -3.019338e-01
    outer loop
      vertex -1.103975e+01 -2.800000e+01  2.870360e+01
      vertex -1.165015e+01 -2.700000e+01  2.976836e+01
      vertex -1.062547e+01 -2.800000e+01  2.957668e+01
    endloop
  endfacet
  facet normal  6.676456e-01  7.048054e-01 -2.397889e-01
    outer loop
      vertex -1.138244e+01 -2.800000e+01  2.780002e+01
      vertex -1.239415e+01 -2.700000e+01  2.792237e+01
      vertex -1.205753e+01 -2.700000e+01  2.885962e+01
    endloop
  endfacet
  facet normal  6.588574e-01  7.095568e-01 -2.498722e-01
    outer loop
      vertex -1.138244e+01 -2.800000e+01  2.780002e+01
      vertex -1.205753e+01 -2.700000e+01  2.885962e+01
      vertex -1.103975e+01 -2.800000e+01  2.870360e+01
    endloop
  endfacet
  facet normal  6.836460e-01  7.052187e-01 -1.878693e-01
    outer loop
      vertex -1.165130e+01 -2.800000e+01  2.687179e+01
      vertex -1.265804e+01 -2.700000e+01  2.696210e+01
      vertex -1.239415e+01 -2.700000e+01  2.792237e+01
    endloop
  endfacet
  facet normal  6.772186e-01  7.091523e-01 -1.961581e-01
    outer loop
      vertex -1.165130e+01 -2.800000e+01  2.687179e+01
      vertex -1.239415e+01 -2.700000e+01  2.792237e+01
      vertex -1.138244e+01 -2.800000e+01  2.780002e+01
    endloop
  endfacet
  facet normal  6.955540e-01  7.056968e-01 -1.348952e-01
    outer loop
      vertex -1.184460e+01 -2.800000e+01  2.592494e+01
      vertex -1.284765e+01 -2.700000e+01  2.598444e+01
      vertex -1.265804e+01 -2.700000e+01  2.696210e+01
    endloop
  endfacet
  facet normal  6.912743e-01  7.086772e-01 -1.411254e-01
    outer loop
      vertex -1.184460e+01 -2.800000e+01  2.592494e+01
      vertex -1.265804e+01 -2.700000e+01  2.696210e+01
      vertex -1.165130e+01 -2.800000e+01  2.687179e+01
    endloop
  endfacet
  facet normal  7.033011e-01  7.062402e-01 -8.119289e-02
    outer loop
      vertex -1.196109e+01 -2.800000e+01  2.496560e+01
      vertex -1.296186e+01 -2.700000e+01  2.499514e+01
      vertex -1.284765e+01 -2.700000e+01  2.598444e+01
    endloop
  endfacet
  facet normal  7.009337e-01  7.081304e-01 -8.510807e-02
    outer loop
      vertex -1.196109e+01 -2.800000e+01  2.496560e+01
      vertex -1.284765e+01 -2.700000e+01  2.598444e+01
      vertex -1.184460e+01 -2.800000e+01  2.592494e+01
    endloop
  endfacet
  facet normal  0.000000e+00 -1.000000e+00  0.000000e+00
    outer loop
      vertex -1.800000e+01 -3.300000e+01 -6.000000e+00
      vertex  7.961196e+00 -3.300000e+01  7.856291e+00
      vertex  6.888302e+00 -3.300000e+01  7.370168e+00
    endloop
  endfacet
  facet normal  0.000000e+00 -1.000000e+00  0.000000e+00
    outer loop
      vertex -1.800000e+01 -3.300000e+01 -6.000000e+00
      vertex  6.888302e+00 -3.300000e+01  7.370168e+00
      vertex  5.785911e+00 -3.300000e+01  6.955258e+00
    endloop
  endfacet
  facet normal  0.000000e+00 -9.999999e-01  0.000000e+00
    outer loop
      vertex -1.800000e+01 -3.300000e+01 -6.000000e+00
      vertex  5.785911e+00 -3.300000e+01  6.955258e+00
      vertex  4.658743e+00 -3.300000e+01  6.613335e+00
    endloop
  endfacet
  facet normal  0.000000e+00 -1.000000e+00  0.000000e+00
    outer loop
      vertex -1.800000e+01 -3.300000e+01 -6.000000e+00
      vertex  4.658743e+00 -3.300000e+01  6.613335e+00
      vertex  3.511626e+00 -3.300000e+01  6.345865e+00
    endloop
  endfacet
  facet normal  0.000000e+00 -1.000000e+00  0.000000e+00
    outer loop
      vertex -1.800000e+01 -3.300000e+01 -6.000000e+00
      vertex  3.511626e+00 -3.300000e+01  6.345865e+00
      vertex  2.349472e+00 -3.300000e+01  6.153993e+00
    endloop
  endfacet
  facet normal  0.000000e+00 -1.000000e+00  0.000000e+00
    outer loop
      vertex -1.800000e+01 -3.300000e+01 -6.000000e+00
      vertex  2.349472e+00 -3.300000e+01  6.153993e+00
      vertex  1.177256e+00 -3.300000e+01  6.038539e+00
    endloop
  endfacet
  facet normal  0.000000e+00 -1.000000e+00  0.000000e+00
    outer loop
      vertex -1.800000e+01 -3.300000e+01 -6.000000e+00
      vertex  1.177256e+00 -3.300000e+01  6.038539e+00
      vertex  1.019797e-14 -3.300000e+01  6.000000e+00
    endloop
  endfacet
  facet normal  -0.000000e+00 -1.000000e+00  0.000000e+00
    outer loop
      vertex -1.800000e+01 -3.300000e+01 -6.000000e+00
      vertex  1.019797e-14 -3.300000e+01  6.000000e+00
      vertex -1.177256e+00 -3.300000e+01  6.038539e+00
    endloop
  endfacet
  facet normal  -0.000000e+00 -1.000000e+00  0.000000e+00
    outer loop
      vertex -1.800000e+01 -3.300000e+01 -6.000000e+00
      vertex -1.177256e+00 -3.300000e+01  6.038539e+00
      vertex -2.349472e+00 -3.300000e+01  6.153993e+00
    endloop
  endfacet
  facet normal  -0.000000e+00 -1.000000e+00  0.000000e+00
    outer loop
      vertex -1.800000e+01 -3.300000e+01 -6.000000e+00
      vertex -2.349472e+00 -3.300000e+01  6.153993e+00
      vertex -3.511626e+00 -3.300000e+01  6.345865e+00
    endloop
  endfacet
  facet normal  -0.000000e+00 -1.000000e+00  0.000000e+00
    outer loop
      vertex -1.800000e+01 -3.300000e+01 -6.000000e+00
      vertex -3.511626e+00 -3.300000e+01  6.345865e+00
      vertex -4.658743e+00 -3.300000e+01  6.613335e+00
    endloop
  endfacet
  facet normal  -0.000000e+00 -1.000000e+00  0.000000e+00
    outer loop
      vertex -1.800000e+01 -3.300000e+01 -6.000000e+00
      vertex -4.658743e+00 -3.300000e+01  6.613335e+00
      vertex -5.785911e+00 -3.300000e+01  6.955258e+00
    endloop
  endfacet
  facet normal  -0.000000e+00 -1.000000e+00  0.000000e+00
    outer loop
      vertex -1.800000e+01 -3.300000e+01 -6.000000e+00
      vertex -5.785911e+00 -3.300000e+01  6.955258e+00
      vertex -6.888302e+00 -3.300000e+01  7.370168e+00
    endloop
  endfacet
  facet normal  -0.000000e+00 -1.000000e+00  0.000000e+00
    outer loop
      vertex -1.800000e+01 -3.300000e+01 -6.000000e+00
      vertex -6.888302e+00 -3.300000e+01  7.370168e+00
      vertex -7.961196e+00 -3.300000e+01  7.856291e+00
    endloop
  endfacet
  facet normal  -0.000000e+00 -1.000000e+00  0.000000e+00
    outer loop
      vertex -1.800000e+01 -3.300000e+01 -6.000000e+00
      vertex -7.961196e+00 -3.300000e+01  7.856291e+00
      vertex -9.000000e+00 -3.300000e+01  8.411543e+00
    endloop
  endfacet
  facet normal  -0.000000e+00 -1.000000e+00  0.000000e+00
    outer loop
      vertex -1.800000e+01 -3.300000e+01 -6.000000e+00
      vertex -9.000000e+00 -3.300000e+01  8.411543e+00
      vertex -1.000026e+01 -3.300000e+01  9.033547e+00
    endloop
  endfacet
  facet normal  -0.000000e+00 -1.000000e+00  0.000000e+00
    outer loop
      vertex -1.800000e+01 -3.300000e+01 -6.000000e+00
      vertex -1.000026e+01 -3.300000e+01  9.033547e+00
      vertex -1.095771e+01 -3.300000e+01  9.719640e+00
    endloop
  endfacet
  facet normal  -0.000000e+00 -9.999999e-01  0.000000e+00
    outer loop
      vertex -1.800000e+01 -3.300000e+01 -6.000000e+00
      vertex -1.095771e+01 -3.300000e+01  9.719640e+00
      vertex -1.186823e+01 -3.300000e+01  1.046688e+01
    endloop
  endfacet
  facet normal  -0.000000e+00 -1.000000e+00  0.000000e+00
    outer loop
      vertex -1.800000e+01 -3.300000e+01 -6.000000e+00
      vertex -1.186823e+01 -3.300000e+01  1.046688e+01
      vertex -1.272792e+01 -3.300000e+01  1.127208e+01
    endloop
  endfacet
  facet normal  -0.000000e+00 -1.000000e+00  0.000000e+00
    outer loop
      vertex -1.800000e+01 -3.300000e+01 -6.000000e+00
      vertex -1.272792e+01 -3.300000e+01  1.127208e+01
      vertex -1.353312e+01 -3.300000e+01  1.213177e+01
    endloop
  endfacet
  facet normal  -0.000000e+00 -1.000000e+00  0.000000e+00
    outer loop
      vertex -1.800000e+01 -3.300000e+01 -6.000000e+00
      vertex -1.353312e+01 -3.300000e+01  1.213177e+01
      vertex -1.428036e+01 -3.300000e+01  1.304229e+01
    endloop
  endfacet
  facet normal  -0.000000e+00 -1.000000e+00  0.000000e+00
    outer loop
      vertex -1.800000e+01 -3.300000e+01 -6.000000e+00
      vertex -1.428036e+01 -3.300000e+01  1.304229e+01
      vertex -1.496645e+01 -3.300000e+01  1.399974e+01
    endloop
  endfacet
  facet normal  -0.000000e+00 -1.000000e+00  0.000000e+00
    outer loop
      vertex -1.800000e+01 -3.300000e+01 -6.000000e+00
      vertex -1.496645e+01 -3.300000e+01  1.399974e+01
      vertex -1.558846e+01 -3.300000e+01  1.500000e+01
    endloop
  endfacet
  facet normal  -0.000000e+00 -1.000000e+00  0.000000e+00
    outer loop
      vertex -1.800000e+01 -3.300000e+01 -6.000000e+00
      vertex -1.558846e+01 -3.300000e+01  1.500000e+01
      vertex -1.614371e+01 -3.300000e+01  1.603880e+01
    endloop
  endfacet
  facet normal  -0.000000e+00 -1.000000e+00  0.000000e+00
    outer loop
      vertex -1.800000e+01 -3.300000e+01 -6.000000e+00
      vertex -1.614371e+01 -3.300000e+01  1.603880e+01
      vertex -1.662983e+01 -3.300000e+01  1.711170e+01
    endloop
  endfacet
  facet normal  -0.000000e+00 -1.000000e+00  0.000000e+00
    outer loop
      vertex -1.800000e+01 -3.300000e+01 -6.000000e+00
      vertex -1.662983e+01 -3.300000e+01  1.711170e+01
      vertex -1.704474e+01 -3.300000e+01  1.821409e+01
    endloop
  endfacet
  facet normal  -0.000000e+00 -1.000000e+00  0.000000e+00
    outer loop
      vertex -1.800000e+01 -3.300000e+01 -6.000000e+00
      vertex -1.704474e+01 -3.300000e+01  1.821409e+01
      vertex -1.738667e+01 -3.300000e+01  1.934126e+01
    endloop
  endfacet
  facet normal  -0.000000e+00 -1.000000e+00  0.000000e+00
    outer loop
      vertex -1.800000e+01 -3.300000e+01 -6.000000e+00
      vertex -1.738667e+01 -3.300000e+01  1.934126e+01
      vertex -1.765413e+01 -3.300000e+01  2.048837e+01
    endloop
  endfacet
  facet normal  -0.000000e+00 -1.000000e+00  0.000000e+00
    outer loop
      vertex -1.800000e+01 -3.300000e+01 -6.000000e+00
      vertex -1.765413e+01 -3.300000e+01  2.048837e+01
      vertex -1.784601e+01 -3.300000e+01  2.165053e+01
    endloop
  endfacet
  facet normal  -0.000000e+00 -1.000000e+00  0.000000e+00
    outer loop
      vertex -1.800000e+01 -3.300000e+01 -6.000000e+00
      vertex -1.784601e+01 -3.300000e+01  2.165053e+01
      vertex -1.796146e+01 -3.300000e+01  2.282274e+01
    endloop
  endfacet
  facet normal  -0.000000e+00 -1.000000e+00  0.000000e+00
    outer loop
      vertex -1.800000e+01 -3.300000e+01 -6.000000e+00
      vertex -1.796146e+01 -3.300000e+01  2.282274e+01
      vertex -1.800000e+01 -3.300000e+01  2.400000e+01
    endloop
  endfacet
  facet normal  0.000000e+00 -1.000000e+00  -0.000000e+00
    outer loop
      vertex  1.800000e+01 -3.300000e+01 -6.000000e+00
      vertex  1.800000e+01 -3.300000e+01  2.400000e+01
      vertex  1.796146e+01 -3.300000e+01  2.282274e+01
    endloop
  endfacet
  facet normal  0.000000e+00 -1.000000e+00  -0.000000e+00
    outer loop
      vertex  1.800000e+01 -3.300000e+01 -6.000000e+00
      vertex  1.796146e+01 -3.300000e+01  2.282274e+01
      vertex  1.784601e+01 -3.300000e+01  2.165053e+01
    endloop
  endfacet
  facet normal  0.000000e+00 -1.000000e+00  -0.000000e+00
    outer loop
      vertex  1.800000e+01 -3.300000e+01 -6.000000e+00
      vertex  1.784601e+01 -3.300000e+01  2.165053e+01
      vertex  1.765413e+01 -3.300000e+01  2.048837e+01
    endloop
  endfacet
  facet normal  0.000000e+00 -1.000000e+00  -0.000000e+00
    outer loop
      vertex  1.800000e+01 -3.300000e+01 -6.000000e+00
      vertex  1.765413e+01 -3.300000e+01  2.048837e+01
      vertex  1.738667e+01 -3.300000e+01  1.934126e+01
    endloop
  endfacet
  facet normal  0.000000e+00 -1.000000e+00  -0.000000e+00
    outer loop
      vertex  1.800000e+01 -3.300000e+01 -6.000000e+00
      vertex  1.738667e+01 -3.300000e+01  1.934126e+01
      vertex  1.704474e+01 -3.300000e+01  1.821409e+01
    endloop
  endfacet
  facet normal  0.000000e+00 -1.000000e+00  -0.000000e+00
    outer loop
      vertex  1.800000e+01 -3.300000e+01 -6.000000e+00
      vertex  1.704474e+01 -3.300000e+01  1.821409e+01
      vertex  1.662983e+01 -3.300000e+01  1.711170e+01
    endloop
  endfacet
  facet normal  0.000000e+00 -1.000000e+00  -0.000000e+00
    outer loop
      vertex  1.800000e+01 -3.300000e+01 -6.000000e+00
      vertex  1.662983e+01 -3.300000e+01  1.711170e+01
      vertex  1.614371e+01 -3.300000e+01  1.603880e+01
    endloop
  endfacet
  facet normal  0.000000e+00 -1.000000e+00  -0.000000e+00
    outer loop
      vertex  1.800000e+01 -3.300000e+01 -6.000000e+00
      vertex  1.614371e+01 -3.300000e+01  1.603880e+01
      vertex  1.558846e+01 -3.300000e+01  1.500000e+01
    endloop
  endfacet
  facet normal  0.000000e+00 -1.000000e+00  -0.000000e+00
    outer loop
      vertex  1.800000e+01 -3.300000e+01 -6.000000e+00
      vertex  1.558846e+01 -3.300000e+01  1.500000e+01
      vertex  1.496645e+01 -3.300000e+01  1.399974e+01
    endloop
  endfacet
  facet normal  0.000000e+00 -1.000000e+00  -0.000000e+00
    outer loop
      vertex  1.800000e+01 -3.300000e+01 -6.000000e+00
      vertex  1.496645e+01 -3.300000e+01  1.399974e+01
      vertex  1.428036e+01 -3.300000e+01  1.304229e+01
    endloop
  endfacet
  facet normal  0.000000e+00 -1.000000e+00  -0.000000e+00
    outer loop
      vertex  1.800000e+01 -3.300000e+01 -6.000000e+00
      vertex  1.428036e+01 -3.300000e+01  1.304229e+01
      vertex  1.353312e+01 -3.300000e+01  1.213177e+01
    endloop
  endfacet
  facet normal  0.000000e+00 -1.000000e+00  -0.000000e+00
    outer loop
      vertex  1.800000e+01 -3.300000e+01 -6.000000e+00
      vertex  1.353312e+01 -3.300000e+01  1.213177e+01
      vertex  1.272792e+01 -3.300000e+01  1.127208e+01
    endloop
  endfacet
  facet normal  0.000000e+00 -9.999999e-01  -0.000000e+00
    outer loop
      vertex  1.800000e+01 -3.300000e+01 -6.000000e+00
      vertex  1.272792e+01 -3.300000e+01  1.127208e+01
      vertex  1.186823e+01 -3.300000e+01  1.046688e+01
    endloop
  endfacet
  facet normal  0.000000e+00 -9.999999e-01  -0.000000e+00
    outer loop
      vertex  1.800000e+01 -3.300000e+01 -6.000000e+00
      vertex  1.186823e+01 -3.300000e+01  1.046688e+01
      vertex  1.095771e+01 -3.300000e+01  9.719640e+00
    endloop
  endfacet
  facet normal  0.000000e+00 -1.000000e+00  -0.000000e+00
    outer loop
      vertex  1.800000e+01 -3.300000e+01 -6.000000e+00
      vertex  1.095771e+01 -3.300000e+01  9.719640e+00
      vertex  1.000026e+01 -3.300000e+01  9.033547e+00
    endloop
  endfacet
  facet normal  0.000000e+00 -1.000000e+00  -0.000000e+00
    outer loop
      vertex  1.800000e+01 -3.300000e+01 -6.000000e+00
      vertex  1.000026e+01 -3.300000e+01  9.033547e+00
      vertex  9.000000e+00 -3.300000e+01  8.411543e+00
    endloop
  endfacet
  facet normal  0.000000e+00 -1.000000e+00  -0.000000e+00
    outer loop
      vertex  1.800000e+01 -3.300000e+01 -6.000000e+00
      vertex  9.000000e+00 -3.300000e+01  8.411543e+00
      vertex  7.961196e+00 -3.300000e+01  7.856291e+00
    endloop
  endfacet
  facet normal  0.000000e+00 -1.000000e+00  -0.000000e+00
    outer loop
      vertex  1.800000e+01 -3.300000e+01 -6.000000e+00
      vertex  7.961196e+00 -3.300000e+01  7.856291e+00
      vertex -1.800000e+01 -3.300000e+01 -6.000000e+00
    endloop
  endfacet
  facet normal  1.000000e+00  -0.000000e+00  0.000000e+00
    outer loop
      vertex  1.800000e+01 -2.700000e+01  2.400000e+01
      vertex  1.800000e+01 -3.300000e+01  2.400000e+01
      vertex  1.800000e+01 -2.700000e+01  0.000000e+00
    endloop
  endfacet
  facet normal  1.000000e+00  0.000000e+00  0.000000e+00
    outer loop
      vertex  1.800000e+01 -2.700000e+01  0.000000e+00
      vertex  1.800000e+01 -3.300000e+01  2.400000e+01
      vertex  1.800000e+01 -3.300000e+01 -6.000000e+00
    endloop
  endfacet
  facet normal  1.000000e+00  0.000000e+00  0.000000e+00
    outer loop
      vertex  1.800000e+01 -2.700000e+01  0.000000e+00
      vertex  1.800000e+01 -3.300000e+01 -6.000000e+00
      vertex  1.800000e+01  3.300000e+01  0.000000e+00
    endloop
  endfacet
  facet normal  1.000000e+00  0.000000e+00  0.000000e+00
    outer loop
      vertex  1.800000e+01  3.300000e+01  0.000000e+00
      vertex  1.800000e+01 -3.300000e+01 -6.000000e+00
      vertex  1.800000e+01  3.300000e+01 -6.000000e+00
    endloop
  endfacet
  facet normal -1.000000e+00  0.000000e+00  0.000000e+00
    outer loop
      vertex -1.800000e+01 -2.700000e+01  2.400000e+01
      vertex -1.800000e+01 -2.700000e+01  0.000000e+00
      vertex -1.800000e+01 -3.300000e+01  2.400000e+01
    endloop
  endfacet
  facet normal -1.000000e+00  0.000000e+00  0.000000e+00
    outer loop
      vertex -1.800000e+01 -3.300000e+01  2.400000e+01
      vertex -1.800000e+01 -2.700000e+01  0.000000e+00
      vertex -1.800000e+01 -3.300000e+01 -6.000000e+00
    endloop
  endfacet
  facet normal -1.000000e+00  -0.000000e+00  0.000000e+00
    outer loop
      vertex -1.800000e+01 -2.700000e+01  0.000000e+00
      vertex -1.800000e+01  3.300000e+01  0.000000e+00
      vertex -1.800000e+01 -3.300000e+01 -6.000000e+00
    endloop
  endfacet
  facet normal -1.000000e+00  0.000000e+00  0.000000e+00
    outer loop
      vertex -1.800000e+01 -3.300000e+01 -6.000000e+00
      vertex -1.800000e+01  3.300000e+01  0.000000e+00
      vertex -1.800000e+01  3.300000e+01 -6.000000e+00
    endloop
  endfacet
  facet normal  0.000000e+00  1.000000e+00  0.000000e+00
    outer loop
      vertex -1.800000e+01  3.300000e+01  0.000000e+00
      vertex  1.800000e+01  3.300000e+01  0.000000e+00
      vertex -1.800000e+01  3.300000e+01 -6.000000e+00
    endloop
  endfacet
  facet normal  0.000000e+00  1.000000e+00  0.000000e+00
    outer loop
      vertex -1.800000e+01  3.300000e+01 -6.000000e+00
      vertex  1.800000e+01  3.300000e+01  0.000000e+00
      vertex  1.800000e+01  3.300000e+01 -6.000000e+00
    endloop
  endfacet
endsolid CATIA STL
